0.000176977701119852 -0.230042549374452 0.973180555784072
0.000173456009754291 -0.229216231003375 0.973375513025482
7.3739850104763e-05 0.99511109082307 0.0987618928704497
-0.00012313664010398 -0.964669883100343 0.263461574952663
4.85973086029513e-05 0.819640843230013 0.572877723207575
-8.13394263125607e-05 -0.967381582429495 0.253323641534113
0.000108341363048378 0.955276488046475 0.295714084290454
-9.50106595047542e-05 -0.996885715854285 0.078859752083455
9.75165843762016e-05 0.996486215657877 0.0837568653565679
-9.71319060995052e-05 -0.974346885159981 0.225051411780587
-0.000229832704189207 -0.851738920647315 0.523966371279183
-0.000239139154202424 -0.849657096768529 0.527335529547687
0.000120152693653732 0.956428975399313 0.291965067396684
-0.000103018254631862 0.408157420820353 0.912911556075679
-8.84640795695485e-05 0.41963159890896 0.907694504429335
-8.82520639569459e-05 0.597584167970374 0.80180618256704
-0.000110032669978718 0.58035988913064 0.814360108908266
9.88160824461557e-05 0.954429219593019 0.298437355273169
6.74749711686613e-05 0.821669903398304 0.569963652610014
-3.2389354545554e-05 0.869225952395334 0.494415050977774
0.000129353004712583 0.905054962316338 0.425294601957716
0.000163335845424426 -0.00572399643332931 0.99998360445871
-7.29181437920464e-05 0.0414454452030323 0.999140765735673
8.75231159538108e-05 0.953436190400176 0.301594799648307
-4.31727044677827e-05 0.731469813301537 0.681873822906213
-0.000182154898006675 -0.299507250645366 0.954094006705024
8.95273807762656e-05 0.937866928663101 0.346995124036188
-0.000182472707555675 -0.965576407737091 0.260119525459443
-0.000181020758711139 -0.299207507151919 0.954188050069492
-0.000222100316640336 -0.953951189868128 0.299961794268258
0.000107859017019087 -0.168846960621028 0.985642273979497
-0.000110580904052019 -0.96246103806866 0.271419855522144
-0.000224147990122062 -0.954766079209131 0.297357837881064
-0.000207069825895115 -0.807376136105622 0.590037059826959
-0.000121323950135281 -0.967453592304443 0.253048477604052
-7.27404280264913e-05 -0.896239118689915 0.443571230851094
-2.27442652721747e-05 0.73489091405207 0.678185331547662
-0.000168095214568142 -0.668021030135098 0.744142375517778
-0.000122614039709861 -0.968355475310303 0.249574955479018
-0.000163524516578818 -0.720947505130106 0.692989659451286
-8.11953905779426e-05 -0.969178650761297 0.246358958261759
-0.000162357496923702 -0.868263808822936 0.496102743318691
3.95194399144469e-05 -0.506552085415526 0.862209361581858
-0.000156692997847645 -0.565725672925546 0.824593498907336
-0.0001638441329698 -0.495693468967921 0.868497529056732
8.43373127702271e-05 0.747915782924667 0.663793623454911
-8.26528392699593e-05 -0.832164082619067 0.554529469701362
2.03811931196336e-05 0.926821045349127 0.375503328191054
-0.000110206585400523 -0.966772216373989 0.25563933480948
0.000313134640076464 9.18403378368716e-06 0.999999950931174
-0.000114688144920474 -0.207914940521875 0.978146903258613
-0.000146172401715971 -0.981271606472373 0.192629211088966
-7.27486205161406e-05 0.208020445198402 0.978124475252049
-0.000143980077207741 -0.387204092464121 0.921994018445225
0.000122896327523866 0.809325498758556 0.587360385075218
7.7408438189082e-05 0.973845448468017 0.227211435685045
5.45362895723834e-05 0.74659186673795 0.665282332206813
5.60593221097894e-05 0.410542451602384 0.911841484189909
-4.75639680762038e-05 0.238267036035823 0.971199679404999
7.04168150986779e-05 0.411439812136704 0.911436929266302
0.000110299539723281 0.746774066784367 0.665077800721351
2.96893760382315e-05 0.672546530617637 0.740054838017238
8.19837663114874e-05 -0.437571554672486 0.89918358960791
-0.000126662000147338 -0.916147986715341 0.400840180613376
0.0001289198196697 0.951811017883845 0.306685131062137
-0.000128630845860509 -0.968142528647709 0.250399735778066
-3.41657672273733e-05 -0.549342727265976 0.835597131895916
1.98432477147043e-05 0.593918962036337 0.804524869808215
6.20541855070272e-05 0.746844919262773 0.66499824264479
0.000191943188980172 0.993572129576963 0.11320064701984
-4.31061472066363e-05 -0.895917552222751 0.444220370718244
5.911366207935e-05 0.865447058909144 0.501000383963014
-0.000181727364719719 -0.0921943092981023 0.99574101869322
4.35535740932455e-05 0.911789161163132 0.410658646187462
0.000268483427863577 -0.314760601981836 0.949171054845585
-9.24880234096023e-05 -0.840875990488383 0.541227826396745
-0.0002031586418753 -0.667595926944659 0.744523765271108
6.45336107034565e-05 0.311714602170974 0.95017577459584
3.62879737698051e-05 0.911898301202751 0.410416236212361
5.12029739546383e-05 0.310773800084812 0.950483899158266
-3.51949300916121e-05 -0.894800483368525 0.446466229097757
2.65379495557187e-05 0.594006992972135 0.804459875690478
1.89272051884234e-05 0.673020461165102 0.739623862848458
5.06458861113483e-05 0.912351347466437 0.40940812914642
-0.000120333738964953 -0.782026408535719 0.623245282270565
0.000143302229338635 0.953407821558106 0.301684446493844
3.93288919573e-05 0.865632360015571 0.50068015313882
-0.000151745296338383 -0.841900325610175 0.539633040788689
8.72681457613141e-05 0.911642508508016 0.410984098312189
-1.27473104470618e-05 -0.891101389668265 0.453804267464282
6.23233466204215e-05 0.501663528554294 0.865062830223479
-1.03970819113033e-05 -0.670507549693694 0.741902706354181
-9.29366449417544e-05 -0.557425585858169 0.830226901270644
5.21179998110962e-05 0.857482302206915 0.514513458216248
-0.00018923553701814 -0.914180596393369 0.405307045790935
-4.83151008154263e-06 -0.671381882556711 0.741111575777401
-0.000155595662373592 -0.914749119586465 0.404022306322036
-0.000104460457143738 0.670485962834784 0.741922208003997
2.91887501581573e-05 0.509650958870466 0.860381252277403
0.000102808978933556 0.863110442048534 0.505015202005938
1.39448253363812e-05 0.810417034281984 0.585853420533785
3.80948669573982e-05 0.587786206052644 0.80901630052986
5.20047014841945e-05 0.406738111540202 0.913544802358495
-0.000213593677384117 -0.807542471151874 0.589809385872814
5.33046566195301e-05 0.808992096702255 0.587819517055961
-0.000180725165045966 -0.783975114737379 0.620792225153415
4.60332547023628e-05 0.951056953171152 0.309015646376918
1.84795528245463e-05 0.809405720435056 0.587249844091519
-0.00014917799125527 -0.911523064719372 0.411248927330553
-8.27604536652413e-05 0.106531361639966 0.994309339259087
0.000101469945031071 0.809422455385556 0.587226769162874
-8.87801029406197e-05 -0.557555419317695 0.83013971505257
4.76226169324495e-05 0.808977688212544 0.587839346851139
-0.000111039459598729 -0.714175584835867 0.699966586127213
0.000109966475345405 -0.110484109721426 0.993877884554455
-0.000137312780273006 0.49844677162883 0.866920294489636
-0.000274438626198444 -0.951053695420199 0.309025554139174
2.16409569170242e-05 0.808317361833501 0.588747010260093
0.00016439193474533 0.865748688632228 0.500478951712128
6.409697592529e-05 0.743770015332228 0.668435606610147
2.6844582038809e-05 0.86602501378152 0.50000067478363
-0.000206002491789271 -0.808202101206039 0.58890518860774
-0.000108983317274742 -0.639452336773176 0.768830733723594
-0.000121747792579401 -0.714604715734952 0.699528473635523
-0.000136140633771618 0.30921984775061 0.950990571574092
7.98765629843041e-05 0.912010008512855 0.410167938766691
-0.000178798371805615 -0.783522775564853 0.621363040582791
-1.69196343597515e-05 -0.894668443742808 0.446730763978203
5.30423015165733e-05 0.501313668956232 0.865265625403064
-0.000114557428603609 -0.7822233989765 0.622998026457746
7.91495617974078e-06 0.809669907756082 0.586885542854491
-7.84667201206269e-05 -0.841445681720952 0.540341705364426
-0.000132157596990612 -0.866027423383182 0.499996484470298
9.47173245392482e-05 0.946956142531015 0.32136280922255
-0.000106909346157794 -0.781590447154428 0.623791921627182
0.000138610625804996 0.868472882338847 0.495736657338499
-0.000377446162733972 -0.951059505259252 0.309007564616824
-0.000224854794641262 -0.866021998193435 0.500005848051171
-9.12083347908854e-05 -0.928039446563404 0.3724819154044
5.45567246882553e-05 0.866026249194145 0.499998532728132
5.59539256912028e-05 0.671642269567593 0.740875602648144
0.000104078878085886 -0.587787873817643 0.809015083024119
6.76218004254548e-05 0.671818074889604 0.740716186996692
-4.0523916576696e-06 0.745814791366029 0.666153358441752
4.70734271358654e-05 0.743892857015919 0.668298896501248
4.76119466315616e-05 0.671696028074151 0.740826864795353
-0.000132050056381352 -0.782276217812886 0.622931698990466
-8.19859881751647e-05 -0.639012900814498 0.769196012646281
-0.000118666775306906 -0.892025840243349 0.451984387182061
0.000141937458589379 0.993050117347945 0.117692158995366
0.000102537794586868 0.863015653146358 0.505177168833237
1.3490731302369e-05 0.595313959454281 0.803493179496172
3.67270408152793e-05 0.743145513625445 0.669129841084298
-0.000116863983615037 -0.839930951382347 0.542693268110777
-0.000135301305196617 0.308885125616773 0.951099343321331
-0.000127672475438507 -0.714498141289633 0.699637327329952
2.33616328794212e-05 0.674885437266865 0.737922520336211
-0.000168223848668733 -0.841386468001217 0.540433884175645
-0.000260188129198608 -0.743150013812971 0.669124793496638
7.03553987405902e-05 0.671741430871823 0.740785694449072
-0.000163121201276658 -0.842714553207971 0.538360618176111
-0.000148878453715557 0.587788911603891 0.809014322018293
-0.00014234167319263 -0.78249935930391 0.622651373103616
5.79663267430821e-05 0.592519073269378 0.805556419161254
0.000236240830304652 -7.15135934304026e-06 0.999999972069564
-0.000123050716542063 -0.842281505414056 0.539037893376664
-7.31841438370903e-05 -0.841045815218953 0.540963890982354
3.60145638849764e-05 -0.894177113891157 0.447713399058183
3.63906926777669e-05 0.808713268708065 0.588203066713558
-4.26991514434411e-06 0.419607295707227 0.907705743823975
-8.69999581374962e-05 -0.470374060114909 0.882467130267198
0.000265719610255057 -0.207920621132758 0.97814566640192
1.02113206359217e-05 0.511039671754319 0.859557126541899
6.62923636462664e-05 0.592505208371185 0.805566616524258
2.15471570392217e-05 0.324030180556157 0.946046743889785
-9.66051348888447e-05 -0.78153894237596 0.623856451611518
-0.000172690406512074 0.406741676332247 0.913543200353687
-0.000268646514274735 -0.406743969940825 0.913542155976301
-0.000117093688420347 -0.743142276067139 0.669133427509656
-9.82974079945606e-05 -0.71372223330278 0.700428842943315
-9.15233166526196e-05 -0.281334329855853 0.959609809489274
5.81749439812696e-05 0.207913365052726 0.978147243132714
5.84855571415564e-05 0.506791305986524 0.862068772637029
2.77862637522267e-05 0.863775158485855 0.503877440267631
-7.5990877156546e-05 -0.377105314233939 0.926170381842298
2.52179687289467e-05 0.506612889538066 0.862173636524538
3.31229555881082e-05 0.593221601547477 0.80503921044898
2.10154947126518e-05 0.910486458499558 0.413538883839576
-5.70698110146948e-05 0.743145978170379 0.669129323727654
-0.000123019407905422 -0.926956277283355 0.37516935492016
-0.000176171737142548 -0.932738022221107 0.360554782060337
2.02697358369979e-05 0.416503003458584 0.909134339742547
-8.26222719592531e-05 -0.638808665152749 0.769365636416992
1.39464248138512e-05 0.323867836554426 0.946102332864185
4.01733246330351e-05 0.66985264829479 0.742494059207588
-0.000112727410056771 -0.639379131992755 0.76889161321003
-0.000146732057588754 0.20791626409404 0.97814661763709
6.31095142722855e-06 0.745936451215141 0.666017124936539
0.000164904950410225 0.0211687265775366 0.999775903801168
1.48326564826423e-05 0.417937400183613 0.908475827585828
-4.51903342891581e-05 -0.0803422558082252 0.99676733488286
1.04583334296731e-05 0.41973939036515 0.907644668395356
-0.000171296961872341 -0.717394401553551 0.696667239991212
-0.000103793932765216 -0.839693925629279 0.543059941892338
-0.000115058674785648 -0.558287669234602 0.829647434240652
-5.96343407997156e-05 -0.180916161426468 0.983498520069277
1.77452129818202e-05 0.507778321516544 0.861487768852784
7.46842420292161e-06 0.325479210274224 0.945549196828748
-0.000131513707949409 -0.64036494380175 0.768070778935071
-3.78664791025757e-05 0.747176849040157 0.664625273988698
2.07478144118023e-05 0.808961853006469 0.587861140023619
-4.59592094287647e-05 -0.0800258147687407 0.996792790332249
-0.000113981288099637 -0.891859718510199 0.452312093036627
6.87271994050385e-06 0.507889615633454 0.861422160316571
0.000165974230976691 0.0216553100600405 0.99976548250015
1.55038804924302e-05 0.322097623092362 0.946706459763469
-7.03686955860177e-06 0.224474376064541 0.974479991811488
-8.24036745273789e-05 -0.781254997805305 0.624212000536571
-0.000175138640900665 -0.715500008728088 0.698612701599793
1.73844536816134e-05 0.416313044108476 0.909221342140028
-8.66629107529935e-05 -0.470150233530562 0.882586398264044
4.2464240358717e-05 0.590118847900159 0.807316383798679
-0.000149466439813991 -0.961767296343056 0.273867934130216
-8.9754205726871e-05 -0.838794220703942 0.544448571729093
2.30793221445793e-05 0.910566904636852 0.413361720104083
3.21567738947487e-05 0.863970623729713 0.50354221302492
-2.08489557545971e-05 0.124473454834635 0.992222937956411
-0.000151303855699349 -0.641788097600001 0.76688200845118
4.08403558949487e-06 0.673644138407039 0.739055867152922
-9.7777742903817e-05 -0.469230514546031 0.883075712868597
3.80770037548652e-05 0.592944601103348 0.805243254285643
3.1861426783041e-05 0.809194212672645 0.587541254008558
-1.05226582847532e-05 0.122588734254091 0.992457556837195
1.10428761026114e-05 0.222718491209021 0.974882799905523
-0.00012281942303264 -0.379027746984027 0.925385299176295
-6.19689757653596e-05 -0.556612094459682 0.830772515470422
-9.37986569575117e-05 -0.714297616988779 0.699842057585827
-1.79683304329395e-05 -0.179272934671375 0.983799377196109
-0.000162482913595011 -0.715804251268215 0.698300971978167
-0.000210097720666563 -0.787149576695967 0.616762109541684
2.74853234389232e-05 0.673619939404579 0.739077923145542
-6.29912469282672e-06 -0.897306972719519 0.441407064589198
1.12220463863028e-05 0.226176234993702 0.974086397912495
-9.2644330903459e-05 -0.889697295480274 0.456550888545968
-0.000124363288881109 -0.471307210864231 0.881969102361954
1.27353484666977e-05 0.509665743503825 0.860372494758232
0.000164668597446161 0.023039575898113 0.999734540178886
5.23594373983899e-05 0.505020248793254 0.863107493634072
-1.74740966569531e-05 0.226015417591983 0.974123724536764
-0.000122802352420339 -0.471086651003452 0.88208693005051
-9.52443108600142e-05 -0.829706036848112 0.558200576268353
2.98397163842537e-05 0.320468716664627 0.947259099058393
1.81589894169211e-06 0.321851403697006 0.946790195309906
-0.00012732021097031 -0.283280957077008 0.959036956090378
-0.000105947610191131 -0.0819127879090886 0.99663949548072
6.71006711868777e-05 0.318476395523368 0.94793078913597
-5.04828259287862e-06 0.674723507837425 0.738070584663876
-8.34495961794304e-05 -0.377346463865785 0.926072156607763
-0.000140888440391096 -0.640166693739655 0.768236021270082
4.62891311761157e-05 0.669847407119628 0.742498787226234
5.11426812179938e-05 0.504669175435184 0.863312817436413
-0.000105810006993996 -0.0814755685021542 0.996675333567302
-0.000119509168367086 -0.558082901457147 0.829785189563378
-0.000154931889963248 -0.641550727868643 0.767080595222773
-7.22079701580687e-06 0.224222754179049 0.974537919455278
-0.000130136766713578 -0.378248239371081 0.925704192751172
-8.17211688607532e-05 -0.751928226675155 0.659244973625743
0.000136718473085946 0.99624293297943 0.0866025392041258
-0.000108284686773787 -0.378466825483159 0.92561484986096
-8.17993581798463e-06 0.124233894949259 0.992252961335377
1.09719159031705e-05 0.595468464367516 0.803378682704121
-6.99931644838413e-05 -0.182584630939699 0.983190138094138
-0.000129369438021858 -0.379194897595022 0.92531681758274
-9.80603861477693e-05 -0.713786696684786 0.700363150101418
4.18478001804021e-05 0.414929997696569 0.909853337225449
3.45428612705553e-06 0.325198906984172 0.945645637056698
5.82308216349802e-06 0.223070385083972 0.974802340612998
1.57690013510786e-05 0.417818208953726 0.908530651116427
4.12576721061615e-05 -0.368618660998594 0.929580701747518
0.000179718233475604 0.0203484559034175 0.999792932583394
4.89241653651027e-05 0.744968836985395 0.667099265122555
-8.85950811450841e-07 0.123018829373645 0.992404336759344
-0.000155223779746875 -0.18422134099796 0.982884771184543
-0.000131369965863258 -0.559348701979111 0.828932453422
-1.68747543987348e-05 -0.179123874170489 0.983826528112247
-0.000148335848319719 -0.472434003314053 0.88136603662107
-0.000135459803549452 -0.282957676792896 0.95913238647989
-0.000156730830192795 -0.0835657450665148 0.996502253728974
0.000135360873581372 0.995774920849687 0.0918274941628816
-9.95050078686377e-05 -0.469368604460021 0.883002323465803
-9.13071972860709e-05 -0.281083742665733 0.959683240070399
-0.000144498610292177 -0.559107912522019 0.829094880743708
-9.50984537959548e-05 -0.996242937785419 0.086602539621896
7.97521012162465e-05 0.92948972276724 0.368848002447731
0.000112858280463676 0.995422420208129 0.0955729700804595
-0.000103420244958056 0.0434473081855159 0.999055714520309
-2.02952243388292e-06 -0.0760785221235828 0.997101829537672
-5.08581899818852e-05 -0.181139313132657 0.983457445267091
1.7465096486238e-05 -0.27836415627091 0.960475609372021
1.47836089632134e-05 -0.170272303918728 0.985397048046955
5.22643072376213e-05 0.415238502019681 0.909712583022184
-6.6875988015638e-05 -0.556698295897705 0.830714754216027
-5.79923168210265e-05 -0.279810817908433 0.960055156133389
-0.000122759315406608 -0.996126224775188 0.0879348011044692
-6.69118410423054e-05 -0.466606303018221 0.884465122832141
-0.000158754746097977 -0.187355568512166 0.982292148876501
-4.54683379957593e-05 0.747014348993458 0.664807912355524
-5.45396727580798e-06 0.869249318845092 0.49437396943771
-5.12766849633198e-05 -0.375902273181691 0.926659310851372
-3.56683131390463e-05 -0.376017154185075 0.926612701448847
-0.000174341159978058 -0.717194554044625 0.696872973542447
2.85997880871269e-05 -0.368712713832071 0.929543400729972
-4.02233329730743e-05 -0.279992967872122 0.960002050166688
8.88175818644867e-06 -0.0761942558600836 0.997092992300639
5.23637732798337e-05 0.320753200347177 0.94716280634592
-0.00016555037929841 -0.183813078390229 0.982961202085708
2.86601383154553e-05 -0.278503512728431 0.960435209983746
0.00011942970459988 0.996452129273492 0.0841613914028868
4.48476716173554e-05 0.590308350707394 0.807177829894877
-9.35916431899654e-05 -0.996454200151698 0.0841369017770672
-0.000212778305377224 -0.0833632967796609 0.996519199752528
3.93614314394501e-05 0.808773180255769 0.588120686041264
0.000108911325145754 0.997165351755183 0.0752412745591538
-8.61495575872199e-06 0.510768188810019 0.859718475563667
-0.000147228251821485 -0.0825717864691328 0.996585108459452
-9.97455307390496e-05 -0.78233058779668 0.622863421183593
-3.22020437797509e-05 -0.637932680400183 0.770092133605107
-2.0939031134001e-05 0.42135301130248 0.906896708246253
-7.37267945768782e-05 0.597830807600175 0.801622305109134
-1.53062778831588e-05 0.596852741508858 0.802350799039347
-6.6682007365435e-05 -0.46909414142864 0.883148165389498
0.000181795273292252 0.0199557036301105 0.999800848590911
-1.13999277899143e-06 0.125941343103501 0.992037689856583
-0.000162597487002167 -0.996262004415559 0.086382823060779
-0.000151498902917392 -0.642901399713734 0.765948932562873
3.91896698584462e-05 0.808690087791781 0.588234936374482
-8.4881437729252e-05 -0.996123609363152 0.0879644681929461
0.000120860440961483 0.996724219249914 0.0808753123851935
-0.000141810838587463 -0.380491294531695 0.924784490935743
-1.22275007125323e-05 -0.0786950874717371 0.996898732599407
-9.35088662434259e-05 -0.18228063226096 0.983246542001871
-1.82784323596342e-05 0.672380681771412 0.740205524463652
-0.000177889753480846 -0.642639000362247 0.766169095936822
4.87706347470243e-05 0.744886548256469 0.667191147908894
-0.000137249713403715 -0.380176621768796 0.924913897302328
-0.000146460543020922 -0.472192939966032 0.881495210421216
-1.7746081995473e-05 -0.078517120076695 0.996912765260802
-3.18504103679597e-05 0.672861772768452 0.739768229739861
-1.12569665408505e-05 0.126094860927104 0.992018188301533
-0.000192187726496311 -0.587790015407964 0.809013510919677
-0.00015254055144781 -0.560739430560706 0.827992311405025
0.00011788779244025 0.996822822768276 0.0796507759582669
-0.000182993503609059 -0.996242925609882 0.0866025385634871
-8.28538286873228e-05 -0.996261553719993 0.0863881341080398
-9.02824773353399e-05 -0.996188370854623 0.0872279864669928
-3.29426920078717e-05 0.596565917533734 0.802564081523658
-0.000146550221102178 -0.284218572679674 0.958759501369849
-0.000158122935407303 -0.560436466397788 0.828197405289765
-0.000137266940694532 -0.183539868526956 0.983012257206844
-0.00011634120107294 -0.282618687176754 0.959232330628619
0.000121638333324314 0.995893749130544 0.0905296948344845
0.000372755567982319 0.0250902918993246 0.999685119578007
6.88542590441761e-05 0.913857187899632 0.406035756286645
0.000170430093670513 0.0228433606863019 0.999739041863495
-0.000131335987192227 -0.182980416036395 0.983116549600304
-0.000162962682515311 -0.0820441787273507 0.996628680191434
-0.000124372888061488 -0.282307775084998 0.959323878915741
-0.000136048358651867 -0.996194120052885 0.0871622433333476
-0.000155515394093316 -0.284648819843172 0.95863185070018
-3.05053213593533e-05 0.420946201123816 0.907085605016888
0.000119280021119627 0.996581538797924 0.0826149036157498
8.47210759100492e-05 0.936391286299792 0.350957763504614
6.61705412130149e-05 0.0249496311031021 0.999688707313071
-5.68846743007533e-06 0.22799535041297 0.97366222077151
-0.000145354513159732 -0.473763074506269 0.880652331006074
1.0098642089808e-05 0.121398036965378 0.992603907164872
3.72836846228983e-05 0.216342181300406 0.976317601603141
-3.51399765965636e-05 0.227730420024882 0.973724218945217
-0.000182799386226352 -0.186784290697944 0.982400934106259
1.3834873065519e-06 0.130898226723568 0.991395811085921
3.52655553478674e-05 0.128609057043311 0.991695371171395
2.81311163293618e-05 0.221303783374614 0.975204919323484
-0.000229756033213961 -0.786671439702376 0.617371843517953
7.93752410690838e-06 0.110690649723937 0.993854908928204
-4.45729593571393e-05 -0.969987540606879 0.24315461969839
-4.48101733033772e-05 0.51160481664272 0.859220873570945
-0.000162793518761335 -0.996252913796358 0.0864876017157185
0.000114473276234479 0.99677536167044 0.0802425402304357
2.58357169554099e-05 0.121795897743581 0.992555166540052
-6.3839304215758e-05 0.512892176496156 0.858453033784364
-0.000164892429351281 -0.721320635912113 0.692601265532941
0.000148001740510475 0.0195953191892964 0.999807982345287
-0.000171846674436318 -0.496861295874109 0.867829950584227
-8.98553270191166e-05 -0.996418251227221 0.0845615784343413
-0.000177753922359294 -0.931376812427131 0.3640565913105
0.000119251126917763 0.0192474177682841 0.999814744184352
-5.97584685537131e-05 0.328951642505809 0.944346765400113
-0.000165623604597354 -0.56667923546704 0.823938478685947
4.01891297436962e-05 0.221725416934172 0.975109141517093
-0.000160511258944176 -0.386058859228181 0.922474135923372
-6.90604948301136e-05 -0.705490242192325 0.70871962961531
4.96209110445801e-05 0.317895961110241 0.948125601092788
-8.34330684277007e-05 -0.996311557660579 0.0858095164353778
-0.000115894056002526 -0.473374095743085 0.880861482895004
-8.22891428738462e-05 -0.996390910207997 0.0848831389816385
1.41926227208991e-05 0.95105639514232 0.309017366918859
3.88700412958529e-06 0.110786995927551 0.993844173660157
-0.000101293193836298 -0.899003869674513 0.437940671838024
2.31890541712681e-05 0.119723098980322 0.992807322209509
0.000130410870273749 0.945680644876002 0.325097063813124
6.0294798913697e-05 0.912804593311779 0.408396585188289
0.000110806768588264 0.967924498365195 0.251241225093227
-0.000138438111729486 -0.890882736174135 0.454233344462707
-0.000192280650124236 -0.969611596982084 0.244649369559792
0.000105988537764603 0.973805685435026 0.227381784188727
-1.47303147853344e-05 -0.609144035111209 0.793059609532255
-0.000204984080787802 -0.996935113180229 0.0782325896915836
-9.45747318150225e-05 -0.995401335641461 0.0957923382051837
6.37273854699009e-05 0.975203204410733 0.221311332845517
7.05947556686846e-05 0.93696960386813 0.349410870528636
0.000141149239302532 0.97085846920863 0.239653526664573
3.1819399767757e-05 0.215945166065141 0.976405491709579
3.85815594002584e-05 0.119996647384259 0.992774296166053
2.73974871905886e-05 0.86004918486425 0.51021113165406
-0.999614215822053 -0.00297742362950586 0.0276143889121843
-0.99999999985809 1.67966426908049e-05 1.30116332382458e-06
4.34788854889603e-05 0.86119036584681 0.508282551227391
-7.71890371289886e-05 -0.753190695575784 0.657802227223289
6.96283701679945e-05 0.016151692918236 0.999869550475343
7.8403691224494e-05 0.911520967392911 0.41125359555383
-1.55206706307995e-05 0.727423259093188 0.686189042385081
-0.000158850179467927 -0.923517290527545 0.38355676094065
-0.000158401236957125 0.411837583720393 0.911257252121703
7.0188407420427e-05 0.0161889508104456 0.999868947885294
4.69067916487853e-05 0.923937342531227 0.382543833927678
-1.80776147744543e-05 0.201521534758754 0.979484083945051
0.000132635769896293 0.996624169023217 0.0820990141629854
8.28109803377961e-05 -0.502967471741471 0.864305336968559
0.000129643216322151 0.996183656292576 0.0872817628613856
2.36352058468135e-05 0.971391984892708 0.237481812203762
0.000256368501846411 -0.31366227528421 0.949534576168095
-0.000180321672450973 -0.93422522453227 0.356683609564167
6.50434322884861e-05 0.910888362626237 0.412652864525916
0.000147926698439929 0.971653205334231 0.236410716088352
2.34166620766141e-05 0.9958399152751 0.0911200449766258
-0.000138356890093785 -0.0920985926680172 0.995749883296976
-0.00020874097969244 -0.996605563002789 0.0823244084041805
4.00256199797856e-07 0.915762833000404 0.401719346926326
-0.000109820332600547 -0.995726814843277 0.0923477024162295
-0.000117053426039182 -0.923084086592481 0.384598173914308
-9.19063663619392e-05 -0.996855243862151 0.0792440176779978
-3.81103010087402e-05 -0.55114262518166 0.834411052932231
-0.000247602190478173 -0.994521101538469 0.104535722544332
-8.48396388106355e-05 -0.704997729838866 0.709209555578801
9.74741411842058e-05 -0.994521575000745 0.104531465869515
-8.77107149277567e-05 -0.997136581756888 0.0756216214387121
8.17002246163298e-05 0.974812499054664 0.223025973850299
-0.000180603085392688 -0.997334382393285 0.0729664106197547
0.000109958774093201 0.997042943311256 0.0768463213322267
-0.000163006851533391 -0.981177734326402 0.193106776398124
-0.000101470924681748 -0.996914424317558 0.0784959890137318
-0.000109703952274069 -0.923460389985517 0.383693753002103
7.10905066947283e-05 0.974342246987819 0.225071501263194
-3.71679137742838e-05 0.243892022040487 0.969802392347817
9.62221516551515e-05 0.913329719037977 0.407220843110108
-0.000167196882521583 -0.974450264204848 0.224603327304616
0.000167326799316562 0.996487309022754 0.083743745786374
0.000101631787241266 0.907588145732584 0.419861581234422
-9.83231890441537e-05 0.41642771726915 0.909168821849141
0.000102775025299302 0.997385085357096 0.0722701940257021
9.88581513653484e-05 0.997384121314848 0.0722835027933352
-0.000164408744678882 -0.996995128175121 0.0774641037180317
7.04889633487694e-05 0.926941549216858 0.375205756041612
2.11922714909919e-05 0.809143684358616 0.587610838577244
0.000224554372735486 0.994521119137944 0.104535607158253
-5.17305376225885e-05 -0.997064640218491 0.0765643556096591
0.000116773050064084 0.99738393945031 0.0722859854372595
0.000108832605230774 0.971363339503939 0.237598928497627
0.000104899855784019 0.910078955125437 0.414434897702658
0.00014304252123892 0.968646138407839 0.248444436617965
4.97482665120395e-05 0.970611223541896 0.240652966446734
-8.57980107973681e-05 -0.968053472076056 0.250743829116878
7.29586540081253e-05 0.997620528131159 0.068944010097634
0.000125875330476725 0.997018438426533 0.0771635768541068
5.77454626304944e-05 0.857566030763913 0.514373890808319
-0.000230798413115923 -0.912351827262784 0.409406998013409
-0.00015860271451906 -0.870396199456932 0.492351937963188
-0.000104593786973139 0.668676025213183 0.743553873209761
-9.95161443304118e-05 0.577130060783445 0.816652241187541
-0.000194535343488391 -0.809708220664324 0.586832650373694
0.00018106595603534 0.97517483122296 0.2214362566618
-9.76819536341699e-05 -0.971166319759555 0.238402956825031
-0.000100893437193322 0.500746115531595 0.865594199149077
0.000487295130206202 -0.00665225579394079 0.999977754770729
-9.27343934836759e-05 0.103627066771835 0.99461621866557
8.53532790850168e-06 -0.103416506926731 0.994638138230292
-3.17834490856146e-05 -0.638534790893667 0.769592957223618
9.94535402063288e-05 0.997398163711456 0.0720894800509014
2.07119800772403e-05 0.827879386629337 0.560906160391599
0.00020439383261605 -0.406742942252222 0.913542630177249
-9.30844912342904e-05 -0.996677306205903 0.0814514495231461
8.6554635358802e-05 0.975919950089716 0.218128960766747
-0.000206021897730058 -0.966706902216728 0.255886151953394
-0.000126398997987936 -0.970438839365308 0.241347142254902
0.000110290576747458 0.975871452889082 0.21834581578803
-7.53146139260537e-05 0.328497707057158 0.944504764829643
-7.700831989307e-06 -0.607543771577749 0.794286198770809
9.33295408188871e-05 0.971700195737074 0.236217528761372
-0.000165805910863908 -0.962196085221318 0.272357607004413
0.000101822444554794 0.99658361976314 0.0825898205106838
7.82177834888823e-05 -0.439280198404425 0.898350099444391
0.000144329317905316 0.97195004507748 0.235187348815648
7.28576010911493e-07 0.974983220821963 0.222278472001
-8.97880366796468e-05 -0.970926500742811 0.239377781118943
-9.88935004994047e-05 -0.996603050189106 0.0823550276173042
-0.000105728614430572 -0.964050454481927 0.265719231585992
-0.000166980164265387 -0.925178238765281 0.379532868975531
-0.000114424272601821 -0.925484414294337 0.378785672650581
-7.1948623594669e-07 0.972554595265504 0.232674792849234
-0.000267740667974329 -0.975545523163766 0.219797316976503
-0.000114213930394187 -0.973405169013797 0.229090296373284
0.000110344991219915 0.997561581759429 0.0697916787418705
-9.98963501146523e-05 -0.924400058600471 0.381424332837018
7.26259755179034e-05 0.972967139460879 0.230943586736634
8.04774039109214e-05 0.93843421812005 0.34545797397773
-0.000183183251458071 -0.935073665555436 0.354453391052501
0.000205121498460627 0.975809498303852 0.218622462123993
-5.30251869634238e-05 -0.996577453815748 0.0826642349172294
-0.000286715803909305 -0.968301740720002 0.2497832194377
-0.000195420088557206 -0.997208025730858 0.0746733903673402
-0.000139457051076555 -0.998360232230012 0.057243578271863
0.000108779917505092 0.997192113417129 0.0748857603661057
-3.07382449658809e-05 0.736204788090035 0.676758826354313
0.000163448749471083 0.996994688664225 0.0774697622290835
0.000132668500030092 0.968694752945659 0.24825482475597
1.46933164952289e-05 0.828535296867826 0.559936837177417
0.00012267441446959 0.975806119083059 0.21863760635135
-0.000203255308276462 -0.973627205022825 0.22814474424523
-0.000140280985582839 -0.972520666368523 0.232816523913936
-0.000184366046022052 -0.975221767009966 0.221229453642864
-0.000109203137096623 -0.917832603066657 0.396967631958274
0.000176511319298212 0.973417930174581 0.229036027861093
0.999999983106977 0.000173179650513307 6.1602382563006e-05
0.000228961313347534 -0.942167622237642 -0.33514193886141
0.000184043875674007 -0.942167630976781 -0.335141941970042
0.000188049346476944 -0.942167618497579 -0.335141974828645
0.000186062706433181 -0.942167630624796 -0.335141941844836
0.000228030890783498 -0.942167610660849 -0.335141972041013
0.000183877094344855 -0.942167619228593 -0.335141975088677
0.99999998492617 0.000163589337944981 5.819097005873e-05
0.000174719241641846 -0.942167632552715 -0.335141942530623
0.00018142818177282 -0.942167619650025 -0.335141975238586
0.000184833853612512 -0.94216761906241 -0.335141975029563
0.000167828895506935 -0.942167633664602 -0.335141942926137
0.000227796825521901 -0.94216761659858 -0.335141955507749
0.999999982463678 0.000176441515826331 6.27776694055882e-05
0.000186773683872896 -0.94216762461049 -0.33514195835708
0.000177264706200621 -0.942167626242933 -0.335141958932302
0.000182882312751071 -0.94216762528988 -0.335141958593203
0.999999984896181 0.000163756719120898 5.82355130793458e-05
0.000228086481373207 -0.942167616538533 -0.335141955479551
0.000176948725926861 -0.942167626293981 -0.335141958955773
0.000181273103831504 -0.942167625565928 -0.335141958691422
0.000184558824273777 -0.942167624997943 -0.335141958494869
0.000166023643180021 -0.942167628059185 -0.335141959583517
0.000167375385086359 -0.942167627848461 -0.335141959503558
0.000261514176752544 -0 -0.999999965805167
0.00025935199520023 -0 -0.999999966368271
0.000271775109435407 -0 -0.999999963069144
0.000266672451811539 -0 -0.999999964442901
0.000262503124809629 -0 -0.999999965546054
0.000256332531299121 -0 -0.999999967146816
0.000253394994665848 -0 -0.999999967895488
0.000300808144629696 -0 -0.999999954757229
0.000278504525453261 -0 -0.999999961217614
0.000271725370994666 -0 -0.999999963082661
0.000288923433564173 -0 -0.999999958261624
0.000289608071985906 -0 -0.999999958063581
0.00028511397545877 -0 -0.99999995935501
0.000291539110892145 -0 -0.999999957502473
0.000302829900264282 -0 -0.999999954147025
0.000271418150994352 -0 -0.999999963166093
0.000268849272576445 -0 -0.999999963860034
0.000305717698508605 -0 -0.999999953268343
-0.99999996921685 -0 -0.00024812557203571
0.000271239657221872 -0 -0.999999963214524
0.000270104433335832 -0 -0.999999963521797
0.000291673716090838 -0 -0.999999957463221
-0.999999968680212 -0 -0.000250278993354436
0.000272064750723988 -0 -0.999999962990385
0.000302326665970969 -0 -0.999999954299292
0.000272860594879207 -0 -0.999999962773547
0.000273518894346612 -0 -0.999999962593706
0.000263351617794779 -0 -0.999999965322962
0.000285514822466705 -0 -0.999999959240642
0.000286781712050885 -0 -0.999999958878124
0.000276956754824821 -0 -0.999999961647477
0.000263793413895074 -0 -0.999999965206517
0.000256405669217848 -0 -0.999999967128066
0.000266988432065061 -0 -0.999999964358588
0.000241203008304472 -0 -0.999999970910554
0.00026085002740948 -0 -0.999999965978631
0.000273489645000285 -0 -0.999999962601706
0.000256944031820434 -0 -0.999999966989882
0.000265089552848507 -0 -0.999999964863764
0.000283613032896511 -0 -0.999999959781823
0.000275918068338712 -0 -0.999999961934609
0.000245267023173036 -0 -0.999999969922043
0.000242153903121759 -0 -0.999999970680743
0.000287287885807634 -0 -0.999999958732834
0.000255173907922316 -0 -0.999999967443138
0.000279625110106434 -0 -0.999999960904898
0.000276090712241254 -0 -0.999999961886958
0.000251621931276341 -0 -0.999999968343201
0.000285614299347038 -0 -0.999999959212235
0.000258243110267401 -0 -0.999999966655247
0.000267553104523078 -0 -0.999999964207668
0.000287612655411448 -0 -0.999999958639479
0.000271617104757353 -0 -0.999999963112074
0.000254509729472165 -0 -0.999999967612398
-0.999999967092797 -0 -0.000256543184803188
-0.000306744685290682 0 0.999999952953848
-0.999999969184901 -0 -0.000248254298265926
0.000250238015165002 -0 -0.999999968690467
-0.999999968040636 0 -0.000252821532845636
0.000302399803891237 -0 -0.999999954277178
-0.999999969529677 -0 -0.000246861592795108
0.000261063620399384 -0 -0.999999965922892
0.000292402243081631 -0 -0.999999957250463
0.000277407340276025 -0 -0.999999961522583
0.000241290785449467 -0 -0.999999970889378
0.000261701430778479 -0 -0.99999996575618
0.000273750036942139 -0 -0.999999962530458
0.999999973758203 -0 0.000229092978215652
0.000267307351805065 -0 -0.999999964273389
0.000275909308086745 -0 -0.999999961937026
0.000259112092349957 -0 -0.999999966430461
0.000273194124738948 -0 -0.999999962682485
0.000241609705195723 -0 -0.999999970812375
-0.999999966907886 -0 -0.000257262951562957
-0.000304286983421547 0 0.999999953704715
-0.999999969184172 0 -0.00024825723775253
0.000284520024559082 -0 -0.999999959524177
0.00027853086441676 -0 -0.999999961210278
0.000239655237631159 -0 -0.999999971282683
0.000299950891368519 -0 -0.99999995501473
0.000255864396232279 -0 -0.999999967266705
0.000275912218469458 -0 -0.999999961936223
0.000271883346568879 -0 -0.999999963039722
0.000276380353528807 -0 -0.999999961806949
0.000234382890013328 -0 -0.99999997253233
0.000265241707658088 -0 -0.999999964823418
0.000251262062446872 -0 -0.999999968433687
0.000250369680881615 -0 -0.999999968657511
0.000256104328186981 -0 -0.999999967205286
0.000299356940441155 -0 -0.99999995519271
0.000253008786872828 -0 -0.999999967993276
0.000288586935118517 -0 -0.99999995835879
0.000280900789052712 -0 -0.999999960547373
0.000269130153613698 -0 -0.999999963784479
0.00025881948246798 -0 -0.999999966506237
0.000263170213638401 -0 -0.999999965370719
-0 -0.000338864513483701 -0.999999942585419
-0 -0.000264715044797611 -0.999999964962972
-0 -0.000327374759004691 -0.999999946412882
-0 -0.000308084712846317 -0.999999952541904
-0 -0.000328910800811995 -0.999999945908841
-0 -0.00026503690402476 -0.999999964877719
0 0.999999959956721 -0.000282995682519187
-0 -0.000308921506110024 -0.99999995228375
-0 -0.000306045407613088 -0.999999953168103
-0 -0.000309559316501009 -0.999999952086514
-0 -0.00030857039752867 -0.999999952392154
-0 -0.000309603205073644 -0.999999952072927
-0 -0.00026264355077706 -0.999999965509182
-0 -0.00030724206971252 -0.999999952801154
-0 -0.000287732592281872 -0.999999958604977
-0 -0.000300904711131797 -0.999999954728176
-0 0.999999953499722 -0.000304959922135809
-0 -0.000287235207881027 -0.999999958747967
-0 -0.000300430726185 -0.999999954870688
-0 -0.000309231636501416 -0.999999952187896
-0 -0.000316300461538294 -0.999999949977008
-0 0.999999960998927 -0.00027928864076194
-0 -0.000309161408964409 -0.99999995220961
0 0.999999962536863 -0.000273726637465082
0 0.999999959606544 -0.000284230383273511
-0 -0.000268969209448748 -0.999999963827781
-0 -0.000308105201941262 -0.999999952535591
0 0.999999960766509 -0.000280119584127797
-0 -0.000303061042867727 -0.999999954077001
0 0.999999953453318 -0.000305112047845442
0 0.99999995899635 -0.000286369165304982
-0 -0.00031255832045391 -0.999999951153647
-0 -0.00029536902896637 -0.999999956378567
0 0.999999963251017 -0.000271105081124684
-0 -0.000278156356369965 -0.99999996131452
0 0.999999961163004 -0.000278700539728565
-0 -0.000348704080845657 -0.99999993920273
-0 -0.000262596751822527 -0.999999965521473
0 0.999999962509629 -0.000273826114346399
-0 -0.000286152661936826 -0.999999959058326
-0 -0.000289804086259355 -0.999999958006795
0 0.999999956302482 -0.000295626510520696
-0 -0.000253371595188415 -0.999999967901417
-0 -0.000323875431193884 -0.999999947552351
-0 -0.000255715180908172 -0.999999967304873
0 0.99999995842462 -0.000288358732012392
0 0.999999957793691 -0.000290538492224346
-0 -0.000301302618671405 -0.999999954608365
-0 -0.000298792250155332 -0.999999955361595
0 0.99999996229461 -0.000274610229658121
0 0.000263696876499522 0.999999965231978
-0 -0.000305351979804498 -0.999999953380083
-0 -0.000292844039171219 -0.999999957121184
-0 -0.000290038168338206 -0.99999995793893
-0 -0.000283510616529486 -0.999999959810865
-0 -0.000300565302286825 -0.999999954830249
-0 -0.000284198194440926 -0.999999959615692
-0 -0.000284859433388605 -0.999999959427551
-0 -0.000272538735654089 -0.999999962861318
-0 -0.000277597504682263 -0.999999961469812
-0 -0.000315346641788591 -0.999999950278247
-0 -0.000300969088799859 -0.999999954708803
-0 -0.000314100241256345 -0.999999950670518
-0 -0.000263129264553201 -0.999999965381494
-0 -0.000285377306884604 -0.999999959279895
0 0.999999960745195 -0.000280195661531654
0 0.999999960433057 -0.000281307456827482
0 0.999999956790679 -0.000293970473679758
-0 0.999999957835334 -0.00029039512677366
0 0.999999954064581 -0.000303102021057806
0 0.999999965878582 -0.000261233295713589
0 0.000270473091515828 0.999999963422153
0 0.999999965060493 -0.000264346386615912
0 0.999999963058814 -0.000271813119033772
-0 -0.000294394720161252 -0.999999956665873
-0 -0.000313260508510064 -0.999999950933926
-0 -0.000310214705603723 -0.999999951883417
0 0.000269519271784567 0.99999996367968
-0 -0.000257359488958994 -0.999999966883046
-0 -0.000291226041027793 -0.999999957593696
-0 -0.000277694071180552 -0.999999961443001
0 0.99999996308346 -0.000271722431508116
-0 -0.000299933341760076 -0.999999955019994
0 0.999999960064288 -0.000282615324604579
-0 -0.000272755239024716 -0.999999962802289
-0 0.999999961718755 -0.000276699273266368
0 0.999999955414025 -0.000298616724977339
-0 -0.000297019215936107 -0.999999955889792
-0 0.999999953511321 -0.000304921883432441
-0 -0.000331892225997315 -0.999999944923774
-0 -0.000308810329486961 -0.999999952318089
0 0.999999965193395 -0.000263843152336132
-0 0.999999963331878 -0.000270806650480045
-0 -0.000312570020192736 -0.99999995114999
0 0.99999995323345 -0.000305831814618623
-0 -0.000316160006465206 -0.999999950021424
-0 0.999999954176254 -0.000302733362866179
-0 -0.00034597134791274 -0.999999940151912
0 0.999999957531469 -0.000291439634012322
0 0.999999961696896 -0.000276778261053154
-0 -0.000324984345232965 -0.999999947192586
-0 -0.000286612007636415 -0.999999958926778
0 0.999999954108916 -0.000302955716113532
-0 -0.000325724571983386 -0.99999994695175
-0 -0.000266924054398973 -0.999999964375774
0 0.999999963086639 -0.000271710731769568
-0 -0.000308664024543453 -0.999999952363259
-0 -0.000296717845811568 -0.999999955979259
-0 -0.000276070223146955 -0.999999961892615
-0 -0.000293721781480715 -0.999999956863757
-0 -0.000275833230682616 -0.999999961958014
0 0.999999953678002 -0.000304374760567242
-0 -0.000332477416654328 -0.999999944729382
-0 -0.000318863490132478 -0.999999949163036
-0 -0.000344189524312754 -0.999999940766784
-0 -0.00029619706193803 -0.999999956133649
0 0.999999957735022 -0.000290740356366816
-0 -0.000347127060880868 -0.9999999397514
0 0.9999999532907 -0.000305644560588559
-0 -0.000281933596561439 -0.999999960256723
0 0.999999953843498 -0.000303830548084586
-0 -0.000346942746344896 -0.999999939815364
-0 -0.000312631458373487 -0.999999951130784
-0 -0.000312888939939105 -0.999999951050254
-0 0.999999962990385 -0.000272064750723988
-0 -0.000311001760423777 -0.999999951638951
0 0.999999962771951 -0.000272866444748476
-0 -0.000304117278999595 -0.999999953756339
-0 -0.000297583888379763 -0.999999955721914
-0 -0.00030817540037451 -0.99999995251396
-0 -0.000313333646429593 -0.999999950911012
-0 -0.000331134449643467 -0.999999945174987
-0.000268897141730687 -0.228707244240773 0.973495210119761
-0.000209940443221972 -0.99513139200737 -0.0985569305857529
-0.000184295035906725 -0.68152612117028 -0.731793763431974
-0.000185278886955935 -0.670425568000171 -0.741976767455277
2.88692349728683e-05 -0.913779604666952 -0.406210331307903
0.000116415483267857 -0.821169037529498 -0.57068502543024
-0.000165940298188198 -0.996491700801243 -0.0836914732697569
-6.27388975263496e-05 -0.956028437339132 -0.293273972699126
6.91883343975362e-05 -0.904979869768708 -0.425454381251841
-0.999421546677996 0.0224606059044414 0.0255361159569772
-0.000261932890731462 -0.228284277455628 0.97359448440186
0.000153524468336854 0.996858599836263 -0.0792016941909892
-0.999419323747596 0.0232574619452494 0.0249019232944672
-0.999371980559218 -0.0239765959170975 -0.0260915181883556
-4.48754042399294e-05 -0.957166333359088 -0.289538612744687
-3.34042624670188e-05 -0.968502060275809 -0.249005538343364
0.000166017788600526 0.973710620402279 -0.227788498730518
-0.999529103538345 -0.0199846698032797 -0.0232848481353685
8.51778507644557e-05 -0.823282954274148 -0.567631191837063
0.000153223371562897 0.894965004157268 -0.446136322054572
-0.999763922157875 0.0111469838498688 0.0186505952332326
-0.000108456421399941 -0.870959814349114 -0.491354240875319
-3.43756368930886e-05 -0.920647946863283 -0.390393848254217
-5.87234590118738e-05 0.299580466691002 -0.954071035368309
0.000224090770392022 0.966785752055329 -0.255588065852338
-0.999741155188252 -0.0139530277332308 -0.0179704101214993
-5.95814687862365e-05 0.300288304812569 -0.953848484007205
-0.999555698263147 0.0223336928133822 0.0197385975942841
0.000168309586933621 0.966393182267684 -0.257068451853629
0.000108712380813799 0.965512585249812 -0.260356363290476
4.13201233232251e-05 0.495144743807586 -0.868810497733751
-2.57672196864832e-05 -0.801412141623586 -0.598112513323662
-0.999570230759873 -0.0241166075123882 -0.0166656239231277
0.000132968752411399 0.961964106884229 -0.273175839681583
0.000226874232589746 0.00792429924590792 -0.999968576511054
0.000200198966021966 -0.0479085092537622 -0.998851708043519
0.000257226732398511 0.968297999505881 -0.249797754167879
0.000402592812288864 -1.17670715769475e-05 -0.999999918890279
-5.05212453332794e-05 -0.436665731848953 -0.899623830318218
0.000288839278252344 0.161090407890443 -0.986939611656945
4.0317287718749e-05 0.385371012721898 -0.922761714056351
0.000119434068679554 0.968304367755184 -0.24977317134099
-7.26358060356976e-05 0.207913727262582 -0.978147165174965
-2.33909600008434e-05 -0.817753430226664 -0.575568698597645
0.000174030002006998 -0.749526273308013 -0.661974573027213
0.000151067854724433 0.968443488905356 -0.249233195973821
-9.32479537608506e-05 -0.927698527175343 -0.37333019430729
-0.000293719105484278 -0.506385791296534 0.862306989477686
0.000200819522198497 -0.41069395063529 -0.911773238575852
-4.8557159951065e-05 -0.969375616539215 -0.245582800092797
-7.12495530070963e-05 -0.974068076381302 -0.226255115960569
0.00016731961355001 -0.810218293436091 -0.586128218895538
0.000165165760569136 -0.748078648655442 -0.663610057297295
0.000227649650971935 -0.411644145474792 -0.911344636058152
0.000129503709007159 0.961303429690865 -0.275491740880501
-3.09200106186303e-05 0.0919443483011224 -0.995764146703141
1.30845713890421e-05 -0.376513735642994 -0.926411035502574
0.00018260893933883 -0.749233798252897 -0.662305580687278
0.000167418973796136 -0.675835616532873 -0.73705236679392
0.000164082713757686 -0.598050252155576 -0.801458588433311
0.000138717109088891 -0.749176706851218 -0.662370170425215
0.000129181730203913 0.893918654893314 -0.448229206707694
7.07069679124514e-05 -0.951989861291265 -0.306129546106158
-0.999505607008697 -0.018075935522426 -0.0257255148279828
0.000104490841231884 0.980796467654504 -0.195034043485005
0.000193907863182556 0.837346488322758 -0.546672498753399
0.000222309535114433 -0.501261847910708 -0.865295620240628
0.000261833029310308 -0.309744989813722 -0.950819632069491
-0.999634134042227 0.00836157893343484 0.025723181284325
0.000131558629356053 0.892563011389423 -0.450922668970825
0.000139680365282051 -0.676151638658133 -0.736762473277051
0.000156205273860185 -0.597960583426394 -0.801525493211713
0.000214288511679545 -0.587790505373556 -0.809013149382093
0.000104285857369141 -0.865814224178543 -0.500365584682408
0.000147317514522855 -0.809054735407437 -0.587733284247499
0.000232311715523776 -0.309566645506805 -0.950877719804671
0.000177397817319943 0.778552241576854 -0.627579776335782
4.21056608463797e-05 -0.912326235607789 -0.409464086396882
0.000176596730240209 0.839705982286939 -0.543041280314049
-0.000253046568711481 -0.436264341370231 0.899818515266402
-0.999503476399298 -0.0186188438735931 -0.025419270613613
0.000193141187357512 0.885416955029423 -0.464797567165435
0.000156118442755243 -0.809251557919316 -0.587462246984596
8.48438328413697e-05 -0.866060847419018 -0.499938597599122
4.6973031064728e-05 -0.953559565622654 -0.301204502959485
0.000176224788893007 0.552080910529725 -0.833790523557022
0.000195018524409157 -0.501445903025765 -0.865188978377816
0.000203684802036255 -0.319940414782268 -0.947437644123059
-0.999598787537978 0.0117228719606008 0.0257844570545901
-0.999533534614576 0.0181207405119885 0.0245835706151368
0.000153716627657681 -0.51466642795871 -0.857390485311926
-0.999514155304459 0.0183108898203175 0.0252223048114766
0.000261001317055382 -0.406743913848076 -0.913542183167182
7.93306451202972e-05 -0.912046150947752 -0.410087566561143
-1.09364001444815e-05 -0.193892231714506 -0.981022834780701
-8.35349002678755e-05 -0.307140215294852 -0.951664269146716
0.000169008890704756 0.782190331573156 -0.623039530551209
8.70006963148007e-05 -0.912396265313803 -0.409308010515679
-1.29494630797724e-05 -0.951056391273333 -0.309017378880958
0.000124886030921507 -0.810434186377918 -0.585829679986804
0.000176040026449901 0.96921356983434 -0.246221495931782
-7.12579274223405e-05 -0.305182344456741 -0.952293931280776
0.000164047520714283 0.55243093893472 -0.833558654682509
-0.999724618902371 -0.0119657806365552 -0.0201867891024715
-0.999541565024672 -0.0222436396905495 -0.0205397244710334
0.000165409148784094 0.709712051942941 -0.70449185656525
-3.54114259624738e-05 -0.497091960863237 -0.867697862848107
0.000163930427116773 -0.744345078395886 -0.667795161254286
-0.000273744094952548 -0.110320010372639 0.99389608127588
-0.999597941294767 -0.00866069025459588 -0.0269990407899689
0.000169707462198442 -0.744614384672607 -0.667494860907567
6.65906060560739e-05 -0.810946105939688 -0.585120849762635
0.000246850383905176 -0.866021842990103 -0.500006106491624
-0.999495467231072 0.02366301017284 0.0211866215830175
0.000185746983282617 0.63512426132811 -0.7724099547329
0.000202426824927011 0.711113646302135 -0.703077052012269
0.000194379883667853 0.969191676067394 -0.246307647583538
0.000181590644643161 0.781632354386664 -0.623739392375372
0.00018605086656137 -0.670095653331259 -0.742274734024827
0.000105572613075787 0.884506173121201 -0.466528475620632
0.000200473640807045 0.778688185603401 -0.62741108486542
-0.999539508108512 0.0203009845548513 0.0225530875114186
-0.999540521974888 0.0151545805974952 0.0262504022270555
0.00017523189396609 0.836595788787581 -0.547820641703713
-8.50932939892034e-05 -0.948189973204465 -0.317703899053266
-0.999526360024912 -0.0229639647819457 -0.0204868723050338
0.000174233310028124 0.777231139661779 -0.629215166046406
-1.12936917789579e-05 -0.930074756234708 -0.367370314107443
-0.999496335458795 -0.0156116348287455 -0.0276288302758837
0.000158907480924961 0.925792539582504 -0.378031940980905
0.000141606014120289 -0.67282987271134 -0.739797230553736
-0.000262995792657902 -0.587791883894561 0.809012133444794
7.23057458646222e-05 -0.749888428502952 -0.661564312496715
0.000166551374070463 -0.674091767663262 -0.73864758919884
-0.999562010373991 0.0249352653114274 0.0159380036690242
0.000188468653476025 0.888706075944352 -0.458477344106726
-0.999588462836741 -0.0116802718383925 -0.026200691087505
0.000150131038191341 -0.673806941860242 -0.73890742489274
0.000193086589596212 0.779460137327326 -0.626451799450872
0.000172241421946721 0.633627093776034 -0.773638595447403
0.000121819639462295 0.890073608770917 -0.45581680106101
4.960290573125e-05 -0.600356826010642 -0.799732254571478
0.00017468598555565 -0.743148298330737 -0.669126726542093
-4.69397409447568e-05 -0.105958026891746 -0.994370602106613
2.12990589862956e-05 -0.866059192238801 -0.499941471659459
0.000190077982312875 0.837112323406478 -0.547031006316249
0.000109679379451039 0.840114143522385 -0.54240963655164
0.000197960828812396 0.710862846143718 -0.703330629778032
0.000156446351237112 -0.673076982126647 -0.739572411367423
5.78904249917662e-05 -0.680176572140033 -0.733048311750687
0.000111530239913798 0.84143792389382 -0.540353780216502
-0.000116762554342793 -0.587788127587805 -0.809014896916817
0.000191439610166871 0.779811976050255 -0.626013774097242
0.000161078907521474 -0.594308202464632 -0.804237362062248
0.000163705119523981 0.840166382082637 -0.542328704402419
0.000195037671091687 0.837628846091956 -0.546239762517309
0.000153626738288835 4.65050858814619e-06 -0.999999988188599
0.000168008131072936 0.891590803526993 -0.452841926989273
8.45647424406816e-05 -0.811893620331898 -0.583805397468342
9.51763688831725e-05 -0.425323201660078 -0.905041526710835
0.000181539592451355 0.465379926703057 -0.885111004826645
0.000164699969052779 -0.594476630453363 -0.804112870633679
5.13436083806664e-05 -0.517218505960372 -0.855853383738099
0.000165967098659652 -0.329559798203196 -0.944134689471365
0.000142925947341696 -0.866027593875535 -0.49999618620378
-0.000278984480401511 -0.207921096049728 0.978145561757114
0.00018533637265397 0.777049433565855 -0.629439547093612
1.08197052931427e-05 -0.406736382536903 -0.913545573577875
-6.15668629123919e-05 0.406738354735697 -0.913544693485994
-0.999500430301669 -0.0209078790243588 -0.0237012746805047
0.000199633701536267 0.708201648764498 -0.706010187485728
0.000174796609525798 0.275906352293411 -0.961184505810559
0.000255963958840773 -0.207919258680231 -0.9781459586137
0.000180639988257474 -0.509460309178529 -0.860494137540118
0.000181067829726945 -0.509094076319489 -0.860710862410163
-2.6844075122886e-05 -0.86615078138912 -0.499782775992143
0.000179257679792996 0.371043975037388 -0.928615279033862
0.000166631476664053 -0.596073990771234 -0.802929492396441
-6.66737418307559e-05 -0.912222125723494 -0.409695971294717
0.000159084307381948 0.924937653877318 -0.380118811862957
9.85102371303674e-05 0.93127174512505 -0.364325303852858
-6.39573086905103e-05 -0.906720792820114 -0.421731430862258
0.000197860976785257 -0.419943441754169 -0.907550255676619
0.000172810930202522 0.633259397870709 -0.773939600450067
0.000139720317702988 -0.329189646729974 -0.944263817459945
0.000192135582826386 0.634883425258592 -0.772607920886031
-0.000203453782123053 -0.207918006917007 -0.978146237025026
6.64609487475338e-05 -0.750229039833153 -0.661178026989681
0.000216135867094127 -0.0261317948686709 -0.999658482974175
1.48429046048788e-05 0.494607511659495 -0.869116453180868
0.000168828533559262 -0.422417138441212 -0.906401529482417
9.47316603294468e-05 -0.425655349898163 -0.904885359661093
3.47155044920343e-05 -0.811911115475885 -0.583781071431352
0.000155194426953538 0.715800797676095 -0.69830451377673
0.00017670114681893 0.0747097294175803 -0.997205307400165
0.000196495108283344 0.554151077342682 -0.832416088785901
0.00019346528632198 0.83697987528543 -0.547233634692139
0.000173933002638402 -0.511614807886959 -0.859214907981758
0.00012409193015449 -0.332295143830123 -0.943175446026937
0.000175946186261694 0.174480000436276 -0.984660702217112
0.000184590214539451 0.637054494787631 -0.770818744321471
1.65203159054867e-06 0.587785232987367 -0.809017008399241
-1.40130858746231e-05 -0.750608916802787 -0.660746739545327
0.000171202648920728 0.0741803717528094 -0.997244826076459
5.74636449938471e-05 -0.812298032685119 -0.58324257628693
-0.999612102621358 0.0113385338927963 0.0254378053705452
0.00015337042455827 0.889810232529472 -0.45633072060005
0.000161360859942943 -0.511539045147425 -0.859260018418368
0.000264475337964061 -0.0268368152324205 -0.999639792825884
0.000208358354872652 0.712822701319392 -0.701344247192861
3.12232453400154e-05 -0.865920763955918 -0.500181196742849
0.000163810784347787 -0.326335313963914 -0.945254058984198
0.000147950012291938 -0.229509040961739 -0.973306518126544
0.000239651956728247 0.775916391406837 -0.630835712458586
0.000186960718983697 0.464971431990749 -0.885325664644464
0.00019873110569509 -0.419557403323018 -0.907728784286801
0.000175588138299007 0.836604213340105 -0.547807775949182
-0.00010448085011674 -0.912395315820055 -0.409310122954922
-2.59558011038493e-05 -0.866477190039359 -0.499216664853841
0.000146142576169856 0.639519848841155 -0.768774571367012
0.000144501742417341 -0.130283133514812 -0.991476819820216
9.92114163695958e-05 -0.677756341137993 -0.735286564683685
0.000170366621036013 0.462852076787815 -0.886435517106812
0.000154088696797371 -0.595971048259411 -0.803005906512058
0.000146330375950793 0.375490357340334 -0.926826289081104
0.000164389424910716 -0.126841068892719 -0.99192303946338
0.000169758425382309 -0.226221349103182 -0.974075906894331
0.000161252507843186 0.709944371881442 -0.704257738921976
0.000212442239054766 0.1716961031078 -0.985149939372627
0.000106089976361871 0.786361099780357 -0.617767115907883
0.000154958816822213 0.550049139715369 -0.835132276879626
0.000162167429095202 -0.590774680547762 -0.806836569898399
0.000199511169951167 0.713241544390422 -0.700918297343463
0.000106369966508044 -0.677908448144346 -0.735146328712832
0.00012066196015831 0.89466301285003 -0.44674162429619
0.000150315954968987 -0.232537679666898 -0.972587376506733
0.000195544230883335 0.46753355679666 -0.883975302274627
0.000103945238429642 -0.514490975203907 -0.857495787528499
0.000429226475538287 -0.0295749827216486 -0.999562472365608
0.000137354246026435 -0.232163569173468 -0.972676749121951
0.000183235291204088 0.467131910938842 -0.884187618216549
0.000187723559457443 -0.6700763838624 -0.742292128848039
0.000171065374317937 -0.323220360076612 -0.946323712885069
0.000140610556475914 -0.32588268477426 -0.94541020514536
0.000147178015471795 0.0776331133185623 -0.996981984819735
0.000122834816150031 0.280466781289294 -0.95986372444469
0.000252126602197855 0.832213468868571 -0.5544552990692
5.96876917127179e-05 -0.679825529393153 -0.7333738787431
0.000147865318481181 0.0769894296600855 -0.997031898113828
0.000198426783187921 0.636697048891935 -0.771114017872268
0.000176171376854707 0.371481454313273 -0.928440357839394
0.000174304610787607 -0.505985624518964 -0.86254189312639
0.000205303148210436 0.553773842775007 -0.832667093686798
0.000178359786140885 -0.506454470056754 -0.862266686093878
-1.78504995087822e-05 -0.815732938345287 -0.578428710369673
0.000176357490624268 0.373441785726469 -0.927653599988412
0.000148725318236291 0.639122039066376 -0.769105322475678
0.000155598402575499 -0.229046128486628 -0.973415557105199
-9.21358539368599e-05 -0.75197732191672 -0.659188970503863
-0.00010643021920863 -0.996242936647871 -0.0866025395230095
0.000174320064366123 0.373854322494294 -0.927487420488735
0.000162034493592788 0.177689756462528 -0.984086543040352
0.000103091009643027 -0.600689594431186 -0.799482332834404
0.000159444306574558 0.375863670918263 -0.926674956746626
0.000148005802764047 -0.129828281867727 -0.991536482093098
0.00011965750274296 -0.331802982644462 -0.943348698197184
0.00018276751026004 -0.417088972716643 -0.908865642124408
0.000198013074834794 0.708416313164991 -0.70579479172954
0.000162821388920299 -0.226780799775478 -0.973945810783326
0.000121038912307439 0.996089543879774 -0.0883493402520064
0.000193956230719411 -0.0241652607274297 -0.999707958633398
0.000146646750945125 -0.422494523421259 -0.906365465016057
-0.000249027887944788 -0.361386517084495 0.93241606767293
9.45331217857886e-05 -0.748241940916195 -0.663425948329921
7.83806174899435e-05 0.182011616730858 -0.983296377106871
0.000180116030875803 0.556339391777444 -0.830955142420407
0.000157171624745258 -0.127480616062883 -0.991841049677471
0.00018863031959499 0.171333936918618 -0.985212995488067
0.000139322861817694 0.469836606620508 -0.882753387797785
-0.999564137562295 -0.0283114478076808 -0.00836641036402021
3.41474216557716e-05 0.0820487576794988 -0.99662831597201
0.000173306628703585 0.275452590546387 -0.961314641689232
-7.34267887967047e-05 -0.995854140257555 -0.0909644212887244
0.000194921064989071 -0.10999209093908 -0.993932443346442
0.000155389769469934 0.555925439918306 -0.831232146337987
0.000168533459095738 0.463177027747504 -0.886265768583815
0.000117527912439597 0.996437267442669 -0.0843371699701695
0.000218401271978455 0.0675216085089583 -0.997717788097039
0.000208998000846958 -0.050606422578908 -0.998718652230747
-6.31219870453849e-05 -0.996525626986698 -0.0832866782527839
0.000223866587125997 0.270101526657855 -0.962831820818593
0.000170395881369458 0.174913902605018 -0.98458371794415
0.000206860493787557 0.162266217292805 -0.986746994894953
0.000181419214889986 -0.417565625315634 -0.908646749645775
0.000153158374832137 0.5503203391625 -0.834953592031667
0.00010960182100454 0.996090205391015 -0.0883418966941885
0.000184354645846858 0.272873401157783 -0.962049932671869
4.95735747600017e-08 0.186150732657773 -0.982521198107691
-1.61983445831062e-05 -0.749285308601245 -0.662247329969665
-5.16288338757066e-05 -0.870918713740058 -0.491427096721199
0.000205630142893496 0.368572649667808 -0.929598924070534
0.000187333903237827 0.459142000246112 -0.888362869843178
0.000148505279283373 0.71545866038427 -0.698655053103696
0.00021207417422186 0.36888595786129 -0.929474639308305
0.00019218707835466 0.273260950203296 -0.961939923362223
0.000222433627212715 0.0679220196220716 -0.997690608241724
3.66766426319677e-05 0.181400037967429 -0.983409388240848
0.000240831084442476 0.270452459736606 -0.962733301087486
0.000183226544259004 -0.323712106281384 -0.946155610179903
-0.000246384486753028 -0.361206624012328 0.932485771507695
-6.0441927181163e-05 -0.996237184766305 -0.0866687258224168
0.000133204542515349 0.996393562364817 -0.0848519365394782
-0.000125168952322805 -0.751972796240821 -0.659194127739692
-1.28126362741614e-05 0.0816484789497659 -0.99666118903117
0.000195915697920099 -0.216489602465804 -0.976284903929809
8.07933852631119e-05 -0.811256898135184 -0.584689865399177
-0.000128610970957752 -0.99719138745913 -0.0748953952960572
1.37487232758681e-05 -0.516753779757723 -0.856134061299444
0.000173161292659457 -0.590836750307581 -0.806791115779756
9.54314055509203e-05 0.0796566280681025 -0.996822357543041
0.000198191050715465 0.631376966122464 -0.775476039198053
0.000258417382142089 0.777291446366985 -0.62914063660296
-3.54483273705055e-05 0.185665104929033 -0.98261308130673
3.27024027723805e-05 -0.428470600435823 -0.90355572240605
1.37341044762753e-05 -0.603144812509635 -0.797631703829588
-4.29030021211942e-05 -0.60747895784941 -0.794335769010516
0.000143946529464294 -0.132886426667848 -0.991131261179289
0.000105938675790265 0.99626032674926 -0.0864022576236
0.000190166413497157 0.461708231771502 -0.887031832884913
0.000193140852470361 -0.023556790222812 -0.999722481657289
0.000122597745976832 0.996277031156714 -0.0862094087635285
-0.99952673086711 0.0236137722350548 0.0197155786864047
0.000142912466881551 0.995479637936878 -0.0949751021536177
7.12053727564315e-05 -0.811304710166926 -0.584623521756314
-0.999561923346447 0.0274353015311317 0.0111025053860914
-5.61263126729934e-05 -0.996288675460713 -0.0860748046676575
0.000157081030946179 0.177177973131067 -0.984178815644147
0.000182363219760908 0.0717073343340387 -0.99742569896026
-4.06167091548557e-05 -0.681519369159055 -0.731800073661739
4.32215284113463e-05 -0.249177776586654 -0.968457760455886
-0.999570313428432 -0.0223739083225734 -0.0189366506795501
0.000111858272570727 -0.748305091174067 -0.663354715073843
-0.99956562859458 -0.0272483792957502 -0.0112285332112988
0.000132950786204678 0.469410167491256 -0.882980224568999
0.000183615028469223 0.071313647765443 -0.997453923711721
-4.55884172361882e-05 -0.682346339833221 -0.731029048969945
0.000146221608510937 -0.133257225000588 -0.991081475260427
0.000135254269475474 0.558894344941786 -0.829238863596234
-2.58877990905907e-05 -0.996550504759309 -0.082988497960792
9.81793634231087e-05 0.996242937488801 -0.0866025395961211
0.000134641130112624 0.996627153245554 -0.0820627764911021
3.56041972012507e-05 0.282688534237456 -0.959211755215197
-1.81519075639659e-05 -0.602657058445001 -0.798000294221078
-0.999565772848149 -0.0243900166595559 -0.0165345951818986
0.000134921853886994 0.179996465357105 -0.98366724772915
-2.47554996970134e-05 -0.967498779355588 -0.252875683553427
0.000164266572531684 0.278525249512572 -0.960428892943383
0.000189648698128666 -0.0330253618900754 -0.999454495965375
-6.15388515556134e-05 -0.996378753434173 -0.0850257367973543
0.000110071947108986 -0.0291565946802096 -0.999574850059174
0.000107694396736665 0.179245373371049 -0.983804393427367
-3.72164466643019e-05 -0.967967373838028 -0.251076008013606
7.72583750362389e-05 0.0789289271571477 -0.996880242801995
0.000159251120740732 0.278010987240134 -0.960577881076202
0.000106005834368012 0.996177512082228 -0.0873518928497041
3.82649062530714e-05 0.283160648073989 -0.959072492525
5.65615616437286e-05 -0.427865881470296 -0.903842234172777
-6.35520799202437e-05 -0.996262950703874 -0.0863720383917351
0.000150627994890951 0.995936763514325 -0.0900552074664125
0.000200809075104117 -0.0326389803702516 -0.999467186372872
-0.000131779898647554 -0.993740279774797 -0.11171498998419
0.000126197663363613 -0.235686428648484 -0.971829147239921
0.000152191570484914 -0.124296607071818 -0.992245095885165
0.000153518772373399 0.897234826240128 -0.441553669460276
-0.999563614501024 0.0260647744085748 0.0138999316789239
0.000103852008729136 0.930327122918854 -0.366730737157778
0.000107958724160739 -0.235211669721268 -0.971944164431192
0.000174556495422151 -0.223599226195375 -0.974681155852958
0.000174282428055423 -0.136473447275378 -0.990643713862057
0.000142438742646618 -0.139345247981824 -0.990243849552265
0.000104036884621713 0.996251909186232 -0.086499263691171
-2.49079339332895e-05 -0.519228738712097 -0.854635311858245
0.000181670988460392 -0.10868805315926 -0.994075889505475
0.000155057835768751 -0.12489618379624 -0.992169803627486
0.000167399668435423 0.995994165427215 -0.0894180877244417
-5.69336375963494e-05 -0.996423790106714 -0.0844963151145177
0.000134088035599278 0.889680911764009 -0.456582804388383
-3.91310797883142e-05 -0.520978406201116 -0.853569855806133
-3.01331823387464e-05 -0.967560012162709 -0.252641291074302
0.000157366918852027 -0.0220493924616391 -0.999756870207815
-0.999567896869188 0.024246248393432 0.0166174302270865
0.000132958263503199 -0.0214874376894287 -0.999769109516614
7.7525169676948e-05 -0.337274272487115 -0.941406426103059
0.000179407860130234 -0.224257979574225 -0.974529797599902
-0.999591747945781 -0.025146718155322 -0.013563922910274
0.000203483004419514 -0.319221597882971 -0.947680077895336
-0.000125170628508678 -0.993255787815294 -0.115943625541612
2.93921387758924e-05 0.38476621833266 -0.923014060762937
-0.000185442627301748 -0.951058151786594 -0.309011905161112
0.000163397790279714 -0.121066655421027 -0.992644366450708
-0.000299168060105304 -0.316004540895828 0.948757630078246
-4.43852603433187e-05 -0.946987302370607 -0.321270987141368
-9.51824034131444e-05 -0.914626065754913 -0.404300817191853
8.8567992029513e-05 0.996903192409514 -0.0786385218543105
-1.28829685692047e-05 -0.816783015348435 -0.576944976295269
9.95369452617771e-05 0.996607273631034 -0.0823039017186535
-7.85467106734336e-05 -0.938530717189289 -0.345195722341069
-3.99433787194495e-05 -0.968891898113163 -0.247484319049103
-4.56369940911036e-05 -0.968070818017387 -0.250676862156066
0.000174286272909571 -0.216469826791209 -0.976289293044474
0.000103016694628349 0.980801783635113 -0.195007309108509
-4.51034029082197e-05 -0.97556270080056 -0.219721220578258
-5.90141213348571e-06 -0.910815410623814 -0.412813865725639
-0.999995284678831 0.000873711038186807 0.0029440192128828
0.000163558809249439 -0.121712462425179 -0.992565388142724
-0.000391313826757395 -0.994520682776378 -0.104539267280271
-0.000234766172585885 -0.997012943858881 -0.0772342842440609
1.64151866315714e-05 -0.861115292214819 -0.508409729690856
-3.12979312653123e-05 -0.798527555576839 -0.60195825603186
-5.06118934479407e-05 -0.970220337659806 -0.242224057082961
1.71910300763983e-05 -0.862236859427295 -0.506505279290773
7.22577066893699e-05 -0.903920615252553 -0.42770026432102
-0.000267616058233279 -0.673148336337317 -0.739507434491329
0.000155479740913098 0.921593841655079 -0.38815559618468
0.000110409889336595 -0.016709044864607 -0.999860388068939
-0.999741616837208 -0.0179288211109954 -0.0139734368462546
0.000110778442879709 -0.0179527359205598 -0.99983883051275
1.70920983749326e-05 -0.190830957119978 -0.981622914113425
-1.82443020300976e-05 0.0921354488815579 -0.995746483160518
-4.01744310190996e-05 -0.972036339093207 -0.234830479001961
-0.000269511647431977 -0.504238271130338 0.863564527577969
-0.000159631561977092 -0.971432294142352 -0.237316818651968
-0.000293753790692338 -0.313502822190563 0.949587223053924
9.08274362227753e-05 0.996587559618687 -0.0825422786434194
0.000117430652494044 0.922743542021169 -0.385414506561791
-9.90541668926408e-05 -0.996764138682613 -0.0803818513383493
-0.999665976883354 0.0185346811034989 0.018011114852812
-8.12623961002767e-05 -0.99691189014368 -0.0785281903941452
0.00012910544556735 0.996617100548045 -0.0821847809937585
2.83078234214316e-07 -0.916297014844867 -0.400499413964996
-0.000283276068067685 -0.995862000531012 -0.090877916201023
0.000145738821600711 0.996880249755244 -0.0789287425981095
-3.81280229506266e-05 -0.497444003260731 -0.867496087695035
-0.000178160072815496 -0.679128402490801 -0.734019469216778
-6.15152253454033e-05 -0.924769611668784 -0.380527478048358
-0.999947793318308 -0.00357136889601996 -0.00957371203113899
-8.69075194332277e-05 -0.912692863351926 -0.408646215733789
0.000131092092769912 0.996839108240282 -0.0794466808468538
-0.999518653337785 -0.00321488685335984 -0.0308565411597266
-6.53771741248278e-05 -0.975088102638084 -0.221817915911872
-0.999530398633994 0.00344282612283694 0.0304487956224295
0.000170500907125718 0.548245760360902 -0.836317258685804
0.000103978366307905 0.997279991136861 -0.0737062308530422
0.000257262374805742 0.704164207349172 -0.710037113751374
-0.999999996965765 7.76879991426717e-05 -5.74851758455446e-06
0.000118917087159502 0.920894478534643 -0.389811935762791
-9.8320819114699e-05 -0.974522291995312 -0.224290643445553
5.59138768698514e-05 -0.252997531426735 -0.967466922414207
-7.78746994040369e-05 -0.910397612961005 -0.413734432033926
-5.98187205171031e-05 -0.997116546656748 -0.0758853662114219
-3.55093225391116e-05 -0.434359675103979 -0.900739513612373
-4.77339255651221e-05 -0.996550137609671 -0.0829928969949742
-8.07062672358434e-05 -0.997376552865199 -0.0723878807621205
-0.000132071131862813 -0.997421808761972 -0.0717615354017174
0.000101663719460708 0.996977289056418 -0.0776934667150565
0.000141744415001815 0.997002312242436 -0.0773716310527084
0.000104561899357767 -0.994521537293054 -0.104531817773682
-0.99993714485944 0.00263520142102877 0.0108977999533347
9.02913043179968e-06 -0.997367908172521 -0.0725069352961773
2.41367852414772e-06 -0.927636031387476 -0.373485465936584
-1.08232387665746e-05 -0.820313426224691 -0.57191422664449
2.33076608780474e-05 -0.855610963978222 -0.517619433345591
0.000258924516965187 0.958015325263819 -0.28671688041996
2.61823683426494e-05 -0.915180669139686 -0.403043846433015
2.50315656098429e-05 -0.853973397689822 -0.520316668396776
-0.000165154676933176 -0.997638342911339 -0.0686855842011264
0.00015783749618527 0.971057914223491 -0.238844096245329
-3.31942113043209e-05 -0.972080680874366 -0.234646859704052
-0.999997291987089 -0.000776418851064147 -0.00219389887092509
-0.000304035095784161 -0.743152234568415 -0.66912230856446
0.000233917674855484 0.95868806720352 -0.284459373345477
-8.67305111337969e-05 -0.535283442652081 -0.844672497776715
-9.2947960792626e-05 -0.997332292557101 -0.0729951339712048
0.000219105281838856 0.969498710955702 -0.245096310555888
-1.29884921165657e-05 -0.915110305913001 -0.40320358113875
-4.02940440192131e-05 -0.607219350581113 -0.794534240077947
-0.00016045928848342 -0.997419213219408 -0.0717975442030907
0.000628117153533312 0.009225290807131 -0.999957248825351
-0.999572618902741 0.0162082820349416 0.0243284017845538
-5.98184603917333e-05 -0.9762566710498 -0.216616962984237
-4.75439895299518e-05 -0.103302521146061 -0.99464998208638
-6.0026627041457e-06 -0.975489733751406 -0.220044948384595
0.000193432591497023 0.103158050355392 -0.994664958280278
-0.000251688803796088 -0.438451650885557 0.898754742122942
-0.000364051594563274 -0.406747512773201 0.913540545525622
0.000201488193951747 0.632303659231036 -0.774720621853807
0.000153984256065122 0.996668495361126 -0.0815590990842691
0.000150630572142056 0.96313980470085 -0.26900128979475
6.80309449229913e-05 -0.336215709947868 -0.941785002936467
0.000112380986723296 0.970661423967085 -0.240450384471942
0.000100511154529996 0.970433147479668 -0.241370039918405
-6.77314678387632e-05 -0.976035013372737 -0.217613529181732
0.000137303646636551 0.970083572308695 -0.242771175975463
-0.999696201077916 0.0197512045997569 0.0147443367854158
0.000122805054631124 0.996652893960242 -0.0817495803022416
0.000125979783200824 0.961913924877049 -0.273352492684309
-8.6460746775492e-05 -0.996660853507261 -0.0816525297263828
-3.9187527108365e-05 -0.972467140497436 -0.23304003758384
-0.999865025183011 0.00586706277250974 0.0153463021669666
-8.56814006606337e-05 -0.97330004447151 -0.229536524523779
-0.999814972351021 -0.0042559677835841 -0.0187592057654901
-4.90410414533552e-06 -0.377854014285089 -0.925865186657644
-5.78112837284033e-05 -0.972340960242131 -0.23356595148537
0.00013280336850658 0.922807896243224 -0.38526039115697
0.000107706382034066 0.925065539285177 -0.379807499170778
0.000148799752619154 0.923224486843161 -0.384261011230408
-0.999203144779765 -0.0160363954850684 -0.0365500955138991
-0.000149556612722722 -0.972584632522838 -0.232549156552405
-0.999790596955677 0.00474310148367736 0.0199064117139908
7.17761154728513e-05 0.968267822943648 -0.249914821289491
-9.76848973370255e-05 -0.997606401325582 -0.0691480910212496
-1.88997644004094e-05 -0.971449155352918 -0.237247841311363
8.43880862641306e-05 0.925464910509682 -0.378833330495032
4.15949806397762e-05 -0.856835195456118 -0.515590385963057
-0.999918837561265 0.00499185350953138 0.0117217613295943
3.09777974824868e-05 -0.976957545869318 -0.213433719476037
0.000133783861704973 0.998310741819392 -0.0581003000843762
0.00011691220973808 0.997050207919117 -0.0767519981497632
-0.999989591197009 -0.000262301399643254 -0.00455507361238623
-0.999916249276928 -0.00629129754876141 -0.011309907475917
-2.03277054164764e-05 -0.997076597385326 -0.0764084977818889
-5.4829717845402e-05 -0.940469440528032 -0.339878255301208
-9.1780949824303e-05 -0.996988315454305 -0.077551856353308
-6.57223994698362e-05 -0.539158032534989 -0.842204613875729
-0.999988779962641 0.00116246959215482 0.00459223401792359
1.38829957247611e-05 -0.921735682189122 -0.387818684421748
-0.999964529931644 -0.00185270667643831 -0.00821622520122042
0.000104579776903299 0.975033025844301 -0.222059873853824
9.78402466580847e-05 0.922162147954258 -0.386803520288627
4.8738463629518e-05 -0.973901909637103 -0.226969310766382
6.7414273584973e-05 -0.916356836117535 -0.400362516172503
0.000154523899639159 0.971142888743068 -0.238498355898177
5.85789797761221e-05 -0.857548739201975 -0.514402718170896
-0.999725955847441 0.0118346930244363 0.0201978525080627
0 0.00024476963875532 0.999999970043912
0 0.000266098960893432 0.999999964595671
0 0.000269250090485974 0.999999963752194
-0 -0.999999949475093 0.00031788333142096
0 0.000237826585912245 0.999999971719257
-0 -0.999999951507826 0.000311423096541201
0 0.000237615932405255 0.999999971769334
0 0.000266479318813215 0.999999964494386
0 0.000279274001536933 0.999999961003015
-0 -0.999999953972307 0.000303406301581394
0 0.000262558713120054 0.999999965531461
0 0.000268659079065017 0.999999963911149
0 0.000243236463655697 0.999999970418011
-0 -0.999999954039755 0.000303183919230304
0 0.000243643160546347 0.999999970319005
0 -0.999999951588894 0.000311162675488605
-0 -0.99999995774097 0.000290719896376599
0 0.000294055340438365 0.999999956765728
0 0.000303772020286151 0.999999953861279
0 0.000283171236803399 0.999999959907024
-0 -0.999999956853438 0.00029375690979953
0 0.000279291580248472 0.999999960998106
0 0.000282711861998634 0.999999960037001
-0 -0.999999958248102 0.000288970232517686
0 0.000237077584346872 0.999999971897109
-0 -0.999999959607379 0.000284227443786991
0 0.000273641770705005 0.99999996256009
-0 -0.99999995704661 0.000293098581239621
0 0.000297305946835787 0.999999955804586
0 0.000262523613904152 0.999999965540676
0 0.000277901785194478 0.999999961385298
0 0.000237197535773982 0.999999971868664
0 -0.99999995831149 0.000288750789663508
0 0.000279446645438992 0.999999960954785
0 0.000282381242524237 0.999999960130416
0 0.000296823172560076 0.999999955948001
0 0.000297358595658101 0.999999955788932
0 0.000281878008251893 0.999999960272393
0 0.000285775214405932 0.999999959166263
-0 -0.999999950699922 0.000314006614242037
0 -0.999999951459523 0.000311578161736548
-0 -0.99999995626874 0.000295740626624951
0 0.000295167164824721 0.999999956438172
0 0.000294444458601035 0.99999995665123
0 0.000261107508971225 0.999999965911434
0 0.000280362426460521 0.999999960698454
0 0.000287033343737944 0.999999958805929
-0 -0.99999995749991 0.000291547900247822
-0 -0.999999956733894 0.00029416357756979
-0 -0.999999958143195 0.000289333040822659
0 0.000293832958098667 0.999999956831095
-0 -0.999999948106177 0.000322160895603997
-0 -0.999999953396167 0.000305299301875597
-0 -0.999999950907337 0.000313345375272238
0 0.000282074051630469 0.999999960217114
-0 -0.99999995492781 0.000300240532667362
0 0.000270086883727987 0.999999963526537
0 0.000244632123168763 0.999999970077562
0 0.000280634518139349 0.999999960622133
0 0.000290073267553307 0.999999957928749
0 -0.999999958218501 0.000289072648884231
0 0.000279809453746912 0.999999960853334
-0 -0.999999955209349 0.00029930135212914
0 -0.999999955613006 0.000297949636168469
0 0.000248011455927023 0.999999969245159
0 0.000246062838241002 0.999999969726539
0 0.000284107506916206 0.999999959641462
0 0.000275063725492916 0.999999962169973
0 0.000288683501615905 0.999999958330917
-0 -0.999999953667318 0.000304409859783987
0 -0.999999956234993 0.000295854713625368
-0 -0.999999956239316 0.000295840103504397
0 0.000263047337278972 0.999999965403049
0 -0.999999957595399 0.000291220191158615
-0 -0.999999953791037 0.000304003162889398
0 0.000270806650480045 0.999999963331878
0 -0.999999958701733 0.000287396122939697
0 0.000277252275085241 0.999999961565587
-0 -0.999999960588459 0.000280754484114313
-0 -0.999999957410294 0.000291855120242911
0 0.000282899116021328 0.999999959984044
-0 -0.999999955647001 0.000297835520064438
-0 -0.99999995659521 0.00029463465210832
-0 -0.999999955554585 0.000298145650440477
-0 -0.999999955639155 0.000297861859027497
-0 -0.999999953220026 0.000305875703191409
0 -0.999999953484552 0.000305009660578085
-0 -0.999999951178341 0.000312479303561086
-0 -0.999999954835523 0.000300547752678391
0 0.00026772865880953 0.999999964160682
-0 -0.999999956420035 0.000295228603002784
0 -0.999999956985699 0.000293306324354633
0 0.000304854595381796 0.999999953531837
-0 -0.999999953318414 0.000305553873060154
0 -0.999999949487184 0.000317845292718051
-0 -0.999999957890548 0.000290204933265668
-0 -0.999999950478268 0.000314711712680021
0 0.0002827557505697 0.999999960024592
0 0.00029067891818851 0.999999957752882
0 0.000293446750318457 0.999999956944501
0 0.000269697765557297 0.999999963631557
0 0.000291574239211027 0.999999957492231
-0 -0.999999956815616 0.00029388563602497
-0 -0.999999956798413 0.000293944163820435
-0 -0.999999961566402 0.000277249335598704
0 0.000276871888064971 0.999999961670978
-0 -0.99999995386661 0.000303754470677769
-0 -0.99999995946838 0.000284716067937217
0 -0.999999955282003 0.000299058509785939
0 0.000287463440091202 0.999999958682384
-0 -0.999999953839059 0.000303845158206323
-0 -0.999999953303215 0.000305603611502403
0 0.000283335062245324 0.999999959860621
-0 -0.999999954637447 0.000301206081273167
0 0.000259521699618489 0.999999966324243
0 -0.999999957763939 0.000290640879486924
0 0.000269607048927657 0.999999963656019
0 -0.999999957934692 0.000290052778459251
0 0.000306580830738558 0.999999953004096
-0 -0.999999954430996 0.000301890719728256
0 -0.999999950060265 0.00031603713010411
0 0.000297390784490317 0.99999995577936
0 0.000261912113385494 0.999999965701022
0 0.000287990073837919 0.999999958530858
-0 -0.999999956735615 0.000294157727700627
0 0.000268489374647985 0.999999963956727
0 -0.999999955725395 0.000297572188641473
0 0.000322599781325025 0.999999947964689
-0 -0.999999954557218 0.000301472323093791
0 0.000281263568256362 0.999999960445402
-0 -0.9999999599443 0.000283039571090242
-0 -0.999999949400654 0.000318117413507769
0 0.000290497514036251 0.999999957805596
0 0.000258828271823895 0.999999966503962
0 0.000284803845079198 0.999999959443384
0 0.000271336223720667 0.999999963188326
-0 -0.999999959666396 0.000284019729774173
0 0.000281430362288905 0.999999960398475
0 0.000293859297061819 0.999999956823356
-0 -0.999999954381516 0.000302054574281082
0 0.00027559623821823 0.999999962023356
-0 -0.999999955118231 0.000299605632653773
-0 -0.999999956150121 0.000296141444525345
0 0.000288771278757587 0.999999958305573
0 0.000280698895804712 0.999999960604064
-0 -0.999999957329995 0.000292130122301727
0 -0.999999955566793 0.000298104701356483
0 0.000288215366561434 0.99999995846595
0 0.00027691871612279 0.999999961658012
0 0.000260615945324986 0.999999966039664
0 -0.999999956379427 0.000295366118583705
0 0.000287021614895719 0.999999958809295
-0 -0.999999956888672 0.000293636943825909
0 0.000285775214405932 0.999999959166263
-0 -0.999999954343514 0.000302180361026592
-0 -0.999999957531469 0.000291439634012322
0 0.000263211162723598 0.999999965359941
0 0.000277980802085011 0.999999961363336
0 0.000268155844786971 0.999999964046221
0 0.000290362937941246 0.999999957844681
0 0.000270856388920823 0.999999963318408
0 0.000271113870480513 0.999999963248634
-0 -0.999999954822332 0.000300591641251389
0 0.000290854472471562 0.999999957701837
0 0.000279537332964069 0.999999960929439
-0 -0.999999955596442 0.000298005224477238
0 0.000284084078335525 0.999999959648117
-0 -0.999999958066127 0.000289599282630214
0 0.000274115755634494 0.999999962430276
0 -0.999999956785512 0.000293988052391075
0 0.000301437194773124 0.999999954567808
0 -0.999999958077985 0.000289558333545912
-0 -0.999999960156021 0.000282290554999377
-0 -0.999999958768136 0.000287164980346824
0 -0.999999958684066 0.000287457590222005
0 0.000290977348828151 0.99999995766609
-0 -0.999999949878865 0.000316610591927539
0 0.000290046928590068 0.999999957936389
0 0.000282638724081462 0.999999960057675
-0 -0.999999956033932 0.000296533531277611
0 -0.999999958263323 0.000288917554591156
0 0.000288888305245209 0.999999958271773
0 0.000255393350782508 0.999999967387118
0 0.000290304410145598 0.999999957861674
0 0.000276371593276843 0.999999961809371
0 0.000292539758662894 0.999999957210244
0 0.000267292712579915 0.999999964277302
0 0.000284385448463383 0.999999959562458
-0 -0.999999953082101 0.000306326288658069
0 0.000279917690879665 0.999999960823042
0 0.000269923029180434 0.999999963570778
-0 -0.999999952899089 0.000306923149964477
0 0.000248546879046428 0.999999969112224
0 -0.999999958092386 0.000289508595105916
0 0.000291164602849513 0.999999957611586
-0 -0.999999960688613 0.000280397525675913
0 0.000321455768067198 0.999999948333093
0 0.000267752058286701 0.999999964154417
0 0.000271488349425654 0.999999963147037
0 0.000269495872307429 0.999999963685987
0 0.000265472850255161 0.999999964762082
0 0.00026947538321302 0.999999963691508
0 0.000284294760938678 0.999999959588244
0 0.000285652338048789 0.99999995920137
0 0.00028511397545877 0.99999995935501
0 0.00028809249020455 0.999999958501358
0 0.000281363074240882 0.999999960417409
0 0.000306870472035653 0.999999952915256
0 0.000282790878888848 0.999999960014659
-0 -0.999999959664734 0.000284025579643387
0 -0.999999960602422 0.000280704745673943
0 0.000257985628705082 0.999999966721707
0 0.000264486841686966 0.999999965023355
0 0.00027782864727701 0.999999961405621
0 0.000279496383879415 0.999999960940885
0 0.000288285594095574 0.999999958445707
0 0.000273188274869681 0.999999962684083
0 0.000260548657275824 0.999999966057198
0 0.000268720517244457 0.999999963894641
0 0.000259179380399195 0.999999966413024
0 0.000265420172327602 0.999999964776065
0 0.000287091842429931 0.999999958789136
0 0.000285699137002435 0.999999959188001
0 0.000265487460376506 0.999999964758204
0 0.000281845819419244 0.999999960281466
0 0.00026192087363756 0.999999965698727
0 0.000284300610807891 0.999999959586581
0 0.000284344499378898 0.999999959574102
0 0.000282591925127695 0.999999960070901
0 0.000261748258836873 0.999999965743924
0 0.000265288506612523 0.999999964811004
0 0.000264094784027961 0.999999965126972
0 0.000259036014944803 0.999999966450171
0 0.000286433542970031 0.999999958977912
0 0.000258728794941386 0.999999966529705
0 0.000284716067937217 0.99999995946838
0 0.000253342316737794 0.999999967908835
0 0.000273902191750654 0.999999962488794
0 0.000271453250210004 0.999999963156566
0 0.000283001532388406 0.999999959955066
0 0.000272901543964086 0.999999962762373
0 0.000284587341710752 0.999999959505022
0 0.000264668245843155 0.999999964975359
0 0.000279865042056555 0.999999960837778
0 0.000277617993776536 0.999999961464124
0 0.000269451983735881 0.999999963697814
0 0.000310407809502421 0.999999951823495
0 0.000281009026185365 0.999999960516963
0 0.000265089552848507 0.999999964863764
0 0.000269355417236939 0.999999963723829
0 0.000281014876054594 0.999999960515319
0 0.000249383672301919 0.999999968903892
0 0.000282714801485158 0.99999996003617
0 0.000309512517545571 0.999999952101
0 0.000277416100527981 0.999999961520153
0 0.000301489872702209 0.999999954551927
0 0.000302034085186023 0.999999954387705
0 0.000279323739977363 0.999999960989123
0 0.000267676009985894 0.999999964174776
0 0.000294380110040262 0.999999956670174
0.000111638203848173 -0 0.999999993768456
0.00014140858406379 -0 0.999999990001806
0.000110426909722921 -0 0.999999993902949
0.0001463035135006 -0 0.999999989297641
0.000111468506691905 -0 0.999999993787386
0.000139035734284722 -0 0.999999990334532
0.000109522828350015 -0 0.999999994002375
0.000137186607917647 -0 0.999999990589917
0.000107360632063949 -0 0.999999994236847
0.000113317640352808 -0 0.999999993579556
0.000100967684769903 -0 0.999999994902763
0.000131001389276261 -0 0.999999991419318
0.000129617473069463 -0 0.999999991599655
0.000104171470755805 -0 0.999999994574152
9.38988592177829e-05 -0 0.999999995591502
0.000126519006595696 0 0.99999999199647
9.48263546263052e-05 -0 0.999999995503981
0.000101380224284335 -0 0.999999994861025
9.94111391809374e-05 -0 0.999999995058713
0.000135153152444023 0 0.999999990866813
9.24769042878505e-05 -0 0.999999995724011
0.000125840217974164 -0 0.99999999208212
-0 -0.00015683067420412 0.99999998770207
-0 -0.000154946434081375 0.999999987995801
-0 -0.000155335566832448 0.999999987935431
-0 -0.000161067289539311 0.999999987028664
-0 -0.000162544832745913 0.999999986789589
-0 -0.000159288376178767 0.999999987313606
-0 -0.000142371193227076 0.999999989865222
-0 -0.000147672805023467 0.999999989096371
-0 -0.000147927347116301 0.99999998905875
-0 -0.000168773939874034 0.999999985757678
-0 -0.000159809174652989 0.999999987230514
-0 -0.000154876206541011 0.99999998800668
-0 -0.000189582479155459 0.999999982029242
-0 -0.000159610220875599 0.999999987262289
-0 -0.000211488217973693 0.999999977636367
-0 -0.000161980145697777 0.999999986881216
-0 -0.000154539737169181 0.999999988058735
-0 -0.000184058499664412 0.999999983061234
-0 -0.000177083315927274 0.999999984320749
-0 -0.00013831013215662 0.999999990435154
-0 -0.000159074783175164 0.999999987347607
-0 -0.000147658180349141 0.999999989098531
-0 -0.00013702276790871 0.999999990612381
-0 -0.00015716714357559 0.999999987649244
-0 -0.000153591767237296 0.999999988204784
-0 -0.000170582102574562 0.999999985450873
-0 -0.000200393445607866 0.999999979921233
-0 -0.000187145266315065 0.999999982488324
-0 -0.000150920486803631 0.999999988611503
-0 -0.000174350582789277 0.999999984800937
-0 -0.000173946810815804 0.999999984871254
-0 -0.000191130249878852 0.999999981734614
-0 -0.000186320172764772 0.999999982642397
-0 -0.000175866164690603 0.999999984535546
-0 -0.000185269801026062 0.99999998283755
-0 -0.000157175918380148 0.999999987647865
-0 -0.000199644429472181 0.999999980071051
-0 -0.000176495214852806 0.999999984424719
-0 -0.000195062570055328 0.999999980975297
-0 -0.00018085178157716 0.999999983646316
-0 -0.000164285707398778 0.999999986505103
-0 -0.000139421942103653 0.999999990280761
-0 -0.000158413544172181 0.999999987452574
-0 -0.000162565307289827 0.99999998678626
-0 -0.000159817949457536 0.999999987229111
-0 -0.000166483002852364 0.999999986141705
-0 -0.000164288632333621 0.999999986504623
-0 -0.000164156966609961 0.999999986526245
-0 -0.000154115490647769 0.999999988124208
-0 -0.000173025179858338 0.999999985031143
-0 -0.000185105946469019 0.999999982867894
-0 -0.000155440893591056 0.999999987919064
-0 -0.000183818582250218 0.999999983105364
-0 -0.000154838182387887 0.999999988012569
-0 -0.000172966652057917 0.999999985041269
-0 -0.000196961434812128 0.999999980603096
-0 -0.000186797082657654 0.999999982553425
-0 -0.00014771669359836 0.999999989089889
-0 -0.000139515569123501 0.999999990267703
-0 -0.000129453618508116 0.99999999162088
-0 -0.000186571789917866 0.999999982595483
-0 -0.000205183033586843 0.999999978949961
-0 -0.00015970092295975 0.999999987247807
-0 -0.000109868072532576 0.999999993964503
-0 -0.000182970089219889 0.999999983260973
-0 -0.000164133552579305 0.999999986530088
-0 -0.000134357322773776 0.999999990974055
-0 -0.000149788187766192 0.999999988781749
-0 -0.000154697741859064 0.999999988034304
-0 -0.000197186727550569 0.999999980558697
-0 -0.000168794414417885 0.999999985754223
-0 -0.000159738947112786 0.999999987241734
-0 -0.000165687173193368 0.99999998627388
-0 -0.000181829015396117 0.999999983469104
-0 -0.000133991589498218 0.999999991023127
-0 -0.000144644566113398 0.999999989538975
-0 -0.000161201865646102 0.999999987006979
-0 -0.000120813630047057 0.999999992702033
-0 -0.000151663638536913 0.99999998849907
-0 -0.000108387604359434 0.999999994126064
-0 -0.000166158233221773 0.999999986195721
-0 -0.000112905093564001 0.99999999362622
-0 -0.000161017536543081 0.999999987036676
-0 -0.000160768844321485 0.999999987076689
-0 -0.000187285706841551 0.999999982462032
-0 -0.000150060294019873 0.999999988740954
-0 -0.000199866797275477 0.999999980026631
-0 -0.000140937524030015 0.999999990068307
-0 -0.000127455276798842 0.999999991877576
-0 -0.000162904701595217 0.999999986731029
-0 -0.000127300211593942 0.999999991897328
-0 -0.000158755877965015 0.999999987398286
-0 -0.000159721397503693 0.999999987244537
-0 -0.00016884415286201 0.999999985745826
-0 -0.000163331873049696 0.99999998666135
-0 -0.000198596982676339 0.999999980279619
-0 -0.000180275394795067 0.999999983750391
-0 -0.000168911455467062 0.99999998573446
-0 -0.000143175797699281 0.999999989750345
-0 -0.000166948213010904 0.999999986064147
-0 -0.000202523452965916 0.999999979492125
-0 -0.000170400698407235 0.999999985481801
-0 -0.000162822788867655 0.99999998674437
-0 -0.000164683614952634 0.999999986439653
-0 -0.000170646465692807 0.999999985439892
0.999999982547958 -0.000186826346557646 -0
-0.999999961841714 0.000276254537684152 0
0.999999969442213 -0.000247215640860204 -0
0.000216421171378221 0.999999976580938 -0
0.000216116890852144 0.999999976646745 -0
-0.999999975934459 0.000219387971987925 0
0.999999978832734 -0.000205753570491072 0
-0.999999964190441 0.000267617482189134 0
0.999999966258152 -0.000259776241693923 -0
-0.9999999756273 0.00022078360242033 0
-0.999999969985162 0.000245009541608194 -0
-0.999999975405227 0.000221787160628427 0
0.999999966825789 -0.000257581871305401 -0
-0.999999972615931 0.000234025931562145 -0
0.999999970893616 -0.00024127322128932 -0
-0.999999971977518 0.00023673817550466 0
-0.999999971750559 0.000237694934746337 0
0.999999971923464 -0.000236966393171982 -0
-0.999999969418343 0.000247312178256976 0
0.99999997597039 -0.000219224131986189 0
-0.999999961260788 0.000278349460262619 -0
0.000239640612957615 0.999999971286188 -0
-0.999999973607175 0.000229751277704779 0
0.999999967898452 -0.000253383294927132 -0
-0.999999976919738 0.000214850001200601 -0
-0.999999966872499 0.000257400467148206 0
0.999999976521378 -0.000216696202556689 0
0.999999975527073 -0.00022123709827328 0
0.000216040813444658 0.999999976663183 -0
0.000216576251127906 0.999999976547363 -0
-0.99999997147379 0.000238856483072859 0
0.999999969508004 -0.000246949369939739 0
-0.9999999744123 0.000226219804640584 0
0.000224078083023958 0.999999974894506 -0
0.999999974836777 -0.000224335564592593 -0
-0.999999965674963 0.000262011590267756 0
-0.999999969324924 0.000247689625799487 -0
0.000222574215457189 0.999999975230359 -0
0.999999969062755 -0.00024874583281298 -0
-0.999999974403694 0.000226257843344071 0
-0.999999970611978 0.000242437709099466 -0
0.000211397515892157 0.999999977655545 -0
0.999999981646711 -0.000191589610161634 0
-0.999999962678485 0.000273208763964028 0
0.000210739201843133 0.999999977794494 -0
0.000215929636820092 0.999999976687196 -0
0.00021587989837732 0.999999976697935 -0
0.999999973651522 -0.000229558173804975 -0
0.000214200461957306 0.999999977059081 -0
-0.999999966494877 0.000258863371039899 0
0.999999981455062 -0.000192587318518301 -0
0.000210920606006274 0.999999977756249 -0
0.000218832059762404 0.999999976056264 -0
0.000219487448873241 0.99999997591263 -0
0.999999976759162 -0.000215596092394435 -0
-0.999999965334519 0.000263307729223015 0
0.999999982561076 -0.00018675611901843 -0
-0.999999962819045 0.000272693800845476 -0
0.99999995926904 -0.000285415345586363 -0
-0.999999974657269 0.000225134319158966 -0
0.000212594178008375 0.999999977401858 -0
0.999999973188077 -0.000231568229695189 -0
-0.999999967523725 0.000254857898562044 0
0.999999973861997 -0.000228639467813192 -0
0.999999974939067 -0.000223879129253926 -0
-0.999999974944961 0.000223852804841257 -0
0.999999973226684 -0.000231401450208162 -0
-0.999999976706777 0.000215838934738815 0
-0.999999971827702 0.000237370165129756 0
-0.999999970993768 0.000240857764145765 0
0.000207836778885788 0.999999978401936 -0
0.000207705113165327 0.999999978429293 -0
0.000220888929175048 0.99999997560404 -0
0.999999972166985 -0.000235936496009981 -0
-0.999999973244282 0.00023132538735337 -0
-0.999999968658247 0.000250366741395015 -0
0.999999985965302 -0.000167539239023108 0
-0.999999962077366 0.000275400194838593 0
0.000221962714920778 0.999999975366276 -0
0.000209448912709093 0.999999978065576 -0
0.000209290908023933 0.999999978098658 -0
-0.999999966183625 0.000260062972602526 0
0.999999977979087 -0.000209861444926703 0
-0.99999996667565 0.000258164093375613 0
0.999999985161469 -0.000172270313841533 -0
-0.999999959651441 0.000284072378597098 0
0.000203825456396523 0.999999979227591 -0
0.00021631876955795 0.999999976603095 -0
-0.999999960354003 0.000281588337861846 0
0.999999983125257 -0.000183710330558318 -0
-0.999999966258152 0.000259776241693923 0
0.999999972261475 -0.000235535663538428 -0
-0.999999973725349 0.000229236343673188 0
0.999999968816269 -0.000249734780879748 -0
-0.999999975895287 0.000219566451215305 0
0.999999965996181 -0.00026078273936033 -0
-0.999999978969767 0.000205086481635397 0
0.99999996474499 -0.000265537227921324 -0
0.999999968468969 -0.000251121607374381 -0
0.99999997568863 -0.000220505646307851 0
0.000233230101935378 0.999999972801859 -0
0.000223715289252679 0.999999974975734 -0
-0.999999965745455 0.000261742408967552 -0
0.999999974727703 -0.000224821249278512 -0
-0.99999997443546 0.00022611740282098 0
-0.999999971134541 0.000240272588029484 -0
0.000212327936185384 0.999999977458424 -0
0.999999975802046 -0.000219990697721134 0
-0.999999972691883 0.000233701161944722 -0
0.000213000874907553 0.999999977315314 -0
0.000215028480428508 0.999999976881376 -0
0.999999981521495 -0.000192242059796767 -0
-0.999999963059605 0.000271810208651049 0
-0.999999967038725 0.000256753867411048 0
-0.999999977013306 0.000214414054954313 0
-0.999999972233215 0.000235655614965669 0
0.999999968357187 -0.000251566342965447 -0
0.999999969583817 -0.000246642179037334 -0
-0.999999967359469 0.000255501587917383 0
-0.999999972895265 0.000232829269463062 0
0.000213082802184711 0.999999977297859 -0
0.999999983655839 -0.000180799118198531 0
-0.999999960413299 0.000281377684362036 0
-0.999999970541713 0.000242727364946519 0
0.99999997631487 -0.000217647097390016 -0
-0.999999963519423 0.000270113222691668 -0
0.000217576884404026 0.999999976330149 -0
-0.999999967315343 0.000255674231822735 0
0.999999971855477 -0.000237253124085462 0
0.999999969405314 -0.000247364856185268 -0
-0.999999974511488 0.000225780918910922 -0
-0.999999976755379 0.000215613642002976 0
0.999999965064355 -0.000264331776494554 0
-0.999999961152402 0.00027873857843054 -0
0.99999998586365 -0.000168144875157405 -0
0.999999975719588 -0.000220365205784218 -0
0.000199076817500623 0.99999998018421 -0
-0.999999973736079 0.000229189530165588 0
-0.999999961515284 0.00027743365013572 0
0.999999983575863 -0.000181240928875063 -0
0.999999964652477 -0.000265885397008206 0
-0.999999978063738 0.000209457687513398 0
0.999999974018968 -0.000227951889872406 -0
-0.999999967402064 0.000255334822985185 0
-0.999999977937311 0.000210060413250463 0
0.999999962015295 -0.000275625487564507 -0
0.999999988701846 -0.000150320685982159 -0
-0.999999959903711 0.000283182936541836 0
0.000213375382972339 0.999999977235473 -0
-0.999999971503132 0.000238733606711181 0
-0.999999969308984 0.000247753974362704 0
0.000216315844623194 0.999999976603727 -0
0.000217881164929814 0.999999976263899 -0
0.999999974314248 -0.000226652825948731 -0
-0.999999962250408 0.000274771144718504 0
0.999999984018279 -0.000178783226927776 -0
0.999999974708622 -0.000224906101489773 -0
-0.999999963858461 0.000268855122445733 0
-0.999999968833071 0.000249667492830025 0
0.99999997476321 -0.000224663259146847 -0
-0.999999963895423 0.000268717606861727 0
0.999999976868163 -0.00021508991861034 -0
-0.999999972101366 0.000236214452119522 0
-0.999999963778973 0.000269150613604286 -0
0.99999997553225 -0.00022121369879531 -0
-0.999999969094767 0.000248617106582811 0
0.999999975827787 -0.000219873656675445 -0
-0.999999969737338 0.000246018949668659 0
-0.999451801247852 0.00975342838567373 -0.031638072272982
-0.999483338189832 -0.00896933572551234 0.0308643434654433
-0.999424203374117 0.00965839538420058 -0.032526560048879
0.999539360712601 0.0290293121500646 -0.00885242465880673
-0.999990496077964 0.00316573284992256 -0.00299764728918448
-0.999999300871589 -0.000737423696318734 0.00092437147611606
-0.999571894137353 -0.0085739823641188 0.0279734745264805
-0.999757895150025 0.00804974428913055 -0.0204781029900611
-0.999999407235534 0.000961549011430556 -0.000510834687814819
-0.999824644648969 -0.0079241340393434 0.0169672641368455
-0.999951265027226 0.00818773931412776 -0.00551620298518728
-1.21830925820005e-05 0.290398744447446 0.956905726325702
-0.99976657189918 0.0118328225789415 -0.0180772238681096
-0.999993043123242 -0.00217105312952024 0.00303318865675197
-0.999829222129753 -0.0039472502529376 0.018053968839373
-0.999885521907329 0.00344743643455082 -0.0147328972757281
0.999897539412917 -0.0139152575021866 0.00335801796322189
-0.999677415063652 -0.00984059384564894 0.0234142803523641
-0.999606742073492 -0.0156771390934794 0.0232505593709909
-0.999606717354653 0.0156637655762643 -0.0232606334270125
-0.999614991420903 -0.0176297538683828 0.0214257019751693
-0.999618761727049 0.0175887920671305 -0.0212829884391343
-0.999563995493063 0.0139940416062147 -0.0259997252575379
-0.999918665132394 0.00306538130718227 -0.0123800871278435
-0.999604357917186 -0.0260795349281542 0.0105349651590141
-0.999596157677818 0.0180552320329579 -0.0219437952956665
4.01097974499013e-05 0.238858683980421 0.971054338066797
-0.99958509974819 -0.0203636488401575 0.0203703256556397
-0.999617487132133 0.0254978398199516 -0.0107116564618031
-0.999720673357681 0.0206974925767705 -0.0114100421690812
-0.999680645489895 -0.0222671741706816 0.0119490580114134
-0.999610299340936 -0.023209752810994 0.0155098944541179
-0.999619163188661 0.024333250819351 -0.0130162010803455
-0.999614631906724 -0.0153590370618647 0.0231233141767723
-0.999589002462322 0.0202680205066926 -0.0202739611600747
-0.999655853335347 0.0103579841093887 -0.0241015986517047
-0.999597775505876 -0.0181102329638418 0.0218244510973263
-0.999615232082696 0.0230583091840144 -0.0154175927379432
-0.999582308380909 -0.0241232301735918 0.0159147270754034
-0.999544835866607 0.0266244765823619 -0.0141865548711707
-0.999612801941541 -0.0109583319733754 0.025576574339486
-0.999670131823846 -0.0246502138921838 0.0072107207936419
-0.999508886882948 0.00872256023559808 -0.030098205676544
-0.999598186809146 0.0235094198123579 -0.0158357856752777
-0.999612343674692 0.0155487836711695 -0.0230954042947191
0.999700590490584 -0.0216652022681255 0.0113731430774367
-0.999596295033114 0.0219458064558739 -0.0180451803835275
-0.999603756909927 0.0134662822188625 -0.0247181798432044
-0.999590727468534 -0.0133063407911889 0.0253242740009805
-0.999593547869333 -0.0160406683446094 0.0235676901086582
-0.999594906905755 -0.0220556481313901 0.0179880647536072
-0.999607855445894 -0.0247784718214969 0.013044641238877
-0.999597673245095 0.0180708645153119 -0.0218617359480457
-0.999587156087244 0.0203202328947647 -0.0203126935810469
-0.999644444011419 0.0104417825556421 -0.0245347658265067
-0.999591817155761 -0.0221088293507395 0.0180941631468227
-0.999616569499803 -0.0243792630172841 0.0131288048267756
-0.999645554350951 -0.022051792093038 0.014915901979596
-0.999595923369018 -0.0179648192893889 0.0220285099800408
-0.999601946733942 0.0218443651406667 -0.0178541815078321
-0.999618923858911 0.015457938098463 -0.0228704878149978
-0.999585952944871 -0.0203928020077925 0.0202991699723378
-0.999606567769592 0.0199039388235789 -0.019762158060356
-0.999700731414998 0.0118876020128491 -0.0213806577705814
-0.999599459738507 -0.0219065154738958 0.0179171613342178
-0.999592361927752 0.0182334328692308 -0.0219693400333584
-0.999648691096489 0.0220624570445721 -0.0146881713712925
-0.999591059588712 -0.0203111876656771 0.0201288163071368
-0.999653741793079 -0.0126744678976668 0.0230598001423868
-0.999578623999513 -0.01376146670991 0.0255577087633482
-0.999708283687952 -0.0186670456881367 0.0153260866161913
-0.999653590999953 0.0203741429468795 -0.0166611014065304
0.999999976651174 -1.65736645589552e-05 -0.000215459893331909
-0.999675456759358 -0.0120897814887587 0.0224236111392193
0.999999990012146 -1.36551918136521e-05 -0.000140674244057645
7.72976681901775e-05 0.0771099355380895 0.997022593458334
-0.999999988143588 0.000153284776365579 1.47173751687428e-05
0.999999977642557 -1.53978874073324e-05 -0.0002108975839019
-0.999999964314049 0.00026610721547782 2.36400153291206e-05
0.999999980688867 -1.42686279950479e-05 -0.0001960068186849
-0.999999950072281 0.000315220095105631 2.21749168085227e-05
0.999847957677611 0.0173524009287831 -0.00171921782119052
0.999994571977024 0.00326225232935555 -0.000462305340294978
9.22793780658745e-05 0.0878041930058478 0.996137749096533
-0.999554306270589 -0.0110675771414921 0.0277253954370188
0.9999999636713 0.000154765427952721 -0.000220692231746358
-0.999915712374416 -0.00265148906035296 0.0127097502936373
0.999664213141868 -0.0249571673791168 0.00697142452165745
-0.999665085571612 -0.00705872618167752 0.0248976118090389
0.999957573300349 -0.0090494598416211 0.00172013832353156
4.20384163608085e-05 0.0707691154532355 0.997492722043995
-0.999999995726716 9.21580586883936e-05 7.31158305168538e-06
-0.999942520670873 0.00375619010151972 -0.0100422303450205
-0.999547249883798 -0.011392176515685 0.0278480441677975
-0.999715738112032 -0.0195048153542591 0.0137114969682891
-0.999458504898623 -0.0181677713110493 0.0274340859406569
-0.999547589526565 -0.0212001675444911 0.0213346939916807
-0.999729563789628 0.0213449476275062 -0.00922997810290009
0.999972082259267 0.00697514848543202 -0.00267992643025722
0.999476933899608 0.0296343627026492 -0.0129484805998976
-0.999583653669603 0.0113326475310547 -0.0265347021174826
-0.99972488268963 0.0135022989366605 -0.019179334050761
-0.999928922777419 -0.00212632254784788 0.0117315022743711
-0.999622854633436 0.0194699708916147 -0.0193666911985571
-0.999954576164052 0.00896583118106987 -0.00323411190340446
-0.99980566966139 -0.0180394466518576 0.00794992310870175
4.88431962287786e-05 0.074023871785948 0.99725646852761
-0.999891902289342 -0.00117914191519857 0.0146558302577668
-0.999691592808883 0.00231678460175008 -0.0247255288385946
-0.999842268032167 -0.00120546287936216 0.0177196477261496
-0.000134863951647398 0.0980132112969554 0.995185104502159
-0.999617669181084 0.00259241190935319 -0.027528074060289
-0.999891080922618 0.00148892641286355 -0.0146836436055939
-0.999999939426278 0.000323179503043747 0.000129237957128623
7.25782943260809e-05 0.0688062188821265 0.997630041135258
-0.999999996881772 7.87725082732593e-05 5.59901012065464e-06
-0.999525480414818 -0.0270431739796285 0.0147472283035065
-1.8256052066924e-05 0.20735838374798 0.978265046066833
0.999530160320177 -0.0305440941900089 0.00255282596996258
-0.999527120585776 -0.00260871301643568 0.030638698241042
0.999999980964451 -1.31870525020889e-05 -0.000194672028410668
-0.999999953754561 0.000303431226013945 2.05028368274789e-05
-0.999540798659934 0.014075682867309 -0.0268340635402358
-0.999371141100348 0.0275456377667547 -0.022328461116042
-0.999394518024411 -0.0222665180559387 0.0267357348210238
0.999999944768416 -0.000324695616745037 -7.09642322011146e-05
0.998953608271631 -0.0422019759138562 0.0176261666296094
-0.999999975740216 0.000219768083871973 1.4884793794573e-05
-0.999713426552669 0.00991806744082816 -0.0217875356238302
-0.99973683997346 -0.021093630767981 0.00901718031890443
-0.999999949134119 0.000318170947999861 2.2338455225028e-05
-0.999781817104419 -0.00512749998321511 0.0202491217416562
-0.999748757587197 0.0205714471030764 -0.00890153171882435
0.999821462171691 0.0184257176427168 -0.00418768554366439
-0.999826131028249 0.00414260297151483 -0.0181809392964838
0.999975049286265 0.00622817591678583 -0.00333326111822892
-0.999871120842054 -0.0151941416287023 0.00518457001324373
-0.000135082140852284 0.207119330103791 0.978315677504031
-0.999860153043229 -0.00368505450942833 0.0163124102950448
0.999987266480551 -0.00497797095357267 0.000828662742087953
-0.999995978304028 -0.000244049234043085 0.00282556467646911
-0.99999994206845 0.000339584957526174 -2.33485027218698e-05
0.999899277706094 -0.0135139760970163 0.00433669146715027
-0.999819345654782 0.0156863827808802 -0.0107337528244283
4.89345262406592e-05 0.0694675868948871 0.997584207962623
-0.999962920423022 -0.000573420611274193 0.00859237847534176
0.999993485694168 0.00336172980470551 -0.00131428381580275
0.999988651823998 0.00473460633005187 -0.00052889140976481
-0.999996657321406 0.000488796472196504 -0.00253898090264399
0.99999994889602 0.000157306629754138 -0.000278321006455787
-0.999861235944729 -0.00521164361168603 0.0158223773796562
0.999997241790908 -0.00232866534834667 0.000306150734345158
0.999999970724679 -0.000177962778002335 -0.000163950880345858
-5.02277051174626e-05 0.213331225138247 0.976979931144029
-0.999973848138902 0.00137795300598109 -0.0070995974385753
-1.89008312655658e-06 0.203353760080342 0.979105330522521
0.999994770491695 -0.00319920387073681 0.000473374962223867
-0.999744641297896 0.00523336093603434 -0.0219832693077026
-9.49769621781839e-06 0.228775049513384 0.973479314947135
0.999631019451134 0.0263868160711925 -0.00644677351168862
0.999999987820627 -0 -0.000156072883246426
0.999999989845217 0 -0.000142511633756671
9.90278562913973e-05 -0 0.999999995096742
0.999999990232565 -0 -0.00013976720083427
0.999999993330853 -0 -0.000115491536374178
0.999999986895904 -0 -0.000161889443613727
0.999999987730045 -0 -0.000156652194970422
0.000109095656886142 -0 0.999999994049069
0.99999998931775 -0 -0.000146165997906103
0.999999987057395 0 -0.000160888810305973
0.999999991179256 -0 -0.000132821266299135
0.000109903186303386 -0 0.999999993960645
0.999999988516369 -0 -0.000151549536973541
0.99999998977421 -0 -0.000143009018203971
8.93169995909222e-05 -0 0.999999996011237
0.999999983375873 -0 -0.000182341039059878
0.000105046295505187 -0 0.999999994482638
0.999999989503819 -0 -0.000144887408467095
0.999999986617826 -0 -0.000163598129431958
0.999999986462772 -0 -0.000164543174424474
0.999999990171539 -0 -0.000140203147097867
0.000111412918376768 -0 0.999999993793581
0.9999999861227 -0 -0.000166597118966837
0.99999998890587 -0 -0.000148957244330632
0.999999990213335 -0 -0.000139904716429144
0.999999989355777 -0 -0.000145905605943336
0.000102193610849341 -0 0.999999994778233
0.999999984350787 -0 -0.000176913611499856
0.999999991128664 -0 -0.00013320162424928
0.999999987035732 -0 -0.00016102340096469
0.999999988778682 -0 -0.000149808662310229
0.999999992794352 -0 -0.000120047056997377
0.999999987289827 -0 -0.000159437591511835
0.999999990597943 -0 -0.000137128094668164
0.999999989224746 -0 -0.000146800912498996
8.99255752303556e-05 -0 0.999999995956695
8.6089806836051e-05 -0 0.999999996294272
0.999999983574272 -0 -0.000181249703679514
0.999999983127944 -0 -0.000183695705884253
0.999451801211032 -0.00975200250981877 0.0316385129719032
0.999483330900073 0.0089259678406821 -0.0308771493341186
0.999424192938252 -0.00971426092494636 0.0325102399930405
-0.999539369814387 -0.0290145336259029 0.00889972075568433
0.999990497658428 -0.00315480298452136 0.00300862277104035
0.999999301662616 0.000741856763033964 -0.000919958054889116
0.999571894451334 0.00856142030914229 -0.027977310543744
0.999757901391017 -0.0080860092832459 0.0204635055672441
8.86644538051654e-05 0.566307309780924 0.824194165853719
0.999824642330969 0.00794007023524454 -0.0169599490685716
0.000113850422694012 0.571736149342834 0.820437543371042
-0.99950411803839 0.0301417397055677 -0.00911007968247802
0.99976657445959 -0.0118552583563178 0.0180623764394985
0.999993040697806 0.00220276550898344 -0.00301104302002684
0.999829223074272 0.00395552219366065 -0.0180521059954977
0.999885525177213 -0.00341946602972282 0.0147391924188438
-0.999897566415545 0.0139222657023094 -0.00332072190712178
0.99967742143651 0.00994035968736801 -0.0233718274710374
0.999606735257466 0.0157432275695839 -0.0232061546492072
0.999606710446798 -0.0155359429043357 0.0233464966922988
0.999614987321217 0.0177190535293204 -0.0213521021173057
0.999618758776653 -0.0174967061265906 0.0213588945534039
0.999563988988554 -0.013881859343848 0.0260600440991011
0.999918668017181 -0.00309887282483956 0.0123715131637774
-0.999604308403424 -0.0261594854438946 0.0103396297140524
0.999596149940729 -0.017993503729588 0.0219947913653418
-0.999912630513307 -0.0128259912332027 0.00319770055595807
0.999585096101986 0.0204213548877563 -0.0203126540691336
-0.999617433642462 0.0254143102771194 -0.0109132575886181
-0.99972064781765 0.0206244275669425 -0.0115437998333835
-0.999680628588326 -0.02231736721666 0.0118564727371325
0.999610294725667 0.0232616967342268 -0.0154321788322077
-0.999619163440452 0.0243058786051048 -0.0130672241828218
0.999614636334589 0.0154482399952523 -0.0230636230180056
0.999588999307611 -0.0202099019556817 0.0203320516955611
0.999655859694101 -0.0102591984467033 0.0241435504116406
0.999597770698136 0.018152389777872 -0.0217896204801605
0.999615227576132 -0.0230064530926245 0.0154951577602732
0.000246403765839894 -0.554961705049303 -0.831875859256629
8.7238103902295e-05 0.474970349901172 0.880001794943778
0.999612792321098 0.0110541355845939 -0.0255356909930934
-0.999670066017933 -0.0247048838438194 0.0070304922989325
0.999508925306677 -0.00883329170301872 0.0300646169105952
0.000244447045315627 -0.555644769756615 -0.831419767679215
0.999612347420021 -0.0154673789185812 0.0231498396284823
1.74884515132736e-05 0.471396359815928 0.881921465690935
0.999596286205744 -0.0218800530117189 0.0181253381730991
0.999603748484946 -0.0133974441414596 0.0247558983945399
0.999590724488568 0.0132938054915676 -0.025330974161531
0.999593542410598 0.0160957042075721 -0.0235303692511248
0.000179718360460124 -0.634389310434006 -0.773013693609872
0.000360512165445584 -0.471387800229853 -0.881925967315533
0.999597674353558 -0.0180617588910877 0.0218692087812544
0.99958714819694 -0.0202528718447753 0.0203802439030759
0.999644436224024 -0.0103570482555879 0.0245709722596496
0.999591808916487 0.0221727263244288 -0.0180162636084047
0.99961656869276 0.0244089234090871 -0.0130736396203495
0.99964555611394 0.0220673085189552 -0.0148928182820037
0.999595926759203 0.0180560448294524 -0.0219536432404201
0.999601942421586 -0.0217822964510236 0.0179300939292569
0.999618918482755 -0.0154031356826599 0.0229076673301626
0.999585945134658 0.0204638432103051 -0.0202279363830526
0.999606565590919 -0.0198662518605431 0.0198001531444089
0.999700742735085 -0.0117401521364682 0.0214614492225546
0.999599456578882 0.0219559355031946 -0.0178567439188447
0.999592360725696 -0.0182103817201073 0.0219885055526276
0.999648694454211 -0.0220217648460042 0.0147488829766712
0.999591057460274 0.0203437315886284 -0.0200960302174793
0.99965373265444 0.0127511712176727 -0.0230178718091554
0.999578616994448 0.0138618717387588 -0.0255036656064517
0.999708283785831 0.0186634162255978 -0.0153304998215766
0.999653591873326 -0.0203610401341854 0.0166770590756215
-0.999999981641107 1.46970722400948e-05 0.000191054394236996
0.999675467460822 0.0122376512917209 -0.0223427761893691
-0.999999993192274 1.12736671592535e-05 0.000116139385741354
-0.999999999886521 1.16167119606041e-06 1.50202748914227e-05
0.999999992014968 -0.000125794224425723 -1.20779169258072e-05
0.000179175284839536 0.0728225602135211 0.997344896522845
0.999999968576145 -0.000249711040276185 -2.21834376395243e-05
0.000146502463580752 0.0726062770590472 0.997360670504233
0.99999996523121 -0.000263049709512092 -1.85048653797976e-05
-0.99984798951018 -0.0173531103552788 0.00169334977124865
0.00018606756501697 0.0749864052353513 0.997184538793468
-0.999857098974781 0.0168431976001181 -0.00144510357378063
0.999554299604892 0.0110457720961496 -0.0277343299932222
0.000151959156242048 0.0727142666793825 0.997352802337114
0.999915728258347 0.00271250408044501 -0.0126956174797986
0.00052480367102278 0.29027163311775 0.956944148625332
0.999665064760596 0.00701837440653056 -0.0249098518237891
0.000196283119090258 0.210887165578983 0.977510391181086
-0.999999999974954 -5.00875327390551e-07 -7.05985217596267e-06
0.999999996544553 -8.28713807526457e-05 -6.57480193923746e-06
0.999942512270643 -0.00378701421458257 0.0100314842976348
0.999547249793512 0.011392584246819 -0.0278478806088718
6.02142016677579e-05 0.572223542053542 0.820097685824042
0.999458504008326 0.0181736340305665 -0.0274302349891752
0.999547594085117 0.0212189578918118 -0.0213157919074124
-0.999729559815152 0.0213136384776324 -0.00930247529680269
0.000209627629644212 0.326629426204111 0.945152460714053
0.000230554933975671 0.391342165708783 0.920245215245796
0.999583647982185 -0.0113508593597492 0.0265271309873893
0.999724877916402 -0.0134445222718429 0.0192201273647579
0.999928919634198 0.00211733839431103 -0.0117333949609294
0.999622862792789 -0.0194254467492627 0.0194109299246534
-0.999954571743525 0.00895242488047611 -0.00327239025526856
-9.41266688856302e-05 0.401807552685504 0.915724129716508
-0.999985815504157 0.00531097958021031 -0.000402847842577825
0.999891905674689 0.00121763545865021 -0.0146524513351448
0.999691592222524 -0.00231960646251163 0.0247252879751288
0.999842257220487 0.00115921821301618 -0.0177233430643555
-0.999571268430594 -0.0291668887687524 0.00256357711124445
0.999617674549575 -0.00265338078288129 0.0275220692993981
0.999891087983484 -0.00146497109909508 0.014685572201406
0.999999951262465 -0.000285397753550053 -0.000126582738475233
-0.999999999949526 -6.91318204665311e-07 -1.00235097955217e-05
0.999999996103985 -8.80503361851354e-05 -6.25846166682205e-06
7.47079409844503e-05 0.474098261263196 0.880471937704966
-0.999939698141305 -0.0107591158878619 0.00220034233434519
0.00040497061534978 0.0980047780989429 0.995185861770844
0.999527081776079 0.00252286273242969 -0.0306471525566397
0.000139196665749244 0.0675850035430396 0.997713509941795
0.99999996297208 -0.000271512905184933 -1.83461170581883e-05
0.999540800736559 -0.0140836025595277 0.0268298304479259
2.09794765023943e-05 0.634392700638308 0.773010931964546
0.999394517170586 0.022282577409534 -0.0267223837514567
0.000144074019731555 0.446258568472363 0.894904055923133
0.000236950107787625 0.391791304334436 0.920054084118194
0.999999971352759 -0.000238815523728784 -1.61748683567571e-05
0.99971342354174 -0.00989685439883433 0.0217973178043288
-0.999736835434811 -0.0211215151397385 0.00895217699729399
0.999999956771759 -0.000293312802484312 -2.0593190378985e-05
0.999781819827405 0.00509166896281957 -0.0202580267986496
-8.11305509141609e-05 0.399021895671997 0.916941394088063
0.000289462838535807 0.205995614154898 0.978552871928856
0.999826092245941 -0.00424309180604787 0.0181598853558167
0.000147917795712535 0.444443197834322 0.895807022756089
-0.999871118969498 -0.0152009560118061 0.00516491887750618
-0.999843379773372 0.0172864581104979 -0.00379398067413022
0.999860154103932 0.00367883343375729 -0.0163137494105117
0.000240761062720564 0.213625375944336 0.976915626237369
0.999995967600649 0.000216133349452905 -0.00283161946894458
0.999999948327821 -0.000320314893345755 2.72529679136045e-05
9.32133278846251e-05 0.316169801204866 0.948702613107686
0.00010301368667684 0.569999756770133 0.821644854344119
-0.999998321176503 0.00182731450707041 -0.000136256628816702
0.999962921128167 0.000585973250546043 -0.0085914494802939
0.000122518649746223 0.320564083517254 0.947226822544592
0.000140543880785788 0.069444549266123 0.997585803239322
0.999996668343024 -0.000451556152158481 0.00254153494845563
0.000135182414062984 0.323584798794368 0.946199164930367
0.999861232261873 0.00519701692010929 -0.0158274203489031
0.000161622757332528 0.201402325492739 0.97950858963268
0.000165769100882085 0.204218434040979 0.978925331022982
-0.99999806283835 -0.00194062463589845 0.000329082921987241
0.99997385111935 -0.00139705684422896 0.0070954428832707
-0.999991629352039 -0.00400784433301206 0.000823656273221224
0.000161464322250448 0.201909851235815 0.979404097348589
0.999744657752556 -0.00517717110496075 0.0219958222072656
-0.999734997519793 0.0224127153490361 -0.00525403890196833
0.000143812786586781 0.232371761311618 0.972627032249679
0 0.00024182913350622 -0.999999970759335
0 0.000297946696681985 -0.999999955613882
0 0.000307607788415992 -0.999999952688723
0 0.000221368763992594 -0.999999975497935
0 0.000209519125695448 -0.999999978050868
0 0.000222006603493863 -0.999999975356534
0 0.000190951770648347 -0.999999981768711
0 0.000229581587834727 -0.999999973646147
0 0.000253017547124954 -0.99999996799106
0 0.000193561612844107 -0.999999981266951
0 0.000246296920328086 -0.999999969668913
0 0.000222670767407552 -0.999999975208864
0 0.000202783859472886 -0.999999979439353
0 0.000249500698793263 -0.9999999688747
0 0.00020466223512554 -0.999999979056684
0 0.000257104946883084 -0.999999966948523
0 0.000247938318007831 -0.999999969263295
0 0.000196519638691446 -0.999999980690016
-0 -0.999999977532292 -0.000211979752533222
0 0.000293195147736629 -0.999999957018302
0 0.000223498771322235 -0.999999975024149
0 0.000257628670260117 -0.999999966813734
0 0.000215797971100309 -0.999999976715618
0 0.000210987894057799 -0.999999977742054
0 0.000275847869907665 -0.999999961953976
0 0.000323404385743873 -0.9999999477048
0 0.000279546122319836 -0.999999960926982
0 0.000327365969648782 -0.99999994641576
0 0.000217287228551947 -0.99999997639313
-0 -0.000233589985321481 0.999999972717859
0 0.000241460475318115 -0.999999970848419
0 0.000213629925056109 -0.999999977181127
0 0.000214036621955017 -0.999999977094162
0 0.000224511118884645 -0.999999974797378
0 0.000217234565174464 -0.999999976404572
0 0.000272292982937068 -0.999999962928265
0 0.000222661978051408 -0.999999975210822
0 0.000270546258537566 -0.99999996340236
0 0.000310823295750656 -0.999999951694438
0 -0.999999976416649 -0.000217178962310311
0 0.000221412652565696 -0.999999975488218
0 -0.999999977429216 -0.000212465451774987
0 0.000229066639251162 -0.999999973764237
0 -0.999999978848381 -0.000205677507635001
0 0.00022135706425361 -0.999999975500525
0 0.000298865417175299 -0.99999995533973
0 0.000219414310952587 -0.99999997592868
0 0.000247601848654905 -0.999999969346662
0 0.00021694781970516 -0.999999976466822
0 0.000217243339978725 -0.999999976402665
0 0.000333934470666503 -0.999999944243883
0 0.000319577377923183 -0.999999948935148
0 0.000218495590402626 -0.999999976129838
0 0.00022865409248685 -0.999999973858653
0 0.000217287228551947 -0.99999997639313
0 0.000250551085039783 -0.999999968612077
0 0.000330894517690314 -0.999999945254408
0 0.000272047201116171 -0.999999962995159
0 0.000226851779718389 -0.999999974269135
0 0.000214811962496827 -0.99999997692791
0 0.000197227691189547 -0.999999980550619
0 0.00020178321163554 -0.999999979641768
0 0.000201338490581347 -0.999999979731406
0 0.000271783869687404 -0.999999963066763
0 0.000234368250787814 -0.999999972535761
0 0.000213609450512784 -0.999999977185501
0 0.000269636298274077 -0.999999963648133
0 0.000313345375272238 -0.999999950907337
0 0.000229236343673188 -0.999999973725349
0 0.000225859921252654 -0.999999974493648
0 0.000215912087211554 -0.999999976690985
0 0.000178803701471521 -0.999999984014618
0 0.000205262035929627 -0.999999978933748
0 0.999999981359149 0.000193084702953063
0 0.00022976591693034 -0.999999973603811
0 0.00028285816693679 -0.999999959995628
0 0.000273302390976121 -0.999999962652901
-0 -0.999999979531807 -0.000202327424127923
0 0.000217137998671841 -0.999999976425544
0 0.000218492665467874 -0.999999976130477
0 0.000233481719081039 -0.999999972743143
0 0.000324317256400769 -0.999999947409157
0 0.000261163097281711 -0.999999965896918
0 -0.99999997692288 -0.000214835376526809
0 -0.999999978211184 -0.00020875255995534
0 -0.999999978363001 -0.000208024032918802
0 -0.999999980014935 -0.000199925310523103
0 0.000308807390000331 -0.999999952318997
0 0.000214311653133909 -0.999999977035257
0 0.000264533640641429 -0.999999965010976
0 0.00031138505783806 -0.999999951519672
0 0.000214253125334892 -0.999999977047799
0 0.000209668341024367 -0.999999978019593
0 0.000210080887793834 -0.99999997793301
0 0.000216877606719138 -0.999999976482052
0 0.000241012829340936 -0.999999970956408
0 0.000199111931269981 -0.999999980177219
0 0.000234596468455519 -0.999999972482248
0 0.000249541676982719 -0.999999968864475
0 0.000238215733196211 -0.999999971626632
0 0.000302142322323127 -0.999999954355007
0 0.000215192320430692 -0.999999976846132
0 0.000199650279341753 -0.999999980069883
0 0.000223329081451462 -0.99999997506206
0 0.000214636422755568 -0.999999976965603
0 -0.99999997534549 -0.000222056341936436
0 -0.999999975862513 -0.000219715666543259
0 0.000276825089110977 -0.999999961683934
0 0.000213006724777077 -0.999999977314067
0 -0.999999977366387 -0.000212760957497492
0 0.000192344476170464 -0.999999981501801
0 -0.999999978066189 -0.000209445987774325
0 0.000210525623397539 -0.999999977839481
0 -0.999999978629373 -0.000206739579100202
0 0.000197429569897719 -0.999999980510782
0 0.000337635662587976 -0.999999943001078
0 -0.999999978158015 -0.000209007102039856
0 -0.999999975809127 -0.000219958508886986
0 0.000201274127464205 -0.999999979744363
0 0.000246264731494529 -0.99999996967684
0 0.000256867954415152 -0.999999967009426
0 0.000331725461066398 -0.999999944979108
0 0.000260832477801505 -0.999999965983209
0 0.000208266875264352 -0.999999978312454
-0 -0.000237317501752995 0.999999971840201
0 -0.999999979595691 -0.000202011429308112
-0 -0.000235708292894406 0.9999999722208
0 0.000188134199869841 -0.999999982302761
0 0.999999980882728 0.000195536555011029
-0 -0.999999977404345 -0.000212582478269325
-0 -0.000245784896685354 0.999999969794892
0 0.000213723552072276 -0.999999977161122
0 0.000195085984085594 -0.999999980970729
0 0.000239564535551352 -0.999999971304416
0 0.000243821625218805 -0.999999970275507
0 0.000252174933106215 -0.999999968203901
0 -0.999999974271789 -0.000226840079979449
0 -0.999999975375368 -0.000221921751282437
0 0.000197760189392344 -0.999999980445453
0 -0.999999974615753 -0.000225318648255138
0 0.000324928756922284 -0.99999994721065
0 0.00033856605373594 -0.999999942686512
0 0.000197979632261101 -0.999999980402032
-0 -0.000232993109463287 0.999999972857105
0 -0.999999979377604 -0.000203088140001514
0 0.000303576006003456 -0.999999953920803
0 0.000190966395322352 -0.999999981765918
0 -0.9999999746408 -0.000225207457079341
0 0.000186410874847665 -0.999999982625493
0 0.000216102266178364 -0.999999976649905
0 0.000313722793712445 -0.999999950789003
0 -0.999999977052185 -0.000214232650791575
0 0.000256221354677729 -0.999999967175308
0 -0.99999993943716 -0.000348031142160228
0 0.000308362654404138 -0.999999952456236
0 0.000205074781896292 -0.999999978972167
0 0.000232010025805918 -0.999999973085674
0 0.000214847076265842 -0.999999976920367
0 -0.999999979137445 -0.000204267252515265
0 0.000199258221665066 -0.99999998014808
0 0.00021455742041325 -0.999999976982556
0 -0.999999980346964 -0.000198257588377513
0 0.00030512668707099 -0.999999953448851
0 0.000209879009087223 -0.999999977975401
0 0.000219604489918961 -0.999999975886934
0 0.000182993503250316 -0.999999983256689
0 0.000210089662598136 -0.999999977931167
0 0.000210247667283217 -0.999999977897959
0 0.00021595890071957 -0.999999976680876
0 0.000234102008968707 -0.999999972598124
0 0.000221433127108916 -0.999999975483685
0 0.000255513287656081 -0.999999967356479
0 0.00019182075277038 -0.999999981602399
0 0.000228370286506381 -0.999999973923506
0 -0.999999939886408 -0.000346737913610894
0 0.000212471301644512 -0.999999977427973
0 -0.999999975171717 -0.000222837532343657
0 -0.9999999788544 -0.000205648243735334
0 0.000198942226844671 -0.999999980210995
0 0.000319053654542998 -0.999999949102381
0 0.000224025419646711 -0.999999974906305
0 0.000223770877564677 -0.999999974963297
0 0.000288326543179921 -0.999999958433901
0 0.000223419768980378 -0.999999975041803
0 0.000219083691462437 -0.999999976001168
0 0.000247525771249085 -0.999999969365496
0 0.000197087250663867 -0.999999980578308
0 0.000214320427938188 -0.999999977033377
0 -0.999999979509306 -0.000202438600753437
0 0.000256168676749788 -0.999999967188804
0 0.00021526839783822 -0.999999976829758
0 0.000212848734644187 -0.999999977347708
0 0.000230447630448899 -0.999999973446944
0 0.000261587343774804 -0.99999996578603
0 0.000268378198027657 -0.999999963986571
0 0.000249070602426865 -0.999999968981917
-0 -0.000235749241980446 0.999999972211147
0 0.000270765672291269 -0.999999963342975
0 0.000252376797254992 -0.999999968152976
0 0.000241782319999036 -0.999999970770654
0 0.00021261759203839 -0.99999997739688
0 0.000225827732418631 -0.999999974500917
-0 -0.000235971609778495 0.999999972158699
0 -0.999999978184301 -0.000208881300740945
0 0.000281172880731417 -0.999999960470905
0 0.000268109016728816 -0.999999964058777
0 0.000247537470987853 -0.9999999693626
0 0.000242449408838278 -0.999999970609142
-0 -0.000242873655337373 0.999999970506193
0 0.000246829403961565 -0.999999969537622
0 0.000230631959544401 -0.999999973404449
0 0.000255791258313521 -0.999999967285416
0 0.000238359098652831 -0.99999997159247
0 0.000208018168497346 -0.999999978364221
0 0.0002544658409001 -0.999999967623567
0 0.00023817476955833 -0.999999971636389
0 0.000223513395995944 -0.999999975020881
0 0.000241875947013403 -0.999999970748013
0 0.000232978484789673 -0.999999972860513
-0 -0.00023691665472992 0.999999971935249
0 0.000211014233022603 -0.999999977736497
-0 -0.000251387878294015 0.999999968402067
0 0.000212623441907915 -0.999999977395636
0 0.000221901262187309 -0.999999975379915
0 0.000200867430562066 -0.999999979826137
0 -0.999999971729694 -0.000237782697339639
0 0.999999970475628 0.0002429994711853
0 0.000236509972389215 -0.999999972031516
0 0.000232375759061775 -0.999999973000753
0 0.000211552581090428 -0.999999977622753
0 0.00029696653800995 -0.999999955905437
0 0.000251112847122242 -0.999999968471169
0 -0.999999974369922 -0.000226407058671357
0 0.000255516227142669 -0.999999967355728
-0 -0.00025216320426366 0.999999968206859
0 -0.999999977040275 -0.00021428823910392
-0 -0.000259003826111557 0.999999966458508
0 0.000252239281669215 -0.999999968187672
0 0.000240056084653448 -0.999999971186538
0 -0.999999977121083 -0.000213910806104593
0 0.00023903788723256 -0.999999971430444
0 0.00019543707812423 -0.999999980902174
-0 -0.000261941362732093 0.999999965693361
0 0.000204910941893063 -0.999999979005753
0 -0.999999975951146 -0.000219311894580602
-0 -0.000244471208104604 0.999999970116914
0 0.000216102266178364 -0.999999976649905
0 0.000257017169739127 -0.999999966971087
0 0.000232677114649799 -0.99999997293068
-0 -0.000232226543735102 0.999999973035416
0 0.000248131421905091 -0.999999969215398
-0 -0.000249313444765576 0.999999968921403
0 0.999999967994756 0.000253002937003468
0 0.000236328568229187 -0.999999972074404
0 0.000216573326193151 -0.999999976547997
0 0.000216233917346207 -0.999999976621446
-0 -0.000254176199607495 0.999999967697229
0 0.000270426292561588 -0.99999996343481
0 0.000219171468608773 -0.999999975981933
-0 -0.000243420792749524 0.999999970373158
0 0.000199629804798251 -0.99999998007397
-0 -0.000244787188363508 0.999999970039616
0 0.000213767440645597 -0.99999997715174
-0 -0.000263764164548518 0.999999965214232
0 -0.99999997919478 -0.000203986371465083
0 0.000226731828290416 -0.999999974296339
-0 0.99999996865531 0.000250378470237586
0 0.000245135357455924 -0.999999969954328
0 0.000185547757144506 -0.999999982786015
0 0.000235895546923947 -0.999999972176645
0 0.000258775593896061 -0.999999966517595
0 0.00023102401721315 -0.999999973313951
0 0.000263398416749284 -0.999999965310637
0 0.000238379573195812 -0.999999971587589
0 0.000241729656622442 -0.999999970783386
0 0.000228194746766703 -0.999999973963579
0 0.000232615676468693 -0.999999972944973
0 0.000226878118682919 -0.999999974263159
0 0.000231533115926567 -0.999999973196208
-0 -0.000253936267652439 0.999999967758185
-0 -0.000234140033120073 0.999999972589222
0 0.000233045772840209 -0.999999972844834
0 0.000230845552539065 -0.999999973355165
0 0.000261692670526412 -0.999999965758472
0 0.000222287469988895 -0.99999997529414
0 0.000240644171152613 -0.999999971045191
0 0.000231152757996862 -0.999999973284201
0 0.000232203129705394 -0.999999973040853
0 0.000198831050218923 -0.999999980233107
0 0.000214179987413989 -0.999999977063466
0 0.000254852048692692 -0.999999967525216
0 0.000276933355347826 -0.999999961653958
0 0.000262397798058088 -0.999999965573697
0 0.000273278962395228 -0.999999962659304
0 0.000297417123453386 -0.999999955771526
0 0.000214177062479229 -0.999999977064093
0 0.000245082708631372 -0.999999969967233
0 0.000251975950236348 -0.99999996825406
0 0.000253596887918266 -0.999999967844309
0 0.000245986789938923 -0.999999969745249
0 0.000284534663784024 -0.999999959520012
0 0.000280731084637393 -0.999999960595028
0 0.000236088650822896 -0.999999972131074
0 0.000278700539728565 -0.999999961163004
0 0.000254670644535115 -0.999999967571431
0 0.000252739605570753 -0.999999968061345
0 0.000281541538908037 -0.99999996036718
-0 -0.000236817177845791 0.999999971958812
0 0.00029524906299292 -0.999999956413994
0 0.000290518003130298 -0.999999957799644
0 0.000256344231037811 -0.999999967143817
0 0.00021822055922448 -0.999999976189894
0 0.000218776471450224 -0.999999976068427
0 0.00019884567489286 -0.999999980230199
0 0.000241782319999036 -0.999999970770654
0 0.000216230992411451 -0.999999976622079
0 0.000253760713364093 -0.99999996780275
0 0.000217102899454792 -0.999999976433165
0 0.000202023143599154 -0.999999979593325
0 0.000206174892065869 -0.999999978745957
0 0.000215084068740824 -0.999999976869422
0 0.000235687803799472 -0.999999972225629
0 0.000232334795423725 -0.999999973010271
0 0.000279162824917589 -0.999999961034058
-0.99999999294911 0 0.000118750917935703
-0.999999992380795 0 0.000123443954149352
-0.999999991277688 0 0.000132078100007978
-0.999999992885733 0 0.000119283416158341
-0.999999990687201 0 0.000136475630463386
-0.999999992257136 0 0.000124441662538249
0.000124786921270915 -0 0.999999992214112
0.000123429329474882 -0 0.9999999923826
0.000116928115968336 -0 0.999999993163908
-0.999999993929736 0 0.000110184067366022
0.000126270314370403 -0 0.999999992027904
-0.999999992592755 0 0.000121714786481527
-0.999999990941004 0 0.000134603090063401
-0.999999992350065 0 0.000123692646374909
-0.999999992677268 0 0.000121018440973447
0.000115184323621964 -0 0.999999993366286
-0.99999999249199 0 0.000122539872780558
0.000124473851373987 -0 0.99999999225313
0.000114768851898518 -0 0.999999993414055
0.00012365462222129 -0 0.999999992354767
0.000127484540699653 -0 0.999999991873846
0.000153585917367581 -0 0.999999988205683
-0.999999995310789 0 9.6842253242991e-05
-0.99999999505464 0 9.94520955457403e-05
-0.999999992626903 0 0.000121433905420016
-0.999999990556975 0 0.000137426525337232
-0.999999993071225 0 0.000117718095774027
-0.999999994009743 -0 0.000109455533019251
-0.99999999182753 0 0.000127847334489342
0.000123069446067569 0 0.999999992426956
-0.999999992762001 0 0.000120316238319439
0.000129517996179467 -0 0.999999991612544
-0.999999991202945 0 0.000132642787063576
-0.999999995441619 0 9.54817364995017e-05
-0.999999992382961 0 0.000123426404539988
-0.999999993927801 -0 0.000110201624251426
0.000118326671408077 -0 0.999999992999399
0.000115275018431819 -0 0.999999993355835
-0.999999992406777 0 0.000123233300629313
-0.999999993146791 0 0.00011707441364508
-0.999999992489481 0 0.000122560347324823
-0.99999999505464 0 9.94520955457403e-05
-0.999949570219984 0.00563900890251573 0.00831015014703017
0.999946551566465 0.00596662333498988 0.00844354287684645
-0.999988079180272 -0.0027784808924888 -0.00401516391691929
0.999988634384632 -0.00256797185681933 -0.00401704146134974
0.999985826535586 0.00275603097284842 0.00455532888146973
-0.999985824920938 0.00264186275965798 0.00462282579702708
0.999998830327612 0.000811929031856435 0.00129619236768152
-0.999998828209154 0.000705197368588236 0.00135877775600766
-0.999976494645846 0.00417258386891058 0.00544056060185771
0.999974663436033 0.00455104942473729 0.00547361262103282
0.999976382451722 -0.004106279272391 -0.00551117131866966
-0.999975260207799 -0.00441441704782766 -0.00547648559502171
0.999998981581297 0.00108557564343145 0.000926478219666827
0.999978420966809 -0.00386599061334578 -0.00531147035236027
-0.999974468670434 -0.00442584897764197 -0.00561015758328222
0.999999338139301 -0.000676961774676155 -0.00093029227472713
0.000138626129032336 -0.684024286232626 0.729459222045169
0.999961934362075 -0.00539869963171343 -0.00685447803587011
-0.999956490364594 -0.00595419761670105 -0.00718087101018829
0.000150895539579383 -0.723907943431977 0.689896562295118
0.000137259507383641 -0.683293769837206 0.73014355113326
-0.999958350778954 0.00617473416339336 0.00672081583182095
0.9999596146597 0.0062609442336424 0.00644745119620573
0.9999948905678 0.00215344457903565 0.00236252296028932
-0.99997741764569 -0.00444093038289391 -0.00504403965009874
-0.999965707626614 0.00487072758265168 0.00669772973638301
0.999964886999322 0.00510471134371611 0.00664580247456387
-0.999969496765192 0.00496687112332863 0.00602791260820426
0.000145065888925677 -0.682558395200736 0.73083104483655
-0.999979090043888 0.00417704222086773 0.00493677964708633
0.999992847049024 -0.00244257581922911 -0.00288784939946003
0.000129766690698958 -0.678635125857269 0.734475560596331
-0.999963175700874 -0.0046222184703799 -0.00723065271153567
0.999963175227321 -0.00448303461800144 -0.00731782685694337
-0.999956546629502 0.00587255822712348 0.00724002159323926
0.99995548117821 0.00614688281108933 0.00715901483178018
0.99990317439792 -0.0077866559638464 -0.0115329882451844
-0.999901965969248 -0.00799911266946471 -0.0114922864275959
0.999961466795644 -0.00418827327448601 -0.00771513388624758
-0.999961462283274 -0.00429776902756741 -0.00765526809988938
-0.999812298116833 0.00826018295458956 0.0175253505498051
0.999812294127469 0.00838800273053851 0.0174647622875287
0.999929090957008 -0.00601400997945029 -0.0102783628004581
-0.99992908992906 -0.00613070543089302 -0.0102092881515824
0.000124157630193611 -0.684113846713265 0.729375232181668
-0.99997579090553 -0.00469485824902 -0.00513574813267013
0.99996613375158 -0.00533285608384111 -0.00626833278530409
-0.999979291033244 0.00286994854286922 0.00576028645232273
0.999979291926684 0.00298576664506392 0.0057009574062774
0.000116524352586932 -0.745683151692269 0.666300700663266
-0.99996111568653 0.0052091612243488 0.0071155993625637
0.99997248232603 0.00453353958102857 0.00587210435743954
0.99995292470194 0.00543818717973502 0.00803582604553557
-0.999947865513028 0.00558197326473832 0.00855031171420809
0.999999995690666 6.30138226189499e-05 -6.81757012094539e-05
0.000172059643382563 -0.678626701426598 0.734483335758092
0.999975691215268 0.00356136785801838 0.00599446724303836
-0.999975688774685 0.00345608842209566 0.00605617968797951
0.000109619695614473 -0.742588581519628 0.669747852986621
0.000121901399144887 -0.744491299597066 0.667632151685583
0.00012595344033002 -0.7138113033935 0.70033806642464
0.000140728061033222 -0.685033117825951 0.728511913202021
0.999964405857905 0.00620570544692657 0.00571631324831137
-0.999999999416876 -3.09943873672755e-05 1.43385923402683e-05
0.999999995367005 8.73642229646028e-05 -4.04163576442207e-05
0.000121825961514411 -0.678484839827936 0.734614393598502
0.999948037166851 0.00496770074127198 0.00890196132919113
-0.999948034313563 0.00485547763514444 0.00896398401249628
0.999945656685135 -0.00443867725271083 -0.00943301758612805
-0.999945646801776 -0.00454797031582622 -0.00938186592232034
0.000136144919975569 -0.683496056339353 0.729954192010097
0.00013060208129456 -0.680228350922078 0.733000254805499
-0.999953391456313 -0.00571230588392646 -0.00778360305424
0.999954790051418 -0.00546179153446698 -0.00778374501504712
0.999941419943398 0.0058793290665265 0.00908791347384405
-0.999941420173505 0.00575271325844466 0.00916856104083772
-0.99997133719342 0.00339365215535358 0.00676815459723487
0.999971342266932 0.00351996540900868 0.00670257326621469
-0.999999147948007 -0.000681862549051756 -0.00111317865816661
0.999999151346886 -0.00056299247378951 -0.0011748808377959
0.999999999848875 1.57893586785804e-05 -7.27636352648409e-06
-0.999999991363651 -0.000119360879057211 5.50061708143131e-05
0.000147906767804019 -0.715894839972453 0.698208103808889
0.000124713751976324 -0.710670876609316 0.703524619033212
-0.999932802770658 -0.00532087452399403 -0.0102994289897859
0.999932808137634 -0.00519622312083032 -0.0103623585762964
0.000158683233959463 -0.723498630645236 0.69032579719586
0.000135787990691456 -0.746130038769871 0.665800230404655
0.000117366345458236 -0.712207109777117 0.701969386090353
0.000129418519033441 -0.74659743584033 0.665276072053919
0.000121023195988162 -0.744815890440049 0.667270016336253
-0.999998303404261 -0.000931315180725157 -0.00158928934840998
0.999998307616362 -0.00080678681120476 -0.00165343867525976
0.000130094368170998 -0.67858806322533 0.73451904231514
0.000130372859233402 -0.712948990159569 0.70121588717981
0.99998497341104 -0.00376336694983452 -0.00398622896015097
0.99999992334469 -0.000174484205510671 -0.000350522289810431
0.000141572322262916 -0.718069233848902 0.69597166275426
-0.999989474055758 -0.00193847114878432 -0.00415861843565418
0.999989469801045 -0.00183240788384522 -0.00420744202252677
0.999946383006962 0.00698920404974872 0.00764082050860679
0.999983145056126 -0.00359059936741501 -0.00456258696803222
-0.999999999999553 8.60160476814223e-07 -3.91451354509692e-07
0.999999989536013 0.000131671125530092 -5.99223538257298e-05
0.000131364154111199 -0.719164870223486 0.694839457846124
0.999998769300963 0.000704114750926383 0.00140200534127441
-0.999998767280854 0.000588868029615158 0.00145556559976949
0.999999935716934 0.000327092253115048 0.000146890388969842
0.000131697318859103 -0.715596958185266 0.698513404375185
0.00014068813759675 -0.71869364301971 0.695326849539053
