0.999353249865276 -0.0349539279123293 -0.00844422330422536
0.999179460604417 0.0394629429062373 0.00911491324394136
0.999999997281217 -7.33793428743829e-05 -7.28268719612967e-06
0.999998937237623 0.000263946701259525 0.00143382556927177
0.999173339430397 0.0232491803056297 -0.0333483640771885
0.999870477451402 0.00399835296150461 0.0155897881544662
0.998989138193417 -0.0133963564357047 0.0429096656456617
0.999999876970794 -0.00013310831339669 -0.000477849948489169
0.999775156290864 -0.00187316770685038 0.0211217448692102
0.999999904526625 1.24128435201615e-06 0.00043697276808846
0.999440232536048 0.0173331134414495 0.0286144153656156
0.999609384404949 -0.0149404275096089 -0.0236191074215287
0.99937573061582 0.010199973270448 -0.0338246892281222
0.999967353032028 0.00741813771422868 -0.00320376387599272
0.999944037264222 -0.00956534879557288 0.00451956216333483
0.999867871294696 0.013086266742779 -0.00964311025295631
0.999979046516646 -0.00520716189761848 0.00384603596337375
0.999176353845842 -0.0122043369620943 0.038699716725644
0.999114319943303 -0.0240384120987354 0.0345359295227773
0.999655481714536 -0.0129488792148411 0.0228307775854916
0.999718839106617 0.00996725169004967 -0.0215150326299023
0.999776220447582 -0.0211524976095217 -0.000284380777651735
0.999686144629578 0.025033579817265 -0.000965462160680544
0.999216427786724 0.0118535356544516 -0.037762734721242
0.999853877689039 -0.0116247067221537 0.0125335335726575
0.999475614827215 -0.030948060440066 -0.00952433308738016
0.999871180866448 -0.00565334634958442 0.0150220287506784
0.999999961823542 -0.000230166379088938 -0.000152893270287154
0.999478719849976 0.0307508608085353 0.00983224931479401
0.999274059480492 -0.0116390621933596 -0.0362751468727126
0.999793669822539 0.0200392728878166 0.00332345075306944
0.999648032592113 -0.00730694537138303 -0.0255033230002943
0.999252557882717 0.0112807738493088 0.0369739057472591
0.999691318822346 0.0144917480118745 0.0201805924293519
0.999985963486018 0.00122302182966459 0.00515529325486379
0.999568189692344 -0.0130991327926686 -0.0263029822501276
0.999944529401624 -0.0071264036476658 0.00775580368594515
0.999615233772673 0.0205282307235217 0.0186541189276123
0.999863654450852 0.00400234956131767 0.0160204152935337
0.999676428128686 -0.0177450424121603 -0.0182250518151024
0.999861333411532 0.00402382248406547 0.0161592945740168
0.999564305657342 -0.0147836938076415 -0.0255468442896162
0.999557586298436 -0.0256244522784557 -0.0151003019398543
0.999679059240074 -0.0209779317223853 -0.0142022849404865
0.999561537360922 0.0256343582688512 0.0148193355051578
0.99948628199273 -0.0213372422026623 0.0239143095977054
0.999657243719112 0.0144487804980624 0.0218318075757892
0.999704101960694 0.0091152534943625 -0.0225526201736436
0.999965512532808 -0.00222944983957466 -0.00800020614812624
0.99957012301018 0.0293167366492834 -0.00031326929197155
0.999579188899245 0.028349709224984 0.00614321629009159
0.999864012862951 0.00303312404460442 0.0162097483054447
0.999687585537487 -0.024432623412701 0.00527050618086363
0.99957367937412 -0.0269747747208141 -0.0111723332945655
0.999540664730646 0.0177010375999128 -0.0245994475081074
0.999994880099974 0.000651472337115403 -0.00313294711607303
0.999509569712024 0.0207924909021651 -0.0234156438341441
0.999538684727937 0.027670788116637 -0.0125197930234604
0.999968450894605 0.00772579808883767 -0.00184641797375967
0.999554546439417 -0.0272304848253923 0.0122151294903481
0.999523716452995 -0.0206065066707443 0.0229719857831562
0.999558946604518 -0.0219973618962655 0.0199506474198496
0.999632834877396 0.0244000645948044 0.0117827111799779
0.999930037507403 -0.00485721248944231 -0.0107855262865053
0.999608274733186 0.00846058311855007 -0.0266779987674697
0.999836990507192 -0.0046454303665705 -0.017447417867122
0.999629457818453 0.0227264607130252 0.0149818238223981
0.999564396742855 -0.0237557117535954 0.0175123648651869
0.99951792764882 0.0205997949960962 -0.0232284471010851
0.999204593818554 -0.00470461426956026 0.0395985643233855
0.999430396308242 -0.0150298410957597 -0.0302156716255981
0.999553334756449 0.014921379143856 -0.0258936946322524
0.999617523312223 -0.0275535171977967 -0.00236870791126034
0.999585301843883 -0.0118651130528914 0.0262382055391488
0.999586675073308 -0.0272016285883458 -0.00930324771414467
0.999583725803556 -0.0156925747385437 -0.0242098782887574
0.999505497162431 -0.0235463047008404 -0.0208406496304097
0.999564353957944 -0.0280639483367654 0.00913876908506086
0.999588303966336 0.0117425166353903 -0.0261789204661313
0.9995520368448 0.0284307775676948 -0.00934968054572766
0.999484706283939 0.0142994684887949 0.0287375556623402
0.999558454062727 0.0238876176087236 -0.0176714073211623
0.999554450387919 0.0220635262419515 -0.0201022764749714
0.999582445397663 -0.0118761152609004 0.0263418438826447
0.999564967449683 0.0182875670944563 0.0231395924138652
0.999373717497544 -0.0108118745170192 0.0336938591521935
0.999549915624463 -0.0150541384887029 0.0259487781888118
0.999571259016146 -0.0159277566303797 -0.0245683682323617
0.999552934780078 -0.0123673481862714 0.027220934432402
0.999494178098296 -0.0144433835588018 -0.0283333128840483
0.999547325913613 -0.0260571287575778 0.0150389261537254
0.999585988400951 -0.0213532986672585 -0.0192844089492135
0.999562145633243 -0.0246173589829276 -0.0164165359858296
0.999593534484161 0.0146235923046581 -0.024472767836294
0.999514499397458 0.0124550522085063 0.0285593621905712
0.9995578968388 0.0220317240641796 0.0199653199812909
0.999577412412434 0.0116020149606006 0.0266531394720397
0.999509646912149 0.0233012329816327 -0.020916937421299
0.999563770437436 -0.0254255271278866 0.0150270222986954
0.999617490885236 0.0138780630211597 -0.0239221922717299
0.999565036208373 -0.0172888892931986 0.0238921053229117
0.999540685679647 0.0244951672711041 -0.0178438911513797
0.999547864869127 0.0274469959535562 -0.0122771433442313
0.999584692964108 -0.01716871149499 -0.0231446956655831
0.999542178202677 0.0177420186139749 -0.0245082592068209
0.999571803403485 0.0180230715119519 0.0230516536061826
0.999523837790785 0.00949124158976299 -0.0293600752905278
0.999666230682005 -0.0151863211025426 0.0208998297936237
0.999531926267287 -0.0127170826481087 -0.0278245248176419
0.999506239864845 0.0312508539968522 -0.00326505676921743
0.999569227177587 -0.0173164750632756 0.0236959863897883
0.999563331115978 0.0244802614999607 0.0165488333493111
0.999548207899045 -0.0177067512527517 0.0242868492374171
0.999567852786288 -0.0206551345594901 -0.0209158574421165
0.999431513519115 0.0335197994767553 0.00361563658693357
0.999510369919773 0.0271934798588963 -0.0154769207532671
0.999461655370969 -0.0103991846628123 -0.0311168186270965
0.999542336710942 0.0177926392982869 -0.0244650589459955
0.99958192535543 0.0143279637607121 -0.0251134218537159
0.999548769542216 0.0200305026574416 -0.0223838394814618
0.999535257624699 -0.0152652069154201 0.0263864022359364
0.999517492491306 0.0181251378773076 0.0252242260698161
0.999567065021741 0.0225510950466654 0.0188979003071336
0.999567914445414 0.0204745283266272 0.0210897629443178
0.999597926304405 -0.0269226065114954 0.00889713361482983
0.999474100609211 0.0132277407188939 -0.0296065716840445
0.999578186792981 -0.0181854322341876 -0.0226437307463438
0.999565325282248 0.013155172479802 0.0263837436771429
0.999541877939482 0.0261615605022205 -0.015218639798065
0.999553441906261 -0.018705681168818 -0.0233026664860093
0.99958427154615 0.0169146760069069 -0.0233490430881871
0.999545378296405 0.0162253793581361 0.0254120796272309
0.999538823829062 0.0150687266569795 0.0263642397074665
0.999587761749305 -0.00931616994344445 0.0271572373153131
0.999568451641174 0.0182404541397919 0.0230259921923279
0.999513164888313 -0.0155870984310625 0.0270273116948258
0.999656410832896 0.00773996610318967 0.0250430270816837
0.999542108686308 -0.0153236181323652 -0.0260913719505636
0.999854783845222 0.00626291065898811 0.0158488855097873
0.999540712322715 0.0151049691050228 -0.0262717399069162
0.999543658873067 0.0223421639621785 -0.0203298233176882
0.999521787669278 -0.0249554146015134 -0.0182598810641753
0.999557201074469 -0.0220858824790029 0.0199403002810074
0.9995668268502 0.0196082962630101 -0.0219470585337418
0.999552228595026 -0.0200319979948398 0.0222274912451387
0.999567532132579 0.0217532111937837 -0.0197875341855572
0.999570377225496 -0.0183610376089292 -0.0228458589508725
0.999562499206903 0.022698202321088 0.0189631693195226
0.999561080951489 0.0132841596514077 0.0264797384701513
0.999068609666029 0.00493755684567677 -0.0428664637261224
0.999640142538768 -0.0136397837713428 0.0230985221116674
0.999561318141723 0.0237890895399943 -0.0176422927546422
0.999540328564869 0.0202588358558931 -0.0225546257383605
0.999603794918186 -0.015373170667335 -0.0235779305452065
0.999517409415396 0.0295860780189774 -0.00946637538818804
0.999569114458427 -0.0206272858095251 -0.0208830194399427
0.999563295495388 -0.0218215604719281 0.0199258073103585
0.999641576634794 -0.0146094820231229 -0.0224339318470851
0.999542100264805 0.0200528385902787 0.0226599528396555
0.999544971880599 -0.022392020707407 0.0202100617725664
0.999611335377174 0.0148707042333887 0.0235805076507504
0.999542119116923 -0.0243914647063983 0.0179055455299946
0.999569078473435 0.0181657600782024 0.023057808233845
0.999544565429839 0.0242750394691387 -0.0179271910361561
0.999542105515483 -0.0302576178970512 -0.000236349046631216
0.999566395020272 0.0157683614369437 0.0248672620883703
0.999573234014606 0.0157411451109398 0.024608254553682
0.999462860097501 -0.0146401818332483 -0.0293198970259441
0.999583632204697 0.0169426712711732 -0.0233561152305453
0.999560097768481 0.0269227415821579 -0.0124409378571747
0.999563475446194 0.0260307499689362 0.0139734966984101
0.999408668538202 -0.0335771079129166 -0.00740885111891606
0.999559888608482 -0.0255042210061236 0.0151513628386709
0.99955170235857 -0.024157741494287 0.0176860916535817
0.999557980329207 -0.0281324807102233 0.00961288142471932
0.99957088766856 -0.0183495773606769 -0.0228327294945492
0.999498234779292 -0.028865457867168 0.0130408594501601
0.999557678829313 0.0270580940555003 0.0123412414059335
0.999496373360564 -0.0213206126183867 -0.0235038532299706
0.999563035685571 -0.020774026311466 -0.0210280175446274
0.999560804056154 0.028411609765353 0.00842492879240947
0.999564982484251 0.0288364955015436 -0.00618888668900949
0.999562008380166 -0.0255414448627237 0.0149474411634098
0.999585282283012 0.0144861278268339 -0.0248880602654196
0.999560841242232 -0.0274739165646803 -0.0111044389195493
0.999559789675216 0.0255667204936945 -0.0150522313175277
0.999551819293038 0.0240799509252635 -0.0177852891856071
0.999568736796601 0.0121247020404519 -0.0267456916021643
0.999497837001667 -0.0211603596473147 0.0235862885716717
0.999858048775518 -0.00643500509976125 -0.0155715448231839
0.99961014889395 0.0099023852625833 0.0261054207843351
0.999563010069246 -0.0268823712367441 0.0122933729301117
0.99956353507554 -0.0227813924717184 -0.0188081765288266
0.999557391272593 0.0281413754045722 -0.00964803309840226
0.999550572485315 -0.0222850252542064 0.0200507030724249
0.999565031602899 -0.022747633132958 -0.018769464125111
0.99949124848943 -0.0311664463057684 0.00677471901341717
0.999565163236553 -0.0196435664334337 0.0219912423854964
0.999559170388277 0.0296788747940755 -0.000793274010760136
0.999560221533302 0.0269338008278706 -0.0124070101660447
0.999560225568261 0.0295544036935248 0.00242748516916905
0.999562315284123 -0.0268556061904264 0.0124078313974888
0.999562213697504 0.020489001817676 0.0213443611443788
0.999608364802778 0.01510988785611 0.0235543691338202
0.999565236428153 0.0243973794722919 0.0165561468710563
0.99955968167228 -0.0291933450804127 -0.00530955536981609
0.999561518500439 -0.0255179260052315 0.0150201925916105
0.999560450917943 -0.0280344936286874 0.00964220554130537
0.999566186514065 0.0225370560958831 0.0189610094736562
0.99956418723903 -0.0195914997643347 0.0220818641912554
0.999578223128441 -0.0170888093281705 0.0234808101038501
0.999558034563273 -0.0296359877993707 -0.00233318819681591
0.999567800787037 -0.013398345777591 -0.0261666956299343
0.9995625003737 0.0254749233552426 -0.0150278450458676
0.999559679387418 -0.0296685036417003 0.000476691288726057
0.999563372521664 -0.0279779499598266 0.0095025590849276
0.999561808534553 -0.0288435369887294 0.00665141286590505
0.999551922665632 -0.0187484975759479 -0.0233334038254973
0.999571547953784 -0.0205731386263954 -0.020819858028706
0.99956150351967 0.0269155509827895 -0.0123431680208332
0.999562346404266 -0.0261495979247011 -0.0138316368942702
0.999549945622759 0.0241931575599285 -0.0177368918590463
0.999625103856482 0.00735463111216097 0.0263734931535703
0.999629068348596 -0.0149030387961375 -0.0227952878279402
0.999602574305772 -0.0116737970461151 0.0256596162052456
0.999583998217868 -0.0145506605734326 0.0249019835285743
0.999560634355412 -0.029407031349296 0.00371008816980074
0.999563023099607 0.0225712742858123 0.0190866557859019
0.999562165584585 0.0218647768546976 -0.0199351113603359
0.999561579090753 -0.0261920613027669 -0.0138067204763403
0.999557052987855 -0.0239871313793491 0.0176157699355903
0.999485753996886 -0.0188658500763083 0.0259288884870456
0.999560289606316 0.0294294103844022 -0.00362453397903404
0.999562129703799 0.0288440047554155 -0.00660092809200325
0.999562338549426 -0.0274216169126449 -0.0110989314575187
0.999562415536351 -0.0246086894681973 -0.0164130999446652
0.999569505653979 0.0204659054708048 0.0210226087800892
0.999560480562925 0.0291618337824315 0.00533227411723812
0.999567494818195 0.0204189813944968 0.0211633764246033
0.999512481472417 0.0190906764062625 0.0247051706167345
0.999562492115393 -0.0218785225593517 0.0199036330021756
0.999445173640728 0.0146962204318261 0.0298892286831693
0.99955978860714 -0.0289023667838792 0.00669941743284403
0.999660114802107 -0.0119846913415008 -0.0231521499495847
0.999562420396532 0.0260296989687328 0.0140507118190924
0.999565595351025 0.0253507261470439 -0.0150320083278596
0.999559260743382 -0.0296818881780067 0.000519399973769679
0.999557771359275 -0.0256922202835583 0.0149723589383838
0.999560236054063 0.0288901934204831 -0.0066851494877216
0.999563720856354 -0.026110810354389 -0.0138055615763663
0.99965829166503 -0.014670267375611 -0.0216352296147207
0.999561797292203 0.0280301509488715 -0.00951441179292886
0.999563475336837 0.0279715589206595 -0.00951055540400626
0.999563226233136 0.0283057310038135 0.00849366556589624
0.999559593800959 0.0295666294278764 0.00253630927449833
0.999571689615612 -0.0277624355101741 0.00925659189628765
0.999564353065142 0.0217871682984194 -0.0199103836979524
0.999562149672959 0.0273699649490061 0.0112425068317804
0.99956700094513 -0.0226949781578733 -0.0187282831026374
0.999548035432394 0.0222899920748721 -0.0201712943695835
0.999551009753609 0.0258415702278878 -0.0151654920361191
0.999560133320596 -0.0295668671331702 -0.00231089680484161
0.999565627059497 -0.0245213100523212 -0.0163481667006488
0.999563982083646 -0.0227486566855802 -0.0188240362325825
0.999562692120807 0.0288193566533615 -0.00662338299446425
0.999563563345634 -0.0273953555728204 -0.0110533852198463
0.999660258882398 -0.0172443432532705 -0.0195448058813788
0.999999990654029 -0.000136204813892578 -1.18401670360117e-05
0.999562842323049 0.0273252037890244 0.0112897070358949
0.999560311386676 0.0294223423478346 -0.00367555048089796
0.999562895542182 -0.0237574500008557 0.0175954944456423
0.999558631999951 0.0291953593653035 0.00549292143742959
0.999560160629688 0.0273920086063299 0.0113649965447738
0.999529494797087 0.0214116668836999 0.0219620024574818
0.999559144149541 0.0269964881006564 -0.0123574664583196
0.999561262305321 0.0280079189806562 -0.00963531903808262
0.999563774016199 -0.0287911847284214 0.00658250381136129
0.999564472186882 -0.0268177191947063 0.0123156761468578
0.9995067732766 -0.0291773109485183 -0.0116144177647038
0.999563668001621 -0.0295346577109983 0.000421432128257205
0.999564050811031 0.0196594522909392 -0.022027579573433
0.999561457798609 -0.029387329197219 0.0036437571507926
0.999562303295828 0.0290484940125367 0.00560239462570421
0.999562985131533 0.0244301853815062 0.0166434610932839
0.999558235631046 -0.0292432543849375 -0.0053071324769705
0.999560298902138 0.0260634119567056 0.0141388619005429
0.999563956904206 -0.0283591670530358 -0.00822518705350453
0.999569470027593 0.0292245301029223 0.0026079549498431
0.999999990838717 -0.000134788964411475 -1.24298499425494e-05
0.999563321877576 0.0260453348846952 0.0139572951465843
0.999559355881439 -0.0285120162823367 -0.00825584625578929
0.999564288759068 -0.0245525659355286 -0.0163830443922957
0.999999995478142 -9.4741163416939e-05 8.2357676500862e-06
0.99999603805383 -0.00111199598339229 0.00258598947737024
0.999999993631504 -0.000112341663395128 -1.07862011307789e-05
0.999440475711082 -0.0334112696094118 0.00155646185073385
0.999554862108972 -0.0297478586645683 -0.00226771673418096
0.999561643840036 0.0291070717065732 0.00541281262125884
0.999556540827059 -0.0285960558111172 -0.00830585828741907
0.999555112314766 -0.0293877206814488 -0.00509306573346753
0.999561278849964 -0.0269658850772332 0.0122511577341266
0.99951297981321 0.0258858638357644 0.0174277146635398
0.999560335116559 -0.0284820268064568 -0.00824078944446557
0.999999992465075 -0.00012228377433337 1.0794816065339e-05
0.999577370305174 0.0256803663162463 0.0136234929315302
0.999534474019028 0.029939198678595 0.0058719357957437
0.999564315540527 0.0196562270943564 -0.0220184430515361
0.999533695866247 0.0151004848249394 -0.0265398980030523
0.999559338087272 -0.0275260211243537 -0.0111107067100542
0.999562576644188 0.0273907491226545 0.0111535749843747
0.999563300775771 -0.0207172823380498 -0.0210713538903386
0.9995776446925 0.0270238365871144 0.0106885212778362
0.999561429930734 0.0284175494032035 0.00833010688663656
0.99956836344166 0.029293611123465 0.0022296084654879
0.999563370293019 -0.0280032622482434 0.00942794102213003
0.999564337475776 -0.0290420617221125 -0.00526249917266544
0.999538689686687 0.0291775040035564 0.00843095958620394
0.999999992868273 -0.000119005984295773 -1.00513701856453e-05
0.999558432014928 -0.0240111777035528 0.0175044089630722
0.999999995620302 -9.32597863641898e-05 7.87451092471642e-06
0.999572895610237 -0.0291389671677991 -0.00222417484939929
0.999574719667206 0.0171185109433811 -0.023607972918239
0.999999994069162 -0.000108602600493193 -8.19462696649394e-06
0.999561206271337 0.0254699916069202 -0.0151219854824908
0.99956389204269 0.0294167229337186 0.00258498284516439
0.999569453354202 0.0181974746167256 0.0230165123065202
0.999495019473246 -0.0244908689704767 -0.0202460708594722
0.999560296875675 -0.026882044496887 0.0125127372497044
0.99955450858069 -0.0238810988010788 0.0179018852657765
0.999563811517709 -0.0236865367105604 0.0176390102570523
0.999550884785874 -0.0264966142611252 -0.0139985055086137
0.999563263300552 0.0295412867453235 -0.000771386662507198
0.99956161501145 0.0293714594398261 -0.0037276220405225
0.999999986781029 -0.000161989700455049 1.40456301355043e-05
0.999561166488791 0.0225914364468098 0.0191598916186427
0.999591648659473 -0.0168405314865231 0.023085329312959
0.999999996397571 -8.45524044233902e-05 7.46655055620404e-06
0.999999992696377 -0.000120464529535362 -9.77462598916236e-06
0.999561743745662 0.0273218793937169 0.0113945314307686
0.999561378929464 0.0295222173432251 0.00234274108019786
0.999560079304608 -0.0291788622862214 -0.00531430675137837
0.999628465626005 0.0201878818305431 -0.0183133868357304
0.999576777575542 -0.0224022090621649 -0.0185581992884768
0.999562435921288 -0.0197713522836485 0.0220006891705116
0.999563281622862 -0.0273837489815008 -0.0111074895027358
0.999562571847218 -0.0261387956940243 -0.0138357624235404
0.999560405021802 -0.0295577362331635 -0.00231018211859805
0.999619739084066 -0.0203776270811979 0.01857766260982
0.999561116153182 -0.0293860203620615 0.0037465826943745
0.999532830882366 0.024612783398328 0.0181199029155859
0.999562797187911 0.0243955231839058 0.0167054759423937
0.999999993051234 -0.000117513242846783 -9.38985420912095e-06
0.999999983256689 -0.000182305986455498 1.58477022185142e-05
0.999999996567622 -8.25440843830049e-05 7.15758768857255e-06
0.999999404498196 4.92999822180622e-06 0.00109131981975625
0.999564778487641 0.023695318667299 -0.0175722929695503
0.999560288835553 -0.0284702281466843 -0.00828704363819028
0.999563919432113 -0.0245441983948231 -0.0164180782879122
0.999565002368404 0.0289659672635478 0.00554786271811519
0.999565641319922 0.02823626877467 0.00844048685663436
0.999949156284803 0.000791692415819102 -0.0100527642183234
0.999561720071505 -0.029601194227165 0.000370226984258571
0.99959109160181 -0.0116732825942734 0.0261033343421082
0.999560153158348 0.0296442496431317 -0.000847750644833419
0.999565669672729 -0.028996030718172 -0.00526328930413082
0.999566606162553 -0.0293517383880035 -0.00225284226652956
0.999564206740473 -0.0283535369668235 -0.00821422819017635
0.999999222436476 -0.000243577111796013 -0.00122302765060019
0.999561196203535 0.0283511800541834 0.00858053807718222
0.999525358877318 0.0279571972166692 -0.0129403278535418
0.999996072592555 0.000112458366143165 -0.00280038436304528
0.999939237891712 0.00378938873209155 -0.0103518625173944
0.99956435998292 0.0295033263197721 -0.0008024886315124
0.999563546524033 -0.0287624131792508 0.00674092340874018
0.999568002963463 0.0258137518025735 0.0140519631905504
0.999567755877753 0.0291803386426945 -0.00357900072785943
0.99959399226154 -0.0278262493052577 0.00612784499134927
0.999530085510638 0.0298555753855488 -0.0069464219203155
0.999562970765939 -0.029074574000187 -0.00534196782823046
0.999532792342116 -0.0303018340344205 0.00399948583230719
0.999586124618149 0.0285242211067321 -0.00373473976676886
0.999569219522878 0.028615245624136 -0.00652250720927596
0.999532229666868 -0.0190612291107665 -0.0239163417346168
0.999620980148967 -0.0273616151674977 0.00303941794483521
0.999756077016293 0.00532705021363413 0.0214338285197496
0.999565278206442 -0.025309571264349 0.0151221759840949
0.999999966795025 -0.000144905851597575 0.000213101486339447
0.999999457407177 -3.10198663270231e-05 -0.00104126035149274
0.999567715448225 -0.0291846312779584 0.00355521177784111
0.999598815551263 0.0243468698649875 -0.0144719686390707
0.999563723001087 0.0203373278906736 0.0214186076688959
0.999571259863094 -0.0292765286121951 0.00042582640287374
0.999531167579758 -0.0266559042967732 -0.0150634591899558
0.999999756954241 -0.000147998334701146 -0.000681313401830951
0.999637821278313 -0.00996257414143495 -0.0249994677228228
0.999570050580491 0.0293129114384527 -0.000683524334283643
0.99954132848595 -0.0285790802185798 0.0100184241476647
0.999622406706164 0.0225460037261407 0.0157073781057558
0.999568758323852 -0.028642863280752 0.00647176683707317
0.999543212919957 0.0278166246985861 0.0118152823084623
0.999645398090302 0.0188233872177227 0.0188350251004103
0.999568615786715 0.027830406638865 -0.00938353880716173
0.999999142238018 -0.000195288577741702 -0.00129513922042507
0.999600568158812 -0.0249489686436145 -0.0132760348071221
0.999999996614249 -8.19921542459126e-05 6.98496077488993e-06
0.999627114223982 -0.00845160418727092 0.0259654172871414
0.999602005726304 0.0280363722487266 -0.00312921381207455
0.999550281753533 0.0130415329129322 0.0270028269948541
0.999576987707265 0.028871453661522 -0.00350496926392144
0.999717269915216 0.00760666046503517 -0.0225281812367723
0.99949251644079 0.0129542389458619 -0.0291014994835378
0.999995461926947 -0.000863644575525584 0.0028862161316213
0.9996524693781 0.0118509196833477 0.0235477423318166
0.999759544997851 -0.00555094173806058 -0.021214128110994
0.999919766901567 -0.0029834098932113 0.0123109311152781
0.999671032209571 -0.0203494747357564 -0.0156117340173816
0.999999978990763 -0.000204355832073692 1.60364358224918e-05
0.99999999552781 -9.41398147876175e-05 9.05953473620514e-06
0.999906438664817 0.00296513444962065 -0.0133537221154972
0.999918098434711 -0.00453793603798146 0.0119667689551634
0.999923661356257 0.00282394736134392 -0.0120289975142156
0.999581825286794 0.0282275226560379 -0.00627546978513669
0.999580391711416 -0.0287614970159023 0.00343755661138882
0.999907128472268 0.00692980775310814 -0.0117350839301765
-7.45945965103509e-05 0.994521676066925 0.104530523143626
1.68469650583669e-05 0.997012971192658 0.0772342863614905
0.999760232721497 -0.0111672578467368 0.0188353237520032
0.999615222142911 0.0181880625678623 0.020942827894203
0.999604681190767 0.0281106221269117 -0.000523703297944335
0.999593689665481 0.0116507287957685 -0.02601376749871
0.999611720768773 0.0191313183271412 -0.0202583405233108
0.999893738262901 0.00544439569701317 0.0135229707585312
0.999482304908452 0.0293830135052426 -0.0131057503500817
0.99962174700075 -0.0274994952991613 0.000375075272673053
0.999994560922995 -0.00130491724052777 0.00302907831246431
0.999472474414313 0.0318146025522519 -0.00652717033435541
0.999969366221273 0.0005103373577038 -0.00781064496744747
0.999488263737701 0.0276886462029108 0.0160171633582884
0.999882885000437 -0.00146485655081029 0.0152338596057578
0.999893463345914 0.00344347585188743 -0.0141846548132108
0.999411339478559 0.0326552002082672 0.0105172439845815
0.999948917435197 -0.00377307539393543 -0.00937690899227419
0.999556916669284 -0.0123419090575551 0.027085930285087
0.999915303967491 0.0029329170675052 -0.0126800192853189
0.999677184915207 0.00229179277142651 -0.0253036291053388
0.999596399389396 0.0282746086357014 0.00275405777972624
0.999972308627366 -0.000820436225876066 -0.00739654398048478
0.999399858710437 0.0139151501630699 -0.0317220901817446
0.999964810487287 -0.000883999278023173 -0.00834244163304511
0.99992125947483 -0.00493411514563065 -0.0115381696121739
0.99999999577661 -9.16173436391509e-05 7.28302975146512e-06
0.999602001289622 -0.0235602266128339 -0.0155162733842232
0.999565208671217 -0.00332831616735528 -0.0292970292957501
0.999607007203106 -0.0199407418966731 -0.0197027399886196
0.999520145252419 0.00333478804861729 0.030795428609679
0.999999996153415 -8.74595628029367e-05 6.63282650589934e-06
0.999990601978051 -0.00104638351220429 0.0042072600491612
0.999999983691263 -0.000180121669565995 1.31779591028734e-05
0.999999993954534 -0.000109633620427569 -8.44992733834757e-06
0.999873292974138 -0.00323372364870372 -0.0155865656389365
0.999999994851826 -0.000101157828984853 7.9650606300372e-06
0.999918763007158 -0.00499178192288216 -0.0117281498741207
0.999980271314719 0.00134442630492425 -0.00613591877812636
0.999706094462424 -0.0235018624218554 0.00594871056539237
0.999637928382378 -0.0110450648863625 0.0245360689810541
0.999946086500986 0.00216902600849045 0.01015477314056
0.999849033173692 -0.0016217427835623 0.0172997344481584
0.999999700282738 -0.000414496993001834 0.00065393170697489
0.999497212353536 -0.0287857908470009 0.013292883164408
0.999992158631585 0.000183597911176249 -0.00395587754490735
0.999999995113533 -9.85995509161417e-05 -7.1458134952789e-06
0.999734278225857 -0.00194949174761653 -0.0229689447330629
0.999867305381831 -0.00617746175485833 0.0150735063851375
0.999436520880602 0.0197062917165214 -0.0271717278961346
0.999488189195411 -0.00356722090967984 0.0317904796104051
0.999751329569456 0.00165579583442723 0.0222381960657576
0.999999993182027 -0.000116467565488617 -8.44105505394766e-06
0.999924500492674 -0.00302519342146562 0.0119097237264088
0.999970112875425 0.00310837086261509 -0.00707893964452029
0.99996775620044 -0.00213333299584744 0.00774179887279483
0.999659874789959 0.00622780206278853 -0.025324873472363
0.999978048056488 0.00157822518377742 0.00643526304085331
0.999999997338517 -7.27850511370406e-05 -5.0300621920334e-06
0.999999992077701 -0.000125500026422577 -9.71299081422612e-06
0.999296212318088 -0.0193441756874944 0.032138495821903
0.999393252927577 -0.0144697580049955 -0.0316820470631739
0.999436603671786 0.0163866565713492 0.0292908300909716
0.999508389184443 -0.0232422465899736 0.0210422889289833
0.999605610781473 0.0229908470163047 -0.0161258750978221
0.999458618437253 -0.0194644244006212 -0.0265255766054081
0.999762228705553 -0.00500492256996329 0.0212234965020978
0.999999824220844 4.4557835853551e-05 0.000591246886377806
0.999309271787797 -0.032116199553867 0.0186956958992965
0.999356045414149 0.0358808144005455 -0.00024829850224221
0.999401553383204 -0.0343950108130327 0.0036767276768783
0.999383099657008 -0.0349308892339546 -0.00364048036336562
0.999530107481975 0.0235695055554308 0.0195970060199012
0.999984970130112 -0.000494370061423244 0.00546032161345824
0.999999802469646 0.000335212644026457 -0.000531688961848464
0.999437073312475 -0.030564800036084 -0.013832190258542
0.99998890293952 -0.00047642116380272 -0.0046868988351132
0.999995679575179 0.000556448365489816 -0.00288638115850921
0.999739413391638 -0.00604017354276 -0.0220141230785184
0.999999508182001 0.000114749934477804 0.000985123448461671
0.99985020648689 -0.00388665164718175 0.0168658983483776
0.999395869735007 0.0328507153458251 -0.0113457506528677
0.999622793954917 0.0218095769295371 0.0166916793619129
0.99973116079753 0.00538631047751717 -0.0225520240746621
0.999551952397942 -0.00831141211314005 -0.0287543889893054
0.999888866839747 0.00112977228530045 -0.014865314813691
0.999614841827368 -0.0248964776904882 -0.0122610520369861
0.999883538435585 0.00344885732460445 -0.0148665715175987
0.999782947124434 0.00463025593487413 -0.0203130344645552
0.99999964908498 -0.000286561864717231 -0.000787218022089217
0.999972749122984 0.000509374921162336 0.00736488619132659
0.99963833017392 0.00704391975068807 0.0259536517978159
0.999804470831325 -0.00765915844542772 -0.0182306718911306
0.999827085581903 0.00693776048019011 0.0172530118042426
0.999819844419971 -0.0044157027287737 0.0184602349236642
0.999826691662082 -0.00435265600516044 -0.0181008570447987
0.999804424750047 0.00441938737104567 0.0192764432790762
0.999999993911992 -0.000110075924650712 -7.70116222487955e-06
0.999876795330792 0.00589474370431676 0.0145480636404341
0.999972954836525 -0.00176906710595742 0.00713862711477361
0.999885892241182 0.00514302876357988 -0.0142039343913076
0.999839838319329 0.00617200932561146 0.0167989288486748
0.999985362505874 -0.00138218865039233 0.00523109247967438
0.999782198547811 0.00167236198445695 0.0208028525038781
0.999656244919413 -0.00682599772600359 -0.0253139832634838
0.99998790789304 -0.000561805657229066 -0.00488553396301651
0.999999990275865 -0.000139228375252778 7.98302069649196e-06
0.999975448907887 0.000416208357856934 -0.00699488041880966
0.999811535946174 -0.0131157656559961 0.0143132554022302
0.999873982628372 -0.00139271222566549 0.0158138931176044
0.999973377337369 -0.00193970082473916 0.00703435691485316
0.999971110560712 0.00424400308317727 -0.00630606706328021
0.999999696230353 -0.000287999177361693 0.000724289773375591
0.999987195831894 0.000955691509311768 0.00496938889645403
0.999889209694077 -0.00360177115369837 -0.0144428384298665
0.999986302467381 0.000977403665724344 0.00514194123748192
0.999797614813585 0.00788582283783652 0.0185079229314737
0.999810603529565 -0.00462902991127778 0.0189031519045583
-0.000183809806292673 0.942167619240248 0.335141975092823
0.999999973788358 0.000215719941835427 7.67345404908856e-05
0.999999983063926 0.000173400185276283 6.16808229457107e-05
0.999999982318722 0.000177174008062872 6.30232304578505e-05
0.999999982690335 0.000175302262302211 6.23574178183079e-05
0.999999974000956 0.000214843325112075 7.64227244103682e-05
0.999999983094607 0.000173243047138306 6.16249336140956e-05
-0.000173630816635911 0.942167632731328 0.335141942594158
0.999999984736593 0.000164614816771686 5.85557469350856e-05
0.999999983541907 0.000170935760971606 6.08042002040092e-05
0.999999982918223 0.000174144474754927 6.19455838101631e-05
0.999999985916731 0.000158122955567201 5.62465029114764e-05
0.999999974054303 0.000214627534137835 7.63309603470018e-05
-0.000187276918180973 0.942167624523587 0.335141958320556
0.999999982557795 0.000175976857542326 6.25823840765784e-05
0.999999984288612 0.000167008333683011 5.94221570169279e-05
0.99999998327703 0.000172301060794972 6.13048527103362e-05
-0.000173803445999 0.942167626813702 0.335141959140598
0.999999973988278 0.000214890965711127 7.64546665722725e-05
0.999999984344574 0.000166720100090812 5.92896283727356e-05
0.999999983570031 0.000170784916223415 6.07655392718283e-05
0.99999998296902 0.00017389008849858 6.18400916800966e-05
0.999999986218075 0.000156426840651152 5.56281746814852e-05
0.99999998599274 0.000157690935337244 5.61078305141103e-05
0.999999965805167 0 0.000261514176752544
0.999999966368271 -0 0.00025935199520023
0.999999963069144 -0 0.000271775109435407
0.999999964442901 0 0.000266672451811539
0.999999965546054 0 0.000262503124809629
0.999999967146816 -0 0.000256332531299121
0.999999967895488 -0 0.000253394994665848
0.999999954757229 0 0.000300808144629696
0.999999961217614 0 0.000278504525453261
0.999999963082661 0 0.000271725370994666
0.999999958261624 -0 0.000288923433564173
0.999999958063581 0 0.000289608071985906
0.99999995935501 -0 0.00028511397545877
0.999999957502473 -0 0.000291539110892145
0.999999954147025 0 0.000302829900264282
0.999999963166093 0 0.000271418150994352
0.999999963860034 -0 0.000268849272576445
0.999999953268343 0 0.000305717698508605
0.00024812557203571 -0 -0.99999996921685
0.999999963214524 0 0.000271239657221872
0.999999963521797 0 0.000270104433335832
0.999999957463221 0 0.000291673716090838
0.000250278993354436 -0 -0.999999968680212
0.999999962990385 0 0.000272064750723988
0.999999954299292 0 0.000302326665970969
0.999999962773547 -0 0.000272860594879207
0.999999962593706 0 0.000273518894346612
0.999999965322962 -0 0.000263351617794779
0.999999959240642 -0 0.000285514822466705
0.999999958878124 -0 0.000286781712050885
0.999999961647477 -0 0.000276956754824821
0.999999965206517 0 0.000263793413895074
0.999999967128066 -0 0.000256405669217848
0.999999964358588 0 0.000266988432065061
0.999999970910554 -0 0.000241203008304472
0.999999965978631 0 0.00026085002740948
0.999999962601706 -0 0.000273489645000285
0.999999966989882 -0 0.000256944031820434
0.999999964863764 -0 0.000265089552848508
0.999999959781823 0 0.000283613032896511
0.999999961934609 0 0.000275918068338712
0.999999969922043 0 0.000245267023173036
0.999999970680743 0 0.000242153903121759
0.999999958732835 -0 0.000287287885807634
0.999999967443138 0 0.000255173907922316
0.999999960904898 0 0.000279625110106434
0.999999961886959 -0 0.000276090712241254
0.999999968343201 0 0.000251621931276341
0.999999959212235 0 0.000285614299347038
0.999999966655247 0 0.000258243110267401
0.999999964207668 0 0.000267553104523078
0.999999958639479 0 0.000287612655411448
0.999999963112074 0 0.000271617104757353
0.999999967612398 0 0.000254509729472165
0.000256543184803188 -0 -0.999999967092797
-0.999999952953848 -0 -0.000306744685290682
0.000248254298265926 -0 -0.999999969184901
0.999999968690467 0 0.000250238015165002
0.000252821532845636 -0 -0.999999968040636
0.999999954277178 -0 0.000302399803891237
0.000246861592795108 -0 -0.999999969529677
0.999999965922893 -0 0.000261063620399384
0.999999957250463 -0 0.000292402243081631
0.999999961522583 0 0.000277407340276025
0.999999970889378 0 0.000241290785449467
0.99999996575618 0 0.000261701430778479
0.999999962530458 0 0.000273750036942139
-0.000229092978215652 0 0.999999973758203
0.999999964273389 0 0.000267307351805065
0.999999961937026 0 0.000275909308086745
0.999999966430461 0 0.000259112092349957
0.999999962682484 0 0.000273194124738948
0.999999970812375 0 0.000241609705195723
0.000257262951562957 -0 -0.999999966907886
-0.999999953704715 -0 -0.000304286983421547
0.00024825723775253 -0 -0.999999969184172
0.999999959524177 0 0.000284520024559082
0.999999961210278 -0 0.00027853086441676
0.999999971282683 0 0.000239655237631159
0.99999995501473 0 0.000299950891368519
0.999999967266705 0 0.000255864396232279
0.999999961936223 -0 0.000275912218469458
0.999999963039722 0 0.000271883346568879
0.999999961806949 0 0.000276380353528807
0.99999997253233 -0 0.000234382890013328
0.999999964823418 0 0.000265241707658088
0.999999968433688 0 0.000251262062446872
0.999999968657511 0 0.000250369680881615
0.999999967205286 0 0.000256104328186981
0.99999995519271 0 0.000299356940441155
0.999999967993276 -0 0.000253008786872828
0.99999995835879 -0 0.000288586935118518
0.999999960547373 0 0.000280900789052712
0.99999996378448 0 0.000269130153613698
0.999999966506237 0 0.000258819482467981
0.999999965370719 -0 0.000263170213638401
-0 -0.999999942585419 0.000338864513483701
-0 -0.999999964962972 0.000264715044797611
-0 -0.999999946412882 0.000327374759004691
0 -0.999999952541904 0.000308084712846317
-0 -0.999999945908841 0.000328910800811995
-0 -0.999999964877719 0.00026503690402476
-0 -0.000282995682519187 -0.999999959956721
-0 -0.99999995228375 0.000308921506110024
-0 -0.999999953168103 0.000306045407613088
-0 -0.999999952086514 0.000309559316501009
-0 -0.999999952392154 0.00030857039752867
0 -0.999999952072927 0.000309603205073644
-0 -0.999999965509182 0.00026264355077706
-0 -0.999999952801154 0.00030724206971252
0 -0.999999958604977 0.000287732592281872
-0 -0.999999954728176 0.000300904711131797
-0 -0.000304959922135809 -0.999999953499722
-0 -0.999999958747967 0.000287235207881027
-0 -0.999999954870688 0.000300430726185
-0 -0.999999952187896 0.000309231636501416
-0 -0.999999949977008 0.000316300461538294
-0 -0.00027928864076194 -0.999999960998927
0 -0.99999995220961 0.000309161408964409
-0 -0.000273726637465082 -0.999999962536863
-0 -0.000284230383273511 -0.999999959606544
0 -0.999999963827782 0.000268969209448748
-0 -0.999999952535591 0.000308105201941262
-0 -0.000280119584127797 -0.999999960766508
0 -0.999999954077001 0.000303061042867727
-0 -0.000305112047845442 -0.999999953453318
-0 -0.000286369165304982 -0.99999995899635
-0 -0.999999951153647 0.00031255832045391
0 -0.999999956378567 0.00029536902896637
-0 -0.000271105081124684 -0.999999963251017
-0 -0.99999996131452 0.000278156356369965
-0 -0.000278700539728565 -0.999999961163004
-0 -0.99999993920273 0.000348704080845657
-0 -0.999999965521472 0.000262596751822527
-0 -0.000273826114346399 -0.999999962509629
0 -0.999999959058326 0.000286152661936826
-0 -0.999999958006795 0.000289804086259355
-0 -0.000295626510520696 -0.999999956302482
-0 -0.999999967901417 0.000253371595188415
0 -0.999999947552351 0.000323875431193884
-0 -0.999999967304873 0.000255715180908172
-0 -0.000288358732012392 -0.99999995842462
-0 -0.000290538492224346 -0.999999957793691
-0 -0.999999954608365 0.000301302618671405
0 -0.999999955361595 0.000298792250155332
-0 -0.000274610229658121 -0.99999996229461
0 0.999999965231978 -0.000263696876499522
-0 -0.999999953380083 0.000305351979804498
-0 -0.999999957121183 0.000292844039171219
-0 -0.99999995793893 0.000290038168338206
0 -0.999999959810864 0.000283510616529486
-0 -0.999999954830249 0.000300565302286825
0 -0.999999959615692 0.000284198194440926
-0 -0.999999959427551 0.000284859433388605
-0 -0.999999962861318 0.000272538735654089
0 -0.999999961469812 0.000277597504682263
-0 -0.999999950278247 0.000315346641788591
-0 -0.999999954708803 0.000300969088799859
-0 -0.999999950670518 0.000314100241256345
-0 -0.999999965381494 0.000263129264553201
-0 -0.999999959279896 0.000285377306884604
-0 -0.000280195661531654 -0.999999960745195
-0 -0.000281307456827482 -0.999999960433057
-0 -0.000293970473679757 -0.999999956790679
-0 -0.00029039512677366 -0.999999957835334
-0 -0.000303102021057806 -0.999999954064581
-0 -0.000261233295713589 -0.999999965878582
-0 0.999999963422153 -0.000270473091515828
-0 -0.000264346386615912 -0.999999965060493
-0 -0.000271813119033772 -0.999999963058813
-0 -0.999999956665873 0.000294394720161252
-0 -0.999999950933926 0.000313260508510064
-0 -0.999999951883417 0.000310214705603723
0 0.99999996367968 -0.000269519271784567
-0 -0.999999966883046 0.000257359488958994
-0 -0.999999957593696 0.000291226041027793
-0 -0.999999961443001 0.000277694071180552
-0 -0.000271722431508116 -0.99999996308346
-0 -0.999999955019994 0.000299933341760076
-0 -0.000282615324604579 -0.999999960064288
-0 -0.999999962802289 0.000272755239024716
-0 -0.000276699273266368 -0.999999961718755
-0 -0.000298616724977339 -0.999999955414025
-0 -0.999999955889792 0.000297019215936107
-0 -0.000304921883432441 -0.999999953511321
0 -0.999999944923774 0.000331892225997315
-0 -0.999999952318089 0.000308810329486961
-0 -0.000263843152336132 -0.999999965193395
-0 -0.000270806650480045 -0.999999963331878
-0 -0.99999995114999 0.000312570020192736
-0 -0.000305831814618623 -0.99999995323345
-0 -0.999999950021424 0.000316160006465206
-0 -0.000302733362866179 -0.999999954176254
-0 -0.999999940151912 0.00034597134791274
-0 -0.000291439634012322 -0.999999957531469
-0 -0.000276778261053154 -0.999999961696896
0 -0.999999947192586 0.000324984345232965
-0 -0.999999958926778 0.000286612007636415
-0 -0.000302955716113532 -0.999999954108916
-0 -0.99999994695175 0.000325724571983386
-0 -0.999999964375774 0.000266924054398973
-0 -0.000271710731769568 -0.999999963086639
-0 -0.999999952363259 0.000308664024543453
-0 -0.999999955979259 0.000296717845811568
-0 -0.999999961892615 0.000276070223146955
-0 -0.999999956863757 0.000293721781480715
-0 -0.999999961958014 0.000275833230682616
-0 -0.000304374760567242 -0.999999953678001
-0 -0.999999944729382 0.000332477416654328
-0 -0.999999949163036 0.000318863490132478
-0 -0.999999940766784 0.000344189524312754
-0 -0.999999956133649 0.00029619706193803
-0 -0.000290740356366816 -0.999999957735022
-0 -0.9999999397514 0.000347127060880868
-0 -0.000305644560588559 -0.9999999532907
-0 -0.999999960256723 0.000281933596561439
-0 -0.000303830548084586 -0.999999953843498
0 -0.999999939815364 0.000346942746344896
-0 -0.999999951130784 0.000312631458373487
-0 -0.999999951050254 0.000312888939939105
-0 -0.000272064750723988 -0.999999962990385
-0 -0.999999951638951 0.000311001760423777
-0 -0.000272866444748476 -0.999999962771951
-0 -0.999999953756339 0.000304117278999595
-0 -0.999999955721914 0.000297583888379763
0 -0.99999995251396 0.00030817540037451
-0 -0.999999950911012 0.000313333646429593
-0 -0.999999945174987 0.000331134449643467
-0.999342508086952 -0.035233340762254 -0.00855355067863291
0.999999977962505 -0.000208918330106162 -2.06910861457498e-05
0.999917781171251 0.00925727573931706 -0.00887320367442409
0.999954217702502 -0.00722272843362898 0.00627651917476593
0.999999707329326 0.000336940549212877 -0.000686885964800398
0.999176027716856 -0.0230665064212347 0.0333946390530607
0.999779255838443 0.00159302025364614 -0.0209499852410469
0.999008048569054 0.0129995498159992 -0.042590264131974
0.999722710790319 0.010081092065955 -0.0212808156049896
0.000296838918644218 0.756609142972444 -0.653867354023092
-0.999254199023444 0.0376533253569908 0.00855995464797296
0.999999929947734 -0.000180079411932236 -0.000328140112676359
0.000106853029571261 0.732961519747621 -0.680270092795272
0.00012125116209282 0.734000843301477 -0.67914854585052
0.999378377136265 -0.0102503732912754 0.0337311304268815
0.999999543879362 0.000205330874749808 -0.000932780949409183
0.999999939085426 -9.17154414739897e-05 0.000336775032528182
0.000293567215332741 0.752571384047002 -0.658510611707868
0.999121951842283 0.0238518336449256 -0.034444380944366
0.99958327612925 0.0127411348898625 0.0259024625167977
7.71972996292062e-05 0.860189243976571 -0.509974958784833
0.999652942800731 0.0128495826628533 -0.022997438449275
0.999999734298303 -0.000315918283579822 0.000656961918180383
0.999477108788999 -0.030831615355642 -0.00974271529637585
0.999978762243621 -0.00188139969826921 -0.00623982346625847
0.000148229642827494 0.785850855213904 -0.618416050396129
0.999463983548864 0.0312444696772246 0.00977387861732167
5.66827694978006e-05 0.663655688320209 -0.748038183615845
0.999987427324825 0.00112569180505991 0.00488651309609784
0.999999976616653 -5.62909343122918e-05 0.000208801398478207
0.999622087584546 -0.023903739536952 -0.0135754649741194
0.99997428330635 0.00426878305569086 -0.0057628306565144
2.31648973020522e-05 0.567856703020758 -0.823127428954826
0.999629633056755 0.00730622939375924 0.0262147997677509
0.999697017704433 0.024610868364502 0.000421842635103295
0.999613557835625 -0.0277558844386362 0.00153162339800327
0.999858993310634 -0.00444331439966122 -0.0161941487269754
0.999573047965615 -0.0292157416694256 0.000402764740860162
0.999665519980143 -0.0232881697141192 0.0112476359380933
0.99971735054767 -0.0235086194591708 -0.00354454864138788
0.999614901410914 0.0255908529524172 0.0107311286645705
0.999863555756767 -0.00424147134567749 -0.0159649550659532
0.999587474348996 -0.028077928687245 -0.00604243702738066
0.999754997874379 -0.012759147370932 0.0180872436696887
0.999487321238465 0.0213245667430423 -0.0238821593826528
0.999815203979487 0.00464480970696942 0.0186543194526677
0.999702649333998 -0.00918995337220516 0.0225866702194585
-0.999577635390043 -0.0249096883678722 -0.0149685755323196
0.999541534051899 -0.0275230907399763 0.0126174950483845
0.999999747852085 -0.000221059587796149 0.000674854372707266
0.999994333264465 -0.000830922687292414 0.00326236209618535
0.999542500671255 -0.0175919579792846 0.024603096681282
0.999508948484373 -0.0206702213089608 0.0235500286772886
0.999560459347233 0.0271106403058506 -0.0119958864514379
0.999610996660748 -0.0078078419598451 -0.0267748568406303
0.99962463778627 0.027283555333333 0.00248819996004994
0.999771532244033 0.0198067991483182 -0.00803579628392358
0.999525188393755 0.0205435516718264 -0.022964325619013
0.999558762964474 0.0220055556994436 -0.0199508119957628
0.999564501526976 0.0237483193615588 -0.0175164098670497
0.999517895242482 -0.0204611777132246 0.0233520298181184
0.999405470420606 0.0153383549186263 0.0308778328539501
0.999610762985075 -0.00847322091143612 0.0265805765886117
0.00036858488396883 0.811420803160241 -0.584462269392964
0.999864155857617 -0.0033170367838316 -0.0161451880791315
0.999585432587774 0.015576982650719 0.0242140572769453
0.999536560699211 0.0264512793215558 -0.0150663083681864
0.999528490502023 0.0292749151256276 -0.00926153438341228
3.4325988651738e-06 0.951056486334792 -0.309017086564378
0.999480643301323 -0.0146481768600774 -0.0287032155106231
0.999554268417141 -0.0219007026971284 0.0202885117849084
0.999558559200368 -0.023719665946485 0.0178903375225907
0.999542307698838 -0.0243476416946118 0.017954594509251
0.999555018618479 -0.0148350243418376 0.0258783076608295
0.999545224770756 -0.0176039434771905 0.0244835620780881
0.999550662132799 -0.0284293965028046 0.00949964443386543
0.99956433078688 -0.0186608788012921 -0.0228674489381714
0.999590501963012 0.0117552732312495 -0.0260891152895682
0.999574874168196 0.0156843822582919 0.0245778576123211
-0.999549555850357 0.0271142196764521 0.0128648548647867
-3.13210318411224e-05 0.80732384677073 -0.590108638688084
0.999652995541497 0.0120723077921735 0.0234125583711486
0.999548050257961 0.0177860547175565 -0.0242353354235694
0.999555030112883 0.0149858252759527 -0.0257908281532871
0.999374905944341 0.0106930783581932 -0.0336965197604323
0.999560416963153 0.0246221011346038 0.0165143869449009
0.999539103619818 -0.0261667233067669 0.0153910014709518
0.999580409642943 0.0275075404299912 -0.00907413232974444
0.000121784100275684 0.912101449860582 -0.409964547651205
0.000336819870349017 0.811445431406471 -0.584428095151098
0.99956401716355 0.0253939153935985 -0.0150640184827382
-9.58000208638441e-05 0.80742471649021 -0.589970607761998
0.999538680492022 -0.0276384847907657 0.0125912810602833
0.999587268590062 -0.0117085880834234 0.0262335936873286
0.999711344368886 0.0235675089745433 -0.00466909636750788
0.99959865508487 0.0269338748349586 -0.00878038375548802
0.999569870346822 -0.0184037321875349 -0.0228336798700336
0.999578592794391 0.0119607702223774 -0.0264495142275368
0.999522636388215 -0.00955939248500821 0.0293788591145139
0.999570052929519 0.0172780074721967 -0.0236892326652613
0.999740288753553 0.00544048760867312 0.0221304346442053
0.999575358998278 -0.0277708801917027 0.00882495874445366
0.99956078080022 -0.0247928904780598 -0.016234471589718
8.64962890840429e-05 0.858346202838971 -0.513070939140302
0.000229279634894458 0.672826721550635 -0.739800074478418
0.999570293330944 0.020532819409298 0.020919656244673
0.999481714853927 -0.027950193798352 0.015971485193585
0.99955018687832 -0.0199051774133376 0.0224322942130008
-0.999434581423427 0.0334470126561716 0.00343726626210364
0.000106313887676998 0.951057441542683 -0.309014128453124
0.999553172819829 0.020077886270447 -0.022143468308366
0.999634821648334 -0.0157574834519556 0.0219527916986578
0.999585646011546 0.014605489787659 -0.0248035472411281
0.000272276031675349 0.673406439137585 -0.739272408245973
0.99956748031895 -0.0228327876419825 -0.0185341872582022
0.999568127006048 -0.0208042881122369 -0.0207543024398274
0.999754685087058 -0.00564355579262236 -0.0214177478856344
0.999576278134356 0.0180134536128442 0.0228643757843277
0.999550557197094 0.0223761387113343 -0.0199497374256156
0.999691300661013 -0.0116844218970621 -0.0219266428717254
0.999551049215265 0.0186418101123155 0.0234559785214624
-4.39004844987143e-06 0.743144857905047 -0.669130570329899
-9.47704722506516e-07 0.866025437816881 -0.499999941053178
0.999567460397804 -0.0162571329965871 -0.0245070957197212
0.999602773097516 0.00887323755962923 -0.0267499845040317
3.03027786838059e-05 0.664979601382014 -0.746861519177123
0.999568425748337 -0.0186189991203683 -0.0227221283938559
0.999995626858454 0.00107595216969471 -0.00275473971487821
0.000294193297033116 0.866030056115458 -0.499991855288624
0.999851018201704 -0.00667201853758785 -0.0159193457670189
0.999544958560899 -0.02221987418572 0.0203998285939239
-0.999514504709625 -0.0250509340384206 -0.0185258084540503
0.999568888964393 -0.019369571395773 0.0220648117697311
0.999557353071753 0.022087082956637 -0.0199313493436246
0.000176372501395545 0.543570474956086 -0.839363513412846
0.99965131465832 0.0119385691927886 0.0235524875018007
8.88395166637662e-05 0.912086569912975 -0.409997659861521
0.99956791729097 -0.0216176880157832 0.0199161815477839
0.999571218303686 0.0181923258047693 0.0229438187906697
0.999562496746362 -0.0229908219717647 -0.0186074502079388
0.999561730509718 -0.0136018831710587 -0.0262932629131182
0.999561541817756 -0.0236498946309042 0.0178159087014211
0.9995414506402 -0.0201311737309472 0.0226191135170723
0.999516660937539 -0.0309176217114089 0.00324733367292942
0.999643221312948 0.0133719281267589 -0.0231218861956587
0.999604084364785 0.0152322491892495 0.0236569885208762
0.999640310869445 0.014454552640081 0.0225901481361767
0.999569234416404 0.0205007015122076 0.0210015915042301
0.999546144651107 0.022384437700975 -0.020160398357184
0.999563392510831 0.0216986848589435 -0.0200547108588176
0.999611911027395 -0.0151464685021311 -0.0233797310521951
0.999542123384528 0.0244103507108432 -0.0178795513960419
0.999569233385091 -0.0185215386187569 -0.0227662091077185
0.999544527526871 -0.0241745869696335 0.0180645187019257
0.999571539275511 -0.0160112399844245 -0.0245026134228008
0.999573133637535 -0.0161216596169167 -0.0243647819862125
0.999542121627138 0.0302576183847723 0.000153697111057413
0.99943471486991 0.0150742845069833 0.0300502355981556
0.999584661408238 -0.0167556816614229 0.0234467867615139
0.999560291147894 -0.0267954349028416 0.0126975993284049
0.9995635897801 -0.026230409666328 -0.01358659613948
0.999552227681464 0.0241584104982251 -0.0176554620223158
0.999560109452888 0.0254092706204959 -0.0152956384981343
0.999558165486661 0.028117021856424 -0.0096388220683915
0.999535333556902 -0.015116706266923 0.0264688904741422
-0.999404974819279 -0.0336790985457176 -0.00744410018905868
0.999570780903417 0.0182957211322105 0.0228805715047718
0.999538461114575 0.0277567139572577 -0.012346237605131
0.999558144200382 -0.0271291166523193 -0.0121460854744752
0.000321508190409641 0.743151532595596 -0.669123080033338
0.99956300529232 0.0207279248292199 0.0210749041103406
0.999560949739453 -0.0285271357959167 -0.00800688948612553
0.999542100408647 -0.0295431820591147 0.00654139927634439
0.999562353489327 0.0255467508068817 -0.0149152609795502
0.999560046287508 -0.0254360441338248 0.0152552130282483
0.999587068150771 -0.0143844320109738 0.0248753151028754
0.999560934816347 0.0274478955794151 0.0111602247886407
0.999551895760938 -0.0239347476274394 0.0179759710926856
0.999568073232539 -0.0121009959080135 0.0267812037112504
0.999857560034076 0.00626815681947211 0.0156706685495582
0.999610666366309 -0.0102570068223191 -0.0259482079872687
0.999702565670087 0.010227225476542 -0.0221401005349329
0.999563273372673 0.0269014858068491 -0.0122299871582604
0.999562650721714 0.0227772190992441 0.0188601583313932
0.999557540478489 -0.0280401810661987 0.00992328163304003
0.999564725824122 0.0226709463607634 0.0188782170571297
0.999495322012195 0.0310292237104613 -0.00680356903869422
0.999566240562271 0.0195217995758372 -0.0220506251505229
0.999559395654376 -0.0296653217329555 0.000991587382904414
0.999601709718236 0.0245199487003144 0.013971186209927
0.999560477983646 -0.0267989332028202 0.0126754894302472
0.999562491257656 0.0268043778314985 -0.0125040553363654
0.999639542173442 0.0157011974365237 -0.0217774682259003
0.999562460424004 -0.0207655565155814 -0.0210636980065323
0.999560393530627 -0.029578079666505 -0.00203884480521392
0.999565340925193 -0.0246487532364253 -0.0161730697455083
0.999606562761396 -0.0155105938941813 -0.0233696632709271
0.99956165640039 0.0255261331730712 -0.014997052355022
0.999560704120508 0.0279946111390603 -0.00973141948987862
0.999559829950858 0.0291809871935305 0.00534942380295886
0.999566326247868 -0.0228158374643683 -0.0186171155698135
0.999573030974443 -0.0236397186789236 -0.0171732189570561
0.999608430587612 0.0184784181323276 -0.0210127000049492
0.999558222058021 0.0296263121175141 0.00237536239844795
0.9995792844317 0.0169632149006592 -0.023526654569755
7.62622153591024e-05 0.914484318254328 -0.404621336376359
0.999569585496541 0.01325065685216 0.0261737242909843
0.999562710771061 -0.0253254687539321 0.0152645952583914
0.999559874147188 0.0296610037185304 -0.000531839513280108
0.999571625623983 0.0203773592077604 0.0210078194762353
0.999622835520686 -0.0137091705511629 0.0237959103289224
0.999563622298104 0.0279750642859079 -0.00948476444053878
0.999562024761235 0.0288368553357666 -0.00664788910596093
0.999551227589028 0.0187106495874012 0.0233934823676376
0.99956245345841 0.0260993987397682 0.013918441781583
0.999561748231414 -0.0267871474475041 0.0126000081025617
0.99956660239923 0.0159793520469582 0.0247238281060977
0.999598423248543 0.0115033008559086 -0.0258972258831809
0.999586245896662 0.0143367152539638 -0.0249358298426961
0.999563254807527 -0.0228116950698752 -0.0187863303128168
0.999560824812697 0.029399617958129 -0.00371752117367118
0.99956283310045 -0.02167207809282 0.0201112832842666
0.999561675142941 0.026163693089697 0.0138534742698456
0.999557294850381 0.0239829463665735 -0.0176077424721732
0.999562665802439 0.0273524422089697 0.0112392632822034
0.999560534895384 -0.0293827769001581 0.00392294548642845
0.999562344028783 -0.0287766764004878 0.00685735335443671
0.9995712418574 -0.020734954637922 -0.0206735122274678
0.999560624059547 -0.0292360407303247 -0.00487983115515688
0.99961009249394 -0.0173328370552377 -0.0218914536720068
0.999562427166643 0.0246173632639241 0.0163993787278922
0.999548106254131 -0.0241571212138525 0.0178890127854927
0.999568188981842 -0.0207377397914289 -0.0208178222661314
0.999562752671211 0.0218092018832055 -0.0199665266275444
0.999299952272821 -0.0168209745846796 -0.0334164660243932
0.999559966245197 0.0288841055345452 -0.00675146853434054
0.999563026967638 -0.0262205473445869 -0.0136469050060568
0.999565876822525 -0.025210633296342 0.0152473558630758
0.999559373269122 0.0296792482820239 -0.000448922324175334
0.999560471774314 -0.0288034295849137 0.00701610365210137
0.999564367713322 0.0260098325989141 0.0139485987125696
0.999548353647113 -0.0221807765993773 0.0202756472349016
0.999562035634394 -0.02794868336641 0.00972666523073373
0.999563768748326 -0.0278758674206402 0.00975747001989266
0.999559698604768 -0.0295931935619182 -0.00215680781519147
0.999563247276913 -0.0283999865945309 -0.00817040113236356
0.999442308431055 0.0183045242892893 0.0279287756363625
0.999564895544564 -0.021591061509953 0.0200959114711784
0.999560203105842 0.0295549213187586 0.00243043058936981
0.999567153258334 0.022558979481635 0.0188838177225098
0.999562274523944 -0.0275326355459754 -0.0108265104448208
0.999549509108579 -0.0257988590619787 0.0153361570120998
0.999565762845677 0.0244217054451666 0.0164883610431337
0.999560874137168 0.0256405663334942 -0.0148532909564879
0.999557520013631 -0.0172199055194058 0.0242536396877451
0.999563599650986 0.0273365481678578 0.0111947928533733
0.999564185148963 0.0226088113011942 0.0189810805550389
0.999562962162265 -0.028739641803778 0.00692225847455371
0.999624095081088 0.0180033433023678 -0.0206772378052071
0.999999994336304 -0.000106030354733006 -9.21712731766098e-06
0.999562967932942 -0.0274824418716343 -0.0108898358968344
0.999558848550504 -0.0292560182113201 -0.00511797643694145
0.999563183900691 0.0236896894809784 -0.0176703141626839
0.999560734839818 -0.02752314676907 -0.01099153121323
0.999560535139869 -0.0293730307097097 0.00399520435329003
0.999561481943246 -0.027894102928243 0.00993794934838658
0.999561777236185 -0.026827149424489 0.012512295640499
0.99952661225201 -0.0218542962281161 -0.0216550487506618
0.999563914078617 0.0287964451105715 -0.00653807470349888
0.999999992674791 -0.000120565595835189 1.06937081255163e-05
0.999563769794034 0.0295296435554882 -0.000519871738606502
0.999564680045336 0.026802460424574 -0.0123320120440725
-0.999501399507882 -0.0293497560074393 -0.0116423453002243
0.999563787171899 -0.0195225743273146 0.0221608769276908
0.999562465386841 -0.0290984257940069 -0.00530654370474323
0.999563159253472 -0.024658482347369 -0.0162926336589011
0.999561646820429 0.0293840433420604 -0.00361831487088332
0.999558361776998 0.0292443715214338 0.00527713331282056
0.999560511621443 -0.0262337343338289 -0.0138048828311521
0.000106476812271477 0.279938803063332 -0.96001784108534
0.999570405064937 -0.0292127532797145 -0.00237073071779776
0.999559533905769 0.0284809565877938 0.00834106047970594
0.999999997304253 -7.31223718261348e-05 -6.67922536798714e-06
0.999633144727405 0.026941005872415 -0.00278534826916336
0.999564488410834 0.0244428808095871 0.0165341793179117
0.999563427736627 -0.0262630271415675 -0.0135354104764645
0.999999993093595 -0.000117109192728357 9.9119715961136e-06
0.999555487928246 0.029729617258735 0.00223078689604919
0.999452989753476 0.0330389937815356 -0.00146497875134635
0.999999998007807 -6.29026778423627e-05 -5.25722063619876e-06
0.999556598137552 0.0286079821320034 0.00825775260102988
0.999561832473289 -0.0291727058529071 -0.00500962033086602
0.999551791980023 0.0295058440462464 0.00506165157280542
0.99956555336122 0.0268564821919329 -0.0121422361183065
0.99950764287163 -0.026281682764448 -0.0171389904098227
0.99999999399372 -0.000109173301051367 9.68243280683341e-06
0.999560464114776 0.0284699891236032 0.00826669812902493
0.999531544917206 -0.0300704668111892 -0.00569716957628309
0.999626465429561 -0.0181113576379127 0.0204672503603607
0.999532681341528 -0.0150669966844964 0.0265970776801594
0.999559400441754 0.0275156853542738 0.0111306804825956
0.999569043377445 -0.026163511692792 -0.0133115805748691
0.999575050030313 0.0202592890503836 0.020959021066611
0.999562609763213 -0.0275652666279339 -0.0107119204200214
0.999561583701609 -0.0285331217190719 -0.00790577971463304
0.999566149204443 -0.0293998250308315 -0.00177866600503578
0.999564603053661 0.0290098095530811 0.00538843872293069
0.999537384750089 -0.0293448381440138 -0.00799355748431894
0.999564194012396 0.0279891294917385 -0.00938246655434534
-0.999548189476912 0.0281156420858062 0.0106267390826585
0.999999998173387 -6.02144954868004e-05 -5.23842482461128e-06
0.999999991128275 -0.000132724149817536 1.13026634885567e-05
0.999680628144956 -0.0167526226065422 0.0189206592778564
0.999575283763894 0.0290456735618914 0.00236662960073043
0.999621393946007 0.0269040822567374 -0.00576533809624722
0.99957476426767 -0.0169838248328192 0.0237031713760102
0.999999991729609 -0.000128249753632502 -9.63236958895401e-06
0.999561723524435 -0.0253373685807255 0.0153094290640003
0.999553491301024 0.0242088278040121 -0.0175142994233216
0.999564147896273 -0.0294350564511496 -0.00225647781201943
0.999491265524084 0.0246072787954835 0.0202901939701306
0.999456462936959 -0.0209405763518191 -0.0254611656370493
0.99956423291464 0.0290118625486232 0.00544574230276326
0.99956113670703 0.0267802015657977 -0.0126631271432086
0.999563690329519 0.0235678522997342 -0.0178040813526368
0.999552516154191 0.0237346233215552 -0.0182053592551439
0.999561615108875 -0.0293250096351239 0.00407693645247815
0.999999994388499 -0.000105542500350446 9.15334080929753e-06
0.999546806756267 0.0266138857589068 0.0140670603952225
0.999563370282252 -0.0295343596762851 0.000889037961035341
0.999994748712474 -0.000401324995331377 -0.0032158180490178
0.00012581148994292 0.644034882475486 -0.764996113928859
0.999999989788013 -0.000142266452240736 1.35731262797094e-05
0.999590253457967 0.0167918739996942 -0.0231809870242086
0.000104701144661092 0.378402638678743 -0.925641092475175
0.999999998424919 -5.59180097995459e-05 -4.8310614076531e-06
0.999560293943696 0.0291542717809455 0.00540806879717495
0.999561598968749 -0.0295438911115995 -0.00194122771044396
0.999540494628347 -0.0222097580958975 0.0206282874577985
0.99975050109838 -0.0216215029752601 0.00560768781486975
8.24938381175878e-05 0.64388946226865 -0.765118522566377
0.999562282939252 0.0197085437238389 -0.0220639033164175
9.77271768273674e-05 0.377932983882447 -0.925832949372136
0.999563532047867 0.0260225905570913 0.0139846408852874
0.999560580329349 0.0295528422716744 0.00229690341997784
0.99956329109784 0.021571093386169 -0.0201969061932976
0.999561348618432 0.0293710367804271 -0.0038016505026083
0.999563817076333 -0.0245648990036879 -0.0163933318373433
0.999999999664911 -2.57984992594805e-05 -2.14838956275878e-06
0.999999995180406 -9.78104978888252e-05 8.50258224935073e-06
0.999999990935883 -0.000134187007430195 1.10490250670913e-05
0.999564438786568 0.0282977629571162 0.00837671325257833
0.999563150412285 -0.0235959680776156 0.0177971522538973
9.79460883632698e-05 0.558381576750645 -0.829584236320838
0.999564993690773 -0.0290350421646235 -0.00517587813445156
0.999999995143666 1.71666801642153e-07 -9.85527222215959e-05
0.999565338664161 -0.0283597692729752 -0.00805339853632092
0.999561852389476 0.0295885492326023 -0.000788036819468717
0.999995924473446 0.000181376498227675 -0.00284923482093571
0.999560414569576 -0.0296315403664292 0.000974392636270636
0.999565550184576 0.0289770654647383 0.00538892950953429
0.999996058384749 -0.000740909936352758 0.00270818526529084
0.999566774084235 0.0293343476126983 0.00240004103592842
0.99956411842735 0.0283139153959619 0.00836034374326771
0.999998793855309 2.97540884047225e-05 0.00155286915767605
0.999561080128766 -0.0284234339691357 -0.00835197540810976
0.99951028062907 -0.0282589355742672 0.0134399210193638
0.999999864359999 -0.00010796491835185 0.000509532687304142
0.999961642250498 0.000638635604155286 0.00873534041994057
0.999563585284857 -0.0295174914237784 0.00116476286375476
0.999247975952274 0.00420084125024999 -0.0385465366547239
0.999563751625145 0.0287322813720877 -0.00683830711658209
0.999567728095133 -0.0291526554547591 0.00380521098886044
0.999506137761866 -0.0140129815517228 -0.0281268008203803
7.8857035073699e-05 0.472907290464584 -0.881112188320542
0.999624840000745 0.00994788280231187 0.0255189905998854
0.999522775164952 -0.0299982604337661 0.00737063752332773
0.999567540966691 -0.0286222579366493 0.00674517578800911
0.999574704358354 -0.0288646610741298 0.00415231838668191
0.999531773179157 0.0303189407271163 -0.00412264945347061
0.999999978462747 -0.000119180928927792 -0.000169912956188058
0.999552523107463 0.0255512841236564 -0.0155526663031373
0.999630200826523 -0.0270116080163062 0.00313602102976588
0.99956769647697 0.0291897601036154 -0.00351824740723497
0.999934786820563 -0.00118778544275048 -0.01135831289658
0.999996327202211 -0.000285687408056332 0.00269517435313004
0.999649339076699 -0.0122094847445655 -0.0234973906166271
0.999562262366851 -0.0252733845003278 0.0153798468120087
0.999999878020751 9.53968757611122e-05 -0.000484621418827459
0.999571222468555 0.0292768290895889 -0.000488355584967534
7.76869822019587e-05 0.567507208902606 -0.823368424102058
0.999569991645377 -0.0293129617771653 0.00076293768506942
0.999522650512529 0.0291103391643044 -0.0103469447736175
0.999569626013073 0.0286278551837358 -0.0064038004079133
8.04102441316222e-05 0.472256278496425 -0.881461287269554
0.999571561988217 -0.0276723437652796 0.00953592444251335
0.999137076834661 -0.00493983975203294 0.0412395402194579
0.99955997032284 -0.0273902236327908 -0.0113860167551785
0.999584149315918 0.00873426250803054 -0.0274816501472239
0.999579062778025 -0.0287783876978707 0.00367446013933506
-0.999525583678011 -0.0291253660077926 -0.0100160185724422
0.999725995674524 -0.00756231240620995 0.0221527651468847
0.999500925943523 -0.0128586318411958 0.0288540226868328
0.999999996077856 -8.82937143458226e-05 6.96485600412243e-06
0.99956996521264 0.0169076934825124 -0.0239586006666325
0.999999995046198 -9.91992441343146e-05 8.19227900078323e-06
0.999918570138736 0.00433138155313871 -0.0120038421160366
0.999996653724656 0.000601463516444928 -0.00251610435580164
0.999995824984602 -0.00076845494405789 0.0027855861795212
0.999599429178902 -0.0275923241034947 0.00629641451786821
0.999869958352999 0.00304370981448107 0.0158367362084876
0.999908183089999 -0.00302138878848277 0.0132097161001065
0.999999994779892 -4.7484921931945e-05 9.04731881996106e-05
0.000137873528207089 0.97047976187206 -0.241182530021643
0.999598361528986 0.0281480345443267 -0.00328691038197931
0.999614142012497 -0.0032925291862837 0.027581267921862
0.999999972442422 -0.000234064919298597 -1.81319978040624e-05
0.999910279316657 -0.0067961474984978 0.0115432099549359
0.99970858815336 -0.0145562347607593 0.0192575907632719
0.999957867311166 -0.0022725696038141 0.00889376353975158
0.999763843796222 0.0110219183257059 -0.0187289603081649
0.999462374239796 -0.0139575321246016 0.0296673183139261
0.99944243060423 -0.024870695898097 0.0222772618032945
0.999893770355004 -0.00580055144056596 -0.0133716718565721
0.999621168438908 -0.0275171663309157 0.000570233240719873
0.000207055509877643 0.607521478708862 -0.794303222979369
0.999632413643554 0.0271089692698372 -0.000376003044362305
0.999638629969544 -0.0263841288241186 0.00514657350134191
0.999610105681074 -0.0278015209858624 -0.00259076265689106
0.999921661583337 -0.00297836283710651 0.0121573044393042
-0.999518304804148 0.0269353701276578 0.0154157126831009
0.999894956983587 -0.00359450791216143 0.0140411720187194
-0.999401489504861 0.0329397500946834 0.0105657767895217
0.999975098017398 0.000491949636983352 0.00703998087000235
0.999918925429765 0.00479912564469488 0.0117945309542103
0.99994152780891 -0.000967934682617705 0.0107705183549182
0.000267055299861211 0.704275939518378 -0.709926284692272
0.999967177620378 0.000555200802564058 -0.00808303371289465
0.999999968776597 -0.000111084493154879 0.00022384601905517
0.999406109233143 -0.0138005857942605 0.0315748738588998
0.999678615600885 -0.00258570184783479 0.0252186370815677
0.999999989380098 -0.000145284154419255 1.15029820588348e-05
0.999518961516186 0.0268852294938623 -0.0154605952236059
0.999529297699476 0.022397452331565 -0.0209651417702575
0.999993761732508 0.00128701144835617 -0.00328939167632862
6.9180754074507e-05 0.934544133636496 -0.355847238993974
0.999576062759961 0.0118184763406652 -0.026608614662913
0.999999991407432 -0.000130677725976969 1.04148317453275e-05
2.80978969179381e-05 0.994521986251306 -0.104527594793267
0.999989667227337 0.000944515591785357 -0.0044467211354348
0.000241086919137066 0.994521094002392 -0.104535809469213
0.99951806870814 0.025867469011487 0.0171611297090427
0.99999999459425 -0.000103695544790525 7.6638535122415e-06
0.999497395884064 0.0223271077718906 0.0225045746353272
7.79003893777926e-05 0.99727356342451 -0.0737931814337101
0.999919784890436 0.00482758109289782 0.011709750016782
0.999980802878483 -0.00148540645601317 0.00601559990061794
0.999658217546892 0.0253064165689702 -0.00655998257685241
0.999579090361019 -0.0120737020024173 0.0263793069089203
0.99999999821086 -5.96462361341545e-05 -4.53936552086063e-06
0.999561978778939 0.0266417450779328 -0.0128867373192106
0.999854166611222 0.00136975429611686 -0.0170226109438889
0.999999996743249 -8.04945388724537e-05 -5.84215566845051e-06
0.999991435040686 -0.000428586452574797 0.00411657125792238
0.999739683677615 0.00167129804974819 0.0227545960854359
0.999748304110401 -0.00187708050155157 -0.0223563189538884
0.99947958678259 0.00347586744505143 -0.0320698292856067
0.000102459096141635 0.974093698470426 -0.226144768018939
0.999999999959237 9.00536493174799e-06 6.54674576025931e-07
0.999873223536904 0.00594918821699726 -0.014769699166828
0.999535017260659 0.0174298131962013 -0.0250190104056881
0.999895804831825 0.00749195085473786 -0.0123389688429706
0.999434152587265 -0.00989161225725032 -0.032148571494343
0.999844025627759 0.00714226140408284 -0.0161527867104575
0.999906458050726 -0.00709526675249644 0.0116932603735343
0.999999986361966 -0.000164764640466737 -1.13437456234099e-05
0.999965357562074 0.0018344407592171 0.00811902105266894
0.999926441347768 0.00281374879851301 -0.011798080830668
9.52679214455034e-05 0.928259171980038 -0.371934000272842
0.999321051642215 0.0244261093213037 -0.0275826200372699
0.999500530317554 0.00876511296462579 0.0303621917793402
0.999962630215104 -0.00734835493359273 0.00455410288221144
0.999999995680338 -9.27000032262498e-05 -6.78474887971584e-06
0.999978300221559 -0.00182616952657323 -0.00632962801919777
0.999825558146679 -0.00754276299084614 0.017086837131121
0.999423765658126 -0.0269934198615417 0.0205789193571788
0.999985427164964 0.000227395965745334 -0.00539386213940986
0.999385277182467 -0.0350567415896334 0.000304335410368419
0.000230943028070694 0.836570751072562 -0.547858855103399
0.999995019101531 -0.000741967500158573 0.00306777710357915
0.999423423461713 0.0337666205457247 -0.00355471137929378
0.999780363333572 0.0046057810683733 -0.0204453386702652
0.999395516719141 0.0345589931086203 0.00377851253808939
-0.999520937454588 -0.0277051404006698 -0.0137956799499266
-0.999467532201724 -0.0296580708440535 -0.0136033418102228
0.99944345853861 -0.0259701885921409 -0.0209361526759175
0.999983877586394 0.000309488547438091 0.00566998978122692
0.999633218063077 -0.00742997878413454 -0.0260427487052536
0.999512990177629 -0.0293659287420794 0.0105557896573895
0.999996570421126 0.000520075335501735 0.00256684000895883
0.999999251866735 -0.000391789411026922 -0.0011587782479232
0.999851671914285 0.00368184579198297 -0.0168249273928029
0.999999968580124 -0.000184112865169762 -0.000170124082743491
0.000202346395663323 0.604761631404177 -0.796406509414191
0.99999079719438 -0.000472968469870651 -0.00426401540509067
0.999523213735774 0.0083189164264581 0.0297345057601359
0.9998902417069 -0.00129588020117708 0.0147589035440187
0.999746549145387 -0.00528453326894242 0.0218840393899315
7.67021647776397e-05 0.935721595761562 -0.352739407129703
0.999708222991948 -0.00562781236749307 0.0234903514285887
3.48289093960505e-05 0.97481478664458 -0.223015987153455
0.999678824931235 -0.0234656759448203 0.00957126097006049
0.999890888936701 -0.00350640203580742 0.0143497514312317
0.999799672589903 -0.00783348377954338 -0.0184187736019116
0.999812469813878 -0.00745469086716568 -0.017873242256205
0.999805821013838 0.00743462272381191 0.01824956579759
8.32735282162785e-05 0.914896531954184 -0.403688405684044
0.999820693521488 0.0042580366817459 -0.018451285316405
0.000138977261572034 0.974319247075905 -0.225171013815636
0.999665217523581 0.00639674286592198 0.025070591421811
0.999999995228831 -9.74510793612046e-05 -6.75472420469e-06
0.999941535468389 0.0025470492025013 -0.0105089573926814
0.999767278132425 0.00809438719547622 0.0199967615280952
0.999824251974543 0.00970159136306694 -0.0160419540134665
0.000113805524228097 0.923508085298323 -0.383578940293817
0.999971520369675 0.00164105138607346 -0.00736650527103816
0.999999991050939 -0.000133557867417372 7.77288258106564e-06
0.999963996347766 -0.000767790811370937 -0.00845082868564044
8.18025956353147e-05 0.997154952850292 -0.0753789978340604
0.000233315489782598 0.864989311787562 -0.501790231129665
0.99994789594369 -0.000800251608326944 0.0101766888107373
0.999883790610226 -0.0052329172368636 0.0143185841519999
0.999876354906134 0.00112798716937019 -0.0156844682590595
0.999782573631791 0.0175261274764587 -0.0112978014618857
7.23052686425109e-05 0.9730551613511 -0.230572434909148
0.999997403241443 0.000896590669282781 -0.00209514570896272
0.00011066300918316 0.972532234590551 -0.23276821182457
0.999987552288863 -0.00120969531391144 -0.00484065125541719
0.999972586897096 -0.00295402829156605 -0.00678963704351808
0.999636663143555 0.00616526934416716 -0.0262398771554285
0.999777340435865 0.00850993274862829 -0.0193093395951756
0.999972794071623 0.00160880995845994 0.00719880872849042
0.999866053762455 -0.00836888248770573 0.0140654306511654
0.000257932016345359 0.868315408346115 -0.496012384018579
-0 0.999999970043912 -0.00024476963875532
0 0.999999964595671 -0.000266098960893432
0 0.999999963752194 -0.000269250090485974
0 0.00031788333142096 0.999999949475093
0 0.999999971719257 -0.000237826585912245
0 0.000311423096541201 0.999999951507826
0 0.999999971769334 -0.000237615932405255
0 0.999999964494386 -0.000266479318813215
0 0.999999961003015 -0.000279274001536933
0 0.000303406301581394 0.999999953972307
0 0.999999965531461 -0.000262558713120054
0 0.999999963911149 -0.000268659079065017
-0 0.999999970418011 -0.000243236463655697
0 0.000303183919230304 0.999999954039755
0 0.999999970319005 -0.000243643160546347
0 0.000311162675488605 0.999999951588894
0 0.000290719896376599 0.99999995774097
0 0.999999956765728 -0.000294055340438365
0 0.999999953861279 -0.000303772020286151
0 0.999999959907025 -0.000283171236803399
0 0.00029375690979953 0.999999956853438
0 0.999999960998106 -0.000279291580248472
0 0.999999960037001 -0.000282711861998634
0 0.000288970232517686 0.999999958248101
0 0.999999971897109 -0.000237077584346872
0 0.000284227443786991 0.999999959607379
-0 0.99999996256009 -0.000273641770705005
0 0.000293098581239621 0.99999995704661
0 0.999999955804586 -0.000297305946835787
0 0.999999965540676 -0.000262523613904152
0 0.999999961385298 -0.000277901785194478
-0 0.999999971868664 -0.000237197535773982
0 0.000288750789663508 0.99999995831149
0 0.999999960954785 -0.000279446645438992
0 0.999999960130416 -0.000282381242524237
-0 0.999999955948001 -0.000296823172560076
-0 0.999999955788932 -0.000297358595658101
0 0.999999960272393 -0.000281878008251893
0 0.999999959166263 -0.000285775214405932
0 0.000314006614242037 0.999999950699922
0 0.000311578161736547 0.999999951459523
0 0.000295740626624951 0.99999995626874
0 0.999999956438172 -0.000295167164824721
0 0.99999995665123 -0.000294444458601035
0 0.999999965911434 -0.000261107508971225
0 0.999999960698454 -0.000280362426460521
-0 0.999999958805929 -0.000287033343737944
0 0.000291547900247822 0.99999995749991
0 0.00029416357756979 0.999999956733894
0 0.000289333040822659 0.999999958143195
0 0.999999956831095 -0.000293832958098667
0 0.000322160895603997 0.999999948106177
0 0.000305299301875597 0.999999953396167
0 0.000313345375272238 0.999999950907337
0 0.999999960217114 -0.000282074051630469
0 0.000300240532667362 0.99999995492781
0 0.999999963526537 -0.000270086883727987
0 0.999999970077562 -0.000244632123168763
0 0.999999960622133 -0.000280634518139349
0 0.999999957928749 -0.000290073267553307
0 0.000289072648884231 0.999999958218501
0 0.999999960853334 -0.000279809453746912
0 0.00029930135212914 0.999999955209349
0 0.000297949636168469 0.999999955613006
-0 0.999999969245158 -0.000248011455927023
0 0.999999969726539 -0.000246062838241002
0 0.999999959641461 -0.000284107506916206
-0 0.999999962169973 -0.000275063725492916
0 0.999999958330917 -0.000288683501615905
0 0.000304409859783987 0.999999953667318
0 0.000295854713625368 0.999999956234993
0 0.000295840103504397 0.999999956239315
0 0.999999965403049 -0.000263047337278972
0 0.000291220191158615 0.999999957595399
0 0.000304003162889398 0.999999953791037
0 0.999999963331878 -0.000270806650480045
0 0.000287396122939697 0.999999958701733
0 0.999999961565587 -0.000277252275085241
0 0.000280754484114313 0.999999960588459
0 0.000291855120242911 0.999999957410294
0 0.999999959984044 -0.000282899116021328
0 0.000297835520064438 0.999999955647001
0 0.00029463465210832 0.99999995659521
0 0.000298145650440477 0.999999955554585
0 0.000297861859027497 0.999999955639155
0 0.000305875703191409 0.999999953220026
0 0.000305009660578085 0.999999953484552
0 0.000312479303561086 0.999999951178341
0 0.000300547752678391 0.999999954835523
0 0.999999964160682 -0.00026772865880953
0 0.000295228603002784 0.999999956420035
0 0.000293306324354633 0.999999956985699
0 0.999999953531837 -0.000304854595381796
0 0.000305553873060154 0.999999953318414
0 0.000317845292718051 0.999999949487184
0 0.000290204933265668 0.999999957890547
0 0.000314711712680021 0.999999950478268
0 0.999999960024592 -0.0002827557505697
0 0.999999957752882 -0.00029067891818851
0 0.999999956944502 -0.000293446750318457
0 0.999999963631557 -0.000269697765557297
0 0.999999957492231 -0.000291574239211027
0 0.00029388563602497 0.999999956815616
0 0.000293944163820435 0.999999956798413
0 0.000277249335598704 0.999999961566402
0 0.999999961670978 -0.000276871888064971
0 0.000303754470677769 0.99999995386661
0 0.000284716067937217 0.99999995946838
0 0.000299058509785939 0.999999955282003
0 0.999999958682384 -0.000287463440091202
0 0.000303845158206323 0.999999953839059
0 0.000305603611502403 0.999999953303215
0 0.999999959860621 -0.000283335062245324
0 0.000301206081273167 0.999999954637447
0 0.999999966324243 -0.000259521699618489
0 0.000290640879486924 0.999999957763939
0 0.999999963656019 -0.000269607048927657
0 0.000290052778459251 0.999999957934692
0 0.999999953004096 -0.000306580830738558
0 0.000301890719728256 0.999999954430996
0 0.00031603713010411 0.999999950060265
0 0.99999995577936 -0.000297390784490317
0 0.999999965701022 -0.000261912113385494
-0 0.999999958530858 -0.000287990073837919
0 0.000294157727700627 0.999999956735615
0 0.999999963956727 -0.000268489374647985
0 0.000297572188641473 0.999999955725395
0 0.999999947964689 -0.000322599781325025
0 0.000301472323093791 0.999999954557218
-0 0.999999960445402 -0.000281263568256362
0 0.000283039571090242 0.9999999599443
0 0.000318117413507769 0.999999949400654
0 0.999999957805596 -0.000290497514036251
0 0.999999966503962 -0.000258828271823895
0 0.999999959443384 -0.000284803845079198
0 0.999999963188326 -0.000271336223720667
0 0.000284019729774173 0.999999959666396
0 0.999999960398475 -0.000281430362288905
0 0.999999956823356 -0.000293859297061819
0 0.000302054574281082 0.999999954381516
0 0.999999962023356 -0.00027559623821823
0 0.000299605632653773 0.999999955118231
0 0.000296141444525345 0.999999956150121
0 0.999999958305573 -0.000288771278757587
0 0.999999960604064 -0.000280698895804712
0 0.000292130122301727 0.999999957329995
0 0.000298104701356483 0.999999955566792
0 0.99999995846595 -0.000288215366561434
0 0.999999961658012 -0.00027691871612279
0 0.999999966039664 -0.000260615945324986
0 0.000295366118583705 0.999999956379427
0 0.999999958809295 -0.000287021614895719
0 0.000293636943825909 0.999999956888672
0 0.999999959166263 -0.000285775214405932
0 0.000302180361026592 0.999999954343514
0 0.000291439634012322 0.999999957531469
0 0.999999965359941 -0.000263211162723598
0 0.999999961363336 -0.000277980802085011
0 0.999999964046221 -0.000268155844786971
0 0.999999957844681 -0.000290362937941246
0 0.999999963318408 -0.000270856388920823
0 0.999999963248634 -0.000271113870480513
0 0.000300591641251389 0.999999954822332
0 0.999999957701837 -0.000290854472471562
0 0.999999960929439 -0.000279537332964069
0 0.000298005224477238 0.999999955596442
0 0.999999959648117 -0.000284084078335525
0 0.000289599282630214 0.999999958066127
0 0.999999962430276 -0.000274115755634494
0 0.000293988052391075 0.999999956785512
0 0.999999954567808 -0.000301437194773124
0 0.000289558333545912 0.999999958077985
0 0.000282290554999377 0.999999960156021
0 0.000287164980346824 0.999999958768136
0 0.000287457590222005 0.999999958684066
0 0.99999995766609 -0.000290977348828151
0 0.000316610591927539 0.999999949878865
0 0.999999957936389 -0.000290046928590068
0 0.999999960057675 -0.000282638724081462
0 0.000296533531277611 0.999999956033931
0 0.000288917554591156 0.999999958263323
0 0.999999958271773 -0.000288888305245209
0 0.999999967387118 -0.000255393350782508
0 0.999999957861674 -0.000290304410145598
0 0.999999961809371 -0.000276371593276843
-0 0.999999957210244 -0.000292539758662895
0 0.999999964277302 -0.000267292712579915
0 0.999999959562457 -0.000284385448463383
0 0.000306326288658069 0.999999953082101
0 0.999999960823042 -0.000279917690879665
0 0.999999963570778 -0.000269923029180434
0 0.000306923149964477 0.999999952899089
0 0.999999969112224 -0.000248546879046428
0 0.000289508595105916 0.999999958092386
0 0.999999957611586 -0.000291164602849513
0 0.000280397525675913 0.999999960688613
0 0.999999948333093 -0.000321455768067198
0 0.999999964154417 -0.000267752058286701
-0 0.999999963147037 -0.000271488349425655
0 0.999999963685987 -0.000269495872307429
0 0.999999964762082 -0.000265472850255161
0 0.999999963691508 -0.00026947538321302
0 0.999999959588244 -0.000284294760938678
-0 0.99999995920137 -0.000285652338048789
0 0.99999995935501 -0.00028511397545877
-0 0.999999958501358 -0.00028809249020455
0 0.999999960417409 -0.000281363074240882
0 0.999999952915256 -0.000306870472035653
0 0.999999960014659 -0.000282790878888848
0 0.000284025579643387 0.999999959664734
0 0.000280704745673943 0.999999960602422
0 0.999999966721707 -0.000257985628705082
0 0.999999965023355 -0.000264486841686966
-0 0.999999961405621 -0.00027782864727701
0 0.999999960940885 -0.000279496383879415
0 0.999999958445707 -0.000288285594095574
0 0.999999962684083 -0.000273188274869681
0 0.999999966057198 -0.000260548657275824
0 0.999999963894641 -0.000268720517244458
0 0.999999966413024 -0.000259179380399195
0 0.999999964776065 -0.000265420172327602
0 0.999999958789136 -0.000287091842429931
0 0.999999959188001 -0.000285699137002435
-0 0.999999964758204 -0.000265487460376506
0 0.999999960281466 -0.000281845819419244
0 0.999999965698727 -0.00026192087363756
-0 0.999999959586581 -0.000284300610807891
0 0.999999959574102 -0.000284344499378898
0 0.999999960070901 -0.000282591925127695
-0 0.999999965743924 -0.000261748258836873
0 0.999999964811004 -0.000265288506612523
0 0.999999965126972 -0.000264094784027961
0 0.999999966450171 -0.000259036014944803
0 0.999999958977912 -0.000286433542970031
0 0.999999966529705 -0.000258728794941386
0 0.99999995946838 -0.000284716067937217
0 0.999999967908835 -0.000253342316737794
0 0.999999962488794 -0.000273902191750654
0 0.999999963156566 -0.000271453250210004
0 0.999999959955066 -0.000283001532388406
0 0.999999962762373 -0.000272901543964086
0 0.999999959505022 -0.000284587341710752
0 0.999999964975359 -0.000264668245843155
0 0.999999960837778 -0.000279865042056555
0 0.999999961464124 -0.000277617993776536
-0 0.999999963697814 -0.000269451983735881
0 0.999999951823495 -0.000310407809502421
0 0.999999960516963 -0.000281009026185365
-0 0.999999964863764 -0.000265089552848508
0 0.999999963723829 -0.000269355417236939
0 0.999999960515319 -0.000281014876054594
0 0.999999968903892 -0.000249383672301919
0 0.99999996003617 -0.000282714801485158
0 0.999999952101 -0.000309512517545571
0 0.999999961520153 -0.000277416100527981
-0 0.999999954551927 -0.000301489872702209
0 0.999999954387705 -0.000302034085186023
0 0.999999960989123 -0.000279323739977363
0 0.999999964174776 -0.000267676009985894
0 0.999999956670174 -0.000294380110040262
0.999999993768456 -0 -0.000111638203848173
0.999999990001806 -0 -0.00014140858406379
0.999999993902949 -0 -0.000110426909722921
0.999999989297641 -0 -0.0001463035135006
0.999999993787386 -0 -0.000111468506691905
0.999999990334532 -0 -0.000139035734284722
0.999999994002375 -0 -0.000109522828350015
0.999999990589917 -0 -0.000137186607917647
0.999999994236847 0 -0.000107360632063949
0.999999993579556 -0 -0.000113317640352808
0.999999994902763 -0 -0.000100967684769903
0.999999991419318 -0 -0.000131001389276261
0.999999991599655 -0 -0.000129617473069463
0.999999994574152 -0 -0.000104171470755805
0.999999995591502 -0 -9.38988592177829e-05
0.99999999199647 -0 -0.000126519006595696
0.999999995503981 -0 -9.48263546263052e-05
0.999999994861025 -0 -0.000101380224284335
0.999999995058713 -0 -9.94111391809374e-05
0.999999990866813 -0 -0.000135153152444023
0.999999995724011 -0 -9.24769042878505e-05
0.99999999208212 0 -0.000125840217974164
0 -0.99999998770207 -0.00015683067420412
-0 -0.999999987995801 -0.000154946434081375
0 -0.999999987935431 -0.000155335566832448
0 -0.999999987028664 -0.000161067289539311
-0 -0.999999986789589 -0.000162544832745913
0 -0.999999987313607 -0.000159288376178767
-0 -0.999999989865222 -0.000142371193227076
-0 -0.999999989096371 -0.000147672805023467
0 -0.99999998905875 -0.000147927347116301
-0 -0.999999985757679 -0.000168773939874034
0 -0.999999987230514 -0.000159809174652989
0 -0.99999998800668 -0.000154876206541011
0 -0.999999982029242 -0.000189582479155459
0 -0.999999987262289 -0.000159610220875599
0 -0.999999977636366 -0.000211488217973693
-0 -0.999999986881216 -0.000161980145697777
-0 -0.999999988058735 -0.000154539737169181
-0 -0.999999983061234 -0.000184058499664412
-0 -0.99999998432075 -0.000177083315927274
-0 -0.999999990435154 -0.00013831013215662
0 -0.999999987347607 -0.000159074783175164
0 -0.999999989098531 -0.000147658180349141
-0 -0.999999990612381 -0.00013702276790871
0 -0.999999987649244 -0.00015716714357559
0 -0.999999988204785 -0.000153591767237296
0 -0.999999985450873 -0.000170582102574562
0 -0.999999979921233 -0.000200393445607866
0 -0.999999982488325 -0.000187145266315065
-0 -0.999999988611503 -0.000150920486803631
-0 -0.999999984800937 -0.000174350582789277
0 -0.999999984871254 -0.000173946810815804
0 -0.999999981734614 -0.000191130249878852
0 -0.999999982642397 -0.000186320172764772
0 -0.999999984535546 -0.000175866164690603
0 -0.99999998283755 -0.000185269801026062
0 -0.999999987647865 -0.000157175918380148
-0 -0.999999980071051 -0.000199644429472181
0 -0.999999984424719 -0.000176495214852806
0 -0.999999980975297 -0.000195062570055328
0 -0.999999983646316 -0.00018085178157716
0 -0.999999986505103 -0.000164285707398778
0 -0.999999990280761 -0.000139421942103653
0 -0.999999987452574 -0.000158413544172181
0 -0.99999998678626 -0.000162565307289827
0 -0.999999987229112 -0.000159817949457536
0 -0.999999986141705 -0.000166483002852364
-0 -0.999999986504623 -0.000164288632333621
0 -0.999999986526245 -0.000164156966609961
0 -0.999999988124208 -0.000154115490647769
-0 -0.999999985031144 -0.000173025179858338
0 -0.999999982867894 -0.000185105946469019
0 -0.999999987919064 -0.000155440893591056
0 -0.999999983105364 -0.000183818582250218
0 -0.999999988012569 -0.000154838182387887
0 -0.999999985041269 -0.000172966652057917
0 -0.999999980603096 -0.000196961434812128
-0 -0.999999982553425 -0.000186797082657654
-0 -0.999999989089889 -0.00014771669359836
0 -0.999999990267703 -0.000139515569123501
0 -0.99999999162088 -0.000129453618508116
-0 -0.999999982595484 -0.000186571789917866
0 -0.999999978949961 -0.000205183033586843
0 -0.999999987247808 -0.00015970092295975
0 -0.999999993964503 -0.000109868072532576
0 -0.999999983260973 -0.000182970089219889
0 -0.999999986530088 -0.000164133552579305
0 -0.999999990974055 -0.000134357322773776
0 -0.999999988781749 -0.000149788187766192
0 -0.999999988034304 -0.000154697741859064
0 -0.999999980558697 -0.000197186727550569
-0 -0.999999985754223 -0.000168794414417885
0 -0.999999987241734 -0.000159738947112786
0 -0.99999998627388 -0.000165687173193368
-0 -0.999999983469104 -0.000181829015396117
0 -0.999999991023127 -0.000133991589498218
-0 -0.999999989538975 -0.000144644566113398
0 -0.999999987006979 -0.000161201865646102
0 -0.999999992702033 -0.000120813630047057
0 -0.99999998849907 -0.000151663638536913
0 -0.999999994126064 -0.000108387604359434
0 -0.999999986195721 -0.000166158233221773
0 -0.99999999362622 -0.000112905093564001
0 -0.999999987036676 -0.000161017536543081
0 -0.999999987076689 -0.000160768844321485
0 -0.999999982462032 -0.000187285706841551
0 -0.999999988740954 -0.000150060294019873
0 -0.999999980026631 -0.000199866797275477
0 -0.999999990068307 -0.000140937524030015
0 -0.999999991877576 -0.000127455276798842
0 -0.999999986731029 -0.000162904701595217
0 -0.999999991897328 -0.000127300211593942
0 -0.999999987398286 -0.000158755877965015
0 -0.999999987244538 -0.000159721397503693
0 -0.999999985745826 -0.00016884415286201
0 -0.99999998666135 -0.000163331873049696
0 -0.999999980279619 -0.000198596982676339
0 -0.999999983750391 -0.000180275394795067
0 -0.99999998573446 -0.000168911455467062
-0 -0.999999989750345 -0.000143175797699281
0 -0.999999986064147 -0.000166948213010904
0 -0.999999979492125 -0.000202523452965916
0 -0.999999985481801 -0.000170400698407235
0 -0.99999998674437 -0.000162822788867655
0 -0.999999986439653 -0.000164683614952634
0 -0.999999985439892 -0.000170646465692807
-0.000186826346557646 -0.999999982547958 0
0.000276254537684152 0.999999961841714 -0
-0.000247215640860204 -0.999999969442213 0
0.999999976580938 -0.000216421171378221 -0
0.999999976646745 -0.000216116890852144 -0
0.000219387971987925 0.999999975934459 -0
-0.000205753570491072 -0.999999978832734 0
0.000267617482189134 0.999999964190441 -0
-0.000259776241693923 -0.999999966258152 0
0.00022078360242033 0.9999999756273 -0
0.000245009541608194 0.999999969985162 -0
0.000221787160628427 0.999999975405227 -0
-0.000257581871305401 -0.999999966825789 0
0.000234025931562145 0.999999972615931 -0
-0.00024127322128932 -0.999999970893616 0
0.00023673817550466 0.999999971977518 -0
0.000237694934746337 0.999999971750559 -0
-0.000236966393171982 -0.999999971923464 0
0.000247312178256976 0.999999969418343 -0
-0.000219224131986189 -0.99999997597039 0
0.000278349460262619 0.999999961260788 -0
0.999999971286188 -0.000239640612957615 -0
0.000229751277704779 0.999999973607175 -0
-0.000253383294927132 -0.999999967898452 0
0.000214850001200601 0.999999976919738 -0
0.000257400467148206 0.999999966872499 -0
-0.000216696202556689 -0.999999976521378 0
-0.00022123709827328 -0.999999975527073 0
0.999999976663183 -0.000216040813444658 -0
0.999999976547364 -0.000216576251127906 -0
0.000238856483072859 0.99999997147379 -0
-0.000246949369939739 -0.999999969508004 0
0.000226219804640584 0.9999999744123 -0
0.999999974894506 -0.000224078083023958 -0
-0.000224335564592593 -0.999999974836777 0
0.000262011590267756 0.999999965674963 -0
0.000247689625799487 0.999999969324924 -0
0.999999975230359 -0.000222574215457189 -0
-0.00024874583281298 -0.999999969062755 0
0.000226257843344071 0.999999974403694 -0
0.000242437709099466 0.999999970611978 -0
0.999999977655545 -0.000211397515892157 -0
-0.000191589610161634 -0.999999981646711 0
0.000273208763964028 0.999999962678485 -0
0.999999977794494 -0.000210739201843133 -0
0.999999976687196 -0.000215929636820092 -0
0.999999976697935 -0.00021587989837732 -0
-0.000229558173804975 -0.999999973651522 0
0.999999977059081 -0.000214200461957306 -0
0.000258863371039899 0.999999966494877 -0
-0.000192587318518301 -0.999999981455062 0
0.999999977756249 -0.000210920606006274 -0
0.999999976056265 -0.000218832059762404 -0
0.99999997591263 -0.000219487448873241 -0
-0.000215596092394435 -0.999999976759162 0
0.000263307729223015 0.999999965334519 -0
-0.00018675611901843 -0.999999982561076 0
0.000272693800845476 0.999999962819045 -0
-0.000285415345586363 -0.99999995926904 0
0.000225134319158966 0.999999974657269 -0
0.999999977401857 -0.000212594178008375 -0
-0.000231568229695189 -0.999999973188077 0
0.000254857898562044 0.999999967523725 -0
-0.000228639467813192 -0.999999973861996 0
-0.000223879129253926 -0.999999974939067 0
0.000223852804841257 0.999999974944961 -0
-0.000231401450208162 -0.999999973226684 0
0.000215838934738815 0.999999976706777 -0
0.000237370165129756 0.999999971827702 -0
0.000240857764145765 0.999999970993768 -0
0.999999978401936 -0.000207836778885788 -0
0.999999978429293 -0.000207705113165327 -0
0.99999997560404 -0.000220888929175048 -0
-0.000235936496009981 -0.999999972166984 0
0.00023132538735337 0.999999973244282 -0
0.000250366741395015 0.999999968658247 -0
-0.000167539239023108 -0.999999985965301 0
0.000275400194838593 0.999999962077366 -0
0.999999975366276 -0.000221962714920778 -0
0.999999978065576 -0.000209448912709093 0
0.999999978098658 -0.000209290908023933 0
0.000260062972602526 0.999999966183625 -0
-0.000209861444926703 -0.999999977979087 0
0.000258164093375613 0.99999996667565 -0
-0.000172270313841533 -0.999999985161469 0
0.000284072378597098 0.999999959651441 -0
0.999999979227591 -0.000203825456396523 -0
0.999999976603095 -0.00021631876955795 -0
0.000281588337861846 0.999999960354003 -0
-0.000183710330558318 -0.999999983125257 0
0.000259776241693923 0.999999966258152 -0
-0.000235535663538428 -0.999999972261475 0
0.000229236343673188 0.999999973725349 -0
-0.000249734780879748 -0.999999968816269 0
0.000219566451215305 0.999999975895286 -0
-0.00026078273936033 -0.999999965996181 0
0.000205086481635397 0.999999978969767 -0
-0.000265537227921324 -0.99999996474499 0
-0.000251121607374381 -0.999999968468969 0
-0.000220505646307851 -0.99999997568863 0
0.999999972801859 -0.000233230101935378 -0
0.999999974975734 -0.000223715289252679 -0
0.000261742408967552 0.999999965745455 -0
-0.000224821249278512 -0.999999974727703 0
0.00022611740282098 0.99999997443546 -0
0.000240272588029484 0.999999971134541 -0
0.999999977458424 -0.000212327936185384 -0
-0.000219990697721134 -0.999999975802046 0
0.000233701161944722 0.999999972691883 -0
0.999999977315313 -0.000213000874907553 -0
0.999999976881376 -0.000215028480428508 -0
-0.000192242059796767 -0.999999981521495 0
0.000271810208651049 0.999999963059605 -0
0.000256753867411048 0.999999967038725 -0
0.000214414054954313 0.999999977013306 -0
0.000235655614965669 0.999999972233215 -0
-0.000251566342965447 -0.999999968357187 0
-0.000246642179037334 -0.999999969583817 0
0.000255501587917383 0.999999967359469 -0
0.000232829269463062 0.999999972895265 -0
0.999999977297859 -0.000213082802184711 0
-0.000180799118198531 -0.999999983655839 0
0.000281377684362036 0.999999960413299 -0
0.000242727364946519 0.999999970541713 -0
-0.000217647097390016 -0.99999997631487 0
0.000270113222691668 0.999999963519423 -0
0.999999976330149 -0.000217576884404026 -0
0.000255674231822735 0.999999967315343 -0
-0.000237253124085462 -0.999999971855477 0
-0.000247364856185268 -0.999999969405313 0
0.000225780918910922 0.999999974511488 -0
0.000215613642002976 0.999999976755379 -0
-0.000264331776494554 -0.999999965064355 0
0.00027873857843054 0.999999961152402 -0
-0.000168144875157405 -0.99999998586365 0
-0.000220365205784218 -0.999999975719588 0
0.99999998018421 -0.000199076817500623 -0
0.000229189530165588 0.999999973736079 -0
0.00027743365013572 0.999999961515284 -0
-0.000181240928875063 -0.999999983575863 0
-0.000265885397008206 -0.999999964652477 0
0.000209457687513398 0.999999978063738 -0
-0.000227951889872406 -0.999999974018968 0
0.000255334822985185 0.999999967402064 -0
0.000210060413250463 0.999999977937311 -0
-0.000275625487564507 -0.999999962015295 0
-0.000150320685982159 -0.999999988701846 0
0.000283182936541836 0.999999959903711 -0
0.999999977235473 -0.000213375382972339 -0
0.000238733606711181 0.999999971503132 -0
0.000247753974362704 0.999999969308984 -0
0.999999976603727 -0.000216315844623194 0
0.999999976263899 -0.000217881164929814 -0
-0.000226652825948731 -0.999999974314248 0
0.000274771144718504 0.999999962250408 -0
-0.000178783226927776 -0.999999984018279 0
-0.000224906101489773 -0.999999974708622 0
0.000268855122445733 0.999999963858461 -0
0.000249667492830025 0.999999968833071 -0
-0.000224663259146847 -0.99999997476321 0
0.000268717606861727 0.999999963895423 -0
-0.00021508991861034 -0.999999976868163 0
0.000236214452119522 0.999999972101366 -0
0.000269150613604286 0.999999963778973 -0
-0.00022121369879531 -0.999999975532249 0
0.000248617106582811 0.999999969094767 -0
-0.000219873656675445 -0.999999975827787 0
0.000246018949668659 0.999999969737338 -0
-2.39255120596408e-05 0.955407613332117 0.295290182387762
0.000138612001593159 0.959061769867254 0.283196932126398
0.000150225214970967 0.959880374895295 0.280409777510079
8.45748712783887e-06 -0.291953218814958 -0.956432599795749
0.000109779497417471 0.705632719339366 0.708577768029871
0.000129582325722213 0.708675309820511 0.705534753544589
-3.04692317206333e-05 0.956402317926523 0.292052401695998
-0.000179187804593867 0.927668206361303 0.37340549915358
0.000123505296452739 0.566307276623443 0.824194184151879
-0.000123427608478151 0.908827594164181 0.417171893649815
0.000155530038657702 0.571735808561028 0.820437774008166
0.999504111752393 -0.0301280628437177 0.00915589533278311
-0.000108618092472924 0.833928546598456 0.551872419468755
-4.33663400938118e-05 0.819875529731648 0.572541800977544
0.000115632550299364 0.97556789253347 0.219698142201789
0.000128385605686423 0.975596237886757 0.219572229888807
-8.78857866172253e-05 -0.24054845488233 -0.970637127421887
0.000112971756500696 0.920157389762875 0.391548675520881
-4.58114063323237e-05 0.830041344102742 0.557701860299416
3.21010222431127e-05 0.83010127831618 0.557612649343044
2.24109627863312e-05 0.771681171010487 0.636009567385297
3.4923230113927e-05 0.771638658149818 0.636061144882406
1.25897826968225e-05 0.880755149181461 0.473571923821335
-0.000100728266515653 0.968758522955286 0.248005875041922
-0.000129100934880482 0.378800206897037 0.925478463600159
-5.66126034279008e-05 0.770941871508151 0.636905509122446
0.999912635362057 0.012825982205015 -0.00319622023387186
-3.91723167288218e-06 0.707318779467804 0.70689471931599
-0.000136048964293652 0.382773034523853 0.923842402973624
-9.13865877055221e-05 0.479387900859217 0.87760311767808
-0.000107843970363445 0.476597679062406 0.8791215164481
-2.65334807391934e-06 0.555689681883142 0.831389786707518
3.32883841708814e-05 0.472736059395179 0.881204072300736
9.48992559504865e-05 0.831092953106338 0.556133521999095
2.67778190681965e-06 0.707276396291389 0.70693712538096
0.000112891699340634 0.920438151104152 0.390888215795045
-6.05870307323248e-05 0.770913548914748 0.636939790269756
-1.6671057747321e-06 0.555782540509937 0.831327713757662
-0.000148535505081664 0.55496406959444 0.83187430504637
0.000161649031057208 0.474968369163181 0.88000285349768
-4.02991692982502e-05 0.919753995527784 0.392495332566712
-0.000255265860812677 0.290278402625723 0.956942205051276
-0.000389886996067224 0.956943807883491 0.290272969016365
-0.000103453987128509 0.555641459286435 0.831422009583168
8.7190785000682e-05 0.831268710851466 0.555870778830034
-0.000182634249174544 -0.471392787259319 -0.881923356513831
-3.33262684282396e-05 0.634217183585694 0.773154941091364
-6.81006159673766e-05 0.876980270342475 0.480526378872529
0.00020255232141011 0.881923978489173 0.47139161547315
-4.88557180380139e-05 0.827650294691802 0.561244142338869
-8.69574282508326e-05 0.634391359897164 0.773012027672424
-0.000176075212312847 0.47139238011257 0.881923575469738
9.99887552655474e-05 0.773008656174502 0.634395466157775
-3.50316097387731e-05 0.706113089776243 0.708099077262097
-3.84554618442868e-05 0.919569425265866 0.392927564109956
-3.14210584397419e-05 0.634195543931497 0.773172691622092
1.84194772610645e-05 0.473556514262508 0.88076343444779
7.7287080431319e-05 0.557864915416155 0.829931762360276
8.77099387677919e-05 0.773012039223667 0.634391345718268
5.03113719213393e-06 0.632983333993767 0.774165420863541
-4.80819746055803e-05 0.827530250760141 0.561421126931453
-2.73526069261205e-05 0.706150996448689 0.708061275220131
-1.39635649382949e-05 0.704221599010999 0.709980238662605
0.00015136951733004 0.876982262943716 0.480522723260189
-1.4674710058599e-06 0.633143469222648 0.774034461363676
-2.51152881390452e-05 0.768938620533553 0.639322608094832
8.24720554394795e-05 0.556760712515065 0.830672921310233
-2.29861017985797e-05 0.704481291082028 0.709722558460021
-6.0850757007616e-05 0.877462186479064 0.479645814738923
-4.44539285698261e-06 0.880549077871794 0.473954978283139
-1.998592292383e-05 0.635191695936665 0.772354522880307
5.261894945019e-05 0.634586722797971 0.772851660074414
-0.000216096395137703 -0.076695699441994 -0.997054523579053
0.000147735575709313 0.877450457715276 0.479667251779245
-0.000141335442139109 -0.0966154806649696 -0.995321771549367
0.999999997012535 -5.96041822919576e-06 -7.7067521837489e-05
0.000153989687308284 0.99542233786928 0.0955737702407544
-0.000211458945973604 -0.0728173830252473 -0.997345268206787
0.000267155199189759 0.996077212004832 0.0884879446748582
-0.000196525486173769 -0.0726044646793959 -0.997360793838595
0.000315999106476376 0.997534717367869 0.0701739822895274
-0.000170579589497709 -0.0888559319605754 -0.996044474036186
-0.00021639369515523 -0.0749823527830132 -0.99718483740222
0.999857105638563 -0.0168472433821922 0.00139237010036151
0.000271093088133307 0.925333824100489 0.379153320550015
-0.000208854959776663 -0.0727107942917886 -0.997353045201679
0.000284926245258791 0.97420752589769 0.225653750913511
-0.000573253774064482 -0.290270423728981 -0.956944487673297
0.00047245745284239 0.956943775533919 0.290272953012926
-0.000226956123763017 -0.210885534342725 -0.97751073646068
0.999999999116386 -2.97502154353801e-06 -4.19330144032143e-05
9.24476447938783e-05 0.99686756217589 0.0790889052581366
0.00024101087637591 0.94426259793652 0.329193086276022
-0.000205297179737665 0.928110077572739 0.372305844381998
8.36628529352574e-05 0.572223999702607 0.8200973644421
-0.000123419444961478 0.835816278075705 0.549009229495566
0.000184355636357124 0.705007780151739 0.709199545923795
-1.6131632419959e-05 0.396264759875668 0.918136286082001
-0.000254654717167768 -0.326629764779761 -0.945152332648496
-0.000318691557552239 -0.391344340840198 -0.920244263947373
0.00027850888796749 0.92338508842197 0.383874850586426
-3.2135021917561e-05 0.816902192289433 0.576776219343394
0.000337757846815842 0.978521476582067 0.206144623474122
0.000161368887688245 0.70937619317091 0.704830043714391
-9.58198771108164e-05 0.329841536989655 0.944036308250299
3.1507798292871e-05 0.401809822674599 0.91572313796773
0.999985814348308 -0.0053152319531232 0.000345559598889496
0.000106927652378327 0.996169569044564 0.0874424283517134
0.000205622891051326 0.996376922214453 0.0850469670104752
0.000209857766868782 0.996822476349252 0.0796549220366382
0.999571306628018 0.0291499622684304 -0.00273544616215951
-0.000118249218426025 0.995185040003772 0.0980138876374806
0.00030581606627155 0.996774834695423 0.080248584999642
0.000331444576057187 0.99753957003242 0.0701048954355376
0.999999997366196 -4.99383801864452e-06 -7.2406286944759e-05
7.89712414363096e-05 0.997483471133713 0.0708993552762021
0.000163392265982996 0.474100662573542 0.880470632701793
0.999939701364625 0.0107466011109306 -0.00225924752681384
-0.000453098507782564 -0.0980033074518877 -0.995185985848994
0.000406773916400329 0.995185870443242 0.0980046825672533
-0.000195118161633449 -0.067584955396615 -0.997713503834112
0.000304123125129116 0.997724891366983 0.0674162343643276
-0.000235737682747296 0.881924608270083 0.471390421790054
0.000214498421476235 0.634387378575078 0.773015270156462
-3.04477697817864e-05 0.768968081076912 0.639287172840051
-0.000208404385175738 -0.446258548507972 -0.894904053209712
-0.000317516209395822 -0.391788144694277 -0.920055405321045
0.000220271577320056 0.997714190883202 0.0675747348548897
-0.000117216589156546 0.908096915996786 0.418760047542024
-4.03186171308692e-05 0.394689099448542 0.918814732767661
0.00031895416400005 0.997544373854814 0.0700365651559867
-9.22081313269439e-05 0.970477312864048 0.241192406003666
4.62225284118084e-05 0.399019278413925 0.916942535450018
-0.000302307574702964 -0.20599566987495 -0.978552856315335
0.000326408428105849 0.978748966258842 0.205061830931029
-0.000217890242540255 -0.444443634733985 -0.895806791706943
-8.63801558752579e-05 0.32802579343103 0.944668762785354
0.999843379279119 -0.0172856897322174 0.00379761006323395
-0.000169864974328767 0.977607900813424 0.210434701066769
-0.000253886259034894 -0.213624540277179 -0.976915805652223
0.000360420609395406 0.977277033694725 0.211965727205656
0.000328185207980063 0.980084051377398 0.19858284047252
-0.000158467671163027 -0.316167866844986 -0.948703249105161
0.000121916788059234 0.569999460297147 0.82164505742885
0.9999983200196 -0.00183133826561206 7.84737824074063e-05
6.23150964074561e-05 0.997272612730929 0.0738060432055165
-0.000167280681711846 -0.320562887644233 -0.947227220408263
-0.000198825872453556 -0.0694442009231131 -0.99758581757482
0.000313929505643674 0.99765641068049 0.0684221285578429
-0.000212444953452684 -0.323585286765916 -0.946198983858978
0.000230304374328544 0.945387205749659 0.325949349078576
-0.000169107017507865 -0.201396140652262 -0.97950986004899
-0.000196838553755568 -0.204215646633847 -0.978925906759293
0.999998065854 0.0019316090866475 -0.000370370888324408
-0.000162224642077271 0.977159937588888 0.212505129477965
0.999991629376398 0.00400648968929125 -0.000830191247453759
-0.000182307931425007 -0.201904262857875 -0.97940524575052
0.000314575694022125 0.975942506444447 0.218027808219647
0.99973499947055 -0.0224075402742105 0.00527569639762489
-0.000138951888065117 -0.232366556651475 -0.972628276394589
-0.000156072883246426 0 -0.999999987820627
-0.000142511633756671 0 -0.999999989845217
0.999999995096742 0 -9.90278562913973e-05
-0.00013976720083427 0 -0.999999990232565
-0.000115491536374178 0 -0.999999993330853
-0.000161889443613727 0 -0.999999986895904
-0.000156652194970422 0 -0.999999987730045
0.999999994049069 -0 -0.000109095656886142
-0.000146165997906103 0 -0.99999998931775
-0.000160888810305973 0 -0.999999987057395
-0.000132821266299135 0 -0.999999991179256
0.999999993960645 -0 -0.000109903186303386
-0.000151549536973541 0 -0.999999988516369
-0.000143009018203971 0 -0.99999998977421
0.999999996011237 -0 -8.93169995909222e-05
-0.000182341039059878 0 -0.999999983375873
0.999999994482638 -0 -0.000105046295505187
-0.000144887408467095 0 -0.999999989503819
-0.000163598129431958 0 -0.999999986617826
-0.000164543174424474 0 -0.999999986462772
-0.000140203147097867 0 -0.999999990171539
0.999999993793581 -0 -0.000111412918376768
-0.000166597118966837 0 -0.9999999861227
-0.000148957244330632 0 -0.99999998890587
-0.000139904716429144 0 -0.999999990213335
-0.000145905605943336 0 -0.999999989355777
0.999999994778233 -0 -0.000102193610849341
-0.000176913611499856 0 -0.999999984350787
-0.00013320162424928 0 -0.999999991128664
-0.00016102340096469 0 -0.999999987035732
-0.000149808662310229 0 -0.999999988778682
-0.000120047056997377 0 -0.999999992794352
-0.000159437591511835 0 -0.999999987289827
-0.000137128094668164 0 -0.999999990597943
-0.000146800912498996 -0 -0.999999989224746
0.999999995956696 -0 -8.99255752303556e-05
0.999999996294273 -0 -8.60898068360511e-05
-0.000181249703679514 -0 -0.999999983574272
-0.000183695705884253 0 -0.999999983127944
2.5417120626348e-05 -0.95540762788733 -0.295290135169929
-0.000183807702601124 -0.959062174471694 -0.283195536180136
-0.000208392244030538 -0.959879811145756 -0.280411670098554
4.10483769853922e-05 0.291955333419465 0.956431953461907
-9.42901913598081e-05 -0.705632768290189 -0.708577721512951
-0.00012332690300501 -0.708675305193745 -0.705534759313123
1.73401581968394e-05 -0.95640243046068 -0.292052034247705
0.000140104627858641 -0.927667890966691 -0.373406299411386
0.999999410931623 -0.00094181837647877 0.000539550324345679
0.000140959429372427 -0.908827455075597 -0.417172191104889
0.999951270641337 -0.00816390841676123 0.00555040017822692
3.56178501555244e-05 0.290397657488589 0.956906055606562
8.17206506705483e-05 -0.833928227949685 -0.551872905613632
8.20455777238407e-05 -0.819875445143074 -0.572541917871494
-0.000107154895112211 -0.975567859029258 -0.219698295275356
-9.97188269739771e-05 -0.975596336324012 -0.219571807405506
0.000125809754479493 0.240550714814461 0.970636563176021
-4.5840846700725e-06 -0.920156317411203 -0.391551211857707
0.000125400858483215 -0.830040093245944 -0.557703709758945
0.000121822624803085 -0.830103680447363 -0.55760906096206
9.32655643455805e-05 -0.771679125709385 -0.636012042532162
8.43692753567759e-05 -0.771640751666442 -0.63605860048385
0.000114725098316524 -0.880756924464004 -0.473568608384108
6.61594914023277e-05 -0.968758416401262 -0.248006302892973
-0.000340081451980244 0.378794694008004 0.925480666538199
0.000136648880035149 -0.77094331469427 -0.636903750071622
4.15431150324873e-05 0.238858840039993 0.971054299619191
8.54676934340356e-05 -0.707317115759584 -0.70689637886243
-0.000354186022190684 0.382778589562192 0.923840043473458
-0.000243756640963416 0.479391049850441 0.877601368450387
-0.000213125934521992 0.476595331338585 0.879122769994954
9.60935966528999e-05 -0.55568750988481 -0.831391232888609
-2.45911632164329e-05 0.472737467536849 0.881203317164729
1.23915663091981e-05 -0.831091299800167 -0.556136000671525
7.94606809926037e-05 -0.70727805937208 -0.706935457037532
-5.60409204725615e-06 -0.920439257468993 -0.390885626850774
0.000115249300689589 -0.770912557417304 -0.636940982771489
9.49338687984276e-05 -0.555784689492434 -0.831326271636689
-0.999582289046824 -0.0241775661223551 0.015833278886932
0.999544845130785 -0.0265891175779621 0.0142520664782449
0.000144421114878791 -0.919752849093407 -0.392497994551695
-0.000443541505817358 0.290273754911006 0.95694354613049
0.000274230104097181 -0.956942792157038 -0.290276449848317
-0.999598162273472 0.0234310464979878 -0.0159530573717597
1.06994883601902e-05 -0.831270229530506 -0.555868514472461
0.999700607020244 -0.0215873301202474 0.0115188324770811
0.0001369607691209 -0.634219455438394 -0.773153066077588
0.000146563908089767 -0.876981324668453 -0.480524437153602
-0.000216760085584241 -0.881924167530845 -0.471391255476903
0.000115325251405071 -0.827649226212669 -0.561245708268363
-0.999594894532195 -0.0221145186186567 0.0179163303004689
-0.999607805943211 -0.0248654476827281 0.0128819179060527
-8.82140364867962e-05 -0.773008868985861 -0.634395208594362
0.000130389065687093 -0.70611502504924 -0.708097136273268
0.000130568276249645 -0.919570383526006 -0.392925301671654
0.000132132904683637 -0.634193313182321 -0.773174510738505
4.41898756441682e-05 -0.473554986378279 -0.880764255021469
-4.9482975347122e-05 -0.557864301852626 -0.829932176909606
3.02556281940186e-05 -0.773009913753989 -0.634393940956759
9.29870486025711e-05 -0.6329854729483 -0.774163666410292
0.000114280760558158 -0.827531272632364 -0.561419611124664
0.000127914514403696 -0.706148941286659 -0.708063313805769
6.74582423496604e-05 -0.704222663176438 -0.709979180059578
1.67132243587279e-05 -0.876984249246992 -0.480519121672966
7.94913371483164e-05 -0.633141757377981 -0.774035857532097
5.50809366108131e-05 -0.768939166787496 -0.639321949213573
-9.41042709720164e-06 -0.556762323513538 -0.830671845572757
6.9162822861457e-05 -0.704480352042583 -0.70972348756573
0.000148235501601532 -0.877461075187775 -0.479647828679073
0.00011842292403658 -0.880547502988211 -0.473957889434533
1.42736261727343e-05 -0.635191802589116 -0.772354435294997
-3.19783199556032e-05 -0.634587143343562 -0.772851315894878
0.000191618854734329 0.0766995084625135 0.997054235577896
2.07320397279805e-05 -0.877448407857724 -0.479671023846686
0.000116685271099641 0.096616025109789 0.995321721895253
1.50651298627546e-05 0.0771099357597023 0.997022596323763
-0.000126372714523888 -0.995422341722939 -0.0955737706107569
0.999999983948109 -1.3048003178447e-05 -0.000178699558786204
-0.000250694452553943 -0.996077216250209 -0.0884879450520023
0.999999989268514 -1.06369985747279e-05 -0.000146115796875461
-0.000263699790893205 -0.997534732489427 -0.0701739833532898
0.000144733824097325 0.0888566788178787 0.9960444115006
0.999994580764959 0.00326370988876523 -0.000432016755378012
3.94083366037129e-05 0.0878054633482471 0.996137640616588
-0.000294647099952381 -0.925334084645658 -0.379152667109264
0.999999973472905 0.00016158927608521 -0.000164143518262724
-0.000222301104923363 -0.974207357923121 -0.225654546487923
0.999664247288575 -0.0249428206683167 0.00701771972046145
-0.000514610665090835 -0.956944072330828 -0.290271902888921
0.999957579211459 -0.00904305022942444 0.00175014859575973
-7.07759767435487e-06 0.0707691155139956 0.99749272290041
-8.3131785547949e-05 -0.996867562991165 -0.0790889053228185
-0.000273652583524756 -0.944262474817909 -0.329193413915013
0.000205736294175372 -0.928110072567914 -0.372305856615979
0.999715739799373 0.0195182370451732 -0.0136922613194712
0.000130430011136363 -0.835816150619775 -0.549009421914737
-0.000157715002775093 -0.705007214859807 -0.709200114298916
-9.50785261686364e-05 0.396266474515356 0.918135541265692
0.999972090937574 0.00699008073323236 -0.0026374452183793
0.999476967986487 0.02966858553866 -0.0128672256789915
-0.000298223575423396 -0.923384864729711 -0.383875373853015
0.000102842061480966 -0.816903145216578 -0.576774861413682
-0.000346938549620651 -0.978521496063347 -0.206144515754341
-9.8627407785476e-05 -0.709377413809295 -0.704828826772764
-0.00013637574341877 0.329841940024246 0.944036162444373
0.999805665727081 0.0180899374842418 -0.00783485429629359
-8.60183769752842e-06 0.0740241770018185 0.99725644703116
-6.82902712099894e-05 -0.996169522736958 -0.0874429946105474
-0.000208454139372088 -0.996376915649041 -0.0850470370358426
-0.000256242526099911 -0.996822531200486 -0.0796540998996594
-0.000307490459256764 0.0980081756209337 0.995185562074266
5.70087798313015e-05 -0.995184879315014 -0.0980155739296596
-0.000281785860650233 -0.996774870190672 -0.080248232087057
-0.000293569640219576 -0.997539581557333 -0.0701049002801341
-1.00473215077961e-05 0.0688062190598757 0.997630043712465
-8.82724761448915e-05 -0.997483470357884 -0.0708993552210575
0.999525490977708 0.0270852391309068 -0.0146691072323319
-7.84721449762271e-05 0.20735771744573 0.978265184322645
0.999530184533979 -0.0305392598415478 0.00260073331988454
-0.000492998689595102 -0.99518609178239 -0.0980020391378861
0.999999990312144 -9.40760723898147e-06 -0.000138878395302306
-0.000272132022542507 -0.997724900563532 -0.067416234985738
0.000226761795254372 -0.881924481834735 -0.471390662741237
0.999371163899403 -0.0274227940256086 0.0224781479259864
5.13194225706177e-05 -0.768967615888622 -0.639287731057687
0.999999956105948 -0.000295987639171922 -1.33947244800685e-05
0.998953619667559 -0.0421706028565562 0.0177004521918871
-0.000239362655274819 -0.997714186505775 -0.0675747345584085
0.000140569779538934 -0.908097147433931 -0.418759538473448
-0.00011103306740377 0.39468766240401 0.918815344243726
-0.000294034827173902 -0.997544381473699 -0.0700365656909008
5.52951620366147e-05 -0.970477501515143 -0.241191658220949
0.999748755363816 -0.0205206178320769 0.00901833644803275
0.99982146874913 0.0184282195363066 -0.00417508719123453
-0.000429061290333933 -0.978748535776201 -0.205063696500263
0.999975062084826 0.00625927548585717 -0.00327057775345122
-0.000107177357353129 0.328025522897347 0.944668854594527
-0.00013137288756685 0.20711926597532 0.978315691585803
0.000163502294980415 -0.97760792424373 -0.210434597257355
0.999987263301406 -0.0049764116393548 0.000841761344588889
-0.000388985459601873 -0.977277040267275 -0.211965646407022
-0.000308523564640876 -0.980084057864756 -0.198582839975066
0.999899291734199 -0.0134929490491447 0.00439849012783289
0.999819347781108 -0.0156756060736446 0.010749287268678
-8.988152454094e-06 0.0694676928545495 0.997584201743732
-4.97285942661131e-05 -0.997272605434302 -0.0738061513516701
0.999993498675797 0.0033743702782767 -0.0012713108837875
0.999988654433221 0.004740179003954 -0.000470858625975697
-0.000276601829467201 -0.997656428231138 -0.0684220337356012
0.999999962324859 0.000182309528476939 -0.000205215781473199
-0.00024577386786413 -0.945387286269186 -0.32594910424143
0.999997245044891 -0.00232631282714306 0.000313322929874667
0.999999976032412 -0.000173862637186008 -0.000133067494809346
-9.24884361616587e-05 0.213331143316375 0.976979945923772
0.000142674783138411 -0.977159910462653 -0.212505268237111
-8.56378108365404e-06 0.203353698357207 0.979105343306382
0.999994780276949 -0.00319311072487806 0.000493419450966634
-0.000257015464830951 -0.975942806137279 -0.218026542173067
1.27644217993088e-05 0.228774591378984 0.97347942257474
0.999631069786041 0.0263838260903035 -0.00645120448064739
-0 0.999999970759335 0.00024182913350622
-0 0.999999955613882 0.000297946696681985
0 0.999999952688723 0.000307607788415992
0 0.999999975497935 0.000221368763992594
0 0.999999978050868 0.000209519125695448
-0 0.999999975356534 0.000222006603493863
0 0.999999981768711 0.000190951770648347
0 0.999999973646147 0.000229581587834727
-0 0.99999996799106 0.000253017547124954
-0 0.999999981266951 0.000193561612844107
-0 0.999999969668913 0.000246296920328086
0 0.999999975208864 0.000222670767407552
0 0.999999979439353 0.000202783859472886
0 0.9999999688747 0.000249500698793263
-0 0.999999979056685 0.00020466223512554
-0 0.999999966948523 0.000257104946883084
-0 0.999999969263295 0.000247938318007831
-0 0.999999980690016 0.000196519638691446
0 0.000211979752533222 -0.999999977532292
0 0.999999957018302 0.000293195147736629
0 0.999999975024149 0.000223498771322235
0 0.999999966813734 0.000257628670260117
0 0.999999976715618 0.000215797971100309
-0 0.999999977742054 0.000210987894057799
-0 0.999999961953976 0.000275847869907665
-0 0.9999999477048 0.000323404385743873
-0 0.999999960926982 0.000279546122319836
-0 0.99999994641576 0.000327365969648782
-0 0.99999997639313 0.000217287228551947
-0 -0.999999972717859 -0.000233589985321481
-0 0.999999970848419 0.000241460475318115
-0 0.999999977181127 0.000213629925056109
-0 0.999999977094162 0.000214036621955017
0 0.999999974797378 0.000224511118884645
-0 0.999999976404572 0.000217234565174464
0 0.999999962928265 0.000272292982937069
0 0.999999975210822 0.000222661978051408
-0 0.99999996340236 0.000270546258537566
-0 0.999999951694438 0.000310823295750656
0 0.000217178962310311 -0.999999976416649
-0 0.999999975488218 0.000221412652565696
0 0.000212465451774987 -0.999999977429216
0 0.999999973764237 0.000229066639251162
0 0.000205677507635001 -0.999999978848381
-0 0.999999975500525 0.00022135706425361
-0 0.99999995533973 0.000298865417175299
-0 0.99999997592868 0.000219414310952587
-0 0.999999969346662 0.000247601848654905
-0 0.999999976466822 0.00021694781970516
-0 0.999999976402665 0.000217243339978725
0 0.999999944243883 0.000333934470666504
0 0.999999948935149 0.000319577377923183
0 0.999999976129838 0.000218495590402626
-0 0.999999973858653 0.00022865409248685
-0 0.99999997639313 0.000217287228551947
-0 0.999999968612077 0.000250551085039783
-0 0.999999945254408 0.000330894517690314
-0 0.99999996299516 0.000272047201116171
-0 0.999999974269135 0.000226851779718389
-0 0.99999997692791 0.000214811962496827
0 0.999999980550619 0.000197227691189547
-0 0.999999979641768 0.00020178321163554
-0 0.999999979731406 0.000201338490581347
-0 0.999999963066763 0.000271783869687404
-0 0.999999972535761 0.000234368250787814
0 0.999999977185501 0.000213609450512784
-0 0.999999963648133 0.000269636298274077
-0 0.999999950907337 0.000313345375272238
0 0.999999973725349 0.000229236343673188
0 0.999999974493648 0.000225859921252654
-0 0.999999976690985 0.000215912087211554
0 0.999999984014618 0.000178803701471521
-0 0.999999978933748 0.000205262035929627
-0 -0.000193084702953063 0.999999981359149
-0 0.999999973603811 0.00022976591693034
-0 0.999999959995628 0.00028285816693679
-0 0.999999962652901 0.000273302390976121
0 0.000202327424127923 -0.999999979531806
0 0.999999976425545 0.000217137998671841
-0 0.999999976130477 0.000218492665467874
-0 0.999999972743143 0.000233481719081039
-0 0.999999947409157 0.000324317256400769
0 0.999999965896918 0.000261163097281711
0 0.000214835376526809 -0.99999997692288
0 0.00020875255995534 -0.999999978211184
0 0.000208024032918802 -0.999999978363001
0 0.000199925310523103 -0.999999980014935
0 0.999999952318997 0.000308807390000331
-0 0.999999977035257 0.000214311653133909
-0 0.999999965010976 0.000264533640641429
-0 0.999999951519672 0.00031138505783806
0 0.999999977047799 0.000214253125334892
0 0.999999978019593 0.000209668341024367
0 0.99999997793301 0.000210080887793834
0 0.999999976482052 0.000216877606719138
-0 0.999999970956408 0.000241012829340936
-0 0.999999980177219 0.000199111931269981
-0 0.999999972482248 0.000234596468455519
0 0.999999968864475 0.000249541676982719
-0 0.999999971626632 0.000238215733196211
-0 0.999999954355008 0.000302142322323127
0 0.999999976846132 0.000215192320430692
-0 0.999999980069883 0.000199650279341753
-0 0.99999997506206 0.000223329081451462
-0 0.999999976965603 0.000214636422755568
0 0.000222056341936436 -0.99999997534549
0 0.000219715666543259 -0.999999975862513
-0 0.999999961683934 0.000276825089110977
-0 0.999999977314067 0.000213006724777077
0 0.000212760957497492 -0.999999977366387
0 0.999999981501801 0.000192344476170464
0 0.000209445987774325 -0.999999978066189
-0 0.999999977839481 0.000210525623397539
0 0.000206739579100202 -0.999999978629373
0 0.999999980510782 0.000197429569897719
-0 0.999999943001078 0.000337635662587976
0 0.000209007102039856 -0.999999978158015
0 0.000219958508886986 -0.999999975809127
-0 0.999999979744363 0.000201274127464205
-0 0.999999969676841 0.000246264731494529
0 0.999999967009427 0.000256867954415152
-0 0.999999944979108 0.000331725461066398
-0 0.999999965983209 0.000260832477801505
-0 0.999999978312454 0.000208266875264352
-0 -0.999999971840201 -0.000237317501752995
0 0.000202011429308112 -0.999999979595691
-0 -0.9999999722208 -0.000235708292894406
-0 0.999999982302761 0.000188134199869841
-0 -0.000195536555011029 0.999999980882728
0 0.000212582478269325 -0.999999977404345
0 -0.999999969794892 -0.000245784896685355
0 0.999999977161121 0.000213723552072276
-0 0.999999980970729 0.000195085984085594
-0 0.999999971304416 0.000239564535551352
0 0.999999970275507 0.000243821625218805
-0 0.999999968203901 0.000252174933106215
0 0.000226840079979449 -0.999999974271789
0 0.000221921751282437 -0.999999975375368
-0 0.999999980445454 0.000197760189392344
0 0.000225318648255138 -0.999999974615753
-0 0.99999994721065 0.000324928756922284
0 0.999999942686512 0.00033856605373594
-0 0.999999980402032 0.000197979632261101
0 -0.999999972857105 -0.000232993109463287
0 0.000203088140001514 -0.999999979377604
-0 0.999999953920803 0.000303576006003456
0 0.999999981765918 0.000190966395322352
0 0.000225207457079341 -0.9999999746408
-0 0.999999982625493 0.000186410874847665
-0 0.999999976649905 0.000216102266178364
-0 0.999999950789003 0.000313722793712445
0 0.000214232650791575 -0.999999977052185
-0 0.999999967175308 0.000256221354677729
0 0.000348031142160228 -0.99999993943716
0 0.999999952456236 0.000308362654404138
-0 0.999999978972167 0.000205074781896292
-0 0.999999973085674 0.000232010025805918
-0 0.999999976920367 0.000214847076265842
0 0.000204267252515265 -0.999999979137445
-0 0.99999998014808 0.000199258221665066
-0 0.999999976982556 0.00021455742041325
0 0.000198257588377512 -0.999999980346964
-0 0.999999953448851 0.00030512668707099
-0 0.999999977975401 0.000209879009087223
0 0.999999975886934 0.000219604489918961
-0 0.999999983256689 0.000182993503250316
0 0.999999977931167 0.000210089662598136
-0 0.999999977897959 0.000210247667283217
0 0.999999976680876 0.00021595890071957
0 0.999999972598124 0.000234102008968707
-0 0.999999975483685 0.000221433127108916
-0 0.999999967356479 0.000255513287656081
0 0.999999981602399 0.00019182075277038
-0 0.999999973923506 0.000228370286506381
0 0.000346737913610894 -0.999999939886408
0 0.999999977427973 0.000212471301644512
0 0.000222837532343657 -0.999999975171717
0 0.000205648243735334 -0.9999999788544
0 0.999999980210995 0.000198942226844671
-0 0.999999949102382 0.000319053654542998
-0 0.999999974906305 0.000224025419646711
0 0.999999974963297 0.000223770877564677
0 0.999999958433901 0.000288326543179921
-0 0.999999975041803 0.000223419768980378
0 0.999999976001168 0.000219083691462437
-0 0.999999969365496 0.000247525771249085
-0 0.999999980578308 0.000197087250663867
-0 0.999999977033377 0.000214320427938188
0 0.000202438600753437 -0.999999979509306
-0 0.999999967188804 0.000256168676749788
-0 0.999999976829758 0.00021526839783822
-0 0.999999977347708 0.000212848734644187
-0 0.999999973446944 0.000230447630448899
-0 0.99999996578603 0.000261587343774804
-0 0.999999963986571 0.000268378198027657
-0 0.999999968981917 0.000249070602426865
-0 -0.999999972211147 -0.000235749241980446
0 0.999999963342975 0.000270765672291269
-0 0.999999968152976 0.000252376797254992
0 0.999999970770655 0.000241782319999036
-0 0.99999997739688 0.00021261759203839
-0 0.999999974500917 0.000225827732418631
0 -0.999999972158699 -0.000235971609778495
0 0.000208881300740945 -0.999999978184301
-0 0.999999960470905 0.000281172880731417
-0 0.999999964058777 0.000268109016728816
-0 0.9999999693626 0.000247537470987853
-0 0.999999970609142 0.000242449408838278
-0 -0.999999970506193 -0.000242873655337373
-0 0.999999969537622 0.000246829403961565
-0 0.999999973404449 0.000230631959544401
-0 0.999999967285416 0.000255791258313521
0 0.99999997159247 0.000238359098652831
-0 0.999999978364221 0.000208018168497346
-0 0.999999967623567 0.0002544658409001
-0 0.999999971636389 0.00023817476955833
-0 0.999999975020881 0.000223513395995944
0 0.999999970748013 0.000241875947013403
-0 0.999999972860513 0.000232978484789673
-0 -0.999999971935249 -0.00023691665472992
0 0.999999977736497 0.000211014233022603
0 -0.999999968402067 -0.000251387878294015
0 0.999999977395636 0.000212623441907915
-0 0.999999975379915 0.000221901262187309
-0 0.999999979826138 0.000200867430562066
0 0.000237782697339639 -0.999999971729694
-0 -0.0002429994711853 0.999999970475628
0 0.999999972031516 0.000236509972389215
0 0.999999973000753 0.000232375759061775
-0 0.999999977622753 0.000211552581090428
-0 0.999999955905437 0.00029696653800995
-0 0.999999968471169 0.000251112847122242
0 0.000226407058671357 -0.999999974369921
0 0.999999967355728 0.000255516227142669
0 -0.999999968206859 -0.00025216320426366
0 0.00021428823910392 -0.999999977040275
0 -0.999999966458509 -0.000259003826111557
-0 0.999999968187672 0.000252239281669215
-0 0.999999971186538 0.000240056084653448
0 0.000213910806104593 -0.999999977121083
0 0.999999971430444 0.00023903788723256
0 0.999999980902174 0.00019543707812423
0 -0.999999965693361 -0.000261941362732093
-0 0.999999979005753 0.000204910941893063
0 0.000219311894580602 -0.999999975951146
-0 -0.999999970116914 -0.000244471208104604
0 0.999999976649905 0.000216102266178364
-0 0.999999966971087 0.000257017169739127
0 0.99999997293068 0.000232677114649799
0 -0.999999973035416 -0.000232226543735102
0 0.999999969215398 0.000248131421905091
0 -0.999999968921403 -0.000249313444765576
-0 -0.000253002937003468 0.999999967994756
-0 0.999999972074404 0.000236328568229187
-0 0.999999976547997 0.000216573326193151
-0 0.999999976621446 0.000216233917346207
-0 -0.999999967697229 -0.000254176199607495
-0 0.99999996343481 0.000270426292561588
-0 0.999999975981933 0.000219171468608773
-0 -0.999999970373158 -0.000243420792749524
-0 0.99999998007397 0.000199629804798251
0 -0.999999970039616 -0.000244787188363508
-0 0.99999997715174 0.000213767440645597
0 -0.999999965214232 -0.000263764164548518
0 0.000203986371465083 -0.99999997919478
0 0.999999974296339 0.000226731828290416
-0 -0.000250378470237586 0.99999996865531
0 0.999999969954328 0.000245135357455924
0 0.999999982786015 0.000185547757144506
-0 0.999999972176645 0.000235895546923947
-0 0.999999966517595 0.000258775593896061
-0 0.999999973313951 0.00023102401721315
-0 0.999999965310637 0.000263398416749284
-0 0.999999971587589 0.000238379573195812
-0 0.999999970783386 0.000241729656622442
0 0.999999973963579 0.000228194746766703
0 0.999999972944973 0.000232615676468693
-0 0.999999974263159 0.000226878118682919
0 0.999999973196208 0.000231533115926567
0 -0.999999967758186 -0.000253936267652439
-0 -0.999999972589222 -0.000234140033120073
-0 0.999999972844834 0.000233045772840209
-0 0.999999973355165 0.000230845552539065
-0 0.999999965758472 0.000261692670526412
-0 0.99999997529414 0.000222287469988895
0 0.999999971045191 0.000240644171152613
0 0.999999973284201 0.000231152757996862
-0 0.999999973040853 0.000232203129705394
0 0.999999980233107 0.000198831050218923
-0 0.999999977063466 0.000214179987413989
0 0.999999967525216 0.000254852048692692
-0 0.999999961653958 0.000276933355347826
-0 0.999999965573697 0.000262397798058088
0 0.999999962659304 0.000273278962395228
0 0.999999955771526 0.000297417123453386
-0 0.999999977064093 0.000214177062479229
-0 0.999999969967233 0.000245082708631372
0 0.99999996825406 0.000251975950236348
0 0.999999967844309 0.000253596887918266
0 0.999999969745249 0.000245986789938923
-0 0.999999959520012 0.000284534663784024
-0 0.999999960595028 0.000280731084637393
-0 0.999999972131074 0.000236088650822896
-0 0.999999961163004 0.000278700539728565
0 0.999999967571431 0.000254670644535116
0 0.999999968061345 0.000252739605570753
0 0.99999996036718 0.000281541538908037
0 -0.999999971958812 -0.000236817177845791
0 0.999999956413995 0.00029524906299292
-0 0.999999957799644 0.000290518003130298
-0 0.999999967143817 0.000256344231037811
-0 0.999999976189894 0.00021822055922448
-0 0.999999976068427 0.000218776471450224
0 0.999999980230199 0.00019884567489286
0 0.999999970770655 0.000241782319999036
-0 0.999999976622079 0.000216230992411451
0 0.99999996780275 0.000253760713364093
0 0.999999976433165 0.000217102899454792
-0 0.999999979593325 0.000202023143599154
0 0.999999978745957 0.000206174892065869
-0 0.999999976869422 0.000215084068740824
0 0.999999972225629 0.000235687803799472
-0 0.999999973010271 0.000232334795423725
-0 0.999999961034058 0.000279162824917589
0.000118750917935703 -0 0.99999999294911
0.000123443954149352 -0 0.999999992380795
0.000132078100007978 -0 0.999999991277688
0.000119283416158341 -0 0.999999992885733
0.000136475630463386 -0 0.999999990687201
0.000124441662538249 -0 0.999999992257136
0.999999992214112 -0 -0.000124786921270915
0.9999999923826 -0 -0.000123429329474882
0.999999993163908 -0 -0.000116928115968336
0.000110184067366022 -0 0.999999993929736
0.999999992027904 -0 -0.000126270314370403
0.000121714786481527 -0 0.999999992592755
0.000134603090063401 -0 0.999999990941004
0.000123692646374909 -0 0.999999992350065
0.000121018440973447 -0 0.999999992677268
0.999999993366286 -0 -0.000115184323621964
0.000122539872780558 -0 0.99999999249199
0.99999999225313 0 -0.000124473851373987
0.999999993414055 -0 -0.000114768851898518
0.999999992354767 -0 -0.00012365462222129
0.999999991873846 -0 -0.000127484540699653
0.999999988205683 -0 -0.000153585917367581
9.6842253242991e-05 -0 0.999999995310789
9.94520955457403e-05 -0 0.99999999505464
0.000121433905420016 -0 0.999999992626903
0.000137426525337232 -0 0.999999990556975
0.000117718095774027 -0 0.999999993071225
0.000109455533019251 -0 0.999999994009743
0.000127847334489342 -0 0.99999999182753
0.999999992426956 -0 -0.000123069446067569
0.000120316238319439 -0 0.999999992762001
0.999999991612544 0 -0.000129517996179467
0.000132642787063576 -0 0.999999991202945
9.54817364995017e-05 0 0.999999995441619
0.000123426404539988 -0 0.999999992382961
0.000110201624251426 -0 0.999999993927801
0.999999992999399 -0 -0.000118326671408077
0.999999993355835 -0 -0.000115275018431819
0.000123233300629313 -0 0.999999992406777
0.00011707441364508 -0 0.999999993146791
0.000122560347324823 -0 0.999999992489481
9.94520955457403e-05 -0 0.99999999505464
8.60882090393249e-05 -0.822633340211929 0.568572229501745
-0.000109136809805001 0.822718666250493 -0.568448752564528
8.63287405284602e-05 -0.832243859589628 0.554409731807359
-8.70163736998894e-05 0.832580137699129 -0.553904600754544
-5.41388662332531e-05 0.860814442720121 -0.50891894469889
7.8487360205509e-05 -0.860814800676332 0.508918336058252
-4.4741925974935e-05 0.862632499689714 -0.505831165980544
7.89857709831535e-05 -0.862632593545101 0.505831001733682
9.90402306224605e-05 -0.784628286267005 0.619966485046358
-0.000183501043944725 0.785156872201313 -0.619296901625075
-0.000188644533816743 0.785187325691127 -0.61925828858987
6.83897026689596e-05 -0.784623797664518 0.619972169908746
-0.000120746184602818 0.711194724118167 -0.702995056744244
-0.000103320463825943 0.799156253328318 -0.601123341828553
0.000141931655159224 -0.797248931421965 0.603650661560095
-0.000123812542394325 0.740562378498417 -0.671987610170918
0.999999990391398 9.4823639875658e-05 -0.000101122109210703
-9.45188221952882e-05 0.778843263316982 -0.6272185920809
0.000133397402651302 -0.778841962160794 0.627220200713161
0.999969807215718 0.00546923867398721 0.00552015265061244
0.999998186112649 0.0014808558011335 0.00119784703045583
9.87489431356265e-05 -0.729027331598517 0.684484579834339
-0.000151204342267426 0.729025779884117 -0.684486222945066
-0.000145243564281476 0.768896660719751 -0.639373055452232
0.00012040132612121 -0.762271109640046 0.647257862765416
5.24304690876069e-06 -0.80838360160686 0.588656056305915
-0.000214465175930039 0.808382499828393 -0.588657530297444
0.000113606676006644 -0.762429240200399 0.647071588605902
0.999999989477944 9.90159413853296e-05 -0.00010601865628923
0.000138111114726125 -0.749435296732398 0.662077576222713
-0.000124233147166883 0.741891872903323 -0.670519525059579
0.999999991580303 8.8064235216043e-05 -9.53104637003334e-05
7.92284744525366e-05 -0.847493351464632 0.530806003117988
-8.49954281466901e-05 0.847494099142264 -0.53080480846995
9.46988297457865e-05 -0.770197562058441 0.63780538288052
-0.000168240143801151 0.770195979158666 -0.637807279186337
-0.000123192434494289 0.823799955045975 -0.566880603734043
7.3132659069993e-05 -0.823727526965363 0.566985851649881
-2.62350701265791e-05 0.877420998202367 -0.479721159868191
9.85528787302861e-05 -0.877420468704056 0.479722118925617
4.25101780396355e-05 -0.903623376989896 0.428327900971045
-9.89158520936992e-05 0.903622199525476 -0.428330375691935
-6.02180888399872e-05 0.860544788239921 -0.509374777356409
7.53788423637646e-05 -0.86054396478846 0.50937616648621
0.999976608085651 -0.00490304510633153 -0.00476900725543653
0.000121138564289549 -0.749711857024724 0.661764396716829
-0.00015757103130686 0.749107424154531 -0.662448520451162
7.7299086367404e-05 -0.889639181486011 0.456664122512106
-5.28277271046407e-05 0.889638781982001 -0.456664904281917
0.999999993211038 8.68902470758195e-05 -7.76402583001033e-05
0.000138682028543999 -0.797499526389109 0.603319555605851
-9.63746912998015e-05 0.799417483145253 -0.600775896947962
-6.62000814621674e-05 0.831983170113277 -0.554800865415521
0.000107703218265986 -0.831543595606182 0.555459482776519
-9.2836781915646e-05 0.678759227184957 -0.734360880557108
0.999999985197739 0.000116764269965721 -0.000126374942691607
-4.10160115960223e-05 0.862708788459253 -0.505701042744481
8.10145644937871e-05 -0.862709216641778 0.505700307452912
0.999974340878311 0.00487866389866534 0.00524559086779443
0.999995204720254 0.00215671445302651 0.00222241293750435
0.999992197148294 -0.00267530109960817 -0.00290661427674147
0.999963807268823 -0.00610084978292496 -0.00592990593235122
-8.66982644074193e-05 0.685031716981996 -0.728513238872231
3.41503627883091e-05 -0.90758588836463 0.419866471720638
-9.62600094506249e-05 0.907585850639844 -0.419866543621138
0.999999992579218 8.26570685983697e-05 -8.94951055065873e-05
-4.1854835411625e-05 0.875225862268679 -0.483714469769325
8.6360336238805e-05 -0.875226492041656 0.483713324367181
-1.37067652506796e-05 0.904272568291247 -0.426955644122522
0.000106956887087788 -0.90427202607279 0.426956779337717
0.999999248088502 -0.000796557902962711 -0.000932372209622412
0.999988773145285 0.00356085605219983 0.00312632173071058
0.000138499866858352 -0.814595119727536 0.580029974858083
-6.56410153806587e-05 0.814596263393265 -0.580028381509895
-7.65877363600351e-05 0.843438091053136 -0.537226377512274
7.35220663016098e-05 -0.843438964146071 0.537225007194107
8.63857227792601e-05 -0.888748657732545 0.458394825359216
-5.59287842128094e-05 0.888747905838403 -0.458396287877448
9.22866668272691e-05 -0.887533573710606 0.460743037950278
-4.16433899554075e-05 0.887533608469314 -0.460742978354817
-1.73853189113806e-05 0.908200692588866 -0.418534946783246
0.000131425637822168 -0.908200865556205 0.418534551178589
0.999999364495519 -0.000674463748868866 -0.000903386523203332
0.99999997890738 0.000203440218717303 2.82368074836261e-05
0.000108248696731636 -0.892690241570819 0.450670745540969
-3.13775366497661e-05 0.892690975851523 -0.450669302980251
0.999910258866899 -0.00913271031948688 -0.00980141902744931
0.999999315195991 0.000875240318802365 0.000776892484677114
0.99999506802482 -0.00211953873893713 -0.00231764569533518
0.999999991625423 9.66235352698011e-05 -8.6099044714646e-05
0.999990949391652 -0.00274764092896739 -0.0032483232764961
9.48612576288885e-05 -0.887669183138018 0.460481717670121
-4.52186813325924e-05 0.887669157915052 -0.460481773843062
0.999999978381518 -3.08666113958706e-05 -0.000205631264409351
0.999979873310671 0.00454088842689997 0.00443094864211128
-0.000122257223934954 0.711650844019168 -0.702533316832715
-0.000121764535103514 0.712249549214779 -0.701926324350884
0.999999358406067 -0.000680541895713426 -0.000905566221753667
2.48839477831275e-05 -0.908646244139507 0.417566763993443
-9.1876193831293e-05 0.908646439159608 -0.417566330253446
-0.000163434242733695 0.748429544541827 -0.663214286747626
-0.000168955719100251 0.767511440630832 -0.641035225205878
-9.45045082956757e-07 -0.910179305015439 0.414214476715529
-0.000144665039959132 0.910179295491741 -0.414214472381379
0.999999634162887 0.00068177317795114 0.000516584383538649
-5.1854557604793e-05 0.907977742895937 -0.419018395439514
7.52290304227616e-05 -0.90797794456338 0.419017954898179
-0.000114092953936851 0.678643888314203 -0.734467466833337
0.999973463062739 0.00518217163599094 0.0051203776664712
0.999994467611235 0.00241195687553904 0.00229067914677564
