0.00123297097394714 -0.230079355949499 0.973171089659183
0.00120057569056452 -0.229175543440665 0.973384368534182
-0.999999683396863 0.000791852219274472 7.85890387218265e-05
0.000865484843546298 -0.964669150734765 0.263462863714515
0.00126313922747244 0.819668498164686 0.572836763481308
0.000896828135557615 -0.967377207942817 0.253338771711034
0.00112481566358118 0.955262362709982 0.295757591921943
0.000665674503683214 -0.99688552868779 0.0788593657742711
-0.999774713380366 0.00271897255922039 -0.0210506454397423
0.000857421995363239 -0.974346440075603 0.225051726364233
0.00103138202957087 -0.851716369454904 0.524002063215085
0.00101146417004878 -0.849675123660391 0.527305567174226
0.00111972115133981 0.956438698941108 0.291931090143519
0.00106756158020131 0.408165824967115 0.912907180189304
0.00109162929208621 0.419620018046562 0.907699206125075
0.00105870612514662 0.597598786184977 0.801794593328979
0.00107324731097176 0.580353321158497 0.814364089802904
0.00106982849218 0.954416908569825 0.298474823231401
0.00130368717390784 0.821639531515623 0.570005947908037
0.00107724398480005 0.869211043433589 0.494440088907128
0.00123164072886292 0.905065402038474 0.425270621009787
-3.08230721933445e-05 -0.00571988846015844 0.99998364082916
0.00111407451764827 0.0414751399906597 0.999138915066731
0.0010060994980488 0.953446684439376 0.301559957048945
0.00111065708825364 0.731455911354879 0.681887832553739
0.000994555717400203 -0.299543479085505 0.954082132206802
0.00106945363487675 0.93786093767451 0.347009679768753
0.000907172997888148 -0.965576085308944 0.260119204436363
0.000950836134052063 -0.299172491571443 0.954198572728749
0.000818811141316604 -0.953962796348611 0.299923844885754
0.00117150254355276 -0.168825546027242 0.985645251898671
0.000982208499721211 -0.962468450747193 0.271391813772562
0.000717788883118907 -0.954755021295683 0.297392558901194
0.00103427434817426 -0.807357518864803 0.590061663734428
0.000875942234914024 -0.967451891509942 0.253053493038598
0.00126303449745155 -0.896255823472464 0.443535684737489
0.00109234685357398 0.73488251007906 0.678193558770836
0.000988666557283456 -0.667996827441654 0.744163463942112
0.000949550025009184 -0.968350626818523 0.24959199084691
0.00110165916817626 -0.720969385752363 0.692966038962183
0.000911321383058827 -0.969174178999904 0.246374877479826
0.000968541172660091 -0.868279979259238 0.496073522318591
0.00118156512023412 -0.506581032031344 0.86219154593972
0.00102106385679084 -0.565749995143899 0.824576194431587
0.000872528902500224 -0.495666624120715 0.868512427329677
0.0013010915746536 0.747889253188051 0.663822244374601
0.00103298043244646 -0.832147439325928 0.554553489011409
0.00100976476789425 0.926829612608728 0.375480824499294
0.000941536922037418 -0.966774026522641 0.255630778955558
-0.000200649479219059 -5.8849177318009e-06 0.999999979852577
0.00111076161847844 -0.20788002850698 0.978153699556754
0.000864847259923598 -0.981268037862344 0.192645503215111
0.00112673781102903 0.207990979700607 0.978130095041087
0.00104087906410808 -0.387235795373233 0.921980127417307
0.00131050314843716 0.809345959028266 0.587330742585567
0.000997804416770033 0.973845635593045 0.227208455878569
0.00123126927981104 0.746615828543406 0.6652543036647
0.00132715257537392 0.410577308030088 0.911824825718629
0.00121225829746406 0.238276580380051 0.971196582403485
0.00136959579277472 0.41140407155832 0.911452036100969
0.0013222956153162 0.746748530872422 0.665105167003072
0.00130491845696402 0.672517919230141 0.740079688616153
0.0011869270097119 -0.437544316770264 0.899196064307622
0.000918636996342171 -0.91615256372493 0.400828686705813
0.00114170186105706 0.951819101436744 0.306657944063106
0.000895470035074275 -0.968146778961204 0.25038173359984
0.00101147391904964 -0.549318654230354 0.835612346148059
0.00133499214965691 0.593887192048462 0.804547214846185
0.0012644834202623 0.746869160577204 0.664969817405559
0.000923706010258752 0.993568417733228 0.113229616489225
0.0010843461650281 -0.895933937237493 0.444186001917573
0.00119082971912109 0.865463398500353 0.500970745434102
0.00109347570994007 -0.0922293840498965 0.995737186725819
0.00112507894506791 0.911775789716923 0.410686794873476
0.00136146317041975 -0.314790156945915 0.949160314966867
0.00106285964266878 -0.840893566737204 0.541199482399386
0.000998948559114518 -0.667623763291427 0.744498161710537
0.00139889068786217 0.311676860773002 0.950187127656195
0.00110644022470979 0.911910350064091 0.41038797403922
0.00134784029078196 0.310810419533058 0.950470970854047
0.00103137385550618 -0.894784714665404 0.446496641274178
0.00127617136426095 0.594036392718246 0.804437154483147
0.00126707154020142 0.673047487200994 0.739598184490836
-0.999581769181735 0.0128921203122198 -0.0258859025990644
0.00107600708309845 -0.782003960734675 0.623272530763259
0.0011780714403415 0.953396115681706 0.301719171997268
0.00120242697838586 0.865614256651087 0.500710008739338
0.00111800260513048 -0.841919879254987 0.539601396389449
0.00114012995187733 0.911628975836641 0.411012543018738
0.00103798509148887 -0.891116081076269 0.453774230905879
0.00138987844604728 0.501628478145318 0.865082041283668
0.00112374681755434 -0.670531345849085 0.741880348457151
0.00106869599012447 -0.557453818288708 0.83020726229311
0.00112325933879903 0.85749748019724 0.514486938360772
0.000775982480127662 -0.914168142454141 0.405334436204397
0.00110137763391391 -0.671357088934448 0.741133217515428
0.000982039617661812 -0.914735322704793 0.40405237902325
0.00106176498694763 0.670512694250078 0.741897297140658
0.00134074136497767 0.509617158673875 0.86040022896194
0.00117201079281247 0.863124792448985 0.504989325679858
0.00116714978239516 0.810396548624405 0.585880595120745
0.00131209022114849 0.587816949676915 0.808992899901958
0.00136957077425604 0.406773937765846 0.913527825427536
0.00106915954314442 -0.807563838578998 0.589779198952817
0.00122264880327032 0.809012299130035 0.587790443088553
0.00104685927220105 -0.783952389202638 0.620820066967185
-0.999523240543317 -0.00849442958938586 0.0296839397610541
0.00114257390374751 0.809388132158055 0.587272974047477
0.00106190208767749 -0.911537804237196 0.411214911950415
0.00103151452672674 0.106566134684807 0.994305081409182
0.00129063540376481 0.809401281554266 0.587254544195757
0.00100497597794977 -0.557528298393061 0.830157326363035
0.00126149546019908 0.80895558820401 0.587868407845419
0.00111655468383085 -0.71420041332634 0.699940370967501
0.00123044180175734 -0.110446460814011 0.993881313491018
0.00111126148452781 0.498480352433069 0.866900284540337
0.000768156900720875 -0.951064025944762 0.30899292627618
0.00111562078465808 0.808336351397585 0.588719881097543
0.00121093300973454 0.865763215205946 0.500452384186058
0.00126370379291652 0.743793519261008 0.668408261288001
0.00113264588467004 0.866007595668088 0.500029560484654
0.000894693296609119 -0.808181651260709 0.588932609123845
0.00104446964049296 -0.639425888131786 0.768852029112264
0.00108762293893089 -0.714579420703434 0.699553478001138
0.00114018967414417 0.309185219728043 0.951001156607724
0.00111405711567489 0.912023207359336 0.41013708453971
0.0011188635779022 -0.783545723809527 0.621333120672075
0.00099654377465384 -0.89465464579885 0.446757284944566
0.00131025952964114 0.501346178246383 0.865245799052333
0.00114851537782007 -0.782246411648386 0.622968082951005
0.00114224019045743 0.809688581147638 0.586858668545053
0.00104388476156307 -0.841426932405038 0.540369898984068
0.00108124947428666 -0.866008492309669 0.500028121356298
0.00108311055570144 0.946946467761289 0.321389505220601
0.00101740701120507 -0.781569435834665 0.623817426697954
0.00124265732592068 0.868455135255891 0.495766208863052
0.000679491889543371 -0.951050790196396 0.309033869919758
0.000897408013928323 -0.86603865733018 0.499976238103968
0.000938746640544452 -0.928032502732295 0.372498043789733
-0.999539967284709 -0.0140937826379299 0.0268555225500766
0.00126090677363957 0.671668715085436 0.740850556650656
0.0012135249170848 -0.587815211659809 0.808994316604641
0.00130786038176504 0.671790153839849 0.740740358496183
0.00114331244711889 0.74583680764714 0.666127727388202
0.00130040669659775 0.743867154204731 0.668326242068781
0.0012723286764525 0.671722176938109 0.74080206410975
0.0011306003708137 -0.782298787225049 0.622902343268204
0.0010474416438381 -0.63898684569658 0.769216948521506
0.00101749303972713 -0.892010164442817 0.452014193625169
0.00082636928057511 0.993053266890067 0.117662764852678
0.00120066536641673 0.86300014880754 0.505202238277743
0.00124620711908384 0.595342844811365 0.803470810981785
0.00126413432542502 0.743169830603861 0.66910164014493
0.0010685125143759 -0.839948591030376 0.542664926733885
0.0010690470079155 0.308920550532583 0.951087246574751
0.00113481058343979 -0.714523624214807 0.699610393464732
0.00121453685091039 0.674858953392522 0.737945741857887
0.00111630209849634 -0.841404546341854 0.540404610699135
0.000951660875827234 -0.743125155484793 0.66915177473222
0.00132112429583297 0.671712884955082 0.74081040409535
0.00104519381896712 -0.842695962057197 0.538388728617508
0.00112126162215486 0.587757442276553 0.809036421813566
0.00105722257048276 -0.782476995439199 0.622678595977797
0.00130436599003494 0.592548882795082 0.805533438243046
-8.70242461577903e-05 2.6343526435671e-06 0.99999999620992
0.00105841358658067 -0.842262279214907 0.539066909365053
0.00105192150000928 -0.841027564427994 0.540991247002643
0.00106391736517265 -0.894191697768228 0.447683008078499
0.00117311003193486 0.808732012875514 0.588176125971781
0.00126744377135586 0.41964120918909 0.907689180907542
0.00104114185030502 -0.470344381329243 0.882482339186263
0.00133328458984296 -0.207956369468271 0.978137194236973
0.00129135702884175 0.511006562980957 0.859575840160374
0.00134860557032541 0.592473729111903 0.805588642903592
0.00132716366763147 0.32399315766073 0.946058493131175
0.00112490407080454 -0.781560782612598 0.62382808342749
0.0010962716890419 0.406704700966044 0.913559020753725
0.000816877104412019 -0.406714344889379 0.913555019893711
0.00102169544937514 -0.743166085627238 0.669106213774688
0.00109630521116203 -0.713746551143114 0.700403211618989
0.00110722368622787 -0.281300054245167 0.959619223201252
0.00138090805969551 0.20795134259839 0.978138196884498
0.00133435148116039 0.506758291399077 0.862087149657395
0.00110112773333737 0.863790215524417 0.503850425306952
0.0011082059063984 -0.377137598406196 0.926156576259153
0.00129173214023573 0.506644877736556 0.862153872166325
0.00129131487934487 0.593251442362408 0.805016185328472
0.00108809060216709 0.910498883239585 0.413510096222946
0.0011074152843159 0.743120820498778 0.669156349273181
0.000956176614132704 -0.926962682951043 0.375152329251048
0.000930650796722002 -0.932726485990521 0.360583466372031
0.00133925344042121 0.416467167931297 0.909149770079445
0.00108271340668963 -0.638834790580856 0.769343186149844
0.00128095078437349 0.32390324740547 0.946089343289141
0.00132776080996255 0.669823385704914 0.742519271813222
0.00110590733924773 -0.639406389935093 0.768868158710665
0.00106993617578215 0.207878171526942 0.978154139713775
0.00119037561501376 0.745912658483698 0.666042708029806
-0.000129675775386162 0.0211599789781778 0.999776094170008
0.00129414131737455 0.417971529682831 0.908459204132384
0.00113845349045283 -0.0803072022010169 0.996769510568163
0.00130973068380524 0.419704127746295 0.907660029834
0.00102392704025246 -0.717369389014032 0.696692264403051
0.00102084008046574 -0.83967639443933 0.543086098613191
0.00101473547750401 -0.558259736611692 0.829665617456909
0.00114951688507551 -0.180951343773382 0.983491377591862
0.00134649361292104 0.507743951085476 0.861506974487764
0.00129943506485862 0.325442702835777 0.945560869875365
0.00105317013090488 -0.640337783171587 0.768092712031284
0.00113684683636643 0.747153308627025 0.664650766182482
0.0011939876222114 0.808941238040185 0.587888295334726
0.00116107845123528 -0.080061543990017 0.996789246064967
0.00105734414463521 -0.891874806771557 0.452281119514797
0.00129157390781406 0.507921938130328 0.861402134083015
-0.000102818098872466 0.021663287456056 0.999765318164736
0.00135403276512896 0.322059868642366 0.946718335940174
0.00134801101995489 0.224435068291188 0.974488113312533
0.00110254062718549 -0.781276674719176 0.62418390074073
0.00109063480852101 -0.715525487147567 0.698585776950799
0.00130836013370597 0.416347459451816 0.909204642092075
0.00105455393708373 -0.470179782532744 0.882570031223277
0.00129381824810053 0.590148673290774 0.807293546021198
0.000861832517238365 -0.961759363642399 0.273894475466156
0.00105536126790042 -0.838810742376606 0.544422101577628
0.00112468043554207 0.910553486718536 0.413389746992635
0.00114239197024084 0.8639539294326 0.503569560992874
0.00134400635022283 0.124433184811717 0.992227078931302
0.00102200920766054 -0.641761160704239 0.766903884530994
0.00122116529138924 0.673670261906133 0.739031046018131
0.00107944031292652 -0.469261036410718 0.883058839780991
0.00132321387181202 0.592913270613978 0.805265237443468
0.0011431408913308 0.80917273648523 0.587569719912376
0.00133541915040233 0.122628250816215 0.992451776540023
0.00132743536729924 0.22275628473138 0.974873261264262
0.00109254360779372 -0.379060808615824 0.925371119994558
0.00105834406625741 -0.556639326355451 0.830753597802855
0.00107263589124794 -0.714273248225083 0.699866113140387
0.00111437316486898 -0.179239783964656 0.98380478653885
0.00104323584702833 -0.715779100315571 0.698325992077052
0.000992270459632816 -0.787126041938962 0.616791382479391
0.00127579420039348 0.673592090993766 0.739102203554964
0.00102261383389504 -0.897291367693706 0.441437601166127
0.00133415588703754 0.22613778413895 0.974094411549925
0.00114326762543268 -0.889711432579843 0.45652191587684
0.00104871575756396 -0.471276338034335 0.88198498479521
0.0012730250971443 0.509697301538492 0.860352857966708
-7.21758267423624e-05 0.023046608340673 0.999734389042731
0.00135017185128778 0.504986464673905 0.863126206027903
0.00128929334775851 0.226052993818853 0.974114152298486
0.00106260907886662 -0.471117285289296 0.882069937342607
0.00105003956575162 -0.82972229968651 0.558175422980839
0.00132049145078738 0.320504642538447 0.94724602422688
0.0013087715065641 0.321887702125335 0.946776950679312
0.00108432107632138 -0.283246437580397 0.959046547277981
0.00115864691519605 -0.0818753160847505 0.996641906681305
0.0014060013593159 0.318438922746077 0.947942337719176
0.00115944333132256 0.674748431994444 0.738046888220661
0.00104095201062757 -0.377315436809315 0.92608421731736
0.00108528480894734 -0.64019405210436 0.768212469182246
0.00127162186292134 0.669874228804188 0.742473501589001
0.0012893819932196 0.504700800621154 0.863293368065829
0.0011792866198541 -0.0815135141648312 0.996671538818867
0.00105340965160697 -0.558111291237948 0.82976543487953
0.00105726275518515 -0.641577843930859 0.767057202803348
0.00131434547327793 0.224260661553283 0.974528310607578
0.00111153249930602 -0.378281978356223 0.925689747888786
0.00110669505743717 -0.751948195748642 0.659221272515088
0.000828801552259824 0.996242600124606 0.0866025102693429
0.00105377903227311 -0.378434802206881 0.925627349438417
0.00129711932985197 0.124272210876154 0.992247315484097
0.00129306509879944 0.595437501950086 0.803400590772805
0.00113491915466539 -0.182549304903245 0.983196045169962
0.00104881999902429 -0.379162347003418 0.925329570797059
0.00102343664527491 -0.713762222954244 0.700387351157093
0.00131275178127167 0.414963987381459 0.909836889700149
0.00125442247255723 0.325233704699776 0.945632837707913
0.00136315757999897 0.223031083093592 0.974810380420475
0.00133479283303228 0.417782456547881 0.908546111834127
0.00111524737504457 -0.368649799792001 0.92956768518307
-8.85370461275689e-05 0.020356381456795 0.999792783478245
0.00123207247299075 0.744991585304705 0.66707272453804
0.00136412239890919 0.12297858311664 0.99240838734097
0.0010996735615523 -0.184184726981353 0.982891030107032
0.00101042992707137 -0.559320430470199 0.828950924415912
0.00113336857971879 -0.179157407294126 0.98381976951437
0.000991540039769838 -0.472403974001958 0.881381587166141
0.00110953215443634 -0.282992779642573 0.959121397743043
0.00110334030889105 -0.0835288378229769 0.996504749558228
0.000867908175255188 0.99577455493119 0.0918274604189321
0.00102768308502427 -0.469338935205227 0.883017501393885
0.00111858757569787 -0.281118048497643 0.959672543928768
0.00102885528874416 -0.559136348712148 0.8290750780271
0.000677058947160652 -0.996242713946987 0.0866025201638141
0.00109562450710364 0.929488113497536 0.368850439167056
0.000844811676762172 0.995422071327547 0.0955729365835714
0.00116097999061423 0.0434050045519747 0.99905688411887
0.00111504557674777 -0.0761117200046446 0.99709867252509
0.0011276489016207 -0.181104869299105 0.983463143551454
0.00114615274945655 -0.278396269139333 0.960465618157764
0.00114575736841088 -0.170305446458357 0.985390654586633
0.00136633801518234 0.415202692475144 0.909727902881856
0.00101956135624321 -0.556669829957588 0.830733206817707
0.00112784553059903 -0.279844410919123 0.960044703980907
0.000692919884368933 -0.996125993141884 0.0879347806566303
0.000998463601255947 -0.466578667190964 0.88447914073354
0.00105756856751224 -0.187318997089936 0.982298567075177
0.00104921835110246 0.747035427803392 0.664783399873564
0.00109011343972558 0.869265348008944 0.494344582658269
0.00110034455441538 -0.375933737219647 0.926645894860562
0.00105355129521427 -0.375987083340009 0.926624305309947
0.00104880459493361 -0.717219368407604 0.696846667201558
0.00103817808384006 -0.368685231561148 0.929553722070419
0.0011002351458161 -0.279960362372161 0.960010929616467
0.00106917966911561 -0.0761631396258504 0.997094796404619
0.00136307226811722 0.320716204438137 0.947174354722924
0.00111867381693853 -0.183850239453035 0.982953629639747
0.0011711017093435 -0.278469981834682 0.960444218962131
0.000860020145531837 0.996451767874585 0.0841613608787563
0.00134857753727828 0.590276530667455 0.807199974406478
0.000687308122023526 -0.996453969157115 0.0841368822727402
0.00111963695559613 -0.0834020645062329 0.996515349630494
0.00121612485022936 0.808792772804267 0.588092485668652
0.000851886322931139 0.997164995842555 0.0752412477037083
0.00123185748812668 0.51079940417917 0.859699046886371
0.00113766844369454 -0.0825339043108176 0.996587607965163
0.00100918270396677 -0.782309917973283 0.622888572531962
0.00108930175797315 -0.637959759287308 0.770068931298854
0.00123545832161551 0.42131888906322 0.906911719717674
0.00111383557498518 0.597802012729569 0.801643008418828
0.00123449337964868 0.596822658616526 0.802372226705285
0.00104406636500287 -0.469123296087174 0.883132064299406
-0.000110947248825998 0.0199470510051762 0.999801031629246
0.00127852144679264 0.125978841904609 0.992032104709965
0.000682375127222303 -0.996261785637453 0.0863828040912004
0.000993539010480977 -0.642875098479958 0.765970378431581
0.00123002118794881 0.808669451500808 0.588262020920321
0.00069812789805862 -0.996123370204948 0.0879644470736552
0.000866729092718842 0.996723852150294 0.0808752825983218
0.00103663845387904 -0.380458818533991 0.924797281992349
0.0010869360819709 -0.0786625759064886 0.996900706049359
0.00115654826908184 -0.182316981011913 0.98323912698326
0.0011462432453456 0.672403743484473 0.740183687927861
0.00101980626573612 -0.64266538144081 0.766146309455784
0.00125758630611494 0.744862093168872 0.667217266440827
0.00108783827531709 -0.380209898383489 0.924899589025265
0.00105347908532166 -0.472223978423621 0.881477965909293
0.00113727250966274 -0.0785512224057977 0.996909430224127
0.00117237170227027 0.672836735997983 0.739790073085718
0.00129843603750592 0.126056249123487 0.992022245779183
0.000916777978359016 -0.587762346149468 0.809033116730713
0.000984977296557061 -0.560711304981255 0.828010786334299
0.000870775526551247 0.996822451774429 0.0796507463141344
0.000671192665261125 -0.996242717886742 0.0866025205062936
0.000679010446072285 -0.996261327473735 0.0863881144897056
0.000694250708161338 -0.996188060413338 0.0872288157999749
0.00119226847113108 0.596594513787491 0.802541939473919
0.00109259106082749 -0.284253648433934 0.958748491313948
0.00103168418375929 -0.560465284962695 0.82817727569611
0.0011239417352074 -0.183503174401886 0.983018474770137
0.00109785284109359 -0.282584179462831 0.959241875772976
0.000829403032897526 0.995894060028623 0.0905225568038903
3.42326166271346e-05 0.0251003155372083 0.99968493686164
0.00114063278871086 0.913844146299703 0.406063511326255
-0.000110472894830172 0.0228350289618608 0.9997392406263
0.0011500299009478 -0.183017436354018 0.983108994680463
0.00115749453581172 -0.0820828816541705 0.996624834501803
0.00112283242101978 -0.282342933422229 0.959312882845782
0.000703452362763786 -0.996193973496014 0.0871611858856683
0.00106205637606424 -0.284614073917415 0.958641591505598
0.00121200819837975 0.420980629568654 0.907068817986875
0.000864417263130355 0.996581345927197 0.0826127940014794
0.00104311420984117 0.936394488146522 0.350947680547339
-0.000143894923337412 0.0249434302211213 0.999688853885575
0.00129933446954842 0.227957604097107 0.973670191833068
0.00102512696291329 -0.473732522117598 0.88066818189532
0.0013581644446993 0.121437280590155 0.992598177649047
0.00142086397795888 0.216303458571976 0.976325148173168
0.00124659233298845 0.227768517632156 0.973714510718211
0.00102201584177171 -0.186819199814453 0.982393781568423
0.00127949571704553 0.130859372460077 0.991400114751892
0.00127801451195939 0.128644420771601 0.99168996147145
0.00136247481407198 0.221341785220725 0.975195343394175
0.00105823492989129 -0.786695348755303 0.617340512509591
0.00146348027888646 0.110650691278558 0.993858281016489
0.000995006811835322 -0.969981476960877 0.243176775852958
0.00120840332404714 0.511572682454043 0.85923915781823
0.000690075948181857 -0.996252675051716 0.0864877520085101
0.000870043613784983 0.996775053709545 0.0802417305798166
0.00137754604284449 0.121756320150569 0.992559066690891
0.00116771268851662 0.51292178369581 0.858434552110635
0.00104054038714261 -0.721295585410265 0.692626591854057
-0.000109223948924693 0.0196028524456781 0.999807839660263
0.000916310939896081 -0.496890020862318 0.867813037204274
0.000681956558619862 -0.99641806867397 0.0845610274020411
0.000955804763588428 -0.931387510857531 0.364028008614537
-0.000154059482871252 0.0192394020731837 0.999814893704601
0.00122026365004574 0.328914774131676 0.944358820742695
0.000995660752479458 -0.566652660862808 0.823956170312939
0.00139412892334531 0.221686416085841 0.975117013146402
0.000984953601914753 -0.386026728200218 0.922487070360033
0.00107448323870711 -0.705468247581535 0.708740712207227
0.00136373464213976 0.317932274490906 0.948112445369675
0.000676894496121422 -0.996311418160611 0.0858085069013154
0.00108106730884162 -0.473403631248973 0.880844954128568
0.000678750035257653 -0.996390684062053 0.08488311971613
0.00100967678890842 0.951047506970849 0.30904307149217
0.00142139021661606 0.110826642006924 0.993838736954503
0.0011680588650268 -0.898986583016657 0.437974610216759
0.00137412224337488 0.119762009550715 0.992801678512096
0.001123407722547 0.945687733897864 0.32507452670151
0.00108316544788278 0.912817372548169 0.408366589141264
0.00100285504481725 0.967923342832375 0.251243699785607
0.00105673638951585 -0.89086793060437 0.45426117325707
0.000821175231896844 -0.969616725788989 0.24462773910879
0.000963271645750727 0.973802769703642 0.227392255420567
0.00110047224598593 -0.609166357326749 0.793041700077679
0.000641009698494146 -0.996934929308004 0.0782325752625599
0.000663632336724795 -0.995401120901764 0.0957923175397326
0.0010114078045582 0.975205576677418 0.221298577201749
0.00105686580865354 0.936964672082132 0.349422504004372
0.00100849974065304 0.970860553505154 0.239643002351286
0.0013832127066098 0.215983131158171 0.976396115200035
0.00143059818628561 0.11995647773737 0.99277812064815
0.00109933854352556 0.860056119684761 0.510198257981698
-0.999614035382691 -0.00230106134473894 0.0276854724110007
-0.99999967461064 0.000804298845289359 6.23055558274084e-05
0.00113041989265677 0.861177715818092 0.508302728626553
0.00105689196690517 -0.75316957617336 0.657825563889251
-0.00028087115067122 0.0161418352693469 0.999869672640157
0.00111694040286351 0.911532580056995 0.411226346357786
0.00113723842169407 0.727444837765321 0.68616522405129
0.000926964469158067 -0.923510833769006 0.383571219786037
0.000984680106794494 0.411870918949299 0.911241667467498
-0.000241473735063742 0.0161975238181993 0.999868782347261
0.00107910674315578 0.923935503384452 0.382546756768838
0.00116449757542671 0.201559036714507 0.979475675381536
0.000815083628556838 0.996624285216853 0.0820936645221465
0.00116650140503341 -0.502937154815053 0.864322195469381
0.000900580893502285 0.996182230739372 0.0872934826500947
-0.999892938393268 -0.00247078222220821 0.0144224473126632
0.00130413751233169 -0.313627867644533 0.949545080479117
0.00110443507830774 -0.934229301168475 0.356671267501912
0.00111311923983192 0.910874920903216 0.412681038376031
0.00101536650224526 0.97165538405574 0.236399627043609
0.000681259744087005 0.995841207784158 0.0911033740547041
0.00107180670508002 -0.0920642944598178 0.995752487777963
0.000649441559126145 -0.996605900097267 0.0823180303273723
0.00106020717491008 0.915777074322504 0.401685481572414
0.000637672278051451 -0.995727197451046 0.0923414404823284
0.00115451364274659 -0.923089614767286 0.384583190229412
0.000674516370830887 -0.996855021301454 0.0792439999857562
0.00102364159923892 -0.55116733935272 0.834394101242764
0.00031766054284343 -0.994522824705882 0.104519138107872
0.00112637229471834 -0.705021374262874 0.709185161377437
0.00127173575444432 -0.994516970880029 0.104567572984091
0.000695693590539691 -0.997136344290574 0.0756216034295567
0.00100173524203164 0.974811123756179 0.223029750319817
0.000704927522336439 -0.997334150859412 0.0729663936804052
0.000871120813577642 0.997042571035019 0.0768462926393208
0.000873544027729148 -0.981180559429135 0.193090514316892
0.000674288134755921 -0.996914202819027 0.0784959715731714
0.000974592942409546 -0.923465260054187 0.383680809582196
0.000988313221052434 0.974343070278395 0.22506577846809
0.00126406021514775 0.243861225166277 0.96980931373759
0.00116406952094447 0.913317399210387 0.407246821033296
0.000932009760214546 -0.97444729111285 0.224614354395785
0.000945107136317959 0.996485745972821 0.0837571778744418
0.00119811458898128 0.907587145657989 0.419862045864848
0.00108050255928657 0.416393477138296 0.909183867383764
0.000842350318512136 0.997384948367644 0.0722672485681677
0.000838123205476153 0.997383775881978 0.07228347775875
0.000593672943364359 -0.996996319809026 0.0774466644839813
0.00111885841824179 0.926934562568765 0.375221354497971
0.00111266441682507 0.809164722839152 0.58758081426348
0.00100721280437397 0.994518020881323 0.104560468938613
0.00079110708518432 -0.997062889983104 0.0765830762513481
0.000871758592884442 0.997383567262904 0.0722859584627592
0.00104339114366855 0.97136008781158 0.237609955897476
0.00117623560439734 0.91008176302631 0.41442707570419
0.00102614833076554 0.968643876651854 0.248451176782221
0.000896463016485081 0.970616150343 0.240631429882705
0.000896354124810231 -0.968051455061052 0.250750028720761
0.000837558552219334 0.997620180868687 0.0689439860988623
0.000820834499417895 0.997018110444957 0.0771635514701916
0.00115561007975678 0.857544260976674 0.514408888950525
0.000832687468048562 -0.912366708424114 0.409373052350699
0.00092253425387049 -0.87037796399323 0.492383335141991
0.00112038871828799 0.668647037670427 0.743579103891229
0.00109159198772804 0.577157046449556 0.816632446184058
0.000929689424375037 -0.809729602660982 0.586802442268318
0.00105504802748676 0.97517008335136 0.22145472541845
0.000885015505398938 -0.971165807047557 0.238403422729673
0.0011618137258357 0.50070513439393 0.865617131635242
8.62311848190049e-05 -0.00666665503061449 0.999977773890443
0.00111735713380789 0.103585344777498 0.994619941414992
0.0012088234111552 -0.103458385350192 0.994633048539356
0.00104027773556905 -0.638509143779202 0.769613533620988
0.00086102551071157 0.997397497957231 0.0720936176351621
0.00110614999586497 0.827879262787931 0.560905252852831
0.00132647307116633 -0.406777001354872 0.913526524868288
0.000680582865830754 -0.996677376508668 0.0814477990050218
0.000992248958906488 0.975920053795582 0.218126257111868
0.000807960857728478 -0.966712531220001 0.255863692581558
0.00097334902898698 -0.970438126322015 0.241348079694626
0.00100639556536371 0.975867577587254 0.218360843976091
0.00115364662904164 0.328537855343461 0.944490098786522
0.00106595370309948 -0.607519996358077 0.794303668484406
0.00101216077362625 0.971704735778349 0.236196701917062
0.000885055111270225 -0.962204291517352 0.272327226077455
0.000842412550852622 0.996584183193575 0.0825787875273656
0.00114769036811742 -0.439306583353263 0.898336467382518
0.00099704974367625 0.97195263288081 0.23517458478303
0.000850361638328058 0.974986803633031 0.222261129364832
0.000943192549272812 -0.970926278742268 0.239376840223752
0.000679527412240024 -0.996602351713359 0.0823607358023197
0.000947411014144969 -0.964042498564719 0.265746426831037
0.000947960890792257 -0.925186204678168 0.379512302888005
0.0011017722698665 -0.925475290460697 0.378806379096966
-0.999819288772045 0.0054417403753317 -0.0182147539387411
0.000850345778392729 -0.975549780667709 0.219776937714677
0.000770242724882093 -0.973400878614111 0.229107259246455
0.000871322693138079 0.997561209156528 0.0697916526737236
0.000933899643853244 -0.924393469796681 0.381439170548473
0.000923658462255604 0.972965281528605 0.230949578469
0.00103629764973568 0.938438705721117 0.345444238179849
0.00111233008551166 -0.935064883410893 0.354474860227849
0.00102008938837681 0.97580804778531 0.218626652755471
0.000753203697498041 -0.996575781184169 0.0826809835533763
0.00081166925743329 -0.968308656365497 0.249755254600704
0.000661593761255861 -0.997208140991952 0.0746691759233425
0.000671043396095171 -0.998360017157747 0.0572435659401358
0.000855908845462114 0.997192146055218 0.0748805132583679
0.0011140596030749 0.736189287756616 0.67677477159215
0.000901532471818884 0.996993388962666 0.0774814145711099
0.00102189126140398 0.968692645071237 0.248260981878224
0.00108607435136443 0.828539368395866 0.559929759399054
0.000939415392852572 0.975805558398504 0.218638124985796
0.000893257959814984 -0.973625571749946 0.2281500561578
0.000813157871678287 -0.972523658686524 0.232802646181811
0.00093652394578203 -0.975220058784666 0.221235078292145
0.000886933310200375 -0.917824290559909 0.396985875073034
0.0010634218736501 0.973413440865556 0.229052706328035
-0.000415517304161339 -0.228712411096255 0.973493944694012
0.000360574186189624 -0.995131349247191 -0.0985569263508227
-2.72167314275532e-05 -0.681524658524327 -0.731795148304872
-4.49153133449107e-05 -0.670426575249604 -0.741975879110434
0.000299786986732288 -0.913779479849649 -0.406210502490357
0.000316305966508252 -0.821173635674482 -0.570678333234834
0.000510749875242802 -0.996490394329828 -0.0837056338781835
0.000439459176837722 -0.956021781712007 -0.293295345629334
0.000307446563056195 -0.904977441498602 -0.42545944090507
-0.999421367970539 0.0227410791064784 0.0252937258024401
-0.000409373270346283 -0.228278719206439 0.973595736828687
0.000752068543787506 0.996858313485934 -0.0792018764101259
-0.999419239468051 0.0234901412348523 0.0246859686030372
-0.999371887123682 -0.0237359945080166 -0.0263141367246887
0.000440180868154872 -0.957171195718554 -0.28952220696782
0.000356316929063481 -0.968501906704602 -0.249005882958208
0.000676470796421019 0.97371044672969 -0.22778829714612
-0.99952898160397 -0.0197732225573957 -0.0234698658587056
0.000335336826931241 -0.82327695647448 -0.567639798188367
-0.999583166582065 -0.0124374357502603 -0.026053853414235
-0.999763757860799 0.0115781609307215 0.0183949628299582
0.000119741524620668 -0.870956858389707 -0.4913594778631
0.000250281856121192 -0.920647999491793 -0.390393645428242
0.000295924982731671 0.299569507726626 -0.954074432352545
0.000671848562731674 0.966784812707881 -0.255590834219256
-0.999741010636195 -0.0136311803438999 -0.0182236816958637
0.000282241491339207 0.300298973055234 -0.953845085494344
-0.999555603346834 0.0225877125592781 0.0194522764551006
0.00062559458931502 0.966393595992569 -0.257066190417879
0.000628396397864289 0.965512425617584 -0.260356219622301
-0.999622017658681 0.0240696015863017 0.0132844304154827
0.000227855070245121 -0.801411033160763 -0.598113955705989
-0.999570168972619 -0.023929670460919 -0.0169365926821862
0.000584945251264419 0.961967312022632 -0.273163958894661
0.00132684224404481 0.00795137382496326 -0.999967507044081
0.000456669204974785 -0.0479156289873768 -0.998851282199698
0.000725112982068333 0.968295814228232 -0.249805304906138
0.00137174206401476 -4.00935798148075e-05 -0.999999058357664
0.000204778007558102 -0.436671665050584 -0.899620928507068
0.000462648983619958 0.161086318274247 -0.986940212992036
-0.99961482834078 -0.0254582278755057 -0.0110486919892008
0.000701976599153816 0.968301732235749 -0.249782430483217
0.0003753297739372 0.207901123247737 -0.978149774870848
8.52828836859746e-05 -0.817754812320846 -0.575566729105259
0.000396756170128807 -0.749521502722714 -0.661979878501474
0.000566217237257676 0.968445334065705 -0.2492254287275
0.000241008522724699 -0.9277015480349 -0.373322621453003
-0.00050346570996045 -0.506391007078627 0.862303829559033
0.000538083817547854 -0.410703214070018 -0.911768929289851
0.000365305184206794 -0.969375625009116 -0.245582499763944
0.00040807873924843 -0.974068362768231 -0.226253526217296
0.000452755218885082 -0.810223284069834 -0.586121169182452
0.000352344990659127 -0.748082506474696 -0.663605635418766
0.000535113755299431 -0.411635786785999 -0.911348282870133
0.000565394680057518 0.96129993360314 -0.275503390148751
0.000284115009436141 0.0919529422380047 -0.995763313088224
0.000265087484670718 -0.376508731170464 -0.926413031579885
0.000420961645214834 -0.749228878012623 -0.662311038065379
0.000392076454540609 -0.675830653567656 -0.737056832255403
0.000339272836924854 -0.598046080686301 -0.80146164616262
0.00036722878725679 -0.749181365145599 -0.662364814329381
0.000505731040063217 0.893924370526734 -0.448217540949143
0.000514804971759763 -0.951993531746766 -0.306117706917061
-0.999505389052486 -0.0177614135465742 -0.0259520604936371
0.000727717572341534 0.980794209579447 -0.19504406907815
0.00048994040135632 0.837351064808104 -0.546665303657675
0.000496600124311093 -0.501254570335738 -0.865299722122832
0.000595656232943418 -0.309735195282313 -0.950822672214478
-0.999634058020774 0.00872923715624126 0.0256037197217612
0.000503759698679247 0.892557494599886 -0.450933326623505
0.00038676820064853 -0.676157031809802 -0.736757435486414
0.00036028779600955 -0.597965413870145 -0.801521823787606
0.000509254118789361 -0.587797664785523 -0.809007815742795
0.000358031223663906 -0.865817962274787 -0.5003589991356
0.000395985970910671 -0.80905908990755 -0.587727174999658
0.000583190297279352 -0.309576606184409 -0.950874326497682
0.000518663194041665 0.778545825113709 -0.6275875470295
0.000371773910458402 -0.912322309062854 -0.409472668404598
0.000563215173881928 0.839711985927179 -0.543031733399533
-0.000467887571701602 -0.436258503421463 0.899821259625314
-0.999503413527367 -0.0183060771071626 -0.0256478827213632
0.000572279935983478 0.885421470016226 -0.464788654046095
0.000422567904541808 -0.809246787939194 -0.587468686524195
0.000330841186213673 -0.866057133076481 -0.499944929758724
0.000562795174332712 -0.953553919429248 -0.30122185512129
0.000419918164200615 0.552086897004063 -0.833786472560667
0.000466177719497436 -0.501452983193321 -0.865184771204887
0.000596640943821467 -0.319929576265044 -0.947441138145507
-0.999598637345202 0.0121239462764453 0.0256041821642754
-0.999533319820367 0.0184454313169627 0.0243497152428381
0.000371016554201182 -0.514660895294137 -0.857393739889529
-0.999514108489356 0.0186472355975512 0.0249765396982277
0.000590129584967508 -0.406752992602779 -0.913537987582211
0.000341505803501145 -0.912049190545195 -0.410080671819144
0.00027489948851489 -0.193885485404291 -0.981024129662372
0.000196323477417413 -0.307132662560624 -0.951666690099803
0.000553654860614289 0.782183191692012 -0.623048271084025
0.00038210537422226 -0.912392694384125 -0.409315801344097
0.000340186485709619 -0.951059709293296 -0.309006979908394
0.000426912978988873 -0.810428928713519 -0.58583681110832
0.000606072984136447 0.969215820367072 -0.246211953864391
0.000165257327890907 -0.305188906940709 -0.952291816498678
0.000422725579193515 0.552424504240672 -0.833562828116473
-0.999724467783647 -0.011562285826213 -0.0204279725175155
-0.999541490194168 -0.0220953177208065 -0.0207028093562082
0.000467760436608146 0.709718230268782 -0.704485496532272
9.20423052587663e-05 -0.497095521025309 -0.8676958191122
0.000421391971700325 -0.744350180827759 -0.667789361049193
-0.000403077899836111 -0.110315681172147 0.99389651776014
-0.999597764943558 -0.00818792162290598 -0.0271526473726007
0.000423258602687897 -0.744609267669466 -0.667500456443961
0.000283827650279289 -0.810949511150303 -0.585116065244281
0.000485721620193494 -0.866018327984525 -0.500012019524927
-0.999495333281756 0.0238735171336628 0.0209555226052559
0.000440905532551813 0.635118412132998 -0.7724146607697
0.000496720353408214 0.711107490268356 -0.7030831320357
0.000704432539837329 0.969188670719011 -0.246318542389145
0.000543969251406927 0.781638833479377 -0.62373106231328
0.000429654576612528 -0.670090180069204 -0.742279573996056
0.000472291399752938 0.884501827388827 -0.466536487626272
0.000513720602452551 0.778693989478586 -0.627403703241435
-0.999539434243139 0.0205899647473955 0.0222928855154829
-0.999540459345133 0.0154619761898012 0.0260729251221654
0.000497617187078153 0.83659050194661 -0.547828517357261
0.000279534649312983 -0.948186673405731 -0.317713635584238
-0.999526287956186 -0.0227307979438855 -0.020748747175721
0.000538278586737883 0.777224307029028 -0.629223399771028
0.000397329722506805 -0.930074238924125 -0.367371409092762
-0.999496137272507 -0.015264536523658 -0.0278292202919177
0.000465750090527097 0.925790448422044 -0.378036808640857
0.000380761395157067 -0.672835169874224 -0.73979232842811
-0.000520156370057173 -0.58779830968189 0.809007340246344
0.000298488001872345 -0.749892792247779 -0.661559302738419
0.000407259039169289 -0.6740864292328 -0.73865236753445
-0.999561956145385 0.025042475181129 0.0157724526822529
0.000581198905215065 0.88871069763371 -0.458468055723882
-0.999588360509204 -0.0113407458006982 -0.0263533113518239
0.000384546730712573 -0.673811993047078 -0.738902733889743
0.00052609463314701 0.779466154861144 -0.626444120932123
0.000464105483578162 0.63362035363289 -0.773643995690674
0.000513867367883842 0.890068205382462 -0.455827078734438
0.000333510296741407 -0.600363519119203 -0.799727162025705
0.000401279388641219 -0.743152842918841 -0.669121581655006
0.000125788445155079 -0.105963368236727 -0.994370026081436
0.000293485976691295 -0.866055519171659 -0.499947748848108
0.00050326072869435 0.837117054687755 -0.54702356757231
0.000542424074241574 0.840120322184355 -0.542399806442609
0.000483925583896532 0.710868682057651 -0.703324592692199
0.000413537509323967 -0.67307120240846 -0.739577572317576
0.000259282950949057 -0.68017218647259 -0.733052337504934
0.0005449861435217 0.841431276910783 -0.540363867432301
3.61205228785282e-06 -0.587785183592985 -0.809017044279979
0.000525207488387646 0.779805748017944 -0.626021341102098
0.000416736244169698 -0.594314366251671 -0.804232715324226
0.000559739078647512 0.84015997242607 -0.542338369862569
0.000513242193028181 0.837623671473136 -0.546247491134115
0.00114239438469328 3.45819676720441e-05 -0.999999346869365
0.00048742903993989 0.891595575756342 -0.452832299758584
0.000297186753280691 -0.811897166071622 -0.583800396886558
0.000419605431290139 -0.425331876298972 -0.905037357756727
0.00041460114448699 0.465373798083648 -0.88511414866281
0.000417406244799436 -0.594470503737637 -0.804117308580002
0.000327181048711313 -0.517211474353737 -0.855857572116643
0.000471792436982255 -0.329551180078936 -0.944137594379377
0.000376397943823871 -0.866031101218733 -0.499989989946255
-0.000484194113294755 -0.207928007057109 0.978144012626627
0.000531602565299416 0.777055724851869 -0.629431583155508
0.000159468929536795 -0.406732250119813 -0.913547399581508
0.000214327613260135 0.406730851159985 -0.913548011205951
-0.999500247604399 -0.0206379635719343 -0.0239442999135154
0.000511429826659357 0.708208080022158 -0.706003579191254
0.000405933200779361 0.275899748355626 -0.961186331610858
0.000649581105684255 -0.207930876589374 -0.978143306783398
0.00041710569220707 -0.509454251347062 -0.860497641953333
0.000414422717728143 -0.509100000683957 -0.860707277509262
0.000218768780951977 -0.866154289702874 -0.49977664868372
0.000412683011229011 0.371050374768496 -0.928612647489195
0.00038328678853482 -0.596079164684005 -0.802925577199317
0.000218556670384462 -0.912225541647358 -0.409688312500083
0.000483747514625737 0.924939640446204 -0.380113703409372
0.000497424621723455 0.931267577708136 -0.364335629987469
0.000170723980475871 -0.906718366983753 -0.421736616655038
0.000490132746168512 -0.419935557821755 -0.907553792921843
0.000450671251684965 0.633265705058203 -0.773934327764676
0.000477522009815529 -0.329199104145104 -0.944260409952038
0.000444022973550851 0.634889118112629 -0.77260313909909
8.15804943111524e-05 -0.207909149604479 -0.978148137479884
0.000306513402514169 -0.750224329908828 -0.661183303526627
0.00137418010806121 -0.0261661462333529 -0.999656663270108
-0.99960165422202 -0.0243623143148244 -0.0142481759473635
0.000443169497883909 -0.4224244778092 -0.906398016408035
0.000425943928786291 -0.425646444705388 -0.904889453293292
0.00023258519976 -0.811907991658846 -0.583785370649715
-0.999562363643498 0.0209884392953476 0.0208462611364714
0.000402558432470409 0.0747030441474043 -0.997205742633795
0.000415530467393187 0.554145662741651 -0.832419612814984
0.000513276737293649 0.836974870030748 -0.547241083512562
0.000369745006118772 -0.511609797554793 -0.859217829385875
0.000445196089680278 -0.332286133547028 -0.943178523532427
0.000427440074420223 0.174487336985409 -0.984659325110326
0.000439978583698552 0.637048644566498 -0.770823475819746
-0.999572936490301 0.0238943144882374 0.0168227932072316
0.000202433771968659 -0.75060489804401 -0.660751273969948
0.000383954407271009 0.074186675908391 -0.99724429790131
0.000280002528442694 -0.812294235990453 -0.583247799631744
-0.999612004485379 0.0116799464671524 0.0252867423613096
0.000529424926399437 0.889815154673099 -0.456320841320376
0.000349309880073862 -0.511543798083973 -0.859257133007595
0.00139191764526215 -0.0268033423606753 -0.999639756814206
0.000480036576550162 0.712828213447854 -0.701338511474756
0.000264047557157323 -0.86592393350116 -0.500175640819069
0.000541253454151323 -0.326324727105267 -0.945257573111356
0.000563520572222124 -0.229497032127015 -0.973309197885983
0.000581156391159577 0.775922738759369 -0.630827683074712
0.000370175141891861 0.464976208059475 -0.885323098596776
0.000475344699375912 -0.419564800195762 -0.907725262667128
0.000479122325747167 0.836609027150025 -0.547800242910575
0.000219179702800953 -0.912391543331749 -0.409318486776455
0.000242378508664395 -0.866473310193957 -0.499223340774633
0.000428755732954887 0.639513373577377 -0.768779852223121
0.00056329192651198 -0.130270804398491 -0.991478290344058
0.000336589556708358 -0.677761468753684 -0.735281767882435
0.000394654255044271 0.462857935901964 -0.886432386265638
0.000373426500318063 -0.595965771214212 -0.803009750933137
0.000370664158367232 0.375496486645277 -0.926823743289486
0.000580433077516641 -0.126853287798311 -0.991921320706537
0.000589093022837055 -0.226233401536183 -0.974072944393169
0.000483307598271618 0.709937654370063 -0.704264363233934
0.000415763341165837 0.171690152638682 -0.98515091160073
-0.999609966479861 0.0176529508858405 0.0216399685571489
0.000405336278648203 0.550055288790559 -0.835128142847573
0.000435300956046601 -0.590781259594229 -0.806831651477143
0.000476009191350173 0.71323578068156 -0.70092402910074
0.000329758590537499 -0.677903557156061 -0.735150772600036
0.00049187449774234 0.894656702590838 -0.44675400677416
0.000544060000828653 -0.232526283673761 -0.972589960568988
0.000377793732432784 0.467528768254497 -0.883977775810189
0.000345285718155387 -0.51449704719648 -0.857492081131876
0.00147184899019335 -0.0295440087322605 -0.999562396856033
0.000528620672645197 -0.232174826157793 -0.972673928230208
0.000364961463406037 0.467136631946124 -0.884185067673709
0.000415066486896978 -0.670081411451676 -0.742287498040174
0.000542317625737323 -0.323230718340909 -0.946320034984155
0.000510096186689191 -0.325892966737882 -0.945406533737028
0.000386476166992776 0.0776260263777754 -0.99698247259667
-0.999563184702856 0.028470574631937 0.00792881875264396
0.00057428370380245 0.832219325857873 -0.554446267790571
0.00024456937658862 -0.679829511293851 -0.733370149215104
0.000367098036281878 0.0769959100649927 -0.997031341068221
0.000417624575564208 0.636701980602688 -0.771109858247402
0.000413958919812031 0.371474894016847 -0.928442907104785
0.000422804496461 -0.505992022785088 -0.862538053719494
0.000394627532546823 0.553778458474783 -0.832663955745896
0.000442310140187509 -0.506447681589001 -0.862270578284372
0.000151270250357556 -0.815735840201739 -0.578424598480799
0.00038434344768138 0.373447465742739 -0.927651250530306
0.000408890455759342 0.639127902006942 -0.769100356055567
0.000551141820927473 -0.229057483300127 -0.973412741639899
8.7808679629891e-05 -0.751974068911608 -0.659192681978612
0.000403379169627955 -0.996242861238572 -0.0866025329677442
0.000409771131253536 0.373847838522948 -0.927489959902176
0.000406327793107564 0.17768260095197 -0.984087764488853
0.000345560169758863 -0.60068383022873 -0.799486595691205
0.000384339205478755 0.375857468869157 -0.926677406317131
0.000573486797003136 -0.129840773267122 -0.991534691632264
0.000434709032143125 -0.331811758098424 -0.943345518999105
0.0005018916158266 -0.417097516403471 -0.908861601078438
0.000521674547044231 0.708409199280175 -0.705801766950812
0.000575105746305167 -0.226768902980859 -0.973948424658225
0.000771487345545022 0.996089254743668 -0.0883493146067374
0.00140501893538949 -0.0241294651291016 -0.999707854742762
0.000459500924637863 -0.422486113813178 -0.906369280422687
-0.000447944998529845 -0.361392351008857 0.932413732190581
0.000328612396896888 -0.748246492223434 -0.663420740472605
-0.999562413712237 0.0291443934298671 0.00505820376934687
0.000413399116389127 0.556333621704985 -0.830958922246933
0.000579138195936535 -0.127468200181605 -0.991842488776021
0.000421538101566503 0.171340746518707 -0.985211739114005
0.000373143451338071 0.469830457081413 -0.88275659293071
-0.999564080694263 -0.0282422410347768 -0.00860374378780263
0.000279776984204374 0.0820415766024816 -0.996628868452755
0.000407761708832364 0.275459263416617 -0.961312658778799
0.000476443155565502 -0.99585402991363 -0.0909644112095663
0.000715724755832902 -0.10997803988596 -0.993933759604188
0.000393021459897783 0.55593123514232 -0.831228192091237
0.000410604678248974 0.463170653865053 -0.886269020558666
0.000763657829301501 0.996436983776629 -0.0843371459610404
0.000408165627405628 0.0675272514227903 -0.997717346604791
0.000444501257443734 -0.0505986361246864 -0.998718969701164
0.000394739197076312 -0.996525551333136 -0.0832866719298819
0.000433272719777461 0.270107514075 -0.962830069698165
0.000419044570487187 0.174906640258172 -0.984584933662529
0.000439711600756494 0.162273086439245 -0.986745788980723
0.000531697963865731 -0.4175561883327 -0.908650948869995
0.000451699330008266 0.550312464590342 -0.834958673997833
0.000762265107406301 0.99608992198561 -0.0883418715593454
0.0004080674169263 0.272879766224443 -0.962048058397436
0.000312517226224352 0.186141323109875 -0.982522931113513
0.000194182322082431 -0.749289103710448 -0.662243007780391
0.000195769117548326 -0.87092241634937 -0.491420498529138
0.000409444491826459 0.368578252569376 -0.929596635153179
-0.99956898286647 0.0262589230132706 0.0131269742695484
-0.99957493990035 -0.0200133135433071 -0.021199217066412
0.000428466378118308 0.36887998169801 -0.929476936518082
0.000423481290211941 0.273254340446896 -0.96194172697234
0.00042562059293413 0.0679160419645973 -0.99769094918766
-0.999564555520152 -0.0289601267907737 -0.00565777377278039
0.000468794564461772 0.270445760055022 -0.962735099131593
0.0005513786608293 -0.323701775574703 -0.946159001685952
-0.000442730253250697 -0.361201094160749 0.93248784097542
0.000420155934898248 -0.996237098652663 -0.0866687183308679
0.000750084848886252 0.996393290905405 -0.0848519134222506
6.85189888726667e-05 -0.751976027944236 -0.659190449492677
0.000265459628073871 0.0816565618254449 -0.996660491562715
0.000670827063267211 -0.216476796139349 -0.976287532812078
0.000281340070167468 -0.811260289306126 -0.584685098016621
0.000473259819228164 -0.997191284033387 -0.0748953875281282
0.000276202725769229 -0.516760414754147 -0.856130012004705
0.000430083092466042 -0.590830508235765 -0.806795590943828
0.00033652059984086 0.0796495261826149 -0.996822872797756
0.000488805173126851 0.631384094296211 -0.77547010679926
0.000631427336627837 0.77728357694166 -0.629150095220765
0.0002401681816823 0.185673097505123 -0.982611542361526
0.000365490220452522 -0.428461660651103 -0.903559888313441
0.000246456686146311 -0.603139308996728 -0.797635827431323
0.000149908488094665 -0.607474368190582 -0.794339266005967
0.000558861495905106 -0.132898587941408 -0.991129483466721
0.000764169842170927 0.99626004145386 -0.0864022328809037
0.000381035742049542 0.461713305431364 -0.887029130524701
0.00138716776359011 -0.0235920536443897 -0.999720706382756
0.000766629430845473 0.996276566070821 -0.0862114619841797
-0.999526653703738 0.0237984382760328 0.0194962271075696
0.000754055245574107 0.99547936508814 -0.0949750761221091
0.000264329860287475 -0.811301450773472 -0.584627989496385
-0.999561857719638 0.0275383990601276 0.010850307335304
0.00045318859719149 -0.996288574721107 -0.0860747959642143
0.000381063540932397 0.177184501602458 -0.984177579089498
0.000421679659515053 0.0717002588388177 -0.997426135144208
0.000128269216495131 -0.681523112070713 -0.731796577786791
0.000332104885520045 -0.249184013835259 -0.9684560996531
-0.999570248176723 -0.0221883989099614 -0.0191570852098573
0.00033684618493689 -0.748300636092105 -0.663359664555208
-0.999565563495958 -0.0271440136686362 -0.0114841976195521
-0.999563475243997 -0.025914901655219 -0.0141872065729325
0.000399894207318766 0.0713200405705122 -0.997453403371628
0.000104119776296869 -0.682343101399657 -0.731032065734035
0.00056767341588656 -0.133244829246379 -0.991082990080042
-0.999563750519244 0.0247067978720043 0.0161827929238115
0.000495668850423501 -0.996550382673179 -0.0829884877939771
0.000768058297521042 0.996242648441639 -0.0866025144695005
0.000790645714696377 0.996626850772943 -0.0820627515853565
-0.999564383184612 -0.0282130054479615 -0.0086643056478594
0.000206977148728099 -0.602662357619021 -0.797996265573682
-0.999565713065625 -0.0242440093882035 -0.0167515155252732
0.000373241577782821 0.179989537606356 -0.983668453821192
0.000362364803252913 -0.967498706793416 -0.252875702756942
0.000394961811567909 0.278518696785658 -0.960430726052632
0.000482703642863903 -0.0330166855989273 -0.999454684049885
0.000418705929951408 -0.996378551427831 -0.085027095328027
0.0012435043983468 -0.0291901760570889 -0.999573102538563
0.000354974447187857 0.179252536450774 -0.983803030168695
0.000355745141429009 -0.967967590251542 -0.251074924411054
0.000316853483666305 0.0789359563021518 -0.996879638876497
0.000379270817490092 0.278017212840942 -0.960576017563317
0.000762556738237518 0.996177316911084 -0.0873508544838274
-0.999561017886304 0.0285131067530372 0.00804824610623478
0.00033709041792553 -0.427873795949099 -0.903838426440345
0.000432222050484049 -0.996262881793331 -0.0863717751637991
0.000746592152193633 0.995936967254209 -0.0900499853228591
0.00048620522386765 -0.0326474068965082 -0.999466813069556
0.000443690923733847 -0.993737695699367 -0.11173717055876
0.000493689038654217 -0.235675849245733 -0.971831595675627
0.000608693679689478 -0.124309908113704 -0.992243254568539
0.000503568505177649 0.897229863550244 -0.441563493024922
-0.999563554841192 0.0261950609181593 0.0136571818737661
0.00049385277395044 0.930330933252109 -0.366720753085638
0.000472887815341154 -0.235222606509278 -0.971941408606556
0.000611905498894335 -0.223611728124781 -0.974678111284289
0.000565337920519854 -0.136484729318717 -0.990642013572931
0.000527646243212543 -0.139333553079056 -0.990245364834296
0.000771522437752599 0.996251607701104 -0.0864993578363069
0.000194247156045285 -0.519223124031112 -0.854638701288103
0.000701999628151755 -0.108702098548503 -0.994074122471596
0.000613346819238136 -0.124882787537457 -0.992171312416638
0.000791270057648138 0.995993230501793 -0.0894251568983667
0.00046134706106577 -0.996423804345407 -0.0844949069039935
0.000529417260251756 0.889676013733825 -0.456592061148742
0.00014623086257081 -0.520983084018316 -0.853566989042629
0.000356548251373167 -0.967559902938473 -0.252641459580641
0.00134967470239278 -0.0220144548072634 -0.999756741491517
-0.999567826647848 0.0244193880005436 0.016366228037545
0.00133918571945016 -0.0215227953569904 -0.999767460893597
0.00036494738932831 -0.337265887588171 -0.941409362542548
0.000601146565121236 -0.224245880940011 -0.974532412752006
-0.999591691884253 -0.0250220423771925 -0.0137966268069452
0.000588785026233772 -0.319232240947681 -0.947676331703876
0.00040466234712111 -0.993258267709888 -0.115921740300672
-0.999559906516864 0.0275168524116879 0.0110822433357086
0.000139549898173882 -0.951055261768491 -0.309020823874852
0.000628088095245734 -0.121080021008468 -0.992642550980933
-0.000526149650059302 -0.316011146807646 0.948755331083764
0.000397664133004408 -0.946990553627393 -0.321261160434499
0.000188577649373357 -0.914629679483306 -0.404292609191331
-0.999999702132632 0.000769448253286569 -6.06962378519307e-05
0.000151057768224302 -0.816780231310594 -0.576948898015901
0.000757548657018665 0.996606992601511 -0.082303878510087
0.000226941487273993 -0.938529350095202 -0.345199373561772
0.000369798157674506 -0.968891570334486 -0.24748532923003
0.000361646547195188 -0.968071050705333 -0.250675706836637
0.000641118045341357 -0.216482689320358 -0.976286246032524
0.000726808878174894 0.980803491651659 -0.19499739104093
0.000426015326639081 -0.975564016079748 -0.219714972273841
0.000244910065372088 -0.910815393885519 -0.412813830049608
-0.999995085888397 0.00136629269823633 0.00282160297005932
0.000645627659400008 -0.121698873528087 -0.992566857872517
-6.08747102692784e-05 -0.99452171683893 -0.104530144121289
0.000386713619438601 -0.997012896783781 -0.0772342805973563
0.00025213776373609 -0.861116870435684 -0.508406994324038
0.000266842750864742 -0.79853186113722 -0.601952486118028
0.000337279215140034 -0.97022114621089 -0.242220588901847
0.000265621305771899 -0.862234093982123 -0.506509917593082
0.000310558681129848 -0.903923917441992 -0.42769317861012
-0.000135695595387499 -0.673151613257413 -0.73950448758317
0.000467094857145211 0.921591989168762 -0.388159744592814
0.00123695047837833 -0.0167400452085176 -0.999859110495039
-0.999741510425127 -0.0177473953606907 -0.0142106400558639
0.00123089142173018 -0.0179223483739305 -0.999838624146453
0.000275587144176977 -0.190837773371834 -0.981621550449157
0.000280290982875868 0.0921271418003986 -0.995747212489523
0.000367716626835358 -0.972037473161941 -0.234825500219699
-0.000492671289428824 -0.504232244778095 0.863567947877319
0.000257821057881591 -0.971433710174756 -0.237310935829789
-0.000481392589904799 -0.313496632188198 0.949589190054221
-0.999974811703521 0.000177092602591869 -0.00709539264017313
0.000536639963301161 0.922745472929503 -0.385409527912398
0.000371998370952858 -0.996764484058175 -0.0803767686427604
-0.999665790238352 0.018816231148584 0.0177273030237266
0.000398064562922886 -0.996911509482304 -0.0785320559155223
0.0007764290605866 0.996616819835205 -0.0821846188740728
0.000311963126733965 -0.916301274208679 -0.400489547382399
0.000252687632074663 -0.995863243692588 -0.0908643825216355
0.000756670938058343 0.996879974959624 -0.0789287208409599
0.000107595893140313 -0.497440078267474 -0.867498332538094
-6.40185362209504e-05 -0.679125840379186 -0.734021858551155
0.000300622101117118 -0.924769084951504 -0.380528644315129
-0.999947599196985 -0.00305012436056261 -0.00977218509706937
0.000200255979010221 -0.912689430414007 -0.408653843133891
0.000752586496851876 0.996838834507574 -0.0794466590307404
-0.999518514471388 -0.00271785610319631 -0.0309087768621277
0.000424823990194527 -0.975087522472779 -0.221820069070577
-0.999529840426551 0.0042810349857806 0.0303606791150142
-0.999518018977374 -0.0257643782957709 -0.0173183876437333
0.000742079833830882 0.997279721935559 -0.0737062109571118
-0.999497271182657 -0.0221126533930702 -0.0227208155298227
-0.999999684101934 0.000792688860366631 -5.86549518997086e-05
0.000457084356924932 0.920896058531693 -0.389807953298394
0.000387306006245766 -0.974522898445492 -0.224287695604229
0.000380486591557589 -0.252989301510616 -0.967469001338608
0.000132305203441676 -0.910400131553454 -0.413728876152955
0.000464979702086239 -0.997116440649371 -0.0758853581437506
0.000194375801307043 -0.434353536391882 -0.900742453558127
0.000557977972527937 -0.996549124948256 -0.0830031940677424
0.000438816943440645 -0.997376460085832 -0.072387874028353
0.000472208350264862 -0.99742188564093 -0.0717590347187433
0.000667381904538673 0.996978075168377 -0.0776805782351714
0.000870430490460955 0.997000679266389 -0.0773879053413398
0.000823951978569496 -0.994518777874888 -0.104554873427196
-0.999936899053501 0.00322565192441645 0.0107607193501129
0.000548246177697808 -0.997367758321799 -0.0725069244022869
0.000369199987274664 -0.927633786615735 -0.373490858817619
0.000110304912011521 -0.820311307978073 -0.571917254361266
0.000286482230844402 -0.85560896244546 -0.51762266305769
0.000664684210146288 0.958011230420068 -0.286729908771177
0.000319290716304723 -0.915178536031662 -0.403048564369584
0.000283277467697653 -0.853975201703331 -0.520313631024242
0.000462223583251445 -0.997638249944122 -0.0686855778005027
0.000654852526576317 0.971058706054139 -0.238840031327726
0.000415010891381343 -0.972079321991081 -0.234652124480731
-0.999997174430239 -0.000406147318323755 -0.00234225871645797
-7.62493822495516e-05 -0.74314664756376 -0.669128578376963
0.000655845848296076 0.958691681880125 -0.284446530933463
0.000111929718355162 -0.535284891968994 -0.844671576354668
0.00039702718565429 -0.997332218260198 -0.0729951285333859
0.000707451744199479 0.969497703523712 -0.245099372447746
0.000175428851063099 -0.915111711098942 -0.403200353961011
0.000102949156150492 -0.607223213197477 -0.794531282427321
0.000468870164788413 -0.997418872587881 -0.0718009245503763
0.00135128256079126 0.00919992096938706 -0.999956766810245
-0.999572504237715 0.0164598846078674 0.0241636290866625
0.000409945609763208 -0.976256911880806 -0.216615497944052
0.000115261185427467 -0.103297019223404 -0.994650547948584
0.00041751822556954 -0.975487695153176 -0.220053589571439
0.00035667428089282 0.103163693860003 -0.994664327827543
-0.000434898951806833 -0.438456721815788 0.898752198304658
-0.000587879547275689 -0.406754144415645 0.913537476187121
-0.999443357182338 0.0261547091966315 0.0207100693127055
0.000748308492689859 0.996668503272667 -0.0815557148127636
0.000614839716054062 0.96313625052138 -0.269013354508174
0.000332061047323185 -0.336223455484435 -0.941782181673431
0.000642052080827419 0.970661563275715 -0.240448991156693
0.000703156800184112 0.970432735147195 -0.241370694420943
0.000433015359960696 -0.976033047021232 -0.217621928169355
0.000649450809320452 0.970083350791884 -0.24277123126523
-0.999696093766428 0.0199345780720102 0.0145028516243251
0.000761939278489327 0.996652388100685 -0.0817522889082476
0.000544870045203844 0.961917326778876 -0.27334000724229
0.000413451282730122 -0.996661376838343 -0.0816451405580006
0.000397865560644071 -0.972469357779321 -0.233030448403787
-0.999864835327068 0.00637636867751733 0.0151543062811807
0.00033604816446537 -0.973302331974966 -0.229526594632789
-0.999814773311483 -0.00367388666527525 -0.0188923694881699
0.000246649081135054 -0.37785990708428 -0.925862748890185
0.000346682345912884 -0.972342299151979 -0.233560127357377
0.00046926587635582 0.92280520778636 -0.385266567809758
0.00054276954641266 0.925062207834343 -0.379815240660338
0.000469286717377007 0.923226822574158 -0.384255141604638
-0.999203008836285 -0.0156293461351598 -0.0367296974109709
0.000300590414982333 -0.972582616862703 -0.232557440263475
-0.999790376185712 0.00526916538790453 0.0197848321334074
-0.999665064375346 -0.00592580536384932 -0.0251921396118785
0.000513229692201066 -0.997606274698206 -0.0691480822441995
0.000407513020179034 -0.971447980866484 -0.237252301155477
0.000470599000601262 0.925467968325311 -0.378825577463298
0.000312684539135494 -0.856832533498399 -0.515594716581827
-0.999918714317599 0.00535715460433987 0.0115700324971667
0.000458523834504175 -0.976956754927445 -0.213436849577407
0.000754447332823656 0.998310466638658 -0.0581002840692393
0.000761193129396121 0.997049506276653 -0.0767574271227355
-0.999989290846645 0.000433268535576337 -0.00460765345930372
-0.999916107665779 -0.00599047373575474 -0.0114844179190751
0.000486485627699301 -0.997076874916865 -0.0764033300174319
0.000202634239762791 -0.94047075679417 -0.339874557085942
0.000455979038987812 -0.99698754790599 -0.0775604371024102
0.000154345003887585 -0.539154161705572 -0.842207080291529
-0.999988559048434 0.00174272213012847 0.00445473813073481
0.000290054842432759 -0.921735399424395 -0.387819248253796
-0.999964333100416 -0.00134071256331094 -0.00833876590770862
-0.999987304191177 0.0018020819121957 0.0047057366315292
0.000504242351448061 0.922160871240445 -0.386806247742606
0.000495032319093308 -0.973899060054612 -0.22698100309882
0.000363679710932662 -0.916354274123361 -0.40036822055817
0.000649169864728678 0.971143565742609 -0.238494765760631
0.000287849652909056 -0.857550635653769 -0.514399479424692
-0.999725803632789 0.0121396091740766 0.0200236719878008
0 -0.000713810371209971 0.999999745237345
0 -0.000728097201017523 0.999999734937198
0 -0.000668094172773096 0.999999776825063
-0 -0.999999774229485 -0.000671967988950978
0 -0.000670487535950858 0.999999775223207
0 -0.000728120600484181 0.999999734920161
0 -0.000700860628479654 0.99999975439716
-0 -0.999999752334062 -0.000703798134822205
0 -0.00071075575117691 0.999999747413099
0 -0.000716657189984182 0.999999743201203
-0 -0.99999974922942 -0.000708195663157196
0 -0.000712408847885413 0.999999746236785
-0 -0.999999744062269 -0.000715454678555527
-0 -0.999999710888151 -0.000760410162411629
0 -0.000707177495274627 0.999999749949964
0 -0.000687714842087165 0.99999976352412
0 -0.000763575900651988 0.999999708475879
-0 -0.999999726927279 -0.000739016486333202
0 -0.000722169452507538 0.999999739235607
0 -0.000734975887464286 0.999999729905186
-0 -0.999999747666725 -0.000710398821985421
-0 -0.999999714244542 -0.000755983355881766
-0 -0.999999719326725 -0.000749230585998784
0 -0.000674908464058062 0.999999772249257
0 -0.000711826655165006 0.999999746651374
-0 -0.999999729649208 -0.000735324085492614
0 -0.00074423613884845 0.999999723056247
0 -0.000772616767446234 0.999999701531621
0 -0.000623431279893284 0.999999805666701
0 -0.000762048648922807 0.999999709640886
0 -0.000729729808578923 0.999999733747168
0 -0.000732807827952905 0.999999731496308
0 -0.000686749293861753 0.999999764187676
-0 -0.999999736324325 -0.000726189562404551
-0 -0.999999743375208 -0.000716414347751975
-0 -0.99999971996866 -0.000748373304085482
0 -0.00069695460532477 0.99999975712711
0 -0.000699201652759886 0.999999755558495
0 -0.000688861765296235 0.999999762734706
0 -0.000630997457792887 0.999999800921084
0 -0.00072676884472548 0.999999735903488
-0 -0.999999737538265 -0.000724515976659756
-0 -0.999999721145442 -0.000746799195255723
-0 -0.999999715481825 -0.000754344927555612
0 -0.000757618932028052 0.999999713006736
0 -0.000675751077781903 0.999999771680214
0 -0.000685081586948244 0.999999765331582
-0 -0.999999769754396 -0.000678594986400682
-0 -0.999999735652484 -0.000727114132378643
0 -0.000731891989134536 0.999999732167022
0 -0.000775861493345634 0.999999699019426
-0 -0.999999732079213 -0.000732011955055873
0 -0.000648596419995065 0.99999978966132
0 -0.000771109946625685 0.999999702694681
0 -0.000632864176694003 0.999999799741447
-0 -0.999999744047609 -0.000715475167641321
0 -0.000752606964178136 0.999999716791339
0 -0.000622945595366708 0.999999805969374
-0 -0.999999738916458 -0.000722611248413378
-0 -0.99999975497921 -0.000700029656325876
0 -0.000728538996917664 0.99999973461543
0 -0.000764082074179164 0.999999708089249
0 -0.000709585428552922 0.999999748244228
-0 -0.999999761630958 -0.000690462184172799
-0 -0.999999716679049 -0.00075275615033074
0 -0.00066387807752892 0.999999779632925
-0 -0.999999727918852 -0.000737673519958603
-0 -0.999999744085298 -0.000715422489736082
-0 -0.999999748073947 -0.000709825360407138
-0 -0.999999725665272 -0.000740722202634703
0 -0.000765395762117411 0.999999707084621
-0 -0.999999720824154 -0.000747229291404745
-0 -0.999999703287758 -0.000770340441804728
0 -0.000731309738231065 0.999999732592998
-0 -0.999999734376627 -0.000728866705865715
-0 -0.999999746463935 -0.000712089928277914
-0 -0.999999762198306 -0.000689640001353622
-0 -0.999999734630357 -0.00072851850783245
-0 -0.999999769251808 -0.000679335212889143
-0 -0.999999751365285 -0.000705173290115413
0 -0.000649863309160394 0.999999788838817
-0 -0.999999734504568 -0.000728691151658404
-0 -0.999999749504916 -0.000707806545143794
-0 -0.999999759853945 -0.000693031061640495
-0 -0.999999746197181 -0.000712464436172517
0 -0.00068597099959209 0.999999764721866
-0 -0.999999742384904 -0.000717795323771168
-0 -0.999999765712293 -0.000684525645837381
-0 -0.999999717055514 -0.000752255869130736
-0 -0.999999742412186 -0.000717757314188903
0 -0.000658318957523785 0.999999783308052
0 -0.000756495408388162 0.999999713857308
0 -0.000656487396125317 0.999999784512126
0 -0.000772426544923962 0.999999701678572
0 -0.000694956279093359 0.999999758517856
0 -0.000712394237770163 0.999999746247193
0 -0.000706027603520316 0.99999975076248
-0 -0.999999743479992 -0.000716268071977815
-0 -0.999999708830983 -0.000763110705293928
-0 -0.99999972428297 -0.000742586010843733
-0 -0.999999756504762 -0.000697846986535956
0 -0.000669735551506748 0.99999977572712
-0 -0.999999722694665 -0.000744721823283123
-0 -0.99999973389233 -0.00072953085490536
0 -0.000736705061454887 0.999999728632789
-0 -0.999999770375421 -0.000677679205684902
0 -0.000690026209000185 0.999999761931887
-0 -0.99999976985961 -0.000678439921262123
0 -0.000708309750113944 0.999999749148617
-0 -0.999999744353159 -0.00071504798184385
0 -0.000704248720097766 0.999999752016839
-0 -0.999999708420008 -0.000763649067639566
-0 -0.999999747737388 -0.000710299345144496
0 -0.000675914932274179 0.999999771569476
-0 -0.999999734097181 -0.000729250003098616
-0 -0.999999766494705 -0.000683381691207409
0 -0.000709535719236191 0.9999997482795
0 -0.000713049655688911 0.999999745780062
-0 -0.999999744641804 -0.000714644195513329
-0 -0.999999719388126 -0.00074914862966168
0 -0.000675958820830894 0.99999977153981
0 -0.000670487535950858 0.999999775223207
-0 -0.999999759448239 -0.000693616222973243
0 -0.000717631469293236 0.999999742502504
-0 -0.999999735924724 -0.000726739624495884
-0 -0.999999754704661 -0.000700421742934901
0 -0.000702680490087628 0.999999753120034
0 -0.000765109031346168 0.999999707304042
0 -0.00072517721532426 0.999999737058969
-0 -0.999999747535751 -0.000710583165551901
0 -0.000727535439194474 0.999999735346057
0 -0.000775486985481701 0.999999699309922
-0 -0.999999762652059 -0.000688981731228573
-0 -0.999999726379966 -0.000739756712726508
-0 -0.9999997191711 -0.000749438270807516
0 -0.000688794477272066 0.999999762781056
0 -0.000772511411642905 0.999999701613015
0 -0.000739352926417752 0.999999726678588
-0 -0.99999974722172 -0.000711024961468745
-0 -0.999999746388907 -0.000712195284089139
0 -0.000724893394925774 0.999999737264748
0 -0.000680104717816594 0.99999976872876
0 -0.000715665331968806 0.999999743911533
-0 -0.999999745134999 -0.000713953736603387
0 -0.000745546916386119 0.999999722079859
-0 -0.999999741954169 -0.000718395153395929
-0 -0.999999764083172 -0.000686901448615993
-0 -0.999999736345586 -0.00072616028396729
0 -0.000723974703917744 0.99999973793028
0 -0.000678173679541375 0.999999770040204
0 -0.000731353626782648 0.9999997325609
0 -0.000687410532579146 0.999999763733352
0 -0.00065162467217577 0.999999787692621
-0 -0.999999766246742 -0.000683744441182461
0 -0.000722058275935646 0.999999739315889
0 -0.000731813001383304 0.99999973222483
-0 -0.999999729703007 -0.000735250918504738
0 -0.000702899932859012 0.999999752965812
0 -0.000739458282222724 0.999999726600687
-0 -0.999999722326297 -0.00074521629706884
-0 -0.999999723835245 -0.000743188692609608
0 -0.000692486878480615 0.999999760230933
-0 -0.999999731918554 -0.000732231397813403
-0 -0.999999741912142 -0.000718453652063804
-0 -0.999999717211768 -0.000752048126115697
-0 -0.999999734197476 -0.000729112458472784
0 -0.000707590012756242 0.999999749658156
0 -0.000729197325194949 0.999999734135595
-0 -0.999999759237118 -0.000693920532477349
0 -0.000742363599502269 0.999999724448105
-0 -0.999999716674624 -0.000752762029301248
-0 -0.999999719225888 -0.000749365162029566
0 -0.000703534803497031 0.99999975251936
0 -0.000689113396895181 0.999999762561335
0 -0.000730625100108888 0.999999733093446
0 -0.000751454175505615 0.999999717658271
0 -0.00071490461645077 0.999999744455662
0 -0.000732939493607205 0.999999731399813
0 -0.000752270479244707 0.999999717044523
0 -0.000729990229507852 0.999999733557097
0 -0.000723685062755611 0.999999738139931
-0 -0.999999736645055 -0.000725747766502145
0 -0.000720902563455048 0.999999740149713
0 -0.000662827720793212 0.999999780329682
0 -0.000732433320074814 0.99999973177068
0 -0.000730549022738846 0.999999733149027
-0 -0.999999737171406 -0.000725022150200909
0 -0.000729574743457113 0.999999733860311
-0 -0.999999748613633 -0.000709064644879607
0 -0.000712116296334537 0.999999746445158
-0 -0.999999736309446 -0.000726210051489869
0 -0.000667365646046067 0.999999777311522
0 -0.000721069328313293 0.999999740029478
0 -0.000718333686138929 0.999999741998324
0 -0.000685426816424265 0.999999765095012
0 -0.000685166395470702 0.999999765273478
0 -0.00068134232853777 0.999999767886289
0 -0.000716057360357179 0.999999743630895
0 -0.00072892520453226 0.999999734333988
0 -0.000721768634772309 0.999999739524985
0 -0.000704626138380182 0.999999751750972
0 -0.000697457868514063 0.999999756776231
0 -0.000670057439731667 0.999999775511489
0 -0.00070425163047934 0.99999975201479
0 -0.000671365248886392 0.999999774634326
-0 -0.999999746499331 -0.000712040218961449
-0 -0.999999734905242 -0.000728141089569414
0 -0.000726444104364993 0.999999736139447
0 -0.000728752560706394 0.999999734459817
0 -0.000690438784704266 0.999999761647114
0 -0.000715012882642869 0.999999744378256
0 -0.000764892557180746 0.999999707469645
0 -0.000706466489059877 0.999999750452519
0 -0.000718178621013281 0.999999742109701
0 -0.000711557444873632 0.999999746842969
0 -0.000695620428181126 0.999999758056081
0 -0.000679066060787153 0.999999769434616
0 -0.000698291692846302 0.999999756194326
0 -0.000728866705865715 0.999999734376627
0 -0.000696495230689806 0.999999757447167
0 -0.000687986904566054 0.999999763336982
0 -0.000703019840580203 0.999999752881521
0 -0.000722184062622481 0.999999739225056
0 -0.000725458067133499 0.999999736855262
0 -0.000709769772119721 0.999999748113404
0 -0.000698043029841405 0.999999756367934
0 -0.0007091758214546 0.999999748534796
0 -0.000713854259763218 0.999999745206015
0 -0.000688490167764726 0.999999762990616
0 -0.000717236472317067 0.999999742785888
0 -0.000712555181868413 0.999999746132524
0 -0.000676634669679218 0.999999771082736
0 -0.000705065023921045 0.999999751441625
0 -0.000706653743009457 0.999999750320213
0 -0.000734223961329984 0.999999730457551
0 -0.000693797656164601 0.999999759322377
0 -0.000693902953772258 0.999999759249316
0 -0.000730113105811101 0.999999733467391
0 -0.000709834149759388 0.999999748067708
0 -0.000679876485682035 0.999999768883955
0 -0.000725051428638242 0.999999737150178
0 -0.000720294002689109 0.999999740588241
0 -0.00073298338215863 0.999999731367645
0 -0.000702273793364903 0.999999753405729
0 -0.000721174684122485 0.999999739953504
0 -0.00072776070271701 0.999999735182145
0 -0.000729852684882243 0.999999733657494
0 -0.000699078776448494 0.999999755644402
0 -0.000694017098940069 0.999999759170104
0 -0.000701472099652406 0.999999753968417
0 -0.00071976151929421 0.999999740971644
0.00110748140563557 0 0.99999938674228
0.00101407136241863 -0 0.999999485829504
0.000991633030780192 -0 0.999999508331845
0.00108262350469415 -0 0.999999413963002
0.00112458593786373 -0 0.999999367653034
0.00106510074324976 -0 0.999999432780042
0.000976085139427651 -0 0.999999523628787
0.00107219298914154 -0 0.999999425200932
0.00105730628077759 -0 0.999999441051558
0.0011068056155321 -0 0.999999387490477
0.00105848533381025 -0 0.999999439804242
0.00112877280943653 -0 0.999999362935769
0.00108268497191264 -0 0.999999413896454
0.000995296151620405 -0 0.999999504692663
0.0010264417022802 -0 0.999999473208577
0.0010499945919133 0 0.999999448755526
0.0010235889477844 -0 0.999999476132696
0.00112688862992473 -0 0.999999365060806
0.00113952812535406 -0 0.999999350737615
0.00104454088937829 0 0.999999454467016
0.00109726446028029 -0 0.999999398005171
0.000999038318343432 -0 0.999999500961095
-0 -0.00119317626057422 0.999999288164952
-0 -0.00121472202765574 0.999999262224926
-0 -0.0012310336519659 0.999999242277787
-0 -0.00122234687046073 0.999999252933785
-0 -0.00120030657240279 0.999999279631807
-0 -0.00120346642889647 0.999999275834015
-0 -0.00119806825823728 0.999999282315967
-0 -0.00122213033829246 0.999999253198439
-0 -0.00121071653164896 0.999999267082471
-0 -0.0011770374403942 0.999999307291192
-0 -0.00121922484910615 0.999999256745107
-0 -0.00115973977746506 0.999999327501598
-0 -0.00123273354584159 0.999999240183714
-0 -0.00117245848301727 0.999999312670317
-0 -0.00113095838780606 0.999999360466358
-0 -0.00120704747536956 0.999999271517931
-0 -0.00117907377429963 0.999999304892276
-0 -0.00121741959943869 0.999999258944485
-0 -0.0011560708371555 0.999999331749887
-0 -0.00120287538916821 0.999999276545137
-0 -0.00120821791329195 0.999999270104471
-0 -0.00120294558750512 0.999999276460695
-0 -0.00121490340245538 0.999999262004589
-0 -0.00120414524564801 0.999999275016851
-0 -0.00113700901744924 0.999999353605038
-0 -0.00121099150423106 0.99999926674952
-0 -0.0012279088367476 0.99999924611966
-0 -0.00111892734562357 0.999999374000602
-0 -0.00121352527993757 0.999999263677926
-0 -0.00121771215070115 0.999999258588284
-0 -0.00120266479415739 0.999999276798435
-0 -0.00119271688636634 0.999999288712962
-0 -0.00119927373715895 0.999999280870993
-0 -0.00118032896250227 0.999999303411527
-0 -0.0012129635768482 0.99999926435941
-0 -0.0012126797567168 0.999999264703633
-0 -0.0011898847384203 0.999999292086904
-0 -0.00123208685973961 0.999999240980697
-0 -0.0012143210938877 0.999999262711869
-0 -0.00121904929506666 0.999999256959132
-0 -0.001203919982329 0.999999275288076
-0 -0.00123395062325873 0.99999923868264
-0 -0.00123346493926857 0.999999239281832
-0 -0.00123342396113705 0.999999239332377
-0 -0.00127475145131919 0.999999187504038
-0 -0.0012235990317487 0.999999251402425
-0 -0.00122371020821086 0.999999251266383
-0 -0.001181446664402 0.999999302091646
-0 -0.00123862317793911 0.999999232906017
-0 -0.00124752940197777 0.999999221834893
-0 -0.00122009377175089 0.999999255685317
-0 -0.00121841145648323 0.999999257736486
-0 -0.00120442592257909 0.999999274678836
-0 -0.00118843641743765 0.999999293809192
-0 -0.00120797204449466 0.999999270401504
-0 -0.00121047077926905 0.999999267379978
-0 -0.00121456987305801 0.99999926240974
-0 -0.00124463869761431 0.999999225436956
-0 -0.00122698717806837 0.999999247250949
-0 -0.00119771715013125 0.999999282736557
-0 -0.00121537150776248 0.999999261435776
-0 -0.00122757530736612 0.999999246529148
-0 -0.00121707140173594 0.999999259368327
-0 -0.00121577523549251 0.999999260945015
-0 -0.00120552313538242 0.999999273356721
-0 -0.00125460988712963 0.999999212976706
-0 -0.00126454603531576 0.999999200461343
-0 -0.00127572572952588 0.9999991862616
-0 -0.00125068052697577 0.999999217898804
-0 -0.00123991643377212 0.999999231303323
-0 -0.00122434513640332 0.999999250489213
-0 -0.00122837403165385 0.999999245548334
-0 -0.00124074728865049 0.999999230272787
-0 -0.00121567290657829 0.999999261069419
-0 -0.00127001743008522 0.999999193527539
-0 -0.00123320451858605 0.999999239603019
-0 -0.00125915077593115 0.999999207269348
-0 -0.00126471867895764 0.999999200243012
-0 -0.00121495020134461 0.999999261947732
-0 -0.00121411923002169 0.999999262956976
-0 -0.00123114482842502 0.999999242140919
-0 -0.00122481324169425 0.99999924991598
-0 -0.00125248577652837 0.999999215639382
-0 -0.00124009198780857 0.999999231085635
-0 -0.00121521644278643 0.999999261624226
-0 -0.00122713642228063 0.999999247067817
-0 -0.0011679321452189 0.999999317967019
-0 -0.00120357760536678 0.999999275700212
-0 -0.00119425298435451 0.99999928687965
0.000632472090055389 0.999999799989508 -0
0.999999741287441 -0.000719322633767128 -0
-0.999999606800212 0.00088679164520365 0
0.999999767648986 -0.000681690526605783 -0
0.99999972370039 -0.00074337012578158 -0
0.99999971952621 -0.000748964286110765 -0
-0.999999622529115 0.000868873769871451 0
0.000636808209703149 0.999999797237632 -0
-0.999999606361646 0.000887286060668729 0
0.99999971553482 -0.000754274670947913 0
0.999999786170369 -0.000653956586413694 -0
-0.999999596374381 0.00089847152179753 -0
0.999999741664051 -0.000718798881515564 -0
0.999999706443793 -0.000766232554963954 -0
-0.99999961282248 0.000879974369499412 -0
0.999999738635201 -0.000723000366414416 0
0.999999716956459 -0.000752387534779332 -0
-0.999999626588174 0.000864189511960187 0
0.999999713122 -0.000757466777288055 -0
-0.999999673670548 0.000807873008722288 0
-0.999999619929089 0.000871861042911052 0
0.000601823964179757 0.999999818903942 -0
-0.999999610333905 0.000882797846227 0
-0.999999609072398 0.000884225678988005 0
0.999999716714276 -0.000752709351397193 -0
0.999999735524821 -0.000727289686586558 -0
0.000708827623406549 0.999999748781669 -0
0.000674729941241421 0.999999772369727 -0
-0.999999612405222 0.00088044841230851 -0
0.999999770071941 -0.000678126880603126 -0
0.000707906021985247 0.999999749434501 -0
0.999999697997061 -0.000777178091629383 -0
-0.999999613815687 0.000878844967160958 -0
-0.999999628504846 0.000861968774968181 0
-0.999999653016352 0.000833046922479773 0
0.999999751212568 -0.000705389822504074 -0
-0.99999959077417 0.000904683089142353 0
0.999999782918784 -0.00065890999783382 -0
0.000662918408285359 0.999999780269568 -0
0.999999744461946 -0.000714895827098615 0
-0.999999611234841 0.000881776710058735 0
0.000620227473314298 0.999999807658922 -0
0.999999710153472 -0.000761375710540099 -0
-0.999999682735316 0.000796573454088066 0
0.999999759657208 -0.000693314882058219 -0
0.999999762952343 -0.000688545756054624 -0
-0.99999963268454 0.000857106052417684 -0
0.999999724317765 -0.000742539153704282 -0
0.999999706876304 -0.00076566788277407 0
-0.99999963168576 0.000858270554013414 0
0.00073171940351742 0.999999732293322 -0
-0.999999641463743 0.00084680126670194 0
-0.9999997052791 0.000767751075534453 0
0.999999721649937 -0.000746123346508601 -0
-0.99999961434517 0.000878242285522084 0
-0.999999610054883 0.000883113855361567 -0
0.999999752959675 -0.00070290866400376 -0
0.000731028886425416 0.999999732798348 -0
0.999999727482725 -0.000738264501997987 -0
0.000710352023050313 0.99999974769997 -0
-0.999999617491628 0.00087465227268026 -0
0.999999761297504 -0.000690944958282041 -0
0.000597724865761791 0.999999821362477 -0
0.999999717486739 -0.000751682407605095 -0
0.000595173566681531 0.999999822884197 -0
-0.999999663314603 0.000820591664812164 0
0.000764798901108607 0.999999707541278 -0
0.000686354296859894 0.999999764458862 -0
-0.999999685405217 0.000793214641405149 0
-0.999999634212678 0.000855321290443095 -0
0.000767800843055361 0.999999705240889 -0
-0.999999627755434 0.000862837756479286 -0
0.999999741996234 -0.000718336596520416 0
-0.999999623862612 0.000867337670887018 -0
-0.99999962440549 0.00086671153156068 0
-0.999999660933541 0.000823488192361776 0
-0.99999963134167 0.00085867137166672 0
0.999999724313399 -0.000742545032674574 -0
-0.999999593401019 0.000901774803918013 0
-0.999999685658138 0.000792895721836829 -0
-0.999999708487035 0.000763561290537522 0
0.000693987820500801 0.999999759190424 -0
-0.999999705040949 0.00076806120576991 0
-0.999999589611362 0.000905967498344886 0
0.999999713542952 -0.000756910836231098 -0
0.000751778974055719 0.999999717414147 -0
0.000625233562966649 0.999999804541477 -0
-0.999999597201989 0.000897549920632567 0
-0.999999622307918 0.000869128311775326 0
-0.999999604302849 0.000889603363942394 0
-0.999999609522465 0.000883716536992681 0
-0.999999724487167 0.000742310979807753 0
0.999999719539332 -0.000748946765615394 -0
0.000639707706662932 0.999999795387004 -0
0.000731125452880477 0.99999973272775 -0
0.000706519166966124 0.999999750415302 -0
0.000754096206358631 0.999999715669415 -0
0.999999772490127 -0.000674551476632351 -0
0.00073547618202346 0.999999729537356 -0
0.999999749173478 -0.000708274650912458 -0
0.000730944019703592 0.999999732860384 -0
-0.999999637765121 0.000851157815930938 -0
0.999999761166093 -0.000691135122619369 -0
0.999999738383393 -0.000723348564451866 -0
0.999999742212653 -0.000718035255621165 -0
0.999999720200705 -0.000748063173854625 -0
0.999999741893239 -0.000718479961912438 -0
-0.999999629721952 0.000860555610443508 0
0.000681090755142439 0.999999768057665 -0
0.999999729623398 -0.000735359184692044 -0
-0.999999649014956 0.000837836478348841 0
0.000726809822896064 0.999999735873706 -0
-0.999999623354908 0.000867922832050702 0
-0.999999654793352 0.000830911052024009 0
0.999999723693856 -0.000743378915133187 -0
-0.999999591337801 0.000904059860221518 0
-0.999999716531457 0.000752952193624449 0
-0.999999611902718 0.00088101896334097 -0
-0.999999616008466 0.000876346347101573 0
-0.999999599030283 0.000895510621671332 -0
0.99999972225216 -0.000745315773902181 0
-0.9999996111213 0.000881905465300534 0
0.999999745967796 -0.000712786324368913 -0
-0.999999649385011 0.000837394682509455 0
-0.999999600347142 0.000894038900413907 -0
-0.999999653949248 0.000831926309356039 0
-0.999999674551612 0.000806781674029541 0
0.999999721905291 -0.000745781027458876 -0
0.999999747552378 -0.000710559766084356 0
0.999999733138311 -0.000730563691061151 0
0.000669852607061982 0.999999775648717 -0
-0.999999621312969 0.000870272324254089 0
-0.999999646222206 0.000841163160258307 -0
0.999999718771851 -0.000749970812375203 -0
-0.999999608541885 0.000884825450236673 0
-0.999999610641182 0.000882449706489387 0
0.999999719374957 -0.000749166208364668 -0
-0.999999612799327 0.000880000679340994 0
-0.999999668008729 0.000814851171132172 0
-0.999999619964815 0.000871820064749836 0
0.999999751627256 -0.000704801692596576 -0
0.999999727627395 -0.00073806851691715 -0
-0.999999641193631 0.000847120186246977 0
-0.999999670635577 0.000811621055646827 0
0.00074337012578158 0.99999972370039 -0
0.999999752984346 -0.000702873564801873 -0
0.999999718984668 -0.000749686991992285 0
-0.999999636463972 0.00085268512562914 0
0.999999754520183 -0.000700685074261802 -0
-0.999999636391654 0.000852769934128919 0
-0.999999603594573 0.000890399178421458 0
-0.999999620393249 0.000871328501437743 0
0.999999728578884 -0.000736778228442529 -0
-0.999999603914961 0.000890039280753144 0
-0.999999597876645 0.000896797941209719 -0
-0.999999598010424 0.000896648755101389 0
-0.999999604742613 0.000889108890272756 0
0.999999715887791 -0.000753806565198572 -0
0.999999721510205 -0.000746310600441998 -0
-0.999999607746678 0.000885723710125167 0
-0.999999668814086 0.000813862223662294 0
0.999999716125951 -0.000753490555982528 0
0.999999720371411 -0.000747834941753288 0
-0.999451520078017 0.0104933114624654 -0.031409384398511
-0.999482908149302 -0.00820278271245001 0.0310906846689831
-0.999423761041125 0.0104286554392443 -0.0323015326593302
0.999538782397906 0.0287127566798395 -0.00988939261816623
-0.999989804855332 0.00392154349873025 -0.00223867862450763
-0.999998607739153 1.01758099352597e-05 0.00166865700727237
-0.999571616113876 -0.00783090291360146 0.0282003762218283
-0.999757599813597 0.00894818379503503 -0.0201164515192349
-0.999998666054108 0.00158463720492904 0.000395998653897901
-0.999824283045003 -0.00703088656835944 0.0173772744585888
0.999950494144956 -0.00881428485852278 0.00461710317106466
0.00111154935254094 0.290364688232771 0.95691541542893
-0.999766143713604 0.0127005266933264 -0.0175029856236551
-0.99999255008072 -0.0013205667155361 0.00362710443875882
-0.999828771706234 -0.00312720802623933 0.0182386358690746
-0.999885065787184 0.00426240795138681 -0.0145494705819285
0.999896824455283 -0.014182542200459 0.00227946067598997
-0.999676995987914 -0.0090956377923857 0.0237312676806354
-0.99960633852571 -0.0148922790586414 0.0237778889656529
-0.999606290859405 0.0164043763745791 -0.0227631217117614
-0.999614546365263 -0.0169186534786871 0.0220117663861436
-0.999618290860853 0.0183112741970441 -0.0206874312979605
-0.999563569209219 0.0147964370257718 -0.0255682725476212
-0.999918345220443 0.00394402162741881 -0.0121551464415074
-0.999604058263907 -0.0257332433331519 0.0113809880890679
-0.999595690365428 0.0188456289376521 -0.021290797843389
0.00110898500350917 0.238872258081686 0.971050366598571
-0.999584661359109 -0.0196984167123845 0.0210351409460773
-0.999617148114827 0.0258694456365883 -0.009814732662432
-0.999720330121554 0.0211409610313134 -0.0105981747637575
-0.999680328990383 -0.0218330335417728 0.0127498421967694
-0.999609818998276 -0.0226635017218513 0.0163271385103744
-0.999618641170456 0.0248008773892981 -0.0121444927951503
-0.999614165507838 -0.0146312276134923 0.0236103217807769
-0.999588533702973 0.0209510839141398 -0.0195912065060729
-0.999655426396344 0.0111110441102778 -0.0237817824210566
-0.999597327823521 -0.0173323892242077 0.0224670979847563
-0.99961471230745 0.0236260004943789 -0.0145684261034955
-0.999581950530005 -0.0235639725971272 0.016753010776357
0.999544205706976 -0.0270864934420507 0.0133305180178654
-0.999612436822515 -0.0101342554954076 0.0259282281559609
0.000610902818001258 0.290299651949687 0.956935598081521
-0.999508933925136 0.00932636523243432 -0.0299150449671963
-0.999597781536367 0.0240705542609857 -0.0149961183358729
-0.99961182080041 0.0163295912764322 -0.0225732621664092
0.999699918694318 -0.0221323065786359 0.0104992174986027
-0.999595826058389 0.0225816530896713 -0.0172700165137262
-0.999603354783926 0.0143149206921693 -0.0242531678404396
-0.999590207631328 -0.0125680302280321 0.0257188923506932
-0.999593108310186 -0.0152229818288421 0.0241221608281393
-0.999594537507401 -0.0214522750860431 0.0187232603730822
-0.999607608922863 -0.0243541112838519 0.0138385493130731
-0.999596980158251 0.0189071003568645 -0.0211754295021578
-0.999586692618499 0.021025388384551 -0.0196055345066022
-0.99964407393463 0.011269209939665 -0.0241811983721453
-0.999591367246015 -0.0214868402190285 0.0188524328574567
0.999616090250666 0.0239241811381528 -0.0139751804582979
-0.999644986705235 -0.0214988391159463 0.0157385028435577
-0.99959544103236 -0.0172702284333678 0.0225985282082863
-0.999601423371426 0.022488907197446 -0.0170658561720278
-0.999618484330301 0.0162747792054815 -0.0223163022699841
-0.99958551845382 -0.0197147814323098 0.0209790059460429
-0.999606048913859 0.0206313513457304 -0.0190287760108745
-0.99970027718836 0.0126012916484316 -0.0209895983360451
-0.999598965283176 -0.0212758252622536 0.0186881744483768
-0.999591839805391 0.0190389056269134 -0.0212996212878007
-0.999648090707671 0.022628444200161 -0.0138437082311187
-0.999590583046001 -0.019606888740375 0.0208383348585618
-0.999653345637799 -0.011838045212905 0.0235169989729195
-0.999578197930649 -0.0129445177400892 0.0259974168369153
-0.999707730117118 -0.0179857645599031 0.0161544612189526
-0.999652992403428 0.0210359934950343 -0.0158550230699344
0.999999148515721 -0.000100086210231466 -0.00130113434501814
-0.999675035006445 -0.0114030822190219 0.0227989934156831
0.999999273018075 -0.000116499335639834 -0.00120016300012474
0.00111265427956631 0.0771098880374052 0.997021979279952
-0.999999585258015 0.000906590870764223 8.70447691281002e-05
0.999999124895284 -9.63340882778351e-05 -0.00131944246166607
-0.999999531438703 0.000964253388127237 8.56608297356908e-05
0.999999107026563 -9.70280955298404e-05 -0.00133286594439627
-0.999999551063715 0.000945225315372414 6.64941514171838e-05
0.999847179190695 0.0172556367467464 -0.0028037947277021
0.999993709211906 0.00317865191559806 -0.00157407389046505
0.00115392808324356 0.0877862550985686 0.996138665982677
-0.999553732881045 -0.0102961172727603 0.0280414880609933
0.999999086327404 7.244543647251e-05 -0.00134985036809449
-0.99991516112657 -0.0018691326734668 0.0128909616505102
0.999662684910115 -0.0253248480208748 0.00575920749936217
-0.999664250843237 -0.00619423343134771 0.0251598302503971
0.99995669935924 -0.00928448136103328 0.000630723736051189
0.00109239585434027 0.0707690732903471 0.997492127756867
-0.99999967994407 0.000797563679766037 6.32766484734079e-05
-0.999941977932253 0.00453839969527753 -0.00976952901316889
-0.999547005919422 -0.0105256592184223 0.0281956283054085
0.999715097870339 0.0189033122223081 -0.0145735334467647
-0.999458113800004 -0.0173179692959727 0.0279922614092053
-0.999546806965947 -0.0204384566352932 0.0221009089077113
0.00094992012888459 0.396243948965261 0.918144776470554
0.99997119412099 0.00661512035525669 -0.00372170806575104
0.999475958220988 0.0291982548475207 -0.013973934739259
-0.999583074484928 0.012102144642173 -0.0262147915940267
-0.999724422750601 0.0143125913456328 -0.0186072105633731
-0.999928453425146 -0.00145279435261116 0.0118733912327129
-0.999622078768713 0.020246657929637 -0.0185949584779897
0.000930560700676401 0.329832160464328 0.944039130534437
0.999805215069979 0.0176687252085161 -0.00879477506128037
0.00109451335712371 0.0740182732565323 0.997256284645342
-0.999891541853567 -0.000433154052627317 0.0147213079331484
-0.999691106256667 0.00311601640156521 -0.0246573014157202
-0.999841879707909 -0.000511571328983018 0.0177750914745833
0.00081367716502589 0.0980408289608157 0.995182060623154
-0.999617516319678 0.00327295115551378 -0.0274610425441611
-0.999890611211024 0.0021971851805251 -0.0146266192035875
-0.999999545719915 0.000937462167202147 0.000172408376713435
0.00108872969869855 0.0688061782842177 0.997629452501059
-0.999999660998602 0.000821337051323954 5.83791802957296e-05
0.999524880711493 0.0265955662084007 -0.015578469011106
0.00102538815755496 0.207369487111901 0.978262155249846
0.999528809965938 -0.0306667526222323 0.00130703163041512
-0.999526548067871 -0.00187415601052118 0.0307110280969942
0.99999908034747 -9.16593604836819e-05 -0.00135310856048813
-0.999999556533659 0.000939628342809146 6.3490652706274e-05
-0.9995405325153 0.0149600343805017 -0.0263613586593065
-0.999370062542648 0.0283513736803251 -0.0213466087223055
-0.999394009385167 -0.021466907098553 0.0274004727087427
0.999999211076646 -0.000780212991542046 -0.000984435764018769
0.998952601456974 -0.0426474361193424 0.0165799950177882
-0.999999586206085 0.000907639029424325 6.14739845516321e-05
-0.999713041351019 0.0108287907531563 -0.0213675511821239
0.000923030837100039 0.394709242094266 0.918805617211521
-0.999999542587802 0.000954115750052908 6.69874861172435e-05
-0.999781525733548 -0.00429168687442685 0.0204568381152082
0.99974828062671 -0.0209431927910775 0.00804723925666425
0.999820440178962 0.0181869425474059 -0.00532189074702344
-0.999825565018854 0.00491243328612764 -0.0180196430025514
0.99997429908893 0.00577206023391577 -0.00425258536191579
0.000934681547469166 0.32804113854764 0.944662975770075
0.000951473547033822 0.207100422997379 0.978319226782545
-0.999860000324143 -0.00295369255922997 0.0164698346096811
0.999986344959451 -0.00521877441781301 -0.000272558644375003
-0.999995470248856 0.000449915682502381 0.00297608092097218
-0.999999461891536 0.00103082281539059 0.000116708872487443
0.999898517368756 -0.0138569712522009 0.00330746299742823
-0.999818603126991 0.0163150169172306 -0.00982756654427608
0.00108316879834946 0.0694656557060492 0.997583755592824
-0.99996260405506 0.00016015489468628 0.00864666651564601
0.999992649764047 0.00299740705135256 -0.00239080924561347
0.999987759606132 0.0046546227112267 -0.0016778335214394
-0.999996262407536 0.00111593319083381 -0.00249596956547556
0.999999110029704 -0.000198680847828965 -0.00131926711482134
-0.99986070325142 -0.00442952542132222 0.0160920290242923
0.999996425997961 -0.00255410171244975 -0.000790288394938131
0.999999149076716 -0.000402619625978134 -0.00124086392494709
0.000990180026386835 0.213333119342632 0.97697901703929
-0.999973667011439 0.00214560234902699 -0.00693265275750198
0.00106687373804446 0.203357925964397 0.979103884032683
0.999993946431144 -0.00342419713860289 -0.000618041278953506
-0.999744051872669 0.00602963193995599 -0.021805372821569
0.00107107794348208 0.228750696418444 0.973484448607227
0.999630266797341 0.026132131003101 -0.00751275128785421
0.999999135130279 -0 -0.00131519530626298
0.00111605119235574 -0 0.999999377214674
0.999999174593115 0 -0.00128483971347706
0.999999197428251 0 -0.00126694232439835
0.999999196575525 -0 -0.00126761520385894
0.999999296626407 -0 -0.00118606352725274
0.999999106877964 -0 -0.00133650412444017
0.00112339221670434 -0 0.999999368994765
0.999999138448173 -0 -0.00131267014594932
0.00115607956829286 -0 0.999999331739793
0.999999277635723 -0 -0.00120196839871415
0.999999169231299 -0 -0.00128900609455625
0.999999305019924 -0 -0.00117896550820509
0.999999324610875 -0 -0.00116222966496666
0.00114483560938525 0 0.999999344675499
0.999999135411211 0 -0.00131498168452335
0.999999309177153 -0 -0.00117543405444292
0.99999915915396 -0 -0.00129680043655903
0.999999247222238 -0 -0.00122701057751195
0.00114229310207696 -0 0.999999347583022
0.999999158129184 -0 -0.00129759042959816
0.999999259927313 -0 -0.00121661202756774
0.00111929312209562 -0 0.999999373591257
0.999999347128416 -0 -0.00114269100912878
0.0011038826632463 -0 0.999999390721347
0.00110587801939795 -0 0.999999388516716
0.999999087930579 -0 -0.00135060653453385
0.999999103719512 -0 -0.00133886525577096
0.999999175652961 -0 -0.00128401456302934
0.999999127250893 -0 -0.00132117275678573
-0 0.00110520222929089 -0.99999938926383
-0 0.00106679190665479 -0.999999430977352
0 -0.000777561388843287 0.999999697699098
-0 0.00101780468137456 -0.999999482036681
-0 0.000997803618697591 -0.999999502193845
-0 0.0011195740319066 -0.999999373276797
0 0.99999948689403 0.0010130210645027
0 0.999999516796076 0.000983060331344174
-0 0.00116471664206761 -0.999999321717342
-0 0.00113452495048997 -0.999999356426361
-0 0.00100646118443758 -0.999999493517814
-0 0.000977969377819562 -0.999999521787834
-0 0.00108923588721875 -0.999999406782415
-0 0.00113163429426988 -0.999999359701707
-0 0.00110732634061971 -0.999999386914
-0 0.0011508422828128 -0.999999337780801
-0 0.00117422275473291 -0.999999310600224
-0 0.000884392443800546 -0.999999608924926
-0 0.00110415763589762 -0.999999390417772
-0 0.00106528223452496 -0.999999432586719
-0 0.000857410361842317 -0.999999632423668
-0 0.001142810916754 -0.999999346991391
-0 0.00100484906673781 -0.999999495139049
-0 0.000926401571543179 -0.999999570889972
-0 0.00102471538127041 -0.999999474979056
-0 0.00107358275359942 -0.99999942370987
-0 0.000913176802248609 -0.999999583053977
0 0.99999946128222 0.00103799579428819
0 -0.000829573964749473 0.999999655903459
-0 0.00115488293681173 -0.999999333122479
-0 0.000998441457596857 -0.999999501557204
-0 0.0010614579956379 -0.999999436653303
-0 0.00116381547230282 -0.999999322766544
-0 0.00105870477644074 -0.999999439571941
-0 0.000833111300108747 -0.999999652962721
-0 0.000945703331001678 -0.999999552822505
0 0.999999433278513 0.00106463263778579
-0 0.00107475901260633 -0.999999422446366
0 -0.000803607204967436 0.999999677107678
-0 0.00092768598066904 -0.999999569699268
0 0.999999543516314 0.000955493151890231
-0 0.00105785343216573 -0.999999440472902
0 0.999999552523604 0.000946019340100548
-0 0.00107056329298302 -0.999999426946954
-0 0.000895785652636568 -0.999999598783952
-0 0.000934435909690783 -0.99999956341467
-0 0.00114325271232417 -0.999999346486404
0 0.999999466571809 0.00103288726261096
-0 0.00110316286819722 -0.999999391515658
-0 0.000967518260360632 -0.999999531954098
-0 0.000883096276662248 -0.999999610070407
-0 0.00113308547686748 -0.999999358058445
-0 0.000921058985995223 -0.999999575825082
0 0.999999473376811 0.00102627778967814
-0 0.0010549567894231 -0.999999443532931
-0 0.000811015405352518 -0.999999671126952
-0 0.00120174022501454 -0.999999277909955
0 0.99999947927247 0.00102051692261002
-0 0.00105221241772371 -0.999999446424361
-0 0.00116878057890341 -0.999999316975746
-0 0.00108981528558916 -0.999999406151145
-0 0.00103109668044588 -0.999999468419677
-0 0.00111116501464484 -0.999999382655965
-0 0.00114208239061864 -0.999999347823694
0 0.999999570100868 0.000927252974257549
-0 0.00107553724810082 -0.999999421609647
0 0.99999953809361 0.000961151687796463
-0 0.00105068214003507 -0.999999448033368
-0 0.00110877757221392 -0.999999385305959
-0 0.00118507167009253 -0.999999297802322
-0 0.0010928668767873 -0.999999402820817
-0 0.000842845535094218 -0.999999644805639
-0 0.00113473566195372 -0.999999356187281
-0 0.00118180941402292 -0.999999301663011
-0 0.000966257250761631 -0.999999533173354
-0 0.00118370833215218 -0.999999299417047
-0 0.00104414880300549 -0.99999945487649
-0 0.000951399934840796 -0.99999954741898
-0 0.000976895680333049 -0.999999522837301
-0 0.0011810603989194 -0.999999302547924
0 0.999999504785816 0.000995202553796091
-0 0.00115073704350192 -0.999999337901909
-0 0.0010421123520122 -0.999999457000776
0 0.999999540309778 0.000958843174192724
-0 0.00100658993964926 -0.999999493388218
-0 0.000987806113703926 -0.999999512119422
0 -0.000799511018180568 0.999999680391015
-0 0.0010938324243107 -0.999999401765135
-0 0.00116747277099733 -0.999999318503432
-0 0.00103056419732693 -0.999999468968577
-0 0.00112924394162398 -0.999999362403857
-0 0.00118419983695904 -0.999999298835127
-0 0.000954682727398093 -0.999999544290341
-0 0.00101473260074127 -0.999999485158742
-0 0.00120033579260632 -0.999999279596733
-0 0.00119686277931039 -0.999999283759487
-0 0.00105776565511331 -0.999999440565753
0 0.99999949296686 0.00100700845229445
-0 0.00108831725500014 -0.999999407782601
-0 0.00103520159673849 -0.999999464178684
-0 0.00104818934152959 -0.999999450649401
-0 0.00119762064196808 -0.999999282852142
-0 0.00115507606957081 -0.999999332899414
-0 0.000813572582542942 -0.999999669049772
-0 0.00116789989821959 -0.999999318004681
-0 0.00105206608382866 -0.999999446578325
-0 0.00117417595583964 -0.999999310655175
-0 0.00102659374053176 -0.999999473052507
-0 0.00112225402557686 -0.999999370272753
-0 0.00118849206388339 -0.999999293743058
-0 0.00107503980602656 -0.999999422144541
-0 0.001036837113839 -0.999999462484255
-0 0.00108917162603716 -0.999999406852409
-0 0.00104063189997858 -0.999999458542478
-0 0.00119622796746972 -0.999999284519069
-0 0.0010259061923584 -0.999999473758104
-0 0.00104878038146095 -0.999999450029704
-0 0.00103342265610602 -0.999999466018664
-0 0.000808712711865963 -0.999999672991821
-0 0.00103987706385217 -0.9999994593277
-0 0.00100887214323015 -0.99999949108837
-0 0.00105226503739001 -0.999999446368992
4.70035592506153e-05 -0 -0.999999998895333
0.00020953961479074 -0 -0.999999978046575
6.67090642644311e-05 -0 -0.999999997774951
0.000208775959433498 -0 -0.999999978206299
0.000249775729965369 -0 -0.999999968806042
8.30498608457582e-05 -0 -0.99999999655136
0.000212652705807455 -0 -0.999999977389413
0.000123979377305973 -0 -0.999999992314557
-6.80549510418743e-06 -0 -0.999999999976843
0.000176246522633157 -0 -0.999999984468582
4.89726480149602e-05 -0 -0.99999999880084
2.48110918542837e-05 -0 -0.999999999692205
0.000208369277085148 -0 -0.999999978291122
0.000223030636244341 -0 -0.999999975128667
0.000106477032510477 -0 -0.999999994331321
0.000183903434463612 -0 -0.999999983089763
0.000175430218434366 -0 -0.999999984612119
0.000236132539395555 -0 -0.999999972120711
4.49759535967894e-05 0 0.999999998988582
6.01873761116956e-05 -0 -0.99999999818874
0.000154577775874225 -0 -0.999999988052856
-1.01760588217264e-05 -0 -0.999999999948224
0.000150253397928423 -0 -0.999999988711958
7.90063565808701e-05 -0 -0.999999996878998
0.000112071232457454 -0 -0.999999993720019
0.000138710964650051 -0 -0.999999990379634
0.000131434410606528 -0 -0.999999991362498
0.000169827236556808 -0 -0.999999985579355
0.000139632610174262 -0 -0.999999990251367
0.000170977085192326 -0 -0.999999985383418
3.47940440195479e-05 -0 -0.999999999394687
-0.999999971721344 -0 -0.000237817811108106
0.000129556034884916 -0 -0.999999991607617
0.00010356582732976 -0 -0.99999999463706
0.000107103157756297 -0 -0.999999994264457
-3.35856748089761e-05 -0 -0.999999999436001
0.000155947067391955 -0 -0.999999987840256
0.00018337386119141 -0 -0.999999983187014
0.000209922897660651 -0 -0.999999977966188
0.000188327303774659 -0 -0.999999982266413
-0.000122548647585243 -0 -0.999999992490915
0.000224891476816078 -0 -0.999999974711911
-9.63565612511697e-05 -0 -0.999999995357707
0.000221017669959645 -0 -0.999999975575595
0.000203328057413023 -0 -0.99999997932885
0.000236428045113351 -0 -0.999999972050889
-7.00152593811348e-05 -0 -0.999999997548932
5.57049969802136e-05 -0 -0.999999998448477
-0.999999959064189 -0 -0.000286132172842701
0.0002255117521555 -0 -0.999999974572225
-0.000116073773042672 -0 -0.99999999326344
0.000219130504970356 -0 -0.999999975990911
0.000165447255776863 -0 -0.999999986313603
-4.29015380692273e-05 -0 -0.999999999079729
0.0002224571744117 -0 -0.999999975256402
0.000205054307352857 -0 -0.999999978976365
7.25841453365954e-05 -0 -0.999999997365771
0.000227161924663678 -0 -0.99999997419873
-8.72718443448139e-05 -0 -0.999999996191813
0.000238496614240012 -0 -0.999999971559682
1.52143484211264e-05 -0 -0.999999999884262
0.00025244117492181 -0 -0.999999968136726
-0.000113937915727404 -0 -0.999999993509076
-0.999999968161099 0 -0.000252344608421582
9.23101320655113e-05 -0 -0.99999999573942
-3.22163832439562e-05 -0 -0.999999999481052
0.000225737044889862 -0 -0.999999974521393
0.000186089030155306 -0 -0.999999982685436
6.6829022976814e-05 -0 -0.999999997766941
0.000188795438862588 -0 -0.999999982178141
-0.99999997112751 -0 -0.000240301851928474
-0.99999999983216 0 1.83215870462108e-05
0.000100367883937137 0 0.999999994963144
0.000243142836641424 -0 -0.99999997044078
0.000202271835815163 -0 -0.999999979543052
0.000155832965828809 -0 -0.999999987858043
0.000213665038825151 -0 -0.999999977173625
0.999999998939307 -0 -4.60585142230088e-05
-0.999999971944953 -0 -0.000236875691092001
-0.000120067538817618 -0 -0.999999992791893
0.000264823311035525 -0 -0.999999964934306
-6.47546110946921e-05 -0 -0.99999999790342
0.000240939676869455 -0 -0.999999970974036
0.000215874048507807 -0 -0.999999976699197
-0.999999965541447 0 -0.00026252067441758
1.5047576196709e-05 -0 -0.999999999886785
-1.04306063798286e-05 -0 -0.999999999945601
0.000247941228390608 -0 -0.999999969262573
7.27889562658539e-05 0 0.999999997350884
0.000244649672776953 -0 -0.999999970073268
5.1202132453238e-06 -0 -0.999999999986892
0.000103545345509405 -0 -0.999999994639181
0.000194617848999358 -0 -0.999999981061946
0.000175722799228418 -0 -0.999999984560749
0.000208983702561702 -0 -0.999999978162906
0.000109847597988221 -0 -0.999999993966753
-4.04233541882482e-05 -0 -0.999999999182976
0.000232647865302565 -0 -0.999999972937485
-4.22666307335831e-05 -0 -0.999999999106766
3.4413686059992e-05 -0 -0.999999999407849
0.000252520162710117 -0 -0.999999968116783
0.000215177695756904 -0 -0.999999976849279
0.000246765055398304 -0 -0.999999969553503
-7.29703531636879e-05 -0 -0.999999997337664
-6.3739345803368e-05 -0 -0.999999997968648
0.000223902543283768 -0 -0.999999974933825
0.000254059173116564 -0 -0.999999967726968
-0.000107041719571259 -0 -0.999999994271035
0.999451535031879 -0.0104740040423738 0.031415352325594
0.999482979477841 0.00827898189104732 -0.0310681861869395
0.999423830857317 -0.0103553394232905 0.0323229525246942
-0.999538983830227 -0.0287696571669037 0.00970188796763552
0.999990044449343 -0.00376336149620804 0.00239752214779781
0.999998833153463 0.000137714403981407 -0.00152142251070838
0.999571647091822 0.00787178053887125 -0.0281878945877353
0.999757636189532 -0.00890409146085421 0.0201342006540484
0.999998948250777 -0.00143867929810414 -0.000183573467528615
0.999824406513095 0.00717472344275763 -0.0173112531105179
0.999950778869978 -0.00866955975490014 0.00482478714359102
-0.999503726812171 0.0303885274978986 -0.00829683584807319
0.999766288931726 -0.0125573529650072 0.0175977385534962
0.999992736117058 0.00149206605737162 -0.00350734258375513
0.999828890159582 0.00325712421137307 -0.0182093806630028
0.999885182632765 -0.00413555706763714 0.0145780217856303
-0.999897140235588 0.014116143123788 -0.00253839555654343
0.99967712836636 0.00923998017098909 -0.0236698497593043
0.999606518945151 0.0150831947381389 -0.0236496198457435
0.999606477210419 -0.0162131186953568 0.0228916032891372
0.999614760695558 0.0171224602908612 -0.0218437989633363
0.999618516884485 -0.0181025785997898 0.0208594666686543
0.999563725884222 -0.0146299319313233 0.0256578055986226
0.999918372789178 -0.00391015907276568 0.0121638157939153
-0.999604262733207 -0.0258582125586212 0.0110756836753203
0.999595904413066 -0.0186494204451196 0.0214529018476978
-0.999912277912443 -0.0126350720767522 0.00397384367630745
-0.000681283157052358 -0.707332572258647 -0.706880589686282
-0.99961739229244 0.0257246180530324 -0.0101643028530579
-0.999720446563 0.0210671764873999 -0.0107332566691226
-0.99968044119288 -0.0219067494363458 0.0126138743271821
0.99961002783139 0.0227987022313499 -0.0161248700923444
-0.999618817777709 0.0247108083089509 -0.0123123960874613
0.999614334160556 0.0147916371504571 -0.0235029872815757
-0.000699576732122135 -0.707262093829438 -0.706951088282913
0.999655554449035 -0.0109733523855309 0.0238402599947218
0.999597518747944 0.0175089812236924 -0.0223212026885154
0.999614958669133 -0.0234702986016828 0.0148013340093385
-0.000532058099032564 -0.554980365931106 -0.831863276233033
0.99954440675472 -0.0269944208012956 0.0135011173966363
0.99961258357754 0.0103121790859356 -0.0258523058146637
-0.999670123016796 -0.0244925481779251 0.00773047419859772
0.999508888169055 -0.00946595393230912 0.0298726996973919
-0.000540143836592925 -0.555626207422456 -0.831432033223386
0.99961202879285 -0.0161400478694681 0.0227000164628508
0.000881838258629121 0.471377519027341 0.881931095333935
-0.000666810516307582 -0.634201656744504 -0.773167390638186
0.999603498251324 -0.0141597382809886 0.0243382023890245
0.999590264995714 0.0126180711587744 -0.0256921467773882
0.999593276775581 0.0153893199536856 -0.0240093701795646
-0.000542175446206284 -0.634405115802986 -0.773000553097335
-0.000444037528235384 -0.471407660879945 -0.881915313448164
0.999597204799689 -0.0187458880475683 0.021307741268316
0.999586920809856 -0.0208300780414877 0.0198014038556993
0.999644201712972 -0.0111183848879448 0.0242456490760542
0.999591604062938 0.0216743036485233 -0.0186238999201388
-0.999616266959515 -0.0240194430022292 0.0137980139072971
0.999645168577278 0.0216029188793825 -0.0155836720960131
0.999595644084131 0.0174508295050039 -0.0224503202119253
0.999601652991144 -0.022326446515136 0.0172645626466396
0.99961864826904 -0.0161135133046509 0.022425715635375
0.999585720345682 0.019891353220547 -0.020801965004751
0.999606258437693 -0.0204678728308514 0.0191935998180956
0.999700447251004 -0.0124292472117602 0.0210838701355006
0.999599170630695 0.0214240369101041 -0.0185069910277302
0.999592060057535 -0.0188506519365362 0.0214561504352712
0.999648332215865 -0.0224905229408158 0.0140494937947144
0.999590761931838 0.0197510752536812 -0.0206930830678088
0.999653494768563 0.0120018804883216 -0.0234274467610805
0.999578358796317 0.0131161047824613 -0.0259050655547526
0.999707945553272 0.0181317563067677 -0.0159769524906697
0.999653199463201 -0.0209033775802968 0.0160165417216317
-0.999999513398967 7.56648276253706e-05 0.000983603915858457
0.99967518941583 0.0115647654708201 -0.0227106113090212
-0.999999611018077 8.52175088662935e-05 0.000877896162298541
-0.999999681522247 6.15410433591673e-05 0.000795718609099086
0.999999707272695 -0.000761647411379274 -7.31282712174653e-05
0.0010224039600808 0.0728225233213804 0.997344391264747
0.999999668123164 -0.000811514815008187 -7.20920799992399e-05
0.0010393621345433 0.0726062386208856 0.99736014249602
0.999999678115559 -0.000800374044120076 -5.6304239861726e-05
-0.999847554183719 -0.0172820582302583 0.00248975022079076
0.00100013014130107 0.074989037267088 0.997183856683137
-0.999856776223071 0.0169103675189609 -0.000683016237875526
0.99955383910625 0.0103893705733024 -0.0280032802908485
0.00102812398360321 0.0727143803481336 0.997352275703857
0.999915368563941 0.00207485007789691 -0.0128433136998188
0.00150467899430549 0.290247044601451 0.956950567710395
0.999664316362839 0.00624063221562996 -0.0251457571046825
0.0010792364434754 0.210879098436786 0.977511555477063
-0.999999709886133 5.39067287508705e-05 0.000759816895460925
0.999999732533075 -0.000729100636798113 -5.78449669497809e-05
0.999942082692116 -0.00444121775687031 0.00980340992658878
0.999547058737717 0.0105967428698009 -0.0281671157439048
0.000883719474446202 0.572239425855156 0.820086128730911
0.999458230299702 0.0174364410785995 -0.0279144480278655
0.999547090964815 0.0206141335521959 -0.0219241976288346
-0.999729252979122 0.0216640618404679 -0.00849053369218734
0.00106707511557668 0.326635299920714 0.945149851714744
0.00112798662470884 0.391368647418383 0.920233290782332
0.99958315401193 -0.0120338040321432 0.0262432043790006
0.999724593882833 -0.0141500463884226 0.0187219810118871
0.999928577461867 0.00157902375633018 -0.0118467995283164
0.999622334831088 -0.0200878800241038 0.0187527273478246
-0.999954324318895 0.00923376073378863 -0.00246717219765414
0.000677954373861736 0.40182140249042 0.915717806356576
-0.999985515800769 0.00536892917318752 0.000377873263952052
0.999891653152575 0.000574428982681724 -0.0147089084283548
0.999691237370729 -0.00297668577355126 0.0246691967032915
0.999842013262313 0.0006729581169719 -0.0177621970188548
-0.999571230978873 -0.0290963734049542 0.00327952040078261
0.999617567051513 -0.00317514532507127 0.0274706769880018
0.999890751633677 -0.00204855691977543 0.0146385864067455
0.999999650327897 -0.000819998643968251 -0.00016415330464161
-0.999999715607661 5.18921430980828e-05 0.000752390724190554
0.999999743119444 -0.00071496749145125 -5.08186207133071e-05
0.999525087408205 0.0266931591586567 -0.0153972366271034
-0.999939407941902 -0.0105840254132701 0.00302635933921182
0.00139153141514086 0.0979745873556439 0.995187943994908
0.99952660438453 0.00192422396638391 -0.0307060985743656
0.00104735838507214 0.0675849671287741 0.997712972381644
0.999999699146548 -0.000773932869115578 -5.22946156180051e-05
0.9995406112565 -0.0148623971172988 0.026413549570459
0.000974970913414789 0.634366234022196 0.773032037217226
0.999394212241661 0.0216410915817965 -0.0272556726759614
0.00103843160605398 0.446258125277824 0.894903686037398
0.0011660190007167 0.391751914449755 0.920070148371656
0.999999692432444 -0.000782512682652855 -5.29992331812441e-05
0.999713186960134 -0.0106621946574296 0.0214443797555144
-0.999736533306159 -0.0207677097071597 0.00977579697529558
0.999999640526646 -0.00084582507541016 -5.93845091578381e-05
0.999781546973227 0.00431899665125575 -0.0204500513385056
-0.999748517819533 0.0208299590926413 -0.00830746181734123
0.00115462136929979 0.206011483213772 0.978548892817091
0.999825670230111 -0.00481559354349879 0.0180399336953576
0.00104714209496981 0.444448646769303 0.895803719504651
-0.999870864808517 -0.0149292746956701 0.00594730730072851
-0.999843180469194 0.0174472444868529 -0.00303448991807809
0.999859964050222 0.00289536450260175 -0.0164823892043881
0.00110772771140539 0.21362098122019 0.976915988876137
0.999995593583548 -0.000330509164029519 -0.00295018256710038
0.999999605627213 -0.000883848812086551 -8.69292596595812e-05
0.000948398259046107 0.316158145438184 0.948706028026506
0.999818876704264 -0.0161732975889301 0.0100318607906366
-0.999998039194379 0.00188011068034724 0.000621925418428697
0.999962672747925 -6.90826053667979e-05 -0.00863992699158206
0.000991082634745554 0.320566893474036 0.94722536102219
0.00104193966915926 0.0694487938792651 0.997584973518768
0.999996391269959 -0.000967879638488376 0.00250612371297627
0.00102592092714655 0.323584832815919 0.946198606772249
0.999860804647152 0.0045247029119733 -0.0160592152332716
0.00101928817037711 0.201400256213856 0.979508498099235
0.00102839314410739 0.20421820808131 0.978924852016538
-0.99999780940628 -0.00176773711161031 0.00112084260528922
0.99997365081067 -0.00217049020450103 0.00692724019016253
-0.999991306555502 -0.00384269929969287 0.00161878828522706
0.0010312492592992 0.20190699752568 0.979404156043423
0.999744268480459 -0.00582330973186334 0.0218514691551572
-0.99973467343948 0.0225940177302289 -0.00448253116695536
0.000968255250659918 0.232393442256921 0.97262138084547
0 0.00134164769336854 -0.999999099990329
0 0.0013105168155011 -0.999999141272469
0 0.00142561329579755 -0.999998983812849
0 0.00154116319720352 -0.999998812407295
0 0.00137599989336136 -0.999999053311699
0 0.00144890003689214 -0.999998950343791
0 0.00141828694514565 -0.999998994230565
0 0.00148019459012222 -0.999998904511388
0 0.00137285459010911 -0.999999057634693
0 0.00133338804106452 -0.999999111037771
0 -0.999999376440598 -0.00111674456112955
0 0.00131247119251244 -0.999999138709313
0 0.00143958694726311 -0.999998963794174
0 0.00156440022117449 -0.999998776325225
0 0.00139265947598972 -0.999999030249322
0 0.0015554558211531 -0.999998790277862
0 0.00143414500796784 -0.999998971613519
0 0.00146589311545599 -0.99999892557811
0 0.00141333057269939 -0.999999001247847
0 0.00156010206168886 -0.999998783040038
0 0.00139234352542394 -0.999999030689284
0 0.00142439605966678 -0.999998985547418
0 0.00137732818967407 -0.999999051483079
0 0.0015022027136237 -0.999998871692867
0 0.00146443618083163 -0.999998927712761
0 0.00144588057911875 -0.999998954714129
0 0.00140361984043891 -0.999999014925187
0 0.00143735166134161 -0.999998967009567
0 0.00129576178080892 -0.999999160500351
0 0.00133898516333721 -0.999999103558964
0 0.00150851962749818 -0.999998862183619
0 0.0014185707651313 -0.999998993827986
0 0.00144495601059342 -0.999998956050519
0 0.00143987670439181 -0.999998963377001
0 0.00147698199998953 -0.999998909261491
0 0.00131896669036262 -0.999999130163057
0 0.00141052185812417 -0.999999005213549
0 0.00144953787507732 -0.999998949419422
0 0.00144019265491262 -0.999998962922021
0 0.00148318773781622 -0.999998900076462
0 0.00131999079412882 -0.999999128811772
0 0.00151450289565006 -0.999998853139832
0 0.0014949818639113 -0.999998882513989
0 0.00146005035935803 -0.999998934125906
0 0.00150293123906554 -0.999998870598208
0 0.00146924901269704 -0.999998920653087
0 -0.999998982381744 -0.00142661679382714
0 -0.999998916625724 -0.00147198756078176
0 0.00147984930304174 -0.999998905022421
0 0.00158593127500841 -0.999998742410205
0 0.00155705629509112 -0.999998787787112
0 0.00140174718731284 -0.999999017551929
0 0.00157150700959008 -0.999998765182097
0 0.00134855844354132 -0.999999090694649
0 0.00151476913687641 -0.999998852736573
0 0.00140062657565643 -0.999999019122117
0 0.00130372888264828 -0.999999150145139
0 0.00151802561512955 -0.999998847798452
0 0.00145861088695761 -0.999998936226574
0 0.00140173251901153 -0.99999901757249
0 0.00154991434885225 -0.999998798882034
0 0.00149583609033751 -0.99999888123657
0 0.00147290921887611 -0.999998915268628
0 0.00156032732478261 -0.999998782688579
0 0.00141146691578576 -0.999999003880077
0 0.00132832049103795 -0.999999117781947
0 0.00145186384822164 -0.999998946045128
0 0.0014421061695351 -0.999998960164357
0 0.00148793060383083 -0.999998893030646
0 0.00160753569126659 -0.999998707913666
0 0.00148922374231493 -0.999998891105708
0 -0.999999265764177 -0.00121180489687598
0 0.00149841375264627 -0.999998877377483
0 0.00153919997386151 -0.999998815431019
0 0.00142023852768161 -0.999998991460754
0 0.0014187843868184 -0.999998993524925
0 0.0014741761640564 -0.999998913401728
0 0.00145371589558982 -0.999998943354489
0 0.0015444137380891 -0.999998807392392
0 0.00151165899229879 -0.999998857442893
0 0.00146110950370314 -0.999998932578939
0 0.00141387190287182 -0.999999000482622
0 0.00137881737164894 -0.999999049430876
0 -0.999998962660789 -0.00144037402960344
0 0.00135140525858424 -0.999999086851497
0 0.00134672700105015 -0.999999093162781
0 -0.99999896365088 -0.00143968648215469
0 -0.999999017679046 -0.00140165649995792
0 0.00140522904620616 -0.999999012665176
0 0.00135264577796128 -0.999999085174281
0 0.00158414942657716 -0.99999874523451
0 0.00159639698579466 -0.99999872575752
0 0.00151759848830605 -0.999998848446751
0 0.001234968790125 -0.999999237425753
0 0.00144916918854122 -0.99999894995378
0 0.00140516175828527 -0.999999012759729
0 0.00141120067448631 -0.999999004255832
0 0.00139370697900474 -0.999999028789957
0 0.00148070949395029 -0.999998903749097
0 0.00134351732005357 -0.999999097480198
0 0.00144316822427675 -0.999998958632196
0 0.00131528308326113 -0.999999135014831
0 0.00154094084446584 -0.999998812749952
0 0.00143850149307425 -0.999998965356192
0 0.00147343879101932 -0.999998914488475
0 0.00147414100670609 -0.999998913453556
0 0.00143693617592422 -0.99999896760668
0 0.00141053641000985 -0.999999005193023
0 -0.999998926958755 -0.00146495096828047
0 -0.999998924874566 -0.00146637297838016
0 -0.999998977994343 -0.00142968887146887
0 0.00148514223029343 -0.99999889717567
0 0.0015281959830171 -0.999998832307837
0 -0.999999000528214 -0.00141383965589169
0 0.00139800211384666 -0.999999022794567
0 -0.999999000660542 -0.00141374605815873
0 0.0014028093585892 -0.999999016062468
0 -0.999999034482361 -0.00138961661823903
0 0.00145567326893093 -0.999998940507106
0 0.00139785578007651 -0.999999022999132
0 0.00140154229675482 -0.999999017839113
0 0.00145609760188512 -0.999998939889325
0 0.00142903066058947 -0.999998978935164
0 0.00139061150164436 -0.999999033099358
0 0.00141566248337524 -0.999998997949365
0 0.00141644956579624 -0.999998996834811
0 0.00143335210485233 -0.999998972750344
0 0.00143033264687618 -0.999998977073736
0 0.0014511061025187 -0.999998947144985
0 0.00145131390342227 -0.999998946843422
0 0.00147937246693782 -0.999998905727953
-0 -0.00139194852900858 0.999999031239177
0 0.00143018340274033 -0.999998977287194
0 0.00152426348273273 -0.999998838309743
0 0.00135129990291239 -0.99999908699387
-0 -0.00134803178159064 0.999999091404745
0 -0.999998964960438 -0.00143877658190445
0 0.00149495846448496 -0.99999888254897
0 -0.999998931013659 -0.00146218040596575
0 0.00139645728557659 -0.999999024953049
0 0.00138950253144527 -0.999999034640892
0 -0.999998948732336 -0.00145001180083851
0 -0.999998917680541 -0.00147127079320471
0 0.00139643679652035 -0.999999024981661
0 0.00139728522971172 -0.999999023796517
0 -0.999999027064325 -0.00139494458786222
0 0.0014807007628205 -0.999998903762025
0 0.00154858314285293 -0.999998800944406
0 0.00144454052518968 -0.999998956650791
0 0.00151609463866574 -0.999998850727863
0 0.00150168198906145 -0.999998872474966
0 0.00149088568369747 -0.999998888629322
0 0.00140355546289479 -0.999999015015546
0 0.00143870929398918 -0.999998965057248
0 0.00144183399108578 -0.999998960556831
0 0.00143437900227979 -0.99999897127791
0 -0.999998983279042 -0.00142598768671025
0 0.00132818009440584 -0.999999117968429
0 0.00157962612056427 -0.999998752389881
0 0.00140245813426478 -0.999999016555107
0 0.00147772519376832 -0.99999890816353
0 0.00147974394740851 -0.999998905178326
0 0.0014148315124626 -0.999998999125395
0 0.00139582526803956 -0.999999025835436
0 0.00149760036060942 -0.999998878595951
0 -0.999998983616837 -0.00142575078201276
0 0.0014384049849742 -0.999998965495015
0 0.00143940266219472 -0.999998964059451
0 0.00139837371081864 -0.999999022275005
0 0.00152455906053927 -0.99999883785916
0 0.00158703139702331 -0.999998740664879
0 0.00142370851217084 -0.999998986526523
0 -0.999998942963013 -0.00145398516364833
0 0.00152472879367889 -0.999998837600377
0 0.00149946998649761 -0.999998875794248
0 0.00136812351511606 -0.999999064118586
0 0.00140168572014545 -0.999999017638088
0 0.0014697025658084 -0.999998919986601
-0 -0.00137851015219756 0.999999049854429
0 0.00150753650234564 -0.999998863666201
0 0.00139134293768615 -0.999999032081946
0 0.00145888003861133 -0.99999893583395
0 0.00138332321808596 -0.999999043207979
0 0.00147036089302568 -0.999998919018838
0 0.00152290596685436 -0.999998840378036
0 0.00157358138636553 -0.999998761920044
0 0.001433951875349 -0.999998971890481
0 0.00137357135790173 -0.999999056650417
0 0.00139492409880584 -0.999999027092906
0 -0.999998983341459 -0.0014259439146384
0 0.00150114950657691 -0.999998873274445
0 0.00148197050191855 -0.999998901881113
0 0.00153500425911562 -0.999998821880268
0 0.00139172326580059 -0.999999031552707
0 0.00134825122407022 -0.999999091108905
0 0.00140137267996887 -0.999999018076824
0 0.00144353982119935 -0.99999895809585
0 0.00150430936053238 -0.999998868526034
0 0.00141802070383803 -0.999998994608136
0 0.00141520893018484 -0.999998998591341
0 0.00137965416339253 -0.999999048276742
0 -0.999999315720116 -0.00116985439233364
0 0.00158523488030776 -0.999998743514398
0 0.00150387047576139 -0.999998869186157
0 0.00143042915497959 -0.999998976935693
0 0.00141002441646363 -0.999999005915079
-0 -0.00144349593271573 0.999998958159203
0 -0.999998980669738 -0.0014278163348536
0 0.00145402905212995 -0.999998942899199
-0 -0.00137291314690628 0.999999057554302
0 0.00153492532971228 -0.999998822001422
0 0.00137183351323213 -0.999999059035963
0 0.00153863815484445 -0.999998816295614
0 -0.999998981066465 -0.00142753845204843
0 0.00150538317302942 -0.999998866910109
0 0.00135165974200801 -0.999999086507554
-0 -0.00142892821531625 0.999998979081557
0 0.00139882714759914 -0.999999021640827
0 -0.999998941043556 -0.00145530469879779
0 0.0013558904997858 -0.999999080780054
0 0.00138773535028601 -0.999999037094835
0 0.00134529916973168 -0.999999095084662
0 -0.999998925616677 -0.00146586680564983
0 0.00137772609649096 -0.999999050934951
0 0.00143516317426079 -0.999998970152801
0 0.00145299912799804 -0.99999894439621
0 0.00138249224711005 -0.999999044357137
0 -0.999998946788342 -0.00145135185473574
0 0.00143344570257745 -0.999998972616181
-0 -0.00144611468983391 0.999998954375605
0 0.0013415160278773 -0.999999100166969
0 0.00146997462782575 -0.999998919586713
0 0.00132656506747051 -0.999999120112174
0 0.00133846152815914 -0.999999104259968
0 0.00140069095320135 -0.999999019031946
-0 -0.00134587845131773 0.999999094305187
-0 -0.00143465118073786 0.999998970887465
0 0.00143891697848884 -0.999998964758429
0 0.00152390946457162 -0.999998838849298
0 0.00151007318641888 -0.999998859838836
0 0.00138401076565786 -0.999999042256642
0 0.00148166037218994 -0.999998902340668
-0 -0.00144408103488661 0.999998957314439
0 0.00149085343672624 -0.999998888677398
0 0.00139058216504037 -0.999999033140154
0 0.00145408167174185 -0.999998942822687
0 0.00143889648943507 -0.999998964787911
0 0.00133398792815368 -0.999999110237708
-0 -0.00141140544862089 0.999999003966834
0 0.00144672028105122 -0.999998953499667
-0 -0.00143074510551324 0.999998976483698
0 0.00136076503300881 -0.999999074158834
0 0.00144908141157611 -0.99999895008098
0 0.00132629591571614 -0.999999120469185
0 0.00143767063865791 -0.999998966551033
0 0.00135480504534554 -0.999999082251223
0 0.00136164280288057 -0.999999072964009
0 0.00141124456297338 -0.999999004193896
0 0.00142073876331232 -0.999998990750174
0 0.00156045899018767 -0.999998782483129
0 0.00138737551122228 -0.999999037594132
0 0.00143616958262623 -0.999998968707933
0 0.00153390718867681 -0.999998823563676
0 0.00145061168770703 -0.999998947862312
0 0.0013819421857662 -0.999999045117442
0 0.00144155028754352 -0.999998960965844
0 0.00133375963811274 -0.999999110542218
0 0.00134290579147626 -0.999999098301611
-0 -0.00141549275017421 0.999998998189635
0 0.00143695375460118 -0.999998967581421
0 0.00148773165049299 -0.999998893326656
0 0.00143841662648205 -0.999998965478269
0 0.00135848283132752 -0.999999077261773
0 0.0014061710770966 -0.999999011340962
0 0.00142346275992451 -0.999998986876372
0 0.00135115647950047 -0.999999087187667
0 0.00143359785708824 -0.999998972398064
0 0.00133192516871957 -0.999999112987279
0 0.00149297475191403 -0.999998885512574
0 0.00143903106526548 -0.999998964594261
0 0.00136893108665689 -0.999999063013401
0 0.00142478232492013 -0.999998984997148
0 0.00129333045089553 -0.999999163647823
-0 -0.00142923543472071 0.999998978642515
0 0.00132200663824713 -0.999999126148842
0 0.00134754318737941 -0.999999092063267
0 0.00141734479783231 -0.999998995566358
0 0.00136132685229314 -0.999999073394171
0 0.00144249825551286 -0.99999895959885
0 0.001414726273221 -0.999998999274285
0 0.00151883318633869 -0.999998846572211
0 0.00133453205240137 -0.999999109511704
0 0.00152302005360203 -0.999998840204286
0 0.00132738428065886 -0.999999119025098
0 0.00140195487183283 -0.999999017260786
0 0.00133000583269267 -0.999999115541851
0 0.00132232549924358 -0.999999125727255
0 0.00139810153233483 -0.999999022655575
0 0.00132633677742281 -0.99999912041499
0 0.00129256676766207 -0.999999164635227
0 0.00129467050541755 -0.99999916191379
0 0.00129963852088327 -0.999999155469501
0 0.00134914645625284 -0.999999089901506
0 0.00130686242847232 -0.999999146054932
0 0.00130898944913439 -0.999999143272944
0 0.00134873097073182 -0.999999090461971
-0.999999663631447 0 0.000820205457256812
-0.999999670956087 0 0.000811226058732254
-0.999999609778384 0 0.000883426895907576
-0.99999965633294 0 0.000829056091539382
0.00100186464663112 -0 0.999999498133489
0.00101300930656769 -0 0.999999486905941
-0.999999573031298 0 0.000924087236951521
-0.999999629885581 0 0.00086036544615849
0.000999225630405088 -0 0.999999500773945
0.000960569437127759 -0 0.999999538653072
0.000982837978295711 -0 0.999999517014638
-0.999999571659441 0 0.000925570599698047
0.000985128913179137 -0 0.999999514760395
-0.999999584695557 0 0.000911377372114713
0.00100701718343447 -0 0.999999492958068
0.00102090900898815 -0 0.999999478872262
0.000968360931885235 -0 0.999999531138443
-0.999999570374847 0 0.000926957454220801
-0.99999968662019 0 0.000791681452603967
-0.999999652521387 0 0.000833640873045432
0.00100612765488812 -0 0.999999493853443
-0.999999608968939 0 0.000884342676291052
0.00102559897264416 -0 0.999999474073235
-0.999999614044472 0 0.000878584604502134
-0.999999563097511 0 0.000934775260050868
0.000980187203984232 -0 0.999999519616407
0.000992633735886255 0 0.999999507339012
-0.999999631492398 0 0.000858495817492741
-0.999999666160879 0 0.00081711573859318
-0.999999551842459 0 0.000946739077161109
0.0009802428504544 -0 0.999999519561862
-0.999999588858183 0 0.000906798470234792
-0.9999995820568 0 0.0009142681367717
-0.999999546789659 0 0.000952061173246246
-0.999999635472875 0 0.000853846658649561
-0.9999996954449 0 0.0007804550645186
-0.999999693881022 0 0.000782456300871727
0.000918579308317156 -0.667118145115009 0.74495136530539
-0.999909391244121 0.0083022140026849 0.0105963458071745
-0.999968302489665 -0.0044621837488065 -0.00659415894033522
0.999967924392294 -0.00305960810214987 -0.0074019581753467
0.00096332914879658 -0.677305600668784 0.7357011589631
-0.999974003548533 0.00363300415080648 0.0062284434619424
0.999965876011899 0.00561850611535726 0.00605633559065124
-0.999910526295751 -0.00924544578868822 -0.00966752993911321
0.999938666412217 0.0067966736298192 0.00874463500248146
-0.999926105025584 0.00599158871498486 0.0105775872974165
-0.999984014503238 0.0021246688055156 0.00523989698897195
0.999983681796031 0.0035389823025029 0.00448461212559535
0.999914228317398 -0.00599992403757464 -0.0116420324671167
-0.999896806680167 -0.0081995807149268 -0.0117958834728145
-0.999974122209449 -0.00471808737355838 -0.00543088970409172
0.999960295433245 -0.00430723697415624 -0.00780097857365941
0.999934569093441 0.00825735827206557 0.00791666383533995
0.999919199214455 -0.00708203636161375 -0.0105565052596294
-0.999918388593377 -0.00852508186248031 -0.00951520530844043
0.000883225977112336 -0.664287925107657 0.747476268832688
0.99995328214914 -0.00601281130118592 -0.00756833002835796
-0.999986654948042 0.00260921783879197 0.00445891333124435
0.999961113444788 0.00615237928460586 0.0063182139405694
0.99994286083331 0.00848502601289185 0.00650226130335553
0.999990945341214 -0.00174513762696064 -0.00388120216533046
-0.999971459194299 -0.00486242256874252 -0.00578252916879753
0.999964946021761 -0.0038386124963295 -0.00744122179483401
0.000862226001870001 -0.702418141131256 0.711764013965326
0.000755304179436114 -0.74100737701073 0.671496460698993
0.999998906377665 0.00147798276442492 5.30134227645747e-05
0.000849919243629981 -0.621817502462315 0.783161714634218
0.999920393548325 -0.00860383546790441 -0.00922933266295242
0.000812931829259741 -0.621071998690206 0.783753093508915
0.999922507250466 0.00944497151097938 0.00810999427248021
0.000759773483233503 -0.68458400048969 0.728933583406462
-0.999994458411579 -0.00260044084332776 -0.002078666291956
-0.999982447741198 0.00295133222355663 0.00513749429469238
0.999980716632086 0.00450262323912495 0.00427700221499808
0.000876153526954301 -0.683174211056043 0.730254907346024
0.000841005187713052 -0.622472543402305 0.7826411856148
-0.999991712432778 0.00204741963505249 0.0035189683996742
0.000885232885238992 -0.624845508091383 0.780747915386753
0.00091628691301482 -0.626566163425096 0.779367694524894
0.000820777917465053 -0.621808247881681 0.783169093612564
-0.999943232070268 0.00475539181912754 0.00953513951198714
0.999942859010871 0.00623194411455202 0.0086857115838828
-0.999954235255176 -0.00472580737112127 -0.00831830150499879
0.999954042517013 -0.00332830020324574 -0.00899084376691805
-0.999999802904449 -0.000568595576509476 0.000266252011098506
0.999999614766529 0.000794926655862175 -0.000372234341167325
0.000798188536113834 -0.622472565246371 0.782641213079571
0.999932843941978 0.00862513015665312 0.00774046096105287
0.000902120013016167 -0.745319695617109 0.666706635263743
0.000846281330796989 -0.66359873072424 0.748088235697559
-0.999919824590744 0.00808174167135771 0.00974832508553005
0.0007910958424078 -0.742091807781022 0.670297786802003
0.999931359015964 0.00969531536436402 0.00657861052751634
0.000869209019430077 -0.658544307085581 0.752541454061404
0.999999554840211 0.000585290934218125 -0.000740103981228884
0.000950140841582641 -0.71099984826126 0.703191519434675
0.999998999622424 0.000115257822951299 -0.00140977650176136
0.999930869363056 -0.00678892459299985 -0.00960036445734566
0.000780874355484771 -0.629066414083595 0.777351167045659
0.000976167028676318 -0.745380361971385 0.666638705060949
0.000942676273928294 -0.682198744493412 0.73116618109227
0.000803276570027244 -0.61998405815562 0.784613995783685
0.000832741744408119 -0.661817932122782 0.749664145642508
0.000992885394647944 -0.7093894982418 0.704815971699592
0.000863797004286449 -0.714433187310652 0.69970313328145
0.000789498771490858 -0.744831437503301 0.667252205989951
0.000848610666520779 -0.698994971290899 0.715126079771932
0.999999193725966 0.00126463389598912 -0.000115102250966096
0.999970957273353 -0.00497992959329697 -0.00576930767592254
0.999951560083116 -0.00367343045297468 -0.00913145092797803
-0.99995190586701 -0.00511549283694283 -0.00836765713741287
0.000899506982130134 -0.714061573571042 0.700082323756596
0.000765544495558813 -0.660853024136093 0.750514952836921
0.000877791439032535 -0.655033095964171 0.755599677523609
0.999975609891798 0.00582382495719494 0.00385521522034031
0.000749167129884915 -0.70916207694852 0.705045095980869
0.999958482838516 -0.00647930108258186 -0.0064071254689999
0.000807242539333749 -0.663012227463143 0.748608131530672
0.000782719858677633 -0.733931445365803 0.67922310094172
-0.9999998574125 -0.000484410407967258 0.000224769964551763
0.999999529967586 0.000879501911083199 -0.000408094345778284
0.000859180236880004 -0.745015167522287 0.667046971337895
-0.999896557324743 0.00847580176655132 0.011620474798475
0.999903924431914 0.00951546909582594 0.0100795710992371
-0.999893499349606 0.00581236291211841 0.0133867993104392
0.999893153052584 0.00721830228998627 0.0127113567573072
0.000804884298451768 -0.620905326730048 0.78388514936789
0.999989669634581 0.00297335465036655 0.00343799160041321
-0.999989990846567 0.00155547040074113 0.0041950826589837
0.000827521367463512 -0.701071164141858 0.713090834338211
0.00076278903828783 -0.734459142979968 0.67865247766881
0.00099920554909923 -0.712847961482186 0.701317891828636
0.999999238634658 0.000278906340797776 -0.00120205713597335
0.000796564774112961 -0.706348189749426 0.707864111480636
0.99999333438325 -0.00062666998666986 -0.00359700900709796
-0.999993632783551 -0.0020018616336492 -0.00295413986753342
