0 -0.76573050022125244 0.002055843360722065 0.6431584358215332
1 -0.2580924928188324 -0.00096483319066464901 0.96611970663070679
2 -0.92118644714355469 0.0023218477144837379 0.38911473751068115
3 -0.67313611507415771 0.002156133996322751 0.73951548337936401
4 -0.25327804684638977 -3.2836655009305105e-05 0.96739357709884644
5 -0.24790526926517487 -0.00099296052940189838 0.96878373622894287
6 -0.81350523233413696 0.0025402337778359652 0.58155202865600586
7 -0.35139274597167969 -0.014571341685950756 -0.93611478805541992
8 -0.24698171019554138 -0.0080208461731672287 -0.96898698806762695
9 -0.81367284059524536 -0.015755651518702507 -0.58110958337783813
10 -0.87693274021148682 0.0022188699804246426 0.48060798645019531
11 -0.38958406448364258 -0.014544663950800896 -0.92087608575820923
12 -0.75471365451812744 -0.016574738547205925 -0.65584498643875122
13 -0.23814903199672699 -0.0082123233005404472 -0.97119390964508057
14 -0.26372045278549194 -0.011402771808207035 -0.96453177928924561
15 -0.82598417997360229 0.0015959995798766613 0.56369113922119141
16 -0.67742222547531128 -0.00049378693802282214 0.73559433221817017
17 -0.24337530136108398 -0.00015391454508062452 0.96993225812911987
18 -0.91824978590011597 0.0026909403968602419 0.39599260687828064
19 -0.66981106996536255 -0.016348376870155334 -0.74235165119171143
20 -0.95107626914978027 -0.015825748443603516 -0.30855059623718262
21 -0.67552286386489868 -0.00079634692519903183 0.7373386025428772
22 -0.86845874786376953 -0.016101505607366562 -0.49549996852874756
23 -0.7614862322807312 0.0017066168366000056 0.64817893505096436
24 -0.24521243572235107 0.00016934290761128068 0.96946942806243896
25 -0.87992179393768311 0.0019057858735322952 0.47511482238769531
26 -0.99440675973892212 -0.012629678472876549 -0.1048605665564537
27 -0.97695428133010864 -0.013352868147194386 -0.21303097903728485
28 -0.95006173849105835 -0.015989800915122032 -0.31165215373039246
29 -0.99429976940155029 -0.012555923312902451 -0.10587926954030991
30 -0.97710323333740234 -0.01332129817456007 -0.21234850585460663
31 -0.66353142261505127 -0.017757609486579895 -0.74793773889541626
32 -0.66515952348709106 0.0030344447586685419 0.74669522047042847
33 -0.75065886974334717 -0.015694564208388329 -0.6605035662651062
34 -0.19003982841968536 -0.0091632697731256485 -0.98173362016677856
35 -0.91266381740570068 -0.015692183747887611 -0.40840989351272583
36 -0.44862666726112366 0.00023453737958334386 0.89371925592422485
37 -0.95646792650222778 0.0012976820580661297 0.29183471202850342
38 -0.51724523305892944 0.0022075718734413385 0.85583436489105225
39 -0.52499711513519287 -0.01366579532623291 -0.8509942889213562
40 -0.91916924715042114 -0.017384683713316917 -0.39347898960113525
41 -0.95975261926651001 0.0023060482926666737 0.28083735704421997
42 -0.54015499353408813 0.0011149707715958357 0.84156489372253418
43 0.0040498347952961922 -0.99956655502319336 -0.02916090190410614
44 -0.97932076454162598 -0.016034167259931564 -0.20167744159698486
45 -0.60334736108779907 -0.013643732294440269 -0.79736179113388062
46 -0.380982905626297 0.0015325816348195076 0.92458081245422363
47 -0.62154006958007812 0.00095728662563487887 0.78338181972503662
48 -0.99362188577651978 -0.010391346178948879 -0.11228349804878235
49 -0.91680681705474854 -0.018387876451015472 -0.39890754222869873
50 -0.67569816112518311 0.002426711842417717 0.737174391746521
51 -0.77635371685028076 -0.0188294667750597 -0.63001614809036255
52 -0.7767224907875061 0.003293012036010623 0.62983441352844238
53 -0.99355977773666382 -0.010456901974976063 -0.11282603442668915
54 -0.58995318412780762 -0.0011388289276510477 0.80743664503097534
55 -0.58741217851638794 -0.0088366372510790825 -0.80923968553543091
56 -0.97875577211380005 -0.016031153500080109 -0.20440182089805603
57 -0.44273734092712402 0.00018774739874061197 0.89665132761001587
58 -0.30895504355430603 -0.0021268229465931654 0.95107430219650269
59 -0.30917531251907349 -0.0059786336496472359 -0.95098626613616943
60 -0.37554621696472168 0.0016022671479731798 0.92680227756500244
61 -0.52318161725997925 -0.011628856882452965 -0.8521418571472168
62 -0.51017367839813232 0.0023252819664776325 0.86006832122802734
63 -0.62084144353866577 0.00070854404475539923 0.78393590450286865
64 -0.4440714418888092 -0.012103316374123096 -0.89590960741043091
65 -0.28469836711883545 0.0014726232038810849 0.95861607789993286
66 -0.28443619608879089 -0.013744834810495377 -0.95859646797180176
67 -0.40473851561546326 -0.0015637169126421213 0.91443115472793579
68 -0.40330696105957031 -0.0075992117635905743 -0.91503322124481201
69 -0.99531328678131104 -0.0021430545020848513 0.096679292619228363
70 -0.81290358304977417 -0.017507977783679962 -0.58213514089584351
71 -0.35225528478622437 -0.012171479873359203 -0.93582487106323242
72 0.0039072511717677116 -0.99952632188796997 0.030526487156748772
73 -0.95013445615768433 -0.0086678266525268555 -0.31172007322311401
74 -0.69522184133529663 0.0011305793887004256 0.71879440546035767
75 -0.54216563701629639 0.0014751552371308208 0.84027034044265747
76 -0.44173786044120789 0.0011746359523385763 0.89714342355728149
77 -0.60464990139007568 -0.012941568158566952 -0.79638630151748657
78 -0.54366713762283325 0.00045797793427482247 0.83930081129074097
79 -0.52415627241134644 -0.014181055128574371 -0.85150402784347534
80 -0.68223923444747925 -0.014106603339314461 -0.73099297285079956
81 -0.91190832853317261 -0.012862030416727066 -0.41019245982170105
82 -0.76535332202911377 0.00086782453581690788 0.64360988140106201
83 -0.6341787576675415 -0.017529183998703957 -0.77298784255981445
84 -0.63426047563552856 0.0029600942507386208 0.77311384677886963
85 -0.98099851608276367 0.00093644141452386975 0.19401279091835022
86 -0.445524662733078 -0.014052398502826691 -0.89515936374664307
87 -0.5198248028755188 -0.01220368966460228 -0.85418570041656494
88 -0.67583179473876953 -0.012781959027051926 -0.73694503307342529
89 -0.69753485918045044 0.00044599839020520449 0.71655076742172241
90 -0.92258411645889282 0.0010253783548250794 0.38579455018043518
91 -0.74941354990005493 -0.014165876433253288 -0.66195064783096313
92 -0.74975210428237915 -0.0010264702141284943 0.66171795129776001
93 -0.74231177568435669 -0.008877868764102459 -0.66999590396881104
94 -0.74988877773284912 -0.013020682148635387 -0.66143578290939331
95 -0.76500743627548218 0.00059786043129861355 0.64402115345001221
96 -0.99380141496658325 -0.0065756067633628845 -0.11097554862499237
97 -0.86741805076599121 -0.0132387550547719 -0.49740394949913025
98 -0.95434516668319702 -0.0011514383368194103 0.29870405793190002
99 0.0021239214111119509 -0.99948912858963013 0.031891047954559326
100 -0.26541033387184143 -0.0098777897655963898 -0.96408498287200928
101 -0.91205668449401855 -0.011735743843019009 -0.40989631414413452
102 -0.87177270650863647 -0.0011359931668266654 0.48990920186042786
103 -0.86442255973815918 -0.0088054826483130455 -0.5026889443397522
104 -0.88518774509429932 -0.018730321899056435 -0.4648568332195282
105 -0.88548147678375244 0.0032198696862906218 0.46466350555419922
106 -0.91352927684783936 -0.0012085966300219297 0.40677139163017273
107 -0.91362082958221436 -0.0086766332387924194 -0.40647473931312561
108 -0.92228764295578003 0.0014217157149687409 0.3865017294883728
109 -0.61826586723327637 0.0017239877488464117 0.78596711158752441
110 -0.95005261898040771 -0.012897857464849949 -0.31182307004928589
111 -0.97625899314880371 -0.01082609873265028 -0.21633605659008026
112 -0.8104897141456604 -0.011968523263931274 -0.58563047647476196
113 -0.97813737392425537 -0.0013885220978409052 0.20795536041259766
114 -0.49995779991149902 -0.0014943178975954652 0.86604851484298706
115 -0.50018912553787231 -0.0077354516834020615 -0.86588168144226074
116 -0.4473457932472229 -0.00063808821141719818 0.89436084032058716
117 -0.97817063331604004 -0.0071391500532627106 -0.2076805979013443
118 -0.66910207271575928 -0.0011564710875973105 0.74316966533660889
119 -0.66931241750717163 -0.0088077504187822342 -0.74292892217636108
120 -0.59397441148757935 -0.011563972570002079 -0.80440080165863037
121 -0.60943013429641724 -0.015052624978125095 -0.79269695281982422
122 -0.34898984432220459 0.0016090790741145611 0.93712514638900757
123 -0.80899631977081299 -0.0010766239138320088 0.58781284093856812
124 -0.80915325880050659 -0.0088592423126101494 -0.58753085136413574
125 -0.69632214307785034 0.0015973589615896344 0.7177276611328125
126 -0.67327409982681274 -0.01691759005188942 -0.73919939994812012
127 -0.44199520349502563 0.0011707141529768705 0.89701670408248901
128 -0.86352401971817017 -0.011849207803606987 -0.50416857004165649
129 0.0032646944746375084 -0.99954259395599365 -0.030065922066569328
130 -0.68274301290512085 -0.015077611431479454 -0.73050302267074585
131 -0.8135870099067688 -0.014639874920248985 -0.58125895261764526
132 -0.44279375672340393 -0.014156176708638668 -0.89651179313659668
133 -0.87930220365524292 0.0009439914720132947 0.47626334428787231
134 -0.97637581825256348 -0.010767253115773201 -0.21581076085567474
135 -0.81004410982131958 -0.012976830825209618 -0.58622545003890991
136 -0.86718207597732544 -0.01447689812630415 -0.49778085947036743
137 -0.95945674180984497 -0.01843557320535183 -0.28125247359275818
138 -0.99519258737564087 -0.0012227927800267935 0.097929522395133972
139 -0.94986075162887573 -0.01321654487401247 -0.31239378452301025
140 -0.87901699542999268 0.00044584742863662541 0.47679030895233154
141 -0.99292129278182983 -0.008334403857588768 -0.11848152428865433
142 -0.82564622163772583 0.001133975456468761 0.56418704986572266
143 -0.54234898090362549 0.0002744044759310782 0.84015333652496338
144 -0.82762640714645386 0.00033699366031214595 0.56127935647964478
145 -0.74421077966690063 -0.011759157292544842 -0.66784137487411499
146 -0.94810664653778076 -0.010721227154135704 -0.3177717924118042
147 -0.35443413257598877 -0.012179546989500523 -0.93500173091888428
148 -0.083686850965023041 -0.0019776166882365942 0.99649018049240112
149 -0.084842242300510406 -0.0062876935116946697 -0.99637454748153687
150 0.0025077504105865955 -0.99954921007156372 0.029919452965259552
151 -0.69728416204452515 5.6999979278771207e-05 0.71679484844207764
152 -0.98201882839202881 -0.00066648400388658047 0.18878205120563507
153 -0.67642414569854736 -0.011763954535126686 -0.73641836643218994
154 -0.99636209011077881 -0.0021269163116812706 0.08519446849822998
155 -0.95625722408294678 0.0013338800054043531 0.29252421855926514
156 -0.82732576131820679 -6.1654900491703302e-05 0.5617225170135498
157 -0.082088589668273926 -0.0018514667171984911 0.99662333726882935
158 -0.81131422519683838 -0.018609948456287384 -0.58431416749954224
159 -0.8128545880317688 0.0031374876853078604 0.5824582576751709
160 -0.92387282848358154 0.00019418309966567904 0.38269969820976257
161 -0.98187577724456787 -0.00071402976755052805 0.18952423334121704
162 -0.95714420080184937 0.00034217082429677248 0.28961169719696045
163 -0.082395203411579132 -0.0058473162353038788 -0.99658256769180298
164 -0.084855027496814728 -0.0021433883812278509 0.99639099836349487
165 -0.99585896730422974 -0.0015996369766071439 0.09089738130569458
166 -0.61352503299713135 -0.00010280274000251666 0.78967535495758057
167 -0.082537136971950531 -0.0015846058959141374 0.99658674001693726
168 -0.08200845867395401 -0.006881993729621172 -0.99660789966583252
169 -0.9569249153137207 0.00031126796966418624 0.29033541679382324
170 -0.76334822177886963 -0.00023027557472232729 0.64598727226257324
171 -0.9808574914932251 0.00020885748381260782 0.19472695887088776
172 0.0031685801222920418 -0.99952030181884766 0.030810179188847542
173 0.0035717401187866926 -0.99953049421310425 -0.030431991443037987
174 -0.99541079998016357 -0.0018791269976645708 0.095675952732563019
175 -0.98100996017456055 0.00024174877034965903 0.19395750761032104
176 -0.08295392245054245 -0.0018089554505422711 0.99655181169509888
177 -0.092307150363922119 -0.0022325003519654274 0.99572807550430298
178 -0.082535974681377411 -0.0055311317555606365 -0.99657273292541504
179 -0.92358297109603882 -7.9852077760733664e-05 0.38339877128601074
180 -0.95846426486968994 -0.00052157032769173384 0.28521227836608887
181 -0.99516451358795166 -0.0012286205310374498 0.098214924335479736
182 -0.083673529326915741 -0.006117749959230423 -0.99647444486618042
183 -0.084343336522579193 -0.0019734520465135574 0.99643480777740479
184 -0.99579215049743652 -0.0016616785433143377 0.09162595123052597
185 -0.88144630193710327 -0.00026224489556625485 0.47228425741195679
186 -0.50801283121109009 -0.00067363749258220196 0.86134922504425049
187 -0.44130316376686096 -0.012295073829591274 -0.89727389812469482
188 -0.082308366894721985 -0.0015373200876638293 0.99660575389862061
189 -0.98050981760025024 0.00096080044750124216 0.19646807014942169
190 -0.91366446018218994 -0.014651580713689327 -0.40620514750480652
191 -0.99526244401931763 -0.014565091580152512 -0.096127808094024658
192 -0.088964745402336121 -0.002087246160954237 0.99603259563446045
193 -0.5366864800453186 0.0022361679002642632 0.84377878904342651
194 -0.082460500299930573 -0.0057148919440805912 -0.99657797813415527
195 -0.44702762365341187 -0.00069371057907119393 0.89451992511749268
196 -0.51130086183547974 -0.0095861181616783142 -0.8593483567237854
197 -0.50872772932052612 -0.0099895503371953964 -0.86086958646774292
198 -0.38116976618766785 0.00052136922022327781 0.92450493574142456
199 -0.86599874496459961 -0.017325000837445259 -0.49974596500396729
200 -0.085159033536911011 -0.0022171682212501764 0.99636495113372803
201 -0.078311152756214142 -0.0054458095692098141 -0.99691414833068848
202 -0.40120768547058105 -0.0076681589707732201 -0.91595500707626343
203 -0.076483979821205139 -0.002339281840249896 0.99706810712814331
204 -0.073971472680568695 -0.0053000068292021751 -0.99724632501602173
205 -0.27338173985481262 -0.0012317629298195243 0.96190488338470459
206 -0.51721644401550293 -0.01631397008895874 -0.85569912195205688
207 -0.61188840866088867 -0.00024450608179904521 0.79094409942626953
208 -0.38697123527526855 -0.00050242280121892691 0.92209166288375854
209 -0.58607721328735352 -0.0094552105292677879 -0.81020009517669678
210 -0.47032049298286438 0.0020479999948292971 0.88249331712722778
211 -0.37194401025772095 -0.010318300686776638 -0.92819786071777344
212 -0.51127582788467407 -0.016614591702818871 -0.8592560887336731
213 -0.24894344806671143 -0.00086914445273578167 0.96851760149002075
214 -0.076887562870979309 -0.0015258684288710356 0.99703860282897949
215 -0.076534949243068695 -0.0069066118448972702 -0.99704301357269287
216 -0.54238080978393555 -0.016437534242868423 -0.83997195959091187
217 -0.54167479276657104 0.0021659922786056995 0.84058535099029541
218 -0.41791513562202454 -0.0099112186580896378 -0.90843206644058228
219 -0.24159665405750275 -0.0014282073825597763 0.970375657081604
220 -0.19170419871807098 -0.0089669255539774895 -0.98141181468963623
221 -0.7497820258140564 -0.00099525181576609612 0.66168415546417236
222 -0.54595375061035156 -0.015878254547715187 -0.83766484260559082
223 -0.59647798538208008 -0.010787845589220524 -0.80255693197250366
224 -0.073121890425682068 -0.0066541694104671478 -0.99730080366134644
225 -0.096741877496242523 -0.0077884504571557045 -0.99527901411056519
226 -0.097008496522903442 -0.00069886504206806421 0.99528336524963379
227 -0.074168749153614044 -0.0064430241473019123 -0.99722492694854736
228 -0.064913101494312286 -0.0068743517622351646 -0.99786728620529175
229 -0.10441416501998901 -0.0029796524904668331 0.99452942609786987
230 -0.10470910370349884 -0.004913675133138895 -0.99449080228805542
231 -0.87232291698455811 -0.00092996086459606886 0.48892936110496521
232 -0.064737290143966675 -0.0016857153968885541 0.99790090322494507
233 -0.9953952431678772 -0.0021574904676526785 0.095831930637359619
234 -0.74211055040359497 -0.0096963364630937576 -0.67020750045776367
235 -0.34418773651123047 -0.014616764150559902 -0.93878710269927979
236 -0.82062077522277832 -0.00088879355462267995 0.57147252559661865
237 -0.95401060581207275 -0.0010936156613752246 0.29977086186408997
238 -0.94960975646972656 -0.0090249041095376015 -0.31330496072769165
239 -0.34294041991233826 0.0017439686926081777 0.93935555219650269
240 -0.99392950534820557 -0.0065478379838168621 -0.10982432216405869
241 -0.066987320780754089 -0.0024919046554714441 0.99775075912475586
242 -0.067572355270385742 -0.0052080512978136539 -0.99770081043243408
243 -0.80699867010116577 -0.0098007898777723312 -0.59047198295593262
244 -0.86573094129562378 -0.0095206908881664276 -0.50041913986206055
245 -0.42623624205589294 -0.0098409363999962807 -0.90455842018127441
246 -0.37831714749336243 0.00049875647528097034 0.92567592859268188
247 -0.74401408433914185 -0.010779306292533875 -0.66807711124420166
248 -0.80701154470443726 -0.010731875896453857 -0.59043824672698975
249 -0.66975301504135132 -0.010682360269129276 -0.74250710010528564
250 -0.98165011405944824 -0.001255383831448853 0.19068698585033417
251 0.0029709287919104099 -0.99942278861999512 -0.033842649310827255
252 -0.22835785150527954 -0.011244725435972214 -0.97351235151290894
253 -0.92215728759765625 -0.00091732590226456523 0.3868141770362854
254 -0.97610360383987427 -0.0088325804099440575 -0.21712614595890045
255 -0.25871095061302185 -0.011472058482468128 -0.96588665246963501
256 -0.91096925735473633 -0.0095564713701605797 -0.4123636782169342
257 -0.67043560743331909 -0.009790235199034214 -0.74190312623977661
258 -0.23183524608612061 -0.0085921194404363632 -0.97271710634231567
259 -0.39634591341018677 -0.01444376353174448 -0.9179876446723938
260 -0.070415452122688293 -0.0016132044838741422 0.9975164532661438
261 -0.071191459894180298 -0.0068719177506864071 -0.99743902683258057
262 -0.86439234018325806 -0.010774722322821617 -0.50270241498947144
263 -0.23297460377216339 -0.00067790108732879162 0.97248262166976929
264 -0.26467061042785645 -0.0097264237701892853 -0.96428984403610229
265 -0.22050616145133972 0.00027213292196393013 0.97538554668426514
266 -0.91082501411437988 -0.010350308381021023 -0.4126630425453186
267 -0.351103276014328 -0.0081122498959302902 -0.93630164861679077
268 -0.94832342863082886 -0.010487968102097511 -0.31713205575942993
269 -0.97604578733444214 -0.0088927261531352997 -0.21738350391387939
270 -0.27590364217758179 -0.0012343596899881959 0.96118450164794922
271 -0.21812039613723755 -0.0065528950653970242 -0.97589993476867676
272 -0.99297934770584106 -0.008263743482530117 -0.11799871176481247
273 -0.46989503502845764 -0.016434492543339729 -0.88256937265396118
274 0.0020563560537993908 -0.99939262866973877 0.034788914024829865
275 -0.36552903056144714 -0.010517362505197525 -0.93074053525924683
276 -0.21253697574138641 -0.0023115917574614286 0.9771503210067749
277 -0.21188682317733765 -0.006003259215503931 -0.97727584838867188
278 -0.58905190229415894 -0.0010860356269404292 0.80809450149536133
279 -0.99629664421081543 -0.0021041082218289375 0.085957005620002747
280 -0.51042896509170532 -0.00068875553552061319 0.85991966724395752
281 -0.98167908191680908 -0.0012434220407158136 0.1905379593372345
282 -0.40157288312911987 -0.0016209266614168882 0.91582566499710083
283 -0.95843768119812012 -0.00059183599660173059 0.28530147671699524
284 -0.38272747397422791 -0.00051404733676463366 0.92386114597320557
285 -0.82146865129470825 -0.00055642437655478716 0.57025349140167236
286 -0.76500129699707031 -0.00028186055715195835 0.64402878284454346
287 -0.62075817584991455 0.0018081885064020753 0.78400003910064697
288 -0.92227834463119507 -0.00067596655571833253 0.38652580976486206
289 -0.88076162338256836 -0.000622320338152349 0.47355955839157104
290 -0.19127456843852997 0.00046159583143889904 0.98153644800186157
291 -0.19344048202037811 -0.010911543853580952 -0.98105132579803467
292 -0.22060373425483704 -0.011259078048169613 -0.97529858350753784
293 -0.057255595922470093 -0.0062514077872037888 -0.99834001064300537
294 -0.22351215779781342 -0.0018653549486771226 0.97469937801361084
295 -0.61166548728942871 -0.01542210765182972 -0.7909662127494812
296 -0.22183570265769958 -0.0022354086395353079 0.97508150339126587
297 -0.22118748724460602 -0.0062336474657058716 -0.97521138191223145
298 -0.23886750638484955 -0.0077467169612646103 -0.97102129459381104
299 -0.21157512068748474 0.00041155665530823171 0.97736167907714844
300 -0.21434585750102997 -0.0068669239990413189 -0.97673368453979492
301 -0.22296291589736938 -0.0019980748184025288 0.97482496500015259
302 -0.070944368839263916 -0.0023151757195591927 0.99747759103775024
303 -0.069953881204128265 -0.0052487035281956196 -0.99753648042678833
304 -0.34764698147773743 -0.0083726663142442703 -0.9375881552696228
305 -0.35680985450744629 -0.0012077096616849303 0.93417632579803467
306 -0.066731460392475128 -0.0015836398815736175 0.99776977300643921
307 -0.067200690507888794 -0.0068599036894738674 -0.99771589040756226
308 -0.19563134014606476 0.00045795243931934237 0.98067742586135864
309 -0.19736497104167938 -0.010881225578486919 -0.98026973009109497
310 -0.35197886824607849 -0.0011363159865140915 0.93600726127624512
311 -0.7657427191734314 0.0030247007962316275 -0.64313995838165283
312 -0.25809168815612793 -0.00011731864651665092 -0.96612048149108887
313 -0.92117565870285034 0.0030945185571908951 -0.38913488388061523
314 -0.67312020063400269 0.0030662694480270147 -0.73952680826187134
315 -0.25327828526496887 0.00067232630681246519 -0.96739327907562256
316 -0.24789300560951233 -0.0003068626974709332 -0.96878737211227417
317 -0.81348800659179688 0.0033610551618039608 -0.58157193660736084
318 -0.35133522748947144 -0.016916856169700623 0.9360969066619873
319 -0.81367546319961548 -0.017715862020850182 0.58104938268661499
320 -0.24703548848628998 -0.008475293405354023 0.96896940469741821
321 -0.87694060802459717 0.0029776468873023987 -0.48058953881263733
322 -0.3896108865737915 -0.01670546643435955 0.92082804441452026
323 -0.75471758842468262 -0.018776576966047287 0.655781090259552
324 -0.23815259337425232 -0.0087357386946678162 0.97118848562240601
325 -0.26366761326789856 -0.013108448125422001 0.96452456712722778
326 -0.82599753141403198 0.0026093514170497656 -0.56366771459579468
327 -0.68115103244781494 0.00034508403041400015 -0.7321428656578064
328 -0.24336272478103638 0.00055805506417527795 -0.96993523836135864
329 -0.91826003789901733 0.0037138927727937698 -0.39596065878868103
330 -0.6697392463684082 -0.018835090100765228 0.74235749244689941
331 -0.95103371143341064 -0.017510375007987022 0.30859082937240601
332 -0.68043768405914307 -8.438110671704635e-05 -0.73280596733093262
333 -0.86840349435806274 -0.018023228272795677 0.49553051590919495
334 -0.76146948337554932 0.0025454324204474688 -0.64819580316543579
335 -0.24522420763969421 0.0008443244150839746 -0.96946603059768677
336 -0.87990927696228027 0.0027036187238991261 -0.47513404488563538
337 -0.99439406394958496 -0.013406199403107166 0.10488437861204147
338 -0.97694540023803711 -0.014622660353779793 0.21298825740814209
339 -0.95004957914352417 -0.017936047166585922 0.31158319115638733
340 -0.99429172277450562 -0.013414010405540466 0.10584963858127594
341 -0.97708284854888916 -0.014331728219985962 0.21237634122371674
342 -0.66353565454483032 -0.020650211721658707 0.74785959720611572
343 -0.66516762971878052 0.0036604218184947968 -0.74668514728546143
344 -0.75059890747070312 -0.017735045403242111 0.66052007675170898
345 -0.19005782902240753 -0.010593598708510399 0.98171573877334595
346 -0.91265809535980225 -0.017341254279017448 0.40835589170455933
347 -0.44864743947982788 0.00095629761926829815 -0.89370834827423096
348 -0.95647382736206055 0.0022174555342644453 -0.29180976748466492
349 -0.51723825931549072 0.0027153235860168934 -0.85583710670471191
350 -0.52493894100189209 -0.015472655184566975 0.85099923610687256
351 -0.91910886764526367 -0.019531501457095146 0.39351931214332581
352 -0.95974051952362061 0.003433954669162631 -0.28086727857589722
353 -0.54013842344284058 0.0018165466608479619 -0.84157431125640869
354 0.0055331215262413025 -0.99955958127975464 0.029156876727938652
355 -0.97928500175476074 -0.01761297695338726 0.20171937346458435
356 -0.60336631536483765 -0.015356716699898243 0.79731637239456177
357 -0.38097256422042847 0.0021619910839945078 -0.92458385229110718
358 -0.40516942739486694 -0.0077710268087685108 0.91420865058898926
359 -0.6215585470199585 0.0018227541586384177 -0.78336560726165771
360 -0.9936145544052124 -0.010917234234511852 0.11229837685823441
361 -0.91679131984710693 -0.020804207772016525 0.39882448315620422
362 -0.67568778991699219 0.0032997990492731333 -0.73718053102493286
363 -0.7762753963470459 -0.021685071289539337 0.6300208568572998
364 -0.7767101526260376 0.0041198637336492538 -0.62984466552734375
365 -0.99355596303939819 -0.010974885895848274 0.11281000822782516
366 -0.58985084295272827 -0.00048455497017130256 -0.80751204490661621
367 -0.97873449325561523 -0.018047265708446503 0.20433583855628967
368 -0.44271844625473022 0.0008023359696380794 -0.89666038751602173
369 -0.30897539854049683 -0.0014321291819214821 -0.95106899738311768
370 -0.30918791890144348 -0.0063696205615997314 0.95097965002059937
371 -0.37555357813835144 0.0022038414608687162 -0.92679810523986816
372 -0.52311486005783081 -0.012661394663155079 0.85216814279556274
373 -0.51018232107162476 0.0028914606664329767 -0.86006146669387817
374 -0.62082451581954956 0.0014394217869266868 -0.78394830226898193
375 -0.44402351975440979 -0.013362335041165352 0.8959154486656189
376 -0.28467836976051331 0.0021416076924651861 -0.95862072706222534
377 -0.28434312343597412 -0.016411133110523224 0.95858210325241089
378 -0.40470796823501587 -0.00078652740921825171 -0.91444569826126099
379 -0.99390685558319092 -0.0069674546830356121 0.11000298708677292
380 -0.81282168626785278 -0.019693102687597275 0.58217966556549072
381 -0.35227957367897034 -0.01344714779406786 0.93579822778701782
382 0.0053425482474267483 -0.99951958656311035 -0.030530450865626335
383 -0.95436418056488037 -0.00044251169310882688 -0.29864513874053955
384 -0.6952022910118103 0.0020336022134870291 -0.71881139278411865
385 -0.54218423366546631 0.0023045404814183712 -0.84025651216506958
386 -0.44171780347824097 0.0018093799008056521 -0.89715224504470825
387 -0.60459166765213013 -0.014692655764520168 0.79640007019042969
388 -0.54368573427200317 0.0013109887950122356 -0.83928793668746948
389 -0.52419346570968628 -0.016244338825345039 0.8514443039894104
390 -0.68218183517456055 -0.015975665301084518 0.73100811243057251
391 -0.91190868616104126 -0.014016899280250072 0.41015371680259705
392 -0.76537108421325684 0.001891244319267571 -0.64358645677566528
393 -0.63408416509628296 -0.020496537908911705 0.77299237251281738
394 -0.63424903154373169 0.0035233467351645231 -0.77312088012695312
395 -0.98099422454833984 0.0015801448607817292 -0.19403068721294403
396 -0.44545751810073853 -0.016165552660822868 0.89515715837478638
397 -0.58865797519683838 -0.0095119904726743698 0.80832624435424805
398 -0.51981288194656372 -0.013170844875276089 0.85417860746383667
399 -0.67585277557373047 -0.014507347717881203 0.73689383268356323
400 -0.69755423069000244 0.0014016851782798767 -0.71653068065643311
401 -0.87177872657775879 -3.7197693018242717e-05 -0.4898999035358429
402 -0.92257547378540039 0.0017215106636285782 -0.38581287860870361
403 -0.74942612648010254 -0.015808586031198502 0.66189926862716675
404 -0.74245637655258179 -0.0097573976963758469 0.66982346773147583
405 -0.50019234418869019 -0.0079235481098294258 0.86587810516357422
406 -0.74984079599380493 -0.014640470035374165 0.66145634651184082
407 -0.7649911642074585 0.0014287182129919529 -0.64403921365737915
408 -0.99534064531326294 -0.0023505967110395432 -0.096392445266246796
409 -0.86738675832748413 -0.014418249949812889 0.49742579460144043
410 -0.95017635822296143 -0.0091062458232045174 0.31157997250556946
411 0.0032063056714832783 -0.99948644638061523 -0.031884875148534775
412 -0.26542177796363831 -0.010702095925807953 0.96407300233840942
413 -0.91203045845031738 -0.012831816449761391 0.40992173552513123
414 -0.86438494920730591 -0.0096810916438698769 0.50273746252059937
415 -0.88510996103286743 -0.021256465464830399 0.46489620208740234
416 -0.88547110557556152 0.0038737221620976925 -0.46467822790145874
417 -0.74967235326766968 -0.0001863885554485023 -0.66180914640426636
418 -0.91354060173034668 -0.00037248092121444643 -0.40674746036529541
419 -0.91362404823303223 -0.0094182761386036873 0.40645092725753784
420 -0.92229682207107544 0.0023544519208371639 -0.38647523522377014
421 -0.61824792623519897 0.0024592166300863028 -0.78597939014434814
422 -0.95003068447113037 -0.013894074596464634 0.31184720993041992
423 -0.97625678777694702 -0.011291064321994781 0.2163221687078476
424 -0.81045818328857422 -0.013105827383697033 0.58564984798431396
425 -0.97816920280456543 -0.0079240268096327782 0.20765902101993561
426 -0.49997988343238831 -0.00071634701453149319 -0.86603677272796631
427 -0.44736340641975403 0.00013432299601845443 -0.89435231685638428
428 -0.97813874483108521 -0.0012153846910223365 -0.2079499363899231
429 -0.6691213846206665 -0.00037620498915202916 -0.74315303564071655
430 -0.66932415962219238 -0.0094925733283162117 0.74290990829467773
431 -0.80901813507080078 6.0235353885218501e-05 -0.58778369426727295
432 -0.59400147199630737 -0.012349225580692291 0.80436927080154419
433 -0.60935854911804199 -0.017197130247950554 0.79270833730697632
434 -0.3489806056022644 0.0022444091737270355 -0.93712729215621948
435 -0.80916404724121094 -0.0098068071529269218 0.58750098943710327
436 -0.69634079933166504 0.0025400011800229549 -0.71770679950714111
437 -0.67321670055389404 -0.019623430445790291 0.73918479681015015
438 -0.4420161247253418 0.0018757935613393784 -0.89700514078140259
439 -0.86352866888046265 -0.012795526534318924 0.50413745641708374
440 0.0046440735459327698 -0.99953097105026245 0.030269216746091843
441 -0.68276441097259521 -0.017173977568745613 0.73043674230575562
442 -0.81353950500488281 -0.016297420486807823 0.58128130435943604
443 -0.4428304135799408 -0.016285696998238564 0.8964574933052063
444 -0.87931239604949951 0.00175890838727355 -0.47624215483665466
445 -0.97636961936950684 -0.011147459037601948 0.21582002937793732
446 -0.81005245447158813 -0.01437745988368988 0.58618110418319702
447 -0.86718332767486572 -0.015878457576036453 0.4977358877658844
448 -0.95939493179321289 -0.020746633410453796 0.28130236268043518
449 -0.99519187211990356 -0.0013987672282382846 -0.097934484481811523
450 -0.9498562216758728 -0.014427627436816692 0.31235399842262268
451 -0.87900406122207642 0.0013225841103121638 -0.47681254148483276
452 -0.99294215440750122 -0.0087351258844137192 0.11827781051397324
453 -0.8256334662437439 0.0018632409628480673 -0.56420379877090454
454 -0.54233634471893311 0.0008249959209933877 -0.84016114473342896
455 -0.82764166593551636 0.0013003548374399543 -0.56125539541244507
456 -0.74422454833984375 -0.013029389083385468 0.66780251264572144
457 -0.94810777902603149 -0.011422380805015564 0.31774389743804932
458 -0.35439860820770264 -0.013437548652291298 0.93499791622161865
459 -0.083686783909797668 -0.0023517075460404158 -0.99648940563201904
460 -0.08484186977148056 -0.0069482126273214817 0.99637019634246826
461 0.0038139424286782742 -0.99954450130462646 -0.029937369748950005
462 -0.6972658634185791 0.00086472881957888603 -0.71681207418441772
463 -0.98201978206634521 -0.0004961959202773869 -0.1887771338224411
464 -0.67637741565704346 -0.013319063931703568 0.73643481731414795
465 -0.9963763952255249 -0.0023090825416147709 -0.085022464394569397
466 -0.95624846220016479 0.0021985345520079136 -0.29254764318466187
467 -0.82731419801712036 0.00061831233324483037 -0.56173920631408691
468 -0.082088522613048553 -0.0022534639574587345 -0.99662250280380249
469 -0.81131964921951294 -0.021277554333209991 0.58421552181243896
470 -0.81286448240280151 0.0038645479362457991 -0.58244013786315918
471 -0.92388105392456055 0.00096652994398027658 -0.3826785683631897
472 -0.98187452554702759 -0.0004663197323679924 -0.18953146040439606
473 -0.95715022087097168 0.0011151357321068645 -0.28958982229232788
474 -0.082356616854667664 -0.0065979426726698875 0.99658113718032837
475 -0.084854960441589355 -0.0024688371922820807 -0.99639028310775757
476 -0.99585753679275513 -0.0019189829472452402 -0.090906769037246704
477 -0.61355119943618774 0.00067779194796457887 -0.78965467214584351
478 -0.082537062466144562 -0.0020759217441082001 -0.99658584594726562
479 -0.082007788121700287 -0.0079698069021105766 0.99659985303878784
480 -0.95691913366317749 0.00095001934096217155 -0.29035308957099915
481 -0.76336681842803955 0.00082498957635834813 -0.64596480131149292
482 -0.98085576295852661 0.00049669056897982955 -0.19473499059677124
483 0.0045154490508139133 -0.99951475858688354 -0.030820216983556747
484 0.0049441610462963581 -0.99952495098114014 0.030422857031226158
485 -0.99540990591049194 -0.0011308284010738134 -0.095697157084941864
486 -0.98101139068603516 0.00052538851741701365 -0.19394949078559875
487 -0.082953214645385742 -0.002257057698443532 -0.99655091762542725
488 -0.092307105660438538 -0.0024826121516525745 -0.9957275390625
489 -0.082535520195960999 -0.0064577427692711353 0.99656718969345093
490 -0.92357474565505981 0.00061443803133442998 -0.38341802358627319
491 -0.9584689736366272 -3.6111858207732439e-05 -0.28519684076309204
492 -0.99516433477401733 -0.001120044500567019 -0.098217949271202087
493 -0.083653904497623444 -0.0068732798099517822 0.99647116661071777
494 -0.084342874586582184 -0.0023521480616182089 -0.99643409252166748
495 -0.99579232931137085 -0.001866666367277503 -0.091619916260242462
496 -0.88145542144775391 0.0005832826136611402 -0.47226697206497192
497 -0.51122528314590454 -5.4380736401071772e-05 -0.85944682359695435
498 -0.44131302833557129 -0.013592022471129894 0.89725035429000854
499 -0.082308493554592133 -0.0020821536891162395 -0.99660474061965942
500 -0.98051220178604126 0.0015217921463772655 -0.19645231962203979
501 -0.9136277437210083 -0.016081444919109344 0.40623366832733154
502 -0.99525672197341919 -0.014897458255290985 0.096136733889579773
503 -0.088962294161319733 -0.0024553092662245035 -0.9960319995880127
504 -0.53669166564941406 0.0028792368248105049 -0.84377360343933105
505 -0.082439705729484558 -0.0066234874539077282 0.9965740442276001
506 -0.44701915979385376 7.5786170782521367e-05 -0.89452439546585083
507 -0.50919538736343384 -0.010208254680037498 0.86059045791625977
508 -0.38117930293083191 0.0012353685451671481 -0.92450028657913208
509 -0.51167750358581543 -0.010155209340155125 0.85911756753921509
510 -0.40395325422286987 -0.0078642982989549637 0.91474586725234985
511 -0.86599504947662354 -0.019499609246850014 0.49967223405838013
512 -0.08516288548707962 -0.0024980718735605478 -0.99636393785476685
513 -0.07842264324426651 -0.0063997427932918072 0.99689966440200806
514 -0.076483897864818573 -0.0027379461098462343 -0.99706709384918213
515 -0.074207238852977753 -0.0061353417113423347 0.99722397327423096
516 -0.273398756980896 -0.00056394317653030157 -0.96190065145492554
517 -0.51713669300079346 -0.019232114776968956 0.85568678379058838
518 -0.61179822683334351 0.0003620122151914984 -0.79101377725601196
519 -0.38698163628578186 0.00027899965061806142 -0.92208743095397949
520 -0.47030553221702576 0.0026383197400718927 -0.88249975442886353
521 -0.37190735340118408 -0.011184574104845524 0.92820250988006592
522 -0.51130324602127075 -0.019850883632898331 0.85917115211486816
523 -0.24896326661109924 6.1932478274684399e-05 -0.96851295232772827
524 -0.076882913708686829 -0.0019955206662416458 -0.99703818559646606
525 -0.076544307172298431 -0.0081749120727181435 0.99703270196914673
526 -0.54237562417984009 -0.019119717180728912 0.83991861343383789
527 -0.54166233539581299 0.0027192621491849422 -0.84059178829193115
528 -0.41799259185791016 -0.010547040030360222 0.90838921070098877
529 -0.58716052770614624 -0.009741833433508873 0.80941194295883179
530 -0.24159301817417145 -0.0006157070747576654 -0.97037750482559204
531 -0.19168016314506531 -0.010381412692368031 0.98140257596969604
532 -0.74974191188812256 -2.1434829250210896e-05 -0.66173034906387329
533 -0.54588603973388672 -0.018405696377158165 0.83765727281570435
534 -0.87234187126159668 3.9792099414626136e-05 -0.48889642953872681
535 -0.59642773866653442 -0.012081334367394447 0.80257588624954224
536 -0.073099799454212189 -0.0077982936054468155 0.99729418754577637
537 -0.096689462661743164 -0.0094466507434844971 0.995269775390625
538 -0.097024068236351013 -0.0012053035898134112 -0.99528133869171143
539 -0.074181355535984039 -0.0070694210007786751 0.9972197413444519
540 -0.064912386238574982 -0.00833108089864254 0.99785619974136353
541 -0.10440416634082794 -0.0032394921872764826 -0.99452972412109375
542 -0.10471917688846588 -0.0050994595512747765 0.99448877573013306
543 -0.06473725289106369 -0.0019974333699792624 -0.99790036678314209
544 -0.95404082536697388 -0.00047356649884022772 -0.29967629909515381
545 -0.74226433038711548 -0.010542728938162327 0.6700243353843689
546 -0.34422853589057922 -0.017085351049900055 0.93873047828674316
547 -0.82138741016387939 -6.8914087023586035e-05 -0.57037067413330078
548 -0.99391788244247437 -0.0070695094764232635 0.10989699512720108
549 -0.99542242288589478 -0.0023259511217474937 -0.095545083284378052
550 -0.34295380115509033 0.0023562626447528601 -0.93934935331344604
551 -0.066987231373786926 -0.0029748911038041115 -0.9977494478225708
552 -0.066652819514274597 -0.0057801371440291405 0.99775952100753784
553 -0.806998610496521 -0.010672689415514469 0.59045696258544922
554 -0.94998151063919067 -0.0092138266190886497 0.31217029690742493
555 -0.86571776866912842 -0.010376852937042713 0.50042498111724854
556 -0.42627987265586853 -0.010498697869479656 0.90453040599822998
557 -0.37830641865730286 0.00118196418043226 -0.92567974328994751
558 -0.74397724866867065 -0.01199675165116787 0.66809731721878052
559 -0.80704247951507568 -0.011743510141968727 0.59037661552429199
560 -0.6698615550994873 -0.011967303231358528 0.74238961935043335
561 -0.98165124654769897 -0.0011308988323435187 -0.19068200886249542
562 0.0043090628460049629 -0.99942481517791748 0.033637914806604385
563 -0.22833587229251862 -0.013318683952093124 0.973491370677948
564 -0.25873938202857971 -0.013097441755235195 0.96585839986801147
565 -0.92215901613235474 -4.9980797484749928e-05 -0.38681107759475708
566 -0.97613281011581421 -0.0090840030461549759 0.21698452532291412
567 -0.91095858812332153 -0.010470890440046787 0.41236492991447449
568 -0.67049109935760498 -0.01088719442486763 0.74183773994445801
569 -0.23181013762950897 -0.009327608160674572 0.97271633148193359
570 -0.39629796147346497 -0.016464723274111748 0.91797435283660889
571 -0.070415392518043518 -0.0020605523604899645 -0.99751561880111694
572 -0.07119075208902359 -0.0081982808187603951 0.9974290132522583
573 -0.86437022686004639 -0.011606878601014614 0.50272208452224731
574 -0.23297367990016937 0.00016456207958981395 -0.97248309850692749
575 -0.26463183760643005 -0.010762741789221764 0.96428948640823364
576 -0.22050011157989502 0.00095823168521746993 -0.97538650035858154
577 -0.910908043384552 -0.011329924687743187 0.41245386004447937
578 -0.35198894143104553 -0.0084104742854833603 0.93596643209457397
579 -0.94830888509750366 -0.011110649444162846 0.31715434789657593
580 -0.97610300779342651 -0.0090626347810029984 0.21711957454681396
581 -0.27592480182647705 -0.00066904624691233039 -0.96117901802062988
582 -0.21915362775325775 -0.0070895603857934475 0.97566461563110352
583 -0.9929511547088623 -0.008711264468729496 0.11820359528064728
584 0.0033930263016372919 -0.9993969202041626 -0.034558344632387161
585 -0.46978509426116943 -0.019803188741207123 0.88255870342254639
586 -0.36550131440162659 -0.011411136947572231 0.93074089288711548
587 -0.21252541244029999 -0.0018157453741878271 -0.97715389728546143
588 -0.21213482320308685 -0.0065898518078029156 0.97721821069717407
589 -0.58903640508651733 -0.00025009352248162031 -0.80810654163360596
590 -0.99627727270126343 -0.0023236512206494808 -0.086175933480262756
591 -0.51116901636123657 -0.0001236303651239723 -0.85948026180267334
592 -0.98169732093811035 -0.0010931390570476651 -0.19044488668441772
593 -0.40152981877326965 -0.00072765711229294538 -0.91584563255310059
594 -0.95843219757080078 -4.9221576773561537e-05 -0.2853204607963562
595 -0.38271504640579224 0.00015274852921720594 -0.92386645078659058
596 -0.82198363542556763 0.00043494519195519388 -0.5695110559463501
597 -0.7650001049041748 0.00049643166130408645 -0.64403003454208374
598 -0.62078016996383667 0.0026380557101219893 -0.78398030996322632
599 -0.92229539155960083 2.8336922696325928e-05 -0.38648566603660583
600 -0.88075077533721924 0.00024527910863980651 -0.47357997298240662
601 -0.19128337502479553 0.0011404154356569052 -0.98153418302536011
602 -0.19346918165683746 -0.01340081449598074 0.98101484775543213
603 -0.22063949704170227 -0.013454673811793327 0.97526264190673828
604 -0.057255260646343231 -0.0071301073767244816 0.99833416938781738
605 -0.2221786230802536 -0.0012881868751719594 -0.97500514984130859
606 -0.61171150207519531 -0.017691809684038162 0.79088312387466431
607 -0.22184161841869354 -0.0016469297697767615 -0.97508132457733154
608 -0.22180931270122528 -0.0067669656127691269 0.97506660223007202
609 -0.23915232717990875 -0.0082531869411468506 0.9709470272064209
610 -0.21158319711685181 0.0010769666405394673 -0.97735941410064697
611 -0.21502578258514404 -0.0074195470660924911 0.97658020257949829
612 -0.22222532331943512 -0.0014281484764069319 -0.97499430179595947
613 -0.070948705077171326 -0.0028117254842072725 -0.99747598171234131
614 -0.069522932171821594 -0.0060932580381631851 0.99756181240081787
615 -0.34885105490684509 -0.0087227961048483849 0.93713760375976562
616 -0.35363245010375977 -0.00036013926728628576 -0.93538439273834229
617 -0.066729195415973663 -0.0019985667895525694 -0.99776917695999146
618 -0.067208737134933472 -0.0083282692357897758 0.99770420789718628
619 -0.19562830030918121 0.0010809405939653516 -0.98067754507064819
620 -0.19734589755535126 -0.013353693298995495 0.98024296760559082
621 -0.34775641560554504 -0.00029261759482324123 -0.93758487701416016
622 -0.75150364637374878 0.65972775220870972 0.0012379236286506057
623 -0.93588453531265259 0.35230433940887451 0.0013684066943824291
624 -0.76191812753677368 -0.64767259359359741 0.0010469269473105669
625 -0.097897402942180634 0.99519634246826172 0.00062870129477232695
626 -0.89214050769805908 0.45175668597221375 0.0011043366976082325
627 -0.90462571382522583 -0.42620518803596497 0.0012055493425577879
628 -0.54666930437088013 -0.83734768629074097 0.0012664520181715488
629 0.00087607360910624266 0.020013235509395599 0.99979937076568604
630 -0.91252851486206055 0.40901046991348267 0.0014579829294234514
631 -0.31048673391342163 0.95057761669158936 0.00043938876478932798
632 -0.88155931234359741 -0.47207185626029968 0.0011721506016328931
633 -0.30807143449783325 0.95136314630508423 0.00045743069495074451
634 -0.97678810358047485 0.21420466899871826 0.0011654469417408109
635 0.00039824951090849936 -0.017492217943072319 0.9998469352722168
636 -0.25292360782623291 -0.96748507022857666 0.0015566075453534722
637 -0.25498634576797485 0.96694451570510864 0.0006384375155903399
638 -0.9092145562171936 0.41632521152496338 0.0014975641388446093
639 -0.41610965132713318 -0.90931332111358643 0.0014615486143156886
640 -0.26483535766601562 0.96429342031478882 0.00069797487230971456
641 -0.5550307035446167 0.83182942867279053 0.00086556299356743693
642 -0.64686203002929688 0.76260620355606079 0.001120286644436419
643 -0.25344672799110413 -0.96734863519668579 0.0012171277776360512
644 -0.79807168245315552 0.602561354637146 0.0012043134775012732
645 -0.26263651251792908 -0.9648938775062561 0.0014175646938383579
646 -0.98919713497161865 0.14658734202384949 0.0011310373665764928
647 -0.23616555333137512 0.97171258926391602 0.00071091315476223826
648 -0.85722237825393677 0.51494514942169189 0.0011502157431095839
649 -0.22309225797653198 -0.97479641437530518 0.0013347613858059049
650 -0.94676947593688965 0.32190865278244019 0.0015369788743555546
651 -0.4140908420085907 0.91023522615432739 0.00085003516869619489
652 -0.23562970757484436 -0.97184205055236816 0.0013188058510422707
653 -0.74023735523223877 -0.67234492301940918 0.0010155270574614406
654 -0.88048094511032104 -0.47407954931259155 0.0014029466547071934
655 -0.10796556621789932 0.99415451288223267 0.00050705182366073132
656 -0.29802796244621277 -0.95455586910247803 0.0015869608614593744
657 -0.91699880361557007 -0.39888757467269897 0.001364921685308218
658 -0.25244104862213135 0.96761214733123779 0.00055738026276230812
659 -0.47913283109664917 0.87774163484573364 0.001189194736070931
660 -0.8952367901802063 0.4455893337726593 0.0011575566604733467
661 -0.87773936986923218 -0.47913637757301331 0.0013799756998196244
662 -0.79672038555145264 -0.60434645414352417 0.0014202711172401905
663 -0.75966256856918335 0.65031641721725464 0.0011619712458923459
664 -0.52612900733947754 -0.85040414333343506 0.0010595890926197171
665 -0.95942682027816772 0.28195524215698242 0.0012117320438846946
666 -0.96474254131317139 0.26319208741188049 0.0013552424497902393
667 -0.89723658561706543 -0.44154861569404602 0.00116844626609236
668 -0.54587477445602417 0.83786624670028687 0.00097041967092081904
669 -0.87254565954208374 -0.48853117227554321 0.0012196885654702783
670 -0.10190064460039139 -0.9947935938835144 0.0014346693642437458
671 -0.27495336532592773 -0.96145612001419067 0.0017023369437083602
672 -0.85338449478149414 0.52128070592880249 0.0011329012922942638
673 -0.9166492223739624 0.39969128370285034 0.0010642861016094685
674 -0.9765625 -0.21523125469684601 0.0011278126621618867
675 -0.26171982288360596 -0.96514302492141724 0.0013014063006266952
676 -0.8129878044128418 -0.58227980136871338 0.0010408925591036677
677 -0.54082775115966797 0.8411329984664917 0.00085301563376560807
678 -0.42979463934898376 0.90292638540267944 0.00076444284059107304
679 -0.40134629607200623 -0.91592538356781006 0.0013777930289506912
680 -0.08919399231672287 0.99601417779922485 0.00042861129622906446
681 -0.53146260976791382 0.84708160161972046 0.00060356705216690898
682 -0.78966861963272095 0.6135329008102417 0.00097679684404283762
683 -0.91266715526580811 -0.4087013304233551 0.0013926241081207991
684 -0.92950385808944702 -0.36881044507026672 0.0011870255693793297
685 -0.87768185138702393 -0.47924202680587769 0.0012395428493618965
686 -0.63661497831344604 0.77118098735809326 0.0011248745722696185
687 -0.22412963211536407 0.97455912828445435 0.00070147518999874592
688 -0.89984256029129028 -0.43621182441711426 0.0016465452499687672
689 -0.99710559844970703 0.076023325324058533 0.00090996944345533848
690 -0.91242134571075439 -0.40925022959709167 0.001262762350961566
691 -0.87319034337997437 -0.48737794160842896 0.0011738575994968414
692 -0.88048934936523438 -0.47406449913978577 0.0011863142717629671
693 -0.9291338324546814 0.36974203586578369 0.0011096684029325843
694 -0.83540081977844238 -0.54963946342468262 0.0013807622017338872
695 -0.89515441656112671 0.44575455784797668 0.0012129442766308784
696 -0.41394799947738647 0.91030025482177734 0.0007818849990144372
697 -0.25993528962135315 0.9656258225440979 0.00065114436438307166
698 -0.22474345564842224 0.97441774606704712 0.000711730623152107
699 -0.96449166536331177 -0.264108806848526 0.0015952934045344591
700 -0.9676663875579834 0.2522316575050354 0.00096530094742774963
701 -0.43667379021644592 0.89961957931518555 0.00078131252666935325
702 -0.26099222898483276 -0.96533989906311035 0.0014296895824372768
703 -0.9471856951713562 0.32068330049514771 0.0012211587745696306
704 0.0011955631198361516 0.02300744503736496 0.99973464012145996
705 -0.46479970216751099 0.88541483879089355 0.0013739857822656631
706 -0.93686950206756592 0.34967678785324097 0.0013556795893236995
707 -0.40250527858734131 -0.91541659832000732 0.0014451217139139771
708 -0.25891673564910889 -0.96589857339859009 0.0014526374870911241
709 -0.76113224029541016 0.64859473705291748 0.0015986592043191195
710 -0.91395366191864014 0.4058174192905426 0.0010046742390841246
711 -0.97814261913299561 0.20793329179286957 0.00090715830447152257
712 -0.9253278374671936 -0.37916538119316101 0.001453924342058599
713 -0.89061295986175537 0.45476040244102478 0.0012738227378576994
714 -0.26214483380317688 -0.96502751111984253 0.0014391503063961864
715 -0.88997691869735718 -0.45600354671478271 0.0013910684501752257
716 -0.55194443464279175 0.83388024568557739 0.0011181477457284927
717 -0.71166568994522095 0.70251762866973877 0.00096396636217832565
718 -0.86987173557281494 0.49327656626701355 0.0012137379962950945
719 -0.99983608722686768 0.018078658729791641 0.0010352112585678697
720 -0.99777555465698242 -0.066650152206420898 0.0013212576741352677
721 -0.89324533939361572 -0.44956794381141663 0.0011939599644392729
722 -0.26738277077674866 -0.96358907222747803 0.0016200629761442542
723 -0.76929265260696411 -0.63889509439468384 0.001391864032484591
724 -0.91848206520080566 0.3954605758190155 0.0012795861111953855
725 -0.93212676048278809 0.36212891340255737 0.0015585510991513729
726 -0.73266565799713135 0.68058770895004272 0.0012250912841409445
727 -0.24901777505874634 0.96849870681762695 0.00067923573078587651
728 -0.51738685369491577 0.85575127601623535 0.00081507099093869328
729 -0.85037726163864136 0.52617156505584717 0.0014085451839491725
730 -0.30003851652145386 -0.95392584800720215 0.0015467327320948243
731 -0.84602475166320801 0.53314220905303955 0.0012550069950520992
732 -0.99405527114868164 0.10886944085359573 0.0012678761268034577
733 -0.24864035844802856 0.96859568357467651 0.00068690511398017406
734 -0.54501879215240479 0.83842349052429199 0.00081035576295107603
735 -0.58494096994400024 -0.81107401847839355 0.0017525127623230219
736 -0.99343812465667725 0.11436427384614944 0.0012653674930334091
737 -0.97814363241195679 -0.20792676508426666 0.0012646593386307359
738 -0.91317129135131836 -0.40757384896278381 0.0013403077609837055
739 -0.80952930450439453 0.5870787501335144 0.0010041652712970972
740 -0.94227749109268188 0.33483117818832397 0.0011611102381721139
741 -0.22879540920257568 0.97347426414489746 0.00073457439430058002
742 -0.93907439708709717 0.34371209144592285 0.0011262247571721673
743 -0.25185564160346985 -0.96776372194290161 0.0014870321610942483
744 -0.40454941987991333 -0.91451466083526611 0.0016701665008440614
745 -0.91276782751083374 0.40847712755203247 0.0011676637222990394
746 -0.96682459115982056 -0.25543972849845886 0.00091533322120085359
747 -0.74956345558166504 0.66193097829818726 0.0014134870143607259
748 -0.89289605617523193 0.45026084780693054 0.0013310582144185901
749 -0.84116065502166748 0.5407835841178894 0.0014100680127739906
750 -0.24654057621955872 0.96913236379623413 0.00046744162682443857
751 -0.83447736501693726 0.55104106664657593 0.0011234126286581159
752 -0.52276259660720825 0.85247790813446045 0.00084505305858328938
753 -0.99752277135848999 0.070325575768947601 0.0016364902257919312
754 -0.89065128564834595 -0.45468488335609436 0.0013970028376206756
755 0.00029241686570458114 -0.032613784074783325 0.99946802854537964
756 -0.57828050851821899 -0.81583708524703979 0.0012160977348685265
757 -0.66885644197463989 -0.74338972568511963 0.0016854696441441774
758 -0.81810277700424194 0.57507115602493286 0.0010680718114599586
759 -0.26593160629272461 -0.96399021148681641 0.0018176835728809237
760 -0.25980105996131897 -0.96566087007522583 0.0015971256652846932
761 -0.27249434590339661 -0.96215635538101196 0.0014223726466298103
762 -0.89720314741134644 -0.44161659479141235 0.0011674728011712432
763 -0.23531036078929901 -0.97191929817199707 0.0014094229554757476
764 -0.83280956745147705 -0.55355703830718994 0.0017067900625988841
765 -0.76008874177932739 0.64981728792190552 0.0016025387449190021
766 -0.24384568631649017 0.96981382369995117 0.00067005696473643184
767 -0.99626332521438599 -0.0863628089427948 0.00094618223374709487
768 -0.92043191194534302 0.3909001350402832 0.0015029156347736716
769 -0.83147573471069336 -0.55555832386016846 0.001738856895826757
770 -0.96805286407470703 0.25074088573455811 0.001644570380449295
771 -0.99620300531387329 0.087056279182434082 0.00088258093455806375
772 -0.91636264324188232 0.40034770965576172 0.0011246948270127177
773 -0.62340378761291504 0.78189969062805176 0.00076592940604314208
774 0.00075847725383937359 0.0066381143406033516 0.999977707862854
775 -0.26429757475852966 0.96444100141525269 0.00065526476828381419
776 -0.66247415542602539 -0.74908280372619629 0.0017280481988564134
777 -0.73060452938079834 -0.68279975652694702 0.0012271039886400104
778 -0.39515906572341919 0.91861248016357422 0.00065639422973617911
779 -0.25726309418678284 0.96634131669998169 0.00049889669753611088
780 -0.9662361741065979 0.25765311717987061 0.0015803038841113448
781 -0.10006293654441833 0.99498105049133301 0.00042689489782787859
782 -0.10248382389545441 -0.99473363161087036 0.0014489716850221157
783 -0.86340522766113281 -0.50450962781906128 0.0011878565419465303
784 -0.8687404990196228 -0.49526616930961609 0.0011863812105730176
785 -0.83911484479904175 -0.54395264387130737 0.0013540856307372451
786 -0.22339707612991333 -0.97472655773162842 0.0013833522098138928
787 -0.73804295063018799 -0.67475235462188721 0.0013754895189777017
788 -0.98626703023910522 -0.16515529155731201 0.0010417237645015121
789 0.00082396948710083961 0.010292698629200459 0.9999467134475708
790 -0.63607090711593628 -0.77162879705429077 0.0016754055395722389
791 -0.81614029407501221 0.57785296440124512 0.00099302502349019051
792 -0.64205944538116455 0.76665413379669189 0.0010594056220725179
793 -0.26503291726112366 0.96423918008804321 0.00065582903334870934
794 -0.9451451301574707 -0.326649010181427 0.0010236771777272224
795 -0.49748110771179199 0.8674730658531189 0.0017385805258527398
796 -0.84112513065338135 -0.54083913564682007 0.0012720235390588641
797 -0.83937031030654907 -0.54355865716934204 0.0012156142620369792
798 -0.086208239197731018 0.9962770938873291 0.00038940657395869493
799 -0.81742006540298462 0.57604110240936279 0.0010564667172729969
800 -0.82379686832427979 0.56688326597213745 0.0014632577076554298
801 -0.085024788975715637 -0.99637788534164429 0.0014403994427993894
802 -0.084128342568874359 0.99645489454269409 0.0004174422356300056
803 -0.51727771759033203 0.85581719875335693 0.00084766070358455181
804 -0.98751062154769897 -0.15754877030849457 0.0010703643783926964
805 -0.90064924955368042 -0.43454363942146301 0.0016612550243735313
806 -0.65794545412063599 0.75306481122970581 0.0011192187666893005
807 -0.87160354852676392 -0.49020731449127197 0.0019987819250673056
808 -0.84917891025543213 -0.52810418605804443 0.0010922051733359694
809 -0.96782135963439941 0.25163406133651733 0.0014892395120114088
810 -0.71302700042724609 -0.70113527774810791 0.0013490435667335987
811 -0.85610407590866089 -0.51680237054824829 0.0010794262634590268
812 -0.5389564037322998 0.84233349561691284 0.00059694156516343355
813 -0.30277726054191589 0.9530600905418396 0.0015609862748533487
814 -0.25350713729858398 0.96733331680297852 0.00068671279586851597
815 -0.99018442630767822 -0.13976220786571503 0.0011796765029430389
816 -0.82264715433120728 -0.56855076551437378 0.0013414951972663403
817 -0.29768577218055725 0.95466268062591553 0.0015630079433321953
818 -0.91786867380142212 -0.39688247442245483 0.0012034134706482291
819 -0.73951292037963867 0.6731417179107666 0.00094425305724143982
820 -0.87491899728775024 0.48426768183708191 0.0012849599588662386
821 -0.77114003896713257 0.63666486740112305 0.00098155508749186993
822 -0.96399348974227905 -0.26592281460762024 0.0012645948445424438
823 -0.39729127287864685 0.91769230365753174 0.00072922650724649429
824 -0.97624927759170532 0.21664595603942871 0.0013892936985939741
825 -0.91259211301803589 -0.40886920690536499 0.0013024562504142523
826 -0.91755408048629761 -0.39760920405387878 0.0012470899382606149
827 -0.85311788320541382 0.52171677350997925 0.001253440510481596
828 -0.82989633083343506 0.55791562795639038 0.0014948492171242833
829 -0.99415254592895508 0.10797469317913055 0.001489311340264976
830 -0.84754270315170288 0.53072565793991089 0.0012734760530292988
831 -0.76652520895004272 0.64221346378326416 0.00096871756250038743
832 -0.088386066257953644 -0.99608528614044189 0.0014142688596621156
833 -0.86010557413101196 0.51011466979980469 0.0012284599943086505
834 -0.96949583292007446 0.2451053112745285 0.0011146428296342492
835 -0.79993176460266113 -0.600089430809021 0.0013872187118977308
836 -0.82120120525360107 -0.57063764333724976 0.0011188226053491235
837 -0.97284001111984253 -0.23147556185722351 0.0011897808872163296
838 -0.8541109561920166 -0.52008962631225586 0.0011463058181107044
839 -0.51494705677032471 0.85722172260284424 0.00068450020626187325
840 -0.59626346826553345 -0.80278778076171875 0.0013051166897639632
841 -0.4756799042224884 -0.87961757183074951 0.0013033212162554264
842 -0.82091242074966431 -0.57105296850204468 0.0011501398403197527
843 -0.97727358341217041 0.21197725832462311 0.0014261631295084953
844 -0.52056276798248291 0.85382193326950073 0.0015696058981120586
845 -0.075466439127922058 0.99714821577072144 0.0005880148964934051
846 -0.75165194272994995 -0.65955847501754761 0.0014076139777898788
847 -0.38437950611114502 0.92317485809326172 0.00077821081504225731
848 -0.24458716809749603 0.96962720155715942 0.00051871989853680134
849 -0.71685898303985596 0.69721746444702148 0.00098412623628973961
850 -0.79263967275619507 0.60968959331512451 0.0009884530445560813
851 -0.78664487600326538 -0.61740440130233765 0.0012850443599745631
852 -0.23610720038414001 -0.9717261791229248 0.0012827778700739145
853 -0.79019260406494141 0.61285734176635742 0.0012721701059490442
854 -0.096215911209583282 -0.99535953998565674 0.0013843066990375519
855 -0.92896229028701782 0.37017202377319336 0.0013155774213373661
856 -0.99656587839126587 -0.082792423665523529 0.0013853269629180431
857 -0.81834036111831665 -0.57473218441009521 0.0014241220196709037
858 -0.95921474695205688 0.28267621994018555 0.0011322564678266644
859 -0.84067517518997192 0.54153841733932495 0.0012159927282482386
860 -0.863067626953125 -0.50508671998977661 0.0012911090161651373
861 -0.93028533458709717 -0.36683505773544312 0.0011262401239946485
862 -0.99905610084533691 -0.04342292994260788 0.0012186589883640409
863 -0.97267210483551025 0.23217949271202087 0.0012922125170007348
864 -0.50025278329849243 0.86587893962860107 0.00088960182620212436
865 -0.088425382971763611 0.99608272314071655 0.0004761877644341439
866 -0.71534007787704468 -0.69877535104751587 0.001280653290450573
867 -0.78134673833847046 0.6240960955619812 0.0011916292132809758
868 -0.69365948438644409 0.7203025221824646 0.00091430905740708113
869 -0.53694266080856323 0.84361833333969116 0.0008432145114056766
870 -0.71508705615997314 -0.69903397560119629 0.0014043527189642191
871 -0.71496480703353882 -0.69915908575057983 0.0013765414478257298
872 -0.78500241041183472 0.61949163675308228 0.001186447567306459
873 -0.6628420352935791 -0.74875825643539429 0.0012363919522613287
874 -0.76676434278488159 -0.64192718267440796 0.0014067698502913117
875 -0.69109100103378296 -0.72276681661605835 0.0011677974835038185
876 -0.90925353765487671 0.41624045372009277 0.0013791050296276808
877 -0.80765914916992188 0.58964866399765015 0.001109821954742074
878 -0.82055419683456421 -0.57156705856323242 0.0013875836739316583
879 -0.9324074387550354 0.361407071352005 0.0011581871658563614
880 -0.57238775491714478 -0.81998246908187866 0.00099988805595785379
881 -0.68227052688598633 0.73109930753707886 0.00089120340999215841
882 -0.52215880155563354 0.85284793376922607 0.00077069015242159367
883 -0.9922906756401062 0.12392204999923706 0.0015976052964106202
884 -0.72631967067718506 -0.68735599517822266 0.0011856238124892116
885 -0.90518033504486084 0.42502611875534058 0.0011894972994923592
886 -0.91861677169799805 -0.39514708518981934 0.0014095746446400881
887 -0.802162766456604 -0.59710437059402466 0.001155268051661551
888 -0.24440358579158783 0.9696735143661499 0.00051166140474379063
889 -0.86329883337020874 0.50469154119491577 0.0012475235853344202
890 -0.57173895835876465 -0.8204348087310791 0.0011668716324493289
891 -0.25168851017951965 -0.96780747175216675 0.0012985715875402093
892 -0.72138792276382446 0.69253045320510864 0.0010671787895262241
893 -0.98812419176101685 0.15364804863929749 0.0016866476507857442
894 -0.99584794044494629 0.09102262556552887 0.001342167379334569
895 -0.99383729696273804 -0.11083828657865524 0.001541422214359045
896 -0.24478545784950256 -0.96957623958587646 0.0014114928198978305
897 -0.89414596557617188 0.44777381420135498 0.0012794405920431018
898 -0.92868500947952271 -0.37086811661720276 0.0010243569267913699
899 -0.98896479606628418 0.14814212918281555 0.0016155096236616373
900 -0.91178488731384277 -0.41066655516624451 0.0011641614837571979
901 -0.75402605533599854 -0.65684229135513306 0.0017318858299404383
902 -0.75200462341308594 0.65915632247924805 0.0014397376216948032
903 -0.73962110280990601 0.6730225682258606 0.0011653103865683079
904 -0.39959877729415894 0.91668987274169922 0.00069759780308231711
905 -0.2423350065946579 -0.97019189596176147 0.0012325894786044955
906 -0.92828106880187988 0.37187796831130981 0.001061270828358829
907 -0.083988100290298462 -0.99646574258804321 0.0014168479247018695
908 -0.84335696697235107 0.53735232353210449 0.0012250888394191861
909 -0.9165305495262146 -0.39996349811553955 0.0010429180692881346
910 -0.084168359637260437 0.99645155668258667 0.00037689291639253497
911 -0.39056640863418579 0.92057448625564575 0.00072739983443170786
912 -0.64620190858840942 -0.76316559314727783 0.0011975168017670512
913 -0.08368973433971405 -0.99649053812026978 0.0016405640635639429
914 -0.68264031410217285 0.73075401782989502 0.00087181979324668646
915 -0.96735632419586182 0.25341847538948059 0.00092909578233957291
916 -0.93335831165313721 -0.35894417762756348 0.0011677165748551488
917 -0.64671957492828369 0.76272737979888916 0.00090810068650171161
918 -0.51194638013839722 0.85901713371276855 0.00069982197601348162
919 -0.43709209561347961 -0.89941585063934326 0.001284309895709157
920 -0.82273173332214355 -0.56842869520187378 0.0011420004302635789
921 -0.82476431131362915 -0.56547528505325317 0.0012956693535670638
922 -0.97573256492614746 0.21896302700042725 0.0011197167914360762
923 -0.86530274152755737 -0.50124847888946533 0.0011273567797616124
924 -0.89364707469940186 0.44876864552497864 0.0012820496922358871
925 -0.80679386854171753 0.59083175659179688 0.0012545059435069561
926 -0.9368891716003418 0.3496239185333252 0.0013264125445857644
927 -0.99330985546112061 -0.11547265201807022 0.001276843948289752
928 -0.86706084012985229 -0.49820047616958618 0.0013803739566355944
929 -0.98293787240982056 -0.18393382430076599 0.0012148458044975996
930 -0.24748267233371735 -0.96889102458953857 0.0016313622472807765
931 -0.23473115265369415 -0.97205942869186401 0.0013402793556451797
932 -0.49875283241271973 0.86674380302429199 0.00088264414807781577
933 -0.73555821180343628 0.67746084928512573 0.00094892544439062476
934 -0.97920751571655273 -0.2028573751449585 0.001237102085724473
935 -0.88250935077667236 -0.4702935516834259 0.0010806148638948798
936 -0.26505917310714722 -0.96423089504241943 0.0015592639101669192
937 -0.85131901502609253 -0.52464628219604492 0.001482043182477355
938 -0.24648246169090271 0.96914714574813843 0.00053085800027474761
939 -0.09594176709651947 -0.99538600444793701 0.0013873961288481951
940 -0.39382073283195496 0.91918700933456421 0.00072913162875920534
941 -0.91877895593643188 -0.39476984739303589 0.0014222267782315612
942 -0.92334979772567749 -0.38395822048187256 0.0011287066154181957
943 -0.40532600879669189 0.91417193412780762 0.0007503625238314271
944 -0.92582798004150391 -0.37794375419616699 0.0010645565344020724
945 -0.77115935087203979 -0.63663870096206665 0.0020999445114284754
946 -0.91102516651153564 -0.41234856843948364 0.0013782480964437127
947 -0.25133055448532104 0.96790105104446411 0.00070710241561755538
948 -0.62301284074783325 0.7822110652923584 0.00095857953419908881
949 -0.86622363328933716 0.49965554475784302 0.00096614606445655227
950 -0.084641963243484497 -0.99641036987304688 0.0014533281791955233
951 -0.088273011147975922 0.99609625339508057 0.00034973543370142579
952 -0.83522665500640869 -0.54990482330322266 0.0010510928696021438
953 -0.74776381254196167 -0.66396242380142212 0.0018128171795979142
954 -0.96083420515060425 0.27712118625640869 0.0012531725224107504
955 -0.39181539416313171 0.9200437068939209 0.00062769139185547829
956 -0.99179553985595703 -0.12782913446426392 0.001134606427513063
957 -0.50802552700042725 0.86134177446365356 0.00072768004611134529
958 -0.80461084842681885 0.59380149841308594 0.0011124270968139172
959 -0.62610191106796265 0.77974075078964233 0.00090450304560363293
960 -0.095131747424602509 -0.99546355009078979 0.0015080645680427551
961 -0.99966895580291748 -0.025698317214846611 0.0013123790267854929
962 -0.57271009683609009 -0.81975740194320679 0.0010128344874829054
963 -0.49442735314369202 0.86921846866607666 0.00092035590205341578
964 -0.91871219873428345 -0.39492475986480713 0.0015283147804439068
965 -0.99262768030166626 0.12119543552398682 0.0014076792867854238
966 -0.94718986749649048 -0.32067057490348816 0.0013349473010748625
967 -0.71724188327789307 0.69682377576828003 0.00084692280506715178
968 -0.086602449417114258 -0.99624192714691162 0.001433394500054419
969 -0.084687285125255585 0.99640750885009766 0.00039188357186503708
970 -0.94773954153060913 0.31904327869415283 0.0010755173861980438
971 -0.95244401693344116 -0.30470854043960571 0.001779138226993382
972 -0.79533469676971436 -0.60616856813430786 0.0015535346465185285
973 -0.08438168466091156 0.99643343687057495 0.00040146271931007504
974 -0.99364715814590454 -0.11253023147583008 0.0015277108177542686
975 -0.087261557579040527 0.996185302734375 0.00056028878316283226
976 -0.10134600847959518 -0.99485021829605103 0.0014451770111918449
977 -0.60780680179595947 0.79408454895019531 0.00081730890087783337
978 -0.7273833155632019 0.68623054027557373 0.0010539676295593381
979 -0.083627596497535706 -0.99649584293365479 0.0015996607253327966
980 -0.08660251647233963 0.9962427020072937 0.00070671230787411332
981 -0.103964664041996 -0.99458009004592896 0.0013326770858839154
982 -0.093242593109607697 0.99564337730407715 0.000441466283518821
983 -0.62997108697891235 0.77661794424057007 0.0010342051973566413
984 -0.94482696056365967 -0.32756742835044861 0.0013112520100548863
985 -0.80043119192123413 0.59942352771759033 0.0011452768230810761
986 -0.98483598232269287 -0.17348289489746094 0.0013596166390925646
987 -0.71798247098922729 0.6960601806640625 0.0011704053031280637
988 -0.96765786409378052 0.25226289033889771 0.0013443875359371305
989 -0.87810266017913818 0.47847071290016174 0.0012455038959160447
990 -0.88112396001815796 0.47288370132446289 0.0012759626843035221
991 -0.083601556718349457 -0.99649804830551147 0.0015743289841338992
992 -0.71786797046661377 -0.6961778998374939 0.0014038797235116363
993 -0.64011871814727783 -0.76827377080917358 0.0018735752673819661
994 -0.95782440900802612 -0.28735104203224182 0.001347453217022121
995 -0.50224721431732178 0.864723801612854 0.000761124596465379
996 -0.67838531732559204 -0.73470544815063477 0.0011650872183963656
997 -0.72131878137588501 -0.69260209798812866 0.0012985300272703171
998 -0.66657572984695435 0.74543648958206177 0.0011087195016443729
999 -0.79891353845596313 -0.6014435887336731 0.0016634850762784481
1000 0.00050837721209973097 -0.026018081232905388 0.99966138601303101
1001 0.00095214450266212225 0.029282841831445694 0.99957072734832764
1002 -0.91356867551803589 -0.40667998790740967 0.0019194136839359999
1003 -0.089850932359695435 -0.99595427513122559 0.0013716388493776321
1004 -0.95965558290481567 0.2811756432056427 0.0012161025078967214
1005 -0.89096373319625854 -0.45407244563102722 0.0013664701255038381
1006 -0.80905252695083618 -0.58773303031921387 0.0019898063037544489
1007 -0.80905055999755859 0.58773583173751831 0.0019742227159440517
1008 -0.80899918079376221 -0.58780860900878906 0.0011771575082093477
1009 -0.80900222063064575 0.58780521154403687 0.00071552186273038387
1010 -0.99737751483917236 -0.072360828518867493 0.0014439246151596308
1011 -0.95304018259048462 -0.30284014344215393 0.0014981493586674333
1012 -0.97403424978256226 0.22639697790145874 0.0013241209089756012
1013 -0.945262610912323 -0.32630804181098938 0.0013155167689546943
1014 -0.87692445516586304 -0.48062646389007568 0.0012629426782950759
1015 -0.82369148731231689 0.56703686714172363 0.0012669909046962857
1016 -0.99536222219467163 0.096189871430397034 0.0012518208241090178
1017 -0.24762813746929169 -0.96885454654693604 0.0011045729042962193
1018 -0.68632876873016357 0.72729092836380005 0.00087528012227267027
1019 -0.77913838624954224 -0.62685060501098633 0.0013025774387642741
1020 -0.91353654861450195 -0.40675371885299683 0.0015552465338259935
1021 -0.99905210733413696 -0.043511804193258286 0.0012865305179730058
1022 -0.39673927426338196 0.91793102025985718 0.00075769476825371385
1023 -0.99182122945785522 -0.12762963771820068 0.00120429543312639
1024 -0.71852320432662964 -0.69550186395645142 0.0012498904252424836
1025 -0.50523972511291504 0.86297869682312012 0.00074063264764845371
1026 -0.62652295827865601 -0.77940195798873901 0.0012694227043539286
1027 -0.24394491314888 0.96978884935379028 0.00070469884667545557
1028 -0.084577135741710663 0.99641686677932739 0.00049411796499043703
1029 -0.91696572303771973 0.39896318316459656 0.0014895164640620351
1030 -0.91278076171875 0.40844765305519104 0.0013426713412627578
1031 -0.89732921123504639 0.44136056303977966 0.0010852616978809237
1032 -0.97658711671829224 -0.215116947889328 0.0015242015942931175
1033 -0.95077693462371826 0.30987462401390076 0.0010083300294354558
1034 -0.99708634614944458 0.076272904872894287 0.0011761878849938512
1035 -0.095395699143409729 -0.99543869495391846 0.0012445211177691817
1036 -0.80780082941055298 -0.5894545316696167 0.0011200554436072707
1037 -0.81430566310882568 -0.58043533563613892 0.0010668914765119553
1038 -0.40158659219741821 0.91582071781158447 0.00077575113391503692
1039 -0.083650104701519012 0.99649512767791748 0.00036867731250822544
1040 -0.74383085966110229 0.66836732625961304 0.00088503147708252072
1041 -0.70849001407623291 0.70572006702423096 0.0010357705177739263
1042 -0.99655622243881226 -0.082913912832736969 0.0010370867094025016
1043 -0.24013993144035339 0.97073805332183838 0.00070819951361045241
1044 -0.083321534097194672 -0.99652165174484253 0.001457011909224093
1045 -0.9238046407699585 0.3828619122505188 0.001317762304097414
1046 -0.82805263996124268 -0.56064927577972412 0.0011377420742064714
1047 -0.61812174320220947 0.78608202934265137 0.00080254243221133947
1048 -0.98535668849945068 -0.17050391435623169 0.00086989905685186386
1049 -0.87541162967681885 0.48337659239768982 0.0012650382705032825
1050 -0.80554014444351196 0.59254002571105957 0.0011651222594082355
1051 -0.88488489389419556 0.46580806374549866 0.0012862017611041665
1052 -0.99354559183120728 -0.11342746019363403 0.0011718278983607888
1053 -0.59136605262756348 -0.80640226602554321 0.0013125111581757665
1054 -0.59683585166931152 0.80236297845840454 0.00084910995792597532
1055 -0.58879595994949341 0.80828040838241577 0.0014875142369419336
1056 -0.085741616785526276 -0.99631601572036743 0.0016923563089221716
1057 -0.086756639182567596 -0.99622851610183716 0.001436700695194304
1058 -0.73177158832550049 0.68154919147491455 0.0010602346155792475
1059 -0.98868447542190552 0.15000489354133606 0.0012403710279613733
1060 -0.93447202444076538 0.35603427886962891 0.0012401925632730126
1061 -0.96614480018615723 0.25799521803855896 0.0016453575808554888
1062 -0.41327694058418274 0.91060501337051392 0.00085516716353595257
1063 -0.082579389214515686 0.99658441543579102 0.00045275120646692812
1064 -0.9667046070098877 -0.25589144229888916 0.0013263289583846927
1065 -0.96510988473892212 -0.26184368133544922 0.00093363202176988125
1066 -0.58661270141601562 0.80986642837524414 0.0014332153368741274
1067 -0.94063109159469604 -0.33942916989326477 0.0010100472718477249
1068 -0.98474001884460449 0.17402277886867523 0.0017765574157238007
1069 -0.9659426212310791 -0.25875362753868103 0.0012267858255654573
1070 -0.94700056314468384 0.32122862339019775 0.0014595375396311283
1071 -0.94047147035598755 0.33987084031105042 0.001125348499044776
1072 -0.079529695212841034 0.99683231115341187 0.00063015415798872709
1073 -0.98402571678161621 -0.17802101373672485 0.0013907589018344879
1074 -0.97815757989883423 -0.20785722136497498 0.0017884389963001013
1075 -0.085900545120239258 -0.99630308151245117 0.0011270983377471566
1076 -0.086008258163928986 0.99629431962966919 0.00053658930119127035
1077 -0.65005147457122803 -0.75988930463790894 0.0011903159320354462
1078 -0.59099924564361572 0.80667167901992798 0.0008987748296931386
1079 -0.99583077430725098 0.091210626065731049 0.0012905962066724896
1080 -0.65190005302429199 0.7583044171333313 0.00088548898929730058
1081 -0.66916102170944214 -0.74311596155166626 0.0015159016475081444
1082 -0.66915631294250488 0.74312049150466919 0.0013666353188455105
1083 -0.66909873485565186 0.74317246675491333 0.0012788661988452077
1084 -0.99144035577774048 0.13055402040481567 0.0013039585901424289
1085 -0.50218808650970459 0.86475807428359985 0.00077968905679881573
1086 -0.83991825580596924 0.54271149635314941 0.0013031441485509276
1087 -0.99338597059249878 0.11481692641973495 0.0012187161482870579
1088 -0.98529690504074097 0.170848548412323 0.00089461845345795155
1089 -0.86189019680023193 -0.50709336996078491 0.0012977123260498047
1090 -0.25682693719863892 -0.96645605564117432 0.0016072590369731188
1091 -0.84428924322128296 0.53588616847991943 0.0012997875455766916
1092 -0.64538198709487915 -0.76385784149169922 0.0018415740923956037
1093 -0.94563472270965576 0.32522851228713989 0.0012426559114828706
1094 -0.89573574066162109 0.44458508491516113 0.0012700642691925168
1095 -0.74078261852264404 -0.67174309492111206 0.0015603324864059687
1096 -0.99463748931884766 -0.1034141480922699 0.0013398714363574982
1097 -0.9466739296913147 -0.32219064235687256 0.0012843823060393333
1098 -0.98437958955764771 -0.17605748772621155 0.00078556855442002416
1099 -0.92466384172439575 0.38078245520591736 0.0012369351461529732
1100 -0.26425990462303162 0.9644513726234436 0.00051264581270515919
1101 -0.94665259122848511 -0.32225441932678223 0.0010196714429184794
1102 -0.98574990034103394 0.16820847988128662 0.0017402027733623981
1103 -0.087654329836368561 -0.99614942073822021 0.0017472513718530536
1104 -0.68744385242462158 0.72623658180236816 0.0011567296460270882
1105 -0.57861775159835815 -0.81559795141220093 0.0012338431552052498
1106 -0.082137666642665863 0.99662071466445923 0.00078295666025951505
1107 -0.083804287016391754 -0.99648082256317139 0.001675314037129283
1108 -0.086602479219436646 -0.99624228477478027 0.0011602722806856036
1109 -0.086602531373500824 0.99624282121658325 0.00046645873226225376
1110 -0.86314541101455688 -0.50495243072509766 0.0017481762915849686
1111 -0.98926365375518799 -0.1461365669965744 0.0012595343869179487
1112 -0.77880465984344482 0.62726587057113647 0.00095067289657890797
1113 -0.97703617811203003 0.21307066082954407 0.0011090900516137481
1114 -0.984325110912323 0.17636200785636902 0.00080128043191507459
1115 -0.38220232725143433 0.92407834529876709 0.00078356231097131968
1116 -0.84746283292770386 -0.53085291385650635 0.0014332989230751991
1117 -0.083575122058391571 -0.99650019407272339 0.0016372401732951403
1118 -0.94771730899810791 -0.31910973787307739 0.0010019689798355103
1119 -0.99586421251296997 0.090836502611637115 0.0017943403217941523
1120 -0.86888527870178223 -0.49501219391822815 0.0011459761299192905
1121 -0.52570229768753052 0.85066795349121094 0.0010568412253633142
1122 -0.76666522026062012 0.64204603433609009 0.001198781537823379
1123 -0.48896187543869019 0.87230473756790161 0.0008572980877943337
1124 -0.75348865985870361 -0.65745943784713745 0.0013962562661617994
1125 -0.079803019762039185 -0.99680960178375244 0.0014489460736513138
1126 -0.99623358249664307 0.086693622171878815 0.0016862726770341396
1127 -0.66942000389099121 -0.74288314580917358 0.0012246539117768407
1128 -0.79292017221450806 -0.60932332277297974 0.0016382139874622226
1129 -0.99651819467544556 -0.083363965153694153 0.0014237513532862067
1130 -0.91679245233535767 0.39936268329620361 0.0010584262199699879
1131 -0.46889796853065491 0.88325124979019165 0.0013949814019724727
1132 -0.49995934963226318 -0.86604762077331543 0.0015062798047438264
1133 -0.49994480609893799 0.8660549521446228 0.0019953278824687004
1134 -0.50002706050872803 -0.86600923538208008 0.0010051834397017956
1135 -0.50001800060272217 0.86601483821868896 0.00066162151051685214
1136 -0.90630656480789185 0.42261934280395508 0.001158406725153327
1137 -0.66910362243652344 -0.74316805601119995 0.0012612802674993873
1138 -0.68694949150085449 0.72670465707778931 0.00087189243640750647
1139 -0.84921568632125854 0.52804487943649292 0.0011832531308755279
1140 -0.40809157490730286 0.91294074058532715 0.00073199364123865962
1141 -0.98207175731658936 -0.18850451707839966 0.0010231969645246863
1142 -0.081107214093208313 0.99670511484146118 0.00079278188059106469
1143 -0.24863728880882263 0.96859651803970337 0.00054534204537048936
1144 -0.93695920705795288 -0.34943696856498718 0.0011481756810098886
1145 -0.73592174053192139 0.67706567049026489 0.001166375819593668
1146 -0.90665054321289062 -0.42188107967376709 0.0010543678654357791
1147 -0.69321537017822266 -0.72072958946228027 0.001179589657112956
1148 -0.077725738286972046 -0.99697369337081909 0.0015145821962505579
1149 -0.99981486797332764 -0.019202623516321182 0.0012327630538493395
1150 -0.08179020881652832 0.99664938449859619 0.00072575599187985063
1151 -0.091622121632099152 0.99579352140426636 0.00078980816761031747
1152 -0.94708025455474854 -0.32099533081054688 0.0010194850619882345
1153 -0.087452180683612823 -0.99616718292236328 0.0017661551246419549
1154 -0.6799619197845459 -0.73324590921401978 0.0014955172082409263
1155 -0.99875855445861816 -0.049796000123023987 0.0013111929874867201
1156 -0.085240103304386139 -0.99635982513427734 0.0011223871260881424
1157 -0.085446737706661224 0.99634259939193726 0.00057775020832195878
1158 -0.97725588083267212 -0.21205811202526093 0.0015064328908920288
1159 -0.79962790012359619 0.6004951000213623 0.00090468733105808496
1160 -0.97250431776046753 -0.23288120329380035 0.0012938078725710511
1161 -0.98032337427139282 -0.19739383459091187 0.0013155399356037378
1162 0.00058670091675594449 0.013755847699940205 0.99990522861480713
1163 -0.99739408493041992 0.0721278116106987 0.0016137466300278902
1164 -0.94462805986404419 -0.32814061641693115 0.0012799270916730165
1165 -0.085384808480739594 -0.99634736776351929 0.0011945634614676237
1166 -0.87687689065933228 0.48071351647377014 0.0012299389345571399
1167 -0.9489632248878479 0.31538444757461548 0.001267461571842432
1168 0.00080154562601819634 -0.01554635725915432 0.99987888336181641
1169 -0.72786158323287964 -0.68572312593460083 0.0011433839099481702
1170 -0.77713871002197266 -0.62932819128036499 0.001198663143441081
1171 -0.99222379922866821 -0.12445937842130661 0.0013295495882630348
1172 -0.085951060056686401 -0.99629873037338257 0.0011032060720026493
1173 -0.086047619581222534 0.99629080295562744 0.00067282927921041846
1174 -0.50502043962478638 -0.8631054162979126 0.0018533169059082866
1175 -0.91089409589767456 0.41263803839683533 0.0013666984159499407
1176 0.00062206748407334089 -0.013021547347307205 0.99991506338119507
1177 -0.97556036710739136 0.21972563862800598 0.0016119416104629636
1178 -0.080045759677886963 0.99679088592529297 0.00081857579061761498
1179 -0.86909472942352295 -0.49464434385299683 0.0011727384990081191
1180 -0.99748986959457397 0.070800922811031342 0.0010986229171976447
1181 -0.38389959931373596 0.92337453365325928 0.00073458917904645205
1182 -0.59549856185913086 -0.80335420370101929 0.0018601712072268128
1183 -0.72076898813247681 0.69317483901977539 0.00084994075587019324
1184 -0.99579536914825439 0.091602273285388947 0.00076105585321784019
1185 -0.98109918832778931 -0.1935020387172699 0.0011934238718822598
1186 -0.81938660144805908 0.57323998212814331 0.0012756767682731152
1187 -0.81964021921157837 0.57287722826004028 0.0012775369687005877
1188 -0.93081939220428467 -0.36547702550888062 0.0013611238682642579
1189 -0.79903364181518555 0.60128515958786011 0.0012453263625502586
1190 -0.87173885107040405 -0.48996704816818237 0.001909813960082829
1191 -0.99590206146240234 -0.09043487161397934 0.00082144537009298801
1192 -0.38013812899589539 -0.92492884397506714 0.0012892184313386679
1193 -0.98693913221359253 -0.16108867526054382 0.0012632062425836921
1194 -0.97740453481674194 0.21137391030788422 0.0011882934486493468
1195 -0.96334987878799438 -0.26824465394020081 0.0013690396444872022
1196 -0.68339318037033081 -0.73004835844039917 0.0017999192932620645
1197 -0.56466269493103027 -0.82532048225402832 0.0014543735887855291
1198 -0.37946745753288269 0.92520475387573242 0.00079033267684280872
1199 -0.6557115912437439 0.75501084327697754 0.00096805393695831299
1200 -0.72942614555358887 0.68405866622924805 0.0011476600775495172
1201 -0.64789438247680664 0.76172947883605957 0.0010315835243090987
1202 -0.087249644100666046 -0.99618488550186157 0.0018079215660691261
1203 -0.10011602938175201 0.99497532844543457 0.00092015491100028157
1204 -0.086602486670017242 -0.99624234437942505 0.0011187137570232153
1205 -0.086602523922920227 0.9962427020072937 0.00074378709541633725
1206 -0.8760075569152832 -0.48229622840881348 0.0010940352221950889
1207 -0.70304381847381592 0.71114587783813477 0.00099841610062867403
1208 -0.67753911018371582 0.73548597097396851 0.0010888886172324419
1209 -0.98204594850540161 -0.18863753974437714 0.0012845339952036738
1210 -0.55906969308853149 -0.82911956310272217 0.0013664576690644026
1211 -0.76413059234619141 -0.64505839347839355 0.0020476127974689007
1212 -0.58384472131729126 0.81186473369598389 0.0010461577912792563
1213 -0.99274289608001709 -0.12025049328804016 0.0011583341984078288
1214 -0.43570259213447571 -0.90009021759033203 0.00095501256873831153
1215 -0.84945809841156006 0.52765518426895142 0.0010067119728773832
1216 -0.25107091665267944 -0.96796786785125732 0.0012637146282941103
1217 -0.76437491178512573 -0.64476990699768066 0.001662489608861506
1218 -0.70180070400238037 0.71237260103225708 0.00099979224614799023
1219 -0.93925321102142334 -0.34322366118431091 0.0010190561879426241
1220 -0.97656196355819702 0.21523077785968781 0.0015866468893364072
1221 -0.99873387813568115 -0.050292294472455978 0.0011725634103640914
1222 -0.87901407480239868 -0.47679442167282104 0.001137632061727345
1223 -0.99871450662612915 0.05067501962184906 0.0011971521889790893
1224 -0.98343819379806519 0.18123883008956909 0.001347200246527791
1225 -0.48237428069114685 0.87596482038497925 0.00085472274804487824
1226 -0.080355599522590637 0.99676614999771118 0.00056377059081569314
1227 -0.99391120672225952 0.1101747453212738 0.0014401907101273537
1228 -0.80149811506271362 -0.5979951024055481 0.0016065950039774179
1229 -0.99521929025650024 0.097652345895767212 0.0016396293649449944
1230 -0.24763710796833038 -0.96885216236114502 0.0012200915953144431
1231 -0.38421320915222168 0.92324405908584595 0.00078792258864268661
1232 -0.99931031465530396 -0.037114027887582779 0.001206310698762536
1233 -0.98918914794921875 0.14663995802402496 0.0012644409434869885
1234 0.00056996807688847184 0.011820193380117416 0.99993002414703369
1235 -0.24735124409198761 0.96892577409744263 0.00052741996478289366
1236 -0.90283674001693726 0.42998161911964417 0.0013140308437868953
1237 -0.37365162372589111 0.92756885290145874 0.00073477433761581779
1238 -0.78508287668228149 -0.61938977241516113 0.0011134030064567924
1239 -0.9999127984046936 -0.013154829852283001 0.0012111110845580697
1240 -0.87376260757446289 0.48635080456733704 0.0013359407894313335
1241 -0.96759903430938721 0.25249016284942627 0.0009331373730674386
1242 -0.99710762500762939 -0.075991660356521606 0.0013034400762990117
1243 -0.61979228258132935 0.78476560115814209 0.00070552743272855878
1244 -0.60458254814147949 0.79654210805892944 0.00086595624452456832
1245 -0.83523303270339966 0.54989480972290039 0.0011698713060468435
1246 -0.91304862499237061 0.40784898400306702 0.0012070942902937531
1247 -0.99989354610443115 -0.014539816416800022 0.0012495995033532381
1248 -0.72061651945114136 -0.69333118200302124 0.0019271710189059377
1249 -0.75123721361160278 -0.66003137826919556 0.0011565504828467965
1250 -0.30894199013710022 0.95107805728912354 0.0023313534911721945
1251 -0.30903229117393494 0.95105135440826416 0.00056643330026417971
1252 -0.30893546342849731 -0.95107948780059814 0.0025768179912120104
1253 -0.30904221534729004 -0.95104789733886719 0.00091308989794924855
1254 -0.38114207983016968 -0.92451554536819458 0.0013261890271678567
1255 -0.83651232719421387 0.54794681072235107 0.0011844958644360304
1256 -0.9807441234588623 -0.19529488682746887 0.0010012744460254908
1257 -0.74723643064498901 0.66455775499343872 0.00083743507275357842
1258 -0.94611895084381104 0.32381710410118103 0.0011644088663160801
1259 -0.39732268452644348 -0.91767793893814087 0.001394833205267787
1260 -0.84019577503204346 -0.54228198528289795 0.0010893363505601883
1261 -0.99968856573104858 -0.024927657097578049 0.0012183102080598474
1262 -0.71247148513793945 -0.70170015096664429 0.0011579708661884069
1263 -0.73769265413284302 -0.67513483762741089 0.0015854982193559408
1264 -0.83813607692718506 -0.5454598069190979 0.0012795432703569531
1265 -0.40307784080505371 -0.9151645302772522 0.0015066512860357761
1266 -0.49166372418403625 0.87078338861465454 0.0017668285872787237
1267 -0.66025149822235107 -0.75104320049285889 0.0014530497137457132
1268 -0.88043075799942017 -0.47417342662811279 0.0011466059368103743
1269 -0.38591843843460083 0.92253261804580688 0.00075529381865635514
1270 -0.78020524978637695 -0.6255226731300354 0.0011175259714946151
1271 -0.82499885559082031 0.56513351202011108 0.0010062854271382093
1272 -0.54601407051086426 -0.83777409791946411 0.0017860543448477983
1273 -0.87127059698104858 0.49080130457878113 0.0012579597532749176
1274 -0.76183384656906128 0.64777147769927979 0.0012048688950017095
1275 -0.99903815984725952 0.043831530958414078 0.0012763802660629153
1276 -0.57615554332733154 -0.81733924150466919 0.0012238631024956703
1277 -0.73588848114013672 -0.67710071802139282 0.0016810849774628878
1278 -0.99162715673446655 0.12912650406360626 0.0013734839158132672
1279 -0.98408800363540649 -0.17767691612243652 0.0013357024872675538
1280 -0.78260409832000732 0.62251889705657959 0.0010025596711784601
1281 -0.079116664826869965 0.99686509370803833 0.00076463178265839815
1282 -0.92397844791412354 0.38244315981864929 0.0010588666191324592
1283 -0.73262912034988403 -0.68062710762023926 0.0011705619981512427
1284 -0.94550120830535889 -0.32561597228050232 0.0013073886511847377
1285 -0.65697455406188965 0.75391209125518799 0.0010327447671443224
1286 -0.88230979442596436 0.47066676616668701 0.0015214671147987247
1287 -0.80628353357315063 0.59152805805206299 0.001242005149833858
1288 -0.08342328667640686 0.99651408195495605 0.00057899975217878819
1289 -0.84501689672470093 0.53473812341690063 0.0012348537566140294
1290 -0.50024211406707764 -0.86588370800018311 0.0018186781089752913
1291 -0.9033273458480835 -0.42895042896270752 0.00114862946793437
1292 -0.61407798528671265 0.78924477100372314 0.00099886872339993715
1293 -0.59132575988769531 -0.80643051862716675 0.0019067920511588454
1294 -0.60918885469436646 0.79302477836608887 0.00082088046474382281
1295 -0.42648845911026001 -0.9044918417930603 0.0014584148302674294
1296 -0.51162433624267578 0.85920888185501099 0.00086349580669775605
1297 -0.73417907953262329 0.67895513772964478 0.0010420928010717034
1298 -0.75291669368743896 -0.6581147313117981 0.0011965130688622594
1299 -0.25224396586418152 0.9676634669303894 0.00067026633769273758
1300 -0.90680646896362305 -0.42154562473297119 0.0011751585407182574
1301 -0.99545562267303467 -0.095217540860176086 0.0013150199083611369
1302 -0.608989417552948 -0.79317748546600342 0.0012067846255376935
1303 -0.94592779874801636 -0.32437515258789062 0.0011930217733606696
1304 -0.91817831993103027 -0.39616620540618896 0.0010276930406689644
1305 -0.99280518293380737 -0.11973421275615692 0.0012645921669900417
1306 -0.91308313608169556 -0.40777212381362915 0.00099676486570388079
1307 -0.67868053913116455 -0.73443138599395752 0.0018152119591832161
1308 -0.79365444183349609 0.60836756229400635 0.0012252627639099956
1309 -0.87601697444915771 -0.48227915167808533 0.0010577328503131866
1310 -0.64890396595001221 0.76086974143981934 0.00099316821433603764
1311 -0.97079455852508545 0.23990781605243683 0.0015182476490736008
1312 -0.51055192947387695 -0.85984504222869873 0.0018160159233957529
1313 -0.68021422624588013 0.73301255702972412 0.0011215455597266555
1314 -0.98277348279953003 0.18481270968914032 0.00078690028749406338
1315 -0.98279112577438354 -0.18471881747245789 0.00077264523133635521
1316 -0.98295873403549194 0.18381783366203308 0.0017803118098527193
1317 -0.98266196250915527 -0.18540085852146149 0.0014281796757131815
1318 -0.89305555820465088 0.44994440674781799 0.0013560621300712228
1319 -0.76981633901596069 0.63826447725296021 0.0011709532700479031
1320 -0.68182158470153809 -0.73151755332946777 0.0012034140527248383
1321 -0.45441234111785889 -0.89078980684280396 0.0017168797785416245
1322 -0.99964863061904907 -0.026474611833691597 0.0013410686515271664
1323 -0.77392590045928955 -0.63327503204345703 0.0012386036105453968
1324 -0.55877447128295898 0.82931900024414062 0.0011100348783656955
1325 -0.99896705150604248 -0.04542190209031105 0.0012910122750326991
1326 -0.84985661506652832 0.52701252698898315 0.0012480368604883552
1327 -0.88910305500030518 -0.45770502090454102 0.0013635458890348673
1328 -0.91267615556716919 0.40868204832077026 0.0010573031613603234
1329 -0.96571236848831177 0.25961101055145264 0.0013359618606045842
1330 -0.9949648380279541 -0.10021687299013138 0.0012464876053854823
1331 -0.37009316682815552 0.92899411916732788 0.00098767597228288651
1332 -0.99388235807418823 -0.110438272356987 0.0011452238541096449
1333 -0.85287058353424072 -0.52212131023406982 0.001093275030143559
1334 -0.5061834454536438 0.86242550611495972 0.00081036967458203435
1335 -0.37828114628791809 0.92569047212600708 0.00073020753916352987
1336 -0.97227901220321655 -0.23381982743740082 0.0013293396914377809
1337 -0.69825351238250732 0.71584987640380859 0.0010008936515077949
1338 -0.41132542490959167 0.91148644685745239 0.0019898202735930681
1339 -0.40201124548912048 -0.91563326120376587 0.0016323261661455035
1340 -0.42108619213104248 0.9070204496383667 0.00063013203907757998
1341 -0.41456681489944458 -0.9100182056427002 0.0011229523224756122
1342 -0.96624249219894409 0.25762957334518433 0.0015489744255319238
1343 -0.40140047669410706 -0.9159008264541626 0.0018247048137709498
1344 -0.25279557704925537 -0.96751868724822998 0.0014224149053916335
1345 -0.98898476362228394 -0.14801210165023804 0.0012545944191515446
1346 -0.98680573701858521 -0.16190621256828308 0.00090304698096588254
1347 -0.71279662847518921 0.70136988162994385 0.0011550846975296736
1348 -0.79363393783569336 0.60839450359344482 0.0011689633829519153
1349 -0.67671471834182739 -0.73624372482299805 0.0015406998572871089
1350 -0.96692824363708496 -0.25504514575004578 0.0013204223942011595
1351 -0.96571356058120728 -0.25960800051689148 0.00096498464699834585
1352 -0.87319642305374146 -0.48736721277236938 0.0011656450806185603
1353 -0.54811775684356689 -0.83639901876449585 0.001914756023325026
1354 -0.43440720438957214 -0.90071547031402588 0.0014604288153350353
1355 -0.94801211357116699 0.31823194026947021 0.0012251446023583412
1356 -0.94772249460220337 -0.31909394264221191 0.0010738549754023552
1357 -0.9464603066444397 0.32281827926635742 0.0011217580176889896
1358 -0.94750130176544189 -0.31974965333938599 0.0011888873996213078
1359 -0.87378078699111938 0.48631840944290161 0.001224273000843823
1360 -0.80232483148574829 0.59688705205917358 0.00090726785128936172
1361 -0.99389052391052246 0.11035513132810593 0.0018412378849461675
1362 -0.79279738664627075 -0.60948413610458374 0.0012282185489311814
1363 -0.9207303524017334 0.39019730687141418 0.0012893084203824401
1364 -0.57908707857131958 -0.81526434421539307 0.0015130232786759734
1365 -0.71817755699157715 -0.69585901498794556 0.0011340132914483547
1366 -0.85287702083587646 0.52211028337478638 0.0013068155385553837
1367 -0.65751200914382935 -0.75344270467758179 0.0014627175405621529
1368 -0.95518702268600464 0.29599881172180176 0.0015890200156718493
1369 -0.99389886856079102 -0.11028482019901276 0.0015050615184009075
1370 -0.89532876014709473 0.44540423154830933 0.0012427364708855748
1371 -0.99968373775482178 0.02511194720864296 0.0013948988635092974
1372 -0.81965446472167969 -0.5728573203086853 0.0010542961535975337
1373 -0.95625722408294678 -0.29252389073371887 0.0013759383000433445
1374 -0.96981334686279297 -0.24384671449661255 0.00090177421225234866
1375 -0.58203703165054321 -0.81316131353378296 0.0012585159856826067
1376 -0.76584398746490479 -0.64302438497543335 0.0015960643067955971
1377 -0.9505612850189209 0.31053435802459717 0.0012858876725658774
1378 -0.86740189790725708 0.49760609865188599 0.0014931149780750275
1379 -0.99390757083892822 -0.11021425575017929 0.00076237204484641552
1380 -0.98673319816589355 0.16234803199768066 0.0008947457536123693
1381 -0.91255539655685425 0.40895107388496399 0.0013350766384974122
1382 -0.99928188323974609 0.037849206477403641 0.0017904011765494943
1383 -0.99928748607635498 -0.037718631327152252 0.0013813782716169953
1384 -0.739371657371521 0.67329674959182739 0.0010323955211788416
1385 -0.77451151609420776 0.63255864381790161 0.0012279559159651399
1386 -0.73812311887741089 -0.67466497421264648 0.0011849855072796345
1387 -0.98802679777145386 0.15427649021148682 0.0013826239155605435
1388 -0.86039561033248901 0.50962537527084351 0.0011989496415480971
1389 -0.55279761552810669 0.83331507444381714 0.00093105522682890296
1390 -0.91353100538253784 -0.40676721930503845 0.0012340287212282419
1391 -0.75553476810455322 -0.65510761737823486 0.001162682194262743
1392 -0.99389994144439697 0.11028353869915009 0.00073308253195136786
1393 -0.40628260374069214 -0.9137457013130188 0.0018072755774483085
1394 -0.99839729070663452 0.056582529097795486 0.0011495501967146993
1395 -0.76962381601333618 -0.63849639892578125 0.0012521008029580116
1396 -0.96840310096740723 0.24938830733299255 0.00095059833256527781
1397 -0.75906908512115479 -0.6510089635848999 0.0011919855605810881
1398 -0.25399518013000488 -0.96720445156097412 0.001423122244887054
1399 -0.9135623574256897 0.40669494867324829 0.0017624128377065063
1400 -0.28514739871025085 -0.95848286151885986 0.0013091651489958167
1401 -0.92688202857971191 -0.37535065412521362 0.0013034665025770664
1402 -0.86282902956008911 -0.50549417734146118 0.0013042187783867121
1403 -0.92886549234390259 -0.37041497230529785 0.0012979482999071479
1404 -0.91083329916000366 0.41277223825454712 0.00136684684548527
1405 -0.95573556423187256 -0.29422539472579956 0.00099977047648280859
1406 -0.78717339038848877 -0.6167304515838623 0.0013057059841230512
1407 -0.46006715297698975 -0.88788264989852905 0.0016617709770798683
1408 -0.48407590389251709 -0.87502497434616089 0.0013612085022032261
1409 -0.82299798727035522 0.56804299354553223 0.0012432989897206426
1410 -0.68438994884490967 -0.72911500930786133 0.0013467564713209867
1411 -0.88705486059188843 0.46166151762008667 0.0015366969164460897
1412 -0.9690822958946228 0.24673335254192352 0.0015062154270708561
1413 -0.43874481320381165 0.89861142635345459 0.00076912116492167115
1414 -0.82774865627288818 0.56109797954559326 0.0010624798014760017
1415 -0.99928033351898193 0.037923257797956467 0.00079642381751909852
1416 -0.98825371265411377 0.15281839668750763 0.0010548906866461039
1417 -0.99785089492797852 0.065505661070346832 0.0016433423152193427
1418 -0.77958142757415771 -0.62629967927932739 0.001228600274771452
1419 -0.96424692869186401 -0.26500201225280762 0.0013696836540475488
1420 -0.60678654909133911 0.7948642373085022 0.00099464890081435442
1421 -0.60354745388031006 0.79732668399810791 0.00081018375931307673
1422 -0.96270102262496948 -0.27056559920310974 0.0010405045468360186
1423 -0.28433558344841003 -0.95872402191162109 0.0012587985256686807
1424 -0.99928277730941772 -0.037857305258512497 0.00085439026588574052
1425 -0.87654805183410645 0.48131275177001953 0.0012634398881345987
1426 -0.85317057371139526 0.52163052558898926 0.0012470842339098454
1427 -0.95831239223480225 0.28571945428848267 0.0013627137523144484
1428 -0.96530961990356445 0.26110401749610901 0.0014828115236014128
1429 -0.94849860668182373 0.31677928566932678 0.0011484271381050348
1430 -0.96278190612792969 -0.27027672529220581 0.0012512187240645289
1431 -0.93461227416992188 0.35566559433937073 0.0013853148557245731
1432 -0.9217299222946167 0.3878307044506073 0.0011419437360018492
1433 -0.69809955358505249 0.7160000205039978 0.001001282362267375
1434 -0.92805272340774536 0.37244680523872375 0.0012974317651242018
1435 -0.69164460897445679 0.72223740816116333 0.00097641110187396407
1436 -0.93967354297637939 -0.34207114577293396 0.0010389881208539009
1437 -0.76276201009750366 0.6466783881187439 0.0011525687295943499
1438 -0.64517670869827271 -0.76403218507766724 0.001362220267765224
1439 -0.69818508625030518 -0.71591639518737793 0.0011889374582096934
1440 -0.54135215282440186 -0.84079474210739136 0.001451488584280014
1441 -0.97068130970001221 -0.24036775529384613 0.0010981145314872265
1442 -0.92366230487823486 0.38320526480674744 0.0012834840454161167
1443 -0.69087404012680054 -0.72297394275665283 0.0013404770288616419
1444 -0.60393548011779785 -0.79703235626220703 0.0012059385189786553
1445 -0.084171101450920105 -0.99645060300827026 0.0012016977416351438
1446 -0.96981167793273926 -0.24385234713554382 0.0011503091081976891
1447 -0.24433475732803345 -0.96968996524810791 0.0013998068170621991
1448 -0.92904931306838989 -0.36995431780815125 0.0010872747516259551
1449 -0.42953765392303467 0.90304863452911377 0.00079911533975973725
1450 -0.51623755693435669 -0.85644358396530151 0.0018061734735965729
1451 -0.7488330602645874 -0.66275650262832642 0.0017172220395877957
1452 -0.44316068291664124 -0.89644062519073486 0.0016764375614002347
1453 -0.97541618347167969 -0.22036784887313843 0.0011381570948287845
1454 -0.90882331132888794 0.4171791672706604 0.0013225099537521601
1455 -0.99924856424331665 0.038738097995519638 0.0012822310673072934
1456 -0.93833762407302856 -0.34571883082389832 0.00102021056227386
1457 -0.56271541118621826 -0.82664895057678223 0.0016894066939130425
1458 -0.59025108814239502 -0.80721873044967651 0.0012909948127344251
1459 -0.94966548681259155 -0.31326374411582947 0.0011321762576699257
1460 -0.98752588033676147 -0.15745404362678528 0.00094360159710049629
1461 -0.76714324951171875 0.64147478342056274 0.0011648912914097309
1462 -0.90286177396774292 0.4299289882183075 0.0013402649201452732
1463 -0.72086995840072632 0.69306957721710205 0.0010516569018363953
1464 -0.89786285161972046 0.44027331471443176 0.0012958649313077331
1465 -0.95589345693588257 0.29371055960655212 0.0013464934891089797
1466 -0.62577509880065918 0.78000295162200928 0.00095864525064826012
1467 -0.82658237218856812 0.56281441450119019 0.0012628199765458703
1468 -0.39758792519569397 -0.91756314039230347 0.0013519255444407463
1469 -0.36580678820610046 -0.93068987131118774 0.0013569468865171075
1470 -0.94432109594345093 0.32902240753173828 0.0013756098924204707
1471 -0.86467605829238892 -0.50232803821563721 0.0013894459698349237
1472 -0.90478891134262085 0.42585861682891846 0.0011691923718899488
1473 -0.93150722980499268 0.36372029781341553 0.0013657466042786837
1474 -0.99937069416046143 -0.035451095551252365 0.0012023028684780002
1475 -0.94745063781738281 0.31989911198616028 0.0013693758519366384
1476 -0.42611166834831238 -0.90466916561126709 0.0016069698613137007
1477 -0.87954056262969971 -0.47582271695137024 0.0010859693866223097
1478 -0.99940222501754761 0.034544114023447037 0.0013841844629496336
1479 -0.97622895240783691 0.21673671901226044 0.0015281140804290771
1480 -0.59411460161209106 0.80437988042831421 0.00097720487974584103
1481 -0.66377484798431396 -0.74793148040771484 0.0012142758350819349
1482 -0.86769938468933105 0.49708795547485352 0.0011981006246060133
1483 -0.99952119588851929 0.030920671299099922 0.0011753198923543096
1484 -0.37810841202735901 0.92576092481613159 0.00083229108713567257
1485 -0.61556285619735718 -0.78808623552322388 0.0015526834176853299
1486 -0.63805222511291504 -0.76999151706695557 0.0015619588084518909
1487 -0.9675065279006958 0.25284445285797119 0.00091718835756182671
1488 -0.43450528383255005 -0.90066760778427124 0.0017201296286657453
1489 -0.91663414239883423 0.39972543716430664 0.0011915540089830756
1490 -0.90051883459091187 -0.43481555581092834 0.0011236045975238085
1491 -0.37236189842224121 -0.92808657884597778 0.0013793116668239236
1492 -0.65234643220901489 0.75792044401168823 0.00083765009185299277
1493 -0.99537825584411621 0.096020989120006561 0.001487910165451467
1494 -0.96454083919525146 -0.2639315128326416 0.0010612120386213064
1495 -0.950539231300354 -0.31060156226158142 0.001353904721327126
1496 -0.59390389919281006 -0.8045341968536377 0.0017178879352286458
1497 -0.24737490713596344 -0.96891915798187256 0.0011609022039920092
1498 -0.63404875993728638 -0.77329206466674805 0.0012956481659784913
1499 -0.51233834028244019 -0.85878294706344604 0.00117850536480546
1500 -0.82439708709716797 -0.56601083278656006 0.0010635134531185031
1501 -0.88135892152786255 -0.47244599461555481 0.0011629947694018483
1502 -0.48051705956459045 -0.8769843578338623 0.0013512258883565664
1503 -0.9720693826675415 -0.23469117283821106 0.001104226685129106
1504 -0.90353769063949585 -0.42850685119628906 0.001218902412801981
1505 -0.90492755174636841 -0.42556431889533997 0.0010832567932084203
1506 -0.74154525995254517 0.6709018349647522 0.0012177345342934132
1507 -0.9766877293586731 -0.21466240286827087 0.0010679481783881783
1508 -0.69260543584823608 -0.72131568193435669 0.0011816407786682248
1509 -0.952056884765625 -0.30591821670532227 0.0013568251160904765
1510 -0.99684017896652222 0.079422838985919952 0.0013122392119839787
1511 -0.97100216150283813 -0.23906697332859039 0.0013553343014791608
1512 -0.77206140756607056 0.63554704189300537 0.001050804159604013
1513 -0.88002097606658936 0.47493326663970947 0.0012314296327531338
1514 -0.61959916353225708 0.78491806983947754 0.00072593975346535444
1515 -0.99159210920333862 -0.12939687073230743 0.0012742422986775637
1516 -0.87916058301925659 -0.47652432322502136 0.0011261708568781614
1517 -0.63164681196212769 0.77525562047958374 0.00098452786915004253
1518 -0.90518909692764282 0.42500695586204529 0.0013560826191678643
1519 -0.95766359567642212 -0.28788793087005615 0.0010038081090897322
1520 -0.98842203617095947 0.15172608196735382 0.001072651706635952
1521 -0.97762906551361084 -0.21033227443695068 0.0013347810599952936
1522 -0.54152292013168335 0.84068524837493896 0.0011629012878984213
1523 -0.99940198659896851 0.034548912197351456 0.0014495463110506535
1524 -0.54170531034469604 -0.84056633710861206 0.0018825717270374298
1525 -0.39701509475708008 -0.91781091690063477 0.0014814970782026649
1526 -0.97076761722564697 -0.24001958966255188 0.00092290947213768959
1527 -0.9918944239616394 0.12705585360527039 0.0015547187067568302
1528 -0.39469775557518005 -0.91880983114242554 0.0014888359000906348
1529 -0.9985923171043396 -0.053023174405097961 0.0014346559764817357
1530 -0.944732666015625 0.32784023880958557 0.0010108491405844688
1531 -0.87452006340026855 0.4849877655506134 0.0012598304310813546
1532 -0.85616147518157959 0.51670694351196289 0.001192283583804965
1533 -0.98094427585601807 0.19428300857543945 0.001554962364025414
1534 -0.97374141216278076 -0.2276550829410553 0.00094088295008987188
1535 -0.53926146030426025 -0.84213727712631226 0.0013731019571423531
1536 -0.76764440536499023 -0.64087510108947754 0.0011335263261571527
1537 -0.84998983144760132 0.5267975926399231 0.0012743310071527958
1538 -0.6405869722366333 -0.76788347959518433 0.0018093007383868098
1539 -0.25153371691703796 0.96784824132919312 0.00075110734906047583
1540 -0.95668512582778931 0.29112043976783752 0.0015721151139587164
1541 -0.61221659183502197 -0.79068857431411743 0.001575582311488688
1542 -0.22776320576667786 0.97371619939804077 0.00085622863844037056
1543 -0.91654878854751587 0.39992108941078186 0.0012278417125344276
1544 -0.91516649723052979 -0.40307468175888062 0.001045923912897706
1545 -0.34612366557121277 0.93818831443786621 0.0010451005073264241
1546 -0.65175187587738037 0.75843155384063721 0.0010237523820251226
1547 -0.8262212872505188 -0.56334483623504639 0.0010404727654531598
1548 -0.67613297700881958 -0.7367786169052124 0.0012056473642587662
1549 -0.41738751530647278 0.90872836112976074 0.00062313582748174667
1550 -0.99917972087860107 -0.040479034185409546 0.0012048226781189442
1551 -0.99225246906280518 -0.12423144280910492 0.0013026663800701499
1552 -0.94925987720489502 -0.3144911527633667 0.0010186325525864959
1553 -0.94538009166717529 0.32596847414970398 0.0010401317849755287
1554 -0.88504409790039062 -0.46550589799880981 0.0011142308358103037
1555 -0.99891042709350586 0.046652283519506454 0.0012254295870661736
1556 -0.10448271781206131 0.99452561140060425 0.0014820764772593975
1557 -0.10445576161146164 -0.99452686309814453 0.0023102099075913429
1558 -0.10453756153583527 0.99452090263366699 0.00030052717193029821
1559 -0.10454659163951874 -0.99451982975006104 0.00058940093731507659
1560 -0.50316303968429565 -0.86419034004211426 0.0014494431670755148
1561 -0.91472363471984863 0.40407848358154297 0.0010557161876931787
1562 -0.95082885026931763 -0.30971530079841614 0.0010027028620243073
1563 -0.96190965175628662 -0.27336418628692627 0.0013569686561822891
1564 -0.98717159032821655 0.15966007113456726 0.0010027816751971841
1565 -0.8967442512512207 0.44254770874977112 0.0011390007566660643
1566 -0.37723526358604431 0.92611724138259888 0.00072435254696756601
1567 -0.54212552309036255 -0.84029567241668701 0.001787337358109653
1568 -0.92318505048751831 -0.38435444235801697 0.0010378134902566671
1569 -0.84353214502334595 0.53707736730575562 0.0012270888546481729
1570 -0.76347863674163818 -0.64583218097686768 0.0011401217197999358
1571 -0.79841411113739014 -0.60210752487182617 0.001188633730635047
1572 -0.84046667814254761 -0.54186195135116577 0.0012268895516172051
1573 -0.073686875402927399 -0.99727964401245117 0.0018806458683684468
1574 -0.074916824698448181 0.99718928337097168 0.0010359827429056168
1575 -0.074216090142726898 -0.99724161624908447 0.0010868352837860584
1576 -0.074903398752212524 0.99719059467315674 0.00072328420355916023
1577 -0.86284047365188599 0.50547415018081665 0.0014856390189379454
1578 -0.98442709445953369 0.1757882833480835 0.0013694901717826724
1579 -0.89382201433181763 0.44841983914375305 0.0013856459408998489
1580 -0.99573463201522827 -0.092254400253295898 0.0012864696327596903
1581 -0.9763331413269043 -0.21626803278923035 0.0013328865170478821
1582 -0.61118626594543457 -0.79148572683334351 0.0013053009752184153
1583 -0.51019978523254395 0.86005568504333496 0.00070111936656758189
1584 -0.88662070035934448 0.46249568462371826 0.0012561074690893292
1585 -0.67878246307373047 -0.73433852195739746 0.0011775431921705604
1586 -0.49665409326553345 -0.86794745922088623 0.0013876559678465128
1587 -0.54223841428756714 -0.84022361040115356 0.0013766811462119222
1588 -0.76239067316055298 -0.64711618423461914 0.0010613109916448593
1589 -0.79494702816009521 0.6066778302192688 0.0011174575192853808
1590 -0.73274189233779907 0.68050599098205566 0.0010199676034972072
1591 -0.52153408527374268 0.85322904586791992 0.0015445982571691275
1592 -0.84194207191467285 -0.5395665168762207 0.0012774164788424969
1593 -0.91804510354995728 0.39647415280342102 0.0012420484563335776
1594 -0.80891638994216919 0.58792233467102051 0.0012521605240181088
1595 -0.54163765907287598 0.84061127901077271 0.0012001967988908291
1596 -0.90661942958831787 0.42194774746894836 0.0011908399173989892
1597 -0.46632540225982666 -0.8846123218536377 0.0013250237097963691
1598 -0.22943001985549927 0.97332477569580078 0.00090090488083660603
1599 -0.96439719200134277 0.26445496082305908 0.001321537303738296
1600 -0.99801033735275269 0.063032865524291992 0.0014989733463153243
1601 -0.99945896863937378 0.032861310988664627 0.0014189288485795259
1602 -0.77549862861633301 0.63134819269180298 0.001179250655695796
1603 -0.99912428855895996 -0.041814614087343216 0.0014856327325105667
1604 -0.91651487350463867 0.39999812841415405 0.0014710931573063135
1605 -0.992545485496521 0.12186567485332489 0.0015102496836334467
1606 -0.99740093946456909 0.072038173675537109 0.0013991245068609715
1607 -0.85926032066345215 -0.51153719425201416 0.0012034366372972727
1608 -0.67364692687988281 -0.7390521764755249 0.0013376326533034444
1609 -0.92085415124893188 0.38990470767021179 0.0013876851880922914
1610 -0.53509521484375 -0.84479063749313354 0.0013862088089808822
1611 -0.99883013963699341 -0.048343878239393234 0.0011505382135510445
1612 -0.82257479429244995 0.56865561008453369 0.0012775753857567906
1613 -0.99491637945175171 -0.10069552809000015 0.001363878371194005
1614 -0.80587595701217651 0.59208321571350098 0.0012395360972732306
1615 -0.38654351234436035 -0.92227011919021606 0.0013956500915810466
1616 -0.7074967622756958 -0.70671540498733521 0.0013119609793648124
1617 -0.98408567905426025 0.17768922448158264 0.0013936345931142569
1618 -0.70074713230133057 -0.71340787410736084 0.0016490204725414515
1619 -0.81497740745544434 -0.57949155569076538 0.0011758524924516678
1620 -0.92237555980682373 -0.38629287481307983 0.0010690895142033696
1621 -0.99435406923294067 -0.10610498487949371 0.0013155342312529683
1622 -0.90089255571365356 -0.43404054641723633 0.0011801015352830291
1623 -0.99123823642730713 -0.13208207488059998 0.0010748659260571003
1624 -0.56268167495727539 -0.82667303085327148 0.0010109212016686797
1625 -0.9815974235534668 -0.19095893204212189 0.0011315841693431139
1626 -0.80033844709396362 0.59954720735549927 0.0012552037369459867
1627 -0.59629017114639282 -0.80276787281036377 0.0013034391449764371
1628 -0.90554440021514893 -0.42424950003623962 0.0012815403752028942
1629 -0.42843788862228394 -0.90356987714767456 0.0015802495181560516
1630 -0.96576178073883057 0.25942647457122803 0.0014839036157354712
1631 -0.91981589794158936 -0.39234870672225952 0.0011023527476936579
1632 -0.89328300952911377 0.44949305057525635 0.0012089605443179607
1633 -0.070902407169342041 0.99748307466506958 0.00060168351046741009
1634 -0.98197287321090698 0.18901562690734863 0.0015409846091642976
1635 -0.86963421106338501 -0.49369537830352783 0.0011463818373158574
1636 -0.66856735944747925 -0.74365049600601196 0.0013145327102392912
1637 -0.85004264116287231 0.52671247720718384 0.0012345273280516267
1638 -0.9737427830696106 -0.22764736413955688 0.0013076175237074494
1639 -0.92767059803009033 -0.37339654564857483 0.0015257890336215496
1640 -0.3979375958442688 -0.917411208152771 0.0015377805102616549
1641 -0.9909822940826416 0.13398687541484833 0.0012826850870624185
1642 -0.73733282089233398 0.67552870512008667 0.0011284793727099895
1643 -0.96605962514877319 0.25831732153892517 0.0010108401766046882
1644 0.00085737527115270495 -0.014788566157221794 0.99989032745361328
1645 0.00071497145108878613 0.011344613507390022 0.99993538856506348
1646 -0.60861843824386597 0.79346257448196411 0.0008302066707983613
1647 -0.91601693630218506 -0.40113836526870728 0.0010557188652455807
1648 -0.81916815042495728 -0.57355141639709473 0.0015276154736056924
1649 -0.65236920118331909 -0.75790011882781982 0.0013692791108042002
1650 -0.99823939800262451 -0.059296540915966034 0.0014365495881065726
1651 -0.73690307140350342 0.67599731683731079 0.0012211122084408998
1652 -0.56683719158172607 -0.82382827997207642 0.0016079889610409737
1653 -0.61746227741241455 0.78659999370574951 0.00090530765010043979
1654 -0.99578386545181274 -0.09172464907169342 0.0010748037602752447
1655 0.00066446803975850344 0.017822731286287308 0.99984097480773926
1656 -0.70334655046463013 -0.71084529161453247 0.00163175945635885
1657 -0.97114658355712891 0.23847772181034088 0.0016578602371737361
1658 -0.89162933826446533 -0.45276451110839844 0.0011845994740724564
1659 -0.9873960018157959 0.15826350450515747 0.0013666446320712566
1660 -0.23874346911907196 0.97108203172683716 0.0011182284215465188
1661 -0.98993963003158569 -0.14148418605327606 0.0013470746343955398
1662 -0.96565479040145874 0.25982379913330078 0.0015784134157001972
1663 -0.227240189909935 -0.97383791208267212 0.0012860818533226848
1664 -0.40452831983566284 0.91452521085739136 0.00075882708188146353
1665 -0.63508027791976929 -0.77244508266448975 0.0012695189798250794
1666 -0.63624197244644165 -0.77148842811584473 0.0013476029271259904
1667 -0.49186259508132935 0.87067216634750366 0.0010917298495769501
1668 -0.98525112867355347 0.17110884189605713 0.0013991767773404717
1669 -0.79598438739776611 0.60531598329544067 0.0012169663095846772
1670 -0.85922533273696899 -0.5115959644317627 0.0011952135246247053
1671 -0.58772647380828857 -0.80905860662460327 0.001371662481687963
1672 -0.98901432752609253 0.1478162407875061 0.0010421747574582696
1673 7.5138574175070971e-05 0.02574511244893074 0.99966853857040405
1674 -0.38219243288040161 -0.92408150434494019 0.0015582536580041051
1675 -0.86276352405548096 0.50560671091079712 0.00093920977087691426
1676 -0.076046228408813477 0.99710404872894287 0.0007482226355932653
1677 -0.99527323246002197 -0.097109004855155945 0.0010488176485523582
1678 -0.63309007883071899 -0.77407658100128174 0.0015800121473148465
1679 -0.92291605472564697 -0.38499882817268372 0.0013740962604060769
1680 -0.99878698587417603 0.049220040440559387 0.001381908543407917
1681 -0.96768558025360107 -0.25215640664100647 0.0013392417458817363
1682 -0.67310541868209839 0.73954588174819946 0.0010293624363839626
1683 -0.97220867872238159 0.23411035537719727 0.0016436292789876461
1684 -0.3815363347530365 0.92435353994369507 0.0008021998219192028
1685 -0.87747043371200562 0.4796290397644043 0.0012827677419409156
1686 -0.77499383687973022 0.63196784257888794 0.0011153595987707376
1687 -0.35827276110649109 -0.93361598253250122 0.0013713516527786851
1688 -0.99685013294219971 0.079300105571746826 0.0011686657089740038
1689 -0.73511815071105957 -0.67793756723403931 0.0013863778440281749
1690 -0.27184405922889709 -0.96234029531478882 0.0014227251522243023
1691 -0.35594147443771362 -0.93450677394866943 0.0016633004415780306
1692 -0.61725515127182007 -0.78676193952560425 0.0013476023450493813
1693 -0.52213013172149658 -0.85286456346511841 0.0014929056633263826
1694 -0.76143616437911987 -0.64823800325393677 0.0016005074139684439
1695 -0.89196372032165527 -0.45210570096969604 0.0010688299080356956
1696 -0.97511357069015503 -0.22170396149158478 0.00094660918693989515
1697 -0.58991920948028564 -0.80746114253997803 0.001369284582324326
1698 -0.89298486709594727 -0.45008531212806702 0.0011328480904921889
1699 -0.42733117938041687 -0.90409374237060547 0.0016252509085461497
1700 -0.94125080108642578 0.33770641684532166 0.001164895948022604
1701 -0.63170474767684937 -0.7752079963684082 0.0012947622453793883
1702 -0.6472325325012207 0.76229208707809448 0.00095141056226566434
1703 -0.96798253059387207 -0.25101405382156372 0.0013410924002528191
1704 -0.97778099775314331 0.20962418615818024 0.0014298890018835664
1705 -0.66516739130020142 0.74669361114501953 0.0010340723674744368
1706 -0.9813876748085022 -0.1920323520898819 0.0013330414658412337
1707 -0.94389551877975464 -0.33024173974990845 0.0012960629537701607
1708 -0.99337190389633179 0.11493830382823944 0.0012032018275931478
1709 -0.99645411968231201 -0.084126703441143036 0.0013808197109028697
1710 -0.37766632437705994 -0.92594045400619507 0.001567009836435318
1711 -0.071264483034610748 -0.99745637178421021 0.0015133721753954887
1712 -0.99817788600921631 -0.060327358543872833 0.0012485745828598738
1713 -0.94012850522994995 -0.34081843495368958 0.0010953467572107911
1714 -0.36974868178367615 -0.92913079261779785 0.001382952556014061
1715 -0.86241400241851807 -0.50620192289352417 0.0013274395605549216
1716 -0.47442278265953064 0.88029634952545166 0.0011935799848288298
1717 -0.36818370223045349 -0.9297521710395813 0.0012861430877819657
1718 -0.85586684942245483 0.51719564199447632 0.00078878382919356227
1719 -0.94026368856430054 0.34044486284255981 0.0012599144829437137
1720 -0.41481143236160278 0.90990525484085083 0.0019970373250544071
1721 -0.34329646825790405 0.93922662734985352 0.00092411442892625928
1722 -0.58839237689971924 -0.80857419967651367 0.0014944226713851094
1723 -0.82598090171813965 -0.56369698047637939 0.0011761182686313987
1724 -0.84570783376693726 -0.53364497423171997 0.0011497538071125746
1725 -0.88052648305892944 0.4739953875541687 0.0012615444138646126
1726 -0.69972050189971924 0.71441608667373657 0.00092577846953645349
1727 -0.22593913972377777 0.97414112091064453 0.00076873099897056818
1728 -0.59741890430450439 0.8019288182258606 0.00089805747848004103
1729 -0.92524540424346924 -0.37936791777610779 0.0010167243890464306
1730 -0.47604817152023315 -0.87941825389862061 0.0013233124045655131
1731 -0.84248816967010498 0.53871345520019531 0.0012409464688971639
1732 -0.84196299314498901 0.53953343629837036 0.0014313224237412214
1733 -0.65605169534683228 0.75471556186676025 0.0008555441745556891
1734 -0.38728424906730652 0.92196005582809448 0.00074303045403212309
1735 -0.24197714030742645 -0.97028088569641113 0.001450791722163558
1736 -0.71911501884460449 -0.69488853216171265 0.0019129452994093299
1737 -0.93272030353546143 0.36059877276420593 0.0011618832359090447
1738 -0.39063006639480591 -0.92054671049118042 0.0013829227536916733
1739 -0.36685016751289368 -0.93027901649475098 0.0014128636103123426
1740 -0.36652398109436035 -0.93040764331817627 0.0013598885852843523
1741 -0.51136809587478638 0.85936152935028076 0.00070420815609395504
1742 -0.91353720426559448 0.40675497055053711 0.00053781486349180341
1743 -0.23328258097171783 0.97240710258483887 0.0019202390685677528
1744 -0.23333857953548431 0.97239530086517334 0.00069977965904399753
1745 -0.22546142339706421 -0.97424978017807007 0.0021402612328529358
1746 -0.2302500307559967 -0.97313094139099121 0.0010994444601237774
1747 -0.82920342683792114 -0.55894559621810913 0.0012468622298911214
1748 -0.59485763311386108 0.80383050441741943 0.00096722366288304329
1749 0.00045993441017344594 -0.017431437969207764 0.99984794855117798
1750 -0.77039706707000732 -0.63756316900253296 0.0012381464475765824
1751 -0.48181122541427612 -0.87627363204956055 0.0016020787879824638
1752 -0.89079773426055908 -0.45439866185188293 0.0011436365311965346
1753 -0.41165977716445923 -0.91133689880371094 0.0011308653047308326
1754 -0.84172534942626953 0.53990447521209717 0.001249317079782486
1755 -0.85982263088226318 -0.51058971881866455 0.0018052940722554922
1756 -0.93120145797729492 -0.36450359225273132 0.0010378992883488536
1757 -0.85286188125610352 0.52213478088378906 0.0014123762957751751
1758 -0.5087854266166687 -0.86089187860488892 0.0016253937501460314
1759 -0.97816097736358643 0.20783679187297821 0.0022221200633794069
1760 -0.91098511219024658 -0.41243720054626465 0.0013242842396721244
1761 -0.22145776450634003 0.97516977787017822 0.00058316299691796303
1762 -0.99667853116989136 -0.081429317593574524 0.001088667893782258
1763 -0.69387149810791016 0.72009825706481934 0.00090773601550608873
1764 -0.99057453870773315 -0.13697141408920288 0.00099869293626397848
1765 -0.51820355653762817 -0.85525661706924438 0.0010656208032742143
1766 -0.74276036024093628 -0.66955643892288208 0.0011029405286535621
1767 -0.56185191869735718 0.82723742723464966 0.00088730949210003018
1768 -0.22681455314159393 0.97393757104873657 0.00091714627342298627
1769 -0.72373425960540771 0.69007807970046997 0.0010226073209196329
1770 -0.61080765724182129 0.79177850484848022 0.0009192197467200458
1771 -0.76165920495986938 0.64797723293304443 0.00094545044703409076
1772 -0.76798397302627563 0.64046794176101685 0.0011817965423688293
1773 -0.82860314846038818 -0.5598333477973938 0.0018704244866967201
1774 -0.92421454191207886 -0.38187131285667419 0.0013373178662732244
1775 -0.69671756029129028 0.71734499931335449 0.00088757928460836411
1776 -0.82013207674026489 -0.57217222452163696 0.0015209823613986373
1777 -0.9987596869468689 0.049776744097471237 0.0011760033667087555
1778 -0.88037002086639404 0.47428584098815918 0.0012600367190316319
1779 -0.98709380626678467 0.16013649106025696 0.0014457106590270996
1780 -0.56423509120941162 0.82561367750167847 0.00094069045735523105
1781 -0.95337241888046265 0.3017922043800354 0.0016060725320130587
1782 -0.64066624641418457 0.76781898736953735 0.00087776686996221542
1783 -0.3797340989112854 0.9250953197479248 0.00080298818647861481
1784 -0.69216883182525635 0.72173500061035156 0.00093771569663658738
1785 -0.46445378661155701 -0.88559645414352417 0.0012634505983442068
1786 -0.22970306873321533 -0.97325849533081055 0.0021200552582740784
1787 -0.23746189475059509 0.97139501571655273 0.0018891866784542799
1788 -0.23786833882331848 -0.97129672765731812 0.0011535016819834709
1789 -0.24106608331203461 0.97050845623016357 0.00074377888813614845
1790 -0.93362897634506226 -0.35823911428451538 0.0012821690179407597
1791 -0.77908778190612793 -0.62691354751586914 0.0013213428901508451
1792 -0.36261111497879028 0.93194001913070679 0.0010597903747111559
1793 -0.99840861558914185 -0.056381307542324066 0.0012202794896438718
1794 -0.99891620874404907 -0.046521637588739395 0.0014673288678750396
1795 -0.90639466047286987 -0.42243039608001709 0.0011513038771227002
1796 -0.35847806930541992 -0.9335365891456604 0.0017108945176005363
1797 -0.87276709079742432 0.48813536763191223 0.0012627564137801528
1798 -0.87507814168930054 0.48398002982139587 0.0012704386608675122
1799 -0.61191827058792114 0.79092025756835938 0.0011189120123162866
1800 -0.82990777492523193 -0.55789768695831299 0.0018157296581193805
1801 -0.96947914361953735 0.24517197906970978 0.00095821212744340301
1802 -0.95350527763366699 0.30137214064598083 0.0015751040773466229
1803 -0.94959104061126709 0.31348979473114014 0.0010389722883701324
1804 -0.94713658094406128 0.32082688808441162 0.0015438779955729842
1805 -0.97175860404968262 0.23597489297389984 0.0010496564209461212
1806 -0.86733728647232056 0.49771946668624878 0.0011983895674347878
1807 -0.90654647350311279 0.42210450768470764 0.0011391952866688371
1808 -0.079051695764064789 -0.99686884880065918 0.0018690914148464799
1809 -0.085321754217147827 0.99635285139083862 0.0011326286476105452
1810 -0.078996442258358002 -0.99687433242797852 0.001096240128390491
1811 -0.079370938241481781 0.99684494733810425 0.00072597590042278171
1812 -0.48346838355064392 -0.87536036968231201 0.0016055236337706447
1813 -0.99909955263137817 -0.042408134788274765 0.0013088599080219865
1814 0.00080450577661395073 -0.012125932611525059 0.99992620944976807
1815 -0.78783142566680908 0.61588954925537109 0.0013044760562479496
1816 -0.62241560220718384 -0.78268575668334961 0.0013642060803249478
1817 -0.91384458541870117 -0.40606209635734558 0.001304068136960268
1818 -0.50144535303115845 -0.86518794298171997 0.0015742467949166894
1819 -0.9958568811416626 0.09092249721288681 0.0014707674272358418
1820 -0.92731237411499023 0.37428578734397888 0.0014033523621037602
1821 0.00078850548015907407 -0.013938288204371929 0.99990260601043701
1822 -0.79206126928329468 -0.61044055223464966 0.0011405039113014936
1823 -0.97032487392425537 0.24180297553539276 0.00105026934761554
1824 -0.89197975397109985 0.45207342505455017 0.0013323458842933178
1825 -0.87173670530319214 0.48997291922569275 0.0013094655005261302
1826 -0.93358147144317627 -0.35836395621299744 0.0010389158269390464
1827 -0.98929470777511597 -0.14592482149600983 0.0013918180484324694
1828 -0.52295786142349243 0.85235786437988281 0.0010738642886281013
1829 -0.99181532859802246 0.12767094373703003 0.0016079341294243932
1830 -0.96044915914535522 -0.27845215797424316 0.0013712539803236723
1831 -0.9872666597366333 0.15906767547130585 0.0014477572403848171
1832 -0.59382838010787964 0.80459129810333252 0.00087963562691584229
1833 -0.3875562846660614 0.92184579372406006 0.00074445013888180256
1834 -0.3637077808380127 -0.93151205778121948 0.0013844864442944527
1835 -0.75685548782348633 -0.65358006954193115 0.0016957350308075547
1836 -0.92804819345474243 0.37245741486549377 0.0014268406666815281
1837 -0.4755711555480957 -0.87967634201049805 0.0012853608932346106
1838 -0.50373005867004395 -0.86385995149612427 0.0014573252992704511
1839 -0.82205259799957275 -0.56941020488739014 0.0012755807256326079
1840 -0.94991028308868408 -0.31252139806747437 0.00092286581639200449
1841 -0.98355114459991455 -0.18062692880630493 0.0010739194694906473
1842 -0.38013234734535217 -0.92493122816085815 0.0012758185621351004
1843 -0.95742648839950562 -0.2886735200881958 0.0014179479330778122
1844 -0.50117558240890503 -0.86534446477890015 0.0014380407519638538
1845 -0.89800667762756348 -0.43998056650161743 0.0010898301843553782
1846 -0.6383516788482666 0.7697443962097168 0.00090199871920049191
1847 -0.360088050365448 -0.93291729688644409 0.0013831533724442124
1848 -0.52909833192825317 -0.84855979681015015 0.0011512091150507331
1849 -0.99947088956832886 0.032507594674825668 0.0011569556081667542
1850 -0.94134092330932617 -0.33745548129081726 0.001061307149939239
1851 -0.75879561901092529 0.65132820606231689 0.00089470343664288521
1852 -0.84836530685424805 0.52940976619720459 0.0012729107402265072
1853 -0.96762281656265259 -0.25239768624305725 0.0012115712743252516
1854 -0.98437190055847168 -0.17609705030918121 0.0013768085045740008
1855 -0.48231866955757141 -0.87599486112594604 0.001312950742430985
1856 -0.37155184149742126 0.92841142416000366 0.001255430281162262
1857 -0.99057626724243164 -0.13695672154426575 0.0012676183832809329
1858 -0.91783225536346436 -0.39696705341339111 0.0010755487019196153
1859 -0.81924736499786377 -0.57343894243240356 0.0012742879334837198
1860 -0.85124188661575317 0.52477294206619263 0.00079133879626169801
1861 -0.47425428032875061 -0.8803870677947998 0.0012831276981160045
1862 -0.94503438472747803 -0.32696837186813354 0.0013489029370248318
1863 -0.91386604309082031 -0.40601363778114319 0.0013698673574253917
1864 -0.83437621593475342 -0.55119425058364868 0.0011702454648911953
1865 -0.94620645046234131 -0.3235606849193573 0.0013606371358036995
1866 -0.83864408731460571 -0.54467839002609253 0.0012439289130270481
1867 -0.48469081521034241 -0.87468463182449341 0.0012968553928658366
1868 -0.99953544139862061 -0.030447240918874741 0.0013895683223381639
1869 -0.9059605598449707 0.42336010932922363 0.0013192298356443644
1870 -0.96177619695663452 -0.27383479475975037 0.0010037216125056148
1871 -0.54801464080810547 -0.836467444896698 0.0014851972227916121
1872 -0.60462963581085205 0.79650634527206421 0.00088603328913450241
1873 -0.71642172336578369 -0.6976664662361145 0.0012298106448724866
1874 -0.375294029712677 0.92690503597259521 0.0011972030624747276
1875 -0.75925421714782715 0.65079319477081299 0.0011758297914639115
1876 -0.83238762617111206 -0.55419272184371948 0.0011748597025871277
1877 -0.23588009178638458 0.97178196907043457 0.00063906615832820535
1878 -0.96104103326797485 -0.27640104293823242 0.001629036501981318
1879 -0.93094950914382935 0.36514481902122498 0.0015117154689505696
1880 -0.96435308456420898 -0.26461693644523621 0.0010525807738304138
1881 -0.91510897874832153 -0.40320524573326111 0.0010726943146437407
1882 -0.99467557668685913 0.10304254293441772 0.0016440442996099591
1883 -0.91337811946868896 -0.40711084008216858 0.0011142264120280743
1884 -0.34701052308082581 0.93786090612411499 0.00084455020260065794
1885 -0.84765106439590454 0.53055292367935181 0.0011827596463263035
1886 -0.92649400234222412 -0.37630638480186462 0.0015434420201927423
1887 -0.79629790782928467 -0.6049034595489502 0.0012196335010230541
1888 -0.5294727087020874 -0.84832566976547241 0.0014750909758731723
1889 -0.95015782117843628 0.31176769733428955 0.0010137991048395634
1890 -0.88933479785919189 -0.45725524425506592 0.0011555743403732777
1891 -0.46701070666313171 -0.88425081968307495 0.0012523931218311191
1892 -0.98450344800949097 -0.17535983026027679 0.0013718274421989918
1893 -0.91124588251113892 0.41186141967773438 0.0011160429567098618
1894 -0.79150009155273438 -0.61116796731948853 0.0011633139802142978
1895 -0.37113896012306213 -0.92857623100280762 0.0014176997356116772
1896 -0.23007918894290924 0.97317135334014893 0.0010696407407522202
1897 -0.79843807220458984 -0.60207587480545044 0.0011658738367259502
1898 -0.42373162508010864 -0.90578645467758179 0.0015409850748255849
1899 -0.38207247853279114 -0.92413145303726196 0.0013108628336340189
1900 0.89677894115447998 0.44247817993164062 0.00086691777687519789
1901 0.73675858974456787 -0.67615467309951782 0.0013139375951141119
1902 0.98736011981964111 -0.15849059820175171 0.0008633758407086134
1903 0.84844624996185303 0.52928084135055542 0.00079551798989996314
1904 0.39469143748283386 -0.91881197690963745 0.0017844690009951591
1905 0.86962884664535522 -0.49370500445365906 0.0010778761934489012
1906 0.98938322067260742 -0.14532661437988281 0.0010539655340835452
1907 0.86433404684066772 -0.50291508436203003 0.0017776299500837922
1908 0.85850340127944946 -0.51280474662780762 0.0018021964933723211
1909 0.25655868649482727 -0.96652686595916748 0.0018517323769629002
1910 0.25119981169700623 -0.9679337739944458 0.0017306716181337833
1911 0.8089754581451416 -0.58784043788909912 0.0015675873728469014
1912 0.00096314970869570971 0.0094833560287952423 -0.99995458126068115
1913 0.91620099544525146 0.40071785449981689 0.0010129805887117982
1914 0.98790568113327026 -0.15505397319793701 0.0008598105632700026
1915 0.99788689613342285 -0.064970627427101135 0.00080581306247040629
1916 0.8139844536781311 -0.58088463544845581 0.0015521175228059292
1917 0.99105554819107056 -0.13344645500183105 0.0010198801755905151
1918 0.39853912591934204 -0.91715013980865479 0.0015138632152229548
1919 0.96746087074279785 -0.25301852822303772 0.0010473148431628942
1920 0.7744145393371582 -0.63267618417739868 0.001767199719324708
1921 0.24310827255249023 -0.96999764442443848 0.0017121408600360155
1922 0.78426611423492432 -0.62042361497879028 0.0011159047717228532
1923 0.83902132511138916 0.54409801959991455 0.00075400975765660405
1924 0.9570084810256958 0.29005849361419678 0.0009160092449747026
1925 0.95376133918762207 0.30056273937225342 0.0011800159700214863
1926 0.89831894636154175 0.4393429160118103 0.00087227340554818511
1927 0.8765256404876709 -0.48135414719581604 0.0010175105417147279
1928 0.47393748164176941 0.88055843114852905 0.00044231314677745104
1929 0.52061730623245239 -0.85378909111022949 0.0013672031927853823
1930 0.00085108703933656216 -0.023318665102124214 -0.99972772598266602
1931 0.97188377380371094 -0.23545899987220764 0.00096861523343250155
1932 0.796100914478302 -0.60516178607940674 0.0016207265434786677
1933 0.84099042415618896 0.5410495400428772 0.00079102726886048913
1934 0.095578007400035858 -0.99542075395584106 0.0015329181915149093
1935 0.97822725772857666 0.207532599568367 0.0012818665709346533
1936 0.99460762739181519 0.10370571166276932 0.00088134058751165867
1937 0.87094205617904663 -0.49138465523719788 0.0010662619024515152
1938 0.9665408730506897 -0.25651073455810547 0.0010103514650836587
1939 0.98834699392318726 0.15221555531024933 0.00085735286120325327
1940 0.2613406777381897 -0.96524536609649658 0.0015748110599815845
1941 0.99964648485183716 -0.026544364169239998 0.0015268811257556081
1942 0.93491023778915405 0.35488346219062805 0.00082267355173826218
1943 0.77085471153259277 -0.63700997829437256 0.0012023383751511574
1944 0.25899854302406311 -0.96587604284286499 0.0018301168456673622
1945 0.80275529623031616 -0.59630584716796875 0.0018118817824870348
1946 0.34618988633155823 -0.93816298246383667 0.0016682820860296488
1947 0.98431378602981567 -0.17641924321651459 0.0016222363337874413
1948 0.92549258470535278 -0.37876197695732117 0.0017047367291525006
1949 0.9405854344367981 -0.33955663442611694 0.00067213084548711777
1950 0.25096026062965393 -0.96799641847610474 0.0013538155471906066
1951 0.5560452938079834 -0.83114957809448242 0.002012619050219655
1952 0.84939146041870117 0.5277630090713501 0.00070652784779667854
1953 0.24991399049758911 0.96826797723770142 0.00039246975211426616
1954 0.23734432458877563 -0.9714246392250061 0.001371003920212388
1955 0.79627996683120728 0.60492771863937378 0.00082111376104876399
1956 0.80320179462432861 -0.59570503234863281 0.0015871101059019566
1957 0.50495010614395142 -0.86314690113067627 0.0016812145477160811
1958 0.85524171590805054 0.51822865009307861 0.00081994180800393224
1959 0.00071191624738276005 0.021399956196546555 -0.99977076053619385
1960 0.60878783464431763 0.79333281517028809 0.00065586529672145844
1961 0.79349595308303833 -0.6085740327835083 0.001401891466230154
1962 0.95757520198822021 0.28818204998970032 0.00089944724459201097
1963 0.39830353856086731 -0.91725194454193115 0.0017865359550341964
1964 0.97243005037307739 -0.23318853974342346 0.0017286879010498524
1965 0.91487210988998413 0.40374335646629333 0.00061190163251012564
1966 0.90311574935913086 -0.42939421534538269 0.0016032913699746132
1967 0.64754748344421387 -0.76202255487442017 0.0019509210251271725
1968 0.99888432025909424 -0.047214079648256302 0.00097503187134861946
1969 0.00085822201799601316 0.035007312893867493 -0.99938672780990601
1970 0.94949501752853394 0.31378093361854553 0.00089685362763702869
1971 0.73587805032730103 -0.67711120843887329 0.0019782441668212414
1972 0.76380550861358643 -0.64544254541397095 0.0022707607131451368
1973 0.93423372507095337 0.35666042566299438 0.00081273424439132214
1974 0.77294182777404785 0.63447648286819458 0.00076726352563127875
1975 0.84088760614395142 -0.54120504856109619 0.0022537671029567719
1976 0.84875160455703735 -0.52878701686859131 0.0022459072060883045
1977 0.716777503490448 -0.69729995727539062 0.001663838280364871
1978 0.92232286930084229 -0.38641908764839172 0.00097194104455411434
1979 0.9958304762840271 -0.091218404471874237 0.00092907354701310396
1980 0.9982113242149353 0.059776365756988525 0.0009732508915476501
1981 0.89422821998596191 0.44761085510253906 0.00068279728293418884
1982 0.73699885606765747 -0.67589265108108521 0.0013782022288069129
1983 0.27887573838233948 -0.96032524108886719 0.0019630875904113054
1984 0.41655930876731873 -0.9091065526008606 0.001915790606290102
1985 0.94375461339950562 -0.33064481616020203 0.0011277329176664352
1986 0.25551959872245789 0.96680384874343872 0.0003977977903559804
1987 0.64135944843292236 -0.76723796129226685 0.0020178176928311586
1988 0.38517862558364868 -0.922840416431427 0.0017403225647285581
1989 0.971576988697052 0.23672060668468475 0.0012354032369330525
1990 0.39710220694541931 -0.91777276992797852 0.0017523486167192459
1991 0.92632484436035156 -0.37672436237335205 0.0010555903427302837
1992 0.089150719344615936 0.99601805210113525 0.00051970436470583081
1993 0.79004240036010742 -0.61304944753646851 0.0018609280232340097
1994 0.25130105018615723 -0.96790695190429688 0.00196428457275033
1995 0.90907949209213257 0.41662237048149109 0.00060591747751459479
1996 0.9465177059173584 0.3226504921913147 0.0009316907380707562
1997 0.97310853004455566 -0.23034076392650604 0.0017089226748794317
1998 0.91416120529174805 -0.40534734725952148 0.0017031186725944281
1999 0.98487132787704468 -0.17327900230884552 0.0016852463595569134
2000 0.55783993005752563 -0.82994616031646729 0.0020180500578135252
2001 0.58310550451278687 0.81239622831344604 0.00058530893875285983
2002 0.99913698434829712 -0.041495762765407562 0.0018609951948747039
2003 0.93279021978378296 0.36041891574859619 0.00081053475150838494
2004 0.87407028675079346 0.48579895496368408 0.00077186035923659801
2005 0.10388632118701935 -0.99458807706832886 0.0015103088226169348
2006 0.23613612353801727 0.97171974182128906 0.00073038553819060326
2007 0.8461986780166626 0.53286701440811157 0.00075726059731096029
2008 0.91065031290054321 0.41317707300186157 0.00084527995204553008
2009 0.24313226342201233 -0.96999192237854004 0.0015849083429202437
2010 0.85400760173797607 -0.52025818824768066 0.0015987097285687923
2011 0.92535704374313354 0.37909507751464844 0.001145682530477643
2012 0.997886061668396 -0.064982868731021881 0.00082002475392073393
2013 0.85751545429229736 -0.51445567607879639 0.0016159255756065249
2014 0.96698838472366333 0.25481930375099182 0.0007859849720261991
2015 0.42865604162216187 -0.90346652269363403 0.0015206834068521857
2016 0.99590134620666504 0.090439081192016602 0.0011528214672580361
2017 0.99588924646377563 0.090570710599422455 0.0012467164779081941
2018 0.88843798637390137 0.45899590849876404 0.00086556223686784506
2019 0.99952560663223267 0.03077981062233448 0.0010984925320371985
2020 0.95226079225540161 -0.30528536438941956 0.00049632048467174172
2021 0.96667659282684326 -0.25599876046180725 0.0010119159705936909
2022 0.24379833042621613 -0.96982473134994507 0.0015891169896349311
2023 0.99625676870346069 0.086433671414852142 0.0013183887349441648
2024 0.76087093353271484 0.64890295267105103 0.0007079453207552433
2025 0.96953243017196655 -0.24496099352836609 0.0010191437322646379
2026 0.99473243951797485 -0.10249295085668564 0.0016044655349105597
2027 0.76338070631027222 -0.64594489336013794 0.0022643136326223612
2028 0.89559799432754517 0.44486361742019653 0.00084825983503833413
2029 0.87399446964263916 -0.48593410849571228 0.0013275075471028686
2030 0.99679845571517944 -0.07993723452091217 0.0017104847356677055
2031 0.87409204244613647 0.48575982451438904 0.00072978984098881483
2032 0.56628662347793579 0.82420808076858521 0.00080920697655528784
2033 0.96842086315155029 -0.24931484460830688 0.0017820753855630755
2034 0.00080218783114105463 -0.015193812549114227 -0.99988424777984619
2035 0.77988529205322266 0.62592196464538574 0.00082835729699581861
2036 0.99591410160064697 0.090301588177680969 0.00085624895291402936
2037 0.079767979681491852 -0.99681216478347778 0.0016082099173218012
2038 0.92527955770492554 -0.37928465008735657 0.0009459057473577559
2039 0.244715616106987 -0.96959394216537476 0.0013978398637846112
2040 0.93962019681930542 0.3422180712223053 0.00084119028178974986
2041 0.91211110353469849 0.40994229912757874 0.00080823502503335476
2042 0.80982637405395508 0.58666884899139404 0.00097051518969237804
2043 0.91901499032974243 -0.39421612024307251 0.002245776355266571
2044 0.088007040321826935 0.99611979722976685 0.00046865240437909961
2045 0.9962083101272583 -0.086997799575328827 0.00068364746402949095
2046 0.99463903903961182 -0.1033831462264061 0.0022818692959845066
2047 0.87839198112487793 -0.47793814539909363 0.0016583701362833381
2048 0.81090694665908813 0.5851743221282959 0.0010297672124579549
2049 0.88997352123260498 -0.45600846409797668 0.0018701647641137242
2050 0.858573317527771 0.51268994808197021 0.0009770016185939312
2051 0.95466917753219604 -0.29766854643821716 0.00049160432536154985
2052 0.63038098812103271 -0.77628499269485474 0.0012302447576075792
2053 0.81880724430084229 0.57406789064407349 0.0008571624057367444
2054 0.79621469974517822 -0.60501194000244141 0.001641778857447207
2055 0.86717754602432251 0.49799850583076477 0.0007918829214759171
2056 0.82493805885314941 -0.56522202491760254 0.0011811468284577131
2057 0.94408482313156128 0.32970172166824341 0.00078870257129892707
2058 0.5094149112701416 0.86052089929580688 0.00056266767205670476
2059 0.4272007942199707 -0.90415555238723755 0.0015164458891376853
2060 0.83182656764984131 -0.5550341010093689 0.0013379842275753617
2061 0.64390784502029419 0.76510262489318848 0.00082385021960362792
2062 0.31497833132743835 0.94909834861755371 0.00099611084442585707
2063 0.78096246719360352 -0.62457656860351562 0.0013383651385083795
2064 0.083994261920452118 -0.99646490812301636 0.0016355003463104367
2065 0.83181732892990112 0.55504894256591797 0.00075354467844590545
2066 0.41502368450164795 0.90981048345565796 0.00047675042878836393
2067 0.93000096082687378 -0.36755558848381042 0.001066356198862195
2068 0.64805370569229126 -0.76159358024597168 0.0012766721192747355
2069 0.82327312231063843 0.56764465570449829 0.00093550741439685225
2070 0.30565342307090759 0.95214241743087769 0.00091528752818703651
2071 0.94811081886291504 -0.31793519854545593 0.00176230538636446
2072 0.96605843305587769 -0.25831335783004761 0.0023041532840579748
2073 0.82674789428710938 -0.56256860494613647 0.0021232522558420897
2074 0.99843436479568481 0.05592852458357811 0.00091515807434916496
2075 0.084578357636928558 -0.99641579389572144 0.0014777961187064648
2076 0.9975162148475647 0.070430979132652283 0.00099887035321444273
2077 0.86841273307800293 0.49584123492240906 0.00095137662719935179
2078 0.6675879955291748 -0.74452853202819824 0.0018921126611530781
2079 0.07343611866235733 0.9972999095916748 0.00029375537997111678
2080 0.78820151090621948 0.61541682481765747 0.00076993321999907494
2081 0.35372298955917358 0.93535017967224121 0.00031619964283891022
2082 0.088066384196281433 -0.9961133599281311 0.0016037051100283861
2083 0.78427571058273315 0.62041211128234863 0.0007499402854591608
2084 0.85767179727554321 -0.51419645547866821 0.0010619329987093806
2085 0.99981445074081421 0.019232818856835365 0.0011161562288179994
2086 0.088665075600147247 0.99606144428253174 0.00045106629841029644
2087 0.83103746175765991 -0.55621421337127686 0.0015928709181025624
2088 0.24199074506759644 0.97027850151062012 0.00032251398079097271
2089 0.83560872077941895 0.54932451248168945 0.00081165885785594583
2090 0.3813263475894928 -0.9244389533996582 0.0017010847805067897
2091 0.76679056882858276 0.64189702272415161 0.0007450558478012681
2092 0.83894824981689453 -0.54420852661132812 0.0017215745756402612
2093 0.84153908491134644 0.54019546508789062 0.00091079407138749957
2094 0.74347245693206787 -0.66876477003097534 0.0015621909406036139
2095 0.84661328792572021 0.53220802545547485 0.0007576565258204937
2096 0.81534075736999512 0.57898086309432983 0.00081046944251284003
2097 0.86052471399307251 -0.50940775871276855 0.0010481838835403323
2098 0.65060186386108398 0.7594185471534729 0.00083951110718771815
2099 0.81520462036132812 -0.57917040586471558 0.0017669446533545852
2100 0.8330070972442627 -0.55325824022293091 0.0021303826943039894
2101 0.78598678112030029 0.61824274063110352 0.0008458976517431438
2102 0.9967045783996582 -0.081111282110214233 0.00093044922687113285
2103 0.86455994844436646 0.50252896547317505 0.00079760700464248657
2104 0.22598083317279816 -0.97413033246994019 0.0016749139176681638
2105 0.49453315138816833 -0.86915719509124756 0.0016530788270756602
2106 0.24282108247280121 -0.9700697660446167 0.0016021074261516333
2107 0.765697181224823 -0.64319950342178345 0.0015316269127652049
2108 0.98999297618865967 0.14111405611038208 0.00086060911417007446
2109 0.99531716108322144 0.096659421920776367 0.00084676872938871384
2110 0.91085731983184814 0.4127204418182373 0.00085362134268507361
2111 0.85518854856491089 0.51831638813018799 0.00084257835987955332
2112 0.92897135019302368 -0.37014895677566528 0.0014398522907868028
2113 0.86326783895492554 -0.50474441051483154 0.0013511375291272998
2114 0.78919357061386108 0.61414390802383423 0.00084477930795401335
2115 0.78248238563537598 0.62267231941223145 0.00078314857091754675
2116 0.24737289547920227 0.96892005205154419 0.00072314951103180647
2117 0.74513792991638184 -0.66690808534622192 0.0017788128461688757
2118 0.93964850902557373 0.34213957190513611 0.0010801659664139152
2119 0.94152289628982544 0.33694818615913391 0.00072214531246572733
2120 0.77016758918762207 -0.63783907890319824 0.0017788931727409363
2121 0.80665183067321777 -0.59102421998977661 0.0017888681031763554
2122 0.084180004894733429 -0.99644982814788818 0.001232875743880868
2123 0.91612958908081055 0.40088170766830444 0.00070180167676880956
2124 0.80215537548065186 0.5971149206161499 0.00080172164598479867
2125 0.72347992658615112 -0.69034349918365479 0.0016285302117466927
2126 0.99914693832397461 -0.041255466639995575 0.0018618173198774457
2127 0.82357829809188843 0.56720185279846191 0.00093543657567352057
2128 0.88836503028869629 -0.45913413166999817 0.0018734809709712863
2129 0.23218174278736115 -0.97267121076583862 0.0015445038443431258
2130 0.73865079879760742 0.67408782243728638 0.00081032217713072896
2131 0.99664616584777832 0.081821002066135406 0.0013073711888864636
2132 0.99416500329971313 -0.10784760117530823 0.0022259494289755821
2133 0.96553623676300049 0.26026636362075806 0.0010852293344214559
2134 0.65325158834457397 -0.75713986158370972 0.0012735923519358039
2135 0.85630714893341064 0.51646596193313599 0.00099214399233460426
2136 0.84327751398086548 -0.53747540712356567 0.0018313005566596985
2137 0.70137631893157959 0.71279078722000122 0.00078149308683350682
2138 0.91035860776901245 -0.41381740570068359 0.0015364539576694369
2139 0.093291178345680237 -0.99563741683959961 0.0016965552931651473
2140 0.25155076384544373 -0.96784287691116333 0.0015639461344107985
2141 0.27671703696250916 0.96095114946365356 0.00077819125726819038
2142 0.099064625799655914 0.99508094787597656 0.00036471459316089749
2143 0.25172102451324463 -0.96779853105545044 0.0016291808569803834
2144 0.23767109215259552 -0.97134482860565186 0.0013202510308474302
2145 0.97735899686813354 -0.21158592402935028 0.00096026546088978648
2146 0.78673261404037476 -0.61729127168655396 0.0018381400732323527
2147 0.93317365646362305 -0.35942140221595764 0.0018304107943549752
2148 0.75470894575119019 0.65605872869491577 0.0011488358722999692
2149 0.76288056373596191 -0.64653760194778442 0.0015160638140514493
2150 0.86254900693893433 -0.50597059726715088 0.001765632419846952
2151 0.98983556032180786 0.14221048355102539 0.001354881445877254
2152 0.47906973958015442 0.87777674198150635 0.00046887187636457384
2153 0.23778870701789856 0.97131681442260742 0.00047976075438782573
2154 0.87669038772583008 0.48105454444885254 0.00071042962372303009
2155 0.99660331010818481 -0.082345783710479736 0.0010482766665518284
2156 0.72307544946670532 -0.69076663255691528 0.001857399009168148
2157 0.9990227222442627 0.04419105127453804 0.00089603068772703409
2158 0.9158555269241333 0.40150722861289978 0.00081134040374308825
2159 0.84577465057373047 -0.53353703022003174 0.0018598184688016772
2160 0.77069908380508423 -0.63719785213470459 0.0013470465783029795
2161 0.68927687406539917 0.72449773550033569 0.00070688198320567608
2162 0.84000223875045776 -0.54258042573928833 0.0016986435512080789
2163 0.96731269359588623 0.25358417630195618 0.0011094067012891173
2164 0.99986487627029419 0.016308853402733803 0.002075904281809926
2165 0.87061834335327148 0.49195852875709534 0.00077707035234197974
2166 0.096530027687549591 -0.99532902240753174 0.0014775014715269208
2167 0.99396181106567383 0.10972118377685547 0.0011061906116083264
2168 0.96804434061050415 -0.25077694654464722 0.0010443663923069835
2169 0.90279203653335571 0.43007645010948181 0.0008759584161452949
2170 0.66044455766677856 -0.75087374448776245 0.0012885414762422442
2171 0.80723685026168823 0.59022718667984009 0.00081962795229628682
2172 0.93716692924499512 0.3488803505897522 0.00079950829967856407
2173 0.92546242475509644 -0.37883621454238892 0.0015956739662215114
2174 0.75649809837341309 0.65399539470672607 0.00082268461119383574
2175 0.97639656066894531 0.21598364412784576 0.00091091333888471127
2176 0.81437206268310547 0.58034259080886841 0.0008200553129427135
2177 0.3941936194896698 -0.91902625560760498 0.0014967520255595446
2178 0.74498641490936279 0.66707897186279297 0.00090397696476429701
2179 0.7368355393409729 -0.67607074975967407 0.0013569149887189269
2180 0.98222392797470093 0.1877085417509079 0.0013028490357100964
2181 0.94687461853027344 0.32160156965255737 0.00095369096379727125
2182 0.95146673917770386 0.30774953961372375 0.0011580308200791478
2183 0.080662377178668976 -0.99674028158187866 0.0015437272377312183
2184 0.8287804126739502 0.55957353115081787 0.00069069716846570373
2185 0.90607315301895142 0.42312043905258179 0.00074924697401002049
2186 0.083005249500274658 0.99654901027679443 0.00049664382822811604
2187 0.8173757791519165 0.57610434293746948 0.00081067444989457726
2188 0.077988050878047943 0.99695426225662231 0.00034498356399126351
2189 0.084112852811813354 -0.99645501375198364 0.0015835009980946779
2190 0.68044871091842651 -0.73279416561126709 0.0015338800149038434
2191 0.98353946208953857 0.18068945407867432 0.0012211981229484081
2192 0.51332926750183105 -0.85819077491760254 0.0013183798873797059
2193 0.90028840303421021 -0.43529096245765686 0.0015986207872629166
2194 0.93485349416732788 0.35503274202346802 0.00083447841461747885
2195 0.92482435703277588 -0.38039034605026245 0.0017685929778963327
2196 0.091266058385372162 0.99582642316818237 0.00057268084492534399
2197 0.98083645105361938 0.19483071565628052 0.00092591100838035345
2198 0.9998854398727417 -0.015068233013153076 0.0014654687838628888
2199 0.96333283185958862 -0.26830372214317322 0.0017119335243478417
2200 0.9892238974571228 0.14640548825263977 0.0012543967459350824
2201 0.71366208791732788 0.70048975944519043 0.00069990067277103662
2202 0.98984014987945557 0.14217859506607056 0.0013572474708780646
2203 0.25317305326461792 0.96742099523544312 0.00026940429233945906
2204 0.25239264965057373 -0.96762317419052124 0.0018517606658861041
2205 0.48995089530944824 0.87174981832504272 0.00066363363293930888
2206 0.97939443588256836 0.2019553929567337 0.00080964801600202918
2207 0.77148252725601196 -0.6362493634223938 0.0011871817987412214
2208 0.89046883583068848 0.4550434947013855 0.00085490982746705413
2209 0.88321918249130249 -0.46895945072174072 0.00095374480588361621
2210 0.62886607646942139 -0.77751117944717407 0.0019482545321807265
2211 0.73955070972442627 -0.67309898138046265 0.001593945431523025
2212 0.78567242622375488 0.61864233016967773 0.00074157980270683765
2213 0.70473480224609375 0.70947045087814331 0.00079094088869169354
2214 0.65031903982162476 -0.75965946912765503 0.0016425515059381723
2215 0.95261150598526001 0.30418738722801208 0.0011747753014788032
2216 0.87703180313110352 -0.480430006980896 0.0014831710141152143
2217 0.66003638505935669 -0.75123268365859985 0.0012143105268478394
2218 0.090572990477085114 0.99588972330093384 0.00044345730566419661
2219 0.077912628650665283 -0.99695903062820435 0.0015526807401329279
2220 0.83387917280197144 0.55194592475891113 0.0011038632364943624
2221 0.89341813325881958 0.44922560453414917 0.00065367709612473845
2222 0.083820417523384094 0.99648082256317139 0.00031472780392505229
2223 0.87146538496017456 0.49045649170875549 0.0007919970084913075
2224 0.93489569425582886 -0.35491803288459778 0.0018311700550839305
2225 0.83206015825271606 -0.55468320846557617 0.0015841779531911016
2226 0.8831489086151123 0.46909210085868835 0.00079673487925902009
2227 0.8179396390914917 -0.57530242204666138 0.00138604745734483
2228 0.59210526943206787 -0.80585837364196777 0.0018990709213539958
2229 0.59410172700881958 0.80438977479934692 0.00052830798085778952
2230 0.39280647039413452 -0.91961956024169922 0.0017405884573236108
2231 0.82767188549041748 0.56121176481246948 0.00076379731763154268
2232 0.79842382669448853 -0.60209447145462036 0.0012758416123688221
2233 0.96954530477523804 0.2449091374874115 0.0011773688020184636
2234 0.82865732908248901 -0.55975508689880371 0.0011652774410322309
2235 0.99342268705368042 -0.11449280381202698 0.0016502608777955174
2236 0.085789039731025696 -0.99631232023239136 0.0014322095084935427
2237 0.092057846486568451 0.99575358629226685 0.0004510791040956974
2238 0.73639512062072754 0.67655134201049805 0.00071965053211897612
2239 0.99404895305633545 -0.10891012102365494 0.0023076958023011684
2240 0.95318734645843506 0.30237787961959839 0.0012103063054382801
2241 0.3439624011516571 0.9389832615852356 0.00062067119870334864
2242 0.72036629915237427 0.69359350204467773 0.00071122695226222277
2243 0.40163031220436096 -0.91579991579055786 0.0019284560112282634
2244 0.97403401136398315 -0.22640007734298706 0.00092598464107140899
2245 0.073623053729534149 0.99728608131408691 0.00025959190679714084
2246 0.086602427065372467 -0.99624168872833252 0.0015869421185925603
2247 0.99407756328582764 0.10866724699735641 0.0011525984155014157
2248 0.97675645351409912 0.2143494188785553 0.0010646471055224538
2249 0.90798091888427734 -0.41900768876075745 0.0017978795804083347
2250 0.72195833921432495 -0.69193363189697266 0.0020012494642287493
2251 0.093677833676338196 0.99560254812240601 0.00039487084723077714
2252 0.086602464318275452 -0.99624204635620117 0.0013676891103386879
2253 0.097248345613479614 0.99526000022888184 0.00057225691853091121
2254 0.099796012043952942 -0.9950065016746521 0.0016844836063683033
2255 0.86038517951965332 -0.50964277982711792 0.0013090424472466111
2256 0.99340444803237915 -0.11465119570493698 0.0016505157109349966
2257 0.94163167476654053 -0.33664306998252869 0.0011106617748737335
2258 0.86415714025497437 -0.50322097539901733 0.001076383632607758
2259 0.73151254653930664 0.6818273663520813 0.00095079955644905567
2260 0.74927377700805664 -0.6622580885887146 0.0017646837513893843
2261 0.080770246684551239 -0.9967314600944519 0.0016039295587688684
2262 0.72769749164581299 -0.68589580059051514 0.0018280597869306803
2263 0.92653143405914307 -0.37621599435806274 0.001024988479912281
2264 0.62018215656280518 0.78445738554000854 0.00085871509509161115
2265 0.87078171968460083 -0.49166855216026306 0.0011251313844695687
2266 0.086127489805221558 0.99628406763076782 0.00029682839522138238
2267 0.88068455457687378 -0.47369948029518127 0.0018726767739281058
2268 0.76887893676757812 -0.63939327001571655 0.0012088946532458067
2269 0.71144711971282959 -0.70273816585540771 0.0014410823350772262
2270 0.77743023633956909 0.62896841764450073 0.0010102237574756145
2271 0.86141890287399292 -0.50789409875869751 0.0010613715276122093
2272 0.90607547760009766 0.42311525344848633 0.00089738256065174937
2273 0.00083260948304086924 0.03175533190369606 -0.99949532747268677
2274 0.0018646914977580309 -0.029632821679115295 -0.99955916404724121
2275 0.9135596752166748 0.40670302510261536 0.0012189614353701472
2276 0.85325539112091064 0.52149283885955811 0.00072952319169417024
2277 0.91151988506317139 0.41125524044036865 0.00082006462616845965
2278 0.4098508358001709 -0.91215157508850098 0.0013431815896183252
2279 0.51750385761260986 0.85568070411682129 0.00048116251127794385
2280 0.24658912420272827 -0.96911901235580444 0.001521157450042665
2281 0.63147395849227905 0.77539682388305664 0.00065068068215623498
2282 0.71316123008728027 0.70099973678588867 0.00064539752202108502
2283 0.80905508995056152 -0.58772844076156616 0.002284427173435688
2284 0.80903387069702148 0.5877612829208374 0.00090399454347789288
2285 0.80899077653884888 -0.58781963586807251 0.0014444838743656874
2286 0.8090062141418457 0.58779984712600708 0.00059829861856997013
2287 0.99981874227523804 0.018986111506819725 0.001439956366084516
2288 0.80142694711685181 -0.59809136390686035 0.0012529285158962011
2289 0.74415099620819092 0.66801106929779053 0.00077994499588385224
2290 0.82934373617172241 -0.55873554944992065 0.001900596427731216
2291 0.96538978815078735 -0.26080885529518127 0.0011570340720936656
2292 0.73896747827529907 -0.67373889684677124 0.0017393681919202209
2293 0.74295008182525635 0.66934657096862793 0.00062686728779226542
2294 0.26398035883903503 -0.9645269513130188 0.0014816971961408854
2295 0.085333913564682007 -0.99635094404220581 0.0017161895520985126
2296 0.98696178197860718 0.1609528660774231 0.000808423210401088
2297 0.74243855476379395 0.66991382837295532 0.00072504777926951647
2298 0.88037461042404175 0.47427827119827271 0.00082890159683302045
2299 0.2266601026058197 0.97397392988204956 0.00023331084230449051
2300 0.9966282844543457 0.082034215331077576 0.0015874117380008101
2301 0.75986349582672119 0.65008223056793213 0.00082105258479714394
2302 0.97842013835906982 -0.20662291347980499 0.0010144413681700826
2303 0.89105570316314697 0.4538932740688324 0.0008440659730695188
2304 0.083173416554927826 -0.99653398990631104 0.0015030907234176993
2305 0.87520045042037964 0.48375979065895081 0.00083224865375086665
2306 0.92519307136535645 -0.37949219346046448 0.0018434886587783694
2307 0.073221072554588318 0.99731570482254028 0.00032688028295524418
2308 0.084866076707839966 0.99639225006103516 0.00048348709242418408
2309 0.98535668849945068 0.17050433158874512 0.00079458329128101468
2310 0.93640351295471191 0.35092374682426453 0.0010515117319300771
2311 0.78316980600357056 0.6218070387840271 0.001063805422745645
2312 0.77017605304718018 -0.63782846927642822 0.0019167150603607297
2313 0.93334192037582397 -0.35898390412330627 0.0018545633647590876
2314 0.24263983964920044 0.97011619806289673 0.00069285626523196697
2315 0.089463770389556885 -0.99598890542984009 0.0015519375447183847
2316 0.88601887226104736 -0.46364796161651611 0.0010974117321893573
2317 0.74375015497207642 -0.66845625638961792 0.0013814487028867006
2318 0.99717473983764648 -0.075110837817192078 0.00094689847901463509
2319 0.73215395212173462 0.68113887310028076 0.0006992461858317256
2320 0.90622490644454956 -0.42279219627380371 0.0017785589443519711
2321 0.57943278551101685 0.81501984596252441 0.00055731757311150432
2322 0.58304214477539062 -0.81244081258773804 0.0013631870970129967
2323 0.91553878784179688 0.4022287130355835 0.00092105340445414186
2324 0.96743863821029663 -0.2530997097492218 0.0017444523982703686
2325 0.8325076699256897 0.55401307344436646 0.00073960772715508938
2326 0.086418911814689636 0.99625879526138306 0.00044505402911454439
2327 0.96805000305175781 -0.25075116753578186 0.0017576430691406131
2328 0.96644175052642822 0.25688371062278748 0.0010752859525382519
2329 0.08410218358039856 -0.99645578861236572 0.0016281174030154943
2330 0.7916601300239563 0.61096125841140747 0.00077536731259897351
2331 0.96498411893844604 -0.26230636239051819 0.0010296293767169118
2332 0.71986669301986694 0.69411200284957886 0.00068426632788032293
2333 0.96529000997543335 0.26117923855781555 0.00079613819252699614
2334 0.93812483549118042 -0.34629538655281067 0.0011861176462844014
2335 0.98376923799514771 0.17943392693996429 0.0012437594123184681
2336 0.98403471708297729 -0.17796781659126282 0.0017774746520444751
2337 0.54255461692810059 -0.84001845121383667 0.00185448641423136
2338 0.59632092714309692 -0.80274379253387451 0.0019655399955809116
2339 0.2437618225812912 -0.9698340892791748 0.0014656365383416414
2340 0.73324257135391235 0.6799665093421936 0.00092408835189417005
2341 0.89379936456680298 0.44846624135971069 0.00084430474089458585
2342 0.81904345750808716 -0.57372891902923584 0.0017586578615009785
2343 0.27830624580383301 -0.96049100160598755 0.0016297160182148218
2344 0.91416996717453003 -0.40532532334327698 0.002184759359806776
2345 0.083228215575218201 0.99653023481369019 0.00077066203812137246
2346 0.086741745471954346 -0.99622929096221924 0.0017586913891136646
2347 0.94269853830337524 0.33364510536193848 0.00071550521533936262
2348 0.97815448045730591 0.207876056432724 0.0011561987921595573
2349 0.52435249090194702 -0.85150021314620972 0.0013730041682720184
2350 0.96566098928451538 0.2598034143447876 0.0010679464321583509
2351 0.25137811899185181 -0.96788805723190308 0.001374007435515523
2352 0.91353476047515869 -0.40675976872444153 0.00093402573838829994
2353 0.64125239849090576 -0.76732915639877319 0.001155467820353806
2354 0.74718105792999268 0.6646195650100708 0.0011361781507730484
2355 0.66914463043212891 0.74313193559646606 0.00068019813625141978
2356 0.66910147666931152 -0.74317002296447754 0.0012681005755439401
2357 0.85656166076660156 -0.51604157686233521 0.0018088711658492684
2358 0.94629937410354614 0.32329088449478149 0.00080850976519286633
2359 0.39263647794723511 -0.91969257593154907 0.0014970259508118033
2360 0.98532795906066895 -0.17066974937915802 0.00083860073937103152
2361 0.90853488445281982 0.41780832409858704 0.00076837197411805391
2362 0.26370552182197571 -0.96460241079330444 0.001283724675886333
2363 0.096990570425987244 0.9952852725982666 0.00037052234984003007
2364 0.68315070867538452 -0.73027592897415161 0.0015109844971448183
2365 0.66531026363372803 0.74656659364700317 0.00081886030966416001
2366 0.937721848487854 0.34738618135452271 0.00080217618960887194
2367 0.9463459849357605 -0.32315027713775635 0.0017830166034400463
2368 0.94663941860198975 0.3222939670085907 0.00069441052619367838
2369 0.62553763389587402 0.7801935076713562 0.0008853317704051733
2370 0.69199377298355103 -0.72190070152282715 0.0019961579237133265
2371 0.77402669191360474 -0.63315188884735107 0.0011727010132744908
2372 0.92880409955978394 0.37056994438171387 0.00098594941664487123
2373 0.59163224697113037 -0.80620580911636353 0.0018835720838978887
2374 0.98462218046188354 0.17469364404678345 0.0011872807517647743
2375 0.92871814966201782 -0.3707854151725769 0.00092895288253203034
2376 0.85819882154464722 -0.51331645250320435 0.0010565876727923751
2377 0.99721997976303101 -0.074506372213363647 0.0010471238056197762
2378 0.94673323631286621 -0.32201680541038513 0.0012245315592736006
2379 0.90504014492034912 0.4253254234790802 0.00081892742309719324
2380 0.98437970876693726 0.17605708539485931 0.00074090762063860893
2381 0.94552725553512573 0.32554188370704651 0.00085989985382184386
2382 0.65521198511123657 -0.75544339418411255 0.0016144625842571259
2383 0.3963906466960907 -0.91808038949966431 0.0017141241114586592
2384 0.079998157918453217 0.99679499864578247 0.00036691743298433721
2385 0.085695765912532806 -0.99632066488265991 0.0011731298873201013
2386 0.081107176840305328 0.99670511484146118 0.00074024382047355175
2387 0.08660241961479187 -0.99624150991439819 0.0017198395216837525
2388 0.98433709144592285 -0.17629469931125641 0.00081432732986286283
2389 0.85044896602630615 0.52605688571929932 0.00089014071272686124
2390 0.71518230438232422 -0.69893676042556763 0.0013369098305702209
2391 0.66179049015045166 -0.74968785047531128 0.0012035169638693333
2392 0.075786888599395752 0.99712395668029785 0.00034823303576558828
2393 0.52670127153396606 -0.8500480055809021 0.0020342061761766672
2394 0.99553251266479492 0.09441007673740387 0.0013337137643247843
2395 0.99669349193572998 -0.081235386431217194 0.0017331339186057448
2396 0.99893385171890259 -0.046125791966915131 0.0018743585096672177
2397 0.34325623512268066 0.93924170732498169 0.00046718833618797362
2398 0.21776224672794342 -0.97600036859512329 0.001722287037409842
2399 0.49997624754905701 0.86603868007659912 0.00086055288556963205
2400 0.49996066093444824 -0.86604666709899902 0.0016148766735568643
2401 0.50001835823059082 0.86601454019546509 0.00069454516051337123
2402 0.50004470348358154 -0.8659980297088623 0.0016674650833010674
2403 0.66917073726654053 -0.74310672283172607 0.0017082815757021308
2404 0.66911768913269043 0.7431563138961792 0.0005303760408423841
2405 0.082754477858543396 0.99656987190246582 0.00046160476631484926
2406 0.40716147422790527 -0.91335481405258179 0.0015939634758979082
2407 0.992958664894104 -0.11844294518232346 0.0020818859338760376
2408 0.83127504587173462 0.55586022138595581 0.0010863562347367406
2409 0.91489815711975098 0.40368440747261047 0.00058751681353896856
2410 0.079033307731151581 0.9968719482421875 0.00039512201328761876
2411 0.91646778583526611 0.40010789036750793 0.00067622371716424823
2412 0.92393255233764648 -0.38255405426025391 0.0010246480815112591
2413 0.81541764736175537 -0.57887130975723267 0.001429801806807518
2414 0.40678378939628601 -0.91352313756942749 0.0015684945974498987
2415 0.4753231406211853 0.87981116771697998 0.0004655387019738555
2416 0.92888963222503662 0.37035608291625977 0.00062514696037396789
2417 0.90683406591415405 0.42148739099502563 0.00059961347142234445
2418 0.99687796831130981 -0.078949958086013794 0.0010867367964237928
2419 0.98194772005081177 0.18914984166622162 0.0010270318016409874
2420 0.28044030070304871 0.95987117290496826 0.0007445627124980092
2421 0.92620933055877686 -0.37700551748275757 0.0017968128668144345
2422 0.90702348947525024 0.42107924818992615 0.00083149259444326162
2423 0.090700156986713409 0.99587810039520264 0.00052704737754538655
2424 0.74050658941268921 0.67204868793487549 0.0008043301641009748
2425 0.29226484894752502 0.95633703470230103 0.00090145744616165757
2426 0.68460690975189209 -0.72891104221343994 0.0014664436457678676
2427 0.084950372576713562 0.99638491868972778 0.00078807247336953878
2428 0.086870945990085602 -0.99621802568435669 0.0017783443909138441
2429 0.8378564715385437 0.54589015245437622 0.00075701321475207806
2430 0.90672916173934937 -0.42171213030815125 0.0010765371844172478
2431 0.89848452806472778 -0.43900123238563538 0.0018513589166104794
2432 0.8741452693939209 0.48566398024559021 0.00078464904800057411
2433 0.52470886707305908 -0.85128068923950195 0.0013773408718407154
2434 0.99791836738586426 0.064483284950256348 0.00092720327666029334
2435 0.77674621343612671 0.62981319427490234 0.00084054976468905807
2436 0.0012089873198419809 -0.013920738361775875 -0.99990242719650269
2437 0.9109114408493042 -0.41259872913360596 0.0016385795315727592
2438 0.4843687117099762 0.87486350536346436 0.00093380274483934045
2439 0.99051988124847412 0.13736322522163391 0.0012997441226616502
2440 0.87712717056274414 -0.48025473952293396 0.001856049639172852
2441 0.57201582193374634 0.82024222612380981 0.00084239168791100383
2442 0.95416992902755737 0.29926306009292603 0.0011914197821170092
2443 0.85306799411773682 0.52179908752441406 0.00083352276124060154
2444 0.98345863819122314 -0.18112584948539734 0.0016303267329931259
2445 0.87552726268768311 0.48316818475723267 0.0007752393139526248
2446 0.092014245688915253 0.99575740098953247 0.00081132963532581925
2447 0.086732305586338043 -0.99623000621795654 0.0018345436546951532
2448 0.00079164782073348761 0.015736691653728485 -0.99987590312957764
2449 0.74740129709243774 -0.66437172889709473 0.0012402603169903159
2450 0.95656973123550415 -0.29150199890136719 0.001000278745777905
2451 0.078067243099212646 0.99694806337356567 0.00040841748705133796
2452 0.66106730699539185 0.75032609701156616 0.00088840385433286428
2453 0.9956168532371521 0.09352295845746994 0.00078243471216410398
2454 0.40905272960662842 0.91251063346862793 0.00043652000022120774
2455 0.93038445711135864 -0.36658421158790588 0.0009085471392609179
2456 0.80224978923797607 -0.59698528051376343 0.0019622561521828175
2457 0.82495921850204468 -0.56518906354904175 0.0019091672729700804
2458 0.7045973539352417 -0.70960479974746704 0.0019189881859347224
2459 0.00087780377361923456 -0.013929196633398533 -0.99990266561508179
2460 0.78042668104171753 0.62524658441543579 0.00097696064040064812
2461 0.40164342522621155 -0.91579467058181763 0.0016694372752681375
2462 0.93765413761138916 -0.34756764769554138 0.0011961391428485513
2463 0.97814452648162842 -0.20792579650878906 0.00047179701505228877
2464 0.80561637878417969 0.59243696928024292 0.00081321015022695065
2465 0.99588704109191895 -0.090601764619350433 0.00059832353144884109
2466 0.58874636888504028 -0.8083152174949646 0.0020578973926603794
2467 0.099561735987663269 0.99503117799758911 0.00064658344490453601
2468 0.092540830373764038 -0.99570822715759277 0.0011678034206852317
2469 0.096786566078662872 0.99530482292175293 0.00084791745757684112
2470 0.086602397263050079 -0.99624127149581909 0.0018265092512592673
2471 0.26270085573196411 -0.96487587690353394 0.0016711655771359801
2472 0.78028732538223267 0.62542027235031128 0.0010579663794487715
2473 0.74382579326629639 0.66837280988693237 0.001000299584120512
2474 0.2858312726020813 0.95827949047088623 0.00095236237393692136
2475 0.5831872820854187 0.81233745813369751 0.00066129799233749509
2476 0.71571213006973267 -0.69839394092559814 0.001432336401194334
2477 0.99125462770462036 0.13195738196372986 0.0012714645126834512
2478 0.99501883983612061 -0.099675223231315613 0.0015515917912125587
2479 0.49149557948112488 -0.87087780237197876 0.0019968866836279631
2480 0.58009004592895508 0.8145521879196167 0.00057330529671162367
2481 0.26210731267929077 0.9650387167930603 0.00027821239200420678
2482 0.97833025455474854 0.20704908668994904 0.00077249889727681875
2483 0.53053152561187744 -0.84766405820846558 0.0013876804150640965
2484 0.87066650390625 0.49187347292900085 0.00070262153167277575
2485 0.76519256830215454 -0.64379870891571045 0.0018995418213307858
2486 0.97513872385025024 -0.22159352898597717 0.000879882019944489
2487 0.87453263998031616 -0.48496469855308533 0.0014080507680773735
2488 0.21469175815582275 0.97668188810348511 0.0002372750750510022
2489 0.99598026275634766 -0.089570485055446625 0.00074631581082940102
2490 0.94563764333724976 -0.32522031664848328 0.0011127059115096927
2491 0.082252383232116699 0.99661147594451904 0.00030562575557269156
2492 0.4703105092048645 0.88250082731246948 0.00062376406276598573
2493 0.99589228630065918 -0.090542450547218323 0.00077516847522929311
2494 0.70133566856384277 0.71283060312271118 0.00090763159096240997
2495 0.6642763614654541 -0.74748611450195312 0.0011869396548718214
2496 0.4763750433921814 0.879241943359375 0.00064239714993163943
2497 0.0011449712328612804 0.015782900154590607 -0.99987483024597168
2498 0.98770779371261597 -0.15630823373794556 0.0010494448943063617
2499 0.88418430089950562 -0.46713542938232422 0.0016415389254689217
2500 0.50464516878128052 -0.86332511901855469 0.0017570399213582277
2501 0.99820303916931152 0.059915363788604736 0.00098868145141750574
2502 0.23538033664226532 0.97190326452255249 0.00037365764728747308
2503 0.84413802623748779 -0.53612339496612549 0.0016483913641422987
2504 0.08205799013376236 -0.99662679433822632 0.0012595794396474957
2505 0.22057601809501648 0.97536969184875488 0.00042501895222812891
2506 0.7818906307220459 -0.62341403961181641 0.0014188319910317659
2507 0.90453696250915527 0.4263947606086731 0.00071699218824505806
2508 0.91430157423019409 -0.4050305187702179 0.0017250890377908945
2509 0.084202684462070465 -0.99644780158996582 0.0013188455486670136
2510 0.88890600204467773 0.45808860659599304 0.00096284708706662059
2511 0.79852712154388428 0.60195827484130859 0.0008040941902436316
2512 0.91205137968063354 -0.41007420420646667 0.0012122954940423369
2513 0.69007676839828491 -0.72373431921005249 0.0016614679479971528
2514 0.88542091846466064 -0.46478712558746338 0.0016470013651996851
2515 0.30896270275115967 -0.95107263326644897 0.0017217397689819336
2516 0.30895915627479553 0.95107364654541016 0.0018071136437356472
2517 0.3090628981590271 -0.95104008913040161 0.0017146887257695198
2518 0.30904164910316467 0.95104819536209106 0.00077483832137659192
2519 0.53938817977905273 -0.84205478429794312 0.0020505010616034269
2520 0.98058193922042847 0.19610756635665894 0.00097910827025771141
2521 0.99649673700332642 0.083617396652698517 0.0015364690916612744
2522 0.77821272611618042 -0.62799960374832153 0.0012177578173577785
2523 0.35480991005897522 0.93493843078613281 0.00032433471642434597
2524 0.99906837940216064 -0.043144576251506805 0.00094600120792165399
2525 0.68747133016586304 -0.72621005773544312 0.0014735243748873472
2526 0.63306593894958496 0.77409762144088745 0.00069622998125851154
2527 0.82872706651687622 0.55965250730514526 0.00076897453982383013
2528 0.6934283971786499 0.72052520513534546 0.00067701691295951605
2529 0.79174166917800903 0.61085563898086548 0.00073006667662411928
2530 0.64542955160140991 0.76381951570510864 0.0006619658088311553
2531 0.99993282556533813 -0.011504648253321648 0.001442385371774435
2532 0.25417831540107727 -0.96715563535690308 0.0018445998430252075
2533 0.86321413516998291 -0.50483697652816772 0.0010336874984204769
2534 0.24479660391807556 0.96957433223724365 0.00055447418708354235
2535 0.70543032884597778 -0.70877808332443237 0.0012961853062734008
2536 0.65685981512069702 0.75401240587234497 0.00072916469071060419
2537 0.63093245029449463 0.77583754062652588 0.00065020355395972729
2538 0.99252223968505859 -0.12205333262681961 0.0016140616498887539
2539 0.72757750749588013 0.68602484464645386 0.000959984608925879
2540 0.71874421834945679 -0.69527345895767212 0.0012632572324946523
2541 0.47945412993431091 0.87756651639938354 0.00091747712576761842
2542 0.87412923574447632 0.48569285869598389 0.00079280236968770623
2543 0.99982881546020508 -0.018447475507855415 0.0014657567953690886
2544 0.56786131858825684 0.8231237530708313 0.00092844391474500299
2545 0.52350777387619019 0.8520205020904541 0.00086035305866971612
2546 0.8840826153755188 -0.46732601523399353 0.002108326880261302
2547 0.99978691339492798 -0.020616674795746803 0.0010355038102716208
2548 0.88319534063339233 -0.46900242567062378 0.0016399018932133913
2549 0.7790568470954895 0.62695282697677612 0.00077826727647334337
2550 0.50850123167037964 -0.86105924844741821 0.0018624983495101333
2551 0.93799686431884766 0.34664294123649597 0.00080708955647423863
2552 0.66164040565490723 0.74982082843780518 0.00084596849046647549
2553 0.39423993229866028 -0.91900640726089478 0.0014704184141010046
2554 0.49825450778007507 -0.86702847480773926 0.0020124323200434446
2555 0.9995262622833252 -0.030763234943151474 0.00096102996030822396
2556 0.91799724102020264 0.39658614993095398 0.00079015054507181048
2557 0.078186571598052979 -0.99693745374679565 0.0016064076917245984
2558 0.68097597360610962 0.73230540752410889 0.0007386858924292028
2559 0.46912392973899841 -0.88313031196594238 0.0019129522843286395
2560 0.39296728372573853 -0.91955083608627319 0.0017222817987203598
2561 0.73629838228225708 0.67665666341781616 0.00071015860885381699
2562 0.95926475524902344 0.28250637650489807 0.0011396209010854363
2563 0.67222952842712402 0.74034243822097778 0.00072858034400269389
2564 0.9121745228767395 -0.40979874134063721 0.0015939031727612019
2565 0.52529460191726685 -0.85091930627822876 0.0013460092013701797
2566 0.97556376457214355 -0.21970805525779724 0.0019527501426637173
2567 0.6564292311668396 0.75438714027404785 0.00091156113194301724
2568 0.39353150129318237 -0.91931015253067017 0.0013703193981200457
2569 0.89302486181259155 -0.45000484585762024 0.0015060687437653542
2570 0.077954575419425964 0.99695688486099243 0.00030691290157847106
2571 0.79694312810897827 -0.60405123233795166 0.0019744464661926031
2572 0.70365422964096069 0.71054220199584961 0.00077465467620640993
2573 0.99321800470352173 0.11626394093036652 0.00080768857151269913
2574 0.081272147595882416 -0.99669128656387329 0.001165362074971199
2575 0.87939167022705078 -0.47609627246856689 0.0016457223100587726
2576 0.27859339118003845 -0.9604077935218811 0.0016338675050064921
2577 0.98278796672821045 -0.18473552167415619 0.00084755494026467204
2578 0.98279112577438354 0.18471901118755341 0.00071937777101993561
2579 0.9826195240020752 -0.18562272191047668 0.0017856148770079017
2580 0.98263204097747803 0.18556039035320282 0.001261139172129333
2581 0.24290561676025391 0.97004991769790649 0.00034077034797519445
2582 0.68480658531188965 -0.72872215509414673 0.0019908130634576082
2583 0.62572139501571655 -0.78004485368728638 0.0016668264288455248
2584 0.99973708391189575 -0.022879844531416893 0.001523311366327107
2585 0.42027518153190613 0.90739661455154419 0.00044409980182535946
2586 0.9138176441192627 0.40612387657165527 0.00090050080325454473
2587 0.96997368335723877 0.24320732057094574 0.0011060293763875961
2588 0.97298222780227661 -0.23087812960147858 0.00094226509099826217
2589 0.62869465351104736 0.77765190601348877 0.00074625841807574034
2590 0.38403084874153137 -0.92331880331039429 0.0016535085160285234
2591 0.69905322790145874 -0.71506708860397339 0.0019341557053849101
2592 0.80898278951644897 -0.58783119916915894 0.0011691733961924911
2593 0.47240296006202698 -0.88138103485107422 0.0017308653332293034
2594 0.53318226337432861 0.8460003137588501 0.00052595563465729356
2595 0.53609699010848999 -0.84415531158447266 0.0013654734939336777
2596 0.36996421217918396 -0.92904436588287354 0.0017444102559238672
2597 0.99777847528457642 0.06660749763250351 0.0012391963973641396
2598 0.96685528755187988 -0.25531870126724243 0.0018010891508311033
2599 0.43072217702865601 0.9024842381477356 0.00085157511057332158
2600 0.87838572263717651 0.47795164585113525 0.00083684257697314024
2601 0.8741457462310791 0.48566314578056335 0.00075008632848039269
2602 0.90932226181030273 -0.41608837246894836 0.0018525926861912012
2603 0.99452537298202515 0.10448654741048813 0.0014020859962329268
2604 0.39318221807479858 -0.91945940256118774 0.00148300442378968
2605 0.34374347329139709 0.93906348943710327 0.000514417071826756
2606 0.73199832439422607 0.68130582571029663 0.00090006989194080234
2607 0.93630415201187134 -0.35118952393531799 0.00075156352249905467
2608 0.49199199676513672 0.87059932947158813 0.00085791677702218294
2609 0.077501185238361359 0.99699205160140991 0.00065448757959529757
2610 0.37887763977050781 0.92544633150100708 0.00090858282055705786
2611 0.98320764303207397 -0.18248318135738373 0.001613455475308001
2612 0.71671223640441895 -0.69736635684967041 0.0019528439734131098
2613 0.39507651329040527 -0.91864663362503052 0.0017114388756453991
2614 0.41535225510597229 0.9096602201461792 0.00091988634085282683
2615 0.42310649156570435 -0.9060782790184021 0.0017673763213679194
2616 0.40164744853973389 0.91579395532608032 0.00084090081509202719
2617 0.96786338090896606 -0.25147080421447754 0.0017410835716873407
2618 0.96677857637405396 0.25561338663101196 0.00099297414999455214
2619 0.7509315013885498 -0.66037899255752563 0.0012093903496861458
2620 0.52594482898712158 0.85051828622817993 0.00085077551193535328
2621 0.96693837642669678 0.25500896573066711 0.00076622830238193274
2622 0.63571953773498535 -0.77191764116287231 0.0019928717520087957
2623 0.88916158676147461 -0.45759245753288269 0.00094258628087118268
2624 0.9781373143196106 0.20795397460460663 0.0015944570768624544
2625 0.56366252899169922 -0.82600271701812744 0.0020111275371164083
2626 0.96564221382141113 -0.25987309217453003 0.0010695112869143486
2627 0.98694849014282227 0.16103394329547882 0.00083446787903085351
2628 0.6424936056137085 0.76629072427749634 0.00068778189597651362
2629 0.96582323312759399 0.25920036435127258 0.00083805678877979517
2630 0.23960119485855103 0.97087138891220093 0.00032011675648391247
2631 0.83766674995422363 -0.54618048667907715 0.0011073776986449957
2632 0.92826515436172485 0.37191769480705261 0.00099933531600981951
2633 0.78145629167556763 0.62395954132080078 0.0008109105983749032
2634 0.94613444805145264 0.3237726092338562 0.00095782725838944316
2635 0.94777387380599976 -0.31894060969352722 0.0012605595402419567
2636 0.94750010967254639 0.31975483894348145 0.00063878711080178618
2637 0.94717305898666382 -0.32071822881698608 0.0017461484530940652
2638 0.99386096000671387 0.11062866449356079 0.0013548764400184155
2639 0.99389141798019409 -0.11034712940454483 0.0018497852142900229
2640 0.99007070064544678 0.14056478440761566 0.0012564221397042274
2641 0.91318327188491821 0.40754887461662292 0.00053485919488593936
2642 0.72316354513168335 0.69067656993865967 0.00067361770197749138
2643 0.92231804132461548 -0.38642722368240356 0.0018558716401457787
2644 0.63944172859191895 0.76883924007415771 0.00070655724266543984
2645 0.81789541244506836 0.57536643743515015 0.00080104090739041567
2646 0.24953728914260864 -0.96836334466934204 0.0019341553561389446
2647 0.98538088798522949 0.17036201059818268 0.0011687615187838674
2648 0.96672618389129639 -0.25580739974975586 0.0017397897318005562
2649 0.67715442180633545 0.73584067821502686 0.00071858131559565663
2650 0.42858093976974487 -0.90350180864334106 0.0016836347058415413
2651 0.98250162601470947 -0.18624669313430786 0.0016514811431989074
2652 0.99978232383728027 -0.020803211256861687 0.0015795099316164851
2653 0.53520560264587402 -0.84472078084945679 0.0013801470631733537
2654 0.96981358528137207 0.24384638667106628 0.00079728965647518635
2655 0.635570228099823 0.77204287052154541 0.00063926773145794868
2656 0.98681896924972534 -0.16182614862918854 0.00083678244845941663
2657 0.88029336929321289 -0.47442716360092163 0.0016085967654362321
2658 0.65742892026901245 -0.75351518392562866 0.001473458600230515
2659 0.89982455968856812 -0.43624809384346008 0.0018659409834071994
2660 0.59580457210540771 0.80312919616699219 0.00063899962697178125
2661 0.47146543860435486 -0.88188284635543823 0.0017461654497310519
2662 0.66385823488235474 0.74785804748535156 0.00074630603194236755
2663 0.76710700988769531 -0.64151769876480103 0.0013667858438566327
2664 0.91125631332397461 -0.41183659434318542 0.0016266533639281988
2665 0.78429239988327026 -0.62038993835449219 0.00135143066290766
2666 0.99390757083892822 0.11021429300308228 0.0007572783506475389
2667 0.53663229942321777 -0.84381520748138428 0.0013513130834326148
2668 0.9992825984954834 -0.037837956100702286 0.0016091862926259637
2669 0.99927610158920288 0.038020361214876175 0.0013143222313374281
2670 0.86977100372314453 -0.49345105886459351 0.002135066082701087
2671 0.96910440921783447 0.24664869904518127 0.0010595022467896342
2672 0.37287026643753052 0.92788344621658325 0.00032240440486930311
2673 0.38375198841094971 0.92343580722808838 0.00089302461128681898
2674 0.68771517276763916 0.72598022222518921 0.00075974478386342525
2675 0.77905887365341187 -0.62694770097732544 0.0019745058380067348
2676 0.99390095472335815 -0.11027432233095169 0.00064321368699893355
2677 0.98882126808166504 -0.14909638464450836 0.0016975445905700326
2678 0.86303961277008057 -0.50513303279876709 0.0018317200010642409
2679 0.48677131533622742 0.87352919578552246 0.00065255636582151055
2680 0.92871040105819702 0.3708055317401886 0.00058129790704697371
2681 0.78182899951934814 -0.62349182367324829 0.001211699447594583
2682 0.90493839979171753 0.42554137110710144 0.0010480419732630253
2683 0.68519443273544312 -0.72835832834243774 0.0016792166279628873
2684 0.91356801986694336 -0.40667852759361267 0.0024499166756868362
2685 0.95808446407318115 -0.28648436069488525 0.00096605689032003284
2686 0.43465587496757507 -0.90059453248977661 0.0019612507894635201
2687 0.60513514280319214 0.79612255096435547 0.00069575419183820486
2688 0.91817253828048706 0.39618000388145447 0.00081796909216791391
2689 0.70946621894836426 0.70473897457122803 0.00080658984370529652
2690 0.99905598163604736 0.043431155383586884 0.00098245451226830482
2691 0.85061746835708618 0.52578437328338623 0.0008987605688162148
2692 0.086171872913837433 -0.99627965688705444 0.0011578074190765619
2693 0.95552092790603638 0.29492217302322388 0.0008700509206391871
2694 0.92027437686920166 0.39127284288406372 0.00079496193211525679
2695 0.84036839008331299 -0.54201465845108032 0.0010569619480520487
2696 0.92809140682220459 -0.37235015630722046 0.0013554436154663563
2697 0.97325527667999268 -0.22971814870834351 0.0019583788234740496
2698 0.9148709774017334 -0.40374463796615601 0.0011988353217020631
2699 0.43657886981964111 0.89966565370559692 0.00082662509521469474
2700 0.88889110088348389 -0.45811372995376587 0.0021057289559394121
2701 0.99500560760498047 -0.099807053804397583 0.001554749091155827
2702 0.43983578681945801 0.89807808399200439 0.00054054730571806431
2703 0.99993789196014404 -0.011055061593651772 0.0014404925750568509
2704 0.96962070465087891 -0.24461160600185394 0.0009494844707660377
2705 0.99928003549575806 0.037931643426418304 0.0007929063867777586
2706 0.54439294338226318 0.83883005380630493 0.00075181812280789018
2707 0.81240421533584595 -0.58309352397918701 0.001162145403213799
2708 0.87957721948623657 0.4757554829120636 0.00082353403558954597
2709 0.89339321851730347 0.44927451014518738 0.00096696527907624841
2710 0.62345683574676514 -0.78185546398162842 0.0019228929886594415
2711 0.45767515897750854 0.88911914825439453 0.00077377277193590999
2712 0.44119510054588318 -0.89740931987762451 0.0018693051533773541
2713 0.96177548170089722 0.27383774518966675 0.00093117571668699384
2714 0.74831658601760864 0.66334134340286255 0.00078744994243606925
2715 0.99765670299530029 0.068410918116569519 0.0010387965012341738
2716 0.28189060091972351 -0.95944476127624512 0.0018635612213984132
2717 0.95966047048568726 -0.28115585446357727 0.0018175274599343538
2718 0.99928402900695801 -0.037829689681529999 0.00056282401783391833
2719 0.23261690139770508 0.97256839275360107 0.00025414989795535803
2720 0.61107736825942993 0.79157054424285889 0.00068927439860999584
2721 0.93415850400924683 -0.3568529486656189 0.001985582523047924
2722 0.9369579553604126 0.34944090247154236 0.00091469177277758718
2723 0.82770287990570068 0.56116616725921631 0.0006937748403288424
2724 0.95546281337738037 -0.29510989785194397 0.0010322562884539366
2725 0.96645832061767578 -0.25681373476982117 0.0022320619318634272
2726 0.61654573678970337 0.78731882572174072 0.0006956476136110723
2727 0.71645611524581909 0.6976318359375 0.00067601975752040744
2728 0.24171316623687744 0.97034746408462524 0.00078961130930110812
2729 0.55588430166244507 0.83125942945480347 0.00067187013337388635
2730 0.75019508600234985 0.66121584177017212 0.00098712218459695578
2731 0.47721931338310242 -0.87878227233886719 0.0018591615371406078
2732 0.90427899360656738 -0.42693895101547241 0.0016258861869573593
2733 0.40735846757888794 0.91326802968978882 0.00073774752672761679
2734 0.6206434965133667 -0.78409111499786377 0.0016829653177410364
2735 0.23792962729930878 -0.97128087282180786 0.0017334362491965294
2736 0.86937153339385986 -0.49415671825408936 0.0015493493992835283
2737 0.96814107894897461 0.25040349364280701 0.0010288658086210489
2738 0.74548923969268799 -0.6665148138999939 0.0019455448491498828
2739 0.48101896047592163 0.87671005725860596 0.00045994637184776366
2740 0.90546733140945435 0.42441552877426147 0.00060650153318420053
2741 0.89507681131362915 0.44591137766838074 0.00084689882351085544
2742 0.58234745264053345 0.81293976306915283 0.00065239128889515996
2743 0.99250698089599609 0.12218555808067322 0.00080578314373269677
2744 0.49758914113044739 0.86741244792938232 0.0008383382810279727
2745 0.62089943885803223 0.78388983011245728 0.00079970696242526174
2746 0.98470878601074219 0.17420493066310883 0.0011513879289850593
2747 0.96118104457855225 0.27591609954833984 0.0011553760850802064
2748 0.40525862574577332 0.91420161724090576 0.00091447221348062158
2749 0.91097676753997803 -0.41245323419570923 0.001920241629704833
2750 0.97472703456878662 0.22339601814746857 0.0012099117739126086
2751 0.9416581392288208 0.33656942844390869 0.0010060167405754328
2752 0.98766088485717773 0.15660513937473297 0.00090047938283532858
2753 0.56615191698074341 -0.82429862022399902 0.0019557119812816381
2754 0.41961890459060669 -0.90769875049591064 0.0017364621162414551
2755 0.60998290777206421 0.79241430759429932 0.00067769858287647367
2756 0.95708584785461426 -0.28979870676994324 0.0018391235498711467
2757 0.41646364331245422 0.90915226936340332 0.00050925108371302485
2758 0.69536453485488892 0.71865689754486084 0.00072526087751612067
2759 0.75040942430496216 -0.66097217798233032 0.001244400511495769
2760 0.59915775060653687 0.80063074827194214 0.00070156092988327146
2761 0.94429999589920044 -0.32908034324645996 0.0019343955209478736
2762 0.9087868332862854 0.41725951433181763 0.0010467235697433352
2763 0.93149608373641968 -0.36374577879905701 0.0020284741185605526
2764 0.96869510412216187 0.24825142323970795 0.0010511452564969659
2765 0.94766855239868164 -0.31925028562545776 0.0019108948763459921
2766 0.58335602283477783 -0.81221508979797363 0.0015807835152372718
2767 0.88065654039382935 0.47375449538230896 0.00079111068043857813
2768 0.42597976326942444 -0.90473043918609619 0.0020289535168558359
2769 0.53820395469665527 0.84281450510025024 0.0005429533775895834
2770 0.8681948184967041 0.49622276425361633 0.00090704928152263165
2771 0.69302552938461304 -0.72091186046600342 0.0013112606247887015
2772 0.99964296817779541 -0.0266728475689888 0.0016078089829534292
2773 0.87862533330917358 0.4775111973285675 0.00071461568586528301
2774 0.57451069355010986 0.8184967041015625 0.00077073113061487675
2775 0.65320372581481934 -0.75718075037002563 0.0014737093588337302
2776 0.89388191699981689 -0.4482998251914978 0.0015597384190186858
2777 0.50259435176849365 -0.86452031135559082 0.0018764910055324435
2778 0.63978832960128784 0.76855093240737915 0.0006194327725097537
2779 0.087919332087039948 -0.99612599611282349 0.0018082419410347939
2780 0.41938400268554688 0.90780860185623169 0.00081458367640152574
2781 0.43084323406219482 -0.90242469310760498 0.0019417970906943083
2782 0.9934501051902771 -0.11424769461154938 0.002082751365378499
2783 0.90543824434280396 0.42447718977928162 0.00083513418212532997
2784 0.59916448593139648 -0.80062365531921387 0.0019277326064184308
2785 0.36382690072059631 -0.93146491050720215 0.0017608472844585776
2786 0.53939968347549438 0.84204959869384766 0.00066164258169010282
2787 0.78056937456130981 -0.6250680685043335 0.0011604272294789553
2788 0.82506126165390015 0.56504273414611816 0.00078944209963083267
2789 0.84791892766952515 -0.53012359142303467 0.0015969444066286087
2790 0.59556806087493896 0.80330461263656616 0.00072181748691946268
2791 0.96330016851425171 0.2684248685836792 0.00096188962925225496
2792 0.61937516927719116 -0.78509384393692017 0.0014560114359483123
2793 0.41185501217842102 0.91124904155731201 0.00084878475172445178
2794 0.96997654438018799 0.24319605529308319 0.0011085636215284467
2795 0.24296705424785614 0.97003448009490967 0.00027774719637818635
2796 0.97641599178314209 0.21589423716068268 0.0012352289631962776
2797 0.5310673713684082 0.84732943773269653 0.00060718116583302617
2798 0.52195566892623901 -0.85297155380249023 0.0013455135049298406
2799 0.95734715461730957 0.28893887996673584 0.00089050363749265671
2800 0.92204314470291138 0.38708648085594177 0.00071360787842422724
2801 0.94932740926742554 0.31428775191307068 0.00083033362170681357
2802 0.84900534152984619 0.52838319540023804 0.0010644081048667431
2803 0.52008545398712158 0.85411381721496582 0.00084581325063481927
2804 0.92254596948623657 0.38588628172874451 0.00081509549636393785
2805 0.94176977872848511 -0.33625403046607971 0.0017064720159396529
2806 0.90726149082183838 -0.42056268453598022 0.0019236467778682709
2807 0.96520805358886719 -0.26147791743278503 0.0016667211893945932
2808 0.54525506496429443 -0.83826851844787598 0.0016615565400570631
2809 0.49364176392555237 0.86966520547866821 0.00049494660925120115
2810 0.85306787490844727 0.52179878950119019 0.0011116922833025455
2811 0.39769473671913147 -0.91751670837402344 0.0014086386654525995
2812 0.99466973543167114 -0.10310719162225723 0.0010214238427579403
2813 0.39992493391036987 0.91654777526855469 0.00055367016466334462
2814 0.86936026811599731 -0.49417626857757568 0.0015585483051836491
2815 0.62998038530349731 -0.77660870552062988 0.0019052458228543401
2816 0.97076708078384399 0.24002203345298767 0.00084334105486050248
2817 0.46306249499320984 0.88632547855377197 0.00051336927572265267
2818 0.97318410873413086 0.23002605140209198 0.00085715786553919315
2819 0.54225671291351318 -0.84021091461181641 0.0018374400679022074
2820 0.9977911114692688 0.066421203315258026 0.0011160400463268161
2821 0.95083671808242798 0.3096916675567627 0.00086390442447736859
2822 0.36674094200134277 0.93032306432723999 0.00033949033240787685
2823 0.61230921745300293 0.79061812162399292 0.00064330565510317683
2824 0.39827236533164978 -0.91726601123809814 0.0014797972980886698
2825 0.84114968776702881 -0.54079943895339966 0.0018158741295337677
2826 0.8587028980255127 -0.512470543384552 0.0018435915699228644
2827 0.98836201429367065 -0.15211683511734009 0.0010440245969220996
2828 0.72603768110275269 0.68765437602996826 0.00086745346197858453
2829 0.949238121509552 -0.31455662846565247 0.0010595577768981457
2830 0.81077814102172852 0.58535289764404297 0.00088463391875848174
2831 0.91409075260162354 -0.4055066704750061 0.0015921650920063257
2832 0.98994040489196777 0.14148183166980743 0.00096568127628415823
2833 0.85567831993103027 0.51750701665878296 0.0010558494832366705
2834 0.999286949634552 0.037744879722595215 0.00096842995844781399
2835 0.51789182424545288 -0.85544449090957642 0.0017089892644435167
2836 0.43140992522239685 0.90215587615966797 0.00049923622282221913
2837 0.68977910280227661 0.72401958703994751 0.00074134342139586806
2838 0.88232541084289551 0.47063931822776794 0.00080631149467080832
2839 0.95626896619796753 -0.29248705506324768 0.0010156009811908007
2840 0.97621446847915649 0.21680518984794617 0.0009597486350685358
2841 0.65835636854171753 -0.75270432233810425 0.0017719027819111943
2842 0.98728251457214355 0.15897226333618164 0.001070416416041553
2843 0.54838812351226807 0.8362237811088562 0.00054811371956020594
2844 0.90112584829330444 -0.43355458974838257 0.0016210018657147884
2845 0.10447665303945541 -0.9945259690284729 0.0016482245409861207
2846 0.10448910295963287 0.9945252537727356 0.0012531464453786612
2847 0.10457093268632889 -0.99451643228530884 0.0014153766678646207
2848 0.10454273223876953 0.99452030658721924 0.00045574325486086309
2849 0.75633031129837036 0.65418952703475952 0.00080793519737198949
2850 0.92033928632736206 0.39111950993537903 0.0010915491729974747
2851 0.52076947689056396 -0.85369575023651123 0.0016524943057447672
2852 0.076310820877552032 0.99708402156829834 0.00025260041002184153
2853 0.51973795890808105 0.85432535409927368 0.0008739805780351162
2854 0.7135244607925415 0.70062994956970215 0.00078589969780296087
2855 0.46228602528572083 0.88673073053359985 0.00057957111857831478
2856 0.98582017421722412 0.16780178248882294 0.0011117681860923767
2857 0.52743029594421387 0.84959810972213745 0.00063358485931530595
2858 0.76068097352981567 0.64912533760070801 0.00080525921657681465
2859 0.073686994612216949 0.99728119373321533 0.00070740567753091455
2860 0.073686964809894562 -0.9972807765007019 0.0011589615605771542
2861 0.073686979711055756 0.99728101491928101 0.00092701159883290529
2862 0.075236350297927856 -0.99716407060623169 0.0018262488301843405
2863 0.95056164264678955 -0.31053414940834045 0.0010646724840626121
2864 0.90587025880813599 0.42355430126190186 0.0008411977905780077
2865 0.93812817335128784 0.34628698229789734 0.00094517023535445333
2866 0.811695396900177 -0.58407783508300781 0.0019580475054681301
2867 0.86526662111282349 -0.50130736827850342 0.0021370293106883764
2868 0.64947503805160522 0.76038271188735962 0.00059577409410849214
2869 0.97079282999038696 0.23991696536540985 0.0010690474882721901
2870 0.86605238914489746 -0.49995219707489014 0.001074565458111465
2871 0.96596318483352661 -0.25867453217506409 0.0016579076182097197
2872 0.63444221019744873 0.77296996116638184 0.0006971975089982152
2873 0.38776102662086487 0.92175990343093872 0.00031318116816692054
2874 0.42234635353088379 -0.90643292665481567 0.0017052844632416964
2875 0.9953913688659668 0.095885753631591797 0.0014326527016237378
2876 0.99164050817489624 -0.12902775406837463 0.00099481199868023396
2877 0.97435110807418823 -0.22502431273460388 0.0020230133086442947
2878 0.96482878923416138 -0.26287388801574707 0.0016786494525149465
2879 0.54413086175918579 0.83900010585784912 0.0006561006885021925
2880 0.96798169612884521 -0.25101882219314575 0.0010054830927401781
2881 0.82546228170394897 0.56445646286010742 0.00098934979178011417
2882 0.868732750415802 0.49528038501739502 0.00090602238196879625
2883 0.90858346223831177 -0.41769948601722717 0.0017992735374718904
2884 0.55100041627883911 -0.83450329303741455 0.0016665363218635321
2885 0.97954994440078735 -0.20119859278202057 0.001023797201924026
2886 0.59302836656570435 0.80518150329589844 0.00045727530959993601
2887 0.58910191059112549 0.80805850028991699 0.00064661412034183741
2888 0.57337462902069092 0.81929308176040649 0.00056026875972747803
2889 0.51668578386306763 0.8561750054359436 0.00048305423115380108
2890 0.8086392879486084 -0.58830159902572632 0.0019559296779334545
2891 0.58950775861740112 0.80776244401931763 0.00069011776940897107
2892 0.98817670345306396 0.15331612527370453 0.0010090315481647849
2893 0.95439213514328003 0.29855498671531677 0.00082099676365032792
2894 0.9486614465713501 0.31629201769828796 0.00090605649165809155
2895 0.7139897346496582 0.70015579462051392 0.00067407742608338594
2896 0.9164244532585144 -0.40020155906677246 0.0022060219198465347
2897 0.54842710494995117 0.83619797229766846 0.00072767079109326005
2898 0.6655128002166748 -0.74638551473617554 0.0012039658613502979
2899 0.92222440242767334 -0.38664904236793518 0.0021601356565952301
2900 0.97067058086395264 -0.24041193723678589 0.0009451424703001976
2901 0.53832143545150757 -0.84273868799209595 0.0012504060287028551
2902 0.99529451131820679 -0.096891462802886963 0.00098599877674132586
2903 0.6633150577545166 -0.74833834171295166 0.0017164815217256546
2904 0.65862023830413818 -0.75247442722320557 0.0012649070704355836
2905 0.96556633710861206 0.26015594601631165 0.00075347529491409659
2906 0.8481413722038269 -0.52976745367050171 0.0016305194003507495
2907 0.35732099413871765 0.93398165702819824 0.00028468531672842801
2908 0.99765944480895996 0.068362481892108917 0.0014812041772529483
2909 0.21696288883686066 0.97617989778518677 0.00023634929675608873
2910 0.99415332078933716 -0.10795394331216812 0.0022706601303070784
2911 0.52045685052871704 -0.8538854718208313 0.0020821935031563044
2912 0.98194652795791626 0.18915459513664246 0.0012801485136151314
2913 0.21543975174427032 0.97651708126068115 0.00040040235035121441
2914 0.91718143224716187 -0.39846804738044739 0.0011882532853633165
2915 0.58263558149337769 0.8127332329750061 0.00066353293368592858
2916 0.74075543880462646 -0.6717720627784729 0.0019544477108865976
2917 0.51642841100692749 0.85633021593093872 0.00056211958872154355
2918 0.34365132451057434 -0.93909579515457153 0.0017322103958576918
2919 0.68752008676528931 0.72616493701934814 0.00086111406562849879
2920 0.80589902400970459 0.592052161693573 0.0010349531657993793
2921 0.73837018013000488 0.67439496517181396 0.00097206496866419911
2922 0.52314454317092896 0.85224378108978271 0.00060909794410690665
2923 0.22255410254001617 -0.97491925954818726 0.0014670667005702853
2924 0.61568617820739746 0.78799116611480713 0.00075025315163657069
2925 0.997336745262146 0.072908207774162292 0.0019880740437656641
2926 0.5634121298789978 0.82617580890655518 0.0006509980303235352
2927 0.98800677061080933 0.15440858900547028 0.00076784065458923578
2928 0.86444371938705444 -0.5027269721031189 0.001617680536583066
2929 0.99671196937561035 0.081012427806854248 0.0015291509917005897
2930 0.82576364278793335 -0.56401419639587402 0.0015371683984994888
2931 0.26278355717658997 0.96485477685928345 0.00024531444068998098
2932 0.93229085206985474 0.36170846223831177 0.00088507216423749924
2933 0.079209350049495697 0.99685776233673096 0.00073272391455247998
2934 0.57878249883651733 -0.81548088788986206 0.0013339709257707
2935 0.62062656879425049 -0.78410494327545166 0.0014878334477543831
2936 0.40186026692390442 -0.91569989919662476 0.0014602241571992636
2937 0.27859842777252197 -0.96040630340576172 0.0016230151522904634
2938 0.75181806087493896 0.6593700647354126 0.00092774326913058758
2939 0.21164543926715851 0.97734647989273071 0.00025519414339214563
2940 0.92242163419723511 -0.38618272542953491 0.0011283026542514563
2941 0.98924654722213745 -0.14625455439090729 0.00098385696765035391
2942 0.86429888010025024 -0.50297558307647705 0.0017690941458567977
2943 0.99772781133651733 0.067359723150730133 0.0013846360379830003
2944 0.98782646656036377 -0.15555025637149811 0.001730732386931777
2945 0.78382033109664917 -0.62098652124404907 0.0011864282423630357
2946 0.68459147214889526 0.72892647981643677 0.00086986948736011982
2947 0.91265106201171875 0.40873885154724121 0.0007999307126738131
2948 0.98395448923110962 -0.17841041088104248 0.0018405689625069499
2949 0.91353631019592285 0.40675652027130127 0.00073915033135563135
2950 0.66930651664733887 -0.74298393726348877 0.0019334708340466022
2951 0.21518906950950623 0.97657239437103271 0.00023768760729581118
2952 0.66293889284133911 -0.7486724853515625 0.0012861513532698154
2953 0.077190093696117401 -0.99701577425003052 0.0011270786635577679
2954 0.67707782983779907 -0.7359088659286499 0.0019399843877181411
2955 0.74206447601318359 -0.6703263521194458 0.0017215635161846876
2956 0.41816797852516174 0.90836936235427856 0.00082318834029138088
2957 0.83411610126495361 -0.55158740282058716 0.0012934957630932331
2958 0.72234773635864258 -0.6915287971496582 0.0013035853626206517
2959 0.50022745132446289 0.8658939003944397 0.00049773528007790446
2960 0.40496283769607544 0.91433310508728027 0.00039725686656311154
2961 0.72642821073532104 -0.68724119663238525 0.0012827955652028322
2962 0.48011767864227295 0.87720400094985962 0.00051582709420472383
2963 0.58819085359573364 -0.80872070789337158 0.001560747274197638
2964 0.97992080450057983 0.19938455522060394 0.0010289694182574749
2965 0.87102419137954712 0.49123957753181458 0.00073733908357098699
2966 0.9993131160736084 -0.03702143207192421 0.0016657990636304021
2967 0.86869609355926514 -0.49534410238265991 0.0011416488559916615
2968 0.91804128885269165 -0.39648258686065674 0.0013313101371750236
2969 0.6227346658706665 -0.78243184089660645 0.0014101542765274644
2970 0.77635401487350464 0.63029670715332031 0.00077681266702711582
2971 0.5913398265838623 -0.80642020702362061 0.0019208373269066215
2972 0.97246509790420532 -0.233046755194664 0.0009438385022804141
2973 0.0017653063405305147 -0.024242637678980827 -0.99970459938049316
2974 0.99667966365814209 0.081411577761173248 0.0013451386475935578
2975 0.52317243814468384 0.85222667455673218 0.00054766592802479863
2976 0.91681438684463501 0.39931249618530273 0.00099560723174363375
2977 0.93915075063705444 -0.34350362420082092 0.0011088359169661999
2978 0.92472493648529053 0.38063532114028931 0.00081954372581094503
2979 0.74603831768035889 0.66590237617492676 0.00098502531182020903
2980 0.3923923671245575 0.91979789733886719 0.00034592082374729216
2981 0.93022322654724121 0.366993248462677 0.00085040630074217916
2982 0.5902976393699646 -0.80718415975570679 0.0015493768732994795
2983 0.69679719209671021 -0.71726709604263306 0.0012955807615071535
2984 0.40816959738731384 -0.91290420293807983 0.0018997278530150652
2985 0.82786393165588379 0.56092846393585205 0.00076476647518575191
2986 0.89002078771591187 0.4559192955493927 0.00080183363752439618
2987 0.97437673807144165 0.22492073476314545 0.000851327960845083
2988 0.98037785291671753 0.19712454080581665 0.0011139370035380125
2989 0.4104422926902771 0.91188633441925049 0.00072843109956011176
2990 0.97816568613052368 -0.20780453085899353 0.0030380191747099161
2991 0.62530732154846191 -0.78037720918655396 0.0014959410764276981
2992 0.83086222410202026 0.55647724866867065 0.0010174136841669679
2993 0.30480223894119263 -0.95241385698318481 0.0018481009174138308
2994 0.3484051525592804 -0.93734133243560791 0.0022551584988832474
2995 0.26535919308662415 0.9641495943069458 0.00040239008376374841
2996 0.99202030897140503 0.12607543170452118 0.00089167675469070673
2997 0.46495386958122253 0.88533461093902588 0.00074113305890932679
2998 0.98955065011978149 0.14418254792690277 0.00095354788936674595
2999 0.99960136413574219 0.028211984783411026 0.0010893723228946328
3000 0.86954385042190552 -0.4938528835773468 0.0017146682366728783
3001 0.39085626602172852 -0.92044937610626221 0.0021035629324615002
3002 0.23037266731262207 0.9731023907661438 0.0004459424817468971
3003 0.85016143321990967 0.52652144432067871 0.00089377554832026362
3004 0.45791435241699219 0.8889961838722229 0.00051292858552187681
3005 0.51100963354110718 -0.8595733642578125 0.001698983833193779
3006 0.92438530921936035 -0.38145878911018372 0.0010590534657239914
3007 0.69974470138549805 0.71439242362976074 0.00091770803555846214
3008 0.75516468286514282 -0.65553390979766846 0.0012605625670403242
3009 0.88827931880950928 0.45930305123329163 0.00082015333464369178
3010 0.36874035000801086 0.92953222990036011 0.00066108925966545939
3011 0.99519485235214233 -0.097910091280937195 0.00097014801576733589
3012 0.0023196397814899683 -0.037620339542627335 -0.99928945302963257
3013 0.57241290807723999 -0.81996411085128784 0.0015610790578648448
3014 0.84303742647171021 -0.53785234689712524 0.0016693274956196547
3015 0.66507792472839355 0.74677366018295288 0.00068452570121735334
3016 0.84610068798065186 0.53302204608917236 0.0010032376740127802
3017 0.99952006340026855 0.030965151265263557 0.0009454411338083446
3018 0.22642238438129425 0.97402912378311157 0.00052961945766583085
3019 0.66086727380752563 0.75050252676010132 0.0006782234413549304
3020 0.8735358715057373 -0.48675686120986938 0.0016977370250970125
3021 0.96474021673202515 -0.26319879293441772 0.0016760015860199928
3022 0.25875034928321838 0.96594417095184326 0.00040938874008134007
3023 0.77274394035339355 0.63471734523773193 0.00081160140689462423
3024 0.90995079278945923 -0.41471448540687561 0.0012201318750157952
3025 0.9534943699836731 0.30140882730484009 0.0010998352663591504
3026 0.38358461856842041 0.92350548505783081 0.00073423050343990326
3027 0.34912344813346863 -0.93707519769668579 0.0016924010124057531
3028 0.62681865692138672 -0.77916419506072998 0.0012588333338499069
3029 0.83804202079772949 0.5456051230430603 0.00080615299521014094
3030 0.59813123941421509 -0.80139631032943726 0.0017548174364492297
3031 0.97543412446975708 0.2202892005443573 0.00098588084802031517
3032 0.84060961008071899 -0.54163670539855957 0.0022462017368525267
3033 0.82835215330123901 0.56020718812942505 0.00078894564649090171
3034 0.98239749670028687 -0.18679383397102356 0.0018227440305054188
3035 0.85657155513763428 0.51602768898010254 0.00083340663695707917
3036 0.99991714954376221 -0.012794430367648602 0.0014544110745191574
3037 0.86609810590744019 -0.49987292289733887 0.0010673672659322619
3038 0.96493536233901978 0.26248601078987122 0.00095904013141989708
3039 0.99475055932998657 -0.10231767594814301 0.0015839366242289543
3040 0.65387421846389771 0.75660306215286255 0.00064152816776186228
3041 0.98581510782241821 0.16783104836940765 0.0011682990007102489
3042 0.99972081184387207 0.023613806813955307 0.00088104087626561522
3043 0.22330085933208466 -0.97474890947341919 0.0011389864375814795
3044 0.23283305764198303 0.97251588106155396 0.0012716770870611072
3045 0.23442795872688293 -0.97213172912597656 0.0018464506138116121
3046 0.22786958515644073 0.97369128465652466 0.00088936049723997712
3047 0.85143649578094482 -0.52445268630981445 0.0022906023077666759
3048 0.93122744560241699 -0.36443692445755005 0.0010772352106869221
3049 0.84682297706604004 0.53187412023544312 0.00090849125990644097
3050 0.84760421514511108 0.53062838315963745 0.00078495143679901958
3051 0.80703967809677124 0.59049630165100098 0.0010388505179435015
3052 0.99722343683242798 0.074455328285694122 0.001353417057543993
3053 0.22310474514961243 -0.97479301691055298 0.0017381474608555436
3054 0.22221837937831879 0.97499686479568481 0.00042501397547312081
3055 0.74607193470001221 0.66586500406265259 0.00066669081570580602
3056 0.47414568066596985 0.88044619560241699 0.0006389678455889225
3057 0.47782382369041443 0.87845546007156372 0.00064524391200393438
3058 0.59386348724365234 -0.80456393957138062 0.001757939113304019
3059 0.53577399253845215 -0.84436041116714478 0.0013099367497488856
3060 0.98049724102020264 -0.19653025269508362 0.0010199981043115258
3061 0.88708615303039551 -0.46160280704498291 0.00097045901929959655
3062 0.99092996120452881 0.13437600433826447 0.00093954859767109156
3063 0.66274446249008179 -0.74884325265884399 0.0019003631314262748
3064 0.9412493109703064 -0.33770817518234253 0.0017273436533287168
3065 0.99552440643310547 -0.094498865306377411 0.001056679873727262
3066 0.94378536939620972 -0.33055463433265686 0.0016739070415496826
3067 0.39447015523910522 0.91890859603881836 0.0005526457098312676
3068 0.87273228168487549 0.48819845914840698 0.00084358727326616645
3069 0.77141588926315308 -0.63632839918136597 0.0019464341457933187
3070 0.50598728656768799 -0.86253905296325684 0.0018107694340869784
3071 0.9652063250541687 -0.26148435473442078 0.001662004622630775
3072 0.22286202013492584 -0.97484856843948364 0.0016845321515575051
3073 0.62298929691314697 -0.78222936391830444 0.001207157620228827
3074 0.3972383439540863 -0.91771304607391357 0.0020842822268605232
3075 0.4066804051399231 0.91357028484344482 0.00065359234577044845
3076 0.96498763561248779 -0.26228556036949158 0.0022728429175913334
3077 0.89436554908752441 0.44733592867851257 0.00092063710326328874
3078 0.23692049086093903 0.97152817249298096 0.0013352747773751616
3079 0.22768357396125793 -0.97373449802398682 0.0011432667961344123
3080 0.23207403719425201 0.97269773483276367 0.00087275274563580751
3081 0.24203453958034515 -0.97026580572128296 0.0018936153501272202
3082 0.81219595670700073 0.58338385820388794 0.0010155552299693227
3083 0.99500197172164917 -0.099843211472034454 0.0015743783442303538
3084 0.92331290245056152 0.3840470016002655 0.0011256495490670204
3085 0.8764418363571167 -0.4815061092376709 0.0012690102448686957
3086 0.99362152814865112 -0.11275482922792435 0.001611182582564652
3087 0.89531326293945312 0.44543623924255371 0.00089727499289438128
3088 0.95224344730377197 0.30533868074417114 0.00084629154298454523
3089 0.59266698360443115 -0.80544614791870117 0.0015506088966503739
3090 0.26200282573699951 -0.96506631374359131 0.0012521235039457679
3091 0.99483424425125122 -0.10150133073329926 0.001556761097162962
3092 0.40544915199279785 0.91411745548248291 0.00051028077723458409
3093 0.94444757699966431 0.32866063714027405 0.00099261174909770489
3094 0.92492753267288208 -0.38014200329780579 0.0010987143032252789
3095 0.91263335943222046 0.40877839922904968 0.00081157375825569034
3096 0.66640150547027588 -0.74559056758880615 0.0019593939650803804
3097 0.34178292751312256 0.93977850675582886 0.00087162508862093091
3098 0.9989391565322876 -0.046016186475753784 0.0017878051148727536
3099 0.63648557662963867 0.77128833532333374 0.00072176073445007205
3100 0.36409991979598999 0.93135964870452881 0.00064485450275242329
3101 0.60877400636672974 -0.79334264993667603 0.0013286216417327523
3102 0.34931260347366333 0.93700611591339111 0.00048186854110099375
3103 0.084293730556964874 0.99644052982330322 0.00091331393923610449
3104 0.080986194312572479 -0.99671441316604614 0.001302260672673583
3105 0.08280615508556366 0.99656540155410767 0.00075007870327681303
3106 0.07955709844827652 -0.99682867527008057 0.0018258495256304741
3107 0.64622038602828979 -0.76314973831176758 0.0012959496816620231
3108 0.34421250224113464 -0.93889033794403076 0.001647391589358449
3109 0.33654618263244629 0.94166678190231323 0.00062851060647517443
3110 0.7135804295539856 0.70057308673858643 0.00065715942764654756
3111 0.90923863649368286 -0.4162738025188446 0.0011247162474319339
3112 0.94149935245513916 -0.33701038360595703 0.0017280286410823464
3113 0.98733866214752197 -0.15862418711185455 0.00090755958808586001
3114 0.76007413864135742 -0.6498337984085083 0.0018490342190489173
3115 0.5695611834526062 0.82194876670837402 0.00051447277655825019
3116 0.80984401702880859 0.58664435148239136 0.001046010060235858
3117 0.33801078796386719 0.94114184379577637 0.00088739098282530904
3118 0.53656697273254395 -0.84385526180267334 0.0020455862395465374
3119 0.98676776885986328 -0.16213735938072205 0.00097133324015885592
3120 0.98909837007522583 0.14725330471992493 0.00096489215502515435
3121 0.57178187370300293 0.82040548324584961 0.00053421442862600088
3122 0.46385306119918823 0.88591206073760986 0.00050870870472863317
3123 0.39927324652671814 -0.91683107614517212 0.0013092468725517392
3124 0.34871968626976013 0.93722707033157349 0.00020764888904523104
3125 0.73649704456329346 0.67644000053405762 0.0010243350407108665
3126 0.49142554402351379 -0.87091809511184692 0.001627901685424149
3127 0.95474725961685181 0.29741623997688293 0.001139195985160768
3128 0.86823040246963501 -0.49615871906280518 0.001604584394954145
3129 0.24096286296844482 -0.97053241729736328 0.0019537026528269053
3130 0.49284958839416504 -0.87011301517486572 0.001643270836211741
3131 0.96311914920806885 -0.26907002925872803 0.0016975727630779147
3132 0.89619636535644531 -0.44365406036376953 0.0017789875855669379
3133 0.67112058401107788 0.7413477897644043 0.00077983061783015728
3134 0.26225817203521729 0.96499776840209961 0.00024050296633504331
3135 0.99607503414154053 0.088506370782852173 0.0011156955733895302
3136 0.89694797992706299 -0.44213250279426575 0.0017810716526582837
3137 0.22654688358306885 -0.97399884462356567 0.0016887187957763672
3138 0.93912625312805176 0.34357106685638428 0.00086698186350986362
3139 0.23826329410076141 0.97120028734207153 0.00082309573190286756
3140 0.98363316059112549 -0.1801755279302597 0.0016297295223921537
3141 0.22455900907516479 0.97446024417877197 0.00070886372122913599
3142 0.97354930639266968 -0.2284683883190155 0.0019937371835112572
3143 0.86979413032531738 0.49341395497322083 0.00091162411263212562
3144 0.00044833566062152386 -0.025192109867930412 -0.99968254566192627
3145 0.3396754264831543 0.94054263830184937 0.00045129371574148536
3146 0.94881296157836914 -0.31583374738693237 0.0017614915268495679
3147 0.35669916868209839 0.9342191219329834 0.00056803051847964525
3148 0.56167924404144287 -0.82735377550125122 0.0014763639774173498
3149 0.77480620145797729 0.63219815492630005 0.00098618038464337587
3150 0.67856276035308838 0.7345421314239502 0.00070952973328530788
3151 0.25045022368431091 0.96812945604324341 0.00030144455377012491
3152 0.32207626104354858 0.94671368598937988 0.00029096621437929571
3153 0.91354382038116455 0.40673965215682983 0.00081879977369681001
3154 0.55781972408294678 0.82996201515197754 0.00049143348587676883
3155 0.98345935344696045 -0.18112197518348694 0.0016252981731668115
3156 0.35277894139289856 -0.93570411205291748 0.0022242965642362833
3157 0.82556414604187012 -0.56430619955062866 0.0015294977929443121
3158 0.99973303079605103 0.023011621087789536 0.0021069208160042763
3159 0.9163556694984436 -0.40036317706108093 0.0012980292085558176
3160 0.31496798992156982 0.94910228252410889 0.00027776663773693144
3161 0.8719756007194519 0.48954856395721436 0.00091871805489063263
3162 0.93708157539367676 0.3491094708442688 0.00086276920046657324
3163 0.90915888547897339 -0.41644749045372009 0.0012904225150123239
3164 0.97219818830490112 -0.23415786027908325 0.00094215787248685956
3165 0.91476213932037354 0.40399166941642761 0.00099158741068094969
3166 0.87913268804550171 -0.47657442092895508 0.0016113856108859181
3167 0.90674281120300293 -0.42168101668357849 0.0016019563190639019
3168 0.96572375297546387 0.25957033038139343 0.00094777927733957767
3169 0.89968526363372803 0.43653830885887146 0.00084363669157028198
3170 0.98298579454421997 -0.18367420136928558 0.0016523166559636593
3171 0.37629592418670654 0.92649930715560913 0.00069031550083309412
3172 0.93298524618148804 -0.35990995168685913 0.001867386163212359
3173 0.21031169593334198 0.97763442993164062 0.00021590579126495868
3174 0.89283603429794312 0.45038110017776489 0.00080919667379930615
3175 0.356699138879776 0.9342191219329834 0.00064670690335333347
3176 0.99760913848876953 0.069079078733921051 0.002014645840972662
3177 0.51830410957336426 -0.85519486665725708 0.0016298831906169653
3178 0.93676531314849854 -0.34995377063751221 0.0017912283074110746
3179 0.25112515687942505 -0.96795308589935303 0.0017378696938976645
3180 0.21410530805587769 0.97681039571762085 0.00065766344778239727
3181 0.9386446475982666 -0.3448813259601593 0.0017761188792064786
3182 0.5680396556854248 -0.82299971580505371 0.0015781676629558206
3183 0.6030164361000061 -0.79772764444351196 0.0013205213472247124
3184 0.70276510715484619 -0.71142077445983887 0.0013107409467920661
3185 0.3544115424156189 0.93508940935134888 0.00051262514898553491
3186 0.5667726993560791 -0.82387292385101318 0.0014503954444080591
3187 0.92219185829162598 0.38673210144042969 0.00073580123716965318
3188 0.22443483769893646 0.97448903322219849 0.00046458470751531422
3189 0.99983978271484375 -0.017841875553131104 0.001436050864867866
3190 0.75991129875183105 0.65002590417861938 0.0010679368861019611
3191 0.75915473699569702 -0.65090751647949219 0.0018565835198387504
3192 0.35864931344985962 0.9334721565246582 0.00063538359245285392
3193 0.51347833871841431 -0.85810154676437378 0.0013411242980509996
3194 0.0014618351124227047 -0.99999892711639404 -0
3195 0.001422172412276268 -0.99999898672103882 0
3196 0.0013615171192213893 -0.99999910593032837 0
3197 0.0013997151982039213 -0.99999904632568359 0
3198 0.0013661208795383573 -0.99999910593032837 0
3199 0.0016077420441433787 -0.99999874830245972 0
3200 0.0013303320156410336 -0.99999910593032837 0
3201 0.0015853972872719169 -0.99999874830245972 0
3202 0.001354566658847034 -0.99999910593032837 0
3203 0.0015485713956877589 -0.99999880790710449 0
3204 0.0015748540172353387 -0.99999874830245972 -0
3205 0.0016324550379067659 -0.99999868869781494 0
3206 0.0015489209908992052 -0.99999880790710449 0
3207 0.0015146331861615181 -0.99999886751174927 0
3208 0.0013133182656019926 -0.99999916553497314 0
3209 0.0017186998156830668 -0.99999850988388062 0
3210 0.0014850589213892817 -0.99999892711639404 0
3211 0.0013152202591300011 -0.99999916553497314 0
3212 0.0013519348576664925 -0.99999910593032837 0
3213 0.0013423893833532929 -0.99999910593032837 0
3214 0.0013787808129563928 -0.99999904632568359 0
3215 0.0015448833582922816 -0.99999880790710449 0
3216 0.0013841219479218125 -0.99999904632568359 0
3217 0.0013490704586729407 -0.99999910593032837 -0
3218 0.0015376273076981306 -0.99999880790710449 0
3219 0.0015763388946652412 -0.99999874830245972 -0
3220 0.0015455709071829915 -0.99999880790710449 -0
3221 0.0015784938586875796 -0.99999874830245972 0
3222 0.0016367589123547077 -0.99999868869781494 0
3223 0.0015020344872027636 -0.99999886751174927 0
3224 0.0014623105525970459 -0.99999892711639404 0
3225 0.0014670736854895949 -0.99999892711639404 0
3226 0.0015111835673451424 -0.99999886751174927 0
3227 0.0015166387893259525 -0.99999886751174927 0
3228 0.0015410959022119641 -0.99999880790710449 0
3229 0.0015179861802607775 -0.99999886751174927 0
3230 0.001402428955771029 -0.99999904632568359 -0
3231 0.0014251729007810354 -0.99999898672103882 0
3232 0.001434817910194397 -0.99999898672103882 0
3233 0.0014485300052911043 -0.99999898672103882 0
3234 0.0014094935031607747 -0.99999904632568359 -0
3235 0.0014159886632114649 -0.99999898672103882 -0
3236 0.0014261032920330763 -0.99999898672103882 0
3237 0.0016259464900940657 -0.99999868869781494 -0
3238 0.0011638754513114691 -0.99999934434890747 0
3239 0.0018713535973802209 -0.99999827146530151 0
3240 0.0015426670433953404 -0.99999880790710449 0
3241 0.0012857217807322741 -0.99999916553497314 0
3242 0.0013634262140840292 -0.99999910593032837 0
3243 0.0015069587389007211 -0.99999886751174927 0
3244 0.0015367276500910521 -0.99999880790710449 0
3245 0.001644053147174418 -0.99999868869781494 -0
3246 0.001387063879519701 -0.99999904632568359 0
3247 0.0013124698307365179 -0.99999916553497314 0
3248 0.0016342939343303442 -0.99999868869781494 -0
3249 0.0016004667850211263 -0.99999874830245972 0
3250 0.0014023514231666923 -0.99999904632568359 0
3251 0.0015416196547448635 -0.99999880790710449 0
3252 0.0014529172331094742 -0.99999898672103882 -0
3253 0.001506148255430162 -0.99999886751174927 0
3254 0.0014212785754352808 -0.99999898672103882 0
3255 0.0014738996978849173 -0.99999892711639404 -0
3256 0.0014335582964122295 -0.99999898672103882 0
3257 0.0014014414045959711 -0.99999904632568359 0
3258 0.0014875459019094706 -0.99999892711639404 0
3259 0.001441336702555418 -0.99999898672103882 -0
3260 0.0013919558841735125 -0.99999904632568359 -0
3261 0.0013945656828582287 -0.99999904632568359 0
3262 0.0014605199685320258 -0.99999892711639404 -0
3263 0.0014446882996708155 -0.99999898672103882 0
3264 0.0014222119934856892 -0.99999898672103882 -0
3265 0.0014538404066115618 -0.99999898672103882 -0
3266 0.0014588141348212957 -0.99999892711639404 0
3267 0.0014971556374803185 -0.99999886751174927 -0
3268 0.0015016483375802636 -0.99999886751174927 -0
3269 0.0015115829883143306 -0.99999886751174927 0
3270 0.0015340623212978244 -0.99999886751174927 -0
3271 0.0015565867070108652 -0.99999880790710449 -0
3272 0.0015573679702356458 -0.99999880790710449 0
3273 0.0015529235824942589 -0.99999880790710449 0
3274 0.0015625905944034457 -0.99999880790710449 -0
3275 0.0015625875676050782 -0.99999880790710449 -0
3276 0.0015866818139329553 -0.99999874830245972 0
3277 0.0016106005059555173 -0.99999868869781494 -0
3278 0.001601211610250175 -0.99999874830245972 -0
3279 0.0014040528330951929 -0.99999904632568359 -0
3280 0.0013702082214877009 -0.99999910593032837 0
3281 0.0015944396145641804 -0.99999874830245972 0
3282 0.0016318669077008963 -0.99999868869781494 0
3283 0.0013937348267063498 -0.99999904632568359 -0
3284 0.0015214927261695266 -0.99999886751174927 0
3285 0.001479008118622005 -0.99999892711639404 0
3286 0.0016311939107254148 -0.99999868869781494 0
3287 0.0015653526643291116 -0.99999880790710449 -0
3288 0.0014702437911182642 -0.99999892711639404 0
3289 0.0015483885072171688 -0.99999880790710449 0
3290 0.0015523004112765193 -0.99999880790710449 0
3291 0.0017160637071356177 -0.99999856948852539 0
3292 0.001365327974781394 -0.99999910593032837 0
3293 0.001545516774058342 -0.99999880790710449 0
3294 0.0014722904888913035 -0.99999892711639404 0
3295 0.0015736266504973173 -0.99999874830245972 0
3296 0.0013950631255283952 -0.99999904632568359 0
3297 0.0013962831581011415 -0.99999904632568359 -0
3298 0.0015759600792080164 -0.99999874830245972 0
3299 0.0012847153702750802 -0.99999916553497314 -0
3300 0.0015664409147575498 -0.99999880790710449 0
3301 0.0013983414974063635 -0.99999904632568359 -0
3302 0.0014472762122750282 -0.99999898672103882 0
3303 0.0014219778822734952 -0.99999898672103882 0
3304 0.0015950306551530957 -0.99999874830245972 0
3305 0.0013630721950903535 -0.99999910593032837 -0
3306 0.0015315943164750934 -0.99999886751174927 0
3307 0.0016771339578554034 -0.99999862909317017 -0
3308 0.0013855863362550735 -0.99999904632568359 0
3309 0.0014389974530786276 -0.99999898672103882 0
3310 0.0016969329444691539 -0.99999856948852539 -0
3311 0.001550010871142149 -0.99999880790710449 -0
3312 0.0017232581740245223 -0.99999850988388062 -0
3313 0.0012499475851655006 -0.99999922513961792 0
3314 0.0016791089437901974 -0.99999862909317017 0
3315 0.0016898890025913715 -0.99999856948852539 -0
3316 0.0016259816475212574 -0.99999868869781494 0
3317 0.0015989542007446289 -0.99999874830245972 0
3318 0.0018219640478491783 -0.99999833106994629 0
3319 0.0014928372111171484 -0.99999892711639404 0
3320 0.0013633398339152336 -0.99999910593032837 0
3321 0.0015028712805360556 -0.99999886751174927 0
3322 0.001480949460528791 -0.99999892711639404 0
3323 0.0013478328473865986 -0.99999910593032837 0
3324 0.0017568101175129414 -0.99999845027923584 -0
3325 0.0015056742122396827 -0.99999886751174927 0
3326 0.0012103054905310273 -0.9999992847442627 -0
3327 0.0018314115004613996 -0.99999833106994629 -0
3328 0.0011956881498917937 -0.9999992847442627 0
3329 0.0016562960809096694 -0.99999862909317017 -0
3330 0.0015322965336963534 -0.99999886751174927 0
3331 0.0015960561577230692 -0.99999874830245972 0
3332 0.0012739073717966676 -0.99999922513961792 0
3333 0.0015270431758835912 -0.99999886751174927 -0
3334 0.0014571186620742083 -0.99999892711639404 0
3335 0.0013164710253477097 -0.99999916553497314 0
3336 0.0015010309871286154 -0.99999886751174927 0
3337 0.0013022469356656075 -0.99999916553497314 0
3338 0.0014905054122209549 -0.99999892711639404 0
3339 0.0013396156718954444 -0.99999910593032837 0
3340 0.0013893665745854378 -0.99999904632568359 0
3341 0.0015746478457003832 -0.99999874830245972 0
3342 0.0015561712207272649 -0.99999880790710449 -0
3343 0.0014150172937661409 -0.99999898672103882 -0
3344 0.0013952094595879316 -0.99999904632568359 -0
3345 0.0014251729007810354 -0.99999898672103882 0
3346 0.0014823026722297072 -0.99999892711639404 0
3347 0.0014736129669472575 -0.99999892711639404 0
3348 0.0014185839099809527 -0.99999898672103882 0
3349 0.0015164384385570884 -0.99999886751174927 -0
3350 0.0011926949955523014 -0.9999992847442627 0
3351 0.0013209928292781115 -0.99999916553497314 -0
3352 0.0018402577843517065 -0.99999833106994629 0
3353 0.0015331377508118749 -0.99999886751174927 -0
3354 0.0015570694813504815 -0.99999880790710449 0
3355 0.0014556250534951687 -0.99999892711639404 0
3356 0.0014806949766352773 -0.99999892711639404 -0
3357 0.0014978388790041208 -0.99999886751174927 -0
3358 0.0013647369341924787 -0.99999910593032837 0
3359 0.0011904918355867267 -0.9999992847442627 0
3360 0.0015082928584888577 -0.99999886751174927 0
3361 0.0013603833504021168 -0.99999910593032837 -0
3362 0.0015633660368621349 -0.99999880790710449 0
3363 0.0013869819231331348 -0.99999904632568359 -0
3364 0.0013860368635505438 -0.99999904632568359 0
3365 0.0018254939932376146 -0.99999833106994629 0
3366 0.001567827770486474 -0.99999880790710449 0
3367 0.0014518771786242723 -0.99999898672103882 0
3368 0.0017679297598078847 -0.99999845027923584 0
3369 0.0012939872685819864 -0.99999916553497314 0
3370 0.0013510965509340167 -0.99999910593032837 0
3371 0.0014664358459413052 -0.99999892711639404 0
3372 0.0015463316813111305 -0.99999880790710449 -0
3373 0.0017453439068049192 -0.99999850988388062 0
3374 0.0015174916479736567 -0.99999886751174927 0
3375 0.0015302952378988266 -0.99999886751174927 -0
3376 0.0017458003712818027 -0.99999850988388062 -0
3377 0.001529462868347764 -0.99999886751174927 0
3378 0.0014542060671374202 -0.99999898672103882 0
3379 0.0015197431202977896 -0.99999886751174927 0
3380 0.0011189640499651432 0.99999940395355225 -0
3381 0.001060125301592052 0.99999946355819702 -0
3382 0.0010090755531564355 0.9999995231628418 0
3383 0.0010664568981155753 0.99999946355819702 0
3384 0.0010207787854596972 0.9999995231628418 -0
3385 0.0011727233650162816 0.99999934434890747 0
3386 0.0010036304593086243 0.9999995231628418 0
3387 0.0011266618967056274 0.99999940395355225 0
3388 0.00086393347010016441 0.99999964237213135 0
3389 0.0011149437632411718 0.99999940395355225 0
3390 0.0011230397503823042 0.99999940395355225 -0
3391 0.0010678262915462255 0.99999946355819702 0
3392 0.00084011716535314918 0.99999964237213135 -0
3393 0.00086556613678112626 0.99999964237213135 -0
3394 0.00085638777818530798 0.99999964237213135 0
3395 0.0011409515282139182 0.99999934434890747 0
3396 0.0011291546979919076 0.99999940395355225 0
3397 0.00093726371414959431 0.99999958276748657 -0
3398 0.0010173965711146593 0.9999995231628418 0
3399 0.00096636108355596662 0.9999995231628418 0
3400 0.0008728836546652019 0.99999964237213135 -0
3401 0.0007968529243953526 0.99999970197677612 0
3402 0.0010227507445961237 0.99999946355819702 0
3403 0.00099762959871441126 0.9999995231628418 -0
3404 0.0010706876637414098 0.99999946355819702 -0
3405 0.0010079696075990796 0.9999995231628418 -0
3406 0.0010317066917195916 0.99999946355819702 -0
3407 0.00097733596339821815 0.9999995231628418 0
3408 0.0010209953179582953 0.9999995231628418 0
3409 0.00087944627739489079 0.99999964237213135 0
3410 0.00091072055511176586 0.99999958276748657 0
3411 0.00087747426005080342 0.99999964237213135 0
3412 0.0009513399563729763 0.99999958276748657 0
3413 0.0010656231315806508 0.99999946355819702 0
3414 0.0010899073677137494 0.99999940395355225 0
3415 0.0010341380257159472 0.99999946355819702 0
3416 0.001009590458124876 0.9999995231628418 -0
3417 0.00099976838100701571 0.9999995231628418 -0
3418 0.0010230549378320575 0.99999946355819702 0
3419 0.001013171742670238 0.9999995231628418 -0
3420 0.00098034669645130634 0.9999995231628418 -0
3421 0.0009448913624510169 0.99999958276748657 -0
3422 0.0010651666671037674 0.99999946355819702 0
3423 0.00091202836483716965 0.99999958276748657 -0
3424 0.00077879463788121939 0.99999970197677612 0
3425 0.0012891012011095881 0.99999916553497314 -0
3426 0.0010963911190629005 0.99999940395355225 -0
3427 0.0010838216403499246 0.99999940395355225 0
3428 0.00096660101553425193 0.9999995231628418 0
3429 0.00077784957829862833 0.99999970197677612 0
3430 0.0011146921897307038 0.99999940395355225 -0
3431 0.0011723341885954142 0.99999934434890747 0
3432 0.0008507760358043015 0.99999964237213135 -0
3433 0.00071208266308531165 0.9999997615814209 -0
3434 0.0010564416879788041 0.99999946355819702 0
3435 0.001213313196785748 0.9999992847442627 0
3436 0.0011331161949783564 0.99999934434890747 0
3437 0.0010744327446445823 0.99999946355819702 0
3438 0.0011015229392796755 0.99999940395355225 -0
3439 0.0010829146485775709 0.99999940395355225 0
3440 0.0008833932806737721 0.99999964237213135 0
3441 0.0010920959757640958 0.99999940395355225 -0
3442 0.0010360544547438622 0.99999946355819702 -0
3443 0.0010410576360300183 0.99999946355819702 -0
3444 0.00089328258763998747 0.99999964237213135 0
3445 0.0010698100086301565 0.99999946355819702 0
3446 0.00090796145377680659 0.99999958276748657 -0
3447 0.0010473452275618911 0.99999946355819702 -0
3448 0.0009091288666240871 0.99999958276748657 -0
3449 0.0010164163541048765 0.9999995231628418 -0
3450 0.00098327244631946087 0.9999995231628418 -0
3451 0.00092260527890175581 0.99999958276748657 0
3452 0.0010051197605207562 0.9999995231628418 -0
3453 0.00096209230832755566 0.9999995231628418 -0
3454 0.00099069532006978989 0.9999995231628418 -0
3455 0.0009831057395786047 0.9999995231628418 -0
3456 0.0010135872289538383 0.9999995231628418 -0
3457 0.00089490355458110571 0.99999964237213135 0
3458 0.00097400340018793941 0.9999995231628418 -0
3459 0.00096534000476822257 0.9999995231628418 -0
3460 0.00090776546858251095 0.99999958276748657 -0
3461 0.00091814337065443397 0.99999958276748657 -0
3462 0.00095584278460592031 0.99999958276748657 -0
3463 0.00088771473383530974 0.99999964237213135 -0
3464 0.00091942196013405919 0.99999958276748657 -0
3465 0.0010167324217036366 0.9999995231628418 -0
3466 0.00091155146947130561 0.99999958276748657 -0
3467 0.00104805629234761 0.99999946355819702 0
3468 0.00090493325842544436 0.99999958276748657 -0
3469 0.0010157844517379999 0.9999995231628418 -0
3470 0.0011584041640162468 0.99999934434890747 0
3471 0.0011088638566434383 0.99999940395355225 0
3472 0.00078009371645748615 0.99999970197677612 -0
3473 0.00072968448512256145 0.9999997615814209 -0
3474 0.0011282125487923622 0.99999940395355225 0
3475 0.00081879959907382727 0.99999970197677612 0
3476 0.0010748511413112283 0.99999946355819702 0
3477 0.0011910652974620461 0.9999992847442627 0
3478 0.0010501599172130227 0.99999946355819702 -0
3479 0.0010938104242086411 0.99999940395355225 0
3480 0.0011093964567407966 0.99999940395355225 0
3481 0.00080048973904922605 0.99999970197677612 0
3482 0.00096645473968237638 0.9999995231628418 -0
3483 0.0010794124100357294 0.99999940395355225 -0
3484 0.0010828122030943632 0.99999940395355225 0
3485 0.00087726360652595758 0.99999964237213135 -0
3486 0.00084902928210794926 0.99999964237213135 0
3487 0.001025234698317945 0.99999946355819702 -0
3488 0.0011181534500792623 0.99999940395355225 0
3489 0.00083343748701736331 0.99999964237213135 0
3490 0.00082749227294698358 0.99999970197677612 0
3491 0.00083061697660014033 0.99999964237213135 -0
3492 0.0011182323796674609 0.99999940395355225 0
3493 0.00097048364114016294 0.9999995231628418 -0
3494 0.0010150384623557329 0.9999995231628418 0
3495 0.00084961444372311234 0.99999964237213135 0
3496 0.0010132566094398499 0.9999995231628418 -0
3497 0.0010890589328482747 0.99999940395355225 -0
3498 0.0010664100991562009 0.99999946355819702 -0
3499 0.00098133855499327183 0.9999995231628418 0
3500 0.00089358107652515173 0.99999964237213135 0
3501 0.00095045345369726419 0.99999958276748657 -0
3502 0.00124036252964288 0.99999922513961792 0
3503 0.0011375283356755972 0.99999934434890747 0
3504 0.00079768971772864461 0.99999970197677612 -0
3505 0.0011168601922690868 0.99999940395355225 -0
3506 0.0011550979688763618 0.99999934434890747 0
3507 0.0010332544334232807 0.99999946355819702 0
3508 0.0011835780460387468 0.9999992847442627 0
3509 0.00083127821562811732 0.99999964237213135 0
3510 0.00088722904911264777 0.99999964237213135 -0
3511 0.0010975057957693934 0.99999940395355225 -0
3512 0.001105200732126832 0.99999940395355225 0
3513 0.0012710050214082003 0.99999922513961792 -0
3514 0.00081998750101774931 0.99999970197677612 -0
3515 0.0012682838132604957 0.99999922513961792 -0
3516 0.0010769489454105496 0.99999946355819702 -0
3517 0.00098875840194523335 0.9999995231628418 0
3518 0.0010978335049003363 0.99999940395355225 0
3519 0.00117273791693151 0.99999934434890747 -0
3520 0.001220718608237803 0.9999992847442627 0
3521 0.0010909606935456395 0.99999940395355225 0
3522 0.0010116006014868617 0.9999995231628418 0
3523 0.00095698091899976134 0.99999958276748657 0
3524 0.0011537988903000951 0.99999934434890747 -0
3525 0.001074476633220911 0.99999946355819702 0
3526 0.001098529901355505 0.99999940395355225 0
3527 0.00074676267104223371 0.9999997615814209 0
3528 0.00067184655927121639 0.9999997615814209 -0
3529 0.0010473130969330668 0.99999946355819702 -0
3530 0.0011020671809092164 0.99999940395355225 -0
3531 0.0011263136984780431 0.99999940395355225 0
3532 0.00088577199494466186 0.99999964237213135 0
3533 0.00088507274631410837 0.99999964237213135 0
3534 0.0008272347622551024 0.99999970197677612 0
3535 0.00087812088895589113 0.99999964237213135 -0
3536 0.00079295859904959798 0.99999970197677612 0
3537 0.00080925837391987443 0.99999970197677612 -0
3538 0.0012479551369324327 0.99999922513961792 0
3539 0.0011066022561863065 0.99999940395355225 -0
3540 0.00068284478038549423 0.9999997615814209 0
3541 0.0011446819407865405 0.99999934434890747 0
3542 0.0011078222887590528 0.99999940395355225 -0
3543 0.00087944336701184511 0.99999964237213135 -0
3544 0.0010150208836421371 0.9999995231628418 0
3545 0.00077176094055175781 0.99999970197677612 0
3546 0.00087380816694349051 0.99999964237213135 0
3547 0.00095185200916603208 0.99999958276748657 -0
3548 0.00069079425884410739 0.9999997615814209 -0
3549 0.0010559238726273179 0.99999946355819702 -0
3550 0.0010741460137069225 0.99999946355819702 -0
3551 0.0012020810972899199 0.9999992847442627 -0
3552 0.00072919880039989948 0.9999997615814209 0
3553 0.00082881469279527664 0.99999964237213135 0
3554 0.0011588312918320298 0.99999934434890747 0
3555 0.00082327320706099272 0.99999970197677612 0
3556 0.00080997234908863902 0.99999970197677612 -0
3557 0.00088107894407585263 0.99999964237213135 -0
3558 0.00088522484293207526 0.99999964237213135 -0
3559 0.0010900303022935987 0.99999940395355225 0
3560 0.0011226915521547198 0.99999940395355225 0
3561 0.0011043434496968985 0.99999940395355225 -0
3562 0.0011040187673643231 0.99999940395355225 -0
3563 0.0011879961239174008 0.9999992847442627 0
3564 0.00112627272028476 0.99999940395355225 0
3565 0.0011073863133788109 0.99999940395355225 -0
3566 0.76572471857070923 0.0016206839354708791 0.64316648244857788
3567 0.25809365510940552 -0.0027664708904922009 0.96611595153808594
3568 0.92118579149246216 0.0023698676377534866 0.38911598920822144
3569 0.67314779758453369 0.0014670429518446326 0.73950660228729248
3570 0.25327679514884949 -0.0018869480118155479 0.96739208698272705
3571 0.24793994426727295 -0.0029690251685678959 0.96877086162567139
3572 0.81351429224014282 0.002101103775203228 0.58154118061065674
3573 0.35143905878067017 -0.012623513117432594 -0.93612569570541382
3574 0.8136603832244873 -0.012286764569580555 -0.5812106728553772
3575 0.24704006314277649 -0.0061649279668927193 -0.96898567676544189
3576 0.87693184614181519 0.0021328423172235489 0.48061004281044006
3577 0.38955754041671753 -0.012541857548058033 -0.92091673612594604
3578 0.75470000505447388 -0.013095919974148273 -0.65593940019607544
3579 0.23812447488307953 -0.0062976432964205742 -0.97121423482894897
3580 0.2637765109539032 -0.0095666395500302315 -0.96453642845153809
3581 0.82598179578781128 0.0014248898951336741 0.56369501352310181
3582 0.68111371994018555 -0.0010195623617619276 0.73217695951461792
3583 0.24340762197971344 -0.002015378326177597 0.96992200613021851
3584 0.91825282573699951 0.0029837428592145443 0.39598354697227478
3585 0.66989195346832275 -0.013352971524000168 -0.74233853816986084
3586 0.9511643648147583 -0.011931751854717731 -0.30845433473587036
3587 0.68047183752059937 -0.001305966405197978 0.73277312517166138
3588 0.86855298280715942 -0.012521220371127129 -0.49543815851211548
3589 0.76149386167526245 0.0013116695918142796 0.64817088842391968
3590 0.24517780542373657 -0.0017755384324118495 0.96947658061981201
3591 0.8799249529838562 0.0016963076777756214 0.47510969638824463
3592 0.99444675445556641 -0.0098876217380166054 -0.10477597266435623
3593 0.97696989774703979 -0.010054394602775574 -0.21314035356044769
3594 0.95007532835006714 -0.012013107538223267 -0.31178933382034302
3595 0.99432176351547241 -0.0096127446740865707 -0.10598032176494598
3596 0.97716081142425537 -0.010137920267879963 -0.21225929260253906
3597 0.66352051496505737 -0.014638778753578663 -0.74801486730575562
3598 0.6651492714881897 0.0022671520709991455 0.74670702219009399
3599 0.75074642896652222 -0.012501214630901814 -0.66047221422195435
3600 0.19002091884613037 -0.0076934699900448322 -0.98174989223480225
3601 0.91266739368438721 -0.01196476723998785 -0.40852788090705872
3602 0.44859176874160767 -0.00096134340856224298 0.89373624324798584
3603 0.95646977424621582 0.0015748182777315378 0.29182723164558411
3604 0.51726049184799194 0.0010657564271241426 0.85582739114761353
3605 0.52507150173187256 -0.011272787116467953 -0.85098350048065186
3606 0.91927635669708252 -0.013129029422998428 -0.39339366555213928
3607 0.95974791049957275 0.002760420786216855 0.28084942698478699
3608 0.54017651081085205 0.00018467076006345451 0.84155172109603882
3609 0.0034314044751226902 0.99956881999969482 0.029162563383579254
3610 0.97940611839294434 -0.011714988388121128 -0.20156018435955048
3611 0.60330718755722046 -0.011169921606779099 -0.79743063449859619
3612 0.38100776076316833 -2.2114672901807353e-05 0.92457187175750732
3613 0.40522113442420959 -0.0061311800964176655 -0.91419816017150879
3614 0.62152302265167236 0.0001739956351229921 0.78339594602584839
3615 0.99364835023880005 -0.0083016008138656616 -0.11222331970930099
3616 0.91682171821594238 -0.013626711443066597 -0.39906436204910278
3617 0.67570525407791138 0.0018094211118295789 0.73716968297958374
3618 0.77645331621170044 -0.014807045459747314 -0.63000088930130005
3619 0.77673101425170898 0.002696797251701355 0.62982678413391113
3620 0.99357300996780396 -0.0081937192007899284 -0.11289623379707336
3621 0.5898895263671875 -0.0019061430357396603 0.80748170614242554
3622 0.97878849506378174 -0.011630600318312645 -0.20454299449920654
3623 0.44277334213256836 -0.00099860131740570068 0.89663302898406982
3624 0.30891269445419312 -0.0035519660450518131 0.95108377933502197
3625 0.30913886427879333 -0.0044923662208020687 -0.95100635290145874
3626 0.37552756071090698 0.00012071266246493906 0.92681121826171875
3627 0.52319711446762085 -0.0095852930098772049 -0.8521578311920166
3628 0.51015770435333252 0.0013164737029001117 0.86007988452911377
3629 0.62086021900177002 -0.00012378983956295997 0.78392130136489868
3630 0.44412323832511902 -0.0097041940316557884 -0.89591318368911743
3631 0.28475427627563477 -0.00042095457320101559 0.95860046148300171
3632 0.28448659181594849 -0.012275835499167442 -0.95860141515731812
3633 0.40475979447364807 -0.0025567903649061918 0.91441947221755981
3634 0.81302732229232788 -0.013987596146762371 -0.58205759525299072
3635 0.35221382975578308 -0.010059935040771961 -0.93586552143096924
3636 0.0032400884665548801 0.99952876567840576 -0.030524622648954391
3637 0.95436692237854004 -0.0014925884315744042 0.2986329197883606
3638 0.95015072822570801 -0.0063243773765861988 -0.3117268979549408
3639 0.69523376226425171 0.00056850974215194583 0.71878349781036377
3640 0.54213976860046387 0.0003432507801335305 0.84028822183609009
3641 0.44178012013435364 -0.00018263788660988212 0.89712339639663696
3642 0.60470914840698242 -0.010659771040081978 -0.7963750958442688
3643 0.5436437726020813 -0.00058784958673641086 0.83931589126586914
3644 0.52411019802093506 -0.011777439154684544 -0.85156911611557007
3645 0.68231403827667236 -0.011545185931026936 -0.73096805810928345
3646 0.91190308332443237 -0.010017282329499722 -0.41028335690498352
3647 0.76534932851791382 0.00064572802511975169 0.64361482858657837
3648 0.63425999879837036 -0.014828715473413467 -0.77297765016555786
3649 0.63427734375 0.0021154533606022596 0.77310276031494141
3650 0.98099565505981445 0.001373697305098176 0.19402496516704559
3651 0.44559818506240845 -0.011665664613246918 -0.8951570987701416
3652 0.58839070796966553 -0.007080326322466135 -0.80854582786560059
3653 0.51976311206817627 -0.0099306758493185043 -0.85425269603729248
3654 0.67579829692840576 -0.010316076688468456 -0.73701441287994385
3655 0.69752585887908936 1.2749749657814391e-05 0.71655970811843872
3656 0.87179708480834961 -0.0013093994930386543 0.48986542224884033
3657 0.86485320329666138 -0.0069027901627123356 -0.50197750329971313
3658 0.92258447408676147 0.00099709175992757082 0.38579383492469788
3659 0.74938684701919556 -0.011305380612611771 -0.66203588247299194
3660 0.50015932321548462 -0.0064641623757779598 -0.86590933799743652
3661 0.74995797872543335 -0.010556881316006184 -0.66140121221542358
3662 0.76501208543777466 0.00035738036967813969 0.64401590824127197
3663 0.99532628059387207 -0.0019971162546426058 0.096548840403556824
3664 0.99379640817642212 -0.0054094195365905762 -0.11108335852622986
3665 0.86748623847961426 -0.010484571568667889 -0.49735069274902344
3666 0.001801771461032331 0.99948990345001221 -0.03188612312078476
3667 0.26534742116928101 -0.0076934215612709522 -0.96412217617034912
3668 0.91211360692977905 -0.0091332532465457916 -0.40983587503433228
3669 0.8853147029876709 -0.014132529497146606 -0.46477752923965454
3670 0.88548183441162109 0.0031991524156183004 0.46466302871704102
3671 0.74969989061355591 -0.001397073152475059 0.66177648305892944
3672 0.74254846572875977 -0.007313490379601717 -0.66975253820419312
3673 0.91352629661560059 -0.0014142099535092711 0.40677726268768311
3674 0.91360765695571899 -0.0063842236995697021 -0.40654689073562622
3675 0.92228811979293823 0.0014698385493829846 0.38650035858154297
3676 0.61828780174255371 0.00080727844033390284 0.78595137596130371
3677 0.95010834932327271 -0.010151034221053123 -0.31175485253334045
3678 0.97626596689224243 -0.0083715692162513733 -0.21641312539577484
3679 0.81055104732513428 -0.0095095066353678703 -0.58559083938598633
3680 0.49993038177490234 -0.0024421829730272293 0.86606216430664062
3681 0.44732168316841125 -0.0016777890268713236 0.89437156915664673
3682 0.97813582420349121 -0.0015736637869849801 0.20796117186546326
3683 0.97816985845565796 -0.0055269412696361542 -0.20773373544216156
3684 0.66908812522888184 -0.0017080899560824037 0.74318116903305054
3685 0.66928017139434814 -0.0071741207502782345 -0.74297553300857544
3686 0.80899274349212646 -0.0012524186167865992 0.58781731128692627
3687 0.80912691354751587 -0.0069625535979866982 -0.58759278059005737
3688 0.59394758939743042 -0.0092135947197675705 -0.80445098876953125
3689 0.60951060056686401 -0.012537365779280663 -0.79267889261245728
3690 0.34901025891304016 0.00016502401558682323 0.93711888790130615
3691 0.69631069898605347 0.0010322686284780502 0.71773982048034668
3692 0.67333078384399414 -0.013982664793729782 -0.73920917510986328
3693 0.44195270538330078 -0.00023694595438428223 0.89703840017318726
3694 0.8636782169342041 -0.0091305524110794067 -0.50396096706390381
3695 0.0030814297497272491 0.99954313039779663 0.030068105086684227
3696 0.68271166086196899 -0.01242624968290329 -0.73058223724365234
3697 0.81366586685180664 -0.011687650345265865 -0.58121532201766968
3698 0.44275712966918945 -0.012134561315178871 -0.89655947685241699
3699 0.87930107116699219 0.00085393805056810379 0.47626566886901855
3700 0.97641313076019287 -0.0084188627079129219 -0.21574664115905762
3701 0.81002384424209595 -0.0103328637778759 -0.58630597591400146
3702 0.86717265844345093 -0.011231648735702038 -0.49788108468055725
3703 0.95957350730895996 -0.013407429680228233 -0.28113877773284912
3704 0.99519795179367065 0.00047102212556637824 0.097881563007831573
3705 0.94986599683761597 -0.010264095850288868 -0.31248879432678223
3706 0.87901961803436279 0.00026269577210769057 0.47678560018539429
3707 0.9929276704788208 -0.00669119693338871 -0.11853213608264923
3708 0.82565093040466309 0.00085973512614145875 0.56418067216873169
3709 0.542369544506073 -0.0006316777435131371 0.84013986587524414
3710 0.82762259244918823 0.0001054262975230813 0.56128501892089844
3711 0.74397820234298706 -0.0093494253233075142 -0.66813844442367554
3712 0.94810616970062256 -0.0083936704322695732 -0.31784310936927795
3713 0.35449373722076416 -0.010011705569922924 -0.9350048303604126
3714 0.083686158061027527 -0.0045023150742053986 0.99648195505142212
3715 0.084842748939990997 -0.0052631120197474957 -0.9963805079460144
3716 0.002290291478857398 0.99954980611801147 -0.029916459694504738
3717 0.69729238748550415 -0.0003156726888846606 0.71678674221038818
3718 0.98202008008956909 -0.00045820421655662358 0.18877607583999634
3719 0.67648488283157349 -0.0096529955044388771 -0.73639333248138428
3720 0.99636483192443848 -0.0015569479437544942 0.085174582898616791
3721 0.95625609159469604 0.0014485818101093173 0.29252734780311584
3722 0.82732874155044556 -0.00024157331790775061 0.56171804666519165
3723 0.082087896764278412 -0.0045072282664477825 0.99661499261856079
3724 0.81129324436187744 -0.014306209981441498 -0.58446437120437622
3725 0.81284832954406738 0.0026954300701618195 0.58246910572052002
3726 0.92387133836746216 6.6278211306780577e-05 0.38270318508148193
3727 0.9818757176399231 -0.00069315306609496474 0.1895248144865036
3728 0.95714467763900757 0.0003976646694354713 0.28961014747619629
3729 0.082357428967952728 -0.0048514194786548615 -0.99659109115600586
3730 0.084854342043399811 -0.0045531513169407845 0.99638301134109497
3731 0.99586278200149536 -0.00060504453722387552 0.090867966413497925
3732 0.61351484060287476 -0.00076705351239070296 0.78968286514282227
3733 0.082536406815052032 -0.0044849570840597153 0.99657797813415527
3734 0.082008853554725647 -0.0061277174390852451 -0.9966127872467041
3735 0.95692765712738037 -7.6317410275805742e-06 0.2903265655040741
3736 0.76334190368652344 -0.00031997976475395262 0.64599466323852539
3737 0.98085689544677734 0.00031095530721358955 0.19472981989383698
3738 0.0028118505142629147 0.99952143430709839 -0.030807510018348694
3739 0.003269620705395937 0.99953144788742065 0.030433999374508858
3740 0.99540334939956665 0.0012364085996523499 0.095763862133026123
3741 0.9810110330581665 0.00046102606575004756 0.1939513087272644
3742 0.082949429750442505 -0.0044796071015298367 0.9965437650680542
3743 0.092306427657604218 -0.0045543131418526173 0.9957202672958374
3744 0.082536391913890839 -0.00454371003434062 -0.99657773971557617
3745 0.92358613014221191 -0.00036086465115658939 0.38339084386825562
3746 0.95846420526504517 -0.00057387817651033401 0.28521233797073364
3747 0.99516063928604126 0.0004115261253900826 0.098260633647441864
3748 0.083658277988433838 -0.005095562431961298 -0.99648147821426392
3749 0.084340035915374756 -0.0044674989767372608 0.99642711877822876
3750 0.99579054117202759 -0.00064390117768198252 0.091656044125556946
3751 0.88144230842590332 -0.00034327711910009384 0.47229161858558655
3752 0.51117533445358276 -0.001744768931530416 0.85947459936141968
3753 0.44125470519065857 -0.010234151966869831 -0.89732354879379272
3754 0.082308799028396606 -0.0044871391728520393 0.9965968132019043
3755 0.98051208257675171 0.0014983685687184334 0.19645297527313232
3756 0.91374433040618896 -0.01124989427626133 -0.40613394975662231
3757 0.99531608819961548 -0.011106831021606922 -0.096034348011016846
3758 0.08894820511341095 -0.0045386645942926407 0.99602597951889038
3759 0.53667694330215454 0.0011111706262454391 0.84378707408905029
3760 0.082440279424190521 -0.0047194804064929485 -0.99658489227294922
3761 0.44705688953399658 -0.0016378688160330057 0.89450401067733765
3762 0.50915908813476562 -0.0079324515536427498 -0.86063593626022339
3763 0.38114914298057556 -0.0009743733680807054 0.92451304197311401
3764 0.51173478364944458 -0.0076185101643204689 -0.85910975933074951
3765 0.40390327572822571 -0.00603523850440979 -0.91478180885314941
3766 0.86599421501159668 -0.013107967562973499 -0.49988219141960144
3767 0.085190817713737488 -0.004551903810352087 0.99635428190231323
3768 0.078437291085720062 -0.0044395574368536472 -0.99690920114517212
3769 0.076483353972434998 -0.00465786037966609 0.99706000089645386
3770 0.074207976460456848 -0.0042536165565252304 -0.99723374843597412
3771 0.27333357930183411 -0.003093100618571043 0.96191436052322388
3772 0.5172802209854126 -0.013854873366653919 -0.85570389032363892
3773 0.61183363199234009 -0.0009977628942579031 0.79098588228225708
3774 0.38695314526557922 -0.0018274658359587193 0.92209756374359131
3775 0.47034510970115662 0.0010619759559631348 0.88248199224472046
3776 0.37194812297821045 -0.0082861576229333878 -0.92821657657623291
3777 0.51125210523605347 -0.014224737882614136 -0.85931307077407837
3778 0.24890393018722534 -0.0026974664069712162 0.96852445602416992
3779 0.076857641339302063 -0.0045189340598881245 0.9970318078994751
3780 0.076529987156391144 -0.0062402966432273388 -0.9970477819442749
3781 0.54238206148147583 -0.013471394777297974 -0.84002399444580078
3782 0.54169952869415283 0.0010432229610159993 0.84057158231735229
3783 0.41793009638786316 -0.0078400624915957451 -0.90844535827636719
3784 0.58736193180084229 -0.0074807312339544296 -0.80928981304168701
3785 0.24160407483577728 -0.0031922240741550922 0.97036975622177124
3786 0.19172567129135132 -0.0076838242821395397 -0.98141849040985107
3787 0.74971312284469604 -0.0011314995354041457 0.66176211833953857
3788 0.54602152109146118 -0.01320961769670248 -0.83766704797744751
3789 0.87232309579849243 -0.0010697093093767762 0.48892879486083984
3790 0.59653276205062866 -0.0087319938465952873 -0.80254131555557251
3791 0.073136553168296814 -0.0058919875882565975 -0.99730455875396729
3792 0.096763744950294495 -0.0070940866135060787 -0.99528211355209351
3793 0.097103722393512726 -0.0038098418153822422 0.99526697397232056
3794 0.074145711958408356 -0.0053017702884972095 -0.99723333120346069
3795 0.064913429319858551 -0.006094527430832386 -0.99787229299545288
3796 0.10433803498744965 -0.0049512474797666073 0.9945296049118042
3797 0.10464932024478912 -0.0032230867072939873 -0.99450397491455078
3798 0.064736686646938324 -0.0046413298696279526 0.99789160490036011
3799 0.95402711629867554 -0.0011786697432398796 0.29971799254417419
3800 0.34415444731712341 -0.012690057046711445 -0.9388272762298584
3801 0.82140970230102539 -0.0011414936743676662 0.57033747434616089
3802 0.94958096742630005 -0.006787255872040987 -0.31344854831695557
3803 0.74245864152908325 -0.0076544559560716152 -0.66984826326370239
3804 0.99541193246841431 -0.0018750589806586504 0.095664262771606445
3805 0.3429064154624939 0.00021280358487274498 0.9393695592880249
3806 0.9939153790473938 -0.0053437328897416592 -0.11001677811145782
3807 0.86554974317550659 -0.0074718878604471684 -0.5007672905921936
3808 0.066986784338951111 -0.0047157183289527893 0.99774277210235596
3809 0.066653415560722351 -0.003924631979316473 -0.99776846170425415
3810 0.80755174160003662 -0.0079477867111563683 -0.58974325656890869
3811 0.42636331915855408 -0.0078186811879277229 -0.9045182466506958
3812 0.3783414363861084 -0.001086558448150754 0.92566549777984619
3813 0.74431389570236206 -0.0088271787390112877 -0.66777163743972778
3814 0.80751806497573853 -0.0086140185594558716 -0.58978003263473511
3815 0.67030620574951172 -0.0086211143061518669 -0.74203455448150635
3816 0.98166066408157349 -0.0014123916625976562 0.19063149392604828
3817 0.0028519046027213335 0.99942260980606079 0.033856663852930069
3818 0.22837233543395996 -0.0098278280347585678 -0.97352433204650879
3819 0.97612845897674561 -0.0069597074761986732 -0.21708248555660248
3820 0.2586771547794342 -0.0095843886956572533 -0.96591633558273315
3821 0.92217361927032471 -0.0010926453396677971 0.38677474856376648
3822 0.91107350587844849 -0.0073579042218625546 -0.41217827796936035
3823 0.67114216089248657 -0.0080217570066452026 -0.74128526449203491
3824 0.2318110316991806 -0.006634966004639864 -0.97273826599121094
3825 0.39639365673065186 -0.012360675260424614 -0.91799747943878174
3826 0.070414818823337555 -0.0045501296408474445 0.99750745296478271
3827 0.071191772818565369 -0.0062018977478146553 -0.99744337797164917
3828 0.86427938938140869 -0.0086142560467123985 -0.50293838977813721
3829 0.23297601938247681 -0.0024656958412379026 0.97247940301895142
3830 0.26472675800323486 -0.0077958819456398487 -0.96429198980331421
3831 0.91086065769195557 -0.0080758063122630119 -0.41263499855995178
3832 0.22052299976348877 -0.001699569053016603 0.97538036108016968
3833 0.35201376676559448 -0.0065002045594155788 -0.93597233295440674
3834 0.94836950302124023 -0.0080922450870275497 -0.31706440448760986
3835 0.97604244947433472 -0.0068610729649662971 -0.2174718827009201
3836 0.27600318193435669 -0.0030048894695937634 0.96115207672119141
3837 0.21913056075572968 -0.0049006887711584568 -0.97568327188491821
3838 0.99299567937850952 -0.0068532419390976429 -0.11795186251401901
3839 0.4699682891368866 -0.014094358310103416 -0.88257074356079102
3840 0.0018716683844104409 0.9993935227394104 -0.034772589802742004
3841 0.36546000838279724 -0.0083979936316609383 -0.93078917264938354
3842 0.21257372200489044 -0.003904866985976696 0.97713726758956909
3843 0.21218571066856384 -0.0045356480404734612 -0.9772188663482666
3844 0.5889885425567627 -0.001748213660903275 0.80813956260681152
3845 0.99629557132720947 -0.0014038252411410213 0.085983961820602417
3846 0.51121848821640015 -0.0017661062302067876 0.85944902896881104
3847 0.98168653249740601 -0.0011656747665256262 0.19050005078315735
3848 0.40146195888519287 -0.0025910213589668274 0.91587203741073608
3849 0.95844161510467529 -0.0010621824767440557 0.28528690338134766
3850 0.38275104761123657 -0.001804005354642868 0.92384976148605347
3851 0.82195794582366943 -0.00068610109155997634 0.56954771280288696
3852 0.7650219202041626 -0.00042534811655059457 0.64400416612625122
3853 0.62073290348052979 0.00087047461420297623 0.78402167558670044
3854 0.92227852344512939 -0.00084954506019130349 0.38652509450912476
3855 0.88076657056808472 -0.00072400644421577454 0.4735502302646637
3856 0.19124375283718109 -0.0018671436700969934 0.98154085874557495
3857 0.19342987239360809 -0.01001630537211895 -0.98106300830841064
3858 0.22058065235614777 -0.0098752286285161972 -0.9753187894821167
3859 0.057255882769823074 -0.0053839557804167271 -0.9983450174331665
3860 0.22215606272220612 -0.0036636476870626211 0.97500425577163696
3861 0.61160457134246826 -0.012634209357202053 -0.79106271266937256
3862 0.22181880474090576 -0.0038786493241786957 0.97508019208908081
3863 0.22179561853408813 -0.0046492996625602245 -0.9750821590423584
3864 0.23920431733131409 -0.0059512285515666008 -0.97095108032226562
3865 0.21154938638210297 -0.0016634855419397354 0.97736591100692749
3866 0.21501719951629639 -0.0052176602184772491 -0.97659635543823242
3867 0.22220273315906525 -0.0037741821724921465 0.97499322891235352
3868 0.070964306592941284 -0.004617640282958746 0.99746817350387573
3869 0.069536782801151276 -0.0041678249835968018 -0.9975706934928894
3870 0.34882241487503052 -0.0065187364816665649 -0.93716621398925781
3871 0.35364735126495361 -0.0024289726279675961 0.93537575006484985
3872 0.066714994609355927 -0.0045543038286268711 0.99776166677474976
3873 0.067197047173976898 -0.006202181801199913 -0.99772047996520996
3874 0.19564178586006165 -0.001822090707719326 0.98067373037338257
3875 0.19737181067466736 -0.0099552217870950699 -0.9802781343460083
3876 0.3477177619934082 -0.0023905793204903603 0.93759620189666748
3877 0.76575779914855957 0.0043026772327721119 -0.64311474561691284
3878 0.27271878719329834 0.00031537524773739278 -0.9620937705039978
3879 0.92113727331161499 0.005581351462751627 -0.38919800519943237
3880 0.67309308052062988 0.0045473878271877766 -0.73954379558563232
3881 0.25347867608070374 0.0011302958009764552 -0.96734035015106201
3882 0.81345504522323608 0.0048616188578307629 -0.58160746097564697
3883 0.35143065452575684 -0.012980876490473747 0.93612390756607056
3884 0.19755853712558746 -0.0012963918270543218 -0.98029029369354248
3885 0.81366288661956787 -0.012811338528990746 0.5811958909034729
3886 0.24703744053840637 -0.0061574974097311497 0.9689863920211792
3887 0.87695974111557007 0.0050681163556873798 -0.48053720593452454
3888 0.38956186175346375 -0.012861297465860844 0.9209105372428894
3889 0.75470262765884399 -0.013622292317450047 0.65592557191848755
3890 0.23811718821525574 -0.0063697351142764091 0.97121560573577881
3891 0.26376098394393921 -0.010078867897391319 0.96453547477722168
3892 0.82601463794708252 0.0040083103813230991 -0.56363439559936523
3893 0.2437557727098465 0.00083267764421179891 -0.96983629465103149
3894 0.91827940940856934 0.0060105687007308006 -0.39588731527328491
3895 0.66988217830657959 -0.01372649148106575 0.7423405647277832
3896 0.68192875385284424 0.0012676117476075888 -0.73141759634017944
3897 0.95115667581558228 -0.012300164438784122 0.30846360325813293
3898 0.86854588985443115 -0.012806566432118416 0.49544331431388855
3899 0.6825137734413147 0.00097495230147615075 -0.73087215423583984
3900 0.76144444942474365 0.0037544372025877237 -0.64821934700012207
3901 0.24523037672042847 0.0011990865459665656 -0.96946412324905396
3902 0.87987619638442993 0.004667363129556179 -0.47518008947372437
3903 0.99446254968643188 -0.0086323972791433334 0.10473698377609253
3904 0.9769708514213562 -0.0097155794501304626 0.2131514698266983
3905 0.95007455348968506 -0.012445984408259392 0.31177467107772827
3906 0.9943273663520813 -0.0086069628596305847 0.10601464658975601
3907 0.97716796398162842 -0.0096992077305912971 0.2122468501329422
3908 0.66352373361587524 -0.015390475280582905 0.74799692630767822
3909 0.66519111394882202 0.0056181559339165688 -0.74665200710296631
3910 0.75073367357254028 -0.012983003631234169 0.6604773998260498
3911 0.19002228975296021 -0.0078652892261743546 0.98174828290939331
3912 0.91266763210296631 -0.012383877299726009 0.40851488709449768
3913 0.45298480987548828 0.0019166767597198486 -0.89151614904403687
3914 0.9564855694770813 0.0046417703852057457 -0.29174292087554932
3915 0.51721078157424927 0.0046334294602274895 -0.85584551095962524
3916 0.52505785226821899 -0.011719172820448875 0.85098588466644287
3917 0.91926360130310059 -0.013674508780241013 0.39340505003929138
3918 0.95970910787582397 0.0059453137218952179 -0.28093257546424866
3919 0.26492860913276672 -0.00091924698790535331 -0.96426761150360107
3920 0.54010695219039917 0.0031171815935522318 -0.84159064292907715
3921 0.0036974861286580563 0.99956786632537842 -0.029161848127841949
3922 0.97939974069595337 -0.012070548720657825 0.20156998932361603
3923 0.60330915451049805 -0.01130846980959177 0.79742729663848877
3924 0.38095605373382568 0.0031508433166891336 -0.92458778619766235
3925 0.405159592628479 -9.9528762802947313e-05 -0.91424596309661865
3926 0.40522298216819763 -0.0060712252743542194 0.91419774293899536
3927 0.62158119678497314 0.00291822524741292 -0.7833443284034729
3928 0.99366450309753418 -0.0068181962706148624 0.11218032240867615
3929 0.91681945323944092 -0.015017678961157799 0.39901944994926453
3930 0.67566549777984619 0.0050423066131770611 -0.73719108104705811
3931 0.77643281221389771 -0.015676006674766541 0.63000500202178955
3932 0.77668315172195435 0.0058329333551228046 -0.62986451387405396
3933 0.99357819557189941 -0.006938369944691658 0.11293492466211319
3934 0.9787859320640564 -0.012104246765375137 0.20452800393104553
3935 0.45218354463577271 0.002035635057836771 -0.89192259311676025
3936 0.30896425247192383 -0.0018148133531212807 -0.95107197761535645
3937 0.30912819504737854 -0.0040902737528085709 0.95101165771484375
3938 0.37556609511375427 0.0032561144325882196 -0.92678993940353394
3939 0.52319198846817017 -0.009724792093038559 0.85215938091278076
3940 0.51020944118499756 0.0047336854040622711 -0.86003720760345459
3941 0.62079781293869019 0.0025687024462968111 -0.7839665412902832
3942 0.4441092312335968 -0.010124227963387966 0.89591550827026367
3943 0.28465858101844788 0.0027994168922305107 -0.95862489938735962
3944 0.28446632623672485 -0.012869426980614662 0.95859968662261963
3945 0.81301289796829224 -0.014413152821362019 0.58206731081008911
3946 0.35221943259239197 -0.010357413440942764 0.93586021661758423
3947 0.0035672581288963556 0.99952763319015503 0.030525539070367813
3948 0.95434111356735229 0.0012300220550969243 -0.29871654510498047
3949 0.95016211271286011 -0.0055734720081090927 0.31170657277107239
3950 0.69517827033996582 0.0031063579954206944 -0.71883070468902588
3951 0.54220873117446899 0.0034276826772838831 -0.84023690223693848
3952 0.44167965650558472 0.0030024840962141752 -0.89716780185699463
3953 0.60470587015151978 -0.01076833251863718 0.79637616872787476
3954 0.54042857885360718 0.0020675950217992067 -0.84138733148574829
3955 0.52411311864852905 -0.011924153193831444 0.85156524181365967
3956 0.68231338262557983 -0.01156878937035799 0.73096829652786255
3957 0.91190201044082642 -0.0096841342747211456 0.41029375791549683
3958 0.76538801193237305 0.0029086901340633631 -0.64356249570846558
3959 0.63424211740493774 -0.015434957109391689 0.77298039197921753
3960 0.63420581817626953 0.005560737568885088 -0.77314430475234985
3961 0.98097002506256104 0.0044272891245782375 -0.19410879909992218
3962 0.44558674097061157 -0.012043326161801815 0.89515781402587891
3963 0.59114301204681396 0.00058366893790662289 -0.80656653642654419
3964 0.58838915824890137 -0.0071318736299872398 0.80854636430740356
3965 0.51976233720779419 -0.009952915832400322 0.85425293445587158
3966 0.67579972743988037 -0.010412750765681267 0.73701179027557373
3967 0.69757270812988281 0.0023409493733197451 -0.71651029586791992
3968 0.87179064750671387 0.0013656154042109847 -0.48987683653831482
3969 0.86487025022506714 -0.0061047021299600601 0.50195842981338501
3970 0.9225425124168396 0.0040939883328974247 -0.38587379455566406
3971 0.7493857741355896 -0.011205987073481083 0.66203880310058594
3972 0.3679480254650116 0.00099556322675198317 -0.92984586954116821
3973 0.49999698996543884 -0.00010962180385831743 -0.8660271167755127
3974 0.50015956163406372 -0.0064761294052004814 0.86590903997421265
3975 0.74995666742324829 -0.0106049794703722 0.66140192747116089
3976 0.7649686336517334 0.0025362370070070028 -0.64406251907348633
3977 0.99532163143157959 0.00022573395108338445 -0.096617147326469421
3978 0.99380910396575928 -0.003855355316773057 0.11103472858667374
3979 0.86749529838562012 -0.01009691134095192 0.49734288454055786
3980 0.001987997442483902 0.99948954582214355 0.031886111944913864
3981 0.26535284519195557 -0.0081069963052868843 0.96411728858947754
3982 0.91212844848632812 -0.0084032062441110611 0.40981835126876831
3983 0.88527834415435791 -0.015518883243203163 0.46480250358581543
3984 0.88543057441711426 0.0062362486496567726 -0.46472984552383423
3985 0.74995535612106323 0.00087306834757328033 -0.66148799657821655
3986 0.74256759881973267 -0.0065712896175682545 0.66973894834518433
3987 0.91356188058853149 0.00133647455368191 -0.40669763088226318
3988 0.91360354423522949 -0.0058075389824807644 0.40656474232673645
3989 0.92231518030166626 0.0045400932431221008 -0.38641184568405151
3990 0.61821430921554565 0.003796370467171073 -0.78600037097930908
3991 0.95012062788009644 -0.0094922780990600586 0.31173813343048096
3992 0.97626709938049316 -0.007457575760781765 0.21644151210784912
3993 0.8105623722076416 -0.0090539343655109406 0.58558237552642822
3994 0.44183447957038879 0.0009649835410527885 -0.89709609746932983
3995 0.97815299034118652 0.00085527781629934907 -0.20788462460041046
3996 0.9781683087348938 -0.0046462980099022388 0.20776250958442688
3997 0.66914141178131104 0.00045086446334607899 -0.74313497543334961
3998 0.66927045583724976 -0.0066529745236039162 0.742989182472229
3999 0.80903571844100952 0.0010140456724911928 -0.58775860071182251
4000 0.80911886692047119 -0.0063542332500219345 0.58761078119277954
4001 0.59394919872283936 -0.0093037355691194534 0.80444878339767456
4002 0.36441543698310852 0.00096394360298290849 -0.93123596906661987
4003 0.60949975252151489 -0.012881116941571236 0.79268163442611694
4004 0.34896540641784668 0.0032684444449841976 -0.9371299147605896
4005 0.69636243581771851 0.0036762675736099482 -0.71768093109130859
4006 0.67332160472869873 -0.014478293247520924 0.73920798301696777
4007 0.44204637408256531 0.0029058849904686213 -0.89698749780654907
4008 0.86367487907409668 -0.0086905155330896378 0.50397437810897827
4009 0.0033399378880858421 0.99954235553741455 -0.030064819380640984
4010 0.68271559476852417 -0.012736082077026367 0.73057329654693604
4011 0.81366610527038574 -0.011679450049996376 0.58121520280838013
4012 0.44275844097137451 -0.012205434031784534 0.89655786752700806
4013 0.87933367490768433 0.0036275442689657211 -0.47619238495826721
4014 0.97642737627029419 -0.0074175465852022171 0.21571892499923706
4015 0.81002366542816162 -0.010320715606212616 0.58630633354187012
4016 0.86717277765274048 -0.01127308513969183 0.49787980318069458
4017 0.95954549312591553 -0.014713429845869541 0.28116896748542786
4018 0.99520069360733032 0.0026387753896415234 -0.097819782793521881
4019 0.94986605644226074 -0.0099790571257472038 0.3124978244304657
4020 0.87897580862045288 0.0030955241527408361 -0.47685641050338745
4021 0.99293100833892822 -0.005314054898917675 0.11857419461011887
4022 0.82560539245605469 0.0033902321010828018 -0.56423783302307129
4023 0.5400509238243103 0.0019293042132630944 -0.84163022041320801
4024 0.8276597261428833 0.0025093867443501949 -0.56122463941574097
4025 0.74397420883178711 -0.0090400958433747292 0.66814720630645752
4026 0.94810426235198975 -0.0074643772095441818 0.31787198781967163
4027 0.35448476672172546 -0.010319369845092297 0.93500488996505737
4028 0.088166967034339905 -0.0029203651938587427 -0.99610143899917603
4029 0.084840208292007446 -0.0037959213368594646 0.99638736248016357
4030 0.0026037695351988077 0.99954891204833984 0.029920775443315506
4031 0.69723904132843018 0.0020020718220621347 -0.71683597564697266
4032 0.98203188180923462 0.002034197561442852 -0.18870395421981812
4033 0.67649143934249878 -0.009416491724550724 0.73639029264450073
4034 0.99637120962142944 0.0005107376491650939 -0.085112601518630981
4035 0.95622032880783081 0.0046043489128351212 -0.29261165857315063
4036 0.8272901177406311 0.0019650810863822699 -0.56177157163619995
4037 0.082536898553371429 -0.0028725687880069017 -0.99658387899398804
4038 0.81129926443099976 -0.015268507413566113 0.58443176746368408
4039 0.8128848671913147 0.0054789343848824501 -0.58239859342575073
4040 0.9239000678062439 0.0029834483284503222 -0.38262239098548889
4041 0.98185962438583374 0.0018837563693523407 -0.18959978222846985
4042 0.95716416835784912 0.0033016032539308071 -0.28952693939208984
4043 0.082355767488479614 -0.0034538889303803444 0.9965970516204834
4044 0.99586743116378784 0.0014086927985772491 -0.090808145701885223
4045 0.61332041025161743 0.0018024013843387365 -0.78983217477798462
4046 0.082536943256855011 -0.0027027891483157873 -0.99658435583114624
4047 0.082009337842464447 -0.005079205147922039 0.99661868810653687
4048 0.95689666271209717 0.0031139515340328217 -0.29041206836700439
4049 0.7634117603302002 0.0016271816566586494 -0.64591014385223389
4050 0.98083710670471191 0.0030522358138114214 -0.19480575621128082
4051 0.0030458834953606129 0.99952065944671631 0.030809260904788971
4052 0.003470148891210556 0.9995308518409729 -0.030432667583227158
4053 0.99538928270339966 0.0038988669402897358 -0.095838241279125214
4054 0.98102116584777832 0.0031011176761239767 -0.19387613236904144
4055 0.085126645863056183 -0.0028103811200708151 -0.99636620283126831
4056 0.086435325443744659 -0.0033981781452894211 -0.99625164270401001
4057 0.082536816596984863 -0.0032234087120741606 0.99658280611038208
4058 0.92354834079742432 0.0026320188771933317 -0.38347303867340088
4059 0.95848536491394043 0.0021245134994387627 -0.28513380885124207
4060 0.51522773504257202 0.00083946337690576911 -0.85705292224884033
4061 0.99515044689178467 0.0027668389957398176 -0.098325841128826141
4062 0.083658792078495026 -0.0037663239054381847 0.99648737907409668
4063 0.99578392505645752 0.0014817278133705258 -0.091718569397926331
4064 0.88147598505020142 0.0021595519501715899 -0.47222402691841125
4065 0.44125434756278992 -0.010337123647332191 0.89732253551483154
4066 0.082536943256855011 -0.002685049781575799 -0.99658441543579102
4067 0.98051983118057251 0.0043741003610193729 -0.19637133181095123
4068 0.91375023126602173 -0.01097821444272995 0.40612807869911194
4069 0.9953351616859436 -0.0096422592177987099 0.095994412899017334
4070 0.53670436143875122 0.0045895418152213097 -0.84375792741775513
4071 0.082439325749874115 -0.0034414026886224747 0.99659013748168945
4072 0.44450652599334717 0.0010869849938899279 -0.8957749605178833
4073 0.50916337966918945 -0.0081352740526199341 0.86063146591186523
4074 0.38209286332130432 0.002069566398859024 -0.92412161827087402
4075 0.51172417402267456 -0.007994762621819973 0.85911267995834351
4076 0.40390521287918091 -0.0061050276271998882 0.91478055715560913
4077 0.86599642038345337 -0.013968215323984623 0.4998551607131958
4078 0.081276141107082367 -0.0034143342636525631 -0.99668580293655396
4079 0.078446134924888611 -0.0032359352335333824 0.99691307544708252
4080 0.075579926371574402 -0.0035926983691751957 -0.99713331460952759
4081 0.074208296835422516 -0.0030522204469889402 0.99723809957504272
4082 0.51726537942886353 -0.014438227750360966 0.85570329427719116
4083 0.61160391569137573 0.0015162904746830463 -0.79116266965866089
4084 0.47025725245475769 0.0045040128752589226 -0.88251793384552002
4085 0.37193438410758972 -0.0085415998473763466 0.92821973562240601
4086 0.51125842332839966 -0.014833074994385242 0.85929906368255615
4087 0.26584702730178833 0.00017711428517941386 -0.96401524543762207
4088 0.076875694096088409 -0.0027217643801122904 -0.99703699350357056
4089 0.076523236930370331 -0.0053422325290739536 0.99705350399017334
4090 0.54238218069076538 -0.014296018518507481 0.84001022577285767
4091 0.54162466526031494 0.0043515805155038834 -0.84060913324356079
4092 0.41793552041053772 -0.0081430058926343918 0.9084402322769165
4093 0.58736222982406616 -0.007492442149668932 0.80928951501846313
4094 0.19172307848930359 -0.0077894558198750019 0.98141813278198242
4095 0.07888156920671463 -0.0029860455542802811 -0.99687951803207397
4096 0.75000870227813721 0.0008127103210426867 -0.66142749786376953
4097 0.54600393772125244 -0.013915231451392174 0.83766704797744751
4098 0.8723873496055603 0.0013410297688096762 -0.48881345987319946
4099 0.20054207742214203 -0.0013205361319705844 -0.97968423366546631
4100 0.59653151035308838 -0.0087730828672647476 0.80254179239273071
4101 0.073156058788299561 -0.004873321857303381 0.99730867147445679
4102 0.096765674650669098 -0.0070326351560652256 0.99528235197067261
4103 0.097042784094810486 -0.0018154128920286894 -0.99527859687805176
4104 0.076068393886089325 -0.0035479131620377302 -0.99709630012512207
4105 0.074114121496677399 -0.0038798125460743904 0.99724221229553223
4106 0.064913623034954071 -0.0055877375416457653 0.99787527322769165
4107 0.1043730303645134 -0.0040441318415105343 -0.9945300817489624
4108 0.10461194813251495 -0.0022232134360820055 0.99451065063476562
4109 0.064737103879451752 -0.0029131236951798201 -0.99789810180664062
4110 0.95405513048171997 0.0015102471224963665 -0.29962736368179321
4111 0.34416383504867554 -0.013226580806076527 0.93881648778915405
4112 0.82074439525604248 0.0011649837251752615 -0.57129442691802979
4113 0.94957655668258667 -0.0058138687163591385 0.31348145008087158
4114 0.74245095252990723 -0.0072056804783642292 0.66986173391342163
4115 0.99542045593261719 0.00024584916536696255 -0.095593392848968506
4116 0.34297603368759155 0.0033885191660374403 -0.93933802843093872
4117 0.99391651153564453 -0.0038715382106602192 0.11006840318441391
4118 0.86554187536239624 -0.0067738713696599007 0.50079071521759033
4119 0.066857010126113892 -0.0037111821584403515 -0.99775564670562744
4120 0.066653646528720856 -0.0029364454094320536 0.99777185916900635
4121 0.80757123231887817 -0.0071806544438004494 0.58972644805908203
4122 0.42635288834571838 -0.0080958949401974678 0.90452075004577637
4123 0.37837111949920654 0.0020470651797950268 -0.9256516695022583
4124 0.74432873725891113 -0.0083017237484455109 0.66776186227798462
4125 0.80751055479049683 -0.0080427238717675209 0.5897982120513916
4126 0.67030113935470581 -0.0083543360233306885 0.7420421838760376
4127 0.98164445161819458 0.0011815078323706985 -0.19071647524833679
4128 0.0031984795350581408 0.99942171573638916 -0.03385205939412117
4129 0.22836717963218689 -0.01033721212297678 0.97352027893066406
4130 0.97614496946334839 -0.0057301316410303116 0.21704432368278503
4131 0.25868630409240723 -0.010091935284435749 0.96590864658355713
4132 0.92213952541351318 0.0017605384346097708 -0.38685348629951477
4133 0.91109049320220947 -0.0065297805704176426 0.41215470433235168
4134 0.67115604877471924 -0.0075481249950826168 0.74127775430679321
4135 0.23179894685745239 -0.0068427170626819134 0.97273963689804077
4136 0.39639008045196533 -0.012518283911049366 0.91799682378768921
4137 0.070415250957012177 -0.0028869903180748224 -0.99751359224319458
4138 0.071192122995853424 -0.00534820556640625 0.99744832515716553
4139 0.86429780721664429 -0.0078496551141142845 0.50291931629180908
4140 0.23558218777179718 0.00027161982143297791 -0.97185444831848145
4141 0.26471230387687683 -0.0080601312220096588 0.96429377794265747
4142 0.91085547208786011 -0.0073579340241849422 0.4126599133014679
4143 0.22049768269062042 0.0012311207829043269 -0.97538673877716064
4144 0.35201549530029297 -0.0063402242958545685 0.93597275018692017
4145 0.94838583469390869 -0.007188200019299984 0.31703731417655945
4146 0.26462742686271667 -0.0007962249219417572 -0.96435040235519409
4147 0.97604131698608398 -0.0059421416372060776 0.21750424802303314
4148 0.21912543475627899 -0.0044386200606822968 0.97568666934967041
4149 0.99301224946975708 -0.0052018980495631695 0.11789684742689133
4150 0.46994924545288086 -0.014710559509694576 0.88257086277008057
4151 0.0022915701847523451 0.99939244985580444 0.034778326749801636
4152 0.36545377969741821 -0.008695727214217186 0.93078887462615967
4153 0.40309935808181763 -0.00032628592452965677 -0.91515612602233887
4154 0.21264560520648956 -0.002413962734863162 -0.97712641954421997
4155 0.21219834685325623 -0.0040203169919550419 0.9772183895111084
4156 0.99629074335098267 0.00049894128460437059 -0.086049303412437439
4157 0.51529669761657715 0.00087825697846710682 -0.85701143741607666
4158 0.98170238733291626 0.0012212754227221012 -0.19041800498962402
4159 0.58957165479660034 0.00087762740440666676 -0.80771559476852417
4160 0.95841079950332642 0.0019499041372910142 -0.28538563847541809
4161 0.82162100076675415 0.0014752096030861139 -0.57003229856491089
4162 0.76505804061889648 0.0016003412893041968 -0.6439594030380249
4163 0.62081599235534668 0.0040271389298141003 -0.78394603729248047
4164 0.060904588550329208 -0.0035359873436391354 -0.99813735485076904
4165 0.92231816053390503 0.0019480352057144046 -0.3864264190196991
4166 0.88072139024734497 0.0019369687652215362 -0.47363078594207764
4167 0.19128072261810303 0.00093479588394984603 -0.98153495788574219
4168 0.19343365728855133 -0.010335074737668037 0.98105895519256592
4169 0.22058971226215363 -0.010414725169539452 0.97531110048294067
4170 0.057256001979112625 -0.0039928918704390526 0.9983515739440918
4171 0.21963147819042206 -0.0019571688026189804 -0.97558099031448364
4172 0.61161482334136963 -0.013087578117847443 0.79104745388031006
4173 0.22174447774887085 -0.0023404946550726891 -0.9751020073890686
4174 0.221792072057724 -0.0041253990493714809 0.97508525848388672
4175 0.2392020970582962 -0.0059913196600973606 0.97095131874084473
4176 0.21158409118652344 0.0011522335698828101 -0.9773591160774231
4177 0.21501517295837402 -0.0048006880097091198 0.97659897804260254
4178 0.22119757533073425 -0.0021559065207839012 -0.97522664070129395
4179 0.070464253425598145 -0.0035792591515928507 -0.99750798940658569
4180 0.069544591009616852 -0.0030644210055470467 0.99757415056228638
4181 0.34882143139839172 -0.0064634233713150024 0.93716692924499512
4182 0.35485148429870605 -9.5207302365452051e-05 -0.93492269515991211
4183 0.066724404692649841 -0.0028682446572929621 -0.99776732921600342
4184 0.067193396389484406 -0.005550652276724577 0.99772453308105469
4185 0.19562903046607971 0.00093321240274235606 -0.98067754507064819
4186 0.19736906886100769 -0.010327101685106754 0.98027485609054565
4187 0.34951168298721313 -7.1390882112609688e-06 -0.9369320273399353
4188 0.0019955520983785391 -0 -0.99999803304672241
4189 0.0020209015347063541 0 -0.99999797344207764
4190 0.0020827711559832096 0 -0.99999785423278809
4191 0.0021341720130294561 0 -0.99999773502349854
4192 0.0021345349960029125 0 -0.99999773502349854
4193 0.0019277021056041121 0 -0.99999815225601196
4194 0.0019261280540376902 0 -0.99999815225601196
4195 0.0020695582497864962 0 -0.99999785423278809
4196 0.0021870830096304417 0 -0.99999761581420898
4197 0.0019763000309467316 0 -0.99999803304672241
4198 0.001964854309335351 -0 -0.99999809265136719
4199 0.0020731685217469931 0 -0.99999785423278809
4200 0.0020658657886087894 0 -0.99999785423278809
4201 0.0019885709043592215 0 -0.99999803304672241
4202 0.0022249519824981689 0 -0.99999755620956421
4203 0.001965339994058013 0 -0.99999809265136719
4204 0.0020539518445730209 0 -0.99999791383743286
4205 0.0020051430910825729 0 -0.99999803304672241
4206 0.0020585455931723118 0 -0.99999791383743286
4207 0.002207478741183877 0 -0.99999755620956421
4208 0.0020347994286566973 0 -0.99999797344207764
4209 0.0021872203797101974 0 -0.99999761581420898
4210 0.0021783346310257912 0 -0.99999761581420898
4211 0.0021079741418361664 0 -0.99999779462814331
4212 0.0021210762206465006 0 -0.99999779462814331
4213 0.0020027849823236465 0 -0.99999803304672241
4214 0.0020189762581139803 0 -0.99999797344207764
4215 0.0020705235656350851 0 -0.99999785423278809
4216 0.0020939710084348917 0 -0.99999779462814331
4217 0.0020965107250958681 0 -0.99999779462814331
4218 0.0020732504781335592 0 -0.99999785423278809
4219 0.0020267181098461151 0 -0.99999797344207764
4220 0.0020383687224239111 -0 -0.99999791383743286
4221 0.0020779962651431561 0 -0.99999785423278809
4222 0.0020401065703481436 0 -0.99999791383743286
4223 0.0020148626063019037 0 -0.99999797344207764
4224 0.0020685575436800718 0 -0.99999785423278809
4225 0.002133259316906333 -0 -0.99999773502349854
4226 0.0020840235520154238 0 -0.99999785423278809
4227 0.0021113445982336998 0 -0.99999779462814331
4228 0.0021011100616306067 0 -0.99999779462814331
4229 0.0021061717998236418 -0 -0.99999779462814331
4230 0.0021124330814927816 -0 -0.99999779462814331
4231 0.0020195732358843088 -0 -0.99999797344207764
4232 0.0019464566139504313 0 -0.99999809265136719
4233 0.0019885299261659384 0 -0.99999803304672241
4234 0.001923225587233901 0 -0.99999815225601196
4235 0.0022129442077130079 0 -0.99999755620956421
4236 0.0020611260551959276 -0 -0.99999791383743286
4237 0.0019609278533607721 0 -0.99999809265136719
4238 0.0020969612523913383 -0 -0.99999779462814331
4239 0.0021782936528325081 0 -0.99999761581420898
4240 0.002282055327668786 0 -0.99999743700027466
4241 0.0020732388366013765 0 -0.99999785423278809
4242 0.002123960992321372 0 -0.99999773502349854
4243 0.0020407619886100292 -0 -0.99999791383743286
4244 0.001939686480909586 0 -0.99999815225601196
4245 0.0021438216790556908 0 -0.99999773502349854
4246 0.00200084806419909 0 -0.99999803304672241
4247 0.002001333748921752 0 -0.99999803304672241
4248 0.0021394328214228153 0 -0.99999773502349854
4249 0.0021314392797648907 0 -0.99999773502349854
4250 0.0020753513090312481 0 -0.99999785423278809
4251 0.0020171506330370903 0 -0.99999797344207764
4252 0.0020472165197134018 0 -0.99999791383743286
4253 0.0020549874752759933 0 -0.99999791383743286
4254 0.0021478126291185617 0 -0.99999773502349854
4255 0.0021401408594101667 -0 -0.99999773502349854
4256 0.0020818817429244518 -0 -0.99999785423278809
4257 0.0021303042303770781 0 -0.99999773502349854
4258 0.0020736134611070156 0 -0.99999785423278809
4259 0.0021202042698860168 0 -0.99999779462814331
4260 0.00207731151022017 -0 -0.99999785423278809
4261 0.0021061075385659933 0 -0.99999779462814331
4262 0.0020737070590257645 0 -0.99999785423278809
4263 0.0020850358996540308 -0 -0.99999785423278809
4264 0.0020595812238752842 0 -0.99999791383743286
4265 0.0020772297866642475 0 -0.99999785423278809
4266 0.0020049733575433493 0 -0.99999803304672241
4267 0.0020238682627677917 0 -0.99999797344207764
4268 0.0020624662283807993 -0 -0.99999791383743286
4269 0.0020413883030414581 0 -0.99999791383743286
4270 0.0020625949837267399 0 -0.99999791383743286
4271 0.0020452034659683704 -0 -0.99999791383743286
4272 0.0020490598399192095 0 -0.99999791383743286
4273 0.0020351563580334187 -0 -0.99999797344207764
4274 0.0020960015244781971 0 -0.99999779462814331
4275 0.0021661748178303242 0 -0.99999767541885376
4276 0.0019974771421402693 0 -0.99999803304672241
4277 0.0020267881918698549 0 -0.99999797344207764
4278 0.00208427500911057 -0 -0.99999785423278809
4279 0.0019762532319873571 0 -0.99999803304672241
4280 0.0019946333486586809 0 -0.99999803304672241
4281 0.0019898174796253443 0 -0.99999803304672241
4282 0.0019395811250433326 0 -0.99999815225601196
4283 0.0019921991042792797 0 -0.99999803304672241
4284 0.002122439444065094 0 -0.99999773502349854
4285 0.0019944519735872746 0 -0.99999803304672241
4286 0.0019921346101909876 0 -0.99999803304672241
4287 0.0020388485863804817 0 -0.99999791383743286
4288 0.0020551981870085001 0 -0.99999791383743286
4289 0.0021628334652632475 0 -0.99999767541885376
4290 0.0019927725661545992 0 -0.99999803304672241
4291 0.0020919174421578646 0 -0.99999785423278809
4292 0.0021326798014342785 -0 -0.99999773502349854
4293 0.0021632080897688866 0 -0.99999767541885376
4294 0.0022304495796561241 -0 -0.99999755620956421
4295 0.0020763284992426634 0 -0.99999785423278809
4296 0.0020106141455471516 0 -0.99999797344207764
4297 0.0020548412576317787 -0 -0.99999791383743286
4298 0.0021955207921564579 -0 -0.99999761581420898
4299 0.0021443308796733618 0 -0.99999773502349854
4300 0.0019890507683157921 0 -0.99999803304672241
4301 0.0020137741230428219 -0 -0.99999797344207764
4302 0.0021613531280308962 0 -0.99999767541885376
4303 0.0020089875906705856 0 -0.99999797344207764
4304 0.0019850423559546471 0 -0.99999803304672241
4305 0.0019992622546851635 -0 -0.99999803304672241
4306 0.0020764982327818871 -0 -0.99999785423278809
4307 0.0018833874491974711 0 -0.99999821186065674
4308 0.0019839541055262089 0 -0.99999803304672241
4309 0.0019746441394090652 0 -0.99999809265136719
4310 0.0019694715738296509 0 -0.99999809265136719
4311 0.0019870379474014044 0 -0.99999803304672241
4312 0.0020225925836712122 -0 -0.99999797344207764
4313 0.0020615181419998407 -0 -0.99999791383743286
4314 0.0020627821795642376 0 -0.99999791383743286
4315 0.0020762407220900059 -0 -0.99999785423278809
4316 0.0019732459913939238 0 -0.99999809265136719
4317 0.0020904194097965956 -0 -0.99999785423278809
4318 0.0020508270245045424 0 -0.99999791383743286
4319 0.0020260333549231291 0 -0.99999797344207764
4320 0.0021262080408632755 0 -0.99999773502349854
4321 0.0019339867867529392 0 -0.99999815225601196
4322 0.0019596230704337358 0 -0.99999809265136719
4323 0.001975539606064558 0 -0.99999809265136719
4324 0.0020642040763050318 0 -0.99999791383743286
4325 0.0022516122553497553 0 -0.99999749660491943
4326 0.0022599594667553902 -0 -0.99999743700027466
4327 0.0022176781203597784 0 -0.99999755620956421
4328 0.0019035991281270981 -0 -0.99999821186065674
4329 0.0021300700027495623 0 -0.99999773502349854
4330 0.00197401805780828 0 -0.99999809265136719
4331 0.0019712564535439014 -0 -0.99999809265136719
4332 0.0019028267124667764 0 -0.99999821186065674
4333 0.002135108457878232 0 -0.99999773502349854
4334 0.0020763636566698551 0 -0.99999785423278809
4335 0.002129443921148777 0 -0.99999773502349854
4336 0.0021435350645333529 0 -0.99999773502349854
4337 0.0019764697644859552 0 -0.99999803304672241
4338 0.0020880026277154684 0 -0.99999785423278809
4339 0.0020408323034644127 -0 -0.99999791383743286
4340 0.0021556946448981762 -0 -0.99999767541885376
4341 0.0021397778764367104 0 -0.99999773502349854
4342 0.0022262188140302896 -0 -0.99999755620956421
4343 0.0022658139932900667 0 -0.99999743700027466
4344 0.002159907715395093 0 -0.99999767541885376
4345 0.0019407456275075674 0 -0.99999815225601196
4346 0.0020911390893161297 0 -0.99999785423278809
4347 0.0021181679330766201 0 -0.99999779462814331
4348 0.0020637593697756529 0 -0.99999791383743286
4349 0.0019864409696310759 -0 -0.99999803304672241
4350 0.0021580674219876528 0 -0.99999767541885376
4351 0.0021234811283648014 0 -0.99999773502349854
4352 0.0020032939501106739 -0 -0.99999803304672241
4353 0.0021742007229477167 0 -0.99999767541885376
4354 0.002255372004583478 0 -0.99999749660491943
4355 0.0021389676257967949 0 -0.99999773502349854
4356 0.0021700430661439896 -0 -0.99999767541885376
4357 0.0021602003835141659 -0 -0.99999767541885376
4358 0.0021505861077457666 0 -0.99999767541885376
4359 0.0019572179298847914 0 -0.99999809265136719
4360 0.0021099052391946316 0 -0.99999779462814331
4361 0.0019672594498842955 0 -0.99999809265136719
4362 0.0021459166891872883 0 -0.99999773502349854
4363 0.002216636436060071 0 -0.99999755620956421
4364 0.0022345045581459999 0 -0.99999749660491943
4365 0.0019916256424039602 0 -0.99999803304672241
4366 0.0019914675503969193 0 -0.99999803304672241
4367 0.0019873830024152994 -0 -0.99999803304672241
4368 0.0021184547804296017 -0 -0.99999779462814331
4369 0.0019836088176816702 -0 -0.99999803304672241
4370 0.0019885592628270388 0 -0.99999803304672241
4371 0.0020036101341247559 0 -0.99999803304672241
4372 0.0020983773283660412 -0 -0.99999779462814331
4373 0.0019797408021986485 0 -0.99999803304672241
4374 0.00069252343382686377 -0 0.9999997615814209
4375 0.00071393471444025636 0 0.9999997615814209
4376 0.00070553465047851205 0 0.9999997615814209
4377 0.00071474810829386115 0 0.9999997615814209
4378 0.00066802254877984524 0 0.99999982118606567
4379 0.00079952710075303912 0 0.99999970197677612
4380 0.0008126524044200778 0 0.99999970197677612
4381 0.00071964593371376395 0 0.9999997615814209
4382 0.00071451108669862151 0 0.9999997615814209
4383 0.00068113900488242507 0 0.9999997615814209
4384 0.00082446401938796043 0 0.99999970197677612
4385 0.00082582450704649091 0 0.99999970197677612
4386 0.0007129823206923902 0 0.9999997615814209
4387 0.00072153308428823948 0 0.9999997615814209
4388 0.00073045108001679182 0 0.9999997615814209
4389 0.00077498960308730602 0 0.99999970197677612
4390 0.00079783011460676789 0 0.99999970197677612
4391 0.00067438615951687098 0 0.9999997615814209
4392 0.0007011371199041605 0 0.9999997615814209
4393 0.00068599294172599912 -0 0.9999997615814209
4394 0.00071499822661280632 0 0.9999997615814209
4395 0.00066536880331113935 0 0.99999982118606567
4396 0.00079557724529877305 0 0.99999970197677612
4397 0.00083103682845830917 0 0.99999964237213135
4398 0.00070290721487253904 0 0.9999997615814209
4399 0.00080794323002919555 0 0.99999970197677612
4400 0.00067883636802434921 0 0.9999997615814209
4401 0.00072369090048596263 0 0.9999997615814209
4402 0.00071258441312238574 0 0.9999997615814209
4403 0.00071477878373116255 0 0.9999997615814209
4404 0.00071425072383135557 0 0.9999997615814209
4405 0.00071999558713287115 0 0.9999997615814209
4406 0.00070470664650201797 0 0.9999997615814209
4407 0.00069765537045896053 0 0.9999997615814209
4408 0.00071627536090090871 0 0.9999997615814209
4409 0.00080318731488659978 0 0.99999970197677612
4410 0.00081266410415992141 0 0.99999970197677612
4411 0.00075789686525240541 0 0.99999970197677612
4412 0.00073744094697758555 0 0.9999997615814209
4413 0.00073109037475660443 0 0.9999997615814209
4414 0.00075195747194811702 0 0.9999997615814209
4415 0.00080150208668783307 0 0.99999970197677612
4416 0.00079804955748841166 0 0.99999970197677612
4417 0.00072446477133780718 0 0.9999997615814209
4418 0.00077179312938824296 0 0.99999970197677612
4419 0.00080416165292263031 0 0.99999970197677612
4420 0.00076305074617266655 0 0.99999970197677612
4421 0.00069983804132789373 0 0.9999997615814209
4422 0.00071066070813685656 0 0.9999997615814209
4423 0.00070606422377750278 0 0.9999997615814209
4424 0.00071075139567255974 0 0.9999997615814209
4425 0.00070078601129353046 0 0.9999997615814209
4426 0.00070619588950648904 0 0.9999997615814209
4427 0.00071552052395418286 0 0.9999997615814209
4428 0.00065879448084160686 0 0.99999982118606567
4429 0.00068023783387616277 0 0.9999997615814209
4430 0.00084418995538726449 0 0.99999964237213135
4431 0.00071754370583221316 0 0.9999997615814209
4432 0.00075757940066978335 0 0.99999970197677612
4433 0.00073556840652599931 0 0.9999997615814209
4434 0.00072988634929060936 0 0.9999997615814209
4435 0.00077649787999689579 0 0.99999970197677612
4436 0.00070663914084434509 0 0.9999997615814209
4437 0.00083516520680859685 0 0.99999964237213135
4438 0.00069499871460720897 0 0.9999997615814209
4439 0.00085985631449148059 -0 0.99999964237213135
4440 0.00080527050886303186 0 0.99999970197677612
4441 0.00071740476414561272 0 0.9999997615814209
4442 0.00080902723129838705 0 0.99999970197677612
4443 0.00076941150473430753 0 0.99999970197677612
4444 0.00071840541204437613 0 0.9999997615814209
4445 0.00072431849548593163 0 0.9999997615814209
4446 0.00070525082992389798 0 0.9999997615814209
4447 0.00071221136022359133 0 0.9999997615814209
4448 0.0007146778516471386 0 0.9999997615814209
4449 0.00072861363878473639 0 0.9999997615814209
4450 0.00070655427407473326 0 0.9999997615814209
4451 0.00070862722350284457 0 0.9999997615814209
4452 0.00070053583476692438 0 0.9999997615814209
4453 0.0007087500998750329 0 0.9999997615814209
4454 0.00071624905103817582 0 0.9999997615814209
4455 0.00071614666376262903 0 0.9999997615814209
4456 0.00071959913475438952 0 0.9999997615814209
4457 0.00073394749779254198 0 0.9999997615814209
4458 0.00071632512845098972 0 0.9999997615814209
4459 0.00074568303534761071 0 0.9999997615814209
4460 0.00075878779171034694 0 0.99999970197677612
4461 0.0007926777470856905 0 0.99999970197677612
4462 0.00080422306200489402 0 0.99999970197677612
4463 0.0008084625587798655 0 0.99999970197677612
4464 0.0007908871048130095 0 0.99999970197677612
4465 0.00079899461707100272 0 0.99999970197677612
4466 0.00078399531776085496 0 0.99999970197677612
4467 0.00079872249625623226 0 0.99999970197677612
4468 0.00080404168693348765 0 0.99999970197677612
4469 0.00081058969954028726 0 0.99999970197677612
4470 0.00070773781044408679 0 0.9999997615814209
4471 0.00080496037844568491 0 0.99999970197677612
4472 0.00082220090553164482 0 0.99999970197677612
4473 0.00071504065999761224 0 0.9999997615814209
4474 0.00075132696656510234 0 0.9999997615814209
4475 0.00079889222979545593 0 0.99999970197677612
4476 0.00076018337858840823 0 0.99999970197677612
4477 0.00078889465657994151 0 0.99999970197677612
4478 0.00081472686724737287 0 0.99999970197677612
4479 0.00081699434667825699 0 0.99999970197677612
4480 0.00082213798305019736 0 0.99999970197677612
4481 0.00083058630116283894 0 0.99999964237213135
4482 0.00069544342113658786 0 0.9999997615814209
4483 0.00080120068741962314 0 0.99999970197677612
4484 0.00068692921195179224 0 0.9999997615814209
4485 0.00071261957054957747 0 0.9999997615814209
4486 0.00081549928290769458 0 0.99999970197677612
4487 0.00069941964466124773 0 0.9999997615814209
4488 0.00071192171890288591 0 0.9999997615814209
4489 0.00071677862433716655 0 0.9999997615814209
4490 0.00078494328772649169 0 0.99999970197677612
4491 0.00070375279756262898 0 0.9999997615814209
4492 0.0006942964973859489 0 0.9999997615814209
4493 0.00070115464041009545 0 0.9999997615814209
4494 0.00067683513043448329 0 0.9999997615814209
4495 0.00082939397543668747 0 0.99999964237213135
4496 0.00081697094719856977 0 0.99999970197677612
4497 0.0008036554791033268 0 0.99999970197677612
4498 0.00081668421626091003 0 0.99999970197677612
4499 0.00082490581553429365 -0 0.99999970197677612
4500 0.00086015625856816769 0 0.99999964237213135
4501 0.00076440535485744476 0 0.99999970197677612
4502 0.00081961590331047773 0 0.99999970197677612
4503 0.0008495442452840507 0 0.99999964237213135
4504 0.00083229935262352228 0 0.99999964237213135
4505 0.00072618667036294937 0 0.9999997615814209
4506 0.00074079248588532209 0 0.9999997615814209
4507 0.00067864911397919059 0 0.9999997615814209
4508 0.00072778563480824232 0 0.9999997615814209
4509 0.00073738239007070661 0 0.9999997615814209
4510 0.00066056166542693973 0 0.99999982118606567
4511 0.00067982531618326902 0 0.9999997615814209
4512 0.00068685610312968493 0 0.9999997615814209
4513 0.00071988877607509494 0 0.9999997615814209
4514 0.0008506926242262125 0 0.99999964237213135
4515 0.00066479534143581986 0 0.99999982118606567
4516 0.00069427600828930736 0 0.9999997615814209
4517 0.0008538832189515233 0 0.99999964237213135
4518 0.0007220582920126617 0 0.9999997615814209
4519 0.00074090511770918965 0 0.9999997615814209
4520 0.00071882671909406781 0 0.9999997615814209
4521 0.00076887314207851887 0 0.99999970197677612
4522 0.00071301596472039819 0 0.9999997615814209
4523 0.0007161378744058311 0 0.9999997615814209
4524 0.00083298987010493875 0 0.99999964237213135
4525 0.0007176973158493638 0 0.9999997615814209
4526 0.00078337505692616105 0 0.99999970197677612
4527 0.00083130161510780454 -0 0.99999964237213135
4528 0.00079189363168552518 0 0.99999970197677612
4529 0.00075432879384607077 0 0.99999970197677612
4530 0.00084515108028426766 0 0.99999964237213135
4531 0.00072049151640385389 0 0.9999997615814209
4532 0.000732165586668998 0 0.9999997615814209
4533 0.00083421578165143728 0 0.99999964237213135
4534 0.00070952251553535461 0 0.9999997615814209
4535 0.00078104756539687514 0 0.99999970197677612
4536 0.00070999655872583389 0 0.9999997615814209
4537 0.00071286677848547697 -0 0.9999997615814209
4538 0.00077915599104017019 0 0.99999970197677612
4539 0.00081487605348229408 0 0.99999970197677612
4540 0.00071413366822525859 0 0.9999997615814209
4541 0.0007696806569583714 0 0.99999970197677612
4542 0.00071748957270756364 0 0.9999997615814209
4543 0.0007803424377925694 0 0.99999970197677612
4544 0.00078826851677149534 0 0.99999970197677612
4545 0.00069637381238862872 0 0.9999997615814209
4546 0.00070528738433495164 0 0.9999997615814209
4547 0.00079436303349211812 0 0.99999970197677612
4548 0.00071040471084415913 0 0.9999997615814209
4549 0.00071439257590100169 0 0.9999997615814209
4550 0.00080049264943227172 0 0.99999970197677612
4551 0.00082492042565718293 -0 0.99999970197677612
4552 0.00080014445120468736 0 0.99999970197677612
4553 0.00071593595203012228 0 0.9999997615814209
4554 0.00074949831468984485 0 0.9999997615814209
4555 0.0008339465712197125 0 0.99999964237213135
