0 -0.013019712641835213 0.99974048137664795 -0.018696639686822891
1 0.00086781947175040841 0.99999886751174927 0.0012304994743317366
2 0.013575340621173382 0.9995652437210083 0.026173720136284828
3 0.017183488234877586 0.9997713565826416 0.012726150453090668
4 -0.0004352242685854435 0.99999994039535522 -8.0004763731267303e-05
5 0.017784805968403816 0.99982631206512451 0.0055757910013198853
6 0.020683348178863525 0.99948424100875854 0.024567175656557083
7 -0.02410547249019146 0.99968820810317993 -0.0065123569220304489
8 -0.0021122579928487539 0.99996781349182129 -0.0077389050275087357
9 0.0021703646052628756 0.99954336881637573 -0.030139626935124397
10 -0.010701913386583328 0.99965131282806396 -0.024142241105437279
11 0.012844950892031193 0.99969226121902466 -0.021223677322268486
12 0.0026089577004313469 0.99959713220596313 -0.028264418244361877
13 0.011295325122773647 0.99987322092056274 -0.011224588379263878
14 -0.030760541558265686 0.99952101707458496 -0.003405930008739233
15 -0.013648544438183308 0.99964624643325806 -0.022829728201031685
16 -0.028196176514029503 0.99928230047225952 -0.025295576080679893
17 0.017585201188921928 0.99983495473861694 0.0045711370185017586
18 -0.010455267503857613 0.99946361780166626 -0.031036039814352989
19 -0.02801593579351902 0.99960219860076904 0.0032646385952830315
20 -0.024454044178128242 0.99941003322601318 0.024116780608892441
21 0.030817056074738503 0.99909514188766479 0.02931252121925354
22 -0.027870351448655128 0.99947750568389893 0.016369646415114403
23 0.019585635513067245 0.99960052967071533 0.020377485081553459
24 -0.01755724661052227 0.99983525276184082 -0.0046154838055372238
25 0.015278009697794914 0.99958831071853638 0.024285608902573586
26 -0.015929423272609711 0.99940198659896851 0.030690280720591545
27 -0.006355692632496357 0.99941867589950562 -0.033496934920549393
28 -0.0053051402792334557 0.99936968088150024 -0.035101670771837234
29 -0.0089493561536073685 0.99936568737030029 -0.034469600766897202
30 -0.019638000056147575 0.99942433834075928 0.027665488421916962
31 0.0024386777076870203 0.99966162443161011 -0.02589753083884716
32 -0.013089252635836601 0.9997907280921936 -0.015722950920462608
33 -0.028604935854673386 0.99955242872238159 0.0087584815919399261
34 0.01272315252572298 0.99984949827194214 -0.011795252561569214
35 -0.0026848195120692253 0.99947130680084229 -0.03240261971950531
36 -0.028881233185529709 0.99947386980056763 -0.014760010875761509
37 -0.0068664168938994408 0.99961328506469727 -0.026949115097522736
38 0.01357761025428772 0.99989199638366699 0.0056268144398927689
39 -0.031696416437625885 0.99949145317077637 0.0035037605557590723
40 -0.027120918035507202 0.99944782257080078 0.019197039306163788
41 0.010206160135567188 0.99959218502044678 0.026671241968870163
42 0.02343345619738102 0.99963134527206421 0.013716277666389942
43 -0.99998849630355835 -0.0039729843847453594 -0.0026928468141704798
44 -0.021860809996724129 0.99940454959869385 0.026696717366576195
45 0.013883082196116447 0.99952244758605957 -0.027607966214418411
46 0.016282578930258751 0.9998546838760376 0.0050520449876785278
47 -0.021565467119216919 0.99959933757781982 -0.018331682309508324
48 -0.013691938482224941 0.99949532747268677 0.028664138168096542
49 -0.0053065130487084389 0.99941205978393555 -0.033872552216053009
50 0.011603725142776966 0.99990576505661011 0.0073444400914013386
51 -0.02630426362156868 0.99965083599090576 0.0025372738018631935
52 0.014506552368402481 0.99981456995010376 0.012662319466471672
53 -0.0069839474745094776 0.99949085712432861 -0.031132970005273819
54 0.0272821094840765 0.99939990043640137 0.021343240514397621
55 -0.030751809477806091 0.99946194887161255 0.011408368125557899
56 -0.0095806196331977844 0.99942559003829956 -0.032508794218301773
57 0.030601467937231064 0.99942058324813843 0.014900744892656803
58 -0.029446236789226532 0.99953949451446533 -0.007330362219363451
59 0.0255438182502985 0.99956727027893066 -0.014588606543838978
60 -0.012318099848926067 0.99990159273147583 -0.0067200153134763241
61 -0.026973346248269081 0.99963194131851196 0.0029189756605774164
62 -0.015487718395888805 0.9998093843460083 -0.011890060268342495
63 0.0228392593562603 0.99959146976470947 0.017184188589453697
64 -0.027502663433551788 0.99962174892425537 0.0001277001720154658
65 0.029780928045511246 0.99952971935272217 0.0073091322556138039
66 -0.034497763961553574 0.99939644336700439 -0.0040936153382062912
67 0.029351560398936272 0.99946105480194092 0.014700483530759811
68 -0.031662944704294205 0.99948263168334961 0.0056550996378064156
69 0.00083731143968179822 0.99952596426010132 0.030776249244809151
70 -0.036555007100105286 0.99911105632781982 0.020997332409024239
71 0.019262548536062241 0.99960935115814209 -0.020251717418432236
72 -0.99998819828033447 -0.0039940327405929565 -0.0027823746204376221
73 -0.017711913213133812 0.99949997663497925 0.026194037869572639
74 0.021369999274611473 0.99958926439285278 0.019096942618489265
75 -0.02255604974925518 0.99961256980895996 -0.016308680176734924
76 0.031414136290550232 0.99940615892410278 0.014159244485199451
77 -0.029273048043251038 0.9995536208152771 0.0059822173789143562
78 -0.02201390452682972 0.99964803457260132 -0.014805243350565434
79 0.018537202849984169 0.99943447113037109 -0.028055563569068909
80 -0.030067002400755882 0.99950939416885376 0.0087732803076505661
81 0.00052643846720457077 0.99947130680084229 -0.032509844750165939
82 -0.017799928784370422 0.99958807229995728 -0.022514732554554939
83 -0.030920315533876419 0.99951821565628052 0.0027015553787350655
84 0.020187830552458763 0.99971514940261841 0.012734337709844112
85 0.0064576826989650726 0.9995918869972229 0.027827642858028412
86 -0.031304467469453812 0.99950993061065674 -0.00011014939082087949
87 0.014991948381066322 0.99961364269256592 -0.023404935374855995
88 0.01274515874683857 0.99949747323989868 -0.029024031013250351
89 -0.020603325217962265 0.99957388639450073 -0.02067871019244194
90 0.012150302529335022 0.99957764148712158 0.026399360969662666
91 0.0082562509924173355 0.99949342012405396 -0.030736502259969711
92 0.022532781586050987 0.99937927722930908 0.027080768719315529
93 -0.027630463242530823 0.99946731328964233 0.017369184643030167
94 -0.028999146074056625 0.99949228763580322 0.013201680034399033
95 0.019262969493865967 0.99957340955734253 0.021953795105218887
96 -0.01008879765868187 0.99946457147598267 0.031125554814934731
97 -0.025951635092496872 0.99948912858963013 0.018654705956578255
98 0.0084990831092000008 0.99948304891586304 0.0310069490224123
99 -0.99999773502349854 -0.0021228410769253969 6.7734232288785279e-05
100 0.024514453485608101 0.99955511093139648 -0.016989979892969131
101 -0.02305811271071434 0.99947667121887207 0.022690381854772568
102 0.014013211242854595 0.99953031539916992 0.027253612875938416
103 -0.02365422248840332 0.99945169687271118 0.023168575018644333
104 -0.029636768624186516 0.99943006038665771 0.016165098175406456
105 0.015539438463747501 0.99962186813354492 0.022685734555125237
106 -0.013993262313306332 0.99949711561203003 -0.028456438332796097
107 0.0047178310342133045 0.99947869777679443 -0.031939055770635605
108 -0.010279050096869469 0.99954932928085327 -0.028205089271068573
109 0.02421080507338047 0.99956482648849487 0.016852457076311111
110 -0.021574558690190315 0.99946969747543335 0.024391874670982361
111 -0.0040671336464583874 0.99949032068252563 -0.031663719564676285
112 -0.027282156050205231 0.9994775652885437 0.017331130802631378
113 -0.0080663599073886871 0.99947851896286011 -0.03126734122633934
114 -0.028630679473280907 0.99948042631149292 -0.014803547412157059
115 0.022496340796351433 0.99950653314590454 -0.021924542263150215
116 -0.02294023334980011 0.99967890977859497 -0.010761129669845104
117 -0.00026735945721156895 0.99945211410522461 -0.033097535371780396
118 -0.025057036429643631 0.99946534633636475 -0.021004436537623405
119 0.017681771889328957 0.9994577169418335 -0.027778703719377518
120 0.016710495576262474 0.99950361251831055 -0.026707876473665237
121 -0.032722283154726028 0.99944543838500977 0.0061784880235791206
122 0.014410604722797871 0.99988949298858643 0.0036497286055237055
123 -0.019733797758817673 0.99948441982269287 -0.025328639894723892
124 0.011783501133322716 0.99944061040878296 -0.031298689544200897
125 -0.020083777606487274 0.99956262111663818 -0.02170940488576889
126 -0.020293444395065308 0.99978440999984741 -0.0043978532776236534
127 -0.029862474650144577 0.99942564964294434 -0.016018779948353767
128 0.0051094451919198036 0.99946707487106323 -0.032241247594356537
129 -0.99991524219512939 -0.0028838401194661856 -0.012701964937150478
130 0.010913530364632607 0.99946510791778564 -0.030829008668661118
131 -0.027930218726396561 0.99951303005218506 0.013919643126428127
132 0.017669852823019028 0.99954348802566528 -0.024510346353054047
133 -0.012895525433123112 0.99958419799804688 -0.025789646431803703
134 -0.017000775784254074 0.99948954582214355 0.027048643678426743
135 0.0065814899280667305 0.99949091672897339 -0.031219255179166794
136 0.0014943304704502225 0.99949723482131958 -0.031671520322561264
137 -0.025623193010687828 0.9994317889213562 0.021899338811635971
138 -0.0040052770636975765 0.99959367513656616 -0.028221581131219864
139 -0.0031799115240573883 0.99946290254592896 -0.032615799456834793
140 0.014377417974174023 0.9995695948600769 0.025571700185537338
141 -0.0047140312381088734 0.99951434135437012 -0.03080390952527523
142 0.017183192074298859 0.9995846152305603 0.023137243464589119
143 0.022875100374221802 0.99963408708572388 0.014440201222896576
144 -0.016243947669863701 0.99956655502319336 -0.024552423506975174
145 0.011267283000051975 0.99948179721832275 -0.030154310166835785
146 -0.00059946440160274506 0.99948984384536743 -0.031932979822158813
147 -0.027914250269532204 0.99960732460021973 -0.0024395727086812258
148 -0.00016550083819311112 0.99999803304672241 0.0019706794992089272
149 -0.00053347263019531965 0.99998027086257935 -0.0062650223262608051
150 -0.99990099668502808 -0.0029207046609371901 -0.013766488991677761
151 0.022294908761978149 0.99951791763305664 0.021608574315905571
152 -0.0061850971542298794 0.99957054853439331 -0.028645118698477745
153 -0.029457122087478638 0.99950450658798218 0.011090680025517941
154 -0.0046844622120261192 0.99954402446746826 -0.029831450432538986
155 0.0097146825864911079 0.99958282709121704 0.027199152857065201
156 0.01674593985080719 0.99955284595489502 0.024773756042122841
157 -0.00015198455366771668 0.99999827146530151 0.0018452181247994304
158 0.0031178428325802088 0.99934124946594238 -0.036157332360744476
159 -0.013890510424971581 0.99959671497344971 -0.024769481271505356
160 -0.011050351895391941 0.99956941604614258 -0.027183765545487404
161 0.0049360943958163261 0.99955737590789795 0.029338439926505089
162 -0.008176770992577076 0.99956876039505005 -0.02820456400513649
163 -0.00048179904115386307 0.99998289346694946 -0.0058274329639971256
164 -0.00018187770911026746 0.99999773502349854 0.0021356581710278988
165 -0.0042994949035346508 0.99955517053604126 -0.029514223337173462
166 -0.025197811424732208 0.99949336051940918 -0.019446898251771927
167 -0.00013078900519758463 0.99999874830245972 0.001579199219122529
168 -0.00056439504260197282 0.99997633695602417 -0.0068588117137551308
169 0.0087403934448957443 0.9995771050453186 0.027736073359847069
170 -0.022085459902882576 0.99942463636398315 -0.025741610676050186
171 0.0057669011875987053 0.99959194660186768 0.027976280078291893
172 -0.9999663233757019 -0.0034003611654043198 -0.0074733947403728962
173 -0.99997216463088989 -0.0033705497626215219 -0.0066598774865269661
174 0.00083848607027903199 0.99959754943847656 0.028356228023767471
175 -0.0053231371566653252 0.99958902597427368 -0.028169572353363037
176 -0.0015738978981971741 0.99999737739562988 0.0016841973410919309
177 -0.00020607626356650144 0.99999749660491943 0.0022229689639061689
178 -0.00045652437256649137 0.9999847412109375 -0.0055122599005699158
179 0.01150163821876049 0.99954414367675781 0.027914885431528091
180 -0.0090857651084661484 0.99954664707183838 -0.028705097734928131
181 0.0015239074127748609 0.99960827827453613 0.027945628389716148
182 -0.0024439925327897072 0.99997943639755249 -0.0059340470470488071
183 -0.0012186784297227859 0.99999749660491943 0.0018773529445752501
184 0.0010549580911174417 0.99956148862838745 0.029592804610729218
185 -0.014469732530415058 0.9995453953742981 -0.026450525969266891
186 -0.024802006781101227 0.99959647655487061 -0.013846153393387794
187 0.017186297103762627 0.9996069073677063 -0.022149989381432533
188 0.00027079766732640564 0.99999874830245972 0.0015649186680093408
189 -0.0046282610855996609 0.99959760904312134 -0.02798658050596714
190 -0.025023054331541061 0.99948209524154663 0.020232835784554482
191 -0.017220022156834602 0.99949127435684204 0.026847157627344131
192 -0.0066389129497110844 0.99997687339782715 0.0015025300672277808
193 -0.0082048038020730019 0.99993538856506348 -0.0078686866909265518
194 -0.0003393667284399271 0.99998366832733154 -0.0057063414715230465
195 0.023323157802224159 0.99965071678161621 0.012430761940777302
196 -0.02892616018652916 0.99956321716308594 0.0060604526661336422
197 0.020241802558302879 0.99951750040054321 -0.023560242727398872
198 -0.013497861102223396 0.99989014863967896 -0.0061289980076253414
199 -0.00075395224848762155 0.99944376945495605 -0.033341828733682632
200 0.013711985200643539 0.999900221824646 0.0033969948999583721
201 -0.0076769869774580002 0.99995875358581543 -0.0048593869432806969
202 0.02686680480837822 0.99943625926971436 -0.020135274156928062
203 -0.00017891803872771561 0.99999725818634033 0.002332429401576519
204 -0.00039205478969961405 0.99998599290847778 -0.0052854861132800579
205 -0.025600576773285866 0.99965429306030273 -0.0059958039782941341
206 -0.026570122689008713 0.99964249134063721 -0.0029982887208461761
207 0.024031981825828552 0.99953252077102661 0.018900554627180099
208 -0.013396626338362694 0.99989742040634155 -0.0050773029215633869
209 0.021998245269060135 0.99937760829925537 -0.0275759007781744
210 0.025158651173114777 0.99962204694747925 0.011088359169661999
211 -0.01426163874566555 0.99988377094268799 -0.0054003237746655941
212 0.0093013215810060501 0.99964761734008789 -0.024863690137863159
213 -0.021383937448263168 0.99976074695587158 -0.0045992503874003887
214 -0.009878573939204216 0.99995094537734985 0.00076853024074807763
215 0.0074228933081030846 0.99994438886642456 -0.007496505044400692
216 -0.0012295078486204147 0.99982303380966187 -0.018771771341562271
217 0.022324023768305779 0.99968105554580688 0.011809698306024075
218 0.022803422063589096 0.9995110034942627 -0.021395396441221237
219 0.004400214646011591 0.99998706579208374 0.0025673212949186563
220 -0.016853358596563339 0.99984091520309448 -0.0058432538062334061
221 -0.026534823700785637 0.99923968315124512 -0.028564745560288429
222 -0.026098132133483887 0.99965751171112061 -0.0019392530666664243
223 -0.031289186328649521 0.99946212768554688 0.0098201995715498924
224 -0.019264243543148041 0.99980062246322632 -0.0052583976648747921
225 -0.031512096524238586 0.99949204921722412 -0.004758419468998909
226 0.030748806893825531 0.99952030181884766 0.0036988714709877968
227 0.020132336765527725 0.99976569414138794 -0.007956785149872303
228 -0.00044624603469856083 0.99997639656066895 -0.0068598524667322636
229 -0.038485419005155563 0.99925863742828369 -0.0010467051761224866
230 0.036477167159318924 0.99929594993591309 -0.008778066374361515
231 -0.017303561791777611 0.99943047761917114 -0.028971180319786072
232 -0.00010912879952229559 0.99999856948852539 0.001682179281488061
233 -0.0053615877404808998 0.9994347095489502 -0.033189646899700165
234 0.014891169965267181 0.99941009283065796 -0.030947893857955933
235 0.016934793442487717 0.99961954355239868 -0.021772721782326698
236 0.020800096914172173 0.99928975105285645 0.031422607600688934
237 -0.011614405550062656 0.99937742948532104 -0.033316552639007568
238 0.0019144183024764061 0.99939972162246704 -0.034590695053339005
239 -0.021933514624834061 0.9997107982635498 -0.009863520972430706
240 -0.0026810178533196449 0.99937248229980469 -0.035319916903972626
241 -0.00016692650387994945 0.99999690055847168 0.0024863071739673615
242 -0.00035192508948966861 0.99998646974563599 -0.0051961480639874935
243 -0.027062326669692993 0.99942564964294434 0.020397406071424484
244 0.0090715391561388969 0.99935638904571533 -0.034707054495811462
245 -0.03147590160369873 0.9994966983795166 0.0039579402655363083
246 0.01562154944986105 0.99986094236373901 0.0058456882834434509
247 -0.029686221852898598 0.9994158148765564 0.016935104504227638
248 0.011011949740350246 0.99938756227493286 -0.033216129988431931
249 0.017208462581038475 0.99940478801727295 -0.029900617897510529
250 0.0051239212043583393 0.9994436502456665 0.032957587391138077
251 -0.99990922212600708 -0.0025241842959076166 -0.013235712423920631
252 -0.010366614907979965 0.99990469217300415 -0.0091178677976131439
253 0.012344197370111942 0.99941807985305786 0.031798437237739563
254 -0.015828346833586693 0.99940937757492065 0.030501823872327805
255 0.01767345704138279 0.99970591068267822 -0.016607541590929031
256 -0.022889170795679092 0.99936234951019287 0.027405299246311188
257 -0.029865823686122894 0.9994586706161499 0.013799885287880898
258 -0.00049144134391099215 0.99996191263198853 -0.0087156463414430618
259 -0.023319186642765999 0.99971204996109009 -0.0056614489294588566
260 -0.00011359466589055955 0.99999868869781494 0.0016092001460492611
261 -0.0004892334109172225 0.99997639656066895 -0.0068544805981218815
262 -0.026078332215547562 0.9993855357170105 0.023421034216880798
263 0.0010015232255682349 0.99999904632568359 0.00093701411969959736
264 -0.032089035958051682 0.99948424100875854 -0.0012738724472001195
265 0.0087457140907645226 0.99996030330657959 0.0016981610096991062
266 0.0048658167943358421 0.99934697151184082 -0.035805139690637589
267 -0.012929892167448997 0.9999091625213623 -0.0038147810846567154
268 -0.020758604630827904 0.99936312437057495 0.02902444452047348
269 -0.0011413400061428547 0.9993598461151123 -0.035757239907979965
270 0.032779630273580551 0.99940544366836548 0.010692685842514038
271 0.0098161371424794197 0.99991220235824585 -0.0089081060141324997
272 -0.012241693213582039 0.99937951564788818 0.033026900142431259
273 -0.031832806766033173 0.99949187040328979 -0.0016633981140330434
274 -0.99990445375442505 -0.002530594589188695 -0.01359335333108902
275 0.013505497016012669 0.99977099895477295 -0.016601411625742912
276 0.023228749632835388 0.99970269203186035 0.0074173565953969955
277 -0.023493241518735886 0.99972349405288696 -0.0010474943555891514
278 -0.033632908016443253 0.99916553497314453 -0.023173527792096138
279 0.0008640980813652277 0.99940502643585205 0.034479502588510513
280 0.026495534926652908 0.99951231479644775 0.016527719795703888
281 -0.0078865392133593559 0.99938696622848511 -0.034110747277736664
282 -0.034963101148605347 0.99929660558700562 -0.013562019914388657
283 0.0092244809493422508 0.99941074848175049 0.033061794936656952
284 0.018512392416596413 0.99979478120803833 0.0082254167646169662
285 -0.022468412294983864 0.99925464391708374 -0.031391452997922897
286 0.023059189319610596 0.99934673309326172 0.027827929705381393
287 -0.026690460741519928 0.99936896562576294 -0.023437969386577606
288 -0.014137903228402138 0.99938833713531494 -0.0319862961769104
289 0.015855738893151283 0.99939972162246704 0.030803041532635689
290 -0.013014393858611584 0.99991083145141602 -0.0030063856393098831
291 0.011768197640776634 0.99984043836593628 -0.013440935872495174
292 0.016523454338312149 0.99974673986434937 -0.015278770588338375
293 -0.00035793505958281457 0.99998044967651367 -0.0062411525286734104
294 -0.0095850639045238495 0.99995404481887817 -0.00028430216480046511
295 0.02096199057996273 0.99914300441741943 -0.035691309720277786
296 -0.010098774917423725 0.99994903802871704 -5.1017850637435913e-06
297 0.0050867954269051552 0.99995863437652588 -0.0075455689802765846
298 -0.023281680420041084 0.99972641468048096 -0.0022485207300633192
299 -0.012182204052805901 0.99992120265960693 -0.0030582081526517868
300 0.0039163990877568722 0.99996119737625122 -0.007889685221016407
301 -0.0084098335355520248 0.99996465444564819 0.00012609781697392464
302 0.0087403599172830582 0.99995750188827515 0.0029425786342471838
303 -0.0061927419155836105 0.99996918439865112 -0.0048272274434566498
304 0.013089979998767376 0.99981939792633057 -0.013782006688416004
305 0.0064492360688745975 0.99997216463088989 0.0037560653872787952
306 -0.0054400763474404812 0.9999845027923584 0.0012233193265274167
307 0.0055244625546038151 0.99995851516723633 -0.0072474204935133457
308 0.0048110475763678551 0.99998831748962402 0.00049276603385806084
309 -0.0074777849949896336 0.99992603063583374 -0.0095938583835959435
310 -0.019197791814804077 0.99979770183563232 -0.0060054357163608074
311 -0.012277629226446152 0.99973797798156738 0.019319919869303703
312 0.0010865565855056047 0.99999934434890747 -0.0004116979253012687
313 0.014287420548498631 0.99956315755844116 -0.025872925296425819
314 0.017796266824007034 0.99976897239685059 -0.012052930891513824
315 -0.00025662186089903116 0.99999970197677612 0.00076217489549890161
316 0.01795491948723793 0.99982672929763794 -0.0049109938554465771
317 0.02135142870247364 0.99948179721832275 -0.024089571088552475
318 -0.024929873645305634 0.99965131282806396 0.0087087294086813927
319 0.00057464471319690347 0.99951052665710449 0.031279217451810837
320 -0.002260805806145072 0.99996405839920044 0.008170008659362793
321 -0.010036280378699303 0.99964934587478638 0.024507036432623863
322 0.012002834118902683 0.99965846538543701 0.023214103654026985
323 0.00094649568200111389 0.9995582103729248 0.029709024354815483
324 0.011235537007451057 0.99986785650253296 0.011748859658837318
325 -0.031210537999868393 0.9995000958442688 0.0050519071519374847
326 -0.012811226770281792 0.99964410066604614 0.023401137441396713
327 -0.026678962633013725 0.99932408332824707 0.025291856378316879
328 0.017758499830961227 0.99983477592468262 -0.0038804593496024609
329 -0.0095154307782649994 0.99946033954620361 0.031441327184438705
330 -0.02968217246234417 0.99955838918685913 -0.0014178389683365822
331 -0.026057187467813492 0.99938195943832397 -0.023596642538905144
332 0.02822614461183548 0.99925494194030762 -0.026324091479182243
333 -0.029540153220295906 0.99944472312927246 -0.015416915528476238
334 0.020224630832672119 0.99959874153137207 -0.019833557307720184
335 -0.01739170216023922 0.99983489513397217 0.0052699646912515163
336 0.015980325639247894 0.99958646297454834 -0.02390638180077076
337 -0.016702063381671906 0.99939191341400146 -0.030608797445893288
338 -0.0075969472527503967 0.99940085411071777 0.033767569810152054
339 -0.0071553797461092472 0.99933665990829468 0.035708550363779068
340 -0.0098030958324670792 0.99935454130172729 0.034560501575469971
341 -0.02062591165304184 0.99941033124923706 -0.02745102159678936
342 0.00051863404223695397 0.99960607290267944 0.028061697259545326
343 -0.012672788463532925 0.99978864192962646 0.016190459951758385
344 -0.030137293040752411 0.99951833486557007 -0.0074100969359278679
345 0.012451278045773506 0.99983537197113037 0.013199662789702415
346 -0.0041906717233359814 0.99944406747817993 0.0330764539539814
347 -0.028557255864143372 0.9994734525680542 0.015405397862195969
348 -0.0059863394126296043 0.99961167573928833 0.027217630296945572
349 0.013840270228683949 0.99989074468612671 -0.0051922150887548923
350 -0.032643944025039673 0.99946510791778564 -0.0019643940031528473
351 -0.029095271602272987 0.99940818548202515 -0.018351785838603973
352 0.01128910668194294 0.99958890676498413 -0.026354335248470306
353 0.023812549188733101 0.99963027238845825 -0.013125634752213955
354 -0.99998140335083008 -0.0054556448012590408 0.0027360985986888409
355 -0.023407883942127228 0.99937796592712402 -0.026378080248832703
356 0.012851306237280369 0.99949753284454346 0.028976008296012878
357 0.016522403806447983 0.99985355138778687 -0.0044700196012854576
358 -0.031839083880186081 0.99947726726531982 -0.0056149745360016823
359 -0.021027320995926857 0.99959814548492432 0.019009938463568687
360 -0.014214714989066124 0.99948972463607788 -0.028604913502931595
361 -0.0075231576338410378 0.99936473369598389 0.034836933016777039
362 0.012193719856441021 0.99990326166152954 -0.0067007588222622871
363 -0.028521951287984848 0.99959295988082886 -0.00073750875890254974
364 0.015148903243243694 0.99981153011322021 -0.012141438201069832
365 -0.007498839870095253 0.9994853138923645 0.031191542744636536
366 0.027624679729342461 0.99940240383148193 -0.020778272300958633
367 -0.01155504584312439 0.99939119815826416 0.032921068370342255
368 0.030873721465468407 0.99942028522491455 -0.014349350705742836
369 -0.029231501743197441 0.99954074621200562 0.0079913707450032234
370 0.025836361572146416 0.99955224990844727 0.01509502250701189
371 -0.012092155404388905 0.99990040063858032 0.0072776093147695065
372 -0.027525963261723518 0.9996190071105957 -0.0020449843723326921
373 -0.015198811888694763 0.99980789422988892 0.012377103790640831
374 0.023293197154998779 0.99959069490432739 -0.016610987484455109
375 -0.028054798021912575 0.99960589408874512 0.001004645717330277
376 0.029971471056342125 0.99952852725982666 -0.0066675292328000069
377 -0.035256505012512207 0.99935615062713623 0.0066510969772934914
378 0.02966168150305748 0.99946212768554688 -0.013987075537443161
379 -0.010354639030992985 0.9994887113571167 -0.030250577256083488
380 -0.038332831114530563 0.99907034635543823 -0.019724085927009583
381 0.018812993541359901 0.99959301948547363 0.021445980295538902
382 -0.9999815821647644 -0.005428666714578867 0.0027385565917938948
383 0.009178859181702137 0.99948304891586304 -0.030813349410891533
384 0.021998049691319466 0.99958783388137817 -0.018447579815983772
385 -0.022106200456619263 0.99961096048355103 0.017005851492285728
386 0.0316946841776371 0.99940520524978638 -0.013589447364211082
387 -0.030335940420627594 0.99952930212020874 -0.0045895474031567574
388 -0.021549979224801064 0.99964731931686401 0.01552142295986414
389 0.017455052584409714 0.99940305948257446 0.029813416302204132
390 -0.031342737376689911 0.99948126077651978 -0.0074063064530491829
391 -0.00052711647003889084 0.99945574998855591 0.032984193414449692
392 -0.017016317695379257 0.99958664178848267 0.023173674941062927
393 -0.032802972942590714 0.99946177005767822 -0.0004066471301484853
394 0.020545175299048424 0.99971330165863037 -0.012298751622438431
395 0.0070894109085202217 0.99959105253219604 -0.027702696621417999
396 -0.032246328890323639 0.99947792291641235 0.0020027142018079758
397 -0.030549570918083191 0.99947822093963623 -0.01048614177852869
398 0.014504351653158665 0.99960094690322876 0.024239825084805489
399 0.011578470468521118 0.9994739294052124 0.030296159908175468
400 -0.019936405122280121 0.99957305192947388 0.021363791078329086
401 0.014982706867158413 0.99953019618988037 -0.026737678796052933
402 0.01279281172901392 0.99957668781280518 -0.026130678132176399
403 0.0070245405659079552 0.99946880340576172 0.031824421137571335
404 -0.028194600716233253 0.99946308135986328 -0.016692608594894409
405 0.022273426875472069 0.99950957298278809 0.022013098001480103
406 -0.030214391648769379 0.9994698166847229 -0.012129709124565125
407 0.019898846745491028 0.99957257509231567 -0.021418469026684761
408 0.00063343066722154617 0.99952185153961182 -0.030914789065718651
409 -0.026975218206644058 0.99947285652160645 -0.018067616969347
410 -0.018176617100834846 0.99949097633361816 -0.026219213381409645
411 -0.99999487400054932 -0.0032046753913164139 -0.00010223317804047838
412 0.024290742352604866 0.99954676628112793 0.017783442512154579
413 -0.024058312177658081 0.99946314096450806 -0.022240800783038139
414 -0.024384049698710442 0.99944543838500977 -0.022678803652524948
415 -0.031874116510152817 0.99937951564788818 -0.014990054070949554
416 0.016118632629513741 0.99961960315704346 -0.022381793707609177
417 0.02319391630589962 0.99937832355499268 -0.026554647833108902
418 -0.01323305070400238 0.99949747323989868 0.028805676847696304
419 0.0040387646295130253 0.99947208166122437 0.032238129526376724
420 -0.0094184065237641335 0.99954760074615479 0.028565743938088417
421 0.024665562435984612 0.99956327676773071 -0.016274334862828255
422 -0.022521786391735077 0.99945634603500366 -0.024081885814666748
423 -0.0045211971737444401 0.99948519468307495 0.031764671206474304
424 -0.028204444795846939 0.99946331977844238 -0.016664782539010048
425 -0.0011552642099559307 0.99946469068527222 0.032696586102247238
426 -0.028240419924259186 0.99948132038116455 0.015477018430829048
427 -0.022594582289457321 0.99967914819717407 0.011452162638306618
428 -0.0078996187075972557 0.99947834014892578 0.031316064298152924
429 -0.024528549984097481 0.99946624040603638 0.021579097956418991
430 0.017201852053403854 0.99945235252380371 0.02826855331659317
431 -0.018808716908097267 0.99948525428771973 0.025990510359406471
432 0.016235653311014175 0.99949455261230469 0.027334444224834442
433 -0.034029882401227951 0.99941080808639526 -0.0044775614514946938
434 0.014632350765168667 0.99988830089569092 -0.0030542779713869095
435 0.011013617739081383 0.99943196773529053 0.031851965934038162
436 -0.019427096471190453 0.9995606541633606 0.022386251017451286
437 -0.022115577012300491 0.99973493814468384 0.0063984710723161697
438 -0.029550647363066673 0.99942457675933838 0.016651608049869537
439 0.0042919665575027466 0.99945539236068726 0.032718844711780548
440 -0.99990981817245483 -0.0042600305750966072 0.012739727273583412
441 0.0094814402982592583 0.999431312084198 0.032361190766096115
442 -0.029279410839080811 0.99948734045028687 -0.012955685146152973
443 0.016726426780223846 0.9995110034942627 0.026420328766107559
444 -0.012178665027022362 0.99958312511444092 0.026177914813160896
445 -0.01737346313893795 0.99948519468307495 -0.026972468942403793
446 0.0054463092237710953 0.99947172403335571 0.032040715217590332
447 0.00027832950581796467 0.99947595596313477 0.032369580119848251
448 -0.027841793373227119 0.9993864893913269 -0.02124890498816967
449 -0.0041804760694503784 0.99959343671798706 0.028204338625073433
450 -0.0043308371677994728 0.99944615364074707 0.032994497567415237
451 0.015148411504924297 0.99956881999969482 -0.025153491646051407
452 -0.0051034307107329369 0.99950718879699707 0.030972929671406746
453 0.017785554751753807 0.99958354234695435 -0.022725624963641167
454 0.023173818364739418 0.99963372945785522 -0.013977447524666786
455 -0.015446293167769909 0.99956578016281128 0.025093361735343933
456 0.010321470908820629 0.99946606159210205 0.031003063544631004
457 -0.0012638727203011513 0.99948203563690186 0.032158523797988892
458 -0.028359012678265572 0.99959129095077515 0.0036167609505355358
459 -0.00019680737750604749 0.99999725818634033 -0.0023434581235051155
460 -0.00058951356913894415 0.99997586011886597 0.0069231591187417507
461 -0.9998968243598938 -0.0042264359071850777 0.013727391138672829
462 0.022865759208798409 0.99951720237731934 -0.021036481484770775
463 -0.0060177990235388279 0.99957060813903809 0.028677277266979218
464 -0.030509527772665024 0.9994850754737854 -0.0099448757246136665
465 -0.0048690205439925194 0.99954062700271606 0.029913922771811485
466 0.010541857220232487 0.99958133697509766 -0.026946105062961578
467 0.017310060560703278 0.99955260753631592 -0.024393565952777863
468 -0.00018498400459066033 0.99999749660491943 -0.0022458590101450682
469 0.00095208367565646768 0.99928802251815796 0.03771698847413063
470 -0.013299274258315563 0.99959415197372437 0.025193126872181892
471 -0.010336490347981453 0.99956893920898438 0.027479460462927818
472 0.0051787779666483402 0.99955761432647705 -0.029288137331604958
473 -0.0074366112239658833 0.99956822395324707 0.028428511694073677
474 -0.00054339593043550849 0.99997824430465698 0.0065755276009440422
475 -0.00020949372265022248 0.99999696016311646 -0.0024599328171461821
476 -0.0046176607720553875 0.99955457448959351 0.029485199600458145
477 -0.0247229915112257 0.99949294328689575 0.020067337900400162
478 -0.00017134085646830499 0.99999785423278809 -0.0020688385702669621
479 -0.00065360701410099864 0.99996823072433472 0.0079429605975747108
480 0.0093518877401947975 0.99957668781280518 -0.027550537139177322
481 -0.021283917129039764 0.99942409992218018 0.026428606361150742
482 0.0060493401251733303 0.9995918869972229 -0.027920208871364594
483 -0.99996113777160645 -0.0047466293908655643 0.0074318889528512955
484 -0.9999663233757019 -0.0047423648647964001 0.0067016379907727242
485 0.0015836496604606509 0.99959868192672729 -0.028284596279263496
486 -0.0050447690300643444 0.99958890676498413 0.028224606066942215
487 -0.0016110696597024798 0.99999642372131348 -0.0021307554561644793
488 -0.0002291634154971689 0.99999696016311646 -0.0024720127694308758
489 -0.00053300429135560989 0.99997913837432861 0.006435709074139595
490 0.012141275219619274 0.99954414367675781 -0.027644023299217224
491 -0.0086190104484558105 0.99954694509506226 0.028839584439992905
492 0.0016320006689056754 0.99960839748382568 -0.027934959158301353
493 -0.0025363964959979057 0.99997448921203613 0.0066845128312706947
494 -0.0012506189523264766 0.99999672174453735 -0.0022546995896846056
495 0.00085074256639927626 0.9995611310005188 -0.029611576348543167
496 -0.013723735697567463 0.99954533576965332 0.026848964393138885
497 -0.029054950922727585 0.99942952394485474 0.017219537869095802
498 0.016613423824310303 0.99959015846252441 0.023313641548156738
499 0.00022595319023821503 0.99999779462814331 -0.0021079038269817829
500 -0.0040779802948236465 0.99959689378738403 0.028096836060285568
501 -0.026330195367336273 0.99946010112762451 -0.019651837646961212
502 -0.017550982534885406 0.99948632717132568 -0.026815189048647881
503 -0.0066716582514345646 0.99997603893280029 -0.0018691414734348655
504 -0.0078596537932753563 0.99993377923965454 0.0084113292396068573
505 -0.00037830875953659415 0.99997806549072266 0.0066148168407380581
506 0.022407062351703644 0.99968719482421875 -0.011112747713923454
507 0.019955122843384743 0.99952083826065063 0.023663312196731567
508 -0.013225672766566277 0.99988949298858643 0.0067891650833189487
509 -0.029359776526689529 0.99955284595489502 -0.0056710145436227322
510 0.026936179026961327 0.9994271993637085 0.020487384870648384
511 -0.0026382443029433489 0.99940365552902222 0.034429125487804413
512 0.013688060455024242 0.99989956617355347 -0.0036769052967429161
513 -0.0075487974099814892 0.99995458126068115 0.0058255167677998543
514 -0.00020940955437254161 0.99999624490737915 -0.0027299257926642895
515 -0.00045529537601396441 0.99998116493225098 0.0061184251680970192
516 -0.025417938828468323 0.99965488910675049 0.0066384035162627697
517 -0.028079897165298462 0.99959063529968262 0.0054962802678346634
518 0.02643834613263607 0.99945056438446045 -0.0199909508228302
519 -0.013094203546643257 0.99989748001098633 0.0057979179546236992
520 0.025436392053961754 0.99962067604064941 -0.010567206889390945
521 -0.014609005302190781 0.99987411499023438 0.0061947363428771496
522 0.0076460083946585655 0.99958854913711548 0.0276454146951437
523 -0.021152088418602943 0.99976116418838501 0.0055012283846735954
524 -0.009914684109389782 0.999950110912323 -0.0012368146562948823
525 0.0073258127085864544 0.99993479251861572 0.0087611246854066849
526 -0.0026845578104257584 0.99977535009384155 0.021025111898779869
527 0.022623807191848755 0.99967968463897705 -0.011344476602971554
528 0.022513564676046371 0.99950522184371948 0.021964509040117264
529 0.021376300603151321 0.99939227104187012 0.027535097673535347
530 0.0045965127646923065 0.9999879002571106 -0.001778879901394248
531 -0.01712455041706562 0.99982726573944092 0.0072316727600991726
532 -0.02552189864218235 0.99925690889358521 0.028883997350931168
533 -0.0274784155189991 0.9996141791343689 0.0040571633726358414
534 -0.016464443877339363 0.99943041801452637 0.029458986595273018
535 -0.032078072428703308 0.99944669008255005 -0.0087936921045184135
536 -0.019347909837961197 0.99979233741760254 0.0063996613025665283
537 -0.031672555953264236 0.99947774410247803 0.0064096339046955109
538 0.030699649825692177 0.99951982498168945 -0.0042031630873680115
539 0.020085865631699562 0.99976146221160889 0.0085815899074077606
540 -0.00054080906556919217 0.99996531009674072 0.0083135096356272697
541 -0.038512565195560455 0.99925780296325684 0.00078809564001858234
542 0.03710164874792099 0.99927067756652832 0.0090307639911770821
543 -0.00012930859520565718 0.99999803304672241 -0.0019932433497160673
544 -0.011016908101737499 0.99937820434570312 0.033493831753730774
545 0.014187200926244259 0.9994049072265625 0.031442306935787201
546 0.016084745526313782 0.99958044290542603 0.024091053754091263
547 0.020864628255367279 0.99932706356048584 -0.030167771503329277
548 -0.0032463353127241135 0.99938458204269409 0.034928776323795319
549 -0.0055261068046092987 0.99943208694458008 0.033242743462324142
550 -0.021723469719290733 0.99970954656600952 0.010438847355544567
551 -0.0001992805628105998 0.99999558925628662 -0.0029682086315006018
552 -0.00038526885327883065 0.99998331069946289 0.0057672830298542976
553 -0.027753021568059921 0.99941736459732056 -0.019866272807121277
554 0.0019233823986724019 0.99937313795089722 0.035350020974874496
555 0.0083047142252326012 0.99934971332550049 0.035089459270238876
556 -0.031698822975158691 0.99949193000793457 -0.0033378731459379196
557 0.015880050137639046 0.99986034631729126 -0.0052131703123450279
558 -0.030597135424613953 0.99940168857574463 -0.016126394271850586
559 0.010182015597820282 0.99937689304351807 0.033797938376665115
560 0.016329521313309669 0.99939084053039551 0.03084435872733593
561 0.0052390061318874359 0.99944496154785156 -0.032898478209972382
562 -0.99990653991699219 -0.0038697344716638327 0.013114705681800842
563 -0.010840248316526413 0.99987924098968506 0.011137088760733604
564 0.017252802848815918 0.99968588352203369 0.018177932128310204
565 0.013138715177774429 0.99941891431808472 -0.031451884657144547
566 -0.016182076185941696 0.99938970804214478 -0.030957957729697227
567 -0.023731034249067307 0.99935239553451538 -0.027048565447330475
568 -0.030601672828197479 0.9994472861289978 -0.012990674935281277
569 -0.00063831580337136984 0.99995529651641846 0.0094366911798715591
570 -0.024120379239320755 0.99968081712722778 0.0075172139331698418
571 -0.00014509492029901594 0.99999791383743286 -0.0020554377697408199
572 -0.00058366137091070414 0.99996638298034668 0.0081774778664112091
573 -0.026798773556947708 0.99937617778778076 -0.023003613576292992
574 0.0011977955000475049 0.9999992847442627 -0.00011773248843383044
575 -0.032358359545469284 0.99947375059127808 0.0022752780932933092
576 0.0088970083743333817 0.99995988607406616 -0.0010289232013747096
577 0.0040192436426877975 0.99933189153671265 0.036327742040157318
578 -0.013314554467797279 0.99990350008010864 0.0039777988567948341
579 -0.021383171901106834 0.99935281276702881 -0.028927216306328773
580 -0.0012874404201284051 0.99935364723205566 0.035925384610891342
581 0.033865585923194885 0.99937212467193604 -0.010417393408715725
582 0.010297932662069798 0.99990111589431763 0.0095787914469838142
583 -0.01269802451133728 0.9993741512298584 -0.033016804605722427
584 -0.99990034103393555 -0.0038642364088445902 0.013577556237578392
585 -0.03341640904545784 0.99943077564239502 0.0046380911953747272
586 0.013161743059754372 0.99976152181625366 0.017425958067178726
587 0.023334162309765816 0.99970370531082153 -0.0069326958619058132
588 -0.024981096386909485 0.9996870756149292 0.0013184669660404325
589 -0.031495638191699982 0.99924725294113159 0.022648220881819725
590 0.00064553972333669662 0.99940758943557739 -0.034411128610372543
591 0.030529500916600227 0.99936634302139282 -0.018300930038094521
592 -0.0077441800385713577 0.99938559532165527 0.034182973206043243
593 -0.036015406250953674 0.99923872947692871 0.014996145851910114
594 0.009747023694217205 0.99941068887710571 -0.032914057374000549
595 0.018767641857266426 0.99979490041732788 -0.0076092616654932499
596 -0.021319326013326645 0.9992753267288208 0.031533662229776382
597 0.024003468453884125 0.99932688474655151 -0.027741812169551849
598 -0.026174977421760559 0.9993671178817749 0.024088988080620766
599 -0.013495270162820816 0.99938786029815674 0.032277897000312805
600 0.016626182943582535 0.99939942359924316 -0.030403297394514084
601 -0.012884538620710373 0.99991023540496826 0.0036727306433022022
602 0.01128655206412077 0.99981015920639038 0.015883417800068855
603 0.016038930043578148 0.99971961975097656 0.017420666292309761
604 -0.00040824650204740465 0.99997460842132568 0.0071184104308485985
605 -0.0092341955751180649 0.99995708465576172 0.0007830826798453927
606 0.01957242377102375 0.99910539388656616 0.037488043308258057
607 -0.0099682211875915527 0.99995017051696777 0.00057894515339285135
608 0.0062294495292007923 0.99994570016860962 0.0083567090332508087
609 -0.022845754399895668 0.99973487854003906 0.0028707885649055243
610 -0.012041404843330383 0.99992066621780396 0.0037086047232151031
611 0.0036732163280248642 0.99995791912078857 0.0084059368818998337
612 -0.0093639548867940903 0.99995595216751099 0.00066956516820937395
613 0.0087051298469305038 0.99995625019073486 -0.0034378969576209784
614 -0.0072545935399830341 0.99995803833007812 0.0056023015640676022
615 0.012617893517017365 0.99982237815856934 0.014003293588757515
616 0.007562421727925539 0.99996614456176758 -0.0032440614886581898
617 -0.0054677650332450867 0.99998372793197632 -0.0016373272519558668
618 0.0054257768206298351 0.99994736909866333 0.0087124928832054138
619 0.0049329241737723351 0.99998784065246582 0.00011819147039204836
620 -0.0079657826572656631 0.99989604949951172 0.012017724104225636
621 -0.01807752437889576 0.9998161792755127 0.0063930335454642773
622 0.0078638503327965736 0.010834052227437496 -0.99991041421890259
623 -0.0064696804620325565 -0.013302751816809177 -0.99989062547683716
624 0.0042868419550359249 -0.0066594094969332218 -0.99996864795684814
625 0.019799940288066864 0.0025793288368731737 -0.99980062246322632
626 -0.013474361039698124 -0.024165906012058258 -0.99961715936660767
627 0.00067654950544238091 -0.0042645242065191269 -0.99999070167541504
628 0.01469793077558279 -0.011107863858342171 -0.99983030557632446
629 -0.9998202919960022 0.018950546160340309 0.00049675413174554706
630 0.010329533368349075 0.026609053835272789 -0.99959254264831543
631 -0.02745603583753109 -0.0085059087723493576 -0.99958682060241699
632 0.005228961817920208 -0.012247472070157528 -0.99991130828857422
633 0.032240420579910278 0.010920664295554161 -0.99942046403884888
634 -0.0036972491070628166 -0.011419294402003288 -0.99992799758911133
635 -0.99995779991149902 0.0091775236651301384 0.00055885349866002798
636 -0.0080970469862222672 0.00050789187662303448 -0.99996709823608398
637 -0.0057339011691510677 -0.00085179618326947093 -0.99998325109481812
638 -0.010794187895953655 -0.019977299496531487 -0.99974220991134644
639 0.0065350877121090889 -0.0045977714471518993 -0.99996811151504517
640 -0.014504299499094486 -0.0032597477547824383 -0.99988949298858643
641 0.028125317767262459 0.019806301221251488 -0.99940818548202515
642 -0.010488852858543396 -0.0074280113913118839 -0.99991738796234131
643 -0.010872164741158485 0.0015903887106105685 -0.9999396800994873
644 -0.010353483259677887 -0.011714418418705463 -0.99987781047821045
645 0.0023247157223522663 -0.0021019026171416044 -0.99999511241912842
646 0.00053415168076753616 0.011319844983518124 -0.9999358057975769
647 -0.0073919487185776234 -0.0010649552568793297 -0.99997216463088989
648 -0.010067533701658249 -0.014525968581438065 -0.99984383583068848
649 -0.0092316810041666031 0.00074355269316583872 -0.99995714426040649
650 0.001105607021600008 0.0080261388793587685 -0.99996715784072876
651 0.017790265381336212 0.0090269548818469048 -0.99980098009109497
652 0.0096093732863664627 -0.0036868024617433548 -0.99994707107543945
653 -0.009289260022342205 0.0087169734761118889 -0.99991887807846069
654 0.0030503743328154087 -0.0086244679987430573 -0.99995815753936768
655 -5.4744145018048584e-05 0.00050408794777467847 -0.99999988079071045
656 -0.025739120319485664 0.0063742473721504211 -0.99964839220046997
657 0.0018161581829190254 -0.0075968662276864052 -0.99996954202651978
658 -0.0065074525773525238 -0.0011217097053304315 -0.99997824430465698
659 -0.024239271879196167 -0.011877148412168026 -0.99963563680648804
660 0.010081368498504162 0.022851549088954926 -0.99968802928924561
661 -0.0049849716015160084 0.0062520289793610573 -0.99996805191040039
662 -0.0098335035145282745 0.010613829828798771 -0.99989533424377441
663 0.0066089439205825329 0.009506850503385067 -0.99993300437927246
664 -0.016948051750659943 0.009239688515663147 -0.99981367588043213
665 -0.0062134619802236557 -0.016846029087901115 -0.99983882904052734
666 -0.0013099199859425426 0.00034767671604640782 -0.99999910593032837
667 -0.0066200001165270805 0.010805954225361347 -0.99991977214813232
668 -0.014690002426505089 -0.008412584662437439 -0.99985677003860474
669 -0.0054136468097567558 0.0071725505404174328 -0.99995964765548706
670 -0.001220603589899838 -0.0013171443715691566 -0.99999839067459106
671 -0.00087277049897238612 -0.0015209880657494068 -0.99999850988388062
672 0.0081669958308339119 0.015543090179562569 -0.99984586238861084
673 0.0031006275676190853 0.0097735878080129623 -0.99994742870330811
674 -0.0060187485069036484 0.022070059552788734 -0.99973833560943604
675 0.00092619028873741627 -0.0015995621215552092 -0.99999833106994629
676 -0.0055149151012301445 0.0059124501422047615 -0.99996733665466309
677 -0.025235090404748917 -0.015211854130029678 -0.99956583976745605
678 0.033971995115280151 0.017016749829053879 -0.99927788972854614
679 -0.016196895390748978 0.0055932207033038139 -0.99985319375991821
680 0.0074165230616927147 0.0010944710811600089 -0.99997192621231079
681 0.013067983090877533 0.0089113423600792885 -0.99987494945526123
682 -0.0070138368755578995 -0.0074353977106511593 -0.99994778633117676
683 -0.0063397069461643696 0.010749967768788338 -0.99992215633392334
684 -0.0042961598373949528 0.0076091042719781399 -0.99996185302734375
685 0.0038107698783278465 -0.0095653561875224113 -0.99994701147079468
686 0.00088383792899549007 0.0021882492583245039 -0.99999725818634033
687 0.0075156744569540024 0.0024482235312461853 -0.9999687671661377
688 0.011679043062031269 -0.02786511555314064 -0.99954348802566528
689 -0.0014069778844714165 -0.0064842766150832176 -0.99997800588607788
690 -0.0052025644108653069 0.008513694629073143 -0.99995028972625732
691 -0.0034043942578136921 0.0036908539477735758 -0.99998742341995239
692 -0.010597723536193371 0.017181437462568283 -0.99979621171951294
693 -0.0047835353761911392 -0.0090196235105395317 -0.99994790554046631
694 -0.0065003028139472008 0.0073678535409271717 -0.99995172023773193
695 -0.0060418029315769672 -0.0094120819121599197 -0.99993747472763062
696 0.0045408695004880428 0.00292382319457829 -0.9999854564666748
697 0.0008799321367405355 0.00091119075659662485 -0.99999922513961792
698 0.01041936781257391 0.0031335367821156979 -0.99994087219238281
699 -0.0042010806500911713 0.0093018356710672379 -0.99994796514511108
700 0.0013364269398152828 0.0089539792388677597 -0.99995905160903931
701 -0.033347263932228088 -0.015318796038627625 -0.99932640790939331
702 0.0050723440945148468 -0.0028523714281618595 -0.99998307228088379
703 -0.00044818266178481281 0.002484204014763236 -0.9999968409538269
704 -0.99991440773010254 0.013053856790065765 0.00089536258019506931
705 -0.015695745125412941 -0.006687928456813097 -0.99985450506210327
706 0.0043627889826893806 0.015565421432256699 -0.99986940622329712
707 0.0077335718087852001 -0.0049790055491030216 -0.99995774030685425
708 0.00021427765022963285 -0.0015613604336977005 -0.99999874830245972
709 -0.021836500614881516 -0.023161787539720535 -0.9994933009147644
710 -0.0073590334504842758 -0.014098135754466057 -0.9998735785484314
711 -0.0059652472846210003 -0.023699790239334106 -0.99970138072967529
712 0.0018207683460786939 -0.0082778660580515862 -0.99996405839920044
713 -0.013438035733997822 -0.023517291992902756 -0.99963313341140747
714 0.0078258980065584183 -0.003617115318775177 -0.99996286630630493
715 0.003559943288564682 -0.0099982935935258865 -0.99994373321533203
716 -0.011403409764170647 -0.0062071206048130989 -0.99991577863693237
717 -0.013044147752225399 -0.011842059902846813 -0.99984478950500488
718 0.0049097123555839062 0.011118445545434952 -0.99992620944976807
719 -0.00097885425202548504 0.0031259011011570692 -0.99999463558197021
720 2.6866213374887593e-05 -0.020221920683979988 -0.99979549646377563
721 -0.0063017131760716438 0.0098652439191937447 -0.99993151426315308
722 -0.01323259063065052 0.0019907334353774786 -0.99991047382354736
723 0.0074551044963300228 -0.011155033484101295 -0.99990999698638916
724 0.0039396481588482857 0.012385493144392967 -0.99991554021835327
725 0.0028825155459344387 0.011723194271326065 -0.99992716312408447
726 -0.0019481055205687881 -0.00029712697141803801 -0.99999809265136719
727 -0.0091768037527799606 -0.0016582171665504575 -0.99995654821395874
728 -0.010896509513258934 -0.0056356345303356647 -0.99992477893829346
729 0.0024571663234382868 0.0066480748355388641 -0.99997490644454956
730 0.031975850462913513 -0.011677870526909828 -0.9994204044342041
731 0.0047284141182899475 0.0098571963608264923 -0.99994027614593506
732 0.0011517414823174477 0.022159190848469734 -0.99975383281707764
733 0.0097294086590409279 0.0032066968269646168 -0.99994754791259766
734 0.019823264330625534 0.01385238952934742 -0.99970757961273193
735 -0.014831060543656349 0.0085356440395116806 -0.99985361099243164
736 -0.0033762482926249504 -0.018265709280967712 -0.99982750415802002
737 -0.0037977625615894794 0.011783933266997337 -0.99992340803146362
738 -0.0018228525295853615 0.00079561391612514853 -0.99999803304672241
739 -0.021227404475212097 -0.027561290189623833 -0.99939471483230591
740 -0.0051529821939766407 -0.011033963412046432 -0.99992591142654419
741 -0.0070199905894696712 -0.00089533493155613542 -0.99997496604919434
742 0.0041913990862667561 0.014727815054357052 -0.99988275766372681
743 0.012292348779737949 -0.0047354544512927532 -0.99991327524185181
744 -0.021728804334998131 0.0077862651087343693 -0.99973362684249878
745 0.0045541003346443176 0.013034727424383163 -0.99990469217300415
746 0.0015738613437861204 -0.0095401694998145103 -0.99995326995849609
747 0.005191408097743988 0.0080139962956309319 -0.99995440244674683
748 -0.0034657064825296402 -0.0039165643975138664 -0.99998635053634644
749 -0.0050209858454763889 -0.0052024959586560726 -0.99997389316558838
750 0.0034292400814592838 0.0013547017006203532 -0.99999320507049561
751 0.0036027149762958288 0.0074944645166397095 -0.99996542930603027
752 -0.00026878196513280272 0.00082646554801613092 -0.99999964237213135
753 -0.00067036750260740519 0.013759265653789043 -0.99990516901016235
754 -0.0046088071539998055 0.0059555023908615112 -0.99997168779373169
755 -0.99979496002197266 0.020228894427418709 0.00095260451780632138
756 0.0022823596373200417 -0.0031083808280527592 -0.99999260902404785
757 0.01086650975048542 -0.012043994851410389 -0.99986845254898071
758 0.0072638648562133312 0.012190757319331169 -0.99989932775497437
759 0.024664480239152908 -0.0086890179663896561 -0.99965804815292358
760 0.0030284614767879248 -0.0024686832912266254 -0.99999243021011353
761 -0.0031914710998535156 -0.00057444657431915402 -0.99999475479125977
762 0.0061174966394901276 -0.015071796253323555 -0.99986773729324341
763 0.0017780044581741095 -0.0018806097796186805 -0.99999666213989258
764 0.017540913075208664 -0.029471268877387047 -0.99941170215606689
765 0.0246603824198246 0.031309332698583603 -0.99920547008514404
766 0.0069565293379127979 0.0024400129914283752 -0.99997282028198242
767 -0.00042421679245308042 -0.00606202008202672 -0.99998152256011963
768 0.001215778524056077 0.0067073958925902843 -0.9999767541885376
769 -0.017380738630890846 0.022884231060743332 -0.99958705902099609
770 -0.0039440980181097984 -0.0086687095463275909 -0.99995464086532593
771 -0.00037101222551427782 0.0058923042379319668 -0.99998259544372559
772 0.0057606399059295654 0.015994515269994736 -0.99985551834106445
773 -0.0032272366806864738 -0.001593487337231636 -0.99999356269836426
774 -0.99999529123306274 -0.0029665373731404543 0.00077818322461098433
775 0.0058634327724575996 0.0022862390615046024 -0.99998021125793457
776 -0.0051409448496997356 0.0022397018037736416 -0.99998432397842407
777 -0.0084303505718708038 0.0072235278785228729 -0.99993842840194702
778 -0.0086481785401701927 -0.0030056629329919815 -0.9999580979347229
779 -0.011007335968315601 -0.0024141739122569561 -0.99993652105331421
780 -0.0039975098334252834 -0.0088580688461661339 -0.99995279312133789
781 -0.018909862264990807 -0.0014727497473359108 -0.99982011318206787
782 -0.00014849632862024009 -0.0014413425233215094 -0.99999898672103882
783 -0.0040275566279888153 0.0045382264070212841 -0.9999815821647644
784 0.00068787555210292339 -0.0036020197439938784 -0.99999326467514038
785 0.0065656080842018127 -0.012617364525794983 -0.99989885091781616
786 -0.010250628925859928 0.00093019066844135523 -0.99994707107543945
787 0.0083132386207580566 -0.011131320148706436 -0.99990350008010864
788 -0.0032703396864235401 0.013222712092101574 -0.99990725517272949
789 -0.99999970197677612 5.3844480135012418e-05 0.00082345900591462851
790 -0.010040370747447014 0.0061053936369717121 -0.9999309778213501
791 0.022490227594971657 0.033481523394584656 -0.99918627738952637
792 0.011799907311797142 0.011263888329267502 -0.99986696243286133
793 -0.011150679551064968 -0.0023847927805036306 -0.99993503093719482
794 -0.0036577596329152584 0.0074498052708804607 -0.9999656081199646
795 -0.024143191054463387 -0.011842247098684311 -0.99963837862014771
796 -0.0069177593104541302 0.0084068505093455315 -0.99994075298309326
797 0.0026679583825170994 -0.0063562416471540928 -0.99997627735137939
798 -0.0040951990522444248 3.6499259294942021e-05 -0.99999165534973145
799 -0.010441643185913563 -0.012983255088329315 -0.99986124038696289
800 -0.016611037775874138 -0.021558944135904312 -0.99962961673736572
801 -0.0028484431095421314 -0.0012025602627545595 -0.99999523162841797
802 -3.5118726373184472e-05 0.00041596239316277206 -0.99999994039535522
803 0.0091767814010381699 0.006537086796015501 -0.99993658065795898
804 0.0010426685912534595 -0.013328666798770428 -0.99991065263748169
805 -0.020117305219173431 0.03787631168961525 -0.99907994270324707
806 0.010670979507267475 0.010809178464114666 -0.99988466501235962
807 -0.016812779009342194 0.025818148627877235 -0.99952530860900879
808 -0.014626111835241318 0.02145097404718399 -0.99966293573379517
809 -0.0029523447155952454 -0.0054369871504604816 -0.9999808669090271
810 0.0055163679644465446 -0.0075339293107390404 -0.99995642900466919
811 0.0055940914899110794 -0.011355334892868996 -0.99991989135742188
812 -0.023864042013883591 -0.014560706913471222 -0.99960917234420776
813 -0.043273858726024628 -0.012111442163586617 -0.99898988008499146
814 0.0091992858797311783 0.0031207078136503696 -0.99995285272598267
815 -0.004454796202480793 0.023122994229197502 -0.99972271919250488
816 -0.0075113736093044281 0.0085090054199099541 -0.99993562698364258
817 0.031563617289066315 0.011478574946522713 -0.99943584203720093
818 0.0025670942850410938 -0.0089689427986741066 -0.99995648860931396
819 0.0091691417619585991 0.011475816369056702 -0.99989217519760132
820 0.00029777723830193281 0.0031913842540234327 -0.99999487400054932
821 0.0094319600611925125 0.012965679168701172 -0.99987149238586426
822 -0.0059637329541146755 0.016864320263266563 -0.99984002113342285
823 -0.0083134816959500313 -0.0028045075014233589 -0.99996155500411987
824 -0.0051521104760468006 -0.01680467464029789 -0.99984556436538696
825 0.0025405110791325569 -0.0088557703420519829 -0.9999576210975647
826 -0.0022834364790469408 0.002132980152964592 -0.99999517202377319
827 -0.0057416972704231739 -0.0069864639081060886 -0.99995911121368408
828 0.017592711374163628 0.028846874833106995 -0.99942904710769653
829 -0.0024968567304313183 -0.0091967182233929634 -0.99995458126068115
830 0.002592605073004961 0.0065397024154663086 -0.99997526407241821
831 -0.012188813649117947 -0.013040008023381233 -0.99984067678451538
832 -0.0028911253903061152 -0.0011632805690169334 -0.99999517202377319
833 -0.010831375606358051 -0.015855049714446068 -0.99981564283370972
834 0.0010101740481331944 0.0085431067273020744 -0.99996304512023926
835 0.0086059123277664185 -0.013783243484795094 -0.99986803531646729
836 0.0026057609356939793 -0.0057105501182377338 -0.99998033046722412
837 0.0028026176150888205 -0.016918005421757698 -0.99985295534133911
838 0.0072904881089925766 -0.014176490716636181 -0.99987298250198364
839 -0.0054894895292818546 -0.0024991303216665983 -0.99998182058334351
840 0.024464508518576622 -0.019795721396803856 -0.99950474500656128
841 0.027128554880619049 -0.016151539981365204 -0.99950146675109863
842 0.0055735604837536812 -0.010026160627603531 -0.99993425607681274
843 0.0034360496792942286 0.022567292675375938 -0.99973946809768677
844 -1.655274536460638e-05 0.0018282342934980989 -0.99999833106994629
845 0.0064209946431219578 0.0010756393894553185 -0.99997884035110474
846 -0.012376550585031509 0.011970817111432552 -0.9998517632484436
847 0.0001254481467185542 0.00089520448818802834 -0.99999964237213135
848 -0.00095804542070254683 0.00029330246616154909 -0.9999995231628418
849 0.010008769109845161 0.011702065356075764 -0.99988144636154175
850 0.0073248632252216339 0.011143936775624752 -0.99991106986999512
851 0.0022299629636108875 -0.0049225674010813236 -0.99998539686203003
852 -0.0012464518658816814 -0.001017241389490664 -0.99999874830245972
853 -0.0038744595367461443 -0.0029197887051850557 -0.99998825788497925
854 -0.011039747856557369 -0.00032352411653846502 -0.99993902444839478
855 -0.0053080054931342602 -0.0097669195383787155 -0.9999382495880127
856 -0.0022915652953088284 0.010851888917386532 -0.99993854761123657
857 -0.0072416597977280617 0.0078333895653486252 -0.99994313716888428
858 -0.0064185797236859798 -0.017775613814592361 -0.99982142448425293
859 -0.0090972036123275757 -0.011877157725393772 -0.99988812208175659
860 0.0050878911279141903 -0.011249958537518978 -0.99992382526397705
861 -0.0043567446991801262 0.0079785780981183052 -0.99995869398117065
862 -0.002168028149753809 0.021822934970259666 -0.9997594952583313
863 -0.0055532311089336872 -0.017699597403407097 -0.99982798099517822
864 -0.0083025693893432617 -0.0037693711929023266 -0.99995845556259155
865 -0.0091440174728631973 -0.0003337025991640985 -0.99995815753936768
866 0.0092001529410481453 -0.011250762268900871 -0.99989438056945801
867 -0.006758163683116436 -0.0065517043694853783 -0.99995571374893188
868 -0.00053445156663656235 0.00075465691043063998 -0.99999958276748657
869 -0.012399577535688877 -0.0068926108069717884 -0.99989938735961914
870 -0.012811915017664433 0.011097433976829052 -0.99985635280609131
871 -0.012184812687337399 0.010491673834621906 -0.99987071752548218
872 0.0066996421664953232 0.010404648259282112 -0.9999234676361084
873 -0.0032176375389099121 0.0011971835047006607 -0.99999409914016724
874 -0.0080521181225776672 0.0074266861192882061 -0.99994003772735596
875 -0.016026495024561882 0.0137087507173419 -0.99977761507034302
876 0.0049104667268693447 0.014039510861039162 -0.99988937377929688
877 0.0064042694866657257 0.0106541458517313 -0.99992281198501587
878 0.005223570391535759 -0.0099266031756997108 -0.99993711709976196
879 -0.0078583965077996254 -0.017070073634386063 -0.99982339143753052
880 -0.021754782646894455 0.013966904021799564 -0.99966579675674438
881 -0.0086961649358272552 -0.0068964487873017788 -0.99993842840194702
882 0.0062375888228416443 0.0047226217575371265 -0.99996942281723022
883 0.00047582772094756365 0.016700349748134613 -0.99986046552658081
884 -0.0099998749792575836 0.0088419811800122261 -0.99991089105606079
885 0.00038519955705851316 0.0036189884413033724 -0.99999338388442993
886 -0.0091495178639888763 0.017703806981444359 -0.99980145692825317
887 -0.010740144178271294 0.01249401643872261 -0.99986428022384644
888 -0.00064356619259342551 0.00036545435432344675 -0.9999997615814209
889 0.0078344270586967468 0.015872623771429062 -0.99984335899353027
890 0.011923979967832565 -0.0097315916791558266 -0.99988162517547607
891 -0.019007561728358269 0.0036016004160046577 -0.99981284141540527
892 -0.010670032352209091 -0.0095738209784030914 -0.99989724159240723
893 3.5151373594999313e-05 0.011202717199921608 -0.99993723630905151
894 -0.002529539167881012 -0.012930689379572868 -0.99991321563720703
895 0.0016230681212618947 -0.028454624116420746 -0.99959379434585571
896 0.0074551771394908428 -0.0033379166852682829 -0.99996668100357056
897 -0.0080393385142087936 -0.013196516782045364 -0.99988061189651489
898 0.0033042244613170624 -0.011035924777388573 -0.99993366003036499
899 -0.0028809974901378155 -0.0083282077684998512 -0.99996119737625122
900 0.0033295892644673586 -0.010227185674011707 -0.99994218349456787
901 -0.020626470446586609 0.021042739972472191 -0.99956578016281128
902 -0.015938837081193924 -0.01600031740963459 -0.99974501132965088
903 0.020195551216602325 0.023924596607685089 -0.99950981140136719
904 -0.0024460311979055405 -0.00030526716727763414 -0.99999696016311646
905 0.0080980509519577026 -0.003293145913630724 -0.99996179342269897
906 0.0035097612999379635 0.0116146644577384 -0.99992644786834717
907 0.0010394755518063903 -0.0015094840200617909 -0.99999833106994629
908 0.0018020309507846832 0.0051080570556223392 -0.99998533725738525
909 -0.002344765467569232 0.0027655968442559242 -0.99999344348907471
910 0.00088440661784261465 0.00045293907169252634 -0.9999995231628418
911 0.0060320342890918255 0.0033493132796138525 -0.99997621774673462
912 -0.013285393826663494 0.0096803279593586922 -0.99986493587493896
913 -0.00032384326914325356 -0.0016191417817026377 -0.99999862909317017
914 -0.012043759226799011 -0.010057887993752956 -0.99987691640853882
915 -0.0014188236091285944 -0.0017497324151918292 -0.99999749660491943
916 -0.0073484554886817932 0.015855401754379272 -0.99984735250473022
917 -0.012112317606806755 -0.0090796248987317085 -0.9998854398727417
918 0.0026749975513666868 0.0024088840000331402 -0.99999356269836426
919 -0.02249673567712307 0.0095053017139434814 -0.99970173835754395
920 -0.0094261905178427696 0.011634446680545807 -0.99988788366317749
921 0.0070079397410154343 -0.012512368150055408 -0.99989718198776245
922 -0.0063825203105807304 -0.023329252377152443 -0.99970752000808716
923 -0.0055466098710894585 0.0073260823264718056 -0.99995779991149902
924 0.0061943442560732365 0.015191424638032913 -0.99986541271209717
925 0.0081933215260505676 0.013311188668012619 -0.99987787008285522
926 -0.0065940087661147118 -0.01387662161141634 -0.99988198280334473
927 -0.00043721048859879375 -0.0072963116690516472 -0.99997329711914062
928 0.0041800336912274361 -0.010045425035059452 -0.99994081258773804
929 0.0021873300429433584 -0.018292713910341263 -0.99983030557632446
930 -0.00022512739815283567 -0.0016262355493381619 -0.99999868869781494
931 0.00071241473779082298 -0.0015508343931287527 -0.99999856948852539
932 -0.0001733043318381533 0.00091861962573602796 -0.99999958276748657
933 -0.007156826090067625 -0.0063699344173073769 -0.99995410442352295
934 -0.004819315392524004 0.017165776342153549 -0.99984103441238403
935 0.0033581284806132317 -0.0085992021486163139 -0.9999573826789856
936 -0.00046620357898063958 -0.0014889488229528069 -0.99999880790710449
937 0.010467231273651123 -0.019808823242783546 -0.99974906444549561
938 0.0020597560796886683 0.0010716125834733248 -0.99999731779098511
939 0.016154726967215538 -0.0029507365543395281 -0.99986517429351807
940 0.013365340419113636 0.0065194549970328808 -0.99988949298858643
941 0.008594379760324955 -0.02360391803085804 -0.99968445301055908
942 -0.007590441033244133 0.015314401127398014 -0.99985390901565552
943 -0.011177029460668564 -0.0041349241510033607 -0.99992901086807251
944 0.0022063245996832848 -0.0082213170826435089 -0.99996376037597656
945 -0.018911516293883324 0.019610220566391945 -0.99962884187698364
946 0.00046986958477646112 -0.0043805115856230259 -0.99999028444290161
947 -0.0024528675712645054 9.3624985311180353e-05 -0.99999701976776123
948 -0.017287636175751686 -0.012544001452624798 -0.99977189302444458
949 0.0070837796665728092 0.014214117079973221 -0.99987387657165527
950 -0.00012301269453018904 -0.0014481128891929984 -0.99999898672103882
951 -3.0872201023157686e-05 0.00034837017301470041 -0.99999994039535522
952 -0.0069192154332995415 0.008598005399107933 -0.99993914365768433
953 0.0012480063596740365 -0.0041357981972396374 -0.99999070167541504
954 0.0035580859985202551 0.01685803011059761 -0.99985158443450928
955 -0.0021459904965013266 -0.0002316652680747211 -0.99999767541885376
956 -0.0031179776415228844 0.01531675923615694 -0.99987787008285522
957 -0.0028908555395901203 -0.00086022954201325774 -0.99999547004699707
958 -0.0061105452477931976 -0.0064065642654895782 -0.99996083974838257
959 0.0085284598171710968 0.008007952943444252 -0.99993157386779785
960 0.016844099387526512 -0.0031244256533682346 -0.99985331296920776
961 -0.00078408228000625968 -0.020556937903165817 -0.99978840351104736
962 0.018134258687496185 -0.013904410414397717 -0.99973887205123901
963 -0.0050008338876068592 -0.0017857493367046118 -0.99998593330383301
964 0.010904875583946705 -0.029235981404781342 -0.99951308965682983
965 0.00070062984013929963 0.017351575195789337 -0.99984925985336304
966 0.0054345112293958664 -0.020214417949318886 -0.99978089332580566
967 -0.010022742673754692 -0.0091011328622698784 -0.99990838766098022
968 -0.00012413560762070119 -0.001428009127266705 -0.99999898672103882
969 -3.3187559893121943e-05 0.00039047576137818396 -0.99999994039535522
970 0.0034626792185008526 0.013656856492161751 -0.99990075826644897
971 -0.010544220916926861 0.027122292667627335 -0.99957650899887085
972 0.010114357806742191 -0.015833156183362007 -0.99982351064682007
973 -0.0005312720313668251 0.00035790953552350402 -0.99999982118606567
974 -0.0043825879693031311 0.0251268669962883 -0.99967467784881592
975 -4.8891684855334461e-05 0.00055815163068473339 -0.99999988079071045
976 -0.00014646307681687176 -0.0014377360930666327 -0.99999898672103882
977 -0.00062066630925983191 0.0005541770369745791 -0.99999970197677612
978 0.0081747304648160934 0.010200711898505688 -0.99991458654403687
979 -0.00013377594586927444 -0.0015940573066473007 -0.99999874830245972
980 -6.1203078075777739e-05 0.00070405716542154551 -0.9999997615814209
981 -0.00013855146244168282 -0.0013254553778097034 -0.99999916553497314
982 -4.1163460991811007e-05 0.00043954301509074867 -0.99999994039535522
983 0.0089603103697299957 0.0085999323055148125 -0.99992293119430542
984 0.00034135766327381134 -0.0049875518307089806 -0.99998754262924194
985 -0.013815873302519321 -0.016538631170988083 -0.99976778030395508
986 -0.0010737015400081873 -0.001741922227665782 -0.99999791383743286
987 0.012107323855161667 0.014169821515679359 -0.99982631206512451
988 0.0024988916702568531 0.014914228580892086 -0.9998856782913208
989 0.0018069453071802855 0.0059191994369029999 -0.9999808669090271
990 0.0047379583120346069 0.01152628380805254 -0.99992233514785767
991 -8.6224368715193123e-05 -0.0015726258279755712 -0.99999880790710449
992 0.011399895884096622 -0.013771301135420799 -0.99984019994735718
993 -0.018748762086033821 0.013183256611227989 -0.99973732233047485
994 0.0017754334257915616 -0.010606986470520496 -0.99994218349456787
995 -0.0017866452690213919 -0.00015752349281683564 -0.99999839067459106
996 0.011288843117654324 -0.012009050697088242 -0.99986422061920166
997 -0.020349670201539993 0.019319290295243263 -0.99960625171661377
998 -0.023181665688753128 -0.019242579117417336 -0.9995461106300354
999 -0.018352421000599861 0.02161329984664917 -0.99959796667098999
1000 -0.99999988079071045 -1.3227001545601524e-05 0.00050820515025407076
1001 -0.99999958276748657 2.788151141430717e-05 0.0009517362923361361
1002 0.011207649484276772 -0.029894247651100159 -0.99949026107788086
1003 -0.00012324316776357591 -0.0013660909608006477 -0.99999910593032837
1004 0.00642749248072505 0.026260588318109512 -0.9996345043182373
1005 0.0073214573785662651 -0.017374716699123383 -0.99982225894927979
1006 0.017031211405992508 -0.026828419417142868 -0.99949496984481812
1007 0.01618705689907074 0.025639859959483147 -0.99954020977020264
1008 -0.015624659135937691 0.019502174109220505 -0.99968773126602173
1009 -0.020988138392567635 -0.027669640257954597 -0.99939680099487305
1010 -0.00016622594557702541 -0.017660237848758698 -0.99984407424926758
1011 0.0070533524267375469 -0.027142001315951347 -0.9996066689491272
1012 0.0025886595249176025 0.016985069960355759 -0.99985241889953613
1013 -0.00037171176518313587 -0.0029547105077654123 -0.99999558925628662
1014 -0.0052407593466341496 0.0069343973882496357 -0.99996227025985718
1015 0.0066991257481276989 0.011965510435402393 -0.99990600347518921
1016 -0.0030555627308785915 -0.018606878817081451 -0.99982219934463501
1017 -0.00090595165966078639 -0.00090852950233966112 -0.99999922513961792
1018 0.0069044753909111023 0.0077190203592181206 -0.99994641542434692
1019 -0.005332364235073328 0.0045498940162360668 -0.99997544288635254
1020 -0.012742518447339535 0.024796612560749054 -0.99961131811141968
1021 -0.00031155411852523685 -0.022406533360481262 -0.99974888563156128
1022 0.001666611060500145 0.0015457619447261095 -0.99999743700027466
1023 0.0016625637654215097 -0.022353416308760643 -0.99974876642227173
1024 0.016289455816149712 -0.018625196069478989 -0.99969381093978882
1025 0.0027052208315581083 0.0024420220870524645 -0.99999338388442993
1026 0.012568600475788116 -0.011731752194464207 -0.99985224008560181
1027 -0.005876083392649889 -0.00075145659502595663 -0.99998247623443604
1028 0.0034695866052061319 0.00079039472620934248 -0.99999368190765381
1029 -0.0045245722867548466 -0.0066658016294240952 -0.99996757507324219
1030 0.0040760133415460587 0.012395869940519333 -0.99991488456726074
1031 -0.0077957464382052422 -0.013390908949077129 -0.99987995624542236
1032 0.0052695530466735363 -0.031004646793007851 -0.99950534105300903
1033 -0.0035763403866440058 -0.0077192769385874271 -0.99996381998062134
1034 0.0004353733966127038 0.02110881544649601 -0.99977707862854004
1035 -0.018392940983176231 0.00051263510249555111 -0.99983072280883789
1036 0.0068892324343323708 -0.011341135948896408 -0.99991196393966675
1037 -0.0077369511127471924 0.0090163825079798698 -0.99992942810058594
1038 0.0099701909348368645 0.0052189216949045658 -0.99993669986724854
1039 -3.0839899409329519e-05 0.00036738516064360738 -0.99999994039535522
1040 -0.010911239311099052 -0.010819184593856335 -0.99988198280334473
1041 0.0087635330855846405 0.010265475139021873 -0.9999089241027832
1042 -0.00086934864521026611 -0.0020591169595718384 -0.99999749660491943
1043 0.0011148176854476333 0.0010053288424387574 -0.99999892711639404
1044 -0.0001214006042573601 -0.0014519456308335066 -0.99999898672103882
1045 0.0045509492047131062 0.014422431588172913 -0.9998856782913208
1046 0.0070976945571601391 -0.012512082234025002 -0.99989652633666992
1047 0.0087410053238272667 0.0078942039981484413 -0.99993067979812622
1048 3.6854064092040062e-05 -0.0053148414008319378 -0.99998593330383301
1049 -0.0086235087364912033 -0.013000703416764736 -0.99987834692001343
1050 0.011648855172097683 0.017802134156227112 -0.99977368116378784
1051 -0.00015900297148618847 0.0024591644760221243 -0.99999701976776123
1052 0.0015369941247627139 -0.023791138082742691 -0.99971580505371094
1053 -0.027024565264582634 0.01819140836596489 -0.99946922063827515
1054 -0.02632942795753479 -0.018527371808886528 -0.99948161840438843
1055 0.023889198899269104 0.019241685047745705 -0.99952942132949829
1056 -0.0034908042289316654 -0.0013981881784275174 -0.9999929666519165
1057 -0.00012464345491025597 -0.0014312836574390531 -0.99999898672103882
1058 0.0030302028171718121 0.0048090941272675991 -0.99998390674591064
1059 -0.0045815929770469666 -0.021930547431111336 -0.99974900484085083
1060 0.0048849564045667648 0.016304237768054008 -0.9998551607131958
1061 0.00013806206698063761 0.0068943384103477001 -0.99997627735137939
1062 -0.020445594564080238 -0.0083403168246150017 -0.99975621700286865
1063 -3.7387919292086735e-05 0.00045120483264327049 -0.99999994039535522
1064 -0.00083855341654270887 -0.0020152779761701822 -0.99999761581420898
1065 -0.0019876956939697266 0.003760721068829298 -0.99999099969863892
1066 -0.025009693577885628 -0.016346432268619537 -0.9995536208152771
1067 0.0038738884031772614 -0.013710797764360905 -0.99989849328994751
1068 -0.00032907235436141491 0.00834629125893116 -0.9999651312828064
1069 0.004531180951744318 -0.021655138581991196 -0.99975526332855225
1070 0.00077718449756503105 0.0068346858024597168 -0.99997633695602417
1071 -0.0091807851567864418 -0.022094395011663437 -0.99971377849578857
1072 -0.01228981651365757 -0.00034840230364352465 -0.99992448091506958
1073 0.00053335470147430897 -0.010760039091110229 -0.99994200468063354
1074 0.0046832170337438583 -0.030638838186860085 -0.99951958656311035
1075 -0.0013102738885208964 -0.001018308219499886 -0.99999862909317017
1076 -0.0010745285544544458 0.00044582271948456764 -0.99999934434890747
1077 0.014305909164249897 -0.013804193586111069 -0.9998023509979248
1078 0.014004806987941265 0.011374465189874172 -0.99983721971511841
1079 0.00047361175529658794 0.019317843019962311 -0.9998132586479187
1080 0.013033348135650158 0.012372059747576714 -0.99983853101730347
1081 0.019522441551089287 -0.019618712365627289 -0.99961698055267334
1082 0.018296785652637482 0.01831410638988018 -0.99966484308242798
1083 -0.025377340614795685 -0.021128037944436073 -0.99945467710494995
1084 -0.0012916710693389177 0.00017879702500067651 -0.99999916553497314
1085 -0.0016948683187365532 -8.26297327876091e-05 -0.99999856948852539
1086 -0.01549641415476799 -0.021582437679171562 -0.99964702129364014
1087 -0.0008226654608733952 0.0034967327956110239 -0.99999356269836426
1088 8.7556552898604423e-05 0.0057411841116845608 -0.99998354911804199
1089 -0.0084892883896827698 0.011870123445987701 -0.99989354610443115
1090 0.01649174839258194 -0.0060453196056187153 -0.99984574317932129
1091 0.010993397794663906 0.019744981080293655 -0.99974465370178223
1092 0.013322487473487854 -0.013666591607034206 -0.99981784820556641
1093 -0.0035838494077324867 -0.0065996409393846989 -0.99997180700302124
1094 0.011960565112531185 0.026953261345624924 -0.99956518411636353
1095 0.011671704240143299 -0.015193669125437737 -0.99981647729873657
1096 -0.00052155600860714912 -0.0079396292567253113 -0.99996834993362427
1097 -0.0026485619600862265 0.0037957525346428156 -0.99998927116394043
1098 -0.0024262324441224337 0.0091038448736071587 -0.99995565414428711
1099 0.0082578565925359726 0.023300178349018097 -0.99969440698623657
1100 0.013329465873539448 0.0041837659664452076 -0.99990242719650269
1101 0.0016492942813783884 -0.0080090323463082314 -0.99996656179428101
1102 -0.0026957057416439056 -0.0054522897116839886 -0.99998152256011963
1103 -0.00015315439668484032 -0.0017405262915417552 -0.99999850988388062
1104 0.011836588382720947 0.0127968555316329 -0.99984806776046753
1105 -0.0047895479947328568 0.0018851084169000387 -0.99998676776885986
1106 -6.4310253947041929e-05 0.00078031106386333704 -0.99999970197677612
1107 -0.00014039871166460216 -0.0016694208607077599 -0.99999862909317017
1108 -0.00010048252443084493 -0.001155913108959794 -0.99999934434890747
1109 -4.0396509575657547e-05 0.00046470621600747108 -0.99999988079071045
1110 0.011450609192252159 -0.023034129291772842 -0.99966907501220703
1111 -0.00047975050983950496 -0.0053711151704192162 -0.99998551607131958
1112 -0.015418608672916889 -0.017628366127610207 -0.99972569942474365
1113 0.0040414738468825817 0.023735949769616127 -0.99971014261245728
1114 -0.0023856505285948515 -0.0087717771530151367 -0.99995869398117065
1115 0.0068411137908697128 0.0036774245090782642 -0.99996984004974365
1116 -0.012848783284425735 0.017812684178352356 -0.99975878000259399
1117 -0.00013683273573406041 -0.0016315123066306114 -0.99999868869781494
1118 -0.0042991484515368938 0.0096282362937927246 -0.99994444847106934
1119 -0.00061109557282179594 0.013052227906882763 -0.99991464614868164
1120 0.0053522735834121704 -0.011709596961736679 -0.99991714954376221
1121 0.0076869810000061989 0.0059927669353783131 -0.99995255470275879
1122 0.0076848180033266544 0.011043375357985497 -0.99990952014923096
1123 0.012546535581350327 0.0080155245959758759 -0.99988919496536255
1124 0.011938467621803284 -0.015805510804057121 -0.99980384111404419
1125 0.011693404987454414 -0.0023896356578916311 -0.99992877244949341
1126 -0.00260771787725389 -0.010516602545976639 -0.99994128942489624
1127 0.0028011170215904713 -0.0041726105846464634 -0.99998736381530762
1128 -0.012648175470530987 0.013771124184131622 -0.99982517957687378
1129 -0.0001838363241404295 -0.014879299327731133 -0.9998893141746521
1130 -0.0080424388870596886 -0.015812661498785019 -0.99984264373779297
1131 0.01420148927718401 0.0091183939948678017 -0.99985760450363159
1132 -0.027352312579751015 0.014051740989089012 -0.99952709674835205
1133 -0.028137950226664543 -0.013940315693616867 -0.99950689077377319
1134 0.026628311723470688 -0.016535118222236633 -0.99950867891311646
1135 0.027007123455405235 0.016356924548745155 -0.99950140714645386
1136 -0.0032044826075434685 -0.0041310293599963188 -0.99998635053634644
1137 -0.021812561899423599 0.017942221835255623 -0.99960106611251831
1138 0.011714617721736431 0.012273374944925308 -0.99985611438751221
1139 0.0053805280476808548 0.010893759317696095 -0.99992620944976807
1140 -0.0062316530384123325 -0.0019838165026158094 -0.99997866153717041
1141 0.0011078645475208759 -0.011199385859072208 -0.99993669986724854
1142 0.0016520633362233639 0.00092983851209282875 -0.99999821186065674
1143 0.002244472736492753 0.0011391739826649427 -0.99999690055847168
1144 0.0038442001678049564 -0.013593066483736038 -0.999900221824646
1145 0.011313588358461857 0.01401947159320116 -0.99983775615692139
1146 -0.0031379114370793104 0.0042444095015525818 -0.99998611211776733
1147 0.014084151014685631 -0.015182789415121078 -0.99978554248809814
1148 -0.0096111465245485306 -0.00076980784069746733 -0.99995356798171997
1149 -0.0011183845344930887 -0.0059659946709871292 -0.9999815821647644
1150 0.0082876626402139664 0.0014082987327128649 -0.99996471405029297
1151 -0.018408825621008873 -0.00090077065397053957 -0.99983018636703491
1152 3.284896956756711e-05 -0.0032729143276810646 -0.99999463558197021
1153 0.00020078818488400429 -0.0017905746353790164 -0.99999839067459106
1154 0.014024952426552773 -0.015044931322336197 -0.99978846311569214
1155 -0.0022465959191322327 0.01873338408768177 -0.99982196092605591
1156 -9.5672468887642026e-05 -0.0011183023452758789 -0.99999940395355225
1157 -4.936687764711678e-05 0.00057563727023079991 -0.99999982118606567
1158 -0.0079865995794534683 0.029705215245485306 -0.99952679872512817
1159 -0.0053188730962574482 -0.0055761644616723061 -0.99997031688690186
1160 -0.0025045471265912056 0.0049033369868993759 -0.99998486042022705
1161 -0.0027156011201441288 0.0068222139962017536 -0.99997305870056152
1162 -0.99999833106994629 0.0017498378874734044 0.00056268280604854226
1163 -0.002312192227691412 -0.0096009969711303711 -0.99995124340057373
1164 -0.00032836431637406349 -0.0029552553314715624 -0.99999558925628662
1165 0.0020115706138312817 -0.0013713263906538486 -0.99999707937240601
1166 -0.0087929302826523781 -0.013481082394719124 -0.99987047910690308
1167 -0.0069126775488257408 -0.016781497746706009 -0.9998353123664856
1168 -0.99999934434890747 0.00084220996359363198 0.00081473711179569364
1169 0.0098791550844907761 -0.012153448536992073 -0.99987739324569702
1170 0.0068391403183341026 -0.010349975898861885 -0.99992311000823975
1171 -0.0040744533762335777 0.021802671253681183 -0.99975401163101196
1172 0.0010356672573834658 -0.001196650555357337 -0.99999874830245972
1173 0.00090436369646340609 0.00075344182550907135 -0.9999992847442627
1174 0.01731153205037117 -0.012276110239326954 -0.99977481365203857
1175 -0.0058142794296145439 -0.0095230685546994209 -0.99993777275085449
1176 -0.99998742341995239 -0.0049855145625770092 0.00055718788644298911
1177 0.00046394509263336658 0.0093957018107175827 -0.99995577335357666
1178 -6.5523541707079858e-05 0.00081594911171123385 -0.99999970197677612
1179 0.0015281494706869125 -0.0050558121874928474 -0.99998605251312256
1180 -0.00058669806458055973 0.0072508738376200199 -0.99997353553771973
1181 0.0025253111962229013 0.0018454608507454395 -0.99999511241912842
1182 0.015686219558119774 -0.013942644000053406 -0.99977976083755493
1183 0.0079166339710354805 0.0094578452408313751 -0.9999239444732666
1184 -0.0018442743457853794 -0.011741170659661293 -0.99992936849594116
1185 0.0017622616142034531 -0.015101853758096695 -0.99988442659378052
1186 0.0046114115975797176 0.0088168010115623474 -0.99995052814483643
1187 -0.0071708476170897484 -0.0080297337844967842 -0.99994206428527832
1188 -0.0053389533422887325 0.009873569943010807 -0.99993699789047241
1189 0.0097495969384908676 0.015026784501969814 -0.99983960390090942
1190 0.016708947718143463 -0.033623296767473221 -0.9992949366569519
1191 -0.0019688813481479883 0.012599503621459007 -0.99991869926452637
1192 -0.0083524594083428383 0.0020389866549521685 -0.99996304512023926
1193 -0.0041248109191656113 0.017430981621146202 -0.99983960390090942
1194 0.0016674796352162957 0.013331769965589046 -0.99990975856781006
1195 -0.0041391854174435139 0.0097616901621222496 -0.99994379281997681
1196 0.014700902625918388 -0.016226300969719887 -0.99976027011871338
1197 0.0057398579083383083 -0.0056891953572630882 -0.99996733665466309
1198 -0.00050679559353739023 0.00064636499155312777 -0.99999970197677612
1199 0.011809289455413818 0.011538124643266201 -0.99986374378204346
1200 -0.014315709471702576 -0.01358774583786726 -0.99980521202087402
1201 -0.01669941283762455 -0.012849840335547924 -0.99977797269821167
1202 -0.00015774076746311039 -0.0018010271014645696 -0.99999839067459106
1203 -9.2122296337038279e-05 0.00091553182573989034 -0.99999958276748657
1204 -9.6883450169116259e-05 -0.0011145106982439756 -0.99999940395355225
1205 -6.4413856307510287e-05 0.00074099266203120351 -0.9999997615814209
1206 -6.9773523136973381e-06 -0.0022557093761861324 -0.99999749660491943
1207 0.006743134930729866 0.0080701876431703568 -0.99994474649429321
1208 0.026964990422129631 0.026319947093725204 -0.999289870262146
1209 -0.0047248741611838341 0.017789289355278015 -0.99983060359954834
1210 -0.0061560431495308876 0.0025029319804161787 -0.99997794628143311
1211 0.021674942225217819 -0.028848186135292053 -0.99934881925582886
1212 -0.014834614470601082 -0.0093797836452722549 -0.99984598159790039
1213 0.00010052474681288004 -0.010462045669555664 -0.99994528293609619
1214 0.02936137467622757 -0.015273267403244972 -0.99945217370986938
1215 0.0024713724851608276 0.0058864564634859562 -0.99997967481613159
1216 -0.012226775288581848 0.0018659401684999466 -0.99992358684539795
1217 0.013277200981974602 -0.018317887559533119 -0.99974411725997925
1218 -0.012044988572597504 -0.010462945327162743 -0.99987274408340454
1219 -0.0042204889468848705 0.008580697700381279 -0.99995428323745728
1220 -0.0034189054276794195 -0.0081409746780991554 -0.99996101856231689
1221 -0.0017398949712514877 0.011238392442464828 -0.9999353289604187
1222 0.0019794113468378782 -0.0060351788997650146 -0.99997985363006592
1223 -0.0022319010458886623 -0.020367652177810669 -0.99979007244110107
1224 -0.004728204570710659 -0.018224216997623444 -0.99982273578643799
1225 -0.014830580912530422 -0.0071912538260221481 -0.99986422061920166
1226 -4.5302127546165138e-05 0.00056194752687588334 -0.99999988079071045
1227 -0.0032786116935312748 -0.016507070511579514 -0.99985843896865845
1228 0.013099616393446922 -0.020243385806679726 -0.99970930814743042
1229 -0.00044364831410348415 0.012267788872122765 -0.99992465972900391
1230 -0.010202088393270969 0.0013483880320563912 -0.99994707107543945
1231 -0.011334208771586418 -0.0038634277880191803 -0.99992835521697998
1232 -0.00058630871353670955 -0.016711676493287086 -0.99986022710800171
1233 0.0015523746842518449 0.019093029201030731 -0.99981653690338135
1234 -0.99999821186065674 0.0018293245229870081 0.00054838246433064342
1235 0.00033265739330090582 0.00062925677048042417 -0.9999997615814209
1236 -0.0026134601794183254 -0.0024315114133059978 -0.99999368190765381
1237 0.0014406843110918999 0.0013724984601140022 -0.99999803304672241
1238 0.0061707468703389168 -0.0096189472824335098 -0.99993473291397095
1239 -0.0012342412956058979 0.0017503356793895364 -0.99999773502349854
1240 -0.013979134149849415 -0.02236856147646904 -0.99965208768844604
1241 -0.0014732205308973789 -0.0019499853951856494 -0.99999701976776123
1242 -0.0041033430024981499 0.036700386554002762 -0.99931788444519043
1243 -0.0088861202821135521 -0.0061191041022539139 -0.99994182586669922
1244 0.028168037533760071 0.022466229274868965 -0.99935072660446167
1245 0.004617803730070591 0.0091412980109453201 -0.99994760751724243
1246 -0.0061846938915550709 -0.010886202566325665 -0.99992167949676514
1247 -0.0011403970420360565 -0.0075164460577070713 -0.99997115135192871
1248 0.012569459155201912 -0.015843132510781288 -0.99979549646377563
1249 -0.0063416054472327232 0.0054657100699841976 -0.99996501207351685
1250 -0.032538075000047684 -0.0081195570528507233 -0.99943757057189941
1251 0.026885619387030602 0.0093314936384558678 -0.99959498643875122
1252 -0.032016552984714508 0.0076919221319258213 -0.9994577169418335
1253 0.027445495128631592 -0.0098780691623687744 -0.99957454204559326
1254 -2.0276638679206371e-06 -0.0014336316380649805 -0.99999898672103882
1255 -0.0089585157111287117 -0.011514874175190926 -0.99989360570907593
1256 -0.0041051493026316166 0.015489164739847183 -0.99987167119979858
1257 0.0097966892644762993 0.012275495566427708 -0.99987667798995972
1258 -0.00872032530605793 -0.021883893758058548 -0.99972254037857056
1259 0.015793299302458763 -0.008357667364180088 -0.9998403787612915
1260 0.0056938435882329941 -0.010830524377524853 -0.99992513656616211
1261 -0.0014407665003091097 0.008908064104616642 -0.99995934963226318
1262 -0.0093343621119856834 0.0078275343403220177 -0.99992585182189941
1263 -0.013775446452200413 0.012703868560492992 -0.9998244047164917
1264 0.0030966168269515038 -0.0071038985624909401 -0.9999699592590332
1265 0.002010108670219779 -0.0025316472165286541 -0.99999481439590454
1266 0.031510747969150543 0.019819276407361031 -0.99930691719055176
1267 0.012452764436602592 -0.012881779111921787 -0.99983948469161987
1268 -0.0076532545499503613 0.01179245300590992 -0.9999011754989624
1269 -0.0013669750187546015 0.0002468771708663553 -0.99999904632568359
1270 -0.0090280361473560333 0.0094741424545645714 -0.99991440773010254
1271 -0.0087884804233908653 -0.011049247346818447 -0.99990040063858032
1272 0.013156160712242126 -0.010706042870879173 -0.99985617399215698
1273 -0.007137262262403965 -0.0101071922108531 -0.9999234676361084
1274 -0.010021155700087547 -0.0099258879199624062 -0.99990051984786987
1275 -0.0020785816013813019 -0.01826123334467411 -0.99983114004135132
1276 -0.0016394148115068674 -0.00034172294544987381 -0.99999862909317017
1277 0.0059158606454730034 -0.0089121200144290924 -0.99994277954101562
1278 -0.0030868747271597385 -0.013069886714220047 -0.99990981817245483
1279 -0.0028930376283824444 0.008506198413670063 -0.99995964765548706
1280 0.012107262387871742 0.016830872744321823 -0.99978506565093994
1281 -0.0049569560214877129 0.00037361573777161539 -0.99998766183853149
1282 -0.0039945621974766254 -0.0068822163157165051 -0.99996840953826904
1283 -0.0098180780187249184 0.0088485321030020714 -0.99991267919540405
1284 -0.0073838215321302414 0.017426226288080215 -0.99982088804244995
1285 0.015443941578269005 0.01482770498842001 -0.99977076053619385
1286 -0.0091100195422768593 -0.013845467008650303 -0.99986273050308228
1287 -0.0094310818240046501 -0.010755613446235657 -0.99989771842956543
1288 0.0062353881075978279 0.0011030096793547273 -0.99997997283935547
1289 -0.0070138792507350445 -0.0087745198979973793 -0.99993693828582764
1290 -0.018793905153870583 0.0087577756494283676 -0.99978500604629517
1291 -0.0021467681508511305 0.0018431247444823384 -0.99999600648880005
1292 0.016731766983866692 0.014283575117588043 -0.99975800514221191
1293 -0.017821326851844788 0.01070374995470047 -0.99978393316268921
1294 -0.0029034924227744341 -0.001195295131765306 -0.99999511241912842
1295 -0.008828209713101387 0.0025503565557301044 -0.99995779991149902
1296 -0.0089902197942137718 -0.0043483749032020569 -0.99995017051696777
1297 -0.016625586897134781 -0.016443429514765739 -0.99972659349441528
1298 -0.010934622026979923 0.010691883973777294 -0.99988305568695068
1299 -0.0010671847267076373 0.00041447783587500453 -0.99999934434890747
1300 0.0027775641065090895 -0.0087625691667199135 -0.99995779991149902
1301 0.00045276575838215649 -0.018541773781180382 -0.999828040599823
1302 0.019879866391420364 -0.016784394159913063 -0.99966150522232056
1303 -0.006299678236246109 0.014693391509354115 -0.99987220764160156
1304 0.0017760659102350473 -0.00671034911647439 -0.99997591972351074
1305 -0.0018467518966645002 0.0047512664459645748 -0.99998706579208374
1306 0.0029193207155913115 -0.0089812483638525009 -0.99995547533035278
1307 -0.017121264711022377 0.013350578956305981 -0.99976432323455811
1308 -0.010907411575317383 -0.012215667404234409 -0.99986588954925537
1309 4.1347870137542486e-05 -0.0022682955022901297 -0.99999743700027466
1310 -0.0099454186856746674 -0.0071766921319067478 -0.99992483854293823
1311 0.0012570308754220605 0.011414660140872002 -0.99993407726287842
1312 -0.018624527379870415 0.0089471470564603806 -0.99978649616241455
1313 -0.013085292652249336 -0.01061293575912714 -0.99985808134078979
1314 -0.00012728205183520913 0.0035809536930173635 -0.99999362230300903
1315 -7.9791352618485689e-05 -0.0037582607474178076 -0.9999929666519165
1316 -0.0027538321446627378 -0.0050409743562340736 -0.99998354911804199
1317 -0.0018407577881589532 0.0020532174967229366 -0.99999624490737915
1318 0.0038099472876638174 0.010575687512755394 -0.99993687868118286
1319 -0.016623746603727341 -0.01821601577103138 -0.99969589710235596
1320 0.0055121914483606815 -0.0067827473394572735 -0.99996185302734375
1321 -0.015720531344413757 0.0060923108831048012 -0.99985790252685547
1322 -0.0019508008845150471 0.023018460720777512 -0.99973315000534058
1323 -0.010314404033124447 0.010649587027728558 -0.99989008903503418
1324 0.0090566705912351608 0.0074405577033758163 -0.99993133544921875
1325 -0.0020649447105824947 0.016995958983898163 -0.99985349178314209
1326 -0.012532015331089497 -0.017841465771198273 -0.99976229667663574
1327 -0.0098538259044289589 0.016162734478712082 -0.99982082843780518
1328 0.0030022088903933764 0.009291570633649826 -0.99995237588882446
1329 -0.0048032365739345551 -0.01272174995392561 -0.99990755319595337
1330 -0.0024309325963258743 0.011697567999362946 -0.99992865324020386
1331 0.023067690432071686 0.010252547450363636 -0.99968135356903076
1332 -0.0034026007633656263 0.020253868773579597 -0.99978911876678467
1333 -0.0083831595256924629 0.011599961668252945 -0.99989759922027588
1334 0.0048792730085551739 0.0038034142926335335 -0.9999808669090271
1335 -0.0062736705876886845 -0.0017749122343957424 -0.99997878074645996
1336 0.0030450359918177128 -0.018346322700381279 -0.99982708692550659
1337 -0.0094201313331723213 -0.0077904900535941124 -0.99992531538009644
1338 0.026315733790397644 0.014057548716664314 -0.99955487251281738
1339 0.027157383039593697 -0.013705426827073097 -0.99953722953796387
1340 -0.025485338643193245 -0.011137164197862148 -0.99961316585540771
1341 -0.025505771860480309 0.01038585789501667 -0.99962073564529419
1342 0.00045553164090961218 0.0077207055874168873 -0.99997013807296753
1343 -0.019800795242190361 0.0066860313527286053 -0.99978160858154297
1344 0.027044681832194328 -0.0085358750075101852 -0.99959778785705566
1345 0.0022654901258647442 -0.023611422628164291 -0.99971866607666016
1346 -0.0018303960096091032 0.0055786236189305782 -0.99998277425765991
1347 -0.013158638030290604 -0.011726375669240952 -0.99984467029571533
1348 0.0019680517725646496 0.0044886372052133083 -0.99998801946640015
1349 -0.0158404391258955 0.012467436492443085 -0.99979680776596069
1350 -0.00020847166888415813 -0.0043868012726306915 -0.99999034404754639
1351 -0.0035641305148601532 0.0095412880182266235 -0.99994814395904541
1352 -0.0033873673528432846 0.0036773225292563438 -0.99998754262924194
1353 0.016388347372412682 -0.013028564862906933 -0.99978083372116089
1354 0.0094328569248318672 -0.0061706919223070145 -0.99993646144866943
1355 -0.0037879180163145065 -0.0074344831518828869 -0.99996519088745117
1356 -0.0038992492482066154 0.008215748704969883 -0.99995869398117065
1357 0.0029442443046718836 0.012106753885746002 -0.99992239475250244
1358 0.0019558323547244072 -0.0095136463642120361 -0.99995285272598267
1359 -0.0098438737913966179 -0.015169719234108925 -0.9998365044593811
1360 0.0075147273018956184 0.011621017009019852 -0.99990427494049072
1361 -0.0026994827203452587 -0.0076282140798866749 -0.99996727705001831
1362 -0.0089734606444835663 0.0096573857590556145 -0.99991309642791748
1363 -0.006926016416400671 -0.013039109297096729 -0.99989104270935059
1364 -0.01235626544803381 0.0069210464134812355 -0.99989974498748779
1365 0.0063275736756622791 -0.008160092867910862 -0.9999467134475708
1366 0.0078969122841954231 0.015402330085635185 -0.99985027313232422
1367 -0.015248304232954979 0.011365815065801144 -0.99981915950775146
1368 0.0016395932761952281 0.010658982209861279 -0.99994188547134399
1369 -0.0023905171547085047 0.0078970259055495262 -0.99996596574783325
1370 -0.0090318229049444199 -0.015365617349743843 -0.99984115362167358
1371 -0.0010644563008099794 0.013167344965040684 -0.9999127984046936
1372 0.0039670160040259361 -0.0075164278969168663 -0.99996393918991089
1373 -0.0039147804491221905 0.008093884214758873 -0.99995958805084229
1374 -0.0021492845844477415 0.0048499461263418198 -0.99998593330383301
1375 0.0025558066554367542 -0.0033770403824746609 -0.99999105930328369
1376 0.0091683454811573029 -0.013401319272816181 -0.99986821413040161
1377 0.004252417478710413 0.01715710386633873 -0.9998437762260437
1378 0.0064335735514760017 0.014214911498129368 -0.99987828731536865
1379 0.00015611510025337338 -0.0083247814327478409 -0.9999653697013855
1380 -0.0018084621988236904 -0.0054804426617920399 -0.99998337030410767
1381 -0.0063506672158837318 -0.010906844399869442 -0.99992036819458008
1382 -0.0022147470153868198 -0.011172538623213768 -0.99993515014648438
1383 -0.0018541807075962424 0.01250288262963295 -0.99992012977600098
1384 0.012555494904518127 0.015320689417421818 -0.99980378150939941
1385 0.0096947187557816505 0.013811291195452213 -0.99985766410827637
1386 0.0060712853446602821 -0.0083986558020114899 -0.99994635581970215
1387 0.00066778779728338122 0.013237887062132359 -0.99991220235824585
1388 0.007069646380841732 0.014287926256656647 -0.99987298250198364
1389 0.022693125531077385 0.016170831397175789 -0.99961167573928833
1390 -0.012269926257431507 0.024523593485355377 -0.99962395429611206
1391 0.0049681887030601501 -0.0075045302510261536 -0.99995952844619751
1392 0.000159815201186575 0.0080873258411884308 -0.99996733665466309
1393 0.019451629370450974 -0.010626249946653843 -0.99975436925888062
1394 -0.0016019800677895546 -0.007951224222779274 -0.99996709823608398
1395 -0.0071488916873931885 0.0066561317071318626 -0.99995231628417969
1396 -0.0025557850021868944 -0.0061127669177949429 -0.99997806549072266
1397 0.0071888319216668606 -0.010212935507297516 -0.99992203712463379
1398 -0.023802069947123528 0.0047796606086194515 -0.99970531463623047
1399 0.0087664555758237839 0.024024249985814095 -0.99967294931411743
1400 -0.025637621060013771 0.0062617622315883636 -0.99965173006057739
1401 -0.0070620374754071236 0.01396658830344677 -0.99987757205963135
1402 0.010004135780036449 -0.019655536860227585 -0.99975675344467163
1403 0.006009622011333704 -0.018573306500911713 -0.99980944395065308
1404 -0.0059141288511455059 -0.0097390944138169289 -0.9999350905418396
1405 -0.0039978991262614727 0.0095886280760169029 -0.99994605779647827
1406 -0.0081568006426095963 0.0082940589636564255 -0.99993240833282471
1407 0.017158254981040955 -0.010761985555291176 -0.99979490041732788
1408 0.0041170893236994743 -0.0038332284893840551 -0.99998420476913452
1409 -0.011099863797426224 -0.013893426395952702 -0.99984192848205566
1410 -0.0099692214280366898 0.0075107263401150703 -0.99992215633392334
1411 0.0091608054935932159 0.020929690450429916 -0.99973899126052856
1412 -0.0040148403495550156 -0.0096645941957831383 -0.99994528293609619
1413 0.023198666051030159 0.012182298116385937 -0.99965667724609375
1414 0.0054701138287782669 0.0099631268531084061 -0.99993544816970825
1415 -0.00040914767305366695 0.010218768380582333 -0.99994772672653198
1416 -0.0047667785547673702 -0.023925196379423141 -0.99970245361328125
1417 -0.00097494199872016907 0.010234367102384567 -0.999947190284729
1418 0.0066080493852496147 -0.010186852887272835 -0.99992626905441284
1419 0.0027693333104252815 -0.015244564972817898 -0.99987995624542236
1420 -0.012989277020096779 -0.0086646135896444321 -0.99987810850143433
1421 -0.019501449540257454 -0.013746056705713272 -0.99971538782119751
1422 -0.0039131822995841503 0.010078078135848045 -0.99994158744812012
1423 0.020091855898499489 -0.0072714788839221001 -0.99977171421051025
1424 -0.00044249047641642392 -0.010887365788221359 -0.99994069337844849
1425 0.0070528499782085419 0.015468984842300415 -0.99985551834106445
1426 0.0086300866678357124 0.016505559906363487 -0.99982649087905884
1427 0.00287831318564713 0.014422854408621788 -0.99989187717437744
1428 -0.00020797818433493376 0.004910037387162447 -0.99998795986175537
1429 0.0062353061512112617 0.022294066846370697 -0.99973201751708984
1430 -0.0088806953281164169 0.027007358148694038 -0.99959582090377808
1431 0.0043101091869175434 0.015220539644360542 -0.99987488985061646
1432 -0.011868471279740334 -0.025263667106628418 -0.99961036443710327
1433 0.014593318104743958 0.015626592561602592 -0.99977141618728638
1434 0.0021287552081048489 0.0087877679616212845 -0.99995917081832886
1435 -0.016794029623270035 -0.01473107747733593 -0.99975049495697021
1436 0.001931103179231286 -0.0083419978618621826 -0.99996334314346313
1437 -0.013325884006917477 -0.013936021365225315 -0.99981409311294556
1438 -0.0094236545264720917 0.0061748549342155457 -0.99993652105331421
1439 0.0068241315893828869 -0.0083157410845160484 -0.99994218349456787
1440 -0.014322586357593536 0.0074956044554710388 -0.99986934661865234
1441 -0.0041271997615695 0.01209883950650692 -0.99991834163665771
1442 -0.0016404755879193544 -0.0006048019859008491 -0.99999850988388062
1443 0.0085822148248553276 -0.010055120103061199 -0.99991261959075928
1444 -0.021278627216815948 0.014610925689339638 -0.99966681003570557
1445 -0.00010114829638041556 -0.0011974333319813013 -0.9999992847442627
1446 -0.0075331651605665684 0.025244133546948433 -0.99965298175811768
1447 -0.0074142455123364925 0.00042466097511351109 -0.99997246265411377
1448 0.0022357478737831116 -0.0085533596575260162 -0.99996095895767212
1449 -0.013211962766945362 -0.0053994893096387386 -0.99989819526672363
1450 0.017527226358652115 -0.01267329603433609 -0.99976605176925659
1451 0.022974304854869843 -0.028547419235110283 -0.9993283748626709
1452 0.025141669437289238 -0.014298253692686558 -0.99958163499832153
1453 -0.0034063104540109634 0.0099128615111112595 -0.99994510412216187
1454 0.0050341850146651268 0.014136720448732376 -0.99988740682601929
1455 -0.00064772757468745112 0.016387425363063812 -0.99986553192138672
1456 -0.0036622127518057823 0.0069889537990093231 -0.99996888637542725
1457 -0.017649158835411072 0.0099708521738648415 -0.99979454278945923
1458 -0.0082110194489359856 0.0044047837145626545 -0.99995660781860352
1459 0.0048289806582033634 -0.018252640962600708 -0.99982178211212158
1460 0.00032778264721855521 -0.0080484757199883461 -0.99996757507324219
1461 0.011328356340527534 0.015363270416855812 -0.99981778860092163
1462 -0.00268195616081357 -0.0025147877167910337 -0.99999326467514038
1463 -0.013512833043932915 -0.012537726201117039 -0.99983012676239014
1464 0.0065934830345213413 0.016389152035117149 -0.9998440146446228
1465 -0.005051859188824892 -0.01185744721442461 -0.99991697072982788
1466 -0.0091424956917762756 -0.0061058206483721733 -0.99993962049484253
1467 0.0088310139253735542 0.015213161706924438 -0.99984532594680786
1468 -0.010763091035187244 0.0031904445495456457 -0.99993705749511719
1469 -0.0067485524341464043 0.0011945455335080624 -0.99997657537460327
1470 -0.0057888654991984367 -0.012434008531272411 -0.99990594387054443
1471 -0.0035943931434303522 0.0034211853053420782 -0.99998772144317627
1472 0.00019933853764086962 0.0031689999159425497 -0.99999499320983887
1473 -0.005558602511882782 -0.010481207631528378 -0.99992966651916504
1474 -0.001032469910569489 -0.0048085455782711506 -0.9999879002571106
1475 0.0039716982282698154 0.016043111681938171 -0.99986344575881958
1476 -0.023049212992191315 0.0090807359665632248 -0.99969309568405151
1477 -0.0046948189847171307 0.0063959714025259018 -0.99996852874755859
1478 -0.0019948130939155817 -0.017648585140705109 -0.99984228610992432
1479 -0.004446644801646471 -0.012978757731616497 -0.99990588426589966
1480 -0.011143708601593971 -0.0070159882307052612 -0.99991333484649658
1481 -0.0059922914952039719 0.0036945715546607971 -0.99997526407241821
1482 0.0059456927701830864 0.012788593769073486 -0.99990057945251465
1483 -0.0012854586821049452 -0.0035423494409769773 -0.99999290704727173
1484 -0.0025401385501027107 -0.00013843690976500511 -0.99999678134918213
1485 0.015737377107143402 -0.01426198985427618 -0.99977445602416992
1486 0.014871716499328613 -0.014351530000567436 -0.99978643655776978
1487 -0.0016487295506522059 -0.0026813826989382505 -0.99999505281448364
1488 -0.023139327764511108 0.0092537626624107361 -0.99968940019607544
1489 0.0032422635704278946 0.010415780358016491 -0.99994051456451416
1490 -0.0038010284770280123 0.0052880286239087582 -0.99997884035110474
1491 0.006531053688377142 -0.0041064978577196598 -0.99997025728225708
1492 -0.012765180319547653 -0.0098820114508271217 -0.999869704246521
1493 -0.00034648136352188885 0.011902865022420883 -0.99992913007736206
1494 0.0016107462579384446 -0.0099070733413100243 -0.99994969367980957
1495 -0.0032485534902662039 0.0055827186442911625 -0.99997919797897339
1496 0.017698470503091812 -0.01519961841404438 -0.99972784519195557
1497 -0.0012835010420531034 -0.00087044911924749613 -0.99999880790710449
1498 -0.016138629987835884 0.011557451449334621 -0.99980294704437256
1499 -0.0214091707020998 0.011400528252124786 -0.99970579147338867
1500 -0.0021962882019579411 0.0013199455570429564 -0.99999678134918213
1501 -0.0034031723625957966 0.0038870836142450571 -0.99998670816421509
1502 -0.0042251958511769772 0.00077431846875697374 -0.99999082088470459
1503 0.00030011124908924103 -0.0059479698538780212 -0.99998229742050171
1504 -0.0024976201821118593 0.0024218957405537367 -0.99999397993087769
1505 0.00026154331862926483 -0.00310159707441926 -0.99999517202377319
1506 0.0092745330184698105 0.012065965682268143 -0.99988424777984619
1507 0.0010154953924939036 -0.0095951603725552559 -0.99995344877243042
1508 -0.0081998156383633614 0.0062353536486625671 -0.9999469518661499
1509 0.00062219868414103985 -0.006371526513248682 -0.99997955560684204
1510 0.00029055459890514612 0.020165594294667244 -0.99979662895202637
1511 -0.0055207544937729836 0.016754891723394394 -0.99984443187713623
1512 -0.0094640059396624565 -0.0098436251282691956 -0.99990677833557129
1513 -0.0055544693022966385 -0.0076993447728455067 -0.9999549388885498
1514 -0.0082924589514732361 -0.0056210923939943314 -0.9999498724937439
1515 -0.00032112220651470125 -0.0073864622972905636 -0.99997270107269287
1516 -0.0088428892195224762 0.013951655477285385 -0.99986356496810913
1517 0.008335065096616745 0.008060927502810955 -0.99993282556533813
1518 -0.0077072884887456894 -0.013224795460700989 -0.99988287687301636
1519 0.0015266092959791422 -0.0085649583488702774 -0.9999622106552124
1520 -0.0022759467829018831 -0.0077572655864059925 -0.99996733665466309
1521 0.0005858162185177207 -0.0090686846524477005 -0.99995869398117065
1522 -0.015115327201783657 -0.0083533870056271553 -0.99985092878341675
1523 -0.0010904880473390222 0.010409324429929256 -0.99994522333145142
1524 -0.01806262694299221 0.0094013260677456856 -0.99979263544082642
1525 -0.0093934135511517525 0.0024491967633366585 -0.99995291233062744
1526 0.00039160065352916718 -0.0054289274848997593 -0.9999852180480957
1527 2.671312540769577e-05 0.012444094754755497 -0.99992263317108154
1528 -0.0040338379330933094 0.0001124531336245127 -0.99999189376831055
1529 -0.00053410086547955871 -0.016994446516036987 -0.99985551834106445
1530 -0.0043335193768143654 -0.009404648095369339 -0.99994641542434692
1531 0.0048789200372993946 0.01139502227306366 -0.9999232292175293
1532 -0.008833322674036026 -0.012329238466918468 -0.99988502264022827
1533 0.00080437934957444668 0.012064360082149506 -0.99992692470550537
1534 -0.0029652188532054424 0.0085502685979008675 -0.99995911121368408
1535 0.023275088518857956 -0.016534004360437393 -0.9995923638343811
1536 0.0051005743443965912 -0.0078781396150588989 -0.99995601177215576
1537 -0.010541354306042194 -0.014589889906346798 -0.99983805418014526
1538 0.014345957897603512 -0.014323476701974869 -0.99979448318481445
1539 0.027158822864294052 0.0078340452164411545 -0.99960041046142578
1540 -0.0051502985879778862 -0.011525209993124008 -0.9999203085899353
1541 -0.017098356038331985 0.011246709153056145 -0.99979054927825928
1542 0.0041220211423933506 0.0018435193924233317 -0.99998980760574341
1543 -0.0085288919508457184 -0.016477039083838463 -0.99982792139053345
1544 -0.0049267737194895744 0.0085913259536027908 -0.99995100498199463
1545 -0.0014944149879738688 0.00056262337602674961 -0.99999874830245972
1546 -0.0013872166164219379 0.00015773385530337691 -0.99999904632568359
1547 0.0028985603712499142 -0.0060980436392128468 -0.9999772310256958
1548 -0.0077186734415590763 0.0054470309987664223 -0.99995541572570801
1549 0.023277735337615013 0.011377176269888878 -0.999664306640625
1550 -0.0014917872613295913 0.007059754803776741 -0.99997401237487793
1551 0.00244122464209795 -0.029979430139064789 -0.99954754114151001
1552 -0.0028242403641343117 0.0052857585251331329 -0.99998205900192261
1553 -0.0054556690156459808 -0.012632044032216072 -0.99990534782409668
1554 0.006457276176661253 -0.014670195057988167 -0.99987161159515381
1555 -0.00026049991720356047 0.020683903247117996 -0.99978601932525635
1556 -0.030938651412725449 -0.0017608291236683726 -0.99951976537704468
1557 -0.031572844833135605 0.00099435087759047747 -0.99950098991394043
1558 0.030218327417969704 0.0034783964511007071 -0.99953728914260864
1559 0.030712500214576721 -0.0038209455087780952 -0.99952095746994019
1560 0.0096778711304068565 -0.0073119113221764565 -0.99992644786834717
1561 -0.0051580909639596939 -0.0090640028938651085 -0.99994564056396484
1562 0.0012984063941985369 -0.0072235311381518841 -0.9999731183052063
1563 0.0025434158742427826 -0.013913193717598915 -0.99989998340606689
1564 -0.00086352572543546557 0.00094158085994422436 -0.99999922513961792
1565 0.0083476053550839424 0.019488092511892319 -0.999775230884552
1566 0.0086096059530973434 0.0042890529148280621 -0.99995380640029907
1567 -0.014120487496256828 0.0069832089357078075 -0.99987596273422241
1568 -0.0039546913467347622 0.0067987507209181786 -0.99996912479400635
1569 0.005781685933470726 0.011365265585482121 -0.99991869926452637
1570 -0.0057579381391406059 0.0050415173172950745 -0.99997073411941528
1571 0.0076134488917887211 -0.012069603428244591 -0.99989819526672363
1572 -0.013490227982401848 0.018660701811313629 -0.99973487854003906
1573 -0.00013857918384019285 -0.0018755333730950952 -0.99999827146530151
1574 -7.7612574386876076e-05 0.0010330714285373688 -0.99999946355819702
1575 -8.0660713138058782e-05 -0.0010838380549103022 -0.99999940395355225
1576 -5.4176456615095958e-05 0.00072125234873965383 -0.9999997615814209
1577 -0.0092571545392274857 -0.012863158248364925 -0.99987441301345825
1578 0.0020009551662951708 0.018994636833667755 -0.9998176097869873
1579 -0.0073942565359175205 -0.011648982763290405 -0.9999048113822937
1580 0.00010885065421462059 -0.015118077397346497 -0.99988573789596558
1581 -0.0028664285782724619 0.0067774173803627491 -0.99997293949127197
1582 -0.0096915224567055702 0.0058347331359982491 -0.99993604421615601
1583 -0.0069677503779530525 -0.003318210830911994 -0.99997025728225708
1584 0.0041401120834052563 0.010652498342096806 -0.99993473291397095
1585 -0.014939781278371811 0.012206273153424263 -0.99981385469436646
1586 -0.010062921792268753 0.0041594887152314186 -0.99994075298309326
1587 0.013499836437404156 -0.010350355878472328 -0.99985533952713013
1588 -0.0097705675289034843 0.0098711494356393814 -0.99990355968475342
1589 0.0046402690932154655 0.007922125980257988 -0.99995791912078857
1590 0.0050656232051551342 0.0069532450288534164 -0.99996298551559448
1591 -0.019696414470672607 -0.010229531675577164 -0.99975371360778809
1592 -0.0045744311064481735 0.0047705285251140594 -0.99997818470001221
1593 -0.005761205218732357 -0.010207685641944408 -0.99993133544921875
1594 0.0038565213326364756 0.0074358796700835228 -0.99996495246887207
1595 0.016101507470011711 0.011802293360233307 -0.99980068206787109
1596 -0.0058515160344541073 -0.0097508151084184647 -0.99993538856506348
1597 -0.028012923896312714 0.013269937597215176 -0.99951952695846558
1598 0.0012024028692394495 0.0012090218951925635 -0.99999856948852539
1599 -0.0063106026500463486 -0.018016798421740532 -0.99981778860092163
1600 -0.0021281186491250992 -0.0099152717739343643 -0.99994862079620361
1601 -0.001725024776533246 -0.0092883063480257988 -0.99995541572570801
1602 0.013969243504106998 0.019026029855012894 -0.99972140789031982
1603 -0.00090122048277407885 -0.013991647399961948 -0.99990171194076538
1604 -0.0038344389759004116 -0.005108165554702282 -0.99997961521148682
1605 -0.0028596599586308002 -0.010898794047534466 -0.99993652105331421
1606 -0.0009312027832493186 0.0065286429598927498 -0.99997830390930176
1607 0.0019960077479481697 -0.0057053621858358383 -0.99998176097869873
1608 0.0034110371489077806 -0.0049190609715878963 -0.99998211860656738
1609 0.0061313570477068424 0.018039071932435036 -0.99981850385665894
1610 -0.023646663874387741 0.013337645679712296 -0.99963146448135376
1611 -0.00075710087548941374 -0.0081558329984545708 -0.99996650218963623
1612 -0.007237692829221487 -0.0082229822874069214 -0.99994003772735596
1613 -0.0031376134138554335 0.017458563670516014 -0.99984270334243774
1614 -0.0084481928497552872 -0.0094053642824292183 -0.99992012977600098
1615 -0.014467922039330006 0.0045507187023758888 -0.99988502264022827
1616 -0.011365756392478943 0.0095221055671572685 -0.99989008903503418
1617 -0.0047417320311069489 -0.018419167026877403 -0.99981909990310669
1618 -0.012575987726449966 0.010041632689535618 -0.99987053871154785
1619 -0.010932815261185169 0.013346737250685692 -0.99985116720199585
1620 -0.004566555842757225 0.0081364084035158157 -0.99995648860931396
1621 -0.0018416569801047444 0.0048606828786432743 -0.99998652935028076
1622 -0.0091037554666399956 0.016177309677004814 -0.99982774257659912
1623 0.00050386466318741441 -0.011918645352125168 -0.99992889165878296
1624 -0.021532252430915833 0.013433617539703846 -0.99967789649963379
1625 -0.0044782687909901142 0.017095036804676056 -0.99984389543533325
1626 0.0096749644726514816 0.015008410438895226 -0.99984061717987061
1627 0.0078092310577630997 -0.0074242278933525085 -0.99994200468063354
1628 0.0068525597453117371 -0.017646709457039833 -0.9998207688331604
1629 -0.017527971416711807 0.0065624960698187351 -0.99982482194900513
1630 0.00074104021769016981 0.0084783881902694702 -0.99996381998062134
1631 -0.0048881871625781059 0.0086502991616725922 -0.99995064735412598
1632 0.0046563874930143356 0.011943084187805653 -0.99991786479949951
1633 -4.2660816689021885e-05 0.00060016923816874623 -0.99999982118606567
1634 -0.0037409788928925991 -0.011283006519079208 -0.99992936849594116
1635 0.003538964781910181 -0.0085557568818330765 -0.99995714426040649
1636 -0.00975011195987463 0.006998138502240181 -0.9999280571937561
1637 0.004620132502168417 0.0097999665886163712 -0.99994134902954102
1638 0.00024448195472359657 -0.0067896670661866665 -0.99997693300247192
1639 0.0022873368579894304 -0.0097687235102057457 -0.99994969367980957
1640 0.015156514942646027 -0.0082502793520689011 -0.99985110759735107
1641 -0.0033134524710476398 -0.014934580773115158 -0.99988299608230591
1642 -0.025107188150286674 -0.025734815746545792 -0.99935346841812134
1643 -0.0065988418646156788 -0.02076621912419796 -0.99976259469985962
1644 -0.9999774694442749 -0.006678321398794651 0.00075867626583203673
1645 -0.99999302625656128 -0.0036679352633655071 0.00075662665767595172
1646 0.00052163697546347976 0.0014464242849498987 -0.99999880790710449
1647 -0.0016767476918175817 0.0011971244821324944 -0.99999791383743286
1648 -0.01099625788629055 0.013042232021689415 -0.99985450506210327
1649 0.0092033874243497849 -0.0097284102812409401 -0.99991035461425781
1650 -0.0023811911232769489 0.015863223001360893 -0.99987137317657471
1651 -0.0072566349990665913 -0.0061041354201734066 -0.99995505809783936
1652 0.016521846875548363 -0.013319308869540691 -0.99977481365203857
1653 -0.012479463592171669 -0.0086453016847372055 -0.99988478422164917
1654 -0.00022214645287021995 -0.0093055395409464836 -0.99995666742324829
1655 -0.9999958872795105 -0.002784638199955225 0.00071420863969251513
1656 0.012292227707803249 -0.014457661658525467 -0.99981993436813354
1657 -3.3937161788344383e-05 0.0068134823814034462 -0.99997681379318237
1658 0.0059110475704073906 -0.01425668690353632 -0.99988090991973877
1659 -0.0013622082769870758 0.00013650832988787442 -0.99999910593032837
1660 0.011974669992923737 0.0040954449214041233 -0.99991995096206665
1661 0.0010373764671385288 -0.016778022050857544 -0.99985873699188232
1662 0.0016390227247029543 0.012166030704975128 -0.99992465972900391
1663 -0.0017009786097332835 -0.00092371506616473198 -0.99999815225601196
1664 -0.012240177020430565 -0.0045846044085919857 -0.99991458654403687
1665 0.014102941378951073 -0.013238199055194855 -0.99981290102005005
1666 0.0027717412449419498 -0.0040325745940208435 -0.99998807907104492
1667 0.013238033279776573 0.0087322024628520012 -0.9998742938041687
1668 0.0012407926842570305 0.015320682898163795 -0.99988192319869995
1669 -0.012794553302228451 -0.014814629219472408 -0.99980843067169189
1670 0.0019051302224397659 -0.0055358707904815674 -0.99998289346694946
1671 -0.015226117335259914 0.0093656359240412712 -0.99984019994735718
1672 0.0022487142123281956 0.022094517946243286 -0.99975335597991943
1673 -0.9997103214263916 -0.024060048162937164 0.00069477572105824947
1674 0.011648166924715042 -0.0065037086606025696 -0.99991101026535034
1675 -0.014330235309898853 -0.022596081718802452 -0.999642014503479
1676 -5.6899520131992176e-05 0.0007460559718310833 -0.9999997615814209
1677 -0.0020761918276548386 0.010479154996573925 -0.99994295835494995
1678 -0.01738939993083477 0.012181481346487999 -0.99977457523345947
1679 -0.0036688833497464657 0.0052259974181652069 -0.99997961521148682
1680 -0.0013775702100247145 0.00012206239625811577 -0.99999904632568359
1681 -0.0023941807448863983 0.0038769058883190155 -0.99998962879180908
1682 0.012999282218515873 0.013223077170550823 -0.99982810020446777
1683 -0.0030509114731103182 -0.0056491605937480927 -0.99997943639755249
1684 0.0050076385959982872 0.0029347888194024563 -0.99998319149017334
1685 0.012427827343344688 0.02540985681116581 -0.9995998740196228
1686 0.007862582802772522 0.011406762525439262 -0.99990403652191162
1687 -0.0013223829446360469 -0.00096139754168689251 -0.99999868869781494
1688 -0.0032394272275269032 -0.025989357382059097 -0.99965697526931763
1689 -0.015423646196722984 0.014680022373795509 -0.99977326393127441
1690 0.015182999894022942 -0.0057671340182423592 -0.99986815452575684
1691 -0.017081396654248238 0.0047264909371733665 -0.99984294176101685
1692 0.0080474009737372398 -0.0080263344570994377 -0.99993544816970825
1693 -0.010045194998383522 0.0043993890285491943 -0.99993985891342163
1694 -0.01182195171713829 0.011417672969400883 -0.99986499547958374
1695 -0.0045322226360440254 0.0065776263363659382 -0.99996811151504517
1696 0.0011699439492076635 -0.0094152344390749931 -0.99995499849319458
1697 0.013569571077823639 -0.01160924881696701 -0.99984055757522583
1698 0.0035775620490312576 -0.0096148382872343063 -0.99994736909866333
1699 0.025413656607270241 -0.013808987103402615 -0.99958163499832153
1700 0.0076546329073607922 0.024783164262771606 -0.99966353178024292
1701 -0.00891924649477005 0.0055980319157242775 -0.99994456768035889
1702 -0.015241973102092743 -0.011693503707647324 -0.99981546401977539
1703 -0.0015807452145963907 0.00075311894761398435 -0.99999850988388062
1704 0.0015430416679009795 0.01401796005666256 -0.99990057945251465
1705 -0.012797350063920021 -0.010015412233769894 -0.99986797571182251
1706 0.00074287346797063947 -0.010737831704318523 -0.9999421238899231
1707 -0.0060130506753921509 0.013262304477393627 -0.99989396333694458
1708 -0.0023544225841760635 -0.0098807569593191147 -0.99994844198226929
1709 -0.0039961272850632668 0.030927272513508797 -0.99951368570327759
1710 -0.017851389944553375 0.0055890572257339954 -0.99982506036758423
1711 -0.00010784980986500159 -0.0015095244161784649 -0.99999886751174927
1712 -0.0019345136824995279 0.011313218623399734 -0.99993413686752319
1713 -0.0066234474070370197 0.015056967735290527 -0.99986475706100464
1714 -0.0026197354309260845 -0.00044590490870177746 -0.99999648332595825
1715 -0.0095558455213904381 0.01365826278924942 -0.99986106157302856
1716 0.014284204691648483 0.0090539511293172836 -0.99985700845718384
1717 0.013963444158434868 -0.0069127022288739681 -0.9998786449432373
1718 0.013848780654370785 0.024441784247756004 -0.99960529804229736
1719 0.010944673791527748 0.033926170319318771 -0.99936443567276001
1720 -0.029450109228491783 -0.011232154443860054 -0.99950319528579712
1721 -0.015487704426050186 -0.0046771252527832985 -0.99986916780471802
1722 0.018021482974290848 -0.014961788430809975 -0.99972563982009888
1723 -0.0079900920391082764 0.0096215475350618362 -0.99992179870605469
1724 0.011363704688847065 -0.020162880420684814 -0.99973213672637939
1725 -0.0055497139692306519 -0.0076481373980641365 -0.99995541572570801
1726 0.0047280672006309032 0.0059266258031129837 -0.99997127056121826
1727 0.0018786720465868711 0.0012248684652149677 -0.99999749660491943
1728 -0.00078222097363322973 0.00053713441593572497 -0.99999958276748657
1729 0.00210219481959939 -0.0078070308081805706 -0.99996733665466309
1730 0.0014335805317386985 -0.0022807815112173557 -0.99999642372131348
1731 -0.0024444614537060261 -0.0015193392755463719 -0.9999958872795105
1732 0.0063667111098766327 0.01258812565356493 -0.99990051984786987
1733 0.017236964777112007 0.016116859391331673 -0.99972158670425415
1734 -0.0061206263490021229 -0.0017651596572250128 -0.99997973442077637
1735 -0.020067095756530762 0.0035095899365842342 -0.99979245662689209
1736 -0.01596345566213131 0.013767731375992298 -0.99977779388427734
1737 -0.0018652866128832102 -0.0016026427038013935 -0.99999701976776123
1738 -0.013230271637439728 0.0041120694950222969 -0.99990403652191162
1739 0.012345279566943645 -0.0063868947327136993 -0.99990344047546387
1740 -0.0079967891797423363 0.0016886912053450942 -0.99996662139892578
1741 -0.010384373366832733 -0.0053598834201693535 -0.99993175268173218
1742 -0.015675414353609085 -0.033884365111589432 -0.99930286407470703
1743 0.021924464032053947 0.0072339284233748913 -0.99973344802856445
1744 -0.022202510386705399 -0.0046083130873739719 -0.99974292516708374
1745 0.019882913678884506 -0.0067976601421833038 -0.99977922439575195
1746 -0.02189592644572258 0.0040512178093194962 -0.99975210428237915
1747 -0.0041378000751137733 0.0039077792316675186 -0.99998384714126587
1748 0.0127912238240242 0.010668974369764328 -0.99986129999160767
1749 -0.99998146295547485 0.0060670222155749798 0.00056576880160719156
1750 -0.0092088701203465462 0.0091856708750128746 -0.99991542100906372
1751 0.015685321763157845 -0.010452395305037498 -0.99982231855392456
1752 -0.0025815826375037432 0.0025441071484237909 -0.99999344348907471
1753 0.029833870008587837 -0.01471644826233387 -0.9994465708732605
1754 -0.00095346552552655339 0.00082747952546924353 -0.99999922513961792
1755 -0.014435254037380219 0.020774098113179207 -0.99967998266220093
1756 -0.0040828119963407516 0.007583077996969223 -0.99996292591094971
1757 -0.009244265966117382 -0.01239502802491188 -0.99988043308258057
1758 0.009363674558699131 -0.0074218134395778179 -0.99992865324020386
1759 0.0049379589036107063 0.033925335854291916 -0.9994121789932251
1760 -0.0024567223154008389 0.0022155146580189466 -0.99999457597732544
1761 -0.0023183997254818678 7.150945020839572e-05 -0.99999731779098511
1762 -0.00043984269723296165 -0.0079854689538478851 -0.99996805191040039
1763 -0.0061288862489163876 -0.0046451310627162457 -0.99997043609619141
1764 -0.0026159086264669895 0.011627466417849064 -0.99992901086807251
1765 0.027972375974059105 -0.018193848431110382 -0.99944311380386353
1766 0.0034103533253073692 -0.0054304501973092556 -0.99997949600219727
1767 -0.00034347624750807881 0.00083933142013847828 -0.99999958276748657
1768 -0.0015814792132005095 0.00057338632177561522 -0.99999862909317017
1769 0.014967221766710281 0.017178686335682869 -0.99974042177200317
1770 0.0065295170061290264 0.0061980234459042549 -0.99995946884155273
1771 0.00083774008089676499 0.0024437890388071537 -0.99999672174453735
1772 -0.012343389913439751 -0.012956023216247559 -0.9998399019241333
1773 -0.015394166111946106 0.019444724544882774 -0.99969244003295898
1774 0.0017930502071976662 -0.0078414836898446083 -0.99996769428253174
1775 -0.0098810065537691116 -0.0083596678450703621 -0.99991625547409058
1776 0.0068785687908530235 -0.012517494149506092 -0.99989801645278931
1777 -0.00059798639267683029 0.011625488288700581 -0.99993228912353516
1778 0.0026791640557348728 0.0076296846382319927 -0.99996733665466309
1779 0.00046616920735687017 0.011900853365659714 -0.99992907047271729
1780 -0.0074548344127833843 -0.0039553875103592873 -0.99996441602706909
1781 0.00011024531704606488 0.0056699663400650024 -0.99998396635055542
1782 -0.00071863795164972544 0.00054356484906747937 -0.99999964237213135
1783 -0.012302380055189133 -0.0041819610632956028 -0.99991565942764282
1784 -0.0024886818137019873 -0.0010874848812818527 -0.9999963641166687
1785 -0.008652769960463047 0.0031113661825656891 -0.99995774030685425
1786 -0.012472143396735191 0.0007654696237295866 -0.99992191791534424
1787 -0.019817190244793892 -0.0028999736532568932 -0.99979943037033081
1788 0.012112141586840153 -0.0041537275537848473 -0.99991804361343384
1789 0.011935853399336338 0.0037310856860131025 -0.99992179870605469
1790 0.0065415813587605953 -0.020626669749617577 -0.99976587295532227
1791 0.0093898354098200798 -0.013776487670838833 -0.99986106157302856
1792 -0.020980030298233032 -0.0070262700319290161 -0.99975526332855225
1793 -0.00067248620325699449 -0.0097338203340768814 -0.99995243549346924
1794 -0.0019852486439049244 0.011088634841144085 -0.99993658065795898
1795 -0.005636333953589201 0.0093684270977973938 -0.99994027614593506
1796 0.01569117046892643 -0.0078578302636742592 -0.99984604120254517
1797 -0.0044554336927831173 -0.0053793070837855339 -0.99997562170028687
1798 -0.0011990033090114594 0.00045707693789154291 -0.99999916553497314
1799 0.022593770176172256 0.018894404172897339 -0.99956619739532471
1800 0.013690322637557983 -0.023618591949343681 -0.99962735176086426
1801 0.0019263294525444508 0.011525308713316917 -0.99993175268173218
1802 -0.0003273374168202281 0.0041907401755452156 -0.99999117851257324
1803 -0.00058027979684993625 0.0015564850764349103 -0.99999862909317017
1804 -0.0050564161501824856 -0.010115540586411953 -0.99993610382080078
1805 -0.0011871549068018794 -0.00044060824438929558 -0.99999922513961792
1806 -0.0090214069932699203 -0.013313460163772106 -0.99987071752548218
1807 -0.01134547870606184 -0.0216684490442276 -0.99970084428787231
1808 0.014090085402131081 -0.002992111723870039 -0.99989628791809082
1809 0.027554506435990334 0.0034959404729306698 -0.99961423873901367
1810 -0.013238553889095783 -5.0503411330282688e-05 -0.99991238117218018
1811 -0.012569990009069443 -0.00027263339143246412 -0.99992102384567261
1812 -0.014113112352788448 0.0059608686715364456 -0.99988263845443726
1813 -0.00061993452254682779 -0.016254205256700516 -0.99986773729324341
1814 -0.99999833106994629 -0.0016797379357740283 0.00078419392229989171
1815 0.005893537774682045 0.0096567748114466667 -0.99993604421615601
1816 -0.01464367937296629 0.0099023925140500069 -0.9998437762260437
1817 0.0054467255249619484 -0.01546894945204258 -0.99986553192138672
1818 -0.0159491878002882 0.0074245631694793701 -0.99984526634216309
1819 -0.0026198762934654951 -0.012520279735326767 -0.99991822242736816
1820 -0.0024960292503237724 -0.0024346504360437393 -0.99999392032623291
1821 -0.99999970197677612 -3.3156356948893517e-05 0.00078811997082084417
1822 0.0042722220532596111 -0.0074115721508860588 -0.99996340274810791
1823 -0.0032009980641305447 -0.0085018882527947426 -0.99995875358581543
1824 0.0043107196688652039 0.011452388949692249 -0.99992513656616211
1825 0.0036443050485104322 0.0091561721637845039 -0.99995148181915283
1826 0.0032006436958909035 -0.011236919090151787 -0.99993175268173218
1827 -0.0036084619350731373 0.014926714822649956 -0.99988210201263428
1828 -0.013030251488089561 -0.006734875962138176 -0.99989241361618042
1829 -0.00042903737630695105 0.009260830469429493 -0.99995702505111694
1830 -0.004599966574460268 0.010942190885543823 -0.99992954730987549
1831 -0.0033243452198803425 -0.011531961150467396 -0.99992799758911133
1832 -0.011945384554564953 -0.0077231288887560368 -0.99989885091781616
1833 0.0093386285006999969 0.0047336043789982796 -0.99994522333145142
1834 0.005522050429135561 -0.0036423238925635815 -0.99997812509536743
1835 -0.021716369315981865 0.02255462110042572 -0.99950975179672241
1836 0.0016976308543235064 0.008060721680521965 -0.9999660849571228
1837 0.00050974381156265736 -0.0017367505934089422 -0.99999839067459106
1838 0.0060567520558834076 -0.0052187242545187473 -0.99996805191040039
1839 0.0051212254911661148 -0.0096335131675004959 -0.99994051456451416
1840 0.0062683741562068462 -0.022004947066307068 -0.99973821640014648
1841 0.0026890726294368505 -0.020586788654327393 -0.99978446960449219
1842 -0.0083574764430522919 0.0020554780494421721 -0.99996298551559448
1843 -0.0010281188879162073 -0.0015020339051261544 -0.99999833106994629
1844 -0.014187781140208244 0.0065554296597838402 -0.9998779296875
1845 0.0031513446010649204 -0.0089088249951601028 -0.99995535612106323
1846 -0.010177510790526867 -0.0072685196064412594 -0.99992179870605469
1847 -0.0035536622162908316 -0.00011095660738646984 -0.99999368190765381
1848 -0.031033240258693695 0.017994217574596405 -0.99935638904571533
1849 -0.0013640332035720348 -0.0063486737199127674 -0.99997895956039429
1850 -0.0040254923515021801 0.0080843158066272736 -0.99995929002761841
1851 -0.0088184662163257599 -0.0088999383151531219 -0.99992150068283081
1852 0.0048854430206120014 0.010233038105070591 -0.99993574619293213
1853 0.0066583226434886456 -0.030324101448059082 -0.99951791763305664
1854 -0.0037104471120983362 0.012923420406877995 -0.99990963935852051
1855 -0.013987265527248383 0.0062026875093579292 -0.99988299608230591
1856 0.016434678807854652 0.0079291975125670433 -0.99983352422714233
1857 -0.0028107026591897011 0.011074153706431389 -0.99993479251861572
1858 0.0033624726347625256 -0.010483665391802788 -0.99993938207626343
1859 -0.01105770468711853 0.013575814664363861 -0.99984675645828247
1860 -0.015845900401473045 -0.024196535348892212 -0.99958163499832153
1861 0.0024446111638098955 -0.0027743324171751738 -0.99999320507049561
1862 -0.005172322504222393 0.010824339464306831 -0.9999280571937561
1863 -0.004957578144967556 0.0077848434448242188 -0.99995744228363037
1864 0.0009187974501401186 -0.0035139350220561028 -0.99999344348907471
1865 0.001241724006831646 -0.0078363092616200447 -0.99996852874755859
1866 0.0041201850399374962 -0.0086275525391101837 -0.99995428323745728
1867 0.0053310305811464787 -0.0044367145746946335 -0.99997597932815552
1868 -0.0011960513656958938 -0.0063731041736900806 -0.99997901916503906
1869 0.0039330394938588142 0.011532286182045937 -0.99992579221725464
1870 -0.0061430004425346851 0.017910981550812721 -0.99982070922851562
1871 -0.0035476160701364279 0.00054868590086698532 -0.99999356269836426
1872 -0.012058859691023827 -0.0080416221171617508 -0.99989497661590576
1873 0.013987304642796516 -0.016125669702887535 -0.99977213144302368
1874 0.0075415740720927715 0.0043450677767395973 -0.99996215105056763
1875 -0.012209120206534863 -0.012437399476766586 -0.9998481273651123
1876 0.0040176063776016235 -0.008154233917593956 -0.99995869398117065
1877 -0.020685939118266106 -0.0043636099435389042 -0.99977654218673706
1878 0.0048363492824137211 -0.022708045318722725 -0.99973046779632568
1879 -0.010225120931863785 -0.021930476650595665 -0.99970722198486328
1880 0.0010621527908369899 -0.0078484704717993736 -0.99996864795684814
1881 -0.0049414071254432201 0.0085546597838401794 -0.99995118379592896
1882 -0.0032909875735640526 -0.015815172344446182 -0.99986952543258667
1883 -0.0022326754406094551 0.0022722461726516485 -0.99999499320983887
1884 0.016879420727491379 0.0071457759477198124 -0.99983203411102295
1885 -0.010313472710549831 -0.014248625375330448 -0.99984532594680786
1886 -0.010583709925413132 0.021957535296678543 -0.99970293045043945
1887 -0.0051301033236086369 0.0047370982356369495 -0.99997568130493164
1888 0.016677416861057281 -0.012147475965321064 -0.99978715181350708
1889 0.001468283124268055 0.0077264853753149509 -0.99996906518936157
1890 0.0001208592439070344 -0.0027622515335679054 -0.99999618530273438
1891 -0.013149602338671684 0.0055286791175603867 -0.99989825487136841
1892 0.00040798040572553873 -0.010113007389008999 -0.99994879961013794
1893 0.010580070316791534 0.026117151603102684 -0.99960291385650635
1894 -0.0056485510431230068 0.0054118516854941845 -0.99996942281723022
1895 -0.012266402132809162 0.0033760885708034039 -0.99991911649703979
1896 -0.0075715696439146996 -0.00069098907988518476 -0.99997109174728394
1897 0.0059461439959704876 -0.0098217269405722618 -0.99993413686752319
1898 0.021059449762105942 -0.011552496813237667 -0.99971151351928711
1899 -0.014059081673622131 0.0043942532502114773 -0.99989157915115356
1900 -0.0038236926775425673 0.0097086774185299873 -0.99994558095932007
1901 0.018165526911616325 0.017851084470748901 -0.99967563152313232
1902 0.0065754479728639126 0.035519599914550781 -0.99934738874435425
1903 0.0054845018312335014 -0.0072887958958745003 -0.99995845556259155
1904 -0.0056769624352455139 -0.004380734171718359 -0.99997431039810181
1905 0.007143750786781311 0.010400179773569107 -0.99992042779922485
1906 0.00018194399308413267 -0.0060135861858725548 -0.99998193979263306
1907 0.0019154021283611655 -0.00024274371389765292 -0.99999815225601196
1908 -0.0029525281861424446 -0.0084571754559874535 -0.99995988607406616
1909 0.0039922893047332764 -0.00085611740360036492 -0.99999171495437622
1910 0.0038809929974377155 -0.00078079046215862036 -0.99999219179153442
1911 0.0079077742993831635 0.0082160234451293945 -0.99993497133255005
1912 -0.99995815753936768 -0.0090876342728734016 -0.0010493382578715682
1913 0.0059632863849401474 -0.011106738820672035 -0.9999205470085144
1914 -0.0029479884542524815 -0.024326285347342491 -0.99969971179962158
1915 0.001848145155236125 0.015984624624252319 -0.99987059831619263
1916 -0.0053612813353538513 -0.010184490121901035 -0.99993377923965454
1917 0.0017325764056295156 0.0052246763370931149 -0.99998486042022705
1918 -0.0013659908436238766 -0.0022441896144300699 -0.9999966025352478
1919 0.0028472573030740023 0.0067478185519576073 -0.99997323751449585
1920 -0.0090586468577384949 -0.013880886137485504 -0.9998626708984375
1921 -0.0036821661051362753 -0.0026879324577748775 -0.99998962879180908
1922 -0.010273242369294167 -0.014784542843699455 -0.99983799457550049
1923 -0.0015350558096542954 0.0037529054097831249 -0.999991774559021
1924 -0.0050065633840858936 0.019675839692354202 -0.9997938871383667
1925 -0.00082292594015598297 0.0065372888930141926 -0.99997830390930176
1926 0.0055468454957008362 -0.0093562770634889603 -0.99994087219238281
1927 -0.007903318852186203 -0.016505107283592224 -0.99983257055282593
1928 0.0042085060849785805 -0.0017628127243369818 -0.99998962879180908
1929 0.0025493432767689228 -4.681083737523295e-05 -0.99999678134918213
1930 -0.99999725818634033 0.0021834622602909803 -0.00090224569430574775
1931 0.0020373309962451458 0.004295628983527422 -0.99998873472213745
1932 0.0049397759139537811 0.0038202435243874788 -0.99998050928115845
1933 -0.0048658149316906929 0.0090252170339226723 -0.99994748830795288
1934 -0.015349928289651871 -0.003013646462932229 -0.9998776912689209
1935 0.0027010089252144098 -0.0065549509599804878 -0.99997490644454956
1936 0.0034466586075723171 -0.024559915065765381 -0.99969244003295898
1937 0.0059025445953011513 0.0082920100539922714 -0.99994820356369019
1938 0.0041796453297138214 0.011810521595180035 -0.99992156028747559
1939 0.0039817867800593376 -0.02022274024784565 -0.99978756904602051
1940 0.012057504616677761 0.0016331828664988279 -0.99992597103118896
1941 0.0012238454073667526 -0.011428694240748882 -0.99993395805358887
1942 -0.0048280768096446991 0.015037018805742264 -0.99987530708312988
1943 -0.0045319180935621262 -0.0073715387843549252 -0.99996256828308105
1944 0.0007111484301276505 -0.0017040773527696729 -0.99999833106994629
1945 0.0067530106753110886 0.0060526104643940926 -0.99995887279510498
1946 -0.011132632382214069 -0.0058861351571977139 -0.99992078542709351
1947 0.0026077781803905964 0.0053546568378806114 -0.99998229742050171
1948 0.0062216725200414658 0.010701986029744148 -0.99992340803146362
1949 -0.0032288557849824429 -0.010923366993665695 -0.99993515014648438
1950 0.0075137903913855553 0.00054947100579738617 -0.99997168779373169
1951 0.013938706368207932 0.0069039035588502884 -0.99987906217575073
1952 0.008275860920548439 -0.011980741284787655 -0.99989402294158936
1953 0.0067465677857398987 -0.0013359950389713049 -0.99997639656066895
1954 -0.0086508709937334061 -0.0035249048378318548 -0.99995636940002441
1955 0.0064872237853705883 -0.0071819666773080826 -0.99995321035385132
1956 -0.0045198895968496799 -0.0087583884596824646 -0.99995148181915283
1957 0.0048886733129620552 0.00091217632871121168 -0.99998766183853149
1958 -0.003361275652423501 0.007129322737455368 -0.99996894598007202
1959 -0.99997144937515259 -0.007509513758122921 -0.00087279925355687737
1960 0.0062551968730986118 -0.0039734146557748318 -0.99997258186340332
1961 -0.0057195853441953659 -0.0097609637305140495 -0.99993604421615601
1962 0.0062630744650959969 -0.017690472304821014 -0.9998239278793335
1963 0.017822502180933952 0.0057918042875826359 -0.9998244047164917
1964 0.0030870260670781136 0.0054602283053100109 -0.99998033046722412
1965 -0.014782959595322609 0.035012289881706238 -0.99927753210067749
1966 0.0067136301659047604 0.010386764071881771 -0.99992352724075317
1967 -0.01084236241877079 -0.011773426085710526 -0.99987190961837769
1968 0.0007914649904705584 -0.0039065079763531685 -0.99999207258224487
1969 -0.99999940395355225 -0.0006925992202013731 -0.00088300911011174321
1970 0.0014051505131646991 -0.0013937479816377163 -0.99999803304672241
1971 0.0023503848351538181 -0.00036720995558425784 -0.99999719858169556
1972 0.022484824061393738 0.023091832175850868 -0.9994804859161377
1973 -0.0049032294191420078 0.015121930278837681 -0.99987369775772095
1974 -0.0019645651336759329 0.003602579003199935 -0.99999159574508667
1975 0.0050967163406312466 0.0037546663079410791 -0.99997997283935547
1976 -0.0015937595162540674 -0.0068053081631660461 -0.99997562170028687
1977 0.014539717696607113 0.012560177594423294 -0.99981540441513062
1978 0.0037208301946520805 0.0063658654689788818 -0.99997282028198242
1979 0.00051147281192243099 -0.0046013020910322666 -0.99998933076858521
1980 -0.00013700594718102366 0.018566606566309929 -0.99982768297195435
1981 0.0058902278542518616 -0.01024206168949604 -0.99993020296096802
1982 0.010232835076749325 0.0091190719977021217 -0.99990606307983398
1983 0.01498442143201828 0.0023074781056493521 -0.99988508224487305
1984 -0.002449895953759551 -0.0032298762816935778 -0.999991774559021
1985 0.0040711504407227039 0.008209659717977047 -0.99995803833007812
1986 -0.0053285514004528522 0.0018197495955973864 -0.99998420476913452
1987 -3.4890719689428806e-05 -0.0026591331698000431 -0.99999648332595825
1988 0.0031738157849758863 -0.00056112324818968773 -0.99999487400054932
1989 0.0012881506700068712 -6.8162422394379973e-05 -0.99999916553497314
1990 -0.0026184073649346828 -0.0030422669369727373 -0.99999195337295532
1991 -0.0037129386328160763 -0.011931519955396652 -0.99992197751998901
1992 0.01593318022787571 -0.00090441753854975104 -0.99987268447875977
1993 -0.0051711858250200748 -0.0096994973719120026 -0.99993962049484253
1994 -0.010421087965369225 -0.0047349454835057259 -0.99993455410003662
1995 0.017191797494888306 -0.036059699952602386 -0.99920177459716797
1996 0.0031362115405499935 -0.0063127507455646992 -0.99997520446777344
1997 -0.0032549963798373938 -0.021168617531657219 -0.9997706413269043
1998 -0.002615924458950758 -0.010100973770022392 -0.99994558095932007
1999 0.001485822256654501 -0.0012805903097614646 -0.99999809265136719
2000 0.0085449870675802231 0.0033119856379926205 -0.99995803833007812
2001 -0.018185144290328026 0.013772854581475258 -0.99973982572555542
2002 0.0005648120422847569 -0.031226396560668945 -0.9995121955871582
2003 0.0066293012350797653 -0.014908543787896633 -0.99986690282821655
2004 -0.0061504696495831013 0.012654878199100494 -0.99990099668502808
2005 0.00015690061263740063 -0.0015021368162706494 -0.99999886751174927
2006 -0.011299846693873405 0.0034975481685250998 -0.99993008375167847
2007 -0.0056402012705802917 0.01037770789116621 -0.99993026256561279
2008 0.0080191092565655708 -0.015628783032298088 -0.99984574317932129
2009 -0.0015756560023874044 -0.002028878778219223 -0.99999672174453735
2010 0.011370462365448475 0.015592350624501705 -0.99981379508972168
2011 0.00091803912073373795 0.00078124913852661848 -0.9999992847442627
2012 -0.00034967466490343213 -0.017986705526709557 -0.99983817338943481
2013 -0.0040608230046927929 -0.0099096037447452545 -0.99994266033172607
2014 -0.001489605288952589 0.008737112395465374 -0.99996078014373779
2015 -0.028413403779268265 -0.015163230709731579 -0.999481201171875
2016 0.0013591883471235633 -0.0022202781401574612 -0.99999666213989258
2017 0.0014690780080854893 -0.0023884926922619343 -0.99999606609344482
2018 0.0073388228192925453 -0.012319532223045826 -0.99989718198776245
2019 0.00046344223665073514 0.020631581544876099 -0.99978703260421753
2020 0.010402514599263668 0.030823132023215294 -0.99947071075439453
2021 -0.0015745086129754782 -0.0098981168121099472 -0.99994975328445435
2022 -0.0026538972742855549 -0.0023056981153786182 -0.99999386072158813
2023 0.0012883697636425495 0.00040308898314833641 -0.99999910593032837
2024 0.010062595829367638 -0.010708021000027657 -0.99989205598831177
2025 -0.00075809482950717211 -0.0071607911959290504 -0.99997407197952271
2026 0.0011663287878036499 -0.0043345843441784382 -0.99998992681503296
2027 -0.024131150916218758 -0.032020922750234604 -0.99919587373733521
2028 0.0019091423600912094 -0.0019366998458281159 -0.99999630451202393
2029 -0.0016181552782654762 -0.0056422115303575993 -0.99998277425765991
2030 0.0028432223480194807 0.014058666303753853 -0.99989712238311768
2031 0.00055172498105093837 0.00050957524217665195 -0.9999997615814209
2032 0.014918150380253792 -0.0092681283131241798 -0.99984580278396606
2033 -0.00074022205080837011 -0.010022795759141445 -0.99994951486587524
2034 -0.99999380111694336 0.0034307024907320738 -0.00085440714610740542
2035 -0.010178961791098118 0.014005989767611027 -0.99985015392303467
2036 0.00030054821399971843 0.006167248822748661 -0.99998098611831665
2037 0.0020464526023715734 -0.0014495848445221782 -0.99999690055847168
2038 -0.0022963848896324635 -0.0080959508195519447 -0.99996459484100342
2039 -0.0024367258884012699 -0.0020566729363054037 -0.99999493360519409
2040 -0.0053454991430044174 0.017134672030806541 -0.99983894824981689
2041 -0.0014005170669406652 0.0050876704044640064 -0.99998611211776733
2042 0.013764596544206142 -0.01734650693833828 -0.99975478649139404
2043 -0.0019862838089466095 -0.010327017866075039 -0.99994474649429321
2044 -0.0076222801581025124 0.0011438913643360138 -0.99997031688690186
2045 0.00013139164366293699 -0.0063534965738654137 -0.99997985363006592
2046 0.0020063507836312056 -0.0027689342387020588 -0.99999415874481201
2047 -0.0025714049115777016 -0.008195643313229084 -0.99996310472488403
2048 -0.015300843864679337 0.022962279617786407 -0.9996192455291748
2049 -0.0024710260331630707 -0.008923589251935482 -0.99995714426040649
2050 -0.00731992581859231 0.0141636673361063 -0.99987292289733887
2051 -0.0099327703937888145 -0.033506438136100769 -0.9993891716003418
2052 -0.0022114899475127459 -0.0033806087449193001 -0.99999183416366577
2053 -0.0053454488515853882 0.0091174012050032616 -0.99994421005249023
2054 0.0063855969347059727 0.0056901141069829464 -0.99996346235275269
2055 -0.0028033275157213211 0.0064715971238911152 -0.99997514486312866
2056 0.0091267656534910202 0.011230974458158016 -0.99989527463912964
2057 0.0035345330834388733 -0.007728879339993 -0.99996393918991089
2058 0.025326216593384743 -0.014339132234454155 -0.9995763897895813
2059 0.042321208864450455 0.01832076720893383 -0.99893611669540405
2060 0.0043132137507200241 0.0040535973384976387 -0.99998247623443604
2061 0.0054423785768449306 -0.0035035267937928438 -0.99997907876968384
2062 0.047726795077323914 -0.014790922403335571 -0.99875098466873169
2063 0.017426116392016411 0.019647290930151939 -0.99965512752532959
2064 0.0046425475738942623 -0.0012499525910243392 -0.99998849630355835
2065 0.00073991378303617239 0.00024875518283806741 -0.99999970197677612
2066 0.0052154925651848316 -0.0018551222747191787 -0.99998468160629272
2067 0.0081098014488816261 0.017619013786315918 -0.99981188774108887
2068 0.01223990973085165 0.0087390318512916565 -0.99988692998886108
2069 -0.010783982463181019 0.017288060858845711 -0.99979239702224731
2070 -0.038968697190284729 0.013470068573951721 -0.99914968013763428
2071 0.0039747687987983227 0.0063102953135967255 -0.99997222423553467
2072 0.0047035254538059235 0.0086710155010223389 -0.99995136260986328
2073 0.017187502235174179 0.021485881879925728 -0.99962145090103149
2074 0.0014300467446446419 -0.0091668618842959404 -0.99995696544647217
2075 0.0023512516636401415 -0.0012835263041779399 -0.99999642372131348
2076 0.001881000236608088 -0.012459532357752323 -0.99992066621780396
2077 0.017430707812309265 -0.028610376641154289 -0.99943870306015015
2078 -0.0053973151370882988 -0.0073808003216981888 -0.99995821714401245
2079 0.00032612212817184627 0.00027053675148636103 -0.99999994039535522
2080 0.0033910246565937996 -0.0030920275021344423 -0.99998950958251953
2081 -0.0055182147771120071 0.0024248815607279539 -0.99998182058334351
2082 0.0026837659534066916 -0.0013726833276450634 -0.99999547004699707
2083 -0.0010930688586086035 0.0025905435904860497 -0.99999606609344482
2084 0.0043590450659394264 0.0052056382410228252 -0.9999769926071167
2085 0.0010811121901497245 0.0018323933472856879 -0.99999779462814331
2086 0.006125451996922493 -9.2419853899627924e-05 -0.99998122453689575
2087 0.011747922748327255 0.014689258299767971 -0.99982309341430664
2088 0.015988234430551529 -0.0036551705561578274 -0.99986553192138672
2089 -0.0077378419227898121 0.013247855007648468 -0.99988234043121338
2090 -0.0027753058820962906 -0.0029849107377231121 -0.99999171495437622
2091 -0.0081195170059800148 0.010859929956495762 -0.99990808963775635
2092 -0.00188386847730726 -0.0060675423592329025 -0.99997985363006592
2093 -0.0025489088147878647 0.0056568095460534096 -0.99998074769973755
2094 -0.0088255815207958221 -0.012147159315645695 -0.99988728761672974
2095 0.0082750925794243813 -0.011740191839635372 -0.99989688396453857
2096 0.0097423773258924484 -0.012319901026785374 -0.99987667798995972
2097 0.015361114405095577 0.023892171680927277 -0.99959653615951538
2098 -0.012316957116127014 0.011657373048365116 -0.99985623359680176
2099 0.0042722113430500031 0.0029625231400132179 -0.99998652935028076
2100 -0.016878165304660797 -0.029260836541652679 -0.99942934513092041
2101 0.0094735324382781982 -0.010675839148461819 -0.99989813566207886
2102 0.0018379262182861567 0.01111410278826952 -0.99993658065795898
2103 0.0021966327913105488 -0.0021919477730989456 -0.99999523162841797
2104 -0.0012494197580963373 -0.0020092322956770658 -0.99999719858169556
2105 0.0034766767639666796 7.6238415203988552e-05 -0.99999397993087769
2106 -0.0040744044817984104 -0.0026713949628174305 -0.9999881386756897
2107 -0.0078781181946396828 -0.011759532615542412 -0.99989986419677734
2108 -0.0032974416390061378 0.029229413717985153 -0.99956732988357544
2109 -0.002590015297755599 0.035424601286649704 -0.99936896562576294
2110 -0.0052848565392196178 0.013731521554291248 -0.99989175796508789
2111 -0.0071034473367035389 0.013345649465918541 -0.99988573789596558
2112 0.0054177646525204182 0.0097074024379253387 -0.9999382495880127
2113 0.015904821455478668 0.024526393041014671 -0.99957269430160522
2114 -0.0093725621700286865 0.013419382274150848 -0.9998660683631897
2115 0.0029663401655852795 -0.0024699450004845858 -0.99999254941940308
2116 0.0035735545679926872 -0.00016601535025984049 -0.99999362230300903
2117 0.008161516860127449 0.0064517725259065628 -0.99994587898254395
2118 -0.0052299583330750465 0.01752006821334362 -0.9998328685760498
2119 0.0025423555634915829 -0.0049608577974140644 -0.9999845027923584
2120 0.01205917913466692 0.011772478930652142 -0.99985802173614502
2121 -0.0048963986337184906 -0.0097093340009450912 -0.99994087219238281
2122 0.0031175874173641205 -0.000973887974396348 -0.99999469518661499
2123 0.0036838797386735678 -0.00666812714189291 -0.99997103214263916
2124 0.0076662893407046795 -0.0089562134817242622 -0.99993056058883667
2125 -0.0096074286848306656 -0.012427305802702904 -0.99987667798995972
2126 0.0031699873507022858 0.031666327267885208 -0.99949347972869873
2127 0.011981102637946606 -0.015747698023915291 -0.99980419874191284
2128 0.0027876468375325203 0.001313289045356214 -0.99999529123306274
2129 0.019069377332925797 0.0029643580783158541 -0.99981379508972168
2130 0.012257813476026058 -0.012229925952851772 -0.99985009431838989
2131 0.00068827817449346185 0.0075941793620586395 -0.99997097253799438
2132 0.0044795987196266651 0.020658859983086586 -0.99977654218673706
2133 -0.00029448140412569046 0.0052620973438024521 -0.99998611211776733
2134 -0.0068924282677471638 -0.0076287286356091499 -0.999947190284729
2135 0.0072275320999324322 -0.010062464512884617 -0.99992328882217407
2136 0.0075821066275238991 0.0084890183061361313 -0.99993526935577393
2137 0.012529092840850353 -0.011232226155698299 -0.99985843896865845
2138 -0.0041994885541498661 -0.012951006181538105 -0.99990731477737427
2139 0.014732625335454941 -0.00032335775904357433 -0.99989145994186401
2140 -0.0047917594201862812 -0.0028613044414669275 -0.99998444318771362
2141 0.020996417850255966 -0.0052365385927259922 -0.99976587295532227
2142 0.017129004001617432 -0.0013388034421950579 -0.99985241889953613
2143 0.011030283756554127 0.0011856532655656338 -0.9999384880065918
2144 -0.010417207144200802 -0.0039080232381820679 -0.99993813037872314
2145 0.0043798238039016724 0.015693493187427521 -0.99986726045608521
2146 0.0081281093880534172 0.0073816366493701935 -0.99993973970413208
2147 0.0051405499689280987 0.0082541033625602722 -0.99995273351669312
2148 0.018830191344022751 -0.019911186769604683 -0.99962443113327026
2149 0.0093847410753369331 0.0087288003414869308 -0.99991792440414429
2150 -0.0004823292838409543 -0.0043118083849549294 -0.99999058246612549
2151 -0.00036632583942264318 0.012076360173523426 -0.99992704391479492
2152 -0.0013007252709940076 0.0012440625578165054 -0.99999839067459106
2153 -0.017381487414240837 0.0047490219585597515 -0.99983769655227661
2154 -0.0024529867805540562 0.0059471935965120792 -0.99997931718826294
2155 -0.00057875592028722167 -0.019732186570763588 -0.99980515241622925
2156 0.0091422153636813164 0.0068811001256108284 -0.99993455410003662
2157 0.00030038069235160947 0.013483772985637188 -0.99990904331207275
2158 0.0034703707788139582 -0.0058953776024281979 -0.99997663497924805
2159 -0.004303930327296257 -0.010308296419680119 -0.99993765354156494
2160 -0.0087416591122746468 -0.012686915695667267 -0.9998813271522522
2161 0.015873787924647331 -0.014126632362604141 -0.99977421760559082
2162 -0.0036440149415284395 -0.0087720593437552452 -0.9999549388885498
2163 0.0041817612946033478 -0.011577016673982143 -0.99992430210113525
2164 0.002209820318967104 -0.0081975171342492104 -0.99996399879455566
2165 0.0076047154143452644 -0.011878665536642075 -0.99990057945251465
2166 0.017404817044734955 0.00020376162137836218 -0.99984854459762573
2167 -0.0020387815311551094 0.028546981513500214 -0.99959039688110352
2168 0.0056128250434994698 0.017502697184681892 -0.99983108043670654
2169 0.0093343155458569527 -0.017557717859745026 -0.99980229139328003
2170 -0.015644395723938942 -0.015475948341190815 -0.99975788593292236
2171 -0.0042990744113922119 0.0072683375328779221 -0.99996435642242432
2172 0.005120221059769392 -0.011462545953691006 -0.99992126226425171
2173 -0.004705056082457304 -0.015705499798059464 -0.99986565113067627
2174 0.0078492714092135429 -0.0078216530382633209 -0.99993860721588135
2175 -0.0050842845812439919 0.027200406417250633 -0.99961709976196289
2176 0.0047218352556228638 -0.0052129491232335567 -0.99997526407241821
2177 0.0048369425348937511 0.00044607825111597776 -0.99998819828033447
2178 0.022455489262938499 -0.023723635822534561 -0.99946635961532593
2179 -0.017695393413305283 -0.021292131394147873 -0.99961674213409424
2180 -0.00027195317670702934 0.0083636166527867317 -0.99996501207351685
2181 -0.0016771956579759717 0.0079034250229597092 -0.99996739625930786
2182 0.0062133311294019222 -0.015447322279214859 -0.99986141920089722
2183 0.0045199906453490257 -0.0011829735012724996 -0.9999890923500061
2184 -0.0070968070067465305 0.011745242401957512 -0.99990588426589966
2185 -0.0048534069210290909 0.012163734994828701 -0.99991428852081299
2186 -0.014779690653085709 0.0017293486744165421 -0.9998893141746521
2187 -0.0093726376071572304 0.014704832807183266 -0.99984794855117798
2188 0.0032243973109871149 9.3803013442084193e-05 -0.99999481439590454
2189 -0.0092865992337465286 -0.0023729624226689339 -0.99995410442352295
2190 0.011828124523162842 0.0088902460411190987 -0.99989056587219238
2191 -0.0019651139155030251 0.017454130575060844 -0.99984574317932129
2192 0.010756084695458412 0.0048976587131619453 -0.99993020296096802
2193 -0.0003229629946872592 -0.0043404656462371349 -0.99999058246612549
2194 0.0061187874525785446 -0.013761511072516441 -0.99988663196563721
2195 -0.0004207179881632328 -0.0056722112931311131 -0.99998384714126587
2196 -0.0114897470921278 0.0016280608251690865 -0.99993270635604858
2197 -0.0026960829272866249 0.018324464559555054 -0.9998285174369812
2198 0.0013771750964224339 -0.0058682882227003574 -0.99998182058334351
2199 0.0033763493411242962 0.0057421969249844551 -0.99997782707214355
2200 0.0041785584762692451 -0.01966719888150692 -0.99979788064956665
2201 0.011883490718901157 -0.01110792625695467 -0.99986773729324341
2202 -0.00037130748387426138 0.012130395509302616 -0.99992638826370239
2203 0.016509464010596275 -0.0040420726872980595 -0.99985557794570923
2204 0.0032252671662718058 -0.0010724384337663651 -0.99999421834945679
2205 -0.00021348762675188482 0.00088125269394367933 -0.99999958276748657
2206 -0.0034420278389006853 0.020700477063655853 -0.99977982044219971
2207 0.0030681693460792303 0.001854406320489943 -0.99999356269836426
2208 -0.0073256222531199455 0.016213860362768173 -0.99984174966812134
2209 0.0081021543592214584 0.013225764967501163 -0.99987971782684326
2210 0.016851397231221199 0.011124487034976482 -0.99979615211486816
2211 0.008173380047082901 0.0066123590804636478 -0.99994474649429321
2212 0.011065062135457993 -0.012854021973907948 -0.99985617399215698
2213 -0.012478549964725971 0.013509900309145451 -0.99983090162277222
2214 0.01147532369941473 0.0076616266742348671 -0.9999048113822937
2215 -0.0079786144196987152 0.028846591711044312 -0.99955201148986816
2216 0.0081951124593615532 0.011873441748321056 -0.99989598989486694
2217 0.0032281202729791403 0.0012198260519653559 -0.99999409914016724
2218 4.0165261452784762e-05 0.00044163464917801321 -0.99999994039535522
2219 0.00012097357830498368 -0.0015479609137400985 -0.99999880790710449
2220 -0.0095692705363035202 0.016456825658679008 -0.99981880187988281
2221 -0.0047954246401786804 0.010992136783897877 -0.99992811679840088
2222 2.6380617782706395e-05 0.00031362022855319083 -0.99999994039535522
2223 0.0035664336755871773 -0.004722213838249445 -0.99998253583908081
2224 0.00060420192312449217 -0.0035678448621183634 -0.99999350309371948
2225 -0.0078394040465354919 -0.014615219086408615 -0.99986249208450317
2226 -0.0024995619896799326 0.0064042890444397926 -0.99997639656066895
2227 -0.0086438506841659546 -0.014698346145451069 -0.9998546838760376
2228 0.023108331486582756 0.014623173512518406 -0.9996260404586792
2229 -0.024505216628313065 0.018755393102765083 -0.99952375888824463
2230 -0.0057024485431611538 -0.0043284231796860695 -0.99997442960739136
2231 0.0071932966820895672 -0.0092477472499012947 -0.99993139505386353
2232 0.012540354393422604 0.014510863460600376 -0.99981606006622314
2233 0.004647423978894949 -0.013591328635811806 -0.99989688396453857
2234 -0.0081535046920180321 -0.014151874929666519 -0.99986666440963745
2235 0.00086812453810125589 -0.0068808379583060741 -0.99997597932815552
2236 0.00012286800483707339 -0.0014269293751567602 -0.99999898672103882
2237 4.1525370761519298e-05 0.00044916366459801793 -0.99999994039535522
2238 0.009663023054599762 -0.0094541497528553009 -0.99990862607955933
2239 0.0012309637386351824 -0.0099526243284344673 -0.99994975328445435
2240 0.0096566779538989067 -0.026439754292368889 -0.99960380792617798
2241 0.010950133204460144 -0.0033502229489386082 -0.99993449449539185
2242 -0.0084947794675827026 0.0098480163142085075 -0.9999154806137085
2243 -0.0016852337867021561 -0.0028448207303881645 -0.99999457597732544
2244 0.00091588869690895081 -0.00014963584544602782 -0.99999958276748657
2245 1.9111952497041784e-05 0.0002588874485809356 -1
2246 0.00013743322051595896 -0.0015809799078851938 -0.99999874830245972
2247 0.0041864179074764252 -0.02769443579018116 -0.99960768222808838
2248 0.0068880352191627026 -0.026422662660479546 -0.99962717294692993
2249 0.0013261351268738508 -0.0014170883223414421 -0.99999815225601196
2250 -0.011287350207567215 -0.014668895862996578 -0.9998287558555603
2251 3.6990648368373513e-05 0.0003931344544980675 -0.99999994039535522
2252 0.00011844534310512245 -0.0013625506544485688 -0.99999910593032837
2253 5.5651049478910863e-05 0.00056954455794766545 -0.99999988079071045
2254 0.00016810500528663397 -0.0016760746948421001 -0.99999862909317017
2255 -0.015009908005595207 -0.027907168492674828 -0.99949783086776733
2256 0.0008404565742239356 -0.0071134013123810291 -0.99997437000274658
2257 -0.0053944042883813381 -0.018387423828244209 -0.9998164176940918
2258 -0.010639623738825321 -0.020409336313605309 -0.99973511695861816
2259 -0.0025641585234552622 0.0041454811580479145 -0.9999881386756897
2260 -0.0068509876728057861 -0.010415595024824142 -0.99992233514785767
2261 0.00012954996782355011 -0.0015986892394721508 -0.99999874830245972
2262 -0.0084131928160786629 -0.011590871959924698 -0.99989742040634155
2263 -0.0041475198231637478 -0.01293858140707016 -0.99990767240524292
2264 0.018331011757254601 -0.013397888280451298 -0.99974226951599121
2265 0.010564017109572887 0.016421707347035408 -0.9998093843460083
2266 -0.016349896788597107 0.0017113231588155031 -0.99986487627029419
2267 -0.0049311178736388683 -0.013120664283633232 -0.99990177154541016
2268 -0.0011575850658118725 -0.003282689955085516 -0.99999397993087769
2269 0.012567447498440742 0.010672804899513721 -0.99986410140991211
2270 0.015109460800886154 -0.017070157453417778 -0.9997401237487793
2271 -0.00080595479812473059 -0.0034566842950880527 -0.99999374151229858
2272 -0.0063274870626628399 0.015670517459511757 -0.99985718727111816
2273 -0.99999964237213135 2.6439800421940163e-05 -0.00083218957297503948
2274 -0.99999827146530151 -5.5256165069295093e-05 -0.0018638727487996221
2275 -0.011053742840886116 0.027825385332107544 -0.99955177307128906
2276 -0.0078772297129034996 0.014287280850112438 -0.99986696243286133
2277 -0.00012311484897509217 0.0022669231984764338 -0.99999743700027466
2278 0.0093287909403443336 0.0027191685512661934 -0.99995279312133789
2279 -0.033427566289901733 0.020778404548764229 -0.99922513961791992
2280 0.0042235888540744781 -0.00049493694677948952 -0.99999099969863892
2281 -0.0029866048134863377 0.0032714055851101875 -0.99999016523361206
2282 0.0033084393944591284 -0.0024451632052659988 -0.99999159574508667
2283 -0.015729697421193123 -0.025538312271237373 -0.99955010414123535
2284 -0.018343187868595123 0.026786008849740028 -0.99947291612625122
2285 0.018745265901088715 0.023342043161392212 -0.99955183267593384
2286 0.018338685855269432 -0.024222679436206818 -0.9995383620262146
2287 0.0011118805268779397 0.017279021441936493 -0.99985015392303467
2288 -0.009189981035888195 -0.014408908784389496 -0.99985402822494507
2289 0.0063151833601295948 -0.0058674686588346958 -0.99996286630630493
2290 -0.0065252291969954967 -0.013086785562336445 -0.99989312887191772
2291 -0.0053678364492952824 -0.024304121732711792 -0.99969023466110229
2292 0.021782571449875832 0.021310999989509583 -0.99953556060791016
2293 -0.019051361829042435 0.02208244800567627 -0.99957466125488281
2294 -0.033610392361879349 -0.010734027251601219 -0.99937731027603149
2295 -0.0020573283545672894 -0.0018986711511388421 -0.9999961256980896
2296 0.0028489148244261742 -0.012447201646864414 -0.99991852045059204
2297 -0.0087365079671144485 0.010764515027403831 -0.99990391731262207
2298 -0.0078442934900522232 0.016308320686221123 -0.999836266040802
2299 0.0083740921691060066 -0.0017092556226998568 -0.99996352195739746
2300 0.0026905734557658434 -0.013338788412511349 -0.99990743398666382
2301 -0.0096402112394571304 0.012531022541224957 -0.99987506866455078
2302 -0.0028204640839248896 -0.018264515325427055 -0.99982923269271851
2303 -0.0056130723096430302 0.01287867221981287 -0.99990129470825195
2304 0.0001250173372682184 -0.0014978826511651278 -0.99999886751174927
2305 -0.0055997418239712715 0.011851074174046516 -0.99991410970687866
2306 -0.0031572629231959581 -0.012554705142974854 -0.99991625547409058
2307 2.3934528144309297e-05 0.00032600286067463458 -0.99999994039535522
2308 4.1031657019630075e-05 0.00048174284165725112 -0.99999988079071045
2309 -0.00011106510646641254 0.0053019830957055092 -0.99998599290847778
2310 0.011152773164212704 -0.026764864102005959 -0.99957954883575439
2311 -0.010671372525393963 0.015151195228099823 -0.99982833862304688
2312 -0.0081895720213651657 -0.012893599458038807 -0.99988335371017456
2313 -0.0017979155527427793 -0.0098403859883546829 -0.99994999170303345
2314 0.0096252467483282089 -0.0016932457219809294 -0.99995225667953491
2315 0.00013884234067518264 -0.0015457144472748041 -0.99999880790710449
2316 -0.0079325204715132713 -0.017525305971503258 -0.99981492757797241
2317 -0.011135457083582878 -0.014456018805503845 -0.99983352422714233
2318 0.00093883037334308028 -0.00014272547559812665 -0.99999958276748657
2319 0.0058313794434070587 -0.0052415779791772366 -0.99996930360794067
2320 -0.0034562826622277498 -0.011614684946835041 -0.99992662668228149
2321 0.025232220068573952 -0.017255187034606934 -0.99953269958496094
2322 -0.024260200560092926 -0.019087247550487518 -0.99952346086502075
2323 -0.0025821616873145103 0.0081672156229615211 -0.99996334314346313
2324 0.00058379035908728838 -0.0046608191914856434 -0.99998897314071655
2325 -0.0012528770603239536 0.0032176731619983912 -0.99999403953552246
2326 0.007041058037430048 -0.00016405133646912873 -0.99997520446777344
2327 0.0014425750123336911 -0.001440291409380734 -0.99999791383743286
2328 0.00066242337925359607 0.0016937255859375 -0.99999839067459106
2329 0.00013692841457668692 -0.0016223491402342916 -0.99999868869781494
2330 -0.0069690169766545296 0.010299178771674633 -0.99992269277572632
2331 0.0020806104876101017 0.0037289839237928391 -0.99999088048934937
2332 0.0026549077592790127 -0.0017676065908744931 -0.99999493360519409
2333 0.0018346256110817194 -0.0037323581054806709 -0.99999135732650757
2334 -0.0016606843564659357 -0.0079238945618271828 -0.99996727705001831
2335 -0.00018148531671613455 0.0079263718798756599 -0.99996858835220337
2336 -0.00014166068285703659 -0.010770320892333984 -0.99994200468063354
2337 0.020565859973430634 0.011076092720031738 -0.99972718954086304
2338 -0.014478272758424282 -0.013203289359807968 -0.99980801343917847
2339 -0.00051064440049231052 -0.0016395691782236099 -0.99999856948852539
2340 -0.015012248419225216 0.017547132447361946 -0.9997333288192749
2341 0.005590333603322506 -0.0092590730637311935 -0.99994152784347534
2342 -0.0062136221677064896 -0.011935471557080746 -0.99990946054458618
2343 0.048308741301298141 0.01230301521718502 -0.99875670671463013
2344 0.0046665351837873459 0.0051348861306905746 -0.99997597932815552
2345 -0.0033942281734198332 0.0010568196885287762 -0.99999368190765381
2346 -8.8044340373016894e-05 -0.0017730112886056304 -0.99999845027923584
2347 -0.0018900017021223903 0.0074845566414296627 -0.99997025728225708
2348 -0.0053938333876430988 0.030939739197492599 -0.99950671195983887
2349 -0.0013356817653402686 -0.0024349575396627188 -0.99999618530273438
2350 -0.00057099672267213464 0.0062328465282917023 -0.99998044967651367
2351 0.0061629880219697952 0.00018107343930751085 -0.99998098611831665
2352 0.011941789649426937 0.024524455890059471 -0.99962794780731201
2353 0.023021731525659561 0.017733929678797722 -0.99957770109176636
2354 -0.023152658715844154 0.027737166732549667 -0.99934709072113037
2355 -0.020399723201990128 0.019283650442957878 -0.99960589408874512
2356 0.023396864533424377 0.019359447062015533 -0.99953877925872803
2357 0.0061383256688714027 0.0066836811602115631 -0.99995887279510498
2358 -0.0013430675026029348 0.0064320913515985012 -0.99997848272323608
2359 0.002289850264787674 -0.00065015524160116911 -0.99999719858169556
2360 -0.00011227390496060252 -0.0055617024190723896 -0.99998456239700317
2361 0.006499716080725193 -0.012294923886656761 -0.99990332126617432
2362 0.011153439991176128 0.0017184085445478559 -0.99993634223937988
2363 -0.0054260841570794582 0.00090104388073086739 -0.99998492002487183
2364 0.013319370336830616 0.010391096584498882 -0.99985736608505249
2365 -0.01455145888030529 0.014064288698136806 -0.99979519844055176
2366 -0.003402339993044734 0.011493166908621788 -0.99992823600769043
2367 0.001478874241001904 -0.0011867128778249025 -0.99999821186065674
2368 0.0022874879650771618 -0.004564233124256134 -0.99998700618743896
2369 -0.013967607170343399 0.012333404272794724 -0.99982637166976929
2370 -0.011035436764359474 -0.01334298774600029 -0.99985015392303467
2371 -0.0017699258169159293 -0.004015875980257988 -0.99999034404754639
2372 -0.0032282897736877203 0.010751913301646709 -0.99993699789047241
2373 -0.019567564129829407 -0.016695179045200348 -0.99966913461685181
2374 0.001892227097414434 -0.0038688231725245714 -0.99999076128005981
2375 0.0032419650815427303 0.0056149428710341454 -0.99997901916503906
2376 0.0052861380390822887 0.0067794625647366047 -0.99996310472488403
2377 -0.00039422302506864071 -0.01932794600725174 -0.99981313943862915
2378 -0.0014535346999764442 -0.0080759767442941666 -0.99996638298034668
2379 0.0069994218647480011 -0.012968702241778374 -0.99989140033721924
2380 0.0023822672665119171 -0.0091117080301046371 -0.99995565414428711
2381 -0.002082606079056859 0.0086902063339948654 -0.99996012449264526
2382 -0.010542629286646843 -0.011280694045126438 -0.99988079071044922
2383 -0.0096984272822737694 -0.0060543473809957504 -0.99993467330932617
2384 2.935272095783148e-05 0.00036574149271473289 -0.99999994039535522
2385 0.00010053234291262925 -0.0011688144877552986 -0.99999934434890747
2386 6.0039106756448746e-05 0.00073780509410426021 -0.9999997615814209
2387 0.00014894247578922659 -0.0017133780056610703 -0.99999856948852539
2388 0.0024053922388702631 0.00881151482462883 -0.99995827674865723
2389 -0.012308158911764622 0.021589536219835281 -0.99969112873077393
2390 0.012639714404940605 0.011020994745194912 -0.99985939264297485
2391 -2.4171022232621908e-05 -0.001626692246645689 -0.99999868869781494
2392 2.639150079630781e-05 0.00034723151475191116 -0.99999994039535522
2393 -0.011716092005372047 -0.0096522215753793716 -0.99988478422164917
2394 0.00029644032474607229 0.011000066064298153 -0.99993950128555298
2395 0.00048591091763228178 -0.01537045743316412 -0.9998818039894104
2396 0.0024122600443661213 0.01160871796309948 -0.99992978572845459
2397 -0.0033855412621051073 0.0017346899257972836 -0.99999278783798218
2398 -0.00084826722741127014 -0.0019538966007530689 -0.99999773502349854
2399 0.027794532477855682 -0.015053004957735538 -0.9995003342628479
2400 0.024776747450232506 0.012439449317753315 -0.99961566925048828
2401 -0.026245847344398499 0.015955414623022079 -0.99952816963195801
2402 -0.026381755247712135 -0.017157886177301407 -0.99950474500656128
2403 -0.022917350754141808 -0.022934800013899803 -0.99947428703308105
2404 0.024490846320986748 -0.021337591111660004 -0.99947232007980347
2405 3.8199865230126306e-05 0.00046002145973034203 -0.99999988079071045
2406 -0.004376355092972517 -0.0036960670258849859 -0.99998360872268677
2407 0.00064084399491548538 -0.012203332968056202 -0.99992537498474121
2408 0.010787819512188435 -0.01417885348200798 -0.99984133243560791
2409 0.0042418204247951508 -0.0081582097336649895 -0.99995774030685425
2410 -0.0015218122862279415 0.00051701260963454843 -0.99999874830245972
2411 -0.0042295707389712334 0.0113780302926898 -0.99992632865905762
2412 0.0067647299729287624 0.01365983672440052 -0.99988383054733276
2413 0.012144082225859165 0.014637026004493237 -0.99981915950775146
2414 0.0091070067137479782 0.002338372403755784 -0.99995583295822144
2415 0.0060230838134884834 -0.0027248826809227467 -0.99997812509536743
2416 0.0040031587705016136 -0.008352428674697876 -0.99995714426040649
2417 0.0024133489932864904 -0.0037697437219321728 -0.99998998641967773
2418 0.0027178472373634577 0.020555537194013596 -0.99978500604629517
2419 -0.00084394274745136499 0.0098106851801276207 -0.99995154142379761
2420 -0.025297816842794418 0.0081665404140949249 -0.99964660406112671
2421 0.0044543715193867683 0.0061774160712957382 -0.99997103214263916
2422 -0.0014073605416342616 0.0050061601214110851 -0.99998652935028076
2423 0.019208991900086403 -0.0012203388614580035 -0.99981474876403809
2424 -0.011069429107010365 0.013393664732575417 -0.99984908103942871
2425 -0.032409828156232834 0.010846785269677639 -0.9994158148765564
2426 -0.010210655629634857 -0.011601626873016357 -0.99988061189651489
2427 6.6947068262379616e-05 0.00078522379044443369 -0.99999970197677612
2428 0.00015448669728357345 -0.0017716215224936604 -0.99999845027923584
2429 0.0038685738109052181 -0.004550933837890625 -0.99998217821121216
2430 0.0092996032908558846 0.017442928627133369 -0.99980461597442627
2431 0.0047694351524114609 0.0055442992597818375 -0.99997323751449585
2432 0.006476239301264286 -0.010041059926152229 -0.99992865324020386
2433 -0.0018823167774826288 -0.0027781683020293713 -0.99999439716339111
2434 0.0022848423104733229 -0.020983565598726273 -0.99977719783782959
2435 -0.0066248769871890545 0.0095049468800425529 -0.99993288516998291
2436 -0.99995696544647217 -0.0092175956815481186 -0.0010807251092046499
2437 0.0060555175878107548 0.0093979025259613991 -0.99993753433227539
2438 -0.015920709818601608 0.0098816938698291779 -0.9998244047164917
2439 0.00060802232474088669 0.0050775511190295219 -0.99998694658279419
2440 0.0075751137919723988 0.0099706128239631653 -0.99992161989212036
2441 -0.017554625868797302 0.013268896378576756 -0.99975788593292236
2442 -0.0032544936984777451 0.01435737032443285 -0.99989163875579834
2443 0.0086370827630162239 -0.012523197568953037 -0.99988430738449097
2444 0.0012782092671841383 -0.0020607563201338053 -0.99999707937240601
2445 -0.0016735817771404982 0.0046370937488973141 -0.99998784065246582
2446 -0.010321692563593388 0.0017685310449451208 -0.99994522333145142
2447 0.00038483645766973495 -0.001807978842407465 -0.99999833106994629
2448 -0.99999970197677612 0.00019805871124844998 -0.00078862864756956697
2449 0.012285125441849232 0.011953908950090408 -0.99985313415527344
2450 0.0067094177938997746 0.018586298450827599 -0.99980473518371582
2451 3.1884032068774104e-05 0.00040717105730436742 -0.99999994039535522
2452 -0.01635727658867836 0.01559513621032238 -0.99974459409713745
2453 0.0016625153366476297 -0.0093327770009636879 -0.99995511770248413
2454 -0.0023061144165694714 0.0015121366595849395 -0.99999624490737915
2455 -1.8833321519196033e-05 -0.0025262038689106703 -0.9999968409538269
2456 -0.0088918618857860565 -0.015235625207424164 -0.99984443187713623
2457 0.0094902412965893745 0.010474523529410362 -0.99990010261535645
2458 -0.0094002680853009224 -0.012037923559546471 -0.99988335371017456
2459 -0.99999505281448364 -0.0030417887028306723 -0.00083551113493740559
2460 -0.013200006447732449 0.018038250505924225 -0.99975019693374634
2461 0.02025618776679039 0.0070613110437989235 -0.99976986646652222
2462 0.0053910445421934128 0.011102550663053989 -0.99992388486862183
2463 0.0068199019879102707 0.029814835637807846 -0.99953216314315796
2464 0.0088145947083830833 -0.010613869875669479 -0.9999048113822937
2465 0.0017612964147701859 0.012756690382957458 -0.99991708993911743
2466 0.015208246186375618 0.0085315918549895287 -0.99984800815582275
2467 6.4374995417892933e-05 0.00064337090589106083 -0.99999982118606567
2468 0.00010806956561282277 -0.0011627922067418694 -0.99999934434890747
2469 8.2067053881473839e-05 0.00084393663564696908 -0.99999964237213135
2470 0.00015818033716641366 -0.001819646917283535 -0.99999833106994629
2471 -0.013174232095479965 -0.0053186933510005474 -0.99989908933639526
2472 0.012852424755692482 -0.014343657530844212 -0.99981451034545898
2473 -0.014794136397540569 0.017960470169782639 -0.99972927570343018
2474 0.027715606614947319 -0.0072734677232801914 -0.99958938360214233
2475 -0.015693811699748039 0.012080694548785686 -0.99980384111404419
2476 -0.0091205155476927757 -0.011397360824048519 -0.99989348649978638
2477 -0.00031432451214641333 0.011995908804237843 -0.99992799758911133
2478 0.0014604347525164485 -0.00098750181496143341 -0.99999845027923584
2479 0.016535170376300812 0.0070393313653767109 -0.99983853101730347
2480 -0.0046579199843108654 0.0040209922008216381 -0.9999811053276062
2481 0.0027037805411964655 -0.00044606431038118899 -0.99999624490737915
2482 0.0048950021155178547 -0.019399194046854973 -0.99979984760284424
2483 0.0085806548595428467 0.0037334230728447437 -0.99995625019073486
2484 -0.020790914073586464 0.038229156285524368 -0.99905270338058472
2485 0.010684031993150711 0.0097483890131115913 -0.99989545345306396
2486 -0.0023269020020961761 -0.014209996908903122 -0.9998963475227356
2487 -0.0023435468319803476 -0.0071294247172772884 -0.99997186660766602
2488 -0.00023081578547134995 0.00029367732349783182 -1
2489 -0.001859186333604157 -0.029001889750361443 -0.99957764148712158
2490 -0.0011702973861247301 -0.0068241627886891365 -0.99997609853744507
2491 0.0052187391556799412 -0.00012405247252900153 -0.99998641014099121
2492 0.0097625227645039558 -0.0044959601946175098 -0.99994230270385742
2493 0.0034771035425364971 0.029687711969017982 -0.99955320358276367
2494 -0.013810747303068638 0.014861054718494415 -0.99979418516159058
2495 0.0041369698010385036 0.0020885530393570662 -0.99998927116394043
2496 -0.0041227485053241253 0.0029643301386386156 -0.99998712539672852
2497 -0.99991458654403687 -0.01300320215523243 -0.0013502705842256546
2498 0.0041751968674361706 0.019670372828841209 -0.99979782104492188
2499 0.0067291166633367538 0.0092229098081588745 -0.9999348521232605
2500 0.013924173079431057 0.0061042238958179951 -0.99988442659378052
2501 0.0015386694576591253 -0.0091339750215411186 -0.99995714426040649
2502 -0.027046769857406616 0.0069346297532320023 -0.99961012601852417
2503 -0.00055698707001283765 -0.003951613325625658 -0.99999207258224487
2504 0.00010335864499211311 -0.0012553315609693527 -0.99999922513961792
2505 0.0035361726768314838 -0.00036394258495420218 -0.99999368190765381
2506 0.0033883408177644014 0.001973794074729085 -0.99999231100082397
2507 0.00064677285263314843 0.00030948346829973161 -0.9999997615814209
2508 0.006732964888215065 0.010939949192106724 -0.99991750717163086
2509 -0.0040554110892117023 -0.0016662280540913343 -0.99999040365219116
2510 0.0093825841322541237 -0.016105085611343384 -0.99982625246047974
2511 -0.0045028980821371078 0.0073090633377432823 -0.99996316432952881
2512 0.00027912680525332689 -0.0023354652803391218 -0.99999725818634033
2513 -0.009401603601872921 -0.011259819380939007 -0.99989241361618042
2514 0.0042031495831906796 0.0044635194353759289 -0.99998122453689575
2515 0.031810939311981201 0.0085246758535504341 -0.99945759773254395
2516 0.0322728231549263 -0.0085849091410636902 -0.99944227933883667
2517 -0.026474440470337868 -0.010405725799500942 -0.99959534406661987
2518 -0.031672317534685135 0.011106132529675961 -0.99943661689758301
2519 -0.0073558520525693893 -0.0071468669921159744 -0.99994742870330811
2520 0.0043255947530269623 -0.016636975109577179 -0.99985229969024658
2521 0.0024073638487607241 -0.010315405204892159 -0.99994391202926636
2522 0.012292137369513512 0.013293540105223656 -0.99983614683151245
2523 -0.0073538855649530888 0.0031377000268548727 -0.99996805191040039
2524 0.00048130346112884581 -0.010779827833175659 -0.99994176626205444
2525 -0.010495925322175026 -0.011964837089180946 -0.99987334012985229
2526 0.010525389574468136 -0.0077084526419639587 -0.99991494417190552
2527 -0.0025815791450440884 0.005196770653128624 -0.99998319149017334
2528 -0.018096471205353737 0.018355218693614006 -0.99966776371002197
2529 -0.0037868267390877008 0.0061033018864691257 -0.99997425079345703
2530 -0.015312885865569115 0.01380589883774519 -0.99978744983673096
2531 0.0014492454938590527 0.00058798148529604077 -0.99999880790710449
2532 0.00025865179486572742 -0.0018392623169347644 -0.99999827146530151
2533 0.0021154596470296383 0.0015696373302489519 -0.99999654293060303
2534 -0.020958799868822098 0.0058633829466998577 -0.9997631311416626
2535 -0.0075742132030427456 -0.009367065504193306 -0.99992746114730835
2536 0.011709045618772507 -0.0092334272339940071 -0.9998888373374939
2537 -0.0021533381659537554 0.0025892159901559353 -0.99999433755874634
2538 0.0034463382326066494 0.014802480116486549 -0.99988454580307007
2539 0.016068330034613609 -0.015642600134015083 -0.99974852800369263
2540 -0.010489067062735558 -0.012659828178584576 -0.99986487627029419
2541 0.018680468201637268 -0.0091607300564646721 -0.99978351593017578
2542 -0.00289699318818748 0.006846151314675808 -0.99997240304946899
2543 0.0015492014354094863 0.0045098941773176193 -0.99998867511749268
2544 0.01823396235704422 -0.011451656930148602 -0.99976819753646851
2545 -0.014899877831339836 0.010164561681449413 -0.99983733892440796
2546 0.0095096863806247711 0.013479472137987614 -0.99986398220062256
2547 0.0014368013944476843 0.019459422677755356 -0.9998096227645874
2548 -0.0030964622274041176 -0.0093274638056755066 -0.99995172023773193
2549 -0.0013237327802926302 0.0028862245380878448 -0.99999499320983887
2550 -0.0094687603414058685 -0.0077546760439872742 -0.99992513656616211
2551 0.0074407970532774925 -0.0178065225481987 -0.99981379508972168
2552 0.015330484136939049 -0.01239958219230175 -0.99980562925338745
2553 0.0030776674393564463 -0.00027972820680588484 -0.99999523162841797
2554 -0.012920208275318146 -0.0097456108778715134 -0.99986904859542847
2555 0.0013700545532628894 0.013277575373649597 -0.99991095066070557
2556 -0.0018744048429653049 0.0063311127014458179 -0.99997824430465698
2557 0.00012559969036374241 -0.0016014901921153069 -0.99999874830245972
2558 0.011498188599944115 -0.0096836471930146217 -0.99988704919815063
2559 0.014386736787855625 0.0054764710366725922 -0.99988150596618652
2560 0.01280235406011343 0.0035982525441795588 -0.9999116063117981
2561 -0.0036481376737356186 0.0050191818736493587 -0.99998080730438232
2562 0.0021706204861402512 -0.0033365192357450724 -0.99999207258224487
2563 0.0061890352517366409 -0.0046355496160686016 -0.99997013807296753
2564 -0.0026838495396077633 -0.009863278828561306 -0.99994778633117676
2565 -0.00089323805877938867 -0.0021332441829144955 -0.99999737739562988
2566 -0.00010715378448367119 -0.0093633346259593964 -0.99995619058609009
2567 0.01744687557220459 -0.013973339460790157 -0.99975013732910156
2568 0.0006221759831532836 -0.00122425751760602 -0.99999910593032837
2569 -0.0039158733561635017 -0.01111751701682806 -0.99993056058883667
2570 2.3925267669255845e-05 0.00030597895965911448 -0.99999994039535522
2571 0.010849283076822758 0.011045506224036217 -0.99988013505935669
2572 0.009491918608546257 -0.0083097601309418678 -0.99992042779922485
2573 -0.0014223891776055098 0.019096918404102325 -0.9998166561126709
2574 -0.0065682004205882549 -0.0017047878354787827 -0.9999769926071167
2575 0.0014360181521624327 -0.00080424419138580561 -0.99999862909317017
2576 -0.0080202678218483925 -0.004027659073472023 -0.99995976686477661
2577 0.00015945866471156478 -0.0037395893596112728 -0.99999302625656128
2578 2.7440197300165892e-05 0.003748421324416995 -0.99999302625656128
2579 0.0021120246965438128 0.0015607367968186736 -0.99999654293060303
2580 0.0016188859008252621 -0.0017764222575351596 -0.99999713897705078
2581 0.01571662537753582 -0.0035842799115926027 -0.99987006187438965
2582 0.013263141736388206 0.0097323004156351089 -0.99986469745635986
2583 -0.010365723632276058 -0.01045158039778471 -0.99989169836044312
2584 0.0016322642331942916 0.0047440393827855587 -0.99998748302459717
2585 -0.023876650258898735 0.011548100970685482 -0.99964821338653564
2586 0.0044023487716913223 -0.0076884869486093521 -0.99996078014373779
2587 0.00014189619105309248 0.0039817267097532749 -0.99999207258224487
2588 -0.00056456634774804115 -0.0064603704959154129 -0.99997901916503906
2589 0.013682929798960686 -0.010102506726980209 -0.9998553991317749
2590 -0.0068958252668380737 -0.0046589118428528309 -0.9999653697013855
2591 0.01235523447394371 0.0093740075826644897 -0.99987977743148804
2592 0.012198737822473049 0.014799504540860653 -0.99981606006622314
2593 -0.015507232397794724 -0.010275043547153473 -0.99982696771621704
2594 0.0043011531233787537 -0.0020890641026198864 -0.9999886155128479
2595 0.0016441429033875465 -0.00057341513456776738 -0.99999850988388062
2596 -0.010520512238144875 -0.0060669807717204094 -0.99992626905441284
2597 0.00086533353896811604 0.0056414823047816753 -0.99998372793197632
2598 0.0053997538052499294 0.013394549489021301 -0.99989575147628784
2599 0.017071601003408432 -0.0072042127139866352 -0.99982833862304688
2600 0.0094186738133430481 -0.015559157356619835 -0.99983459711074829
2601 0.00065833365079015493 0.00035952217876911163 -0.9999997615814209
2602 0.0054672975093126297 0.0074960594065487385 -0.99995696544647217
2603 0.0030438397079706192 -0.015554782934486866 -0.99987441301345825
2604 0.0013437021989375353 -0.0010383084882050753 -0.99999862909317017
2605 0.013682983815670013 -0.0044609042815864086 -0.99989646673202515
2606 -0.0094995778053998947 0.011527341790497303 -0.99988847970962524
2607 0.0086718946695327759 0.020980587229132652 -0.99974226951599121
2608 0.017343649640679359 -0.0088159767910838127 -0.99981069564819336
2609 5.0723578169709072e-05 0.00065251911291852593 -0.99999982118606567
2610 0.016890013590455055 -0.0059331497177481651 -0.99983978271484375
2611 0.001740104635246098 0.00053391954861581326 -0.99999833106994629
2612 0.01352910790592432 0.011104539968073368 -0.99984681606292725
2613 -0.02542167529463768 -0.012795183807611465 -0.99959492683410645
2614 -0.028200548142194748 0.013887155801057816 -0.99950587749481201
2615 0.02621014416217804 0.010289404541254044 -0.9996035099029541
2616 0.026254961267113686 -0.010597008280456066 -0.99959909915924072
2617 0.0018087376374751329 3.7897145375609398e-05 -0.99999839067459106
2618 -0.00030040449928492308 0.0050208093598484993 -0.99998736381530762
2619 -0.0098412893712520599 -0.013021862134337425 -0.99986684322357178
2620 -0.01420945767313242 0.009787021204829216 -0.99985116720199585
2621 -0.0040350700728595257 0.018304286524653435 -0.99982434511184692
2622 -0.0071081924252212048 -0.0084355724975466728 -0.9999392032623291
2623 -0.0050692236982285976 -0.011909868568181992 -0.99991625547409058
2624 0.0072271828539669514 -0.026329454034566879 -0.99962723255157471
2625 -0.0089866528287529945 -0.0085670566186308861 -0.99992293119430542
2626 0.0037574009038507938 0.0098465504124760628 -0.99994444847106934
2627 0.0019382468890398741 -0.0066973604261875153 -0.99997568130493164
2628 0.01502400916069746 -0.011699440889060497 -0.99981868267059326
2629 0.0032997594680637121 -0.0090623581781983376 -0.9999535083770752
2630 0.0074524208903312683 -0.0015094701666384935 -0.99997109174728394
2631 0.011648372747004032 0.015837790444493294 -0.99980676174163818
2632 0.0054266485385596752 -0.010857529006898403 -0.99992638826370239
2633 0.011794129386544228 -0.013471730053424835 -0.99983972311019897
2634 0.0051953103393316269 -0.012223762460052967 -0.99991178512573242
2635 0.0040304064750671387 0.0080247092992067337 -0.99995970726013184
2636 -0.0024770773015916348 0.0093377428129315376 -0.99995338916778564
2637 -0.0017198002897202969 -0.010523246601223946 -0.99994313716888428
2638 0.0021127916406840086 -0.0067340456880629063 -0.99997514486312866
2639 0.0027109815273433924 0.007654908113181591 -0.99996703863143921
2640 0.0033263773657381535 -0.014492006041109562 -0.99988949298858643
2641 -0.0033067455515265465 0.0087216543033719063 -0.99995654821395874
2642 -0.0047669755294919014 0.0059664696455001831 -0.99997085332870483
2643 0.0070444759912788868 0.012011460959911346 -0.99990302324295044
2644 -0.0082578882575035095 0.007786998525261879 -0.99993562698364258
2645 -0.0039117354899644852 0.0069527970626950264 -0.99996823072433472
2646 -0.026059145107865334 -0.0087117655202746391 -0.99962252378463745
2647 0.00076129630906507373 0.0024570673704147339 -0.99999672174453735
2648 0.0018941661110147834 0.00035711695090867579 -0.99999815225601196
2649 -0.0064467801712453365 0.0069091245532035828 -0.99995541572570801
2650 -0.01481760386377573 -0.008891986683011055 -0.99985069036483765
2651 0.0030575657729059458 0.0072625926695764065 -0.99996894598007202
2652 0.0013009104877710342 -0.01339886337518692 -0.99990940093994141
2653 0.00018259760690853 -0.0015181562630459666 -0.99999886751174927
2654 0.002047903835773468 -0.0048752264119684696 -0.99998605251312256
2655 0.003600990166887641 -0.0021364355925470591 -0.99999129772186279
2656 0.0018514848779886961 0.0061196219176054001 -0.99997955560684204
2657 -0.0021872513461858034 -0.007448921911418438 -0.99996989965438843
2658 -0.0073678330518305302 -0.008383631706237793 -0.99993777275085449
2659 -0.0013089582789689302 -0.0069770542904734612 -0.99997484683990479
2660 -0.0074989441782236099 0.0063587208278477192 -0.99995172023773193
2661 0.016573181375861168 0.0068805026821792126 -0.99983900785446167
2662 -0.0086414311081171036 0.0086686694994568825 -0.99992507696151733
2663 0.012206736952066422 0.012466210871934891 -0.99984782934188843
2664 0.0054964623413980007 0.0082122664898633957 -0.99995118379592896
2665 0.012804378755390644 0.014009237289428711 -0.99981987476348877
2666 -0.00016117788618430495 0.0083242198452353477 -0.9999653697013855
2667 0.00065306993201375008 -0.0011861051898449659 -0.99999910593032837
2668 0.0020371987484395504 0.011275898665189743 -0.99993437528610229
2669 0.0016709667397662997 -0.0093501023948192596 -0.9999549388885498
2670 -0.0051934928633272648 -0.013480551540851593 -0.99989569187164307
2671 -0.0016293007647618651 0.010697006247937679 -0.99994152784347534
2672 -0.0070454711094498634 0.0031786765903234482 -0.99997013807296753
2673 -0.017366228625178337 0.0081837689504027367 -0.99981570243835449
2674 -0.008916148915886879 0.0094926143065094948 -0.99991524219512939
2675 -0.0087162358686327934 -0.013979952782392502 -0.99986428022384644
2676 -0.00025279214605689049 -0.008111070841550827 -0.99996709823608398
2677 -0.00035468651913106441 -0.013736790977418423 -0.99990558624267578
2678 -0.0064992010593414307 -0.014729883521795273 -0.9998704195022583
2679 0.0086095873266458511 -0.0040506641380488873 -0.99995476007461548
2680 -0.0036997606512159109 0.010833890177309513 -0.99993449449539185
2681 -0.0098037729039788246 -0.014236581511795521 -0.99985063076019287
2682 0.0073005477897822857 -0.013062469661235809 -0.99988806247711182
2683 0.010586232878267765 0.0076535874977707863 -0.99991470575332642
2684 -0.0080992709845304489 -0.024216556921601295 -0.99967390298843384
2685 -0.0031244480051100254 -0.013820805586874485 -0.99989962577819824
2686 -0.016586363315582275 -0.010182428173720837 -0.99981057643890381
2687 0.010695307515561581 -0.0072556799277663231 -0.99991649389266968
2688 0.0079258596524596214 -0.016304388642311096 -0.99983566999435425
2689 -0.007930167019367218 0.0091277994215488434 -0.99992692470550537
2690 0.00057668646331876516 0.0093543278053402901 -0.99995613098144531
2691 -0.011361648328602314 0.02008986659348011 -0.99973362684249878
2692 0.013244570232927799 -1.6457750461995602e-05 -0.9999123215675354
2693 0.0038103146944195032 -0.009395119734108448 -0.99994862079620361
2694 -0.0066465102136135101 0.017663976177573204 -0.99982190132141113
2695 -0.0080564171075820923 -0.014440892264246941 -0.99986332654953003
2696 -0.0023075244389474392 -0.00939162727445364 -0.99995326995849609
2697 0.0061518680304288864 0.017540182918310165 -0.99982726573944092
2698 0.0040996293537318707 0.0063204066827893257 -0.99997162818908691
2699 -0.019713668152689934 0.010484994389116764 -0.99975073337554932
2700 -0.008523888885974884 -0.021134469658136368 -0.9997403621673584
2701 0.0014908397570252419 -0.00071490980917587876 -0.99999868869781494
2702 -0.014488784596323967 0.0076977279968559742 -0.99986547231674194
2703 0.0014375862665474415 -0.00027083698660135269 -0.99999898672103882
2704 0.0023017271887511015 0.0052423244342207909 -0.99998360872268677
2705 0.00040878183790482581 0.010133441537618637 -0.99994862079620361
2706 0.018552038818597794 -0.011144042946398258 -0.99976581335067749
2707 -0.0092189330607652664 -0.014837189577519894 -0.99984747171401978
2708 0.0040407893247902393 -0.0057396548800170422 -0.99997538328170776
2709 -0.005627273116260767 0.013342025689780712 -0.99989515542984009
2710 0.013526729308068752 0.0083272168412804604 -0.99987387657165527
2711 0.016081640496850014 -0.0074079115875065327 -0.99984323978424072
2712 -0.026210740208625793 -0.014968089759349823 -0.99954444169998169
2713 0.0033480864949524403 -0.0083588520064949989 -0.99995946884155273
2714 -0.0041155070066452026 0.0058297775685787201 -0.99997454881668091
2715 9.1685564257204533e-05 0.013846126385033131 -0.99990415573120117
2716 -0.027313610538840294 -0.0099664134904742241 -0.99957728385925293
2717 -0.0021917240228503942 -0.013944784179329872 -0.99990040063858032
2718 0.00013953038433101028 -0.011191165074706078 -0.99993741512298584
2719 -0.0045775678008794785 0.0013561684172600508 -0.9999886155128479
2720 -0.0070410622283816338 0.0063062948174774647 -0.99995535612106323
2721 -0.003394570667296648 -0.01444973424077034 -0.99988985061645508
2722 0.0034640668891370296 -0.006670710165053606 -0.99997174739837646
2723 0.012242533266544342 -0.016821321099996567 -0.99978357553482056
2724 0.0037210246082395315 0.0085496604442596436 -0.99995654821395874
2725 -0.001193115022033453 -0.01318061351776123 -0.99991244077682495
2726 -0.0084825027734041214 0.0075261155143380165 -0.99993574619293213
2727 -0.002181085292249918 0.0032089510932564735 -0.9999924898147583
2728 0.0072028059512376785 -0.00098049687221646309 -0.9999735951423645
2729 0.011602035723626614 -0.0069503947161138058 -0.99990856647491455
2730 -0.0098487194627523422 0.012666749767959118 -0.99987131357192993
2731 -0.01046608854085207 -0.0077990004792809486 -0.99991482496261597
2732 0.0027837534435093403 0.0020879181101918221 -0.99999397993087769
2733 0.020082462579011917 -0.0081500569358468056 -0.99976515769958496
2734 0.013098347932100296 0.0082217995077371597 -0.99988043308258057
2735 0.012882891111075878 0.0013713139342144132 -0.99991613626480103
2736 0.007902427576482296 0.010767705738544464 -0.99991083145141602
2737 0.0040367902256548405 -0.011499010026454926 -0.99992579221725464
2738 -0.0087979333475232124 -0.012759021483361721 -0.99987989664077759
2739 -0.0066403467208147049 0.0041679292917251587 -0.99996930360794067
2740 -0.00063273048726841807 0.0027789177838712931 -0.99999594688415527
2741 -0.0038070641458034515 0.0095410635694861412 -0.99994724988937378
2742 0.017327737063169479 -0.011610348708927631 -0.99978244304656982
2743 0.0027421959675848484 -0.015680801123380661 -0.99987334012985229
2744 -0.016576291993260384 0.010475248098373413 -0.99980771541595459
2745 -0.016399592161178589 0.014009645208716393 -0.99976736307144165
2746 0.0023805759847164154 -0.0068472046405076981 -0.99997377395629883
2747 -0.0022872420959174633 0.01215493306517601 -0.99992352724075317
2748 -0.025033894926309586 0.012097245082259178 -0.99961340427398682
2749 -0.0043555740267038345 -0.01427520252764225 -0.99988865852355957
2750 0.0040250974707305431 -0.012146852910518646 -0.99991816282272339
2751 0.0044317641295492649 -0.0094103747978806496 -0.99994593858718872
2752 -0.0001091627127607353 0.0064383363351225853 -0.99997931718826294
2753 -0.012242742814123631 -0.01078092772513628 -0.99986696243286133
2754 -0.0214698426425457 -0.011837728321552277 -0.99969941377639771
2755 0.0099792499095201492 -0.006826634518802166 -0.99992692470550537
2756 0.0061354143545031548 0.013917272910475731 -0.99988436698913574
2757 -0.011460062116384506 0.0058097066357731819 -0.99991750717163086
2758 -0.0073811630718410015 0.0081510618329048157 -0.99993956089019775
2759 0.01308867335319519 0.012977361679077148 -0.99983018636703491
2760 -0.016905825585126877 0.013527650386095047 -0.99976557493209839
2761 0.0063436897471547127 0.012325671501457691 -0.99990391731262207
2762 -0.0050060302019119263 0.013411391526460648 -0.9998975396156311
2763 0.0045071612112224102 0.0059656659141182899 -0.99997204542160034
2764 -0.00085488392505794764 0.007569893728941679 -0.99997103214263916
2765 -0.0033529598731547594 -0.015937764197587967 -0.99986737966537476
2766 0.013705543242394924 0.0078976936638355255 -0.99987494945526123
2767 0.0037341935094445944 -0.0052716066129505634 -0.99997913837432861
2768 0.015528304502367973 0.005068980623036623 -0.99986660480499268
2769 -0.0067393952049314976 0.0049478304572403431 -0.99996507167816162
2770 0.0062514287419617176 -0.0091097475960850716 -0.99993896484375
2771 0.011380402371287346 0.0091214859858155251 -0.9998936653137207
2772 0.0017606135224923491 0.0057063475251197815 -0.99998217821121216
2773 0.0056021902710199356 -0.0088116256520152092 -0.99994552135467529
2774 -0.018146529793739319 0.013678622432053089 -0.99974179267883301
2775 0.010148421861231327 0.0068086627870798111 -0.99992537498474121
2776 0.007333527784794569 0.011143676936626434 -0.99991106986999512
2777 0.015436434186995029 0.0068038203753530979 -0.99985772371292114
2778 -0.0054491120390594006 0.0053421221673488617 -0.99997091293334961
2779 -0.021226786077022552 -0.0036883559077978134 -0.99976789951324463
2780 -0.024338584393262863 0.012140770442783833 -0.99963009357452393
2781 0.014994484372437 0.0050073075108230114 -0.99987506866455078
2782 0.0032612604554742575 0.010129448026418686 -0.99994343519210815
2783 0.0019410841632634401 -0.0021730291191488504 -0.99999576807022095
2784 -0.011674406006932259 -0.011144275777041912 -0.99986976385116577
2785 0.013920830562710762 0.0035472158342599869 -0.9998968243598938
2786 0.01023257989436388 -0.0057690828107297421 -0.99993103742599487
2787 0.0062632742337882519 0.0059650088660418987 -0.99996262788772583
2788 0.0049708127044141293 -0.0058611608110368252 -0.99997049570083618
2789 -0.0047688465565443039 -0.010639842599630356 -0.99993205070495605
2790 0.017045773565769196 -0.01173932570964098 -0.99978578090667725
2791 -0.00109062809497118 0.0074973087757825851 -0.99997133016586304
2792 0.014159400016069412 0.0093163102865219116 -0.99985635280609131
2793 0.01942376047372818 -0.007847663015127182 -0.99978053569793701
2794 -0.0012717355275526643 0.0096303569152951241 -0.99995285272598267
2795 0.0087866252288222313 -0.0019144935067743063 -0.99995958805084229
2796 -0.0010787744540721178 0.010600058361887932 -0.99994325637817383
2797 -0.017808955162763596 0.011878254823386669 -0.9997708797454834
2798 0.0047778962180018425 0.0013462966307997704 -0.99998772144317627
2799 -0.0014662572648376226 0.0079400595277547836 -0.99996739625930786
2800 -0.0037326975725591183 0.010734732262790203 -0.99993544816970825
2801 0.0026321376208215952 -0.0053086434490978718 -0.99998247623443604
2802 0.00030432004132308066 0.0015254792524501681 -0.99999880790710449
2803 0.017719930037856102 -0.009799908846616745 -0.99979496002197266
2804 0.0036723855882883072 -0.0066674370318651199 -0.99997103214263916
2805 0.0029607631731778383 0.00321751250885427 -0.99999046325683594
2806 0.0083079766482114792 0.013349017128348351 -0.99987637996673584
2807 0.0020748612005263567 0.0012848370242863894 -0.99999707937240601
2808 0.014441343024373055 0.0074115595780313015 -0.99986827373504639
2809 0.009388272650539875 -0.004759905394166708 -0.99994462728500366
2810 0.0051454547792673111 -0.0062816683202981949 -0.99996709823608398
2811 0.0078357886523008347 0.0018611744744703174 -0.99996757507324219
2812 -0.00010172603651881218 -0.010887185111641884 -0.99994075298309326
2813 -0.019011382013559341 0.008899342268705368 -0.99977964162826538
2814 -0.0052429232746362686 -0.012376953847706318 -0.99990969896316528
2815 -0.013843140564858913 -0.013682300224900246 -0.99981057643890381
2816 -0.00046818493865430355 0.0054071168415248394 -0.99998527765274048
2817 0.016840457916259766 -0.0082192206755280495 -0.9998244047164917
2818 0.002280170563608408 -0.0059205689467489719 -0.99997991323471069
2819 -0.030229182913899422 -0.021694723516702652 -0.99930757284164429
2820 0.00076165050268173218 0.0053605702705681324 -0.99998539686203003
2821 -0.001301127253100276 0.0067843063734471798 -0.99997615814208984
2822 0.0074616181664168835 -0.0025765255559235811 -0.99996888637542725
2823 -0.018345776945352554 0.015021680854260921 -0.99971890449523926
2824 -0.0046569677069783211 -0.003635273315012455 -0.99998259544372559
2825 0.011138134635984898 0.013966831378638744 -0.99984043836593628
2826 0.0093110539019107819 0.012004692107439041 -0.99988460540771484
2827 -0.0014617027482017875 -0.016359632834792137 -0.99986511468887329
2828 0.010561849921941757 -0.0098900534212589264 -0.99989533424377441
2829 0.0030970931984484196 0.0059777628630399704 -0.99997735023498535
2830 -0.0075220586732029915 0.011930014006793499 -0.99990057945251465
2831 0.0044542667455971241 0.0061145336367189884 -0.99997138977050781
2832 -0.0004103855462744832 0.009696601890027523 -0.99995291233062744
2833 -0.0093195047229528427 0.017449311912059784 -0.99980431795120239
2834 0.0011731747072190046 -0.005402666050940752 -0.9999847412109375
2835 -0.01239271555095911 -0.0095001701265573502 -0.99987810850143433
2836 0.0079215969890356064 -0.0032347375527024269 -0.99996340274810791
2837 0.0091916760429739952 -0.0077331266365945339 -0.99992787837982178
2838 -0.003533609677106142 0.0083377482369542122 -0.99995905160903931
2839 -0.0018133949488401413 -0.0094009228050708771 -0.99995416402816772
2840 0.0034499925095587969 -0.011107892729341984 -0.99993234872817993
2841 0.011636187322437763 0.0078238267451524734 -0.99990171194076538
2842 -0.00010105805267812684 0.0073607838712632656 -0.99997293949127197
2843 0.0074060298502445221 -0.0042013693600893021 -0.99996376037597656
2844 -0.0020331076811999083 -0.0079644722864031792 -0.99996626377105713
2845 0.031503655016422272 0.001653041341342032 -0.99950230121612549
2846 0.031462356448173523 -0.00204615225084126 -0.99950289726257324
2847 -0.029918806627392769 -0.0045684166252613068 -0.99954187870025635
2848 -0.031283661723136902 0.0037465265486389399 -0.99950355291366577
2849 0.0062459772452712059 -0.005986211821436882 -0.99996262788772583
2850 0.0072079063393175602 -0.014170370064675808 -0.99987363815307617
2851 0.01570715568959713 0.0076462435536086559 -0.999847412109375
2852 0.003629086771979928 -2.4411014237557538e-05 -0.99999344348907471
2853 0.013921791687607765 -0.0074465908110141754 -0.99987542629241943
2854 -0.0030955951660871506 0.0042742560617625713 -0.99998611211776733
2855 -0.00088506611064076424 0.0011150218779221177 -0.99999898672103882
2856 0.0016903678188100457 -0.003305316437035799 -0.99999314546585083
2857 0.018807698041200638 -0.010930242016911507 -0.9997633695602417
2858 -0.0063512083142995834 0.0086831552907824516 -0.99994218349456787
2859 5.2126608352409676e-05 0.0007054825546219945 -0.9999997615814209
2860 8.5400410171132535e-05 -0.00115581089630723 -0.99999934434890747
2861 6.8308712798170745e-05 0.00092449143994599581 -0.99999958276748657
2862 0.00013740052236244082 -0.0018210727721452713 -0.99999833106994629
2863 -0.0011577983386814594 -0.0069725178182125092 -0.99997502565383911
2864 -0.00012566470832098275 0.0022548031993210316 -0.99999749660491943
2865 0.00016920990310609341 0.0022710275370627642 -0.99999743700027466
2866 -0.0036114880349487066 -0.0083711352199316025 -0.99995845556259155
2867 0.0097402622923254967 0.012549515813589096 -0.99987387657165527
2868 0.0068047782406210899 -0.0050287581980228424 -0.99996423721313477
2869 0.0046580773778259754 -0.014392907731235027 -0.99988561868667603
2870 -0.006416885182261467 -0.013264884240925312 -0.99989145994186401
2871 0.0006029871292412281 -0.0041574630886316299 -0.99999117851257324
2872 0.01451379619538784 -0.011010886169970036 -0.99983406066894531
2873 0.010368619114160538 -0.0040220720693469048 -0.99993818998336792
2874 0.015321535989642143 0.0052579008042812347 -0.99986886978149414
2875 0.00020647083874791861 0.012796646915376186 -0.99991816282272339
2876 -0.00067070627119392157 -0.012864124029874802 -0.99991708993911743
2877 -0.0021535200066864491 -0.018313374370336533 -0.99983000755310059
2878 0.00150543253403157 -0.00086034485138952732 -0.99999850988388062
2879 -0.0037303341086953878 0.0032012900337576866 -0.99998795986175537
2880 0.0063816634938120842 0.020604370161890984 -0.99976736307144165
2881 0.0086977351456880569 -0.010967009700834751 -0.99990206956863403
2882 0.012234431691467762 -0.019630644470453262 -0.99973249435424805
2883 0.00063227151986211538 -0.0029322372283786535 -0.99999552965164185
2884 -0.014644036069512367 -0.011665759608149529 -0.99982470273971558
2885 -0.0022715353406965733 -0.0161469466984272 -0.99986708164215088
2886 0.031705755740404129 -0.022784283384680748 -0.9992375373840332
2887 0.0088063450530171394 -0.005619958508759737 -0.99994546175003052
2888 0.0058520040474832058 -0.0034116425085812807 -0.99997705221176147
2889 0.019774980843067169 -0.011369779706001282 -0.99973982572555542
2890 0.0089495237916707993 0.0089769680052995682 -0.99991971254348755
2891 -0.0084667420014739037 0.0070333611220121384 -0.9999394416809082
2892 0.0018263880629092455 -0.0051904390566051006 -0.99998486042022705
2893 -0.0051832501776516438 0.019318671897053719 -0.99979996681213379
2894 -0.0024635395966470242 0.010253407992422581 -0.99994438886642456
2895 0.0030475014355033636 -0.0021449683699756861 -0.99999308586120605
2896 0.0079187573865056038 0.012621556408703327 -0.99988901615142822
2897 -0.018750328570604324 0.013167537748813629 -0.99973750114440918
2898 0.0022964258678257465 0.00043454510159790516 -0.99999731779098511
2899 -0.0059327809140086174 -0.019736327230930328 -0.99978762865066528
2900 -0.00056947016855701804 -0.0062305228784680367 -0.99998044967651367
2901 -0.006461957935243845 -0.0056114308536052704 -0.99996340274810791
2902 0.0021433969959616661 0.011841953732073307 -0.99992763996124268
2903 -0.0098855523392558098 -0.011055867187678814 -0.9998900294303894
2904 0.012516351416707039 0.0092744259163737297 -0.99987870454788208
2905 0.0048744920641183853 -0.015195753425359726 -0.99987268447875977
2906 0.0090284952893853188 0.011376864276826382 -0.99989455938339233
2907 -0.00030880823032930493 0.00042295147432014346 -0.99999988079071045
2908 -0.00043160072527825832 0.02795707993209362 -0.99960905313491821
2909 -0.0030913085211068392 0.000929180474486202 -0.99999481439590454
2910 0.00089616968762129545 -0.012779003940522671 -0.99991798400878906
2911 0.0085820918902754784 0.0027925288304686546 -0.99995929002761841
2912 0.0033157947473227978 -0.010445750318467617 -0.99993997812271118
2913 -0.002375931479036808 0.00093420909252017736 -0.99999678134918213
2914 -0.0022310423664748669 -0.008117293007671833 -0.99996459484100342
2915 0.011303017847239971 -0.0072866072878241539 -0.99990957975387573
2916 0.0084118526428937912 0.0063664261251688004 -0.99994438886642456
2917 0.010549580678343773 -0.0057057710364460945 -0.99992811679840088
2918 0.015223986469209194 0.0037267187144607306 -0.9998772144317627
2919 -0.012878169305622578 0.013378454372286797 -0.99982762336730957
2920 0.01112475898116827 -0.013395165093243122 -0.99984842538833618
2921 -0.033182393759489059 0.037769746035337448 -0.99873536825180054
2922 -0.009358028881251812 0.0064590205438435078 -0.99993538856506348
2923 0.0066164424642920494 5.6228600442409515e-06 -0.99997812509536743
2924 0.016926856711506844 -0.012273668311536312 -0.99978142976760864
2925 0.00034265837166458368 0.022573888301849365 -0.99974513053894043
2926 -0.01242506131529808 0.0092611648142337799 -0.99987995624542236
2927 -0.001759248785674572 0.016228944063186646 -0.999866783618927
2928 0.0062872525304555893 0.0075933355838060379 -0.99995142221450806
2929 0.0019151337910443544 -0.0046870028600096703 -0.99998718500137329
2930 -0.0011534554651007056 -0.0044141341932117939 -0.99998962879180908
2931 0.0042459513060748577 -0.00090216065291315317 -0.99999058246612549
2932 -0.001488639391027391 0.0062837866134941578 -0.99997919797897339
2933 -0.003004556754603982 0.0009737691143527627 -0.99999505281448364
2934 0.033707741647958755 0.022289389744400978 -0.99918317794799805
2935 0.012533235363662243 0.0080228941515088081 -0.9998893141746521
2936 0.0011530914343893528 -0.0010886108502745628 -0.99999874830245972
2937 0.0058852196671068668 1.7311307601630688e-05 -0.99998271465301514
2938 0.011294355615973473 -0.011471067555248737 -0.99987047910690308
2939 0.0089152837172150612 -0.0016695159720256925 -0.99995887279510498
2940 0.0039876112714409828 0.00660306541249156 -0.99997025728225708
2941 0.0035262510646134615 0.01712510734796524 -0.9998471736907959
2942 -0.0024138623848557472 -0.007665055338293314 -0.99996775388717651
2943 0.00058823189465329051 0.011841548606753349 -0.99992972612380981
2944 0.0028156931512057781 0.0067549250088632107 -0.99997323751449585
2945 0.010860482230782509 0.011797988787293434 -0.99987143278121948
2946 0.012581138871610165 -0.010622731409966946 -0.99986445903778076
2947 -0.0049140234477818012 0.012929143384099007 -0.99990439414978027
2948 -0.0011510911863297224 -0.016663450747728348 -0.99986052513122559
2949 0.012713945470750332 -0.02673792652785778 -0.99956166744232178
2950 0.012954873964190483 0.0090682348236441612 -0.99987500905990601
2951 0.00042790139559656382 0.00014910096069797873 -0.99999994039535522
2952 -0.010685172863304615 -0.011179273016750813 -0.99988043308258057
2953 8.6999374616425484e-05 -0.0011237160069867969 -0.99999940395355225
2954 -0.0095438277348875999 -0.011416745372116566 -0.9998893141746521
2955 -0.023850178346037865 -0.028969058766961098 -0.99929577112197876
2956 0.029242634773254395 -0.012556085363030434 -0.99949347972869873
2957 -0.0047861086204648018 -0.0095825111493468285 -0.99994266033172607
2958 0.012620220892131329 0.01129784993827343 -0.99985659122467041
2959 -0.0092476839199662209 0.0059171812608838081 -0.99993973970413208
2960 0.011810530908405781 -0.0047965031117200851 -0.99991881847381592
2961 -0.0081385402008891106 -0.010469028726220131 -0.9999120831489563
2962 0.011214992962777615 -0.00555028161033988 -0.99992173910140991
2963 -0.014017674140632153 -0.012124763801693916 -0.9998282790184021
2964 0.0059384317137300968 -0.024026630446314812 -0.99969369173049927
2965 0.008321358822286129 -0.013253930956125259 -0.99987757205963135
2966 0.0013953860616311431 -0.0073288660496473312 -0.99997222423553467
2967 0.012464424595236778 0.019555004313588142 -0.99973112344741821
2968 0.0059049557894468307 0.010315151885151863 -0.99992936849594116
2969 -0.014990033581852913 -0.013732412829995155 -0.99979335069656372
2970 0.0042327027767896652 -0.0039811031892895699 -0.99998313188552856
2971 0.013664484955370426 0.0076383892446756363 -0.9998774528503418
2972 -0.0006025687325745821 -0.0065643270500004292 -0.99997830390930176
2973 -0.9998241662979126 -0.018706563860177994 -0.0013118870556354523
2974 0.0027028126642107964 -0.016568766906857491 -0.99985909461975098
2975 -0.009688960388302803 0.006590528879314661 -0.99993133544921875
2976 -0.0033311960287392139 0.010141527280211449 -0.9999430775642395
2977 0.010361372493207455 0.025101516395807266 -0.99963122606277466
2978 -0.0025653475895524025 0.0083853304386138916 -0.99996155500411987
2979 0.011376365087926388 -0.011266374029219151 -0.99987185001373291
2980 -0.0049215489998459816 0.0024756453931331635 -0.99998486042022705
2981 0.0037389690987765789 -0.0071600698865950108 -0.99996739625930786
2982 0.010611406527459621 0.005840829573571682 -0.99992668628692627
2983 -0.0081668412312865257 -0.0097398972138762474 -0.99991923570632935
2984 0.011772621423006058 0.0031828517094254494 -0.99992567300796509
2985 0.013479250483214855 -0.018530739471316338 -0.9997374415397644
2986 0.0047378200106322765 -0.0074902637861669064 -0.99996078014373779
2987 -0.0010679350234568119 0.0084112677723169327 -0.99996405839920044
2988 0.0075119296088814735 -0.031711854040622711 -0.99946880340576172
2989 -0.024265516549348831 0.011720495298504829 -0.99963688850402832
2990 -0.0044516506604850292 -0.035564761608839035 -0.99935746192932129
2991 -0.011188626289367676 -0.010882031172513962 -0.99987822771072388
2992 -0.0077084922231733799 0.013337451033294201 -0.99988138675689697
2993 0.0083953142166137695 0.00074639305239543319 -0.99996453523635864
2994 0.017656126990914345 0.0041571818292140961 -0.99983549118041992
2995 -0.030765868723392487 0.0088847111910581589 -0.99948716163635254
2996 0.00017330370610579848 0.0057088150642812252 -0.99998366832733154
2997 -0.020772118121385574 0.01174584124237299 -0.99971526861190796
2998 -0.00036131383967585862 0.009092964231967926 -0.99995863437652588
2999 0.0017770382110029459 -0.024361371994018555 -0.99970167875289917
3000 0.009256371296942234 0.012826425023376942 -0.99987494945526123
3001 0.013637966476380825 0.0035060374066233635 -0.99990087747573853
3002 -0.011648690328001976 0.0032159511465579271 -0.99992698431015015
3003 0.012620965018868446 -0.018681690096855164 -0.99974584579467773
3004 0.010813766159117222 -0.0049931444227695465 -0.99992913007736206
3005 0.012922096066176891 0.0057057389058172703 -0.99990028142929077
3006 0.0054951910860836506 0.010540313087403774 -0.99992942810058594
3007 0.015817543491721153 -0.014208917506039143 -0.99977391958236694
3008 -0.014963624998927116 -0.019160248339176178 -0.99970448017120361
3009 0.0085188858211040497 -0.014689897187054157 -0.99985581636428833
3010 -0.0099824173375964165 0.0046711335889995098 -0.99993926286697388
3011 0.0015406219754368067 0.0057510738261044025 -0.99998229742050171
3012 -0.9994625449180603 -0.03276364877820015 -0.0010865855729207397
3013 -0.0037600984796881676 -0.0045287115499377251 -0.99998271465301514
3014 0.001419103005900979 -0.00087936513591557741 -0.99999862909317017
3015 -0.0041808751411736012 0.0046401210129261017 -0.99998050928115845
3016 0.0079236747696995735 -0.010695763863623142 -0.99991142749786377
3017 0.0010809069499373436 -0.004358337726444006 -0.99998998641967773
3018 -0.0041992822661995888 0.0015198987675830722 -0.99999004602432251
3019 0.0056136529892683029 -0.0040395236574113369 -0.99997609853744507
3020 -0.0094424858689308167 -0.020432494580745697 -0.99974668025970459
3021 -0.00028683550772257149 -0.0074190208688378334 -0.99997246265411377
3022 0.031197736039757729 -0.0079334275797009468 -0.99948173761367798
3023 0.0065823406912386417 -0.0067351218312978745 -0.99995565414428711
3024 0.0049109989777207375 0.0078335525467991829 -0.99995732307434082
3025 0.0039842454716563225 -0.0089551899582147598 -0.99995201826095581
3026 -0.0076692174188792706 0.003980481531471014 -0.99996268749237061
3027 -0.0018589079845696688 -0.0024986052885651588 -0.99999517202377319
3028 0.0119341891258955 0.0079853106290102005 -0.99989694356918335
3029 0.0058456920087337494 -0.0075014298781752586 -0.99995481967926025
3030 -0.007867397740483284 -0.0080614825710654259 -0.99993658065795898
3031 -0.00069849833380430937 0.0075681935995817184 -0.99997115135192871
3032 -0.0078106769360601902 -0.016268406063318253 -0.99983721971511841
3033 -0.0043059042654931545 0.0077751940116286278 -0.99996054172515869
3034 0.006521962583065033 0.024545801803469658 -0.99967741966247559
3035 0.0069147949106991291 -0.0098631745204329491 -0.99992746114730835
3036 0.001410082564689219 -0.0034730071201920509 -0.99999302625656128
3037 -0.0032660267315804958 -0.0077940383926033974 -0.99996429681777954
3038 0.0032823339570313692 -0.0084127895534038544 -0.99995923042297363
3039 0.0010839266469702125 -0.0049422536976635456 -0.99998724460601807
3040 -0.0048389383591711521 0.0050298096612095833 -0.99997568130493164
3041 -0.00069277931470423937 0.011030021123588085 -0.99993896484375
3042 0.00056455563753843307 0.0134058753028512 -0.99990999698638916
3043 -0.019207663834095001 -0.0055684559047222137 -0.99980002641677856
3044 -0.023182354867458344 0.0068573937751352787 -0.99970775842666626
3045 0.022552892565727234 0.0035397051833570004 -0.99973940849304199
3046 0.021610550582408905 -0.0041442727670073509 -0.99975788593292236
3047 0.010318489745259285 0.012384784407913685 -0.99987012147903442
3048 0.0057439683005213737 0.011721638031303883 -0.99991482496261597
3049 0.015671899542212486 -0.023244578391313553 -0.99960696697235107
3050 -0.0104328328743577 0.018143942579627037 -0.99978095293045044
3051 -0.007611534558236599 0.012161894701421261 -0.9998970627784729
3052 0.0017854460747912526 -0.005736272782087326 -0.99998199939727783
3053 0.0017530873883515596 -0.0013818534789606929 -0.99999755620956421
3054 0.0013593212934210896 0.00012610033445525914 -0.99999910593032837
3055 0.033777814358472824 -0.036846540868282318 -0.99874991178512573
3056 0.018245765939354897 -0.0091002900153398514 -0.99979215860366821
3057 -0.017688887193799019 0.010355995036661625 -0.99978989362716675
3058 0.011544866487383842 0.0063367094844579697 -0.99991333484649658
3059 -0.00085156364366412163 -0.0020917360670864582 -0.99999749660491943
3060 0.0046992436982691288 0.018255608156323433 -0.99982231855392456
3061 0.0066843647509813309 0.010743492282927036 -0.99991995096206665
3062 0.0019955802708864212 -0.007724306546151638 -0.99996823072433472
3063 0.0031072553247213364 0.00021227705292403698 -0.99999517202377319
3064 0.0022985921241343021 0.0012916788691654801 -0.99999654293060303
3065 0.0030962650198489428 0.021439151838421822 -0.99976539611816406
3066 -0.0029577284585684538 -0.01350822951644659 -0.99990439414978027
3067 0.021523298695683479 -0.008638293482363224 -0.99973106384277344
3068 -0.009470316581428051 0.018657274544239044 -0.99978107213973999
3069 0.01657499372959137 0.017035745084285736 -0.99971753358840942
3070 -0.02362009696662426 -0.015954643487930298 -0.99959367513656616
3071 0.00076732243178412318 -0.0035236121620982885 -0.99999350309371948
3072 0.0031753794755786657 -0.0010020544286817312 -0.99999445676803589
3073 0.0023384932428598404 0.00031921837944537401 -0.99999725818634033
3074 -0.01113424263894558 -0.0070905052125453949 -0.99991291761398315
3075 0.015234696678817272 -0.0060664713382720947 -0.99986559152603149
3076 0.0028695543296635151 0.0018920399015769362 -0.99999409914016724
3077 0.010302802547812462 -0.018540969118475914 -0.99977505207061768
3078 0.020620718598365784 -0.0036545393522828817 -0.99978071451187134
3079 0.014316354878246784 0.0021735411137342453 -0.99989515542984009
3080 -0.017013855278491974 0.0049564111977815628 -0.99984300136566162
3081 -0.011393810622394085 -0.004793703556060791 -0.99992364645004272
3082 -0.01770787313580513 0.026393096894025803 -0.99949479103088379
3083 0.0015049538342282176 -0.00077064946526661515 -0.99999856948852539
3084 -0.0021221335045993328 0.0080328807234764099 -0.99996548891067505
3085 0.0019792048260569572 0.00096707104239612818 -0.99999755620956421
3086 0.00029236776754260063 -0.011711862869560719 -0.99993139505386353
3087 -0.009953722357749939 0.022020462900400162 -0.99970799684524536
3088 0.0066354237496852875 -0.017922397702932358 -0.9998173713684082
3089 -0.0084895100444555283 -0.0081718098372220993 -0.99993062019348145
3090 -0.014692787081003189 -0.005286188330501318 -0.99987810850143433
3091 0.0018529042135924101 0.0028234138153493404 -0.99999433755874634
3092 0.011958532966673374 -0.0047459322959184647 -0.99991726875305176
3093 -0.0039167790673673153 0.014275198802351952 -0.99989044666290283
3094 -0.0029996579978615046 -0.010188610292971134 -0.99994361400604248
3095 0.0065147858113050461 -0.012559661641716957 -0.99989992380142212
3096 0.015140736475586891 0.010905122384428978 -0.99982595443725586
3097 -0.012845183722674847 0.0055989827960729599 -0.99990183115005493
3098 0.002334539545699954 0.011830347590148449 -0.9999273419380188
3099 -0.017743602395057678 0.015577971003949642 -0.99972128868103027
3100 0.015707727521657944 -0.0054483967833220959 -0.99986183643341064
3101 -0.0059810038655996323 -0.0062641920521855354 -0.99996250867843628
3102 0.0044131022877991199 -0.0011309303808957338 -0.99998962879180908
3103 -0.028128998354077339 0.0032957768999040127 -0.99959886074066162
3104 -0.019292058423161507 -0.0028738456312566996 -0.99980974197387695
3105 0.024424189701676369 -0.0012770046014338732 -0.99970090389251709
3106 0.012312154285609722 -0.00084888335550203919 -0.99992388486862183
3107 -0.020869873464107513 -0.019369674846529961 -0.99959456920623779
3108 0.014662599191069603 0.0036211321130394936 -0.99988597631454468
3109 -0.01484612375497818 0.0059732766821980476 -0.99987196922302246
3110 0.0023638580460101366 -0.0014697195729240775 -0.9999961256980896
3111 -0.0088888835161924362 -0.022116484120488167 -0.99971592426300049
3112 0.0017624014290049672 -0.00020392891019582748 -0.99999845027923584
3113 0.00065850239479914308 -0.0016226624138653278 -0.99999850988388062
3114 -0.0023293860722333193 -0.0055698957294225693 -0.99998182058334351
3115 0.0055899801664054394 -0.0032476154156029224 -0.99997913837432861
3116 0.020032044500112534 -0.02587151899933815 -0.99946457147598267
3117 0.015900515019893646 -0.0047679073177278042 -0.99986225366592407
3118 0.014948233030736446 0.007081096526235342 -0.99986320734024048
3119 -0.00061414967058226466 -0.0097282342612743378 -0.99995249509811401
3120 0.0015911851078271866 -0.0041354312561452389 -0.99999022483825684
3121 0.0017863592365756631 -0.0005938458489254117 -0.99999827146530151
3122 -0.021573223173618317 0.011869531124830246 -0.99969679117202759
3123 -0.011191434226930141 -0.0063016829080879688 -0.99991756677627563
3124 0.020412728190422058 -0.0073735807090997696 -0.99976444244384766
3125 0.022290067747235298 -0.022755533456802368 -0.9994925856590271
3126 0.0043971287086606026 0.00061196985188871622 -0.99999016523361206
3127 0.0017969004111364484 -0.0019380042795091867 -0.99999654293060303
3128 -0.0075575620867311954 -0.016458498314023018 -0.9998360276222229
3129 0.022841090336441994 0.0036584814079105854 -0.99973243474960327
3130 0.0062173772603273392 0.0016331153456121683 -0.99997931718826294
3131 0.0027899858541786671 0.0036776075139641762 -0.99998939037322998
3132 -0.0016390318050980568 -0.0073206396773457527 -0.99997186660766602
3133 0.022754151374101639 -0.019547231495380402 -0.99955004453659058
3134 0.0054168934002518654 -0.0012229306157678366 -0.99998462200164795
3135 0.0016482755308970809 -0.0059445616789162159 -0.99998098611831665
3136 0.0038425261154770851 0.0037669702433049679 -0.99998551607131958
3137 0.012056848034262657 0.0010706852190196514 -0.99992674589157104
3138 -0.0066590094938874245 0.020724758505821228 -0.99976307153701782
3139 -0.024989431723952293 0.0069778431206941605 -0.99966335296630859
3140 0.0017006897833198309 0.00023936590878292918 -0.99999856948852539
3141 0.016043098643422127 -0.0029696987476199865 -0.99986696243286133
3142 -0.00066460738889873028 -0.011557972989976406 -0.99993300437927246
3143 -0.0060746446251869202 0.012555839493870735 -0.99990272521972656
3144 -0.99989444017410278 0.014509224332869053 -0.00081406469689682126
3145 0.0014370268909260631 -3.9157632272690535e-05 -0.99999898672103882
3146 0.002826763316988945 0.0029148021712899208 -0.999991774559021
3147 0.00066178955603390932 0.00035534551716409624 -0.9999997615814209
3148 0.015990592539310455 0.0090716583654284477 -0.99983102083206177
3149 0.0012605313677340746 1.504627289250493e-05 -0.99999922513961792
3150 -0.026151925325393677 0.025124203413724899 -0.99934226274490356
3151 -0.014385807327926159 0.0040328693576157093 -0.99988842010498047
3152 -0.0047494429163634777 0.0019231215119361877 -0.99998688697814941
3153 -0.0051009501330554485 0.013469686731696129 -0.99989628791809082
3154 -0.015939876437187195 0.01130523718893528 -0.99980902671813965
3155 0.0021545686759054661 0.0027254687156528234 -0.99999397993087769
3156 -0.018042147159576416 -0.0091788964346051216 -0.99979507923126221
3157 -0.0033557198476046324 -0.0076196347363293171 -0.9999653697013855
3158 0.0019435323774814606 0.0071203163824975491 -0.99997282028198242
3159 -0.0046750828623771667 -0.01394216064363718 -0.99989187717437744
3160 0.0084660016000270844 -0.0025168668944388628 -0.99996101856231689
3161 0.0042051714845001698 -0.0056135621853172779 -0.99997544288635254
3162 0.0095710959285497665 -0.023220228031277657 -0.99968457221984863
3163 0.0032371298875659704 0.0039684711955487728 -0.99998688697814941
3164 0.0012097558937966824 0.00099917931947857141 -0.99999880790710449
3165 -0.00013396068243309855 0.0027577939908951521 -0.99999624490737915
3166 0.0059297848492860794 0.0075575937516987324 -0.99995386600494385
3167 -0.0024502023588865995 -0.0090674906969070435 -0.99995589256286621
3168 -0.004363019485026598 0.019883066415786743 -0.99979281425476074
3169 0.0033519789576530457 -0.0049757477827370167 -0.99998199939727783
3170 0.0010056926403194666 -0.0036135907284915447 -0.9999929666519165
3171 0.019262367859482765 -0.0070784501731395721 -0.99978941679000854
3172 -0.001106005278415978 -0.0080553796142339706 -0.99996697902679443
3173 0.0065884282812476158 -0.0011964825680479407 -0.99997764825820923
3174 -0.0052179065532982349 0.012140518054366112 -0.99991273880004883
3175 0.011231508105993271 -0.0035961663816124201 -0.99993050098419189
3176 0.0044375085271894932 -0.034938264638185501 -0.99937963485717773
3177 -0.020980894565582275 -0.014621034264564514 -0.99967294931411743
3178 0.0039999932050704956 0.0055889352224767208 -0.99997639656066895
3179 -0.031792670488357544 -0.010042681358754635 -0.99944406747817993
3180 0.0022940309718251228 0.00017045032291207463 -0.99999737739562988
3181 -0.0017972427885979414 -0.0100411307066679 -0.99994802474975586
3182 0.011403133161365986 0.0059530939906835556 -0.99991726875305176
3183 0.012565108016133308 0.0078430157154798508 -0.99989032745361328
3184 0.013213168829679489 0.01121025625616312 -0.99984991550445557
3185 -0.0038511236198246479 0.0020078325178474188 -0.99999058246612549
3186 -0.015080275014042854 -0.012134409509599209 -0.99981266260147095
3187 -0.004250790923833847 0.012038787826895714 -0.99991852045059204
3188 0.0043690036982297897 -0.00052948412485420704 -0.99999034404754639
3189 0.0015444433083757758 0.0060628796927630901 -0.99998044967651367
3190 -0.016072947531938553 0.020432399585843086 -0.99966204166412354
3191 0.00015133898705244064 -0.002675782423466444 -0.99999642372131348
3192 -0.0093382541090250015 0.0042684813961386681 -0.99994730949401855
3193 0.012899686582386494 0.006156290415674448 -0.99989783763885498
3194 -0.99999892711639404 -0.0014618351124227047 0
3195 -0.99999898672103882 -0.001422172412276268 -0
3196 -0.99999910593032837 -0.0013615171192213893 0
3197 -0.99999904632568359 -0.0013997151982039213 -0
3198 -0.99999910593032837 -0.0013661208795383573 -0
3199 -0.99999874830245972 -0.0016077420441433787 0
3200 -0.99999910593032837 -0.0013303320156410336 0
3201 -0.99999874830245972 -0.0015853972872719169 -0
3202 -0.99999910593032837 -0.001354566658847034 -0
3203 -0.99999880790710449 -0.0015485713956877589 0
3204 -0.99999874830245972 -0.0015748540172353387 0
3205 -0.99999868869781494 -0.0016324550379067659 -0
3206 -0.99999880790710449 -0.0015489209908992052 -0
3207 -0.99999886751174927 -0.0015146331861615181 -0
3208 -0.99999916553497314 -0.0013133182656019926 0
3209 -0.99999850988388062 -0.0017186998156830668 -0
3210 -0.99999892711639404 -0.0014850589213892817 0
3211 -0.99999916553497314 -0.0013152202591300011 -0
3212 -0.99999910593032837 -0.0013519348576664925 -0
3213 -0.99999910593032837 -0.0013423893833532929 0
3214 -0.99999904632568359 -0.0013787808129563928 -0
3215 -0.99999880790710449 -0.0015448833582922816 0
3216 -0.99999904632568359 -0.0013841219479218125 0
3217 -0.99999910593032837 -0.0013490704586729407 0
3218 -0.99999880790710449 -0.0015376273076981306 -0
3219 -0.99999874830245972 -0.0015763388946652412 0
3220 -0.99999880790710449 -0.0015455709071829915 0
3221 -0.99999874830245972 -0.0015784938586875796 0
3222 -0.99999868869781494 -0.0016367589123547077 0
3223 -0.99999886751174927 -0.0015020344872027636 0
3224 -0.99999892711639404 -0.0014623105525970459 0
3225 -0.99999892711639404 -0.0014670736854895949 0
3226 -0.99999886751174927 -0.0015111835673451424 -0
3227 -0.99999886751174927 -0.0015166387893259525 0
3228 -0.99999880790710449 -0.0015410959022119641 -0
3229 -0.99999886751174927 -0.0015179861802607775 0
3230 -0.99999904632568359 -0.001402428955771029 0
3231 -0.99999898672103882 -0.0014251729007810354 -0
3232 -0.99999898672103882 -0.001434817910194397 -0
3233 -0.99999898672103882 -0.0014485300052911043 -0
3234 -0.99999904632568359 -0.0014094935031607747 0
3235 -0.99999898672103882 -0.0014159886632114649 0
3236 -0.99999898672103882 -0.0014261032920330763 0
3237 -0.99999868869781494 -0.0016259464900940657 0
3238 -0.99999934434890747 -0.0011638754513114691 0
3239 -0.99999827146530151 -0.0018713535973802209 -0
3240 -0.99999880790710449 -0.0015426670433953404 -0
3241 -0.99999916553497314 -0.0012857217807322741 -0
3242 -0.99999910593032837 -0.0013634262140840292 0
3243 -0.99999886751174927 -0.0015069587389007211 -0
3244 -0.99999880790710449 -0.0015367276500910521 -0
3245 -0.99999868869781494 -0.001644053147174418 0
3246 -0.99999904632568359 -0.001387063879519701 0
3247 -0.99999916553497314 -0.0013124698307365179 0
3248 -0.99999868869781494 -0.0016342939343303442 0
3249 -0.99999874830245972 -0.0016004667850211263 -0
3250 -0.99999904632568359 -0.0014023514231666923 0
3251 -0.99999880790710449 -0.0015416196547448635 0
3252 -0.99999898672103882 -0.0014529172331094742 0
3253 -0.99999886751174927 -0.001506148255430162 0
3254 -0.99999898672103882 -0.0014212785754352808 -0
3255 -0.99999892711639404 -0.0014738996978849173 0
3256 -0.99999898672103882 -0.0014335582964122295 0
3257 -0.99999904632568359 -0.0014014414045959711 -0
3258 -0.99999892711639404 -0.0014875459019094706 0
3259 -0.99999898672103882 -0.001441336702555418 0
3260 -0.99999904632568359 -0.0013919558841735125 0
3261 -0.99999904632568359 -0.0013945656828582287 -0
3262 -0.99999892711639404 -0.0014605199685320258 0
3263 -0.99999898672103882 -0.0014446882996708155 -0
3264 -0.99999898672103882 -0.0014222119934856892 0
3265 -0.99999898672103882 -0.0014538404066115618 0
3266 -0.99999892711639404 -0.0014588141348212957 -0
3267 -0.99999886751174927 -0.0014971556374803185 0
3268 -0.99999886751174927 -0.0015016483375802636 0
3269 -0.99999886751174927 -0.0015115829883143306 -0
3270 -0.99999886751174927 -0.0015340623212978244 0
3271 -0.99999880790710449 -0.0015565867070108652 0
3272 -0.99999880790710449 -0.0015573679702356458 -0
3273 -0.99999880790710449 -0.0015529235824942589 -0
3274 -0.99999880790710449 -0.0015625905944034457 0
3275 -0.99999880790710449 -0.0015625875676050782 0
3276 -0.99999874830245972 -0.0015866818139329553 -0
3277 -0.99999868869781494 -0.0016106005059555173 0
3278 -0.99999874830245972 -0.001601211610250175 0
3279 -0.99999904632568359 -0.0014040528330951929 0
3280 -0.99999910593032837 -0.0013702082214877009 -0
3281 -0.99999874830245972 -0.0015944396145641804 0
3282 -0.99999868869781494 -0.0016318669077008963 -0
3283 -0.99999904632568359 -0.0013937348267063498 0
3284 -0.99999886751174927 -0.0015214927261695266 -0
3285 -0.99999892711639404 -0.001479008118622005 0
3286 -0.99999868869781494 -0.0016311939107254148 -0
3287 -0.99999880790710449 -0.0015653526643291116 0
3288 -0.99999892711639404 -0.0014702437911182642 -0
3289 -0.99999880790710449 -0.0015483885072171688 0
3290 -0.99999880790710449 -0.0015523004112765193 0
3291 -0.99999856948852539 -0.0017160637071356177 0
3292 -0.99999910593032837 -0.001365327974781394 -0
3293 -0.99999880790710449 -0.001545516774058342 0
3294 -0.99999892711639404 -0.0014722904888913035 -0
3295 -0.99999874830245972 -0.0015736266504973173 0
3296 -0.99999904632568359 -0.0013950631255283952 -0
3297 -0.99999904632568359 -0.0013962831581011415 0
3298 -0.99999874830245972 -0.0015759600792080164 0
3299 -0.99999916553497314 -0.0012847153702750802 0
3300 -0.99999880790710449 -0.0015664409147575498 -0
3301 -0.99999904632568359 -0.0013983414974063635 0
3302 -0.99999898672103882 -0.0014472762122750282 0
3303 -0.99999898672103882 -0.0014219778822734952 0
3304 -0.99999874830245972 -0.0015950306551530957 -0
3305 -0.99999910593032837 -0.0013630721950903535 0
3306 -0.99999886751174927 -0.0015315943164750934 0
3307 -0.99999862909317017 -0.0016771339578554034 0
3308 -0.99999904632568359 -0.0013855863362550735 -0
3309 -0.99999898672103882 -0.0014389974530786276 -0
3310 -0.99999856948852539 -0.0016969329444691539 0
3311 -0.99999880790710449 -0.001550010871142149 0
3312 -0.99999850988388062 -0.0017232581740245223 0
3313 -0.99999922513961792 -0.0012499475851655006 -0
3314 -0.99999862909317017 -0.0016791089437901974 0
3315 -0.99999856948852539 -0.0016898890025913715 0
3316 -0.99999868869781494 -0.0016259816475212574 -0
3317 -0.99999874830245972 -0.0015989542007446289 -0
3318 -0.99999833106994629 -0.0018219640478491783 -0
3319 -0.99999892711639404 -0.0014928372111171484 -0
3320 -0.99999910593032837 -0.0013633398339152336 0
3321 -0.99999886751174927 -0.0015028712805360556 -0
3322 -0.99999892711639404 -0.001480949460528791 -0
3323 -0.99999910593032837 -0.0013478328473865986 0
3324 -0.99999845027923584 -0.0017568101175129414 0
3325 -0.99999886751174927 -0.0015056742122396827 -0
3326 -0.9999992847442627 -0.0012103054905310273 0
3327 -0.99999833106994629 -0.0018314115004613996 0
3328 -0.9999992847442627 -0.0011956881498917937 0
3329 -0.99999862909317017 -0.0016562960809096694 0
3330 -0.99999886751174927 -0.0015322965336963534 -0
3331 -0.99999874830245972 -0.0015960561577230692 0
3332 -0.99999922513961792 -0.0012739073717966676 -0
3333 -0.99999886751174927 -0.0015270431758835912 0
3334 -0.99999892711639404 -0.0014571186620742083 -0
3335 -0.99999916553497314 -0.0013164710253477097 0
3336 -0.99999886751174927 -0.0015010309871286154 -0
3337 -0.99999916553497314 -0.0013022469356656075 -0
3338 -0.99999892711639404 -0.0014905054122209549 -0
3339 -0.99999910593032837 -0.0013396156718954444 -0
3340 -0.99999904632568359 -0.0013893665745854378 0
3341 -0.99999874830245972 -0.0015746478457003832 -0
3342 -0.99999880790710449 -0.0015561712207272649 0
3343 -0.99999898672103882 -0.0014150172937661409 0
3344 -0.99999904632568359 -0.0013952094595879316 0
3345 -0.99999898672103882 -0.0014251729007810354 -0
3346 -0.99999892711639404 -0.0014823026722297072 0
3347 -0.99999892711639404 -0.0014736129669472575 0
3348 -0.99999898672103882 -0.0014185839099809527 0
3349 -0.99999886751174927 -0.0015164384385570884 0
3350 -0.9999992847442627 -0.0011926949955523014 0
3351 -0.99999916553497314 -0.0013209928292781115 0
3352 -0.99999833106994629 -0.0018402577843517065 -0
3353 -0.99999886751174927 -0.0015331377508118749 0
3354 -0.99999880790710449 -0.0015570694813504815 0
3355 -0.99999892711639404 -0.0014556250534951687 0
3356 -0.99999892711639404 -0.0014806949766352773 0
3357 -0.99999886751174927 -0.0014978388790041208 0
3358 -0.99999910593032837 -0.0013647369341924787 0
3359 -0.9999992847442627 -0.0011904918355867267 0
3360 -0.99999886751174927 -0.0015082928584888577 -0
3361 -0.99999910593032837 -0.0013603833504021168 0
3362 -0.99999880790710449 -0.0015633660368621349 -0
3363 -0.99999904632568359 -0.0013869819231331348 0
3364 -0.99999904632568359 -0.0013860368635505438 -0
3365 -0.99999833106994629 -0.0018254939932376146 -0
3366 -0.99999880790710449 -0.001567827770486474 0
3367 -0.99999898672103882 -0.0014518771786242723 -0
3368 -0.99999845027923584 -0.0017679297598078847 -0
3369 -0.99999916553497314 -0.0012939872685819864 -0
3370 -0.99999910593032837 -0.0013510965509340167 -0
3371 -0.99999892711639404 -0.0014664358459413052 -0
3372 -0.99999880790710449 -0.0015463316813111305 0
3373 -0.99999850988388062 -0.0017453439068049192 0
3374 -0.99999886751174927 -0.0015174916479736567 0
3375 -0.99999886751174927 -0.0015302952378988266 0
3376 -0.99999850988388062 -0.0017458003712818027 0
3377 -0.99999886751174927 -0.001529462868347764 -0
3378 -0.99999898672103882 -0.0014542060671374202 0
3379 -0.99999886751174927 -0.0015197431202977896 -0
3380 -0.99999940395355225 0.0011189640499651432 0
3381 -0.99999946355819702 0.001060125301592052 0
3382 -0.9999995231628418 0.0010090755531564355 0
3383 -0.99999946355819702 0.0010664568981155753 -0
3384 -0.9999995231628418 0.0010207787854596972 0
3385 -0.99999934434890747 0.0011727233650162816 0
3386 -0.9999995231628418 0.0010036304593086243 0
3387 -0.99999940395355225 0.0011266618967056274 -0
3388 -0.99999964237213135 0.00086393347010016441 -0
3389 -0.99999940395355225 0.0011149437632411718 0
3390 -0.99999940395355225 0.0011230397503823042 0
3391 -0.99999946355819702 0.0010678262915462255 -0
3392 -0.99999964237213135 0.00084011716535314918 0
3393 -0.99999964237213135 0.00086556613678112626 0
3394 -0.99999964237213135 0.00085638777818530798 0
3395 -0.99999934434890747 0.0011409515282139182 -0
3396 -0.99999940395355225 0.0011291546979919076 0
3397 -0.99999958276748657 0.00093726371414959431 0
3398 -0.9999995231628418 0.0010173965711146593 -0
3399 -0.9999995231628418 0.00096636108355596662 0
3400 -0.99999964237213135 0.0008728836546652019 0
3401 -0.99999970197677612 0.0007968529243953526 0
3402 -0.99999946355819702 0.0010227507445961237 0
3403 -0.9999995231628418 0.00099762959871441126 0
3404 -0.99999946355819702 0.0010706876637414098 0
3405 -0.9999995231628418 0.0010079696075990796 0
3406 -0.99999946355819702 0.0010317066917195916 0
3407 -0.9999995231628418 0.00097733596339821815 0
3408 -0.9999995231628418 0.0010209953179582953 0
3409 -0.99999964237213135 0.00087944627739489079 0
3410 -0.99999958276748657 0.00091072055511176586 0
3411 -0.99999964237213135 0.00087747426005080342 0
3412 -0.99999958276748657 0.0009513399563729763 -0
3413 -0.99999946355819702 0.0010656231315806508 0
3414 -0.99999940395355225 0.0010899073677137494 -0
3415 -0.99999946355819702 0.0010341380257159472 0
3416 -0.9999995231628418 0.001009590458124876 0
3417 -0.9999995231628418 0.00099976838100701571 0
3418 -0.99999946355819702 0.0010230549378320575 -0
3419 -0.9999995231628418 0.001013171742670238 0
3420 -0.9999995231628418 0.00098034669645130634 0
3421 -0.99999958276748657 0.0009448913624510169 0
3422 -0.99999946355819702 0.0010651666671037674 0
3423 -0.99999958276748657 0.00091202836483716965 0
3424 -0.99999970197677612 0.00077879463788121939 0
3425 -0.99999916553497314 0.0012891012011095881 0
3426 -0.99999940395355225 0.0010963911190629005 0
3427 -0.99999940395355225 0.0010838216403499246 0
3428 -0.9999995231628418 0.00096660101553425193 -0
3429 -0.99999970197677612 0.00077784957829862833 0
3430 -0.99999940395355225 0.0011146921897307038 0
3431 -0.99999934434890747 0.0011723341885954142 -0
3432 -0.99999964237213135 0.0008507760358043015 0
3433 -0.9999997615814209 0.00071208266308531165 0
3434 -0.99999946355819702 0.0010564416879788041 0
3435 -0.9999992847442627 0.001213313196785748 -0
3436 -0.99999934434890747 0.0011331161949783564 0
3437 -0.99999946355819702 0.0010744327446445823 0
3438 -0.99999940395355225 0.0011015229392796755 0
3439 -0.99999940395355225 0.0010829146485775709 0
3440 -0.99999964237213135 0.0008833932806737721 0
3441 -0.99999940395355225 0.0010920959757640958 0
3442 -0.99999946355819702 0.0010360544547438622 0
3443 -0.99999946355819702 0.0010410576360300183 0
3444 -0.99999964237213135 0.00089328258763998747 -0
3445 -0.99999946355819702 0.0010698100086301565 0
3446 -0.99999958276748657 0.00090796145377680659 0
3447 -0.99999946355819702 0.0010473452275618911 0
3448 -0.99999958276748657 0.0009091288666240871 0
3449 -0.9999995231628418 0.0010164163541048765 0
3450 -0.9999995231628418 0.00098327244631946087 0
3451 -0.99999958276748657 0.00092260527890175581 -0
3452 -0.9999995231628418 0.0010051197605207562 0
3453 -0.9999995231628418 0.00096209230832755566 0
3454 -0.9999995231628418 0.00099069532006978989 0
3455 -0.9999995231628418 0.0009831057395786047 0
3456 -0.9999995231628418 0.0010135872289538383 0
3457 -0.99999964237213135 0.00089490355458110571 -0
3458 -0.9999995231628418 0.00097400340018793941 0
3459 -0.9999995231628418 0.00096534000476822257 0
3460 -0.99999958276748657 0.00090776546858251095 0
3461 -0.99999958276748657 0.00091814337065443397 0
3462 -0.99999958276748657 0.00095584278460592031 0
3463 -0.99999964237213135 0.00088771473383530974 0
3464 -0.99999958276748657 0.00091942196013405919 0
3465 -0.9999995231628418 0.0010167324217036366 0
3466 -0.99999958276748657 0.00091155146947130561 0
3467 -0.99999946355819702 0.00104805629234761 0
3468 -0.99999958276748657 0.00090493325842544436 0
3469 -0.9999995231628418 0.0010157844517379999 0
3470 -0.99999934434890747 0.0011584041640162468 -0
3471 -0.99999940395355225 0.0011088638566434383 0
3472 -0.99999970197677612 0.00078009371645748615 0
3473 -0.9999997615814209 0.00072968448512256145 0
3474 -0.99999940395355225 0.0011282125487923622 -0
3475 -0.99999970197677612 0.00081879959907382727 0
3476 -0.99999946355819702 0.0010748511413112283 0
3477 -0.9999992847442627 0.0011910652974620461 0
3478 -0.99999946355819702 0.0010501599172130227 0
3479 -0.99999940395355225 0.0010938104242086411 0
3480 -0.99999940395355225 0.0011093964567407966 -0
3481 -0.99999970197677612 0.00080048973904922605 0
3482 -0.9999995231628418 0.00096645473968237638 0
3483 -0.99999940395355225 0.0010794124100357294 0
3484 -0.99999940395355225 0.0010828122030943632 0
3485 -0.99999964237213135 0.00087726360652595758 0
3486 -0.99999964237213135 0.00084902928210794926 -0
3487 -0.99999946355819702 0.001025234698317945 0
3488 -0.99999940395355225 0.0011181534500792623 0
3489 -0.99999964237213135 0.00083343748701736331 0
3490 -0.99999970197677612 0.00082749227294698358 -0
3491 -0.99999964237213135 0.00083061697660014033 0
3492 -0.99999940395355225 0.0011182323796674609 0
3493 -0.9999995231628418 0.00097048364114016294 0
3494 -0.9999995231628418 0.0010150384623557329 -0
3495 -0.99999964237213135 0.00084961444372311234 -0
3496 -0.9999995231628418 0.0010132566094398499 0
3497 -0.99999940395355225 0.0010890589328482747 0
3498 -0.99999946355819702 0.0010664100991562009 0
3499 -0.9999995231628418 0.00098133855499327183 -0
3500 -0.99999964237213135 0.00089358107652515173 0
3501 -0.99999958276748657 0.00095045345369726419 0
3502 -0.99999922513961792 0.00124036252964288 -0
3503 -0.99999934434890747 0.0011375283356755972 -0
3504 -0.99999970197677612 0.00079768971772864461 0
3505 -0.99999940395355225 0.0011168601922690868 0
3506 -0.99999934434890747 0.0011550979688763618 -0
3507 -0.99999946355819702 0.0010332544334232807 0
3508 -0.9999992847442627 0.0011835780460387468 -0
3509 -0.99999964237213135 0.00083127821562811732 0
3510 -0.99999964237213135 0.00088722904911264777 0
3511 -0.99999940395355225 0.0010975057957693934 0
3512 -0.99999940395355225 0.001105200732126832 -0
3513 -0.99999922513961792 0.0012710050214082003 0
3514 -0.99999970197677612 0.00081998750101774931 0
3515 -0.99999922513961792 0.0012682838132604957 0
3516 -0.99999946355819702 0.0010769489454105496 0
3517 -0.9999995231628418 0.00098875840194523335 -0
3518 -0.99999940395355225 0.0010978335049003363 0
3519 -0.99999934434890747 0.00117273791693151 0
3520 -0.9999992847442627 0.001220718608237803 0
3521 -0.99999940395355225 0.0010909606935456395 -0
3522 -0.9999995231628418 0.0010116006014868617 0
3523 -0.99999958276748657 0.00095698091899976134 -0
3524 -0.99999934434890747 0.0011537988903000951 0
3525 -0.99999946355819702 0.001074476633220911 -0
3526 -0.99999940395355225 0.001098529901355505 0
3527 -0.9999997615814209 0.00074676267104223371 -0
3528 -0.9999997615814209 0.00067184655927121639 0
3529 -0.99999946355819702 0.0010473130969330668 0
3530 -0.99999940395355225 0.0011020671809092164 0
3531 -0.99999940395355225 0.0011263136984780431 -0
3532 -0.99999964237213135 0.00088577199494466186 0
3533 -0.99999964237213135 0.00088507274631410837 0
3534 -0.99999970197677612 0.0008272347622551024 0
3535 -0.99999964237213135 0.00087812088895589113 0
3536 -0.99999970197677612 0.00079295859904959798 0
3537 -0.99999970197677612 0.00080925837391987443 0
3538 -0.99999922513961792 0.0012479551369324327 -0
3539 -0.99999940395355225 0.0011066022561863065 0
3540 -0.9999997615814209 0.00068284478038549423 0
3541 -0.99999934434890747 0.0011446819407865405 0
3542 -0.99999940395355225 0.0011078222887590528 0
3543 -0.99999964237213135 0.00087944336701184511 0
3544 -0.9999995231628418 0.0010150208836421371 0
3545 -0.99999970197677612 0.00077176094055175781 0
3546 -0.99999964237213135 0.00087380816694349051 -0
3547 -0.99999958276748657 0.00095185200916603208 0
3548 -0.9999997615814209 0.00069079425884410739 0
3549 -0.99999946355819702 0.0010559238726273179 0
3550 -0.99999946355819702 0.0010741460137069225 0
3551 -0.9999992847442627 0.0012020810972899199 0
3552 -0.9999997615814209 0.00072919880039989948 0
3553 -0.99999964237213135 0.00082881469279527664 -0
3554 -0.99999934434890747 0.0011588312918320298 -0
3555 -0.99999970197677612 0.00082327320706099272 -0
3556 -0.99999970197677612 0.00080997234908863902 0
3557 -0.99999964237213135 0.00088107894407585263 0
3558 -0.99999964237213135 0.00088522484293207526 0
3559 -0.99999940395355225 0.0010900303022935987 0
3560 -0.99999940395355225 0.0011226915521547198 0
3561 -0.99999940395355225 0.0011043434496968985 0
3562 -0.99999940395355225 0.0011040187673643231 0
3563 -0.9999992847442627 0.0011879961239174008 -0
3564 -0.99999940395355225 0.00112627272028476 0
3565 -0.99999940395355225 0.0011073863133788109 0
3566 0.013353011570870876 0.99974125623703003 -0.018416687846183777
3567 -0.00040282797999680042 0.99999552965164185 0.0029710987582802773
3568 -0.01361959520727396 0.99956512451171875 0.026155026629567146
3569 -0.016719527542591095 0.99977260828018188 0.013235857710242271
3570 0.000904829241335392 0.99999815225601196 0.0017136508831754327
3571 -0.017294809222221375 0.99982237815856934 0.0074904938228428364
3572 -0.020325927063822746 0.99948525428771973 0.02482268214225769
3573 0.023420769721269608 0.99971473217010498 -0.0046884096227586269
3574 -0.0049941041506826878 0.99959200620651245 -0.028122778981924057
3575 0.0016900427872315049 0.99998098611831665 -0.0059312558732926846
3576 0.010777379386126995 0.99965149164199829 -0.024100881069898605
3577 -0.013625414110720158 0.99971938133239746 -0.019378757104277611
3578 -0.0052354373037815094 0.99964874982833862 -0.025981828570365906
3579 -0.01181621290743351 0.99988621473312378 -0.0093806879594922066
3580 0.030276035889983177 0.99954026937484741 -0.0016340852016583085
3581 0.013789927586913109 0.99964648485183716 -0.022733241319656372
3582 0.027608895674347878 0.99932360649108887 -0.024291841313242912
3583 -0.017132062464952469 0.99983292818069458 0.0063769211992621422
3584 0.010186255909502506 0.9994627833366394 -0.031152049079537392
3585 0.026008706539869308 0.99964666366577148 0.0054890974424779415
3586 0.020748298615217209 0.99946409463882446 0.02531876415014267
3587 -0.0273943692445755 0.99925410747528076 0.02722000889480114
3588 0.024759307503700256 0.99952876567840576 0.018144447356462479
3589 -0.019284768030047417 0.99960112571716309 0.020633582025766373
3590 0.018034201115369797 0.99983370304107666 -0.002729661762714386
3591 -0.015093609690666199 0.9995887279510498 0.024385176599025726
3592 0.013201060704886913 0.99943292140960693 0.030977867543697357
3593 0.0031313975341618061 0.99945724010467529 -0.032793678343296051
3594 0.0015247315168380737 0.99942541122436523 -0.033861305564641953
3595 0.0060211126692593098 0.99939835071563721 -0.034157641232013702
3596 0.016525689512491226 0.99946171045303345 0.028341710567474365
3597 -0.0045087500475347042 0.99971216917037964 -0.023563990369439125
3598 0.013599726371467113 0.99979275465011597 -0.015149892307817936
3599 0.026206662878394127 0.99959748983383179 0.010868549346923828
3600 -0.013002499938011169 0.99986189603805542 -0.010352080687880516
3601 -0.00071877619484439492 0.999522864818573 -0.030879318714141846
3602 0.029417999088764191 0.9994734525680542 -0.01369065698236227
3603 0.0066012418828904629 0.99961286783218384 -0.027030022814869881
3604 -0.012986940331757069 0.9998939037322998 0.006604120135307312
3605 0.030437877401709557 0.99952131509780884 0.0055402587167918682
3606 0.023206990212202072 0.99951279163360596 0.020872237160801888
3607 -0.010642421431839466 0.99959099292755127 0.026543581858277321
3608 -0.022930754348635674 0.99963194131851196 0.014499467797577381
3609 -0.99999082088470459 0.0033548148348927498 0.0026748122181743383
3610 0.017628371715545654 0.99946451187133789 0.027568036690354347
3611 -0.015378553420305252 0.99955308437347412 -0.025635985657572746
3612 -0.015690160915255547 0.99985587596893311 0.0064896885305643082
3613 0.031174279749393463 0.99948865175247192 0.0071149040013551712
3614 0.022052504122257233 0.99959981441497803 -0.017717815935611725
3615 0.011614466086030006 0.9995148777961731 0.028898835182189941
3616 0.00093900877982378006 0.99948835372924805 -0.031971868127584457
3617 -0.011186582036316395 0.99990707635879517 0.0077995322644710541
3618 0.023180259391665459 0.99971848726272583 0.0050722337327897549
3619 -0.014043372124433517 0.99981635808944702 0.013037903234362602
3620 0.0047342032194137573 0.9995119571685791 -0.030877415090799332
3621 -0.026785625144839287 0.99940073490142822 0.021926887333393097
3622 0.0052711344324052334 0.99948650598526001 -0.031608510762453079
3623 -0.030075900256633759 0.99942010641098022 0.015965091064572334
3624 0.029886715114116669 0.99953544139862061 -0.0059743113815784454
3625 -0.026416996493935585 0.99956244230270386 -0.013308974914252758
3626 0.012874532490968704 0.99990284442901611 -0.0053467657417058945
3627 0.025916095823049545 0.99965322017669678 0.0046672793105244637
3628 0.0160024743527174 0.99981117248535156 -0.011022245511412621
3629 -0.022322291508316994 0.99959170818328857 0.017836945131421089
3630 0.026429709047079086 0.99964809417724609 0.0022739581763744354
3631 -0.029241524636745453 0.99953073263168335 0.0091251842677593231
3632 0.034079641103744507 0.99941557645797729 -0.0026845969259738922
3633 -0.028944810852408409 0.99945920705795288 0.015606734901666641
3634 0.033690590411424637 0.99916648864746094 0.023048296570777893
3635 -0.020006587728857994 0.99963283538818359 -0.018274888396263123
3636 -0.99999058246612549 0.0033271780703216791 0.0028027405496686697
3637 -0.0081733372062444687 0.99948239326477051 0.031115718185901642
3638 0.015489405021071434 0.99951720237731934 0.026933655142784119
3639 -0.020979071035981178 0.99958974123001099 0.019501117989420891
3640 0.023169951513409615 0.99961358308792114 -0.015357194468379021
3641 -0.030814189463853836 0.99940681457519531 0.015377623029053211
3642 0.027896367013454437 0.99958038330078125 0.0078027183189988136
3643 0.022582674399018288 0.99964797496795654 -0.013927162624895573
3644 -0.019797712564468384 0.9994657039642334 -0.026007670909166336
3645 0.028318580240011215 0.999542236328125 0.010646513663232327
3646 -0.0031219117809087038 0.99950385093688965 -0.031342227011919022
3647 0.017969980835914612 0.99958819150924683 -0.022371726110577583
3648 0.029206838458776474 0.99956190586090088 0.0047899316996335983
3649 -0.019651947543025017 0.99971729516983032 0.013387520797550678
3650 -0.0068868049420416355 0.9995914101600647 0.027742773294448853
3651 0.030240520834922791 0.99954056739807129 0.0020273711998015642
3652 0.02892625704407692 0.99950593709945679 0.012297523207962513
3653 -0.016189193353056908 0.99963843822479248 -0.021470967680215836
3654 -0.014412452466785908 0.99952596426010132 -0.027205837890505791
3655 0.020905656740069389 0.99957400560379028 -0.020368130877614021
3656 -0.013873095624148846 0.99952936172485352 0.027361202985048294
3657 0.021739538758993149 0.99948251247406006 0.023710811510682106
3658 -0.012124194763600826 0.99957770109176636 0.026410279795527458
3659 -0.010400955565273762 0.99952989816665649 -0.028841948136687279
3660 -0.023003729060292244 0.99952006340026855 -0.020748810842633247
3661 0.027150573208928108 0.99952131509780884 0.01483208779245615
3662 -0.019078921526670456 0.99957352876663208 0.022108733654022217
3663 -0.00098430877551436424 0.99952441453933716 0.030822480097413063
3664 0.0089270826429128647 0.99947351217269897 0.031193962320685387
3665 0.023561334237456322 0.99952185153961182 0.020025255158543587
3666 -0.99999839067459106 0.001800855272449553 -5.7451601605862379e-05
3667 -0.025089550763368607 0.99957448244094849 -0.014881511218845844
3668 0.020682014524936676 0.99950391054153442 0.023754943162202835
3669 0.025564400479197502 0.99950563907623291 0.018303370103240013
3670 -0.015521087683737278 0.99962198734283447 0.02269536629319191
3671 -0.022285714745521545 0.99937725067138672 0.027356363832950592
3672 0.026161437854170799 0.99949407577514648 0.018090777099132538
3673 0.014185183681547642 0.99949651956558228 -0.028381727635860443
3674 -0.0068139410577714443 0.99949592351913452 -0.031008167192339897
3675 0.010234647430479527 0.9995492696762085 -0.02822369709610939
3676 -0.023643778637051582 0.99956601858139038 0.017573267221450806
3677 0.018963512033224106 0.99950134754180908 0.025248747318983078
3678 0.0016696765087544918 0.99951392412185669 -0.031132357195019722
3679 0.025067146867513657 0.99951523542404175 0.018465632572770119
3680 0.029103711247444153 0.99947863817214966 -0.013981581665575504
3681 0.023405477404594421 0.99967771768569946 -0.0098309582099318504
3682 0.0082504907622933388 0.9994778037071228 -0.031242653727531433
3683 -0.0013103309320285916 0.99946236610412598 -0.03276163712143898
3684 0.025420196354389191 0.99946480989456177 -0.02058875747025013
3685 -0.018436020240187645 0.99948519468307495 -0.026258321478962898
3686 0.019871208816766739 0.99948447942733765 -0.025218533352017403
3687 -0.012949217110872269 0.99947577714920044 -0.029674399644136429
3688 -0.018099050968885422 0.99952828884124756 -0.024810878559947014
3689 0.031188484281301498 0.99948012828826904 0.0081733763217926025
3690 -0.013906573876738548 0.99989080429077148 0.0050031333230435848
3691 0.020477430894970894 0.99956333637237549 -0.02130364254117012
3692 0.018316969275474548 0.99982976913452148 -0.0022279247641563416
3693 0.030484981834888458 0.99942630529403687 -0.014755343087017536
3694 -0.0073487497866153717 0.99950158596038818 -0.030702695250511169
3695 -0.99991577863693237 0.0027006454765796661 0.012696457095444202
3696 -0.012724622152745724 0.99950158596038818 -0.028891075402498245
3697 0.025527086108922958 0.99955183267593384 0.015636388212442398
3698 -0.01856536790728569 0.99957001209259033 -0.022697091102600098
3699 0.01297474279999733 0.99958431720733643 -0.025746740400791168
3700 0.014706673100590706 0.99951207637786865 0.027555622160434723
3701 -0.0087242517620325089 0.99952173233032227 -0.029668424278497696
3702 -0.0043098940514028072 0.99953895807266235 -0.030055154114961624
3703 0.020796062424778938 0.99951189756393433 0.023313978686928749
3704 0.0023189156781882048 0.99959433078765869 -0.028387483209371567
3705 0.00037402848829515278 0.99949759244918823 -0.031692855060100555
3706 -0.014216355048120022 0.99956965446472168 0.025659061968326569
3707 0.0030816739890724421 0.99952667951583862 -0.030609004199504852
3708 -0.016956673935055733 0.99958491325378418 0.023292029276490211
3709 -0.022383498027920723 0.99963390827178955 0.015201721340417862
3710 0.016435682773590088 0.99956661462783813 -0.02442239411175251
3711 -0.012945517897605896 0.99951279163360596 -0.02840137854218483
3712 -0.0016079229535534978 0.99951213598251343 -0.031191669404506683
3713 0.027144264429807663 0.99963146448135376 -0.00041234682430513203
3714 0.00037678534863516688 0.99998986721038818 0.0044865221716463566
3715 0.0004465430392883718 0.99998617172241211 -0.0052441349253058434
3716 -0.99990147352218628 0.0027033218648284674 0.013772995211184025
3717 -0.022042293101549149 0.99951756000518799 0.021883001551032066
3718 0.0059804748743772507 0.99957066774368286 -0.028684454038739204
3719 0.028028462082147598 0.99952715635299683 0.012645957991480827
3720 0.0041160606779158115 0.99954509735107422 -0.029878141358494759
3721 -0.0098244128748774529 0.99958270788192749 0.02716558612883091
3722 -0.01659834012389183 0.99955278635025024 0.024876805022358894
3723 0.00036999266012571752 0.99998986721038818 0.0044920165091753006
3724 -0.0066116577945649624 0.99941211938858032 -0.033640705049037933
3725 0.014249983243644238 0.99959796667098999 -0.024511894211173058
3726 0.011168570257723331 0.99956941604614258 -0.027134794741868973
3727 -0.0049559571780264378 0.9995574951171875 0.02933114767074585
3728 0.0081236325204372406 0.99956876039505005 -0.028220642358064651
3729 0.00039955513784661889 0.99998825788497925 -0.0048349383287131786
3730 0.0003863586753141135 0.99998962879180908 0.004536729771643877
3731 0.003308578860014677 0.99955624341964722 -0.029604652896523476
3732 0.025609901174902916 0.99949288368225098 -0.018925812095403671
3733 0.00037017601425759494 0.99998998641967773 0.0044696549884974957
3734 0.00050253653898835182 0.99998122453689575 -0.006107076071202755
3735 -0.0084351003170013428 0.9995771050453186 0.027828697115182877
3736 0.022158438339829445 0.99942439794540405 -0.025688553228974342
3737 -0.0058670858852565289 0.99959194660186768 0.027956390753388405
3738 -0.99996739625930786 0.0030437908135354519 0.0074843852780759335
3739 -0.99997317790985107 0.0030685639940202236 0.0066506830044090748
3740 -0.0039409594610333443 0.99959856271743774 0.028057888150215149
3741 0.0051079350523650646 0.99958890676498413 -0.028212117031216621
3742 0.0017954345094040036 0.99998897314071655 0.0043456475250422955
3743 0.00042039671097882092 0.99998962879180908 0.0045348689891397953
3744 0.00037502529448829591 0.99998968839645386 -0.0045282067731022835
3745 -0.011240093037486076 0.99954426288604736 0.028018129989504814
3746 0.0091346753761172295 0.99954676628112793 -0.028686141595244408
3747 -0.0031567588448524475 0.99960893392562866 0.027784440666437149
3748 0.0023876766208559275 0.99998509883880615 -0.0049130236729979515
3749 0.0014290320686995983 0.99998950958251953 0.0043625142425298691
3750 -0.0020688960794359446 0.99956268072128296 0.029499493539333344
3751 0.014540822245180607 0.99954545497894287 -0.02641117200255394
3752 0.029919572174549103 0.99942797422409058 -0.015765884891152382
3753 -0.018095774576067924 0.99963021278381348 -0.02029949426651001
3754 -2.8000824386253953e-05 0.99998986721038818 0.0045047290623188019
3755 0.004100956954061985 0.99959695339202881 -0.028092233464121819
3756 0.021913375705480576 0.99952620267868042 0.021615182980895042
3757 0.013776376843452454 0.99953562021255493 0.027179593220353127
3758 0.0068569881841540337 0.99996870756149292 0.0039442805573344231
3759 0.0088086072355508804 0.99993729591369629 -0.0069193728268146515
3760 0.00022133981110528111 0.999988853931427 -0.0047172908671200275
3761 -0.021640753373503685 0.99968582391738892 0.012646116316318512
3762 -0.021120809018611908 0.99954128265380859 -0.021707978099584579
3763 0.014068040065467358 0.9998897910118103 -0.0047460179775953293
3764 0.028053451329469681 0.99957567453384399 0.0078460825607180595
3765 -0.027675405144691467 0.99943995475769043 -0.018813276663422585
3766 -0.0028998975176364183 0.99950796365737915 -0.031232988461852074
3767 -0.013513103127479553 0.99989235401153564 0.0057234731502830982
3768 0.0073950537480413914 0.99996519088745117 -0.0038713202811777592
3769 0.00035625262535177171 0.99998915195465088 0.0046442165039479733
3770 0.00031565505196340382 0.99999094009399414 -0.0042418879456818104
3771 0.026109563186764717 0.99965023994445801 -0.0042047426104545593
3772 0.025297727435827255 0.9996795654296875 -0.00089332181960344315
3773 -0.025605956092476845 0.99945014715194702 0.021067125722765923
3774 0.013909420929849148 0.99989587068557739 -0.0038553609047085047
3775 -0.024694716557860374 0.99962359666824341 0.011958842165768147
3776 0.013530883938074112 0.99990236759185791 -0.0035040974617004395
3777 -0.010523577220737934 0.99968445301055908 -0.022809438407421112
3778 0.021839162334799767 0.99975752830505371 -0.0028280559927225113
3779 0.010108670219779015 0.99994188547134399 0.0037528825923800468
3780 -0.0074738911353051662 0.99994874000549316 -0.006832122802734375
3781 -0.00037952003185637295 0.99986743927001953 -0.016279837116599083
3782 -0.021715641021728516 0.99968284368515015 0.012753773480653763
3783 -0.023645522072911263 0.9995301365852356 -0.019504256546497345
3784 -0.022850425913929939 0.9994053840637207 -0.025822339579463005
3785 -0.0039740209467709064 0.99998301267623901 0.0042791003361344337
3786 0.016607332974672318 0.99985164403915405 -0.0045838053338229656
3787 0.02635502815246582 0.99925625324249268 -0.02814917266368866
3788 0.024640617892146111 0.99969631433486938 0.0002968963235616684
3789 0.017433898523449898 0.99942976236343384 -0.028918098658323288
3790 0.030094863846898079 0.9994809627532959 0.011494873091578484
3791 0.019208494573831558 0.99980539083480835 -0.0044981213286519051
3792 0.031444884836673737 0.99949723482131958 -0.0040669837035238743
3793 -0.030446721240878105 0.99951326847076416 0.0067966459318995476
3794 -0.020216988399624825 0.99977236986160278 -0.0068184304982423782
3795 0.00039562405436299741 0.99998146295547485 -0.0060816733166575432
3796 0.038691360503435135 0.99925082921981812 0.00091556698316708207
3797 -0.037298217415809631 0.9992784857749939 -0.0071633635088801384
3798 0.00030046753818169236 0.99998927116394043 0.0046315938234329224
3799 0.011690404266119003 0.99937766790390015 -0.033281370997428894
3800 -0.017598152160644531 0.99964582920074463 -0.019963249564170837
3801 -0.019983524456620216 0.99932640790939331 0.030780697241425514
3802 -0.0040460354648530483 0.99941712617874146 -0.033898189663887024
3803 -0.01687314361333847 0.99940377473831177 -0.030122498050332069
3804 0.0050822235643863678 0.99943274259567261 -0.033292587846517563
3805 0.022458737716078758 0.99971228837966919 -0.0084247859194874763
3806 0.0014847766142338514 0.99938172101974487 -0.035128153860569
3807 -0.010934460908174515 0.99936842918395996 -0.033811096101999283
3808 0.00031589428544975817 0.99998891353607178 0.0047051259316504002
3809 0.00026159215485677123 0.99999231100082397 -0.0039159040898084641
3810 0.025718482211232185 0.99943268299102783 0.021747985854744911
3811 0.030555708333849907 0.99951648712158203 0.0057632150128483772
3812 -0.015021693892776966 0.99986046552658081 0.0073133725672960281
3813 0.028381876647472382 0.99942737817764282 0.018423812463879585
3814 -0.012721747159957886 0.99940645694732666 -0.032015234231948853
3815 -0.018909953534603119 0.99940937757492065 -0.028693383559584618
3816 -0.0049690781161189079 0.99944323301315308 0.032993253320455551
3817 -0.99990910291671753 0.0024038183037191629 0.013268136419355869
3818 0.010043015703558922 0.99991965293884277 -0.0077383709140121937
3819 0.01399514265358448 0.99942487478256226 0.030888497829437256
3820 -0.018161926418542862 0.99972575902938843 -0.014783718623220921
3821 -0.012178458273410797 0.99941813945770264 0.031860049813985825
3822 0.020849281921982765 0.99938362836837769 0.028244724497199059
3823 0.029336594045162201 0.99944561719894409 0.015745243057608604
3824 1.4111516065895557e-05 0.99997681379318237 -0.0068173948675394058
3825 0.022493286058306694 0.99974000453948975 -0.0037486643996089697
3826 0.00032039984944276512 0.99998968839645386 0.0045388350263237953
3827 0.00044153264025226235 0.99998080730438232 -0.0061861611902713776
3828 0.024339044466614723 0.99939841032028198 0.02470812015235424
3829 -0.000585010158829391 0.99999624490737915 0.0026756147854030132
3830 0.031572688370943069 0.99950128793716431 0.00058710441226139665
3831 -0.0069081014953553677 0.99937015771865845 -0.034808091819286346
3832 -0.0083109084516763687 0.99995893239974976 0.0036214033607393503
3833 0.01264207623898983 0.99991774559020996 -0.0021896855905652046
3834 0.018486121669411659 0.99938535690307617 0.029787018895149231
3835 -0.00083891861140727997 0.99937659502029419 -0.035294748842716217
3836 -0.033220570534467697 0.99936783313751221 0.012663940899074078
3837 -0.010777652263641357 0.99991428852081299 -0.0074429698288440704
3838 0.010840198025107384 0.99939018487930298 0.033193256705999374
3839 0.030732560902833939 0.99952757358551025 0.00040294695645570755
3840 -0.99990385770797729 0.002348173875361681 0.013667695224285126
3841 -0.014263235963881016 0.99979138374328613 -0.01462080143392086
3842 -0.022889988496899605 0.99969774484634399 0.0089746825397014618
3843 0.024545138701796532 0.9996984601020813 0.00068955635651946068
3844 0.03237871453166008 0.99924576282501221 -0.021436642855405807
3845 -0.0015606892993673682 0.99940693378448486 0.034400608390569687
3846 -0.029689345508813858 0.99936479330062866 0.019713476300239563
3847 0.0078084543347358704 0.99938720464706421 -0.034123323857784271
3848 0.036764111369848251 0.99923563003540039 -0.013288265094161034
3849 -0.0087718935683369637 0.99941056966781616 0.033190812915563583
3850 -0.018018573522567749 0.99979329109191895 0.0094173969700932503
3851 0.022240422666072845 0.99927520751953125 -0.030893091112375259
3852 -0.023297572508454323 0.99932694435119629 0.028335558250546455
3853 0.027272909879684448 0.99937021732330322 -0.022702328860759735
3854 0.014301908202469349 0.99938786029815674 -0.031928893178701401
3855 -0.015770915895700455 0.99939930438995361 0.030860647559165955
3856 0.013459826819598675 0.9999091625213623 -0.0007204319117590785
3857 -0.0119413947686553 0.99984979629516602 -0.012562518939375877
3858 -0.016828795894980431 0.99976140260696411 -0.013928758911788464
3859 0.00030826762667857111 0.99998551607131958 -0.0053751235827803612
3860 0.0097619695588946342 0.99995118379592896 0.00153310876339674
3861 -0.022668594494462013 0.99918216466903687 -0.033484190702438354
3862 0.010463311336934566 0.99994403123855591 0.0015972764231264591
3863 -0.0066991755738854408 0.99995779991149902 -0.006291728001087904
3864 0.022295035421848297 0.99975126981735229 -0.00063513038912788033
3865 0.012621238827705383 0.99991989135742188 -0.0010299760615453124
3866 -0.0041466862894594669 0.99997186660766602 -0.0062555242329835892
3867 0.0098853027448058128 0.9999498724937439 0.0016179111553356051
3868 -0.0085769826546311378 0.99994951486587524 0.0052393311634659767
3869 0.0071207131259143353 0.99996787309646606 -0.0036814827471971512
3870 -0.013386880978941917 0.999839186668396 -0.011937404982745647
3871 -0.0068307742476463318 0.99996328353881836 0.0051792757585644722
3872 0.0056382925249636173 0.99997538328170776 0.0041874055750668049
3873 -0.0055686626583337784 0.99996280670166016 -0.0065911738201975822
3874 -0.0043649822473526001 0.99998676776885986 0.002728776540607214
3875 0.0072950082831084728 0.99993568658828735 -0.0086860572919249535
3876 0.018807196989655495 0.99981331825256348 -0.0044256392866373062
3877 0.011298759840428829 0.9997333288192749 0.020142041146755219
3878 -0.026200782507658005 0.99963152408599854 -0.0070992945693433285
3879 -0.016579197719693184 0.99955236911773682 -0.024904705584049225
3880 -0.01879345066845417 0.9997633695602417 -0.010957336984574795
3881 -0.00028650605236180127 0.99999940395355225 0.0010933814337477088
3882 -0.022572731599211693 0.99947565793991089 -0.023216404020786285
3883 0.023546395823359489 0.99971014261245728 0.0050230436027050018
3884 0.016143316403031349 0.99986785650253296 0.0019310909556224942
3885 -0.0045671029947698116 0.99958544969558716 0.028427787125110626
3886 0.0016902239294722676 0.99998104572296143 0.0059235426597297192
3887 0.0082023926079273224 0.99964088201522827 0.025511994957923889
3888 -0.0135009391233325 0.99971532821655273 0.019673017784953117
3889 -0.004838042426854372 0.99964171648025513 0.026327216997742653
3890 -0.011805503629148006 0.9998856782913208 0.0094521762803196907
3891 0.030411068350076675 0.9995352029800415 0.0021284145768731833
3892 0.011655265465378761 0.99963945150375366 0.024189943447709084
3893 -0.017010293900966644 0.99984949827194214 -0.0034168704878538847
3894 0.0074053108692169189 0.99944913387298584 0.032351128756999969
3895 0.026259010657668114 0.99964159727096558 -0.0052117202430963516
3896 0.024449117481708527 0.99940019845962524 0.024526901543140411
3897 0.02109890803694725 0.99945962429046631 -0.025205062702298164
3898 0.025007264688611031 0.99952518939971924 -0.018003007397055626
3899 -0.026643712073564529 0.99936759471893311 -0.023547708988189697
3900 -0.021145608276128769 0.99959492683410645 -0.019049555063247681
3901 0.017304688692092896 0.99983453750610352 0.0056139505468308926
3902 -0.017708932980895042 0.99957925081253052 -0.02297290600836277
3903 0.011952095665037632 0.99944454431533813 -0.031109435483813286
3904 0.0028002061881124973 0.99946057796478271 0.032721422612667084
3905 0.0019362345337867737 0.99942010641098022 0.033996347337961197
3906 0.0050204414874315262 0.99940747022628784 0.034050963819026947
3907 0.01609676331281662 0.99946606159210205 -0.028434878215193748
3908 -0.0040098368190228939 0.99970084428787231 0.024126427248120308
3909 0.011370261199772358 0.99977952241897583 0.01765255443751812
3910 0.02656850777566433 0.99959135055541992 -0.010550211183726788
3911 -0.012969794683158398 0.99986058473587036 0.010520763695240021
3912 -0.00033608361263759434 0.99951779842376709 0.031050616875290871
3913 0.025617470964789391 0.9995567798614502 0.015165346674621105
3914 0.0036666211672127247 0.99960333108901978 0.027925264090299606
3915 -0.014832473360002041 0.99988371133804321 -0.0035504358820617199
3916 0.030672332271933556 0.99951618909835815 -0.0051601850427687168
3917 0.023708676919341087 0.99950546026229858 -0.02065754123032093
3918 -0.013700326904654503 0.99957716464996338 -0.025648601353168488
3919 0.0252654068171978 0.99966287612915039 0.0059885783120989799
3920 -0.024515312165021896 0.99962711334228516 -0.012030636891722679
3921 -0.99998986721038818 0.0036207844968885183 -0.0026825717650353909
3922 0.017976796254515648 0.99946027994155884 -0.027496330440044403
3923 -0.015295037068426609 0.99955153465270996 0.025746589526534081
3924 -0.016899177804589272 0.99985092878341675 -0.0035556054208427668
3925 -0.029934296384453773 0.99946236610412598 -0.013374567031860352
3926 0.03114997036755085 0.99948900938034058 -0.0071697421371936798
3927 0.020346136763691902 0.99959558248519897 0.019868429750204086
3928 0.010139765217900276 0.99952614307403564 -0.029065359383821487
3929 0.002214943990111351 0.99946838617324829 0.032527212053537369
3930 -0.013371209613978863 0.99989598989486694 -0.0054160775616765022
3931 0.023855151608586311 0.99970519542694092 -0.004524625837802887
3932 -0.016479695215821266 0.99980300664901733 -0.011062245815992355
3933 0.0034863154869526625 0.99952149391174316 0.030735600739717484
3934 0.0057349721901118755 0.99948078393936157 0.031705435365438461
3935 -0.027161501348018646 0.99956506490707397 -0.011488927528262138
3936 0.0293583944439888 0.99953985214233398 0.0076300380751490593
3937 -0.026541348546743393 0.99956417083740234 0.012926414608955383
3938 0.011696923524141312 0.9998975396156311 0.008252948522567749
3939 0.025990072637796402 0.99965184926986694 -0.0045489040203392506
3940 0.014258732087910175 0.99980086088180542 0.013961818069219589
3941 -0.023994555696845055 0.99958842992782593 -0.015725316479802132
3942 0.026617465540766716 0.99964392185211182 -0.0018979898886755109
3943 -0.030158817768096924 0.99952691793441772 -0.0060366406105458736
3944 0.034248601645231247 0.9994080662727356 0.0032539479434490204
3945 0.034036867320537567 0.99916046857833862 -0.022800389677286148
3946 -0.019901936873793602 0.99962979555130005 0.018553445115685463
3947 -0.99998944997787476 0.0036541968584060669 -0.0027927535120397806
3948 -0.010773016139864922 0.99948275089263916 -0.030302122235298157
3949 0.014775583520531654 0.99952167272567749 -0.02716783806681633
3950 -0.022744126617908478 0.99958503246307373 -0.017676139250397682
3951 0.021497000008821487 0.99960774183273315 0.017949936911463737
3952 -0.032221995294094086 0.99940234422683716 -0.012518403120338917
3953 0.027962189167737961 0.99957925081253052 -0.0077163288369774818
3954 0.023100567981600761 0.99958354234695435 0.017293985933065414
3955 -0.019720777869224548 0.99946397542953491 0.026132674887776375
3956 0.028334693983197212 0.9995419979095459 -0.010629252530634403
3957 -0.0034258598461747169 0.99950712919235229 0.031205471605062485
3958 0.01623726449906826 0.99958419799804688 0.023828746750950813
3959 0.029591521248221397 0.99955278635025024 -0.0043211109004914761
3960 -0.02183772437274456 0.99970406293869019 -0.010723120532929897
3961 -0.0098835630342364311 0.99958252906799316 -0.027149926871061325
3962 0.030408883467316628 0.99953609704971313 -0.0016891482518985868
3963 -0.027669055387377739 0.99942582845687866 -0.019555777311325073
3964 0.02895660325884819 0.99950557947158813 -0.01225582417100668
3965 -0.016178334131836891 0.9996381402015686 0.021490355953574181
3966 -0.01434708945453167 0.99952495098114014 0.027277123183012009
3967 0.019280929118394852 0.99957126379013062 0.0220370814204216
3968 -0.016181860119104385 0.99953067302703857 -0.026011064648628235
3969 0.021048948168754578 0.99948769807815552 -0.024111632257699966
3970 -0.01498249638825655 0.99956977367401123 -0.02521488256752491
3971 -0.01047547347843647 0.99953097105026245 0.02877611480653286
3972 -0.025889400392770767 0.99962276220321655 -0.0091743879020214081
3973 0.027384307235479355 0.99950194358825684 0.015683693811297417
3974 -0.022997742518782616 0.99952000379562378 0.020759178325533867
3975 0.027186661958694458 0.99952083826065063 -0.014800260774791241
3976 -0.020746439695358276 0.99957036972045898 -0.020704863592982292
3977 -0.0031978152692317963 0.99952638149261475 -0.030607687309384346
3978 0.0073818396776914597 0.99948066473007202 -0.031366642564535141
3979 0.023224879056215286 0.99952578544616699 -0.020218146964907646
3980 -0.99999803304672241 0.0019869864918291569 6.3389634306076914e-05
3981 -0.024979487061500549 0.99957120418548584 0.015280195511877537
3982 0.020015794783830643 0.99951028823852539 -0.024054281413555145
3983 0.026792354881763458 0.9994850754737854 -0.01765868254005909
3984 -0.018211338669061661 0.9996076226234436 -0.021283494308590889
3985 -0.02380247600376606 0.99938720464706421 -0.025666769593954086
3986 0.025610031560063362 0.99949920177459717 -0.01858811266720295
3987 0.011671046726405621 0.99949663877487183 0.029501097276806831
3988 -0.0073410687036812305 0.99949944019317627 0.030773594975471497
3989 0.0074016568250954151 0.99954003095626831 0.029410757124423981
3990 -0.025492595508694649 0.99955910444259644 -0.015222882851958275
3991 0.01833730936050415 0.99950778484344482 -0.025454211980104446
3992 0.00077694375067949295 0.99952113628387451 0.030934447422623634
3993 0.024697702378034592 0.9995194673538208 -0.018732538446784019
3994 0.024641741067171097 0.99960905313491821 0.01321171410381794
3995 0.0058733946643769741 0.99947863817214966 0.031747952103614807
3996 -0.0021722109522670507 0.99946683645248413 0.032578583806753159
3997 0.023908184841275215 0.9994691014289856 0.022134045138955116
3998 -0.018784990534186363 0.99948883056640625 0.025870921090245247
3999 0.018024405464529991 0.99948543310165405 0.026534553617238998
4000 -0.013441678136587143 0.99947983026504517 0.029316762462258339
4001 -0.018045486882328987 0.9995274543762207 0.02488342672586441
4002 0.02562459371984005 0.99961042404174805 0.011062252335250378
4003 0.031398110091686249 0.99947577714920044 -0.0079007474705576897
4004 -0.014989751391112804 0.99988549947738647 -0.00209451699629426
4005 0.018635507673025131 0.99955713748931885 0.023202104493975639
4006 0.018650747835636139 0.99982267618179321 0.0025943620130419731
4007 0.029095051810145378 0.99942213296890259 0.017576130107045174
4008 -0.0077289873734116554 0.99950546026229858 0.030480820685625076
4009 -0.99991494417190552 0.0029590569902211428 -0.012704230844974518
4010 -0.012512992136180401 0.99949771165847778 0.029117545112967491
4011 0.025520410388708115 0.99955195188522339 -0.015641156584024429
4012 -0.018533976748585701 0.9995691180229187 0.022760659456253052
4013 0.010534840635955334 0.99957811832427979 0.027068166062235832
4014 0.013728494755923748 0.99952000379562378 -0.027771743014454842
4015 -0.0087340958416461945 0.99952185153961182 0.029661297798156738
4016 -0.0042739440687000751 0.99953848123550415 0.030075794085860252
4017 0.022049868479371071 0.99949353933334351 -0.022946607321500778
4018 0.00016068993136286736 0.99959093332290649 0.028599683195352554
4019 0.00010314491373719648 0.99950051307678223 0.03160373866558075
4020 -0.016707481816411018 0.99956494569778442 -0.024307727813720703
4021 0.0017136274836957455 0.9995349645614624 0.030445663258433342
4022 -0.01904679648578167 0.99957954883575439 -0.021863704547286034
4023 -0.025406582280993462 0.99957901239395142 -0.014011326245963573
4024 0.014445201493799686 0.99956351518630981 0.025772217661142349
4025 -0.013175765052437782 0.99951565265655518 0.028194602578878403
4026 -0.0024894175585359335 0.99951952695846558 0.030896143987774849
4027 0.027253361418843269 0.99962836503982544 0.00070013949880376458
4028 0.00025748088955879211 0.99999576807022095 -0.0029089928139001131
4029 0.00032204901799559593 0.99999278783798218 0.0037822348531335592
4030 -0.99990075826644897 0.0030166900251060724 -0.013763616792857647
4031 -0.023710381239652634 0.99951332807540894 -0.020270615816116333
4032 0.0035318166483193636 0.99956870079040527 0.029155073687434196
4033 0.027868395671248436 0.99952942132949829 -0.012820199131965637
4034 0.0020549483597278595 0.99954617023468018 0.030054271221160889
4035 -0.012843352742493153 0.99957311153411865 -0.026241915300488472
4036 -0.01842474564909935 0.99955087900161743 -0.023636672645807266
4037 0.00023709390370640904 0.9999958872795105 -0.0028627675492316484
4038 -0.0058304849080741405 0.999397873878479 0.034203454852104187
4039 0.011986440978944302 0.99958658218383789 0.026133762672543526
4040 0.0084722712635993958 0.99956494569778442 0.028251569718122482
4041 -0.007487262599170208 0.99955594539642334 -0.028842447325587273
4042 0.0053429082036018372 0.99956333637237549 0.029061894863843918
4043 0.00028444931376725435 0.99999403953552246 0.0034421556629240513
4044 0.0013022770872339606 0.99955540895462036 0.029787657782435417
4045 0.02433067187666893 0.99947971105575562 0.021174069494009018
4046 0.00022308075858745724 0.9999963641166687 -0.0026935671921819448
4047 0.00041654761298559606 0.99998712539672852 0.0050620958209037781
4048 -0.011423451825976372 0.9995722770690918 -0.026921899989247322
4049 0.020653080195188522 0.99942398071289062 0.026927968487143517
4050 -0.0085569657385349274 0.9995872974395752 -0.027422258630394936
4051 -0.99996668100357056 0.0032777194865047932 -0.0074771745130419731
4052 -0.99997252225875854 0.0032690037041902542 -0.00665678596124053
4053 -0.006592234130948782 0.99959170818328857 -0.027802720665931702
4054 0.0025168913416564465 0.99958419799804688 0.028724279254674911
4055 0.0047462000511586666 0.99998587369918823 -0.0024150891695171595
4056 0.00029372432618401945 0.99999421834945679 -0.0033854602370411158
4057 0.00026605126913636923 0.99999481439590454 0.0032124104909598827
4058 -0.014005487784743309 0.99954086542129517 -0.026870038360357285
4059 0.0065471595153212547 0.99954468011856079 0.029456000775098801
4060 0.030286092311143875 0.99935716390609741 0.019185695797204971
4061 -0.0055015827529132366 0.99960523843765259 -0.027552839368581772
4062 0.0022756857797503471 0.99999099969863892 0.0035885137040168047
4063 -0.0041864970698952675 0.99956178665161133 -0.029304515570402145
4064 0.012333675287663937 0.99954319000244141 0.027593692764639854
4065 -0.018051307648420334 0.99962908029556274 0.020392341539263725
4066 0.00022161660308483988 0.99999642372131348 -0.0026758883614093065
4067 0.0012801067205145955 0.9995884895324707 0.028657292947173119
4068 0.021665012463927269 0.99952918291091919 -0.021725572645664215
4069 0.01231798529624939 0.99955087900161743 -0.027320276945829391
4070 0.0069416714832186699 0.9999273419380188 0.0098545253276824951
4071 0.00011395398178137839 0.99999409914016724 0.0034437305293977261
4072 -0.025743633508682251 0.99960172176361084 -0.011561678722500801
4073 -0.021017491817474365 0.99953961372375488 0.021882614120841026
4074 0.012230866588652134 0.99989861249923706 0.007296315860003233
4075 0.028246071189641953 0.99957269430160522 -0.0075227022171020508
4076 -0.027647202834486961 0.999439537525177 0.018877154216170311
4077 -0.0021545570343732834 0.99949628114700317 0.031663212925195694
4078 -0.0087792631238698959 0.99995291233062744 -0.0041414434090256691
4079 0.0073006362654268742 0.99996978044509888 0.0026713768020272255
4080 0.0002715376322157681 0.99999356269836426 -0.0035824223887175322
4081 0.00022650112805422395 0.99999535083770752 0.0030438047833740711
4082 0.025599580258131027 0.9996713399887085 0.0013926617102697492
4083 -0.028480684384703636 0.99939221143722534 -0.020101465284824371
4084 -0.026314126327633858 0.99961400032043457 -0.0089200865477323532
4085 0.013631463050842285 0.99990010261535645 0.0037391334772109985
4086 -0.010212461464107037 0.99967563152313232 0.023332351818680763
4087 0.027040654793381691 0.99960511922836304 0.0076406695879995823
4088 0.0099705196917057037 0.99994838237762451 -0.0019609436858445406
4089 -0.0075426199473440647 0.9999539852142334 0.0059366640634834766
4090 6.7803550336975604e-05 0.99985599517822266 0.016972631216049194
4091 -0.023508228361606598 0.99967390298843384 -0.0099719054996967316
4092 -0.023520318791270256 0.9995276927947998 0.019780205562710762
4093 -0.022843543440103531 0.99940526485443115 0.02583182230591774
4094 0.01662626676261425 0.9998508095741272 0.0046877609565854073
4095 -0.022631218656897545 0.99973243474960327 -0.0047853649593889713
4096 0.025045808404684067 0.99924719333648682 0.02962784469127655
4097 0.02502601221203804 0.99968677759170532 0.00029435570468194783
4098 0.015311727300286293 0.99943059682846069 0.030068777501583099
4099 -0.014331817626953125 0.99988812208175659 -0.0042815026827156544
4100 0.030119387432932854 0.99948060512542725 -0.011461879126727581
4101 0.019134033471345901 0.99981087446212769 0.0034820009022951126
4102 0.031438935548067093 0.99949765205383301 0.004005790688097477
4103 -0.030640421435236931 0.99951893091201782 -0.0048106848262250423
4104 0.019724186509847641 0.99980336427688599 -0.0020527893211692572
4105 -0.020319400355219841 0.99977898597717285 0.0053998003713786602
4106 0.00036272595752961934 0.99998438358306885 0.0055759521201252937
4107 0.038619454950094223 0.99925398826599121 -1.0342337191104889e-05
4108 -0.037402912974357605 0.99928122758865356 0.0061682662926614285
4109 0.00018858799012377858 0.99999576807022095 -0.0029070128221064806
4110 0.0091234687715768814 0.99937725067138672 0.034087665379047394
4111 -0.017413437366485596 0.99963891506195068 0.020467132329940796
4112 -0.022378934547305107 0.99929600954055786 -0.03011271171271801
4113 -0.0049708797596395016 0.99942326545715332 0.033592890948057175
4114 -0.017206534743309021 0.99940711259841919 0.029821703210473061
4115 0.002969841007143259 0.99943447113037109 0.033495523035526276
4116 0.021369338035583496 0.99970656633377075 0.011408773250877857
4117 2.0639039576053619e-05 0.99938851594924927 0.034966051578521729
4118 -0.011539007537066936 0.99937343597412109 0.033461324870586395
4119 0.00024812028277665377 0.99999314546585083 -0.0037028789520263672
4120 0.00019572563178371638 0.99999570846557617 0.0029299152083694935
4121 0.02509862557053566 0.99943846464157104 -0.022200645878911018
4122 0.030675206333398819 0.99951422214508057 -0.0055128652602434158
4123 -0.020038580521941185 0.99978131055831909 -0.0059800068847835064
4124 0.027990546077489853 0.99943190813064575 -0.018774893134832382
4125 -0.013183347880840302 0.99941122531890869 0.031678095459938049
4126 -0.019088881090283394 0.99941164255142212 0.028495306149125099
4127 -0.007516804151237011 0.99944353103637695 -0.032498389482498169
4128 -0.99990803003311157 0.0027502246666699648 -0.01327987015247345
4129 0.010159354656934738 0.99991452693939209 0.0082343081012368202
4130 0.012794222682714462 0.99943268299102783 -0.031155545264482498
4131 -0.018030595034360886 0.99972081184387207 0.015274101868271828
4132 -0.014807370491325855 0.99941748380661011 -0.030747946351766586
4133 0.020094333216547966 0.99938935041427612 -0.028586259111762047
4134 0.029018539935350418 0.99944925308227539 -0.016096528619527817
4135 6.2855426222085953e-05 0.99997538328170776 0.0070193279534578323
4136 0.022555777803063393 0.99973803758621216 0.003893387271091342
4137 0.00020328898972366005 0.99999582767486572 -0.0028798240236938
4138 0.00038075557677075267 0.99998569488525391 0.0053346347995102406
4139 0.02367781475186348 0.99940472841262817 -0.025092892348766327
4140 -0.0034988108091056347 0.99999374151229858 -0.00056864431826397777
4141 0.031645234674215317 0.99949914216995239 -0.00033266612445004284
4142 -0.0075623909942805767 0.99937570095062256 0.034511677920818329
4143 -0.0089571820572018623 0.99995958805084229 -0.00076274003367871046
4144 0.012585975229740143 0.99991875886917114 0.002039856743067503
4145 0.017628220841288567 0.99939227104187012 -0.030073823407292366
4146 -0.032389082014560699 0.9994281530380249 -0.0097130779176950455
4147 -0.0017363909864798188 0.99938249588012695 0.035094771534204483
4148 -0.010879099369049072 0.9999164342880249 0.0069921389222145081
4149 0.0091994144022464752 0.99940013885498047 -0.033388108015060425
4150 0.031022289767861366 0.99951869249343872 0.00014115497469902039
4151 -0.99990296363830566 0.0027678611222654581 -0.013653090223670006
4152 -0.014158339239656925 0.99978876113891602 0.014899306930601597
4153 0.03512890636920929 0.99926847219467163 0.015116974711418152
4154 -0.023400420323014259 0.99969756603240967 -0.0075622028671205044
4155 0.024435756728053093 0.99970066547393799 -0.0011932984925806522
4156 -0.0034575266763567924 0.99940776824951172 -0.034236844629049301
4157 -0.030968952924013138 0.99936544895172119 -0.017596613615751266
4158 0.0054637612774968147 0.99938708543777466 0.034578215330839157
4159 0.02973807230591774 0.9992978572845459 0.022792352363467216
4160 -0.011660461314022541 0.99940919876098633 -0.032330848276615143
4161 0.02074102871119976 0.99925714731216431 0.032481282949447632
4162 -0.024493414908647537 0.99934566020965576 -0.026615949347615242
4163 0.025312090292572975 0.99936246871948242 0.025178670883178711
4164 0.00021535917767323554 0.99999374151229858 -0.0035294226836413145
4165 0.011717750690877438 0.9993864893913269 0.033005855977535248
4166 -0.018117405474185944 0.99939757585525513 -0.029602356255054474
4167 0.012923873029649258 0.99991047382354736 0.0034708897583186626
4168 -0.011879725381731987 0.99984657764434814 0.012875298969447613
4169 -0.016709763556718826 0.99975591897964478 0.014455065131187439
4170 0.0002286188246216625 0.99999207258224487 0.0039863414131104946
4171 0.0069292513653635979 0.99997591972351074 -0.00044613401405513287
4172 -0.022391082718968391 0.99917632341384888 0.033843126147985458
4173 0.0094184242188930511 0.99995565414428711 -0.0002583398309070617
4174 -0.0068153785541653633 0.99996006488800049 0.0057808598503470421
4175 0.022303307428956032 0.99975103139877319 0.00067442195722833276
4176 0.012025479227304459 0.99992060661315918 0.0037821738515049219
4177 -0.0042363232932984829 0.99997395277023315 0.0058482931926846504
4178 0.010183501057326794 0.99994814395904541 9.9229393526911736e-05
4179 -0.0078429821878671646 0.99996072053909302 -0.0041420911438763142
4180 0.0070439795963466167 0.99997186660766602 0.002580724423751235
4181 -0.013406001031398773 0.99983954429626465 0.011885487474501133
4182 -0.0083163212984800339 0.99996012449264526 -0.0032583044376224279
4183 0.0055257966741919518 0.99998164176940918 -0.0025050791446119547
4184 -0.0056124432012438774 0.99996662139892578 0.0059411050751805305
4185 -0.0049040243029594421 0.99998801946640015 -2.6683846954256296e-05
4186 0.0073684114031493664 0.9999319314956665 0.009050627239048481
4187 0.018654108047485352 0.99980181455612183 0.0069510811008512974
4188 -0.99999803304672241 0 -0.0019955520983785391
4189 -0.99999797344207764 0 -0.0020209015347063541
4190 -0.99999785423278809 0 -0.0020827711559832096
4191 -0.99999773502349854 0 -0.0021341720130294561
4192 -0.99999773502349854 0 -0.0021345349960029125
4193 -0.99999815225601196 0 -0.0019277021056041121
4194 -0.99999815225601196 0 -0.0019261280540376902
4195 -0.99999785423278809 0 -0.0020695582497864962
4196 -0.99999761581420898 0 -0.0021870830096304417
4197 -0.99999803304672241 0 -0.0019763000309467316
4198 -0.99999809265136719 0 -0.001964854309335351
4199 -0.99999785423278809 0 -0.0020731685217469931
4200 -0.99999785423278809 0 -0.0020658657886087894
4201 -0.99999803304672241 0 -0.0019885709043592215
4202 -0.99999755620956421 0 -0.0022249519824981689
4203 -0.99999809265136719 0 -0.001965339994058013
4204 -0.99999791383743286 0 -0.0020539518445730209
4205 -0.99999803304672241 0 -0.0020051430910825729
4206 -0.99999791383743286 0 -0.0020585455931723118
4207 -0.99999755620956421 0 -0.002207478741183877
4208 -0.99999797344207764 0 -0.0020347994286566973
4209 -0.99999761581420898 0 -0.0021872203797101974
4210 -0.99999761581420898 0 -0.0021783346310257912
4211 -0.99999779462814331 0 -0.0021079741418361664
4212 -0.99999779462814331 -0 -0.0021210762206465006
4213 -0.99999803304672241 0 -0.0020027849823236465
4214 -0.99999797344207764 -0 -0.0020189762581139803
4215 -0.99999785423278809 0 -0.0020705235656350851
4216 -0.99999779462814331 0 -0.0020939710084348917
4217 -0.99999779462814331 0 -0.0020965107250958681
4218 -0.99999785423278809 0 -0.0020732504781335592
4219 -0.99999797344207764 0 -0.0020267181098461151
4220 -0.99999791383743286 0 -0.0020383687224239111
4221 -0.99999785423278809 0 -0.0020779962651431561
4222 -0.99999791383743286 0 -0.0020401065703481436
4223 -0.99999797344207764 0 -0.0020148626063019037
4224 -0.99999785423278809 0 -0.0020685575436800718
4225 -0.99999773502349854 0 -0.002133259316906333
4226 -0.99999785423278809 0 -0.0020840235520154238
4227 -0.99999779462814331 0 -0.0021113445982336998
4228 -0.99999779462814331 0 -0.0021011100616306067
4229 -0.99999779462814331 0 -0.0021061717998236418
4230 -0.99999779462814331 0 -0.0021124330814927816
4231 -0.99999797344207764 0 -0.0020195732358843088
4232 -0.99999809265136719 0 -0.0019464566139504313
4233 -0.99999803304672241 0 -0.0019885299261659384
4234 -0.99999815225601196 0 -0.001923225587233901
4235 -0.99999755620956421 -0 -0.0022129442077130079
4236 -0.99999791383743286 0 -0.0020611260551959276
4237 -0.99999809265136719 0 -0.0019609278533607721
4238 -0.99999779462814331 0 -0.0020969612523913383
4239 -0.99999761581420898 0 -0.0021782936528325081
4240 -0.99999743700027466 0 -0.002282055327668786
4241 -0.99999785423278809 0 -0.0020732388366013765
4242 -0.99999773502349854 0 -0.002123960992321372
4243 -0.99999791383743286 0 -0.0020407619886100292
4244 -0.99999815225601196 0 -0.001939686480909586
4245 -0.99999773502349854 0 -0.0021438216790556908
4246 -0.99999803304672241 0 -0.00200084806419909
4247 -0.99999803304672241 0 -0.002001333748921752
4248 -0.99999773502349854 0 -0.0021394328214228153
4249 -0.99999773502349854 -0 -0.0021314392797648907
4250 -0.99999785423278809 0 -0.0020753513090312481
4251 -0.99999797344207764 -0 -0.0020171506330370903
4252 -0.99999791383743286 -0 -0.0020472165197134018
4253 -0.99999791383743286 0 -0.0020549874752759933
4254 -0.99999773502349854 0 -0.0021478126291185617
4255 -0.99999773502349854 0 -0.0021401408594101667
4256 -0.99999785423278809 0 -0.0020818817429244518
4257 -0.99999773502349854 0 -0.0021303042303770781
4258 -0.99999785423278809 -0 -0.0020736134611070156
4259 -0.99999779462814331 0 -0.0021202042698860168
4260 -0.99999785423278809 0 -0.00207731151022017
4261 -0.99999779462814331 0 -0.0021061075385659933
4262 -0.99999785423278809 -0 -0.0020737070590257645
4263 -0.99999785423278809 0 -0.0020850358996540308
4264 -0.99999791383743286 -0 -0.0020595812238752842
4265 -0.99999785423278809 0 -0.0020772297866642475
4266 -0.99999803304672241 -0 -0.0020049733575433493
4267 -0.99999797344207764 0 -0.0020238682627677917
4268 -0.99999791383743286 0 -0.0020624662283807993
4269 -0.99999791383743286 -0 -0.0020413883030414581
4270 -0.99999791383743286 0 -0.0020625949837267399
4271 -0.99999791383743286 0 -0.0020452034659683704
4272 -0.99999791383743286 0 -0.0020490598399192095
4273 -0.99999797344207764 0 -0.0020351563580334187
4274 -0.99999779462814331 -0 -0.0020960015244781971
4275 -0.99999767541885376 0 -0.0021661748178303242
4276 -0.99999803304672241 0 -0.0019974771421402693
4277 -0.99999797344207764 0 -0.0020267881918698549
4278 -0.99999785423278809 0 -0.00208427500911057
4279 -0.99999803304672241 0 -0.0019762532319873571
4280 -0.99999803304672241 0 -0.0019946333486586809
4281 -0.99999803304672241 0 -0.0019898174796253443
4282 -0.99999815225601196 -0 -0.0019395811250433326
4283 -0.99999803304672241 0 -0.0019921991042792797
4284 -0.99999773502349854 0 -0.002122439444065094
4285 -0.99999803304672241 0 -0.0019944519735872746
4286 -0.99999803304672241 0 -0.0019921346101909876
4287 -0.99999791383743286 0 -0.0020388485863804817
4288 -0.99999791383743286 0 -0.0020551981870085001
4289 -0.99999767541885376 0 -0.0021628334652632475
4290 -0.99999803304672241 0 -0.0019927725661545992
4291 -0.99999785423278809 0 -0.0020919174421578646
4292 -0.99999773502349854 0 -0.0021326798014342785
4293 -0.99999767541885376 0 -0.0021632080897688866
4294 -0.99999755620956421 0 -0.0022304495796561241
4295 -0.99999785423278809 -0 -0.0020763284992426634
4296 -0.99999797344207764 -0 -0.0020106141455471516
4297 -0.99999791383743286 0 -0.0020548412576317787
4298 -0.99999761581420898 0 -0.0021955207921564579
4299 -0.99999773502349854 0 -0.0021443308796733618
4300 -0.99999803304672241 0 -0.0019890507683157921
4301 -0.99999797344207764 0 -0.0020137741230428219
4302 -0.99999767541885376 0 -0.0021613531280308962
4303 -0.99999797344207764 -0 -0.0020089875906705856
4304 -0.99999803304672241 -0 -0.0019850423559546471
4305 -0.99999803304672241 0 -0.0019992622546851635
4306 -0.99999785423278809 0 -0.0020764982327818871
4307 -0.99999821186065674 0 -0.0018833874491974711
4308 -0.99999803304672241 0 -0.0019839541055262089
4309 -0.99999809265136719 0 -0.0019746441394090652
4310 -0.99999809265136719 0 -0.0019694715738296509
4311 -0.99999803304672241 0 -0.0019870379474014044
4312 -0.99999797344207764 0 -0.0020225925836712122
4313 -0.99999791383743286 0 -0.0020615181419998407
4314 -0.99999791383743286 0 -0.0020627821795642376
4315 -0.99999785423278809 0 -0.0020762407220900059
4316 -0.99999809265136719 0 -0.0019732459913939238
4317 -0.99999785423278809 0 -0.0020904194097965956
4318 -0.99999791383743286 0 -0.0020508270245045424
4319 -0.99999797344207764 0 -0.0020260333549231291
4320 -0.99999773502349854 0 -0.0021262080408632755
4321 -0.99999815225601196 0 -0.0019339867867529392
4322 -0.99999809265136719 0 -0.0019596230704337358
4323 -0.99999809265136719 0 -0.001975539606064558
4324 -0.99999791383743286 0 -0.0020642040763050318
4325 -0.99999749660491943 0 -0.0022516122553497553
4326 -0.99999743700027466 0 -0.0022599594667553902
4327 -0.99999755620956421 0 -0.0022176781203597784
4328 -0.99999821186065674 0 -0.0019035991281270981
4329 -0.99999773502349854 0 -0.0021300700027495623
4330 -0.99999809265136719 0 -0.00197401805780828
4331 -0.99999809265136719 0 -0.0019712564535439014
4332 -0.99999821186065674 0 -0.0019028267124667764
4333 -0.99999773502349854 0 -0.002135108457878232
4334 -0.99999785423278809 -0 -0.0020763636566698551
4335 -0.99999773502349854 0 -0.002129443921148777
4336 -0.99999773502349854 0 -0.0021435350645333529
4337 -0.99999803304672241 0 -0.0019764697644859552
4338 -0.99999785423278809 0 -0.0020880026277154684
4339 -0.99999791383743286 0 -0.0020408323034644127
4340 -0.99999767541885376 0 -0.0021556946448981762
4341 -0.99999773502349854 0 -0.0021397778764367104
4342 -0.99999755620956421 0 -0.0022262188140302896
4343 -0.99999743700027466 0 -0.0022658139932900667
4344 -0.99999767541885376 0 -0.002159907715395093
4345 -0.99999815225601196 0 -0.0019407456275075674
4346 -0.99999785423278809 0 -0.0020911390893161297
4347 -0.99999779462814331 0 -0.0021181679330766201
4348 -0.99999791383743286 0 -0.0020637593697756529
4349 -0.99999803304672241 0 -0.0019864409696310759
4350 -0.99999767541885376 0 -0.0021580674219876528
4351 -0.99999773502349854 0 -0.0021234811283648014
4352 -0.99999803304672241 0 -0.0020032939501106739
4353 -0.99999767541885376 0 -0.0021742007229477167
4354 -0.99999749660491943 0 -0.002255372004583478
4355 -0.99999773502349854 -0 -0.0021389676257967949
4356 -0.99999767541885376 0 -0.0021700430661439896
4357 -0.99999767541885376 0 -0.0021602003835141659
4358 -0.99999767541885376 0 -0.0021505861077457666
4359 -0.99999809265136719 0 -0.0019572179298847914
4360 -0.99999779462814331 0 -0.0021099052391946316
4361 -0.99999809265136719 0 -0.0019672594498842955
4362 -0.99999773502349854 0 -0.0021459166891872883
4363 -0.99999755620956421 0 -0.002216636436060071
4364 -0.99999749660491943 0 -0.0022345045581459999
4365 -0.99999803304672241 0 -0.0019916256424039602
4366 -0.99999803304672241 0 -0.0019914675503969193
4367 -0.99999803304672241 0 -0.0019873830024152994
4368 -0.99999779462814331 0 -0.0021184547804296017
4369 -0.99999803304672241 0 -0.0019836088176816702
4370 -0.99999803304672241 0 -0.0019885592628270388
4371 -0.99999803304672241 0 -0.0020036101341247559
4372 -0.99999779462814331 0 -0.0020983773283660412
4373 -0.99999803304672241 0 -0.0019797408021986485
4374 -0.9999997615814209 0 0.00069252343382686377
4375 -0.9999997615814209 0 0.00071393471444025636
4376 -0.9999997615814209 0 0.00070553465047851205
4377 -0.9999997615814209 0 0.00071474810829386115
4378 -0.99999982118606567 0 0.00066802254877984524
4379 -0.99999970197677612 0 0.00079952710075303912
4380 -0.99999970197677612 0 0.0008126524044200778
4381 -0.9999997615814209 0 0.00071964593371376395
4382 -0.9999997615814209 0 0.00071451108669862151
4383 -0.9999997615814209 -0 0.00068113900488242507
4384 -0.99999970197677612 0 0.00082446401938796043
4385 -0.99999970197677612 -0 0.00082582450704649091
4386 -0.9999997615814209 0 0.0007129823206923902
4387 -0.9999997615814209 0 0.00072153308428823948
4388 -0.9999997615814209 0 0.00073045108001679182
4389 -0.99999970197677612 0 0.00077498960308730602
4390 -0.99999970197677612 0 0.00079783011460676789
4391 -0.9999997615814209 -0 0.00067438615951687098
4392 -0.9999997615814209 0 0.0007011371199041605
4393 -0.9999997615814209 0 0.00068599294172599912
4394 -0.9999997615814209 -0 0.00071499822661280632
4395 -0.99999982118606567 0 0.00066536880331113935
4396 -0.99999970197677612 0 0.00079557724529877305
4397 -0.99999964237213135 0 0.00083103682845830917
4398 -0.9999997615814209 0 0.00070290721487253904
4399 -0.99999970197677612 0 0.00080794323002919555
4400 -0.9999997615814209 0 0.00067883636802434921
4401 -0.9999997615814209 0 0.00072369090048596263
4402 -0.9999997615814209 0 0.00071258441312238574
4403 -0.9999997615814209 0 0.00071477878373116255
4404 -0.9999997615814209 0 0.00071425072383135557
4405 -0.9999997615814209 0 0.00071999558713287115
4406 -0.9999997615814209 0 0.00070470664650201797
4407 -0.9999997615814209 0 0.00069765537045896053
4408 -0.9999997615814209 -0 0.00071627536090090871
4409 -0.99999970197677612 0 0.00080318731488659978
4410 -0.99999970197677612 -0 0.00081266410415992141
4411 -0.99999970197677612 0 0.00075789686525240541
4412 -0.9999997615814209 0 0.00073744094697758555
4413 -0.9999997615814209 0 0.00073109037475660443
4414 -0.9999997615814209 0 0.00075195747194811702
4415 -0.99999970197677612 0 0.00080150208668783307
4416 -0.99999970197677612 -0 0.00079804955748841166
4417 -0.9999997615814209 0 0.00072446477133780718
4418 -0.99999970197677612 0 0.00077179312938824296
4419 -0.99999970197677612 0 0.00080416165292263031
4420 -0.99999970197677612 0 0.00076305074617266655
4421 -0.9999997615814209 -0 0.00069983804132789373
4422 -0.9999997615814209 0 0.00071066070813685656
4423 -0.9999997615814209 0 0.00070606422377750278
4424 -0.9999997615814209 0 0.00071075139567255974
4425 -0.9999997615814209 -0 0.00070078601129353046
4426 -0.9999997615814209 -0 0.00070619588950648904
4427 -0.9999997615814209 -0 0.00071552052395418286
4428 -0.99999982118606567 0 0.00065879448084160686
4429 -0.9999997615814209 0 0.00068023783387616277
4430 -0.99999964237213135 0 0.00084418995538726449
4431 -0.9999997615814209 -0 0.00071754370583221316
4432 -0.99999970197677612 0 0.00075757940066978335
4433 -0.9999997615814209 0 0.00073556840652599931
4434 -0.9999997615814209 0 0.00072988634929060936
4435 -0.99999970197677612 0 0.00077649787999689579
4436 -0.9999997615814209 -0 0.00070663914084434509
4437 -0.99999964237213135 -0 0.00083516520680859685
4438 -0.9999997615814209 0 0.00069499871460720897
4439 -0.99999964237213135 0 0.00085985631449148059
4440 -0.99999970197677612 0 0.00080527050886303186
4441 -0.9999997615814209 0 0.00071740476414561272
4442 -0.99999970197677612 0 0.00080902723129838705
4443 -0.99999970197677612 0 0.00076941150473430753
4444 -0.9999997615814209 0 0.00071840541204437613
4445 -0.9999997615814209 -0 0.00072431849548593163
4446 -0.9999997615814209 -0 0.00070525082992389798
4447 -0.9999997615814209 -0 0.00071221136022359133
4448 -0.9999997615814209 0 0.0007146778516471386
4449 -0.9999997615814209 0 0.00072861363878473639
4450 -0.9999997615814209 0 0.00070655427407473326
4451 -0.9999997615814209 -0 0.00070862722350284457
4452 -0.9999997615814209 -0 0.00070053583476692438
4453 -0.9999997615814209 0 0.0007087500998750329
4454 -0.9999997615814209 -0 0.00071624905103817582
4455 -0.9999997615814209 0 0.00071614666376262903
4456 -0.9999997615814209 -0 0.00071959913475438952
4457 -0.9999997615814209 -0 0.00073394749779254198
4458 -0.9999997615814209 0 0.00071632512845098972
4459 -0.9999997615814209 -0 0.00074568303534761071
4460 -0.99999970197677612 0 0.00075878779171034694
4461 -0.99999970197677612 -0 0.0007926777470856905
4462 -0.99999970197677612 -0 0.00080422306200489402
4463 -0.99999970197677612 0 0.0008084625587798655
4464 -0.99999970197677612 -0 0.0007908871048130095
4465 -0.99999970197677612 -0 0.00079899461707100272
4466 -0.99999970197677612 0 0.00078399531776085496
4467 -0.99999970197677612 -0 0.00079872249625623226
4468 -0.99999970197677612 0 0.00080404168693348765
4469 -0.99999970197677612 -0 0.00081058969954028726
4470 -0.9999997615814209 -0 0.00070773781044408679
4471 -0.99999970197677612 0 0.00080496037844568491
4472 -0.99999970197677612 0 0.00082220090553164482
4473 -0.9999997615814209 -0 0.00071504065999761224
4474 -0.9999997615814209 0 0.00075132696656510234
4475 -0.99999970197677612 0 0.00079889222979545593
4476 -0.99999970197677612 0 0.00076018337858840823
4477 -0.99999970197677612 -0 0.00078889465657994151
4478 -0.99999970197677612 0 0.00081472686724737287
4479 -0.99999970197677612 0 0.00081699434667825699
4480 -0.99999970197677612 0 0.00082213798305019736
4481 -0.99999964237213135 0 0.00083058630116283894
4482 -0.9999997615814209 0 0.00069544342113658786
4483 -0.99999970197677612 0 0.00080120068741962314
4484 -0.9999997615814209 0 0.00068692921195179224
4485 -0.9999997615814209 0 0.00071261957054957747
4486 -0.99999970197677612 0 0.00081549928290769458
4487 -0.9999997615814209 0 0.00069941964466124773
4488 -0.9999997615814209 -0 0.00071192171890288591
4489 -0.9999997615814209 -0 0.00071677862433716655
4490 -0.99999970197677612 -0 0.00078494328772649169
4491 -0.9999997615814209 0 0.00070375279756262898
4492 -0.9999997615814209 0 0.0006942964973859489
4493 -0.9999997615814209 0 0.00070115464041009545
4494 -0.9999997615814209 0 0.00067683513043448329
4495 -0.99999964237213135 0 0.00082939397543668747
4496 -0.99999970197677612 -0 0.00081697094719856977
4497 -0.99999970197677612 -0 0.0008036554791033268
4498 -0.99999970197677612 -0 0.00081668421626091003
4499 -0.99999970197677612 0 0.00082490581553429365
4500 -0.99999964237213135 -0 0.00086015625856816769
4501 -0.99999970197677612 0 0.00076440535485744476
4502 -0.99999970197677612 0 0.00081961590331047773
4503 -0.99999964237213135 0 0.0008495442452840507
4504 -0.99999964237213135 -0 0.00083229935262352228
4505 -0.9999997615814209 0 0.00072618667036294937
4506 -0.9999997615814209 -0 0.00074079248588532209
4507 -0.9999997615814209 0 0.00067864911397919059
4508 -0.9999997615814209 -0 0.00072778563480824232
4509 -0.9999997615814209 -0 0.00073738239007070661
4510 -0.99999982118606567 0 0.00066056166542693973
4511 -0.9999997615814209 -0 0.00067982531618326902
4512 -0.9999997615814209 0 0.00068685610312968493
4513 -0.9999997615814209 0 0.00071988877607509494
4514 -0.99999964237213135 0 0.0008506926242262125
4515 -0.99999982118606567 0 0.00066479534143581986
4516 -0.9999997615814209 0 0.00069427600828930736
4517 -0.99999964237213135 0 0.0008538832189515233
4518 -0.9999997615814209 0 0.0007220582920126617
4519 -0.9999997615814209 0 0.00074090511770918965
4520 -0.9999997615814209 0 0.00071882671909406781
4521 -0.99999970197677612 -0 0.00076887314207851887
4522 -0.9999997615814209 0 0.00071301596472039819
4523 -0.9999997615814209 0 0.0007161378744058311
4524 -0.99999964237213135 0 0.00083298987010493875
4525 -0.9999997615814209 -0 0.0007176973158493638
4526 -0.99999970197677612 0 0.00078337505692616105
4527 -0.99999964237213135 0 0.00083130161510780454
4528 -0.99999970197677612 0 0.00079189363168552518
4529 -0.99999970197677612 0 0.00075432879384607077
4530 -0.99999964237213135 -0 0.00084515108028426766
4531 -0.9999997615814209 0 0.00072049151640385389
4532 -0.9999997615814209 0 0.000732165586668998
4533 -0.99999964237213135 0 0.00083421578165143728
4534 -0.9999997615814209 -0 0.00070952251553535461
4535 -0.99999970197677612 0 0.00078104756539687514
4536 -0.9999997615814209 0 0.00070999655872583389
4537 -0.9999997615814209 0 0.00071286677848547697
4538 -0.99999970197677612 0 0.00077915599104017019
4539 -0.99999970197677612 -0 0.00081487605348229408
4540 -0.9999997615814209 0 0.00071413366822525859
4541 -0.99999970197677612 -0 0.0007696806569583714
4542 -0.9999997615814209 -0 0.00071748957270756364
4543 -0.99999970197677612 0 0.0007803424377925694
4544 -0.99999970197677612 0 0.00078826851677149534
4545 -0.9999997615814209 0 0.00069637381238862872
4546 -0.9999997615814209 0 0.00070528738433495164
4547 -0.99999970197677612 0 0.00079436303349211812
4548 -0.9999997615814209 0 0.00071040471084415913
4549 -0.9999997615814209 0 0.00071439257590100169
4550 -0.99999970197677612 0 0.00080049264943227172
4551 -0.99999970197677612 0 0.00082492042565718293
4552 -0.99999970197677612 -0 0.00080014445120468736
4553 -0.9999997615814209 0 0.00071593595203012228
4554 -0.9999997615814209 0 0.00074949831468984485
4555 -0.99999964237213135 0 0.0008339465712197125
