0.547073761238648 -0.747934432002824 0.375904755475123
0.712747561954404 -0.636764305534391 -0.294146446732504
0.621540035472692 -0.361885695000917 -0.694785382732184
0.634992250238216 -0.547527591836095 -0.544975575889025
0.62648756584711 -0.520895050966939 -0.579811758864127
0.399719895260323 -0.912806941797678 -0.0837107659685789
0.579158867179777 -0.665308681589788 0.471104409625187
0.703510880748881 -0.611656606701542 -0.361868257997699
0.616357264544096 -0.51366558723525 0.596867981159976
0.69251237175427 -0.557435618580024 -0.45792155016507
0.622854271269773 -0.534969845970607 -0.570841327045604
0.676494372045824 -0.589138831991157 -0.441894558950912
-0.467041674888758 0.843574771620166 0.265054105048549
0.868622371188626 -0.486714073261232 0.0927609139676205
0.857528585620742 -0.514126402017697 0.0178540637286722
0.77375603727239 -0.483119591206445 -0.409752431813462
0.635256793797791 -0.428234847137267 -0.642700335795052
0.79345610875277 -0.505636822802753 -0.338760692685634
0.642254647238343 -0.542674852049062 -0.541306727331445
0.609851208754917 -0.792280111076318 0.0193320659284902
-0.62109457257008 0.363624903227358 0.694275494077736
0.561818339986103 -0.719288390472866 0.4086372036247
0.241399455267737 -0.970405673767512 0.00625550287844778
0.637006663796075 -0.464003522810989 -0.615567413934807
0.846975992096747 -0.489195797162972 -0.208132507912184
0.612638408839648 -0.52715622429763 0.588880713896024
0.617631724851036 -0.523030779089117 -0.587341345882414
0.229719861354972 -0.973171254743531 -0.0129032647013714
-0.904863477110098 -0.373517337919888 -0.204222638474445
0.584020067153574 -0.647032527235154 0.49017289792646
0.826816664218396 -0.509243101694678 -0.238842347893227
0.610871365628329 -0.531378486045386 0.586918290074091
0.60102963774867 -0.796232798567226 0.069113710893757
0.398501288646121 -0.913509124864527 -0.0818400985863756
0.491399642384772 -0.866748354680543 0.0852858788000105
0.386953434177478 -0.919491197676945 -0.0693035148666599
0.248805731245568 -0.967536471852046 -0.0443721053754796
0.441727154102929 -0.877542314864154 -0.186538486514147
0.81232779465049 -0.578759534819292 -0.0718397862888527
0.391107500334861 -0.917605018557824 -0.0709644495456204
0.245052592231697 -0.968266918208756 -0.049075473946203
0.607693608704384 -0.544986933940293 0.577665750909816
0.569593725596237 -0.696843005875547 0.435858707523126
0.43193578652494 -0.888847509641485 -0.152910368919877
0.655707043436394 -0.497972380893115 -0.56751368358441
0.609367623432884 -0.597101117951774 -0.521671692209287
0.608736486478954 -0.587523451839349 -0.533156715767544
-0.467642187420366 0.84409250757988 0.262333038697387
0.22239050815009 -0.972548808092385 0.0684929030106478
0.231022126983243 -0.972874661342705 -0.0119862488483575
0.407594228240276 -0.899316412391726 0.15842012343162
0.824818666742728 -0.560679955352172 -0.0728845296275865
0.406307947645009 -0.901471520028209 0.149207741952392
0.213363782072527 -0.976779633838808 0.0194279030631732
0.60876897361117 -0.488116538715823 0.625413928051244
0.219923685374133 -0.974649325864776 -0.0411371389719521
0.380847882688139 -0.924427009040846 0.0197381662714186
0.123237196782663 -0.991577916694171 -0.039822461671772
-0.907277779594817 -0.377535638636774 -0.185240039442402
0.239689362801395 -0.970140191204788 -0.037108203526951
0.85558693553165 -0.513614212257009 -0.0645866605048735
0.332447979476316 -0.942103190285009 0.0438168894026409
-0.920571196086435 -0.344764468599693 -0.183537827510196
0.817493034034699 -0.465457027763833 0.339197427186589
0.532131288555759 -0.766212915670864 0.360213908114528
0.385174394842604 -0.920381590050988 -0.0673677538058764
0.835925151851545 -0.485144142573208 0.256640412696205
0.874231668961381 -0.475067161806415 -0.100150790102705
0.734168326244366 -0.636534023858143 -0.236265327990603
0.31892473416982 -0.945272732668947 0.068894664577822
0.716506419840994 -0.476358368153309 -0.509608923996586
0.28232727987899 -0.957433821687689 0.06009812080787
0.390052457819989 -0.919908820294865 0.04033413557144
0.418961181995742 -0.900119299460941 -0.119401736665241
0.138444077935716 -0.989801039432529 -0.0335729001251656
0.463895415310593 -0.882917246367744 0.0725133071940073
0.383189048020585 -0.921230415893846 0.0670870651402213
0.834393748625847 -0.417888073624846 0.359383681009894
0.418505342754037 -0.904221162390185 0.0850727193174667
0.638294319964688 -0.41510527971515 -0.648280778562362
0.709317253179462 -0.542966265676774 -0.44950713974192
0.889217608563327 -0.447354463443208 0.0957393788279299
0.61647864870236 -0.493691256916048 -0.613370213279683
0.784516030650617 -0.547311002447769 0.291522322047247
0.888478182714026 -0.447707317067375 -0.100820023237027
0.834685135198504 -0.436932798670583 0.335246856099422
0.85682473081897 -0.44258148207321 0.264524124387324
0.72993788511129 -0.440438764703613 -0.522689562193099
0.862931655212799 -0.447535498539471 -0.234650667969911
0.79167572967968 -0.575379747383853 -0.205396410233092
0.787530957429928 -0.449256846141054 -0.421856939358468
0.475154575272196 -0.82637268373649 0.302218988768161
0.43548642389268 -0.885817116245143 -0.160248591795075
0.395845727964454 -0.913034286709936 -0.0983592951599909
0.611666314958831 -0.442169733612529 0.656010858005955
0.368516050886505 -0.927993113339851 -0.0549972893225221
0.798519424651334 -0.558803092602776 -0.223843320543801
0.33119531160892 -0.9434549241643 -0.0142292529110248
0.25730168222599 -0.962969634587834 0.0805315291389046
-0.481460609724004 0.825441255721823 0.294690370790378
0.244146853769441 -0.969737925696752 -0.000818083030244804
0.389142554780303 -0.911696512522238 0.131823901906475
0.201567623646227 -0.974963204067961 0.0939001800378926
0.535727906150905 -0.755159431157116 0.377796035058107
0.371285774998594 -0.928085039608093 0.0283730953429196
0.387817571423321 -0.920990820068363 0.037059960133842
0.606841684830973 -0.424832535863713 0.6717592470693
0.315058228449839 -0.948860459075661 -0.0200534757280265
0.1434263097665 -0.989448434812931 -0.0205106926505446
0.375831887207473 -0.925666353985826 -0.0434993523705504
0.764394388823011 -0.560679864208339 -0.318338354910643
0.519781854252573 -0.774287217450697 0.360979402296327
0.520442879036762 -0.796730790269409 0.307179519982386
0.606321221701736 -0.45838818653891 0.64981139306393
0.393597031752032 -0.915932202065852 -0.0784192439060002
0.671359133280795 -0.49617019937438 -0.550537961827564
0.632912780475906 -0.474357281428703 -0.611887719982865
0.609480329733837 -0.429486880707854 0.666389335874585
0.536284521776888 -0.826175093275751 0.172724135410599
0.455063931737241 -0.866831189215366 -0.203765815178402
0.593381681930662 -0.659293923768925 -0.46176801711521
0.636020681882978 -0.771587936699591 0.0113907048412057
0.398189119721006 -0.915657370178552 0.0549272734942194
0.510953230548261 -0.85456701435991 0.0929624341348906
0.108637100060029 -0.993677425220333 -0.0283399911439274
0.627294717686914 -0.397013657164002 -0.669986188803441
0.581247827533062 -0.692106291472503 -0.427948413120407
0.527017314656134 -0.776002490354798 -0.346515346003304
0.808997188807089 -0.491698055884035 0.322112667155589
0.613141534429637 -0.357677463643167 0.704360909448459
0.593408877693049 -0.61318550615888 0.521411007662625
0.375564416455332 -0.925890309379402 -0.0409695507649547
0.548930688274795 -0.756269986114423 0.35599270719026
0.672807320201189 -0.704483633601838 -0.225905112538087
0.843128704765235 -0.505158006412139 0.184253563760951
0.714791094479014 -0.657133637880676 0.239267785585944
0.836721503488069 -0.442458195539764 0.322688504289139
0.512388355439377 -0.808409075315228 0.289711822606722
0.560222923437519 -0.739659420189173 0.372899742800308
0.811879319569912 -0.508535344611305 0.286781752794277
0.760634532783657 -0.586512831464673 0.278276492115809
0.627205075948352 -0.665543168774332 -0.404556650177009
0.622589777963974 -0.637876368615718 0.453316342895769
0.645408004847446 -0.576875971972845 -0.500662181754548
0.657009572180749 -0.724432506288745 0.208652739965421
0.369729853635649 -0.929139233598597 -0.000346292324710715
-0.61615245265874 0.489304445839808 0.617201194396137
0.606238354567678 -0.676032115324476 0.418874249030648
0.621180369753662 -0.559787450586848 0.548427714834126
0.728089849933579 -0.504069157412153 -0.464542199341998
0.702511418377883 -0.672517118084177 0.232805568946379
0.642562839814529 -0.73695423944262 -0.209789050851178
0.573340611460712 -0.805150718844422 0.151699911648518
0.391381604672225 -0.919002091496305 0.0474931084433521
0.671808432439821 -0.709558028545565 0.212604878187874
0.614878329912774 -0.527668043901996 -0.586081116270025
0.568874759751465 -0.817815834239688 -0.0869411811775944
0.490658267093434 -0.866579735202818 -0.0910715513685923
0.214664493383619 -0.975212606984993 0.0536612193104878
0.502365268554748 -0.852713061341952 0.143211633489573
-0.596900000946364 0.639672931221997 0.484281870331824
0.606728350259286 -0.492644982927179 0.623844235196836
0.533727535991844 -0.845168262400052 -0.0287319605274525
0.637592538503615 -0.635296868143751 -0.435744930172753
0.482454570943849 -0.875266960018424 0.0338428083275226
0.776855454842228 -0.560232469007221 0.287463359320713
0.349609151821272 -0.934998989078979 -0.0595846572877497
0.445387655588869 -0.895022470552848 0.0237615962117052
0.49673204216768 -0.867440196093537 -0.0283687237134825
0.670550963363219 -0.621930160008521 -0.40443081188806
0.453110506806469 -0.888414662255271 -0.0735544458985132
0.194698859628031 -0.98075652798561 -0.0144563782862759
0.213779811247419 -0.97219102635405 -0.0956179929703441
0.60360197256074 -0.50609582296893 0.61606142282583
0.140117440418559 -0.989432442122806 0.0372900169676975
0.495336504541134 -0.866052055842359 -0.0677907356516691
0.338110346202884 -0.937488940891446 -0.0824371245058971
0.608094234233655 -0.588364021126373 0.532962644972225
0.283575477928792 -0.954432808078863 -0.0929675383139343
0.591546165518715 -0.697674969787853 0.404132120217663
0.570831385977219 -0.694385291777194 0.438155903014929
0.352124144090941 -0.934562413300911 -0.0510066936136814
0.12304889414573 -0.992137499876723 0.022850623358658
0.673839374462625 -0.704177438269863 0.223773619659493
0.11426183733382 -0.993442850136223 0.00394157865798837
0.195268691229275 -0.980748730819262 -0.00143708803214248
0.713407843007416 -0.671045760359215 -0.201858457933842
0.284576120286918 -0.956005366417772 -0.071205134245139
0.133627779152031 -0.986758594325175 0.0919298273918848
0.256878416185991 -0.962159822274097 -0.0908953007545156
0.417872008197942 -0.90688794504234 -0.0541963089287485
0.456379152125705 -0.889486560957175 -0.023059214678735
0.61324779784927 -0.722815742439956 -0.318534991663389
0.250338832648026 -0.958673276732268 -0.135188821090506
0.449290044556233 -0.893321610288647 0.0107217747577797
0.612662257666775 -0.362486737962159 0.702316397951951
0.579109905048295 -0.663493214598891 0.473717713470993
0.0832743474559176 -0.994882653299693 0.0572179099509439
0.361736988522827 -0.931298252669468 0.0427775140609232
0.455878725317812 -0.888359736865184 -0.054695207463068
0.600424974330961 -0.794191763646642 -0.0935376542120959
0.118286605881783 -0.987520820275923 -0.103975518226818
0.175666365934695 -0.976239041961995 -0.126880498219483
0.0628805051111692 -0.997477342700478 -0.032939230048025
0.340161542547871 -0.939787882732982 0.0329978853824176
0.607305496450166 -0.475087965590588 0.636766408451651
0.10265107955042 -0.9918201394155 0.0758654527235681
0.0590029098618725 -0.99822843689431 0.00765796339605261
0.785118799584204 -0.540843440096734 0.301789403133691
0.752844384147911 -0.643521499391 -0.138222332054237
0.41533925162433 -0.908998482145628 -0.0348577899053694
0.0691221777557328 -0.997055107590374 0.0332150112186252
0.212739945688029 -0.967690717845054 -0.135338058598378
0.144477243115841 -0.982646024741132 -0.11633192288489
0.145929906781175 -0.98923782386894 0.0106296817394385
0.092485587262446 -0.992467203790433 -0.0803446672102128
0.0607530482094397 -0.997994842553857 -0.0177584168540678
0.454709041871606 -0.890599098125867 -0.008540120467453
0.402878802613143 -0.915109577582441 0.0162213261445337
0.526822415729321 -0.843331357512706 -0.106067731760885
0.250471540958559 -0.965266068715219 -0.0743331941793959
0.604160591360242 -0.700137868181137 -0.380521938113975
0.0546729541306996 -0.998420932772709 -0.012903840044542
0.128532663586492 -0.984097211152192 0.122605193176467
0.572331202339197 -0.819995541713858 -0.00665630515868731
0.316746398780738 -0.94225818086433 -0.108725523469321
0.257069288848631 -0.953559657752075 -0.156969295846685
0.364929885343816 -0.931034174219549 0.00124306808799548
0.0623198461113611 -0.995402067519499 0.0727389906347585
0.105210105039635 -0.986799172470378 -0.123118751655978
0.0339689440940346 -0.999236069695331 0.0193232465430673
0.0329252350049081 -0.998759882880251 -0.0373446816681979
0.175069106040423 -0.972743037700356 -0.152058510829517
0.025827226890054 -0.99949499093684 -0.018512629292881
0.0510665042233597 -0.995837687884843 -0.0754951093420967
0.144319131954681 -0.989527943227704 -0.00253726691468684
0.389575840111341 -0.920046378395197 0.0417771038180604
0.36990363235881 -0.928471326279672 0.0333511475698335
0.32017908760043 -0.939495710184831 -0.121791470997178
0.542893621776136 -0.77703954381237 -0.318553076875194
0.340483871427236 -0.939773998489914 -0.0299259930528844
0.417180676185337 -0.907609073007824 -0.0469686492399167
-0.60779581385842 0.583961932853513 0.538119605324105
0.655745907757373 -0.721551901767938 0.222171459720936
0.161487228213506 -0.986626239532735 0.0221481057748321
0.31335456214553 -0.94721984559718 -0.0677014216205132
0.556848999603243 -0.752352947211375 -0.351971922833661
0.364300303062209 -0.931095024296331 -0.0186371918324289
0.496200821614777 -0.86692295710929 -0.0472157925455477
0.702450486805368 -0.667318680575021 0.247485539259399
0.456306402865731 -0.888783894955903 -0.042984354953301
0.414519239492178 -0.909768764748338 -0.0222394869344808
0.357944202310271 -0.933650822120359 -0.0131183225468194
-0.606339482308717 0.604222105572615 0.516979766848755
-0.888185236795806 -0.350886066087961 -0.296657974380082
0.477169012823099 -0.877147368127335 0.0540576339541362
0.363986942031577 -0.930289021800795 -0.0455614085320272
0.596602552729813 -0.77144609455407 -0.221215544827987
0.561576518582537 -0.817864291453735 -0.125418557405189
0.454198067922848 -0.888346711734236 -0.0674109401070951
0.339975124121525 -0.940342697367501 0.013134933808998
0.745425291806692 -0.611375158295803 0.265634241305014
0.36281374767702 -0.931467569409765 -0.0270989231228758
0.61004274992841 -0.625205452833033 0.486791521092578
0.294424172678361 -0.944578572099548 -0.145209254777515
0.726433465950865 -0.573595310242413 -0.378527197985194
0.335424682609726 -0.937587408427995 -0.0917612873353479
0.0852280034416743 -0.991835721591592 0.0948582563841027
0.545795431296773 -0.763955600656133 -0.344208058304417
0.625233437739122 -0.741835748960858 -0.242410539986614
-0.890875661350522 -0.364408777786885 -0.271195130275489
0.215488251560456 -0.963510209996093 -0.15878566897772
0.0459289439351473 -0.997922564544105 0.0451783939811901
0.352398757162418 -0.935838767127958 -0.0045736080731888
0.0771351159501432 -0.991864474521109 -0.101267161855763
0.0368727485354877 -0.999047812544697 -0.0233209919406307
0.137233194399738 -0.980765143790496 -0.138804838101746
0.715860330538029 -0.662201222335648 0.221435155969324
0.408718174624634 -0.912646532623068 0.00507545294504031
0.329169444585487 -0.942674851620974 0.0548780545633408
-0.614369681242529 0.547177034767503 0.568460365718663
0.361738739698201 -0.93225294557892 0.00703773123847073
0.02703113515167 -0.999593103195213 -0.00910745721798222
0.411796609884715 -0.911246128203342 -0.00735159315212134
0.533814063742919 -0.845537727513814 -0.0104161749719531
0.318330447135045 -0.944120951012281 0.0854479741507619
0.685801020628658 -0.702602083523604 -0.189808514911694
0.557939821860735 -0.827608471935276 0.0613789244201063
0.628553924537964 -0.615031013822777 -0.476084883171111
0.242014473961006 -0.959285759723888 0.145601598838548
0.575552458791427 -0.669978023742027 0.468901711323248
0.332307956008805 -0.942096704823 0.0450024569873265
0.413885941169215 -0.908477264437521 -0.0580300586126938
0.36405831492449 -0.931375441996436 -0.00115298754711482
0.491074650048315 -0.871051932902249 0.0106872946614208
0.375241085637816 -0.926006008019337 -0.0413158657351445
0.493622123995648 -0.866183158408173 -0.0778712706462811
0.11957488239978 -0.992779376144117 -0.00953717998026633
0.305208141084432 -0.952216030737873 0.0115161374425626
0.556558625870957 -0.709607980461049 0.43208680844782
-0.594185776635372 0.659116133294893 0.460987186019968
0.595190341646049 -0.610966146817989 0.521985464025235
0.288887788004494 -0.948499336074032 -0.129972517898943
0.58807058005264 -0.754381848508518 -0.291686508973972
0.464050342187305 -0.855433979705012 0.2299782300173
0.509535112575405 -0.815611811493267 -0.274137450935549
0.47420261633126 -0.851309620681874 0.22450792502509
0.57710368386089 -0.778055391107167 -0.248155488440744
0.498656492923717 -0.790668355292202 0.355225638157699
0.531073779456362 -0.842234204646059 -0.0927479665445839
-0.453694965289529 0.844634824732793 0.284170532109748
0.576308892625854 -0.732023261586823 0.363331810850842
0.493595657919151 -0.869672872109308 -0.00569403200796137
0.583631475702076 -0.648340662426677 0.488905600309462
0.407032331138003 -0.888675494686894 0.211141058421541
0.48212140372189 -0.866190564131767 0.131426248072162
0.523417816647666 -0.790944496146828 -0.31692363943201
0.539956718653809 -0.76203034721231 0.357430401488315
0.367683409457592 -0.929482747608837 -0.0295081735654396
0.430293485553056 -0.899420465870788 0.0767485626143974
0.369635984632675 -0.929115379470393 -0.0106700747992238
0.536968587403368 -0.735860119384743 0.412522267085187
-0.925005885453057 -0.369856320569321 -0.087008126126989
0.513251393075449 -0.800666903155774 -0.309039670102487
-0.928923721193168 -0.357617846374763 -0.0959697669003875
0.725686789459042 -0.675981014891656 -0.128173129440903
0.314702613776699 -0.949046752844228 0.0165083553978137
0.562209016328229 -0.715236196371891 0.415160457364034
0.437966008556324 -0.881727553087437 0.175334815355316
0.423023333091976 -0.892520532438382 0.156391684036147
0.519467349342286 -0.803526703820731 0.29068627283429
0.778719111839489 -0.627015496839545 -0.0211686461299909
-0.938238101449641 -0.341558798110207 -0.0551983008949118
0.75666606290697 -0.649061878112346 -0.078582107544525
0.484930790142386 -0.842787401885374 -0.233562676802571
0.32215684096604 -0.946674659993498 -0.00469658865317042
0.316254320937519 -0.944864436293809 -0.0849376330935354
0.408178805050426 -0.907383759664793 0.100223628971373
0.50630911339544 -0.82406382055829 -0.25410608284651
0.376886607016579 -0.92529414332096 -0.042275687900505
0.481246766299987 -0.841168340639942 0.246652331492837
0.474480890931588 -0.857679732554819 -0.198124608530746
0.426138194698125 -0.89855009570614 0.10494743696685
0.52384228042811 -0.792122005867413 0.313260264087968
0.308431884732575 -0.949379113979153 0.0595740750702104
0.585011383645814 -0.642932671800037 0.494367535884868
0.597579180326592 -0.705793294269158 -0.380466751510415
0.470410630380547 -0.865139019318661 0.173920430304558
0.370981629446957 -0.928168522606375 0.0295943280981333
0.621923967523557 -0.762868578553966 0.17675437894097
0.608530998774959 -0.577165977825933 0.544581910799639
0.630030602709829 -0.716577474037544 -0.299296113157293
0.43844728081224 -0.885692076984114 0.152687677027057
0.816679439278361 -0.549221719450494 0.177172786690916
0.52207524547171 -0.804531554232662 -0.283136744894815
0.501499594269757 -0.814522662387936 0.291635027737989
0.465921107508596 -0.867199053597918 0.175736515889098
0.487804200216628 -0.865061861568779 0.117111220257392
0.314071857042976 -0.949399080610893 -0.000504330019133278
0.470787831232012 -0.860682318334239 -0.193867905726188
0.539431096970742 -0.763852408174868 0.354321309190397
0.595413224596722 -0.791341784289791 -0.138784986264304
0.446016524888547 -0.889594872482935 0.0984389271498599
0.300879929397693 -0.953572435081626 -0.0130720747449765
0.432762413313607 -0.89147935784744 -0.134094176439166
0.4528494671077 -0.873575855990485 0.178304750275376
0.546622741546507 -0.773523504267091 -0.320725687731028
0.547847448579077 -0.747142738618065 0.376352097397761
0.371925114140709 -0.927579161446362 -0.0356175339107573
0.367578744621626 -0.928348373073517 -0.0552735444326066
0.533609252477695 -0.812092028488481 -0.236151864137591
0.371381705652591 -0.928279093897368 -0.0193275073316214
0.270107716774892 -0.961992480729057 0.0401533106905262
0.450230190387278 -0.877531226101772 -0.165020371106586
0.887884146340909 -0.418853654047249 0.190324352534675
0.298739741043616 -0.954316689407953 0.00585008022487893
0.502867293588719 -0.827259250542431 -0.250532667392364
0.67117346421534 -0.416116379690414 -0.613492737924845
0.61919378043177 -0.420148396730896 0.66338102701168
0.701518982259115 -0.678554716072729 0.21779489164256
0.456469458491063 -0.876469607182705 0.153090369226382
0.517059086237843 -0.768391914005268 0.377125665833298
0.485404633009804 -0.85777711711712 -0.169117591050902
0.886538756108114 -0.41842264040823 -0.197412076408926
0.332151615548458 -0.942826710056498 -0.0274426509759776
0.421069799684479 -0.898589416422635 -0.123439396008327
0.450701227624812 -0.879633261111139 0.15203200111973
0.562113656882471 -0.763733479414348 -0.317394721392574
0.392704067995035 -0.918467133534388 0.046921632508634
0.625783335505389 -0.643475851622892 -0.44083335330025
0.288375701088406 -0.957467359597965 -0.00978316545248927
0.498052915467783 -0.841734090900193 -0.208391491214173
0.481381875844608 -0.859932236461081 0.169670381337964
0.904189694828108 -0.426899392865169 -0.0140678405593453
0.579849211321945 -0.669871073886595 0.463732289688068
0.351147353111823 -0.936181618607643 0.0161094190998414
0.485856137981544 -0.867862225541069 -0.103725458131367
0.476909247035927 -0.853799316275242 -0.208768526410362
0.370963489349857 -0.928156519686705 0.0301921269943256
0.406796524951247 -0.910437816389713 -0.0749637897595958
0.519083997780044 -0.807857665356465 -0.279137592906239
0.324843447538165 -0.945698481553476 -0.0114506147856868
0.697894150862687 -0.705327123777503 -0.12432780322761
0.264566483104617 -0.963670433842556 0.0366588455267556
0.606871564574462 -0.779649821972968 0.154444356350319
0.39822034997986 -0.916950360734771 0.0249517296051938
0.553879795032788 -0.755980932361817 -0.348869606815777
0.845168251846066 -0.422218157850736 0.327753647199532
0.728284410592854 -0.679473466757073 -0.0889810387697502
0.316622070367392 -0.948551608368556 -0.000557510260336544
0.555940830117321 -0.819270577120494 -0.140447552036753
0.294633037096583 -0.955610208117571 0.000709642682174855
0.657439376047734 -0.733040946033397 0.174426025180959
0.482948644127026 -0.845485170800486 0.227849584358497
0.481036196397771 -0.85067501229824 -0.212028774477793
0.548824783495826 -0.806167332834774 -0.221100855925135
0.45375550561101 -0.874904306700349 -0.16925836831566
0.328705105316186 -0.943933375288201 -0.0307040185659859
0.367425534256486 -0.928438954580849 -0.0547684616650516
0.753464290929381 -0.65623737301795 -0.0405471644974657
0.444179651052625 -0.890832351763204 -0.0955099923715155
0.619619148316564 -0.595832182589663 -0.510936513893747
0.706963164512258 -0.682357205713184 0.185988515328523
0.491970320894239 -0.85620194964285 0.157744809065152
0.762387114973126 -0.628313197630249 0.154881931181807
0.539328253926629 -0.815729289827268 0.2090711846103
0.738919609018811 -0.41824777235411 -0.528267557520157
0.524332126519396 -0.820934312063188 0.226147465997277
0.545382875146597 -0.822688810015529 -0.160438902302601
0.440804840919249 -0.896583699746672 0.0427640219194332
0.50514074286482 -0.83805707179851 -0.206138725877708
0.325467222133359 -0.945553240796789 -0.000395139828049534
0.27637119245646 -0.96091489290711 -0.0161719686344004
0.450118870248375 -0.888486997589901 0.0893524356691561
0.828591036854814 -0.425498445666531 -0.363851571907048
0.815364338791017 -0.571869182620794 0.0902587003923365
0.42865185318736 -0.899554972549182 0.0840145232747357
0.577610389915036 -0.795923407454638 -0.181306830891719
0.272734164138782 -0.961987402017017 -0.0140112123697148
0.355141637423808 -0.934734082064471 0.012108393577477
0.585565870208596 -0.685541685795244 0.432602830184761
0.470632917266413 -0.86458876019648 -0.176042417977086
0.221722839615899 -0.974723419045534 -0.0274451955148329
0.522822655571985 -0.830173570322829 0.193567337012482
0.454908101951731 -0.879484331007447 -0.139878269545549
0.280833627746669 -0.959662496725098 -0.0134300374532927
0.496101540981163 -0.831489943541489 0.250015469172383
0.520535738149851 -0.844692453562608 -0.124648322103317
0.607669995714365 -0.783255972022299 0.131328818619172
0.834729237340243 -0.418896426323005 0.3574253549249
0.6947701068571 -0.703387007789446 -0.15013732344352
0.618900777187535 -0.622679897921203 -0.478781341242018
0.509201191347948 -0.835276593041005 0.207429891403439
0.237300488323254 -0.971341961533389 -0.0135377991569326
0.769515823671145 -0.63817067496593 0.0241575398840357
0.667239375348527 -0.736943506409023 -0.108193735244152
0.606150650792452 -0.776955310202097 0.170064206970925
0.322919539580841 -0.943552836327448 0.0736954273705433
0.568863789547802 -0.811168145326782 0.135647443574962
0.622634018288939 -0.766040523015768 0.159714734345639
0.673713092409669 -0.718485767068537 0.172883983167145
0.62444204974562 -0.758768252780129 0.185318280486515
0.587125880266089 -0.792987656273668 -0.162646173392934
0.559710971172738 -0.7887740914663 0.254084752357127
0.785103867505914 -0.613473513169058 0.0852183423170765
0.605939728344409 -0.679144138446429 -0.414246647334365
0.730771221262678 -0.6666919726399 0.146612536270855
0.619039308162626 -0.764747427960375 -0.178750402454174
0.625883775561179 -0.755162408864606 0.194933926567667
0.723003510100944 -0.689715205208778 -0.0394824022258898
0.550277191171215 -0.744178831353785 0.378672523219777
0.498720415772285 -0.83262336974515 -0.240865670127874
0.527424559973371 -0.828792332659621 -0.186886604285916
0.669883885835049 -0.714437767062001 0.202074878433706
0.608116498922229 -0.77338238034952 0.179092203915976
0.464330169617466 -0.873158448835362 0.148296381649858
0.474680132024726 -0.868415547264466 0.143294136412996
0.574503602522327 -0.738506833289136 -0.352921050483135
0.536147243467647 -0.793499930939504 -0.287930534888271
0.561496864052187 -0.7517299994326 0.345865985047132
0.326396245282656 -0.944947963503017 -0.023212870069961
0.627029572788946 -0.762891695798413 -0.157575935123145
0.664355786597079 -0.439329465991686 -0.604666031067097
0.3266403374743 -0.944983709242167 -0.0176601019700031
0.50889491299689 -0.810438297684187 0.290199471351424
0.511080857225179 -0.814331913571938 -0.275063432531921
0.525223682832034 -0.850088339723174 0.0385991924663237
0.374738759929609 -0.926638426122427 0.0302008119058315
0.658058665373714 -0.733775556428858 -0.168914847524091
0.614347963027871 -0.601571025866992 -0.510577008061311
0.514440967193722 -0.846534236056338 -0.136858607538219
0.251818691063482 -0.966356515179631 -0.052368238474806
0.636302560619789 -0.764205203751724 -0.105401413213892
0.389262655023098 -0.919967320779926 0.0462029663698426
0.277503212471675 -0.960686242986125 -0.0085970695649324
0.655040341522149 -0.72958469809458 0.196540884512072
0.292379034836794 -0.956112416568474 -0.0190669051368574
0.664656151935551 -0.733236814036006 -0.143512975847321
0.463305437789014 -0.868605176032699 -0.175707482721524
0.535489209896678 -0.784666908191989 -0.312328591827033
0.611134804926086 -0.405657774963877 0.679673465584255
0.383050913422165 -0.923292278019677 0.0283437308003078
0.274052705589088 -0.961671581244995 -0.00910408617337649
0.42804540437298 -0.901280659968152 0.066860330260514
0.449029446179908 -0.882110605237533 -0.142314569144689
0.0631518661009976 -0.996850195775078 -0.0479742534194229
0.0745964418473555 -0.995195781025271 -0.0634092129994911
-0.577303490676364 0.697356735366799 0.424752002104105
0.495686103425197 -0.853569791436874 -0.160355536285957
0.564935887714548 -0.710058482015464 0.420314637967881
0.532061971085157 -0.787553049179715 0.310918403528498
0.718689993841422 -0.650279913944696 0.246212766265877
0.551376574151634 -0.780119204081771 0.295631359804119
0.282820537670611 -0.959056871430607 -0.014915120966402
0.373767116232323 -0.927490566202422 0.00770664835605645
0.628430583354078 -0.389351062899339 -0.673409794793933
0.648457924381713 -0.657245348144551 -0.384097478055907
0.495335458015078 -0.835753941021862 -0.236977075050351
0.22702851813451 -0.973704402158981 -0.0189153157486326
0.531353385940521 -0.797036240657684 -0.287048445959581
0.233391644339637 -0.972283238655204 -0.013915609314314
0.804459921850804 -0.574194252603423 -0.152135447588639
0.306158406974552 -0.945491948125752 0.110959478496323
0.40366702725181 -0.911516307770505 -0.0786826014955845
0.436726151023561 -0.888820458627619 -0.138810883352623
0.612111380271049 -0.388069907218092 0.689000294088771
0.660973953142934 -0.74094620743028 0.118794574629009
0.68262704568616 -0.727346041796947 0.0706261423277515
0.633422723686515 -0.763628193330961 -0.125090509103008
0.496629569668431 -0.862397558041958 0.0981301300020354
0.698262930199568 -0.710933365758258 -0.0836817170040586
0.71967514254063 -0.672384938097385 -0.173107435510148
0.715029762691206 -0.69905974737006 -0.00692156576686329
0.695149596366491 -0.717297742733203 -0.0474445670372964
0.746248095275043 -0.640413808853755 -0.181614794903379
0.535660308185351 -0.797432900699575 0.277792734096189
0.61317809996895 -0.553321994626981 -0.56377955619239
0.738488695240827 -0.673941999614695 0.0208956492324953
0.743943861804078 -0.625499786125099 0.235154306874211
0.667859877987759 -0.739607779861582 -0.0833277585345783
0.573058222476271 -0.705503809873409 0.416975596296043
0.279030896458695 -0.959539304666011 -0.0377634958991511
0.515452988965153 -0.849669712967922 0.111218681128208
0.439990686947584 -0.892224385145973 -0.101704680080534
0.619188405615902 -0.455577166253221 0.639574205186171
0.310593126354727 -0.950542901056399 -0.000321111321675102
0.290612814205889 -0.956723594546141 -0.0149718354935002
0.279992556687418 -0.958814210063593 -0.0477438873550533
0.330546330908136 -0.943145644018898 -0.0348628353888243
0.440837585656342 -0.891506459747015 0.104299833662529
0.512503661091963 -0.85205811528093 0.106475187491002
0.722217026134756 -0.687180417044938 0.0786488499026731
0.682320277566118 -0.67742440479505 -0.274836705354594
0.53148955218909 -0.84378828264322 -0.0744324525180069
0.356393031595329 -0.933584792925645 -0.0374625339275222
0.239888501779846 -0.968027947284313 0.0733171193538063
0.602048124159783 -0.506322427387581 0.617394246588057
0.570990691711714 -0.807880333028725 0.145941760589541
-0.522102763057575 0.779035556838236 0.347148823978111
0.753332466369935 -0.603697179311142 0.26084461045757
0.603884850715399 -0.533448427113286 0.592246454347176
-0.890969115088677 -0.382332189997938 -0.244941079546653
0.624945763388187 -0.773109136744288 0.108374607291828
-0.555747448788051 0.723778531145101 0.409010282290083
0.351383115627942 -0.936226304950874 0.00319561725386547
0.79055013343253 -0.567644922717206 0.22980367325869
0.473900126817832 -0.871589049770088 -0.125503777325296
0.489351051808418 -0.837292538455045 0.243878562283571
0.567365053231065 -0.744395106737803 -0.352097744151997
0.789892895967118 -0.547209011754676 0.276823969979391
0.755414972861022 -0.596028599290135 0.272209712548288
0.656103284285439 -0.601302585825672 -0.456030350557088
0.570680831341058 -0.820290116873946 -0.038046194274953
0.491901557742872 -0.834875081912502 0.247015090817804
0.166041123110625 -0.978510475146302 0.122260359336628
0.328083748762518 -0.944037894972945 -0.0339633133393211
0.601646259943049 -0.798663813509814 -0.0125654640385002
0.553702245305984 -0.822738931786391 0.128508652105999
0.601456191981761 -0.558913652226137 0.570846720654538
0.145552242956462 -0.989198304140889 -0.0173568330962822
0.47436321932625 -0.830947887376323 0.290697685947553
0.554758197995682 -0.820588493086725 0.137396749489363
0.596693639795175 -0.649038786217643 0.471916681431283
0.59635984528864 -0.592949468922286 0.541078425214025
0.602227574518542 -0.66054682637278 -0.448330055493007
0.623720044457183 -0.500168718485128 0.600670091806871
0.339668261697792 -0.939169468614482 -0.05085451029743
0.56574798820352 -0.818174784691528 -0.102563324529982
0.547536020333077 -0.760765291837431 -0.34848310887807
0.532756240735175 -0.787566857455382 -0.309692158434111
0.567891429442953 -0.823000465248246 0.0130214656014694
0.596629873372365 -0.686793742311026 -0.415147142254516
0.225768790733586 -0.974178261827433 -0.00227317257942022
0.600497974458125 -0.79072088307753 -0.119007007091097
0.331910999267357 -0.943068222825332 -0.0213872780506304
0.317113763159378 -0.947713060480085 -0.0357605398500737
-0.619165567757342 0.419406414207137 0.663876689924898
0.783525705222229 -0.616088918952385 -0.0807583630349828
0.314064350226183 -0.94940169774613 -1.5289603070387e-05
0.252921485983214 -0.967415016952517 0.0117858772606988
0.467650057245108 -0.873913156469733 -0.132586646792787
0.268687228937035 -0.963091419330921 -0.016189225345553
0.0384220247663058 -0.997690924019718 -0.0560050724625716
0.532868579669144 -0.844283257139921 -0.0568933960543246
0.850575361276008 -0.505377685374871 -0.145309841082173
0.530053917746662 -0.847797458048918 0.0168022143543107
0.230969396524009 -0.965690216162668 0.118724657409629
0.365224165757036 -0.929465707648022 -0.0520077595502645
0.805171480545201 -0.5926655083921 -0.0211301225501145
0.763191428770804 -0.607485001566829 0.220229007903427
0.45275218527458 -0.844321275949474 0.28659560657509
0.774548359072052 -0.570306240861766 0.273542740888719
0.431500104941392 -0.895320496111191 0.110493749500949
0.17015756903895 -0.983088778930708 0.0676967830792978
0.190051662527339 -0.981752873196251 -0.00645457523783092
0.574223769521158 -0.690848153197188 0.439312976977629
0.587670667856513 -0.640378813255886 0.494528221312053
0.515899819245633 -0.797915650869347 0.311733845772431
0.575328374365395 -0.707777810431084 -0.409936376418893
0.54742086452178 -0.832032266272198 0.0897368651568486
0.164020633109453 -0.985675536114851 0.0392551833402295
0.612218875965793 -0.531414427381864 0.585479934994861
-0.925134421074272 -0.348561890394693 -0.150435738799158
0.55361089347704 -0.725689006466398 0.408522269304094
0.431693501858614 -0.90041393530827 0.0538095303428721
0.311915549985338 -0.950023324199032 -0.012820809458254
-0.898950367594822 -0.386479685745545 -0.206207878382855
0.216951132330456 -0.973044573957373 -0.078207821045263
0.428371313498966 -0.896815656107382 -0.110542737128481
0.402075653652692 -0.912100054982277 -0.0800540969662882
-0.901618588876892 -0.395880117979267 -0.174249397073173
0.478751230463634 -0.850103245302212 0.219366660311462
-0.914902526045422 -0.384478373111578 -0.123003042422457
0.293046128564596 -0.95588166123212 -0.0203523033936084
0.632244080307373 -0.774711001345043 -0.00950196354681706
0.376220713663166 -0.926143912339726 0.0267474904775071
0.295085362717361 -0.955408806864162 -0.0108922209104075
0.572891862262805 -0.724847374463997 -0.382611026874168
0.276413058238912 -0.952914282553255 0.124700406338663
-0.481117528560633 0.820763443913471 0.308015085421164
0.402898171411102 -0.911779450454845 0.0795694489226339
0.337488610378892 -0.938891121897563 -0.0677118829044096
0.297486497906745 -0.950185035530215 0.0930063536411569
0.594688789027344 -0.668947116767046 -0.445931608180276
0.389073521751983 -0.92028236329952 0.0412573202154343
0.336132261587568 -0.941376710781214 0.028722658629881
0.356236483926239 -0.933641493714945 -0.037538363491182
0.358106486358017 -0.93326634825087 -0.027814881822532
0.801552950307083 -0.51536139384926 0.303175694249653
0.412929874899201 -0.906657140857056 0.0863814062668505
0.339376443104903 -0.940190883214755 -0.0294063426036717
0.364318434161077 -0.930909819129786 0.026057382412109
0.604881932606821 -0.558659645597028 0.567465635952733
0.433817812696769 -0.894766538554467 -0.105806175955136
0.288578495937004 -0.95727192114933 -0.0187861827364255
0.60029076071639 -0.598533858948821 0.5304792383217
0.44738778522571 -0.891639212573292 0.0694527481998664
-0.61965045124533 0.414847845678028 0.666284161006217
0.213587501272523 -0.972206895471233 0.0958860349495509
0.739718568377617 -0.622958597293673 0.254438648116334
0.571510965617443 -0.81202040080061 0.118313502452738
0.25559904486006 -0.966502137177889 0.0232969332144298
0.300672345717341 -0.947722519647446 0.106855820028338
0.102773652461107 -0.994555309133757 -0.0172427791744994
0.592822473087012 -0.636542572114963 0.493330588234975
0.600349932356337 -0.643942232546982 -0.474255584956202
0.214996260025698 -0.97629632102876 0.0249419670569703
0.603470648309326 -0.551490349101835 0.575918024962457
-0.531223694832298 0.759055410717741 0.376345943925059
0.348690491910619 -0.937204844460929 -0.00787530127015021
0.437734146307618 -0.892226917002844 0.110995250943191
0.635767521017474 -0.768148154939675 -0.0758160357844505
0.657984826567468 -0.568622544049036 -0.493684484672327
0.654831119866855 -0.68453172053076 -0.320331902939933
0.334402652876866 -0.942234549025664 -0.0192072999486747
0.577962260814952 -0.718787376176077 -0.386399188564858
0.206106679380834 -0.978510818126505 0.00605107626819021
0.504079220298659 -0.860326494918652 0.0757790327470761
0.605050612687546 -0.532221129983718 0.592160809987692
0.681124758323834 -0.466712611636809 -0.564135091744387
0.467625440122941 -0.849323106067061 0.244901427620228
0.132746974651374 -0.989108872370999 -0.063575776187773
0.597781078936496 -0.585393544796661 0.547697160277392
0.419189871750739 -0.901383832534406 -0.108568125465927
0.387286707640222 -0.921235798353316 0.0365186242556711
0.610494882934757 -0.429367252156649 0.665537197071604
0.610461756780424 -0.41808050105329 0.672714752437902
0.604334058558529 -0.795884264064968 -0.0367230701322978
0.827272091586253 -0.544688988692872 -0.137603750236838
0.583046167193204 -0.657891070684328 0.476693303954589
0.691577260466617 -0.493278292172 -0.527633792774273
0.347318582149457 -0.937578202857553 0.0178021352677835
0.136360011461442 -0.990584129283704 -0.0122077879028452
0.416655041366883 -0.905019468820183 0.0856640972636434
0.778352766650317 -0.614382431337752 -0.129233117703281
0.581958760128994 -0.698072766497299 -0.417155144021899
0.673221899691254 -0.739216077266227 0.0182171591426916
0.603624202101272 -0.79396823289154 -0.0724725313252482
0.179952843200222 -0.9818540412525 -0.059829891361171
0.565694036044985 -0.733352208433887 -0.377073992696759
0.161825246360342 -0.983509590311138 -0.0807556524735659
0.337446355797524 -0.94111727087932 0.0206939462556619
0.395684190713767 -0.914782146491475 -0.081287426331763
0.827399861241872 -0.561390916618685 0.0158021629837157
0.621410835109753 -0.453371333893468 -0.638985921293933
0.564414518976575 -0.7354161199797 -0.374965840100728
0.371227900176232 -0.927276862733245 -0.048450655004196
0.431306467120064 -0.869528919752981 0.240612113439084
0.176751031686411 -0.983122085231098 0.0472232816378374
0.230514501916172 -0.972580769430783 -0.0308173869717316
0.268469730375459 -0.963174415155122 -0.0148003331961594
-0.884269198986019 -0.370090260632528 -0.284782693837901
0.609192649949041 -0.441044949189173 0.659062719354376
0.188203123589152 -0.981899699886944 -0.0212735430339226
0.186576775650374 -0.971603645718089 0.145517910977405
0.395015774957045 -0.915333887239534 0.0782714022236041
0.598073761372809 -0.592867991650069 0.539272955407735
0.568086918414562 -0.820816159800299 -0.0594818034102497
0.568324304375463 -0.697703289990472 0.436139432054266
0.198521793445175 -0.977077873228461 -0.0768630416693153
0.216423468314293 -0.976286258638295 -0.00510132892999812
0.61062534871634 -0.398248132498695 0.68449624430405
0.19845970232714 -0.979997226752296 -0.0148048002361318
0.424860756126488 -0.901106024028142 0.0866098802898527
0.791872689741156 -0.528206351957561 0.306489303228989
0.351790308213688 -0.935993559618822 -0.0126346903010857
0.189279465135894 -0.98117241899586 -0.0383922945352507
0.388271882539352 -0.918886860936326 -0.069941990448748
0.429230831681423 -0.877693139534693 0.21310946939967
0.37844934676298 -0.925099553094845 0.0310951571533531
0.491593450335869 -0.821928079586681 0.28769795198059
0.434112360850099 -0.898819702304741 0.0605772309202869
0.41837785868539 -0.901735989469763 -0.108775790766216
0.575927669208837 -0.708309346230796 -0.408172990142389
-0.911140731777643 -0.396828355558826 -0.111129758031677
0.338535450256839 -0.940926029096684 -0.00720809876078946
0.365288183044237 -0.93072636502511 0.0176911496343536
0.149869671422735 -0.987335945549174 -0.0520270334937578
0.606215511484674 -0.602375234597369 -0.51927529344187
0.340730395623733 -0.940023024054592 -0.0161093682481466
0.593388273840277 -0.611442581512596 0.523477149436409
-0.617217864442087 0.475655794301983 0.626732537180335
0.575837425621614 -0.707066534292535 -0.410448748733646
0.665674471470925 -0.745001582346675 -0.0430132576405899
0.173894259444271 -0.979998433910408 -0.0967670195132493
0.374977111185572 -0.926846598475307 0.0186426656268951
0.605034765481642 -0.490223366013402 0.627386630374815
0.394825376845469 -0.912646727306019 0.105777468945171
0.579797562217048 -0.703027785573117 -0.411809081443487
0.515280595956921 -0.778856874116808 0.357586181320357
0.425560305627779 -0.897118196331526 0.118648085045061
0.63463189536093 -0.77158901531511 -0.0435057333652937
0.110200435677905 -0.992420885951542 -0.0543750779636823
-0.507175420495882 0.783619625589647 0.35876646336519
0.557882982533476 -0.82194569861245 0.114768664416928
0.299428514159245 -0.953830402258757 -0.0234548211522609
0.612065112756674 -0.587613305509954 -0.52923236950684
0.13389699408858 -0.989212040890937 0.0594233382639328
0.660629030937782 -0.750635017132874 -0.0107867759843315
0.776702817290066 -0.574700083599034 -0.257783916342619
0.363927041198355 -0.930256818459539 -0.0466836201911119
0.272772500672443 -0.949623387386597 0.15430678859113
0.494216680848224 -0.814377188066565 0.304203333196991
0.449878579698347 -0.860935401194158 0.237485785888864
0.188259158309065 -0.974445106053975 0.122536625546077
0.67629513039488 -0.530676260651871 -0.510889031967529
0.494060821748801 -0.820899397676805 -0.286405452648443
0.50484667451172 -0.807099408879771 0.306137843822651
0.592858727250637 -0.615911224147844 0.518817784478769
0.811397278518281 -0.496420832005552 0.308546291444319
0.144111132904062 -0.977721345476125 0.152620286900081
0.556533921148121 -0.742292628344484 -0.373191168862468
0.378614869301375 -0.916009240679174 0.132581490918855
0.313580815487256 -0.949553880249859 -0.0038079733170969
0.398192884196803 -0.898590750526769 0.184328755333426
0.555673764452353 -0.748213602754909 -0.3624956167347
0.353535134726718 -0.935031773036664 -0.0269905895762442
0.199201054375499 -0.979364259256523 -0.0341260549523478
0.425774676707367 -0.888974096369059 0.168644539370687
0.350172035402913 -0.936107597144531 -0.0328954737019081
0.481683594516805 -0.843512631246347 -0.237628608760047
0.34615492736868 -0.938136144700587 0.00879433139603758
0.692047649114403 -0.72179040106212 -0.00941638411559816
0.604776977147733 -0.467558086680359 0.644697016816312
0.601291938782721 -0.633302268678025 -0.487212726478057
0.597712917842635 -0.650394397936292 -0.468749821308908
0.200923007314203 -0.979445991264904 -0.0177621881232494
0.382756023854508 -0.921805410479796 0.0614215875182517
0.141385915708844 -0.988941333652509 -0.0447779123315194
0.602417962277114 -0.587401962074856 0.540417925014057
0.597009155752143 -0.645097966676197 -0.47689483257669
0.337024013887334 -0.941218799156817 0.0228470168089807
0.395799874919279 -0.905778229423645 0.151354742628206
0.751727745881414 -0.612358236767521 -0.244791310987585
0.759746127954343 -0.620125744707656 -0.195524632231232
0.814321359955471 -0.484314764380266 0.319874868852742
0.448454781616505 -0.864713083974025 0.226184860787417
0.620878180825099 -0.453780984426417 -0.639212877489423
0.379512432536613 -0.925010899055099 0.0180319211239368
0.585503397904574 -0.686400035147844 -0.431324428697514
0.37742104301472 -0.920615535614504 0.100101907448866
0.670119256402741 -0.539002080651728 -0.51031063015711
0.585225528267157 -0.687411947040536 -0.430088242260082
0.399613400526786 -0.915039908948788 0.0548734466788238
0.595145572961114 -0.655391649361197 -0.465041431414877
-0.999999901382955 0 0.000444110436501491
0.000114895351695096 0 0.999999993399529
0.000569150525955835 -0 -0.999999838033826
-0.999999905902514 0 0.000433814434970795
0.000590971382482888 -0 -0.999999825376397
0.000125916979325169 0 0.999999992072457
0.00015919114028491 -0 -0.99999998732909
0.000122514232306503 0 0.999999992495131
0.000514089239630956 -0 -0.999999867856118
-0.000289579492027993 -0 -0.999999958071858
0.000130633415005327 0 0.999999991467455
0.000561399945865566 -0 -0.999999842415038
0.000123473901990207 0 0.999999992377098
0.000186983652753022 -0 -0.999999982518557
-0.000317968867570802 -0 -0.999999949447898
-0.999999998441749 0 5.58256396328517e-05
0.000190447837851478 -0 -0.99999998186481
-0.999999839513381 0 0.000566544977380005
0.000208611435490674 -0 -0.999999978240634
-0.999999997122274 0 7.58646926987759e-05
0.000148520614128695 -0 -0.999999988970813
0.000462079542854227 -0 -0.999999893241242
8.99789298268928e-05 0 0.999999995951896
0.000148163655659925 -0 -0.999999989023766
0.000195478725703227 0 0.999999980894034
0.000206043924837159 0 0.99999997877295
1.51301846909481e-05 0 0.999999999885539
0.000171944860271911 -0 -0.999999985217482
9.25510539633631e-06 0 0.999999999957172
-0.999999849035016 0 0.000549481523934842
-0.999999867567973 0 0.000514649430004048
-0.999999999725362 0 2.34366343583341e-05
1.48785629773459e-05 0 0.999999999889314
9.59842941609622e-05 -0 -0.999999995393508
1.52881802914959e-05 0 0.999999999883136
9.53013477512664e-06 0 0.999999999954588
3.61815764099088e-05 0 0.999999999345447
6.63940818398178e-06 0 0.999999999977959
6.7979975426624e-08 0 0.999999999999998
-0.999999885402301 0 0.000478743548617302
9.07955563851693e-06 0 0.999999999958781
-0.000240233865386414 0 0.999999971143845
-0.000146463744634029 0 0.999999989274186
5.19255008139514e-05 0 0.999999998651871
-0.000161186557031879 0 0.999999987009447
2.26671399956079e-05 0 0.9999999997431
-3.36259508722812e-05 0 0.999999999434648
9.21426759031574e-05 -0 -0.999999995754864
-0.000218351541004089 0 0.999999976161302
6.7859604158191e-05 0 0.999999997697537
-0.000226178157062397 0 0.99999997442172
-0.000225616394969921 0 0.999999974548621
-0.999999985186542 0 0.000172124707384234
-1.67438756738368e-05 0 0.999999999859821
-0.00024675850703705 0 0.999999969555119
-0.999999916355739 -0 0.000409009187195929
2.63566180273614e-05 0 0.999999999652665
0.000281289237831778 -0 -0.999999960438182
-4.71754974044242e-05 0 0.999999998887236
-4.42438103640478e-05 0 0.999999999021243
0.000157230822754269 -0 -0.999999987639234
2.21346363050889e-05 0 0.999999999755029
0.000316574794219326 -0 -0.999999949890199
-0.000289032369187927 -0 -0.999999958230144
-2.41345369361367e-05 0 0.999999999708762
-0.000169314528949681 0 0.999999985666295
0.000288676953254871 -0 -0.999999958332807
-0.000277070172439056 0 0.999999961616059
-0.000116042275422796 -0 -0.999999993267095
-0.999999990437891 0 0.000138290341552478
-0.000155051076900012 0 0.999999987979582
-6.57366808795253e-06 0 0.999999999978394
-0.000271906076657945 0 0.999999963033542
-0.000263331827192127 -0 -0.999999965328174
0.000167020666993796 -0 -0.999999986052048
-0.00037588734579625 0 0.999999929354349
-0.000332078810634648 0 0.99999994486183
-0.0002112284954081 -0 -0.999999977691261
-8.76251866703783e-05 0 0.999999996160913
-9.00257433376137e-05 -0 -0.999999995947683
-0.000330434473490315 0 0.999999945406528
0.000394984286693534 -0 -0.999999921993704
-0.000100984550439394 0 0.99999999490106
-5.53005446882041e-05 0 0.999999998470925
-0.000275520859305933 -0 -0.999999962044127
0.000372584061536473 -0 -0.999999930590556
0.000236842818318266 -0 -0.999999971952739
-0.000407890145128204 0 0.999999916812811
-0.000192391973619133 -0 -0.999999981492664
0.000280382217062898 -0 -0.999999960692905
-0.00025024456352624 -0 -0.999999968688829
-0.000280667405463879 -0 -0.999999960612903
-0.999999980663998 0 0.000196651988352776
-0.000170723227042282 -0 -0.99999998542679
-0.000184658984415697 -0 -0.99999998295053
-0.000279419607983664 0 0.999999960962341
0.000154356106557485 0 0.999999988087096
0.000219606730913744 -0 -0.999999975886442
-0.000125851233773731 0 0.999999992080734
-8.59734569991344e-05 -0 -0.999999996304282
0.000221959091494154 -0 -0.99999997536708
-8.44945385946344e-05 0 0.999999996430337
-0.000307013168104722 0 0.999999952871456
-0.000257831232899914 -0 -0.999999966761527
-3.7400277479937e-05 0 0.99999999930061
0.000226166442771537 -0 -0.99999997442437
-6.80480934518234e-06 0 0.999999999976847
0.000251363780324681 -0 -0.999999968408125
-9.41234680263551e-05 0 0.999999995570386
-0.000270882029392634 0 0.999999963311462
0.000123770964780869 -0 -0.999999992340374
-0.000238610031857621 0 0.999999971532626
0.000195793352644316 -0 -0.999999980832481
0.000162668407605131 0 0.999999986769494
-0.000325179690123668 0 0.999999947129083
-0.000271784568179258 -0 -0.999999963066574
-0.00021780871094905 -0 -0.999999976279682
0.0001683328131346 0 0.999999985832032
0.000193265423178169 -0 -0.999999981324238
8.66421029444914e-05 -0 -0.999999996246573
2.34688177378245e-05 0 0.999999999724607
-0.000120979718327875 0 0.999999992681954
-0.000264393884062237 -0 -0.999999965047936
-3.47143613698805e-05 0 0.999999999397457
-0.999999949756292 -0 0.000316997498214445
5.05653088105548e-06 0 0.999999999987216
-0.000272804308077389 0 0.999999962788904
4.06567341661266e-05 -0 -0.999999999173515
-0.000467173410633826 0 0.999999890874496
-0.000236411179445015 -0 -0.999999972054877
-0.000221931210026637 -0 -0.999999975373269
-0.000290479265936864 0 0.999999957810897
5.81064231411297e-05 -0 -0.999999998311822
0.000143755793366632 0 0.999999989667136
0.000188525573609086 -0 -0.999999982229054
-0.000126932237322481 -0 -0.999999991944103
6.31739675203728e-05 -0 -0.999999998004525
-0.000158528344227093 -0 -0.999999987434382
-0.000156781619699695 -0 -0.999999987709762
2.00149606785927e-05 -0 -0.999999999799701
-0.999999999375166 0 3.53506402240907e-05
-0.000268099557984937 0 0.999999964061313
-3.1548606769081e-05 0 0.999999999502343
-0.000310688021158225 0 0.999999951736476
-0.999999917820016 0 0.000405413322311589
-0.000245250142952894 -0 -0.999999969926183
-0.000118842303961403 -0 -0.999999992938253
-0.00021455517941846 -0 -0.999999976983037
0.00015408985017405 0 0.999999988128159
6.56726332129325e-05 -0 -0.999999997843553
0.00033414151529406 -0 -0.999999944174722
-0.000251764627343511 0 0.999999968307286
-0.000135247463404032 -0 -0.999999990854062
8.93911510466506e-06 0 0.999999999960046
-0.999999964590033 0 0.000266120148479754
-0.000188329544769485 0 0.999999982265991
-0.000371024591219527 0 0.999999931170374
0.00015336424805074 0 0.999999988239704
-0.999999997649038 0 6.8570581627456e-05
-1.5533951225679e-05 -0 -0.999999999879348
0.000170002106914534 -0 -0.999999985549642
2.7551914161906e-05 -0 -0.999999999620446
-3.64201223177971e-05 0 0.999999999336787
0.000206283842248233 0 0.999999978723488
-0.000271085290522155 -0 -0.999999963256382
0.000133126230778487 0 0.999999991138703
-0.00025583444839368 0 0.999999967274367
-5.00223358641855e-05 0 0.999999998748883
0.000203397601011586 -0 -0.999999979314708
-9.72716657033972e-05 0 0.999999995269111
0.000174434736511204 -0 -0.999999984786261
-0.000110399894092794 0 0.999999993905932
-5.65600274972244e-05 -0 -0.999999998400482
0.00018486965248167 0 0.999999982911606
-0.000158702516093889 0 0.999999987406755
-9.51839897660731e-05 -0 -0.999999995470004
0.00020035901577851 0 0.999999979928132
0.000149420213498166 0 0.9999999888368
0.000109729872996152 -0 -0.999999993979678
-0.000106508530130453 0 0.999999994327966
0.000120861127497322 0 0.999999992696294
-6.70126681457623e-05 0 0.999999997754651
-4.1268234746314e-05 0 0.999999999148466
0.000121396557930409 0 0.999999992631438
0.000113641718774641 -0 -0.99999999354278
0.000163648551816199 0 0.999999986609576
8.14705924337571e-05 0 0.999999996681271
-1.72806739985054e-05 -0 -0.999999999850689
-0.999999991127404 0 0.000133211082993927
-3.7732268511233e-05 -0 -0.999999999288138
7.98014950493008e-05 -0 -0.999999996815861
-0.000291146383853964 0 0.999999957616891
0.000191405965001554 0 0.999999981681878
-3.09033675728414e-05 -0 -0.999999999522491
-0.000297334526793506 0 0.999999955796089
-0.000143575946251892 0 0.999999989692974
0.000165573755570746 0 0.999999986292666
-5.35743019240403e-05 0 0.999999998564897
0.000103303187091975 0 0.999999994664226
0.000113429500923011 0 0.999999993566874
-0.999999993809793 0 0.000111267311915701
8.97448622732798e-05 0 0.99999999597293
7.3168307606326e-06 -0 -0.999999999973232
3.27144589216476e-05 0 0.999999999464882
-0.999999996446272 0 8.43057274965638e-05
-0.999999834325238 0 0.000575629652590519
0.000118874485521248 0 0.999999992934428
0.000149866491619399 -0 -0.999999988770017
0.000446167291022612 0 0.999999900467369
-0.000241951340479582 0 0.999999970729774
-0.999999855543608 0 0.000537506058280185
-0.999999896903579 0 0.000454084607814186
8.54776223210664e-05 -0 -0.999999996346788
-0.999999998934617 -0 -4.61602321101307e-05
0.000258135542520789 0 0.99999996668302
0.000166117968074003 0 0.99999998620241
0.000210978435313532 -0 -0.99999997774405
0.000105638005472353 0 0.999999994420306
5.59192666549925e-05 0 0.999999998436518
4.8645637377117e-05 0 0.999999998816801
0.000129533304793902 0 0.999999991610561
8.34224465477822e-06 0 0.999999999965204
0.000294092680647997 -0 -0.999999956754747
0.000115047491965792 0 0.999999993382037
4.46635749094809e-05 0 0.999999999002583
9.05055781844894e-05 0 0.99999999590437
-0.000190152332124988 0 0.999999981921045
0.000129173435939337 0 0.999999991657112
-0.000228480779190062 0 0.999999973898267
-0.000163102985984216 0 0.999999986698708
0.00014975375793592 0 0.999999988786906
7.18826338887143e-05 0 0.999999997416444
0.00013530890158844 0 0.999999990845751
9.4876777011891e-05 0 0.999999995499199
6.40150536635548e-05 0 0.999999997951037
0.000157820291714399 0 0.999999987546378
0.000514975742060303 -0 -0.999999867399984
-8.70897562316373e-05 0 0.999999996207687
0.000121109826999072 0 0.999999992666205
8.09263871893864e-05 0 0.99999999672546
-2.17207216286318e-05 0 0.999999999764105
-1.4780638592333e-05 0 0.999999999890766
0.000188547416032679 0 0.999999982224936
-7.12434264653035e-05 0 0.999999997462187
6.75523914019598e-05 0 0.999999997718337
8.03002619389588e-05 0 0.999999996775934
5.71598210602408e-05 0 0.999999998366377
0.000514513456945952 -0 -0.999999867637942
0.00010470758513192 0 0.999999994518161
4.56232518879852e-05 0 0.999999998959259
1.81993873381417e-05 0 0.999999999834391
5.91493916419785e-05 0 0.999999998250675
-1.53775090420831e-05 0 0.999999999881766
2.84573688871484e-05 0 0.999999999595089
-5.70004557613962e-05 0 0.999999998375474
3.7454316017024e-05 0 0.999999999298587
9.71738791076455e-06 0 0.999999999952786
4.49590842891121e-05 0 0.99999999898934
7.9092214943812e-06 0 0.999999999968722
0.000267055050725852 -0 -0.999999964340799
-2.16739099363646e-05 0 0.999999999765121
4.060251373012e-05 0 0.999999999175718
-2.91113847073911e-05 0 0.999999999576264
0.000121235635579408 0 0.99999999265096
4.85812706183113e-05 0 0.99999999881993
9.11346356441558e-05 0 0.999999995847239
6.45183025447796e-05 0 0.999999997918694
1.87669993432485e-05 0 0.9999999998239
-8.98722279097751e-05 0 0.999999995961491
0.00015968696767358 0 0.999999987250036
-3.00300980462561e-05 0 0.999999999549097
0.000480556192976355 -0 -0.999999884532866
-0.999999903073939 0 0.000440286397799992
8.7892803664294e-05 0 0.999999996137428
0.000246752657167662 -0 -0.999999969556563
7.14437554047653e-05 0 0.999999997447895
0.000301702767205642 -0 -0.999999954487719
-0.99999989946885 0 0.000448399699800924
0.000316372930069573 -0 -0.999999949954083
8.42033256701922e-05 0 0.9999999964549
9.64391724727697e-05 0 0.999999995349743
5.74436270615419e-05 0 0.999999998350115
-0.999999999992312 0 3.92130641554727e-06
2.16109128763959e-05 0 0.999999999766484
0.000177846272806655 -0 -0.999999984185352
-0.000282917364120834 -0 -0.999999959978882
4.16792244870483e-05 0 0.999999999131421
0.000268673019798296 -0 -0.999999963907404
-0.999999996852304 -0 7.93435099016258e-05
0.000329302189083718 -0 -0.999999945780033
-0.00022791454966084 -0 -0.999999974027479
3.55277443080439e-05 -0 -0.99999999936889
0.000146017466512122 0 0.99999998933945
0.000168207011832794 0 0.9999999858532
0.000122745360370862 0 0.999999992466788
0.000147831479101921 0 0.999999989072927
-0.000257386526414802 -0 -0.999999966876087
0.000456938846984538 -0 -0.99999989560344
3.58363285838085e-05 0 0.999999999357879
0.9999998684661 0 0.000512901338015259
-0.999999943789386 0 0.000335292746286757
0.000154955892825933 0 0.999999987994335
-0.999999989978525 -0 0.000141573122564336
-0.999999998128688 0 6.11769936532496e-05
-0.99999998059374 0 0.000197008932260669
-0.999999881923503 0 0.000485955738081672
-0.999999999429573 0 3.37765377287866e-05
-0.999999996168601 -0 -8.75374095187308e-05
0.000321895352280388 0 0.99999994819169
-0.99999999756647 0 6.97643261567754e-05
-0.999999989293687 0 0.000146330536406311
-0.999999893895317 0 0.000460661866452505
-0.999999879895878 0 0.000490110425305639
-0.999999955930428 0 0.0002968823697434
0.0003464372419747 0 0.999999939990617
8.84590477830563e-05 -0 -0.999999996087499
-0.999999999870276 0 1.61074149197726e-05
-0.999999996122618 -0 -8.80611329417438e-05
0.000298561806056611 0 0.999999955430423
0.000117739261534287 0 0.999999993068733
0.000410172292452936 -0 -0.999999915879342
0.000155921426918258 0 0.999999987844254
0.000346093554882163 -0 -0.999999940109624
0.000131660387292244 0 0.999999991332771
0.00045114276425644 -0 -0.999999898235098
9.86380323160139e-05 -0 -0.999999995135269
-0.999999909303327 0 0.000425902967836064
-0.999999922656262 -0 0.000393303278841703
-0.999999936867572 0 0.000355337657876319
0.000131419101992105 -0 -0.99999999136451
0.000189315538836881 -0 -0.999999982079813
0.00018118308501488 0 0.999999983586345
-0.999999984403418 0 0.000176615864776323
0.000238990389785325 -0 -0.999999971441796
0.00015858393254117 0 0.999999987425568
0.000213001558847522 0 0.999999977315168
0.000283562595964414 -0 -0.999999959796126
0.000179048784816028 -0 -0.999999983970766
-0.99999986308408 0 0.000523289423483459
0.00022662872797897 -0 -0.999999974319709
-0.999999895594795 0 0.000456957764470665
-0.000286808720402217 -0 -0.999999958870378
0.000213376066912308 0 0.999999977235327
-0.99999999805239 0 6.24117018254313e-05
-0.999999993054602 0 0.000117859220244975
-0.999999897258007 0 0.000453303402991706
-0.999999891039183 0 0.000466820759593505
-0.999999906184082 -0 0.000433164895827032
0.000290476355554187 -0 -0.999999957811743
-0.999999999796262 0 2.01860293559349e-05
0.000121588286685255 -0 -0.999999992608144
0.000355210474153722 -0 -0.999999936912758
0.00015980693365813 0 0.999999987230872
0.000411076373667473 -0 -0.999999915508104
-0.999999923261505 0 0.000391761387272398
-0.000288652011275287 -0 -0.999999958340007
0.000149180296079818 0 0.99999998887262
0.000383953878595216 -0 -0.999999926289707
0.000318795503590845 -0 -0.999999949184712
-0.999999966630132 0 0.000258340346155226
0.000254652425539022 -0 -0.999999967576071
0.00012856778524262 0 0.999999991735162
7.47983210839609e-05 -0 -0.999999997202606
0.000379474421450167 -0 -0.999999927999579
0.000209326705733042 0 0.999999978091165
-0.99999988986826 0 0.000469322349712681
0.000212938738233755 -0 -0.999999977328547
3.26647204754768e-05 0 0.999999999466508
0.999999886198592 0 0.000477077354695863
0.000157457483377449 0 0.99999998760357
-0.000235109176042341 -0 -0.999999972361837
-0.99999985619867 0 0.000536285967881882
-0.999999991228063 0 0.000132453292028466
0.00017353203759483 0 0.999999984943316
0.000247443145482009 -0 -0.999999969385944
-0.999999920017337 0 0.000399956646141276
-0.999999983977855 0 0.000179009189056595
-0.999999938402034 0 0.000350992776685176
0.000124632525453944 0 0.999999992233367
-0.999999992357578 0 0.000123631892130224
0.000361916490562476 -0 -0.999999934508225
-0.999999994919224 0 0.000100804521422895
0.000426182480964328 -0 -0.999999909184242
-0.999999991595394 0 0.000129650345845135
-0.999999894738719 0 0.000458827365070261
-0.999999996100687 -0 -8.83098324460531e-05
-0.999999887757311 0 0.000473798867123362
-0.999999962112616 0 0.000275272167102973
-0.999999967846361 0 0.00025358879705418
-0.99999999833233 -0 -5.77523968732784e-05
-0 -0.999999999098242 4.24678255129888e-05
0 -2.77171329692408e-05 0.99999999961588
0 -0.000595323451355524 0.999999822794978
-0 -0.999999993699422 0.000112254870348213
0 -4.9693087869435e-05 0.999999998765299
0 -3.75303861537199e-05 0.999999999295735
0 -0.000377395506059492 0.999999928786313
0 5.2190382049819e-05 0.999999998638082
0 -1.66750269249415e-05 0.999999999860972
0 -0.000564900669760217 0.999999840443604
0 4.9428392170385e-05 0.999999998778417
0 -0.000286720943260386 0.999999958895549
0 -7.95629527811916e-05 0.999999996834868
0 -6.36288458357536e-05 0.999999997975685
0 -3.04615659701639e-05 0.999999999536046
0 -0.000293508886988454 0.999999956926266
0 -7.51946788716496e-05 0.99999999717288
-0 -0.999999999995619 2.96026064460033e-06
0 -0.000258407634204504 0.999999966612747
0 -4.14012683549907e-05 0.999999999142968
0 -0.999999999075863 4.29915525786021e-05
0 -8.23483493995834e-05 0.999999996609375
0 -0.000357406212355263 0.999999936130398
0 -0.000548390188863557 0.999999849634089
-0 -0.999999998317767 5.80040176762066e-05
0 -0.999999997036964 7.6980991934037e-05
0 -6.89333899753572e-05 0.999999997624094
0 -0.000244937102180708 0.999999970002908
0 -0.000208457738172058 0.999999978272685
0 -0.000501401253514634 0.999999874298384
-0 -0.999999992004328 0.000126456884471077
0 -0.000313703003109476 0.999999950795212
0 -3.52745664493979e-05 0.999999999377853
0 -4.06288490586394e-05 0.999999999174648
0 -0.000446585687589147 0.999999900280607
-0 -0.999999997466146 7.1187838149554e-05
0 -3.03708657016607e-05 0.999999999538805
0 -0.000232607585604482 0.999999972946855
0 -0.000595499005598876 0.999999822690452
0 -0.00025139439755142 0.999999968400428
0 -0.000575711608951 0.999999834278058
0 9.6800605662193e-05 0.999999995314821
0 0.000113036068074506 0.999999993611424
0 -6.10160749375766e-05 0.999999998138519
-0 -0.999999991892201 0.0001273404767424
0 -0.000192918621953842 0.999999981391202
0 -1.97939680181084e-05 0.999999999804099
0 -9.49616292284409e-05 0.999999995491144
0 9.40590976301972e-05 0.999999995576443
0 -0.99999999323292 0.000116336413279351
-0 -0.999999997356468 7.27121949136337e-05
-0 -0.99999999790138 6.47861087150057e-05
0 -2.41651668986762e-05 0.999999999708022
0 -0.00048668426499406 0.999999881569206
0 -5.15948813012916e-05 0.999999998668984
0 -0.000622244076919827 0.999999806406136
0 -0.000359963390973441 0.999999935213176
0 -7.50132746979476e-05 0.999999997186504
0 -5.21039764155242e-05 0.999999998642588
0 7.18081135314069e-05 0.999999997421797
0 -8.12540817651818e-05 0.999999996698887
-0 -0.999999996184464 8.73560053455747e-05
0 8.77597700568155e-05 0.999999996149112
0 -7.86240798309591e-06 0.999999999969091
0 -0.000405170479995618 0.999999917918438
0 8.12936775261258e-05 0.999999996695669
0 -0.000162565991229816 0.999999986786149
-0 -0.99999999760418 6.92216706899254e-05
0 -0.000358564835692082 0.999999935715627
0 -5.83243053287576e-05 0.999999998299138
0 -0.000542225417511084 0.999999852995788
0 -0.999999993622663 0.00011293659118391
0 6.79138245939571e-05 0.999999997693856
0 4.01213073605455e-05 0.99999999919514
-0 -0.999999996095518 8.83683456965015e-05
0 8.05826927829272e-05 0.999999996753215
0 9.30994206613653e-05 0.999999995666249
0 1.92747229412483e-05 0.999999999814243
0 8.21567952654187e-05 0.999999996625131
0 -6.07527507570258e-05 0.999999998154552
0 -5.12437799680116e-05 0.999999998687038
0 -0.000562293724182228 0.999999841912871
0 -0.000538579814662794 0.999999854965881
0 0.000101537537761482 0.999999994845064
0 -0.00013650265336921 0.999999990683513
0 -0.000305267811533568 0.999999953405781
0 9.79329047219255e-05 0.999999995204573
0 -0.000118426832238489 0.999999992987543
0 -8.36913019863793e-05 0.999999996497883
0 0.000101838893369272 0.99999999481442
0 -0.999999998199156 6.00140664402436e-05
0 -0.000399362695276218 0.999999920254716
-0 -0.999999998561133 5.36445221906721e-05
0 -0.000202521211971108 0.999999979492579
0 -0.999999998433976 5.59647086480586e-05
0 -0.999999998273869 5.87559587879577e-05
0 -0.0003028686374596 0.999999954135293
-0 -0.99999999872639 5.04699891547029e-05
0 -0.000458470435763616 0.999999894902424
0 9.86585141363988e-05 0.999999995133249
-0 -0.999999996448114 8.42838777960813e-05
0 -0.000503721410276232 0.999999873132362
0 0.000104369740597558 0.999999994553479
0 -0.000402235854001671 0.999999919103156
0 -0.000483135228321539 0.999999883290169
-0 -0.999999997225974 7.44852511823542e-05
0 -3.33552197658706e-05 0.999999999443715
0 -8.6254338063748e-05 0.999999996280095
-0 -0.99999999767015 6.82620009912474e-05
0 -0.000145789248832883 0.999999989372747
0 0.000119987859807507 0.999999992801457
0 0.00012111723392376 0.999999992665308
0 9.2923873634286e-05 0.999999995682577
0 -0.000232604660669759 0.999999972947536
0 -0.000395526927517581 0.999999921779222
0 0.000112959997939107 0.999999993620019
-0 -0.999999990670917 0.000136594897957263
-0 -0.999999997089657 7.62934212215118e-05
0 -0.000634201962798582 0.999999798893915
0 -3.59123987205179e-05 0.99999999935515
0 -0.00064287117523245 0.999999793358305
0 -4.44119541060371e-05 0.999999999013789
-0 -0.999999995537002 9.44774942912661e-05
0 -0.999999997621364 6.89729784604536e-05
-0 -0.999999997111714 7.60037653514105e-05
0 -0.000141286391635279 0.999999990019078
0 -3.98242445637856e-05 0.999999999207015
0 2.7788587431025e-06 0.999999999996139
-0 -0.999999995837759 9.12385945252507e-05
0 -0.000383206230415056 0.99999992657649
0 -0.999999995623925 9.35529310935324e-05
0 1.92893530730128e-05 0.999999999813961
0 8.69580905041467e-05 0.999999996219145
0 -0.000267843444304505 0.999999964129944
0 -0.000176765080108087 0.999999984377053
0 -5.18699088600248e-05 0.999999998654756
-0 -0.999999995911112 9.04310578275198e-05
0 -0.000269051835214446 0.999999963805554
0 0.000116947913848598 0.999999993161593
0 -0.000396448558354811 0.999999921414267
0 6.6626460318188e-05 0.999999997780457
-0 -0.999999997958235 6.39025018759116e-05
0 -0.000477385942541561 0.999999886051325
-0 -0.999999998586914 5.31617587670574e-05
0 -0.000274441223733764 0.999999962341007
0 -0.000442770409151153 0.999999901977177
0 -0.000376441686370342 0.999999929145826
-0 -0.999999995838827 9.12268875095956e-05
0 -0.000245241382700717 0.999999969928332
0 0.000101999815721318 0.999999994798019
0 -7.22600596350942e-05 0.999999997389242
0 8.17471806837396e-05 0.999999996658699
-0 -0.999999997936113 6.4247753338536e-05
0 -3.88704210924634e-05 0.999999999244545
0 -0.000382755644984202 0.999999926749055
0 -0.000111217573470373 0.999999993815326
0 -0.00046650183988552 0.999999891188011
0 -0.00032112875745933 0.999999948438159
0 -0.000476315096441325 0.999999886561958
0 -0.000478945412739985 0.999999885305639
-0 -0.999999996028787 8.91202868032139e-05
0 -0.999999996440959 8.43687300128728e-05
0 -0.999999997452589 7.1378017128224e-05
0 7.36075014908709e-05 0.999999997290968
0 9.74442877953394e-05 0.999999995252305
0 -0.000619142657568743 0.999999808331166
0 5.4999185439136e-05 0.999999998487545
-0 -0.999999997525159 7.03539697574876e-05
0 -0.00030097269767456 0.999999954707717
0 -0.00010612661512176 0.999999994368571
0 0.000114101071797763 0.999999993490473
0 -9.82736741918663e-05 0.999999995171142
0 -0.000364436998346911 0.999999933592835
0 -0.000280339696371614 0.999999960704826
0 -0.999999994241632 0.000107316059548375
0 -0.000199387646391394 0.999999980122283
0 0.000118299648502066 0.999999993002596
0 9.98990648912761e-05 0.999999995010088
-0 -0.999999997828924 6.58950010280937e-05
0 0.000123355493058699 0.999999992391711
-0 -0.999999997592216 6.93943000590356e-05
0 -0.000177596023532329 0.999999984229826
0 -0.000435145702085935 0.999999905324104
0 0.000121462478104935 0.999999992623433
-0 -0.999999994516773 0.000104720841926475
-0 -0.999999996244038 8.66713595697285e-05
0 -0.000330380253059821 0.999999945424443
0 -0.000247307026879457 0.999999969419617
0 -0.000645159200953308 0.999999791884781
0 0.0001186624568449 0.999999992959611
0 0.000112102730077373 0.999999993716489
0 7.64572685095919e-05 0.999999997077143
0 -0.000129969251059304 0.999999991553997
-0 -0.999999993420513 0.000114712572367483
0 0.000112921966509385 0.999999993624315
0 -0.00058619486345633 0.999999828187776
0 0.000102930236062536 0.999999994702683
0 -0.000258062375498332 0.999999966701905
0 7.71828706522009e-05 0.999999997021402
0 7.80957341140952e-05 0.999999996950528
0 0.000110566666314215 0.999999993887506
0 8.2581041797669e-05 0.999999996590186
0 -0.000210420966030171 0.999999977861508
0 -0.000639307529168085 0.999999795642921
0 -0.000170410157151721 0.999999985480189
0 5.03997688880363e-05 0.999999998729932
0 7.51816039759278e-05 0.999999997173863
0 7.18051885964686e-05 0.999999997422008
0 -0.000585434147791418 0.999999828633415
0 -8.255607798735e-05 0.999999996592247
0 -0.000262050298358277 0.99999996566482
0 -0.000235141364876157 0.999999972354269
0 -7.47996889639809e-05 0.999999997202503
0 0.000108372288468926 0.999999994127724
0 -0.000412207115468371 0.999999915042643
0 3.22215491738542e-05 0.999999999480886
0 0.000110870954132002 0.999999993853816
0 -0.999999991413274 0.000131047518846347
0 -0.000195338285177402 0.999999980921477
0 -0.000376046718347539 0.99999992929443
0 -9.73900673599703e-05 0.999999995257587
0 -5.44183130035943e-05 0.999999998519324
-0 -0.999999996085428 8.84824545384264e-05
0 -2.76088758150131e-05 0.999999999618875
0 0.000108515653935227 0.999999994112176
0 0.000105823884358406 0.999999994400653
0 -0.000354641290615106 0.999999937114776
0 -0.000139586480604337 0.999999990257807
-0 -0.999999994219002 0.000107526720345532
0 -5.24287460582601e-05 0.999999998625613
0 -7.34040657176271e-05 0.999999997305922
0 9.6405615756721e-05 0.999999995352979
-0 -0.999999995373828 9.61891050890074e-05
0 -0.000545616478319953 0.999999851151318
0 -0.000428562562605038 0.999999908167061
0 -0.000437340072199097 0.999999904366826
-0 -0.999999992704237 0.000120795389221718
-0 -0.999999994630766 0.00010362658157486
0 8.141363623812e-05 0.99999999668591
0 -0.000333019359023558 0.999999944549052
0 -0.000486567209415588 0.999999881626168
0 -0.000144063013391389 0.999999989622924
0 -0.999999999539114 3.03607175597924e-05
0 -0.000103651356210137 0.999999994628198
0 9.54810525594953e-05 0.999999995441684
0 7.74608267824852e-05 0.99999999699991
0 -0.000399429983320144 0.999999920227841
0 6.22142978205506e-05 0.999999998064691
-0 -0.999999992740947 0.000120491101404978
-0 -0.99999999574974 9.21982642186214e-05
0 -6.46850747682103e-05 0.999999997907921
0 7.46139919753063e-05 0.999999997216376
0 -0.000137977271657215 0.999999990481136
0 4.18299932423563e-05 0.999999999125126
0 -0.999999996798793 8.00150807830194e-05
0 -0.000159596280141343 0.999999987264513
0 0.000102312878344682 0.999999994766037
0 -7.02207542505167e-05 0.999999997534523
0 -5.49303366905237e-05 0.999999998491329
0 1.57048827986534e-06 0.999999999998767
0 5.6271921404951e-05 0.999999998416736
0 4.92586913735904e-05 0.999999998786791
0 -0.000260754159401736 0.999999966003634
0 0.000113586130459545 0.999999993549096
0 -0.000466931936202753 0.999999890987277
0 -0.000457639492462705 0.999999895283042
-0 -0.99999999982609 -1.86499655650858e-05
0 -0.000151594109488349 0.999999988509613
0 -0.000331454038772146 0.999999945069109
0 0.000122913696922414 0.999999992446112
-0 -0.999999996201059 8.71658263676274e-05
0 -1.94662734392702e-05 0.999999999810532
-0 -0.999999997681919 6.80893716220969e-05
0 -0.000183316031883208 0.999999983197616
0 8.06353634395829e-05 0.999999996748969
0 -0.000279543881325154 0.999999960927608
0 -0.000479322860232198 0.999999885124791
-0 -0.999999996356535 8.53635134790521e-05
0 7.39468958069711e-05 0.999999997265928
0 -0.00051116180254559 0.999999869356797
0 -0.00042562793669664 0.999999909420426
0 -0.000199449084573823 0.999999980110031
0 -3.55671508944076e-05 0.999999999367489
0 0.000113372544727906 0.999999993573333
-0 -0.999999997331519 7.30545214406958e-05
0 3.29208232691465e-05 0.99999999945811
0 4.59905349512355e-05 0.999999998942435
-0 -0.999999996710874 8.11064234828192e-05
0 6.00140664402436e-05 0.999999998199156
0 -0.000139229522134191 0.99999999030757
0 1.4727974301644e-05 0.999999999891543
0 -0.000432363230994527 0.999999906531014
0 -0.000253392753671119 0.999999967896056
0 -0.00012666890587086 0.999999991977494
0 -0.000154394130710617 0.999999988081226
0 -0.000109163636156917 0.99999999404165
0 9.28331715478412e-05 0.999999995691001
0 6.43706369859196e-05 0.999999997928211
0 -0.000400565207126154 0.999999919773754
0 -6.86115452685347e-05 0.999999997646228
0 -0.000161290326735325 0.999999986992715
0 -0.000374662802315476 0.99999992981389
0 -6.11565118326807e-05 0.999999998129941
0 -0.000258937207450343 0.999999966475761
0 -0.999999989650923 0.000143868527050408
0 -0.000191830211514756 0.999999981600585
0 -0.000472751420492284 0.999999888253041
0 8.34704985029754e-05 0.999999996516338
0 -0.000353971291420387 0.999999937352161
-0 -0.999999996204119 8.71307198725389e-05
0 -8.05343294931365e-05 0.999999996757111
0 8.08196852720212e-05 0.999999996734089
0 -0.000417886173880255 0.999999912685569
0 -0.000325769159047207 0.999999946937226
0 3.68297405407574e-05 0.999999999321785
0 -0.000206652500445055 0.999999978647372
-0 -0.99999999674543 8.06792447395258e-05
0 0.000137838388182238 0.999999990500289
0 -7.19645538948568e-05 0.999999997410552
0 -0.000214903348518133 0.999999976908275
0 -7.89397451895353e-05 0.999999996884258
0 -0.000242344766025093 0.999999970634507
0 -0.000179348597911036 0.99999998391704
0 -6.99193913643143e-05 0.99999999755564
0 1.81453506199573e-05 0.999999999835373
0 6.52162051187695e-05 0.999999997873423
0 7.04329721046752e-05 0.999999997519598
0 -0.00028615627081136 0.999999959057294
0 -5.96731150682745e-05 0.99999999821956
0 -0.000405571326977587 0.999999917755946
0 -0.000129161721647871 0.999999991658625
-0 -0.999999998146628 6.08830413293001e-05
0 -0.999999989739969 0.000143248251682974
0 -0.000175024205466279 0.999999984683264
-0 -0.999999996737162 8.07816538419443e-05
0 -0.000123596778359583 0.999999992361918
0 -0.000518593463583399 0.999999865530401
0 -7.58032472372541e-05 0.999999997126934
0 -9.41804314977591e-05 0.999999995565023
0 -0.000189337395812379 0.999999982075675
0 3.05772300492055e-05 0.999999999532517
0 -0.000318992914854487 0.999999949121759
0 -0.000157700325729735 0.999999987565304
0 -0.000117467155277077 0.999999993100734
0 -0.000297567037264167 0.999999955726928
0 4.46270932581125e-05 0.999999999004211
0 0.000121640957341255 0.999999992601739
-0 -0.99999999804553 6.25215105771018e-05
0 -0.000109789761402192 0.999999993973104
0 -2.40335048077835e-05 0.999999999711195
-0 -0.999999994816506 0.000101818411548907
0 -8.81385782336875e-05 0.999999996115795
0 -0.000271295944023762 0.999999963199255
0 -0.000368240577410322 0.999999932199436
0 -0.000119664458050437 0.999999992840209
0 6.11727008382814e-05 0.99999999812895
0 -6.24848470268988e-05 0.999999998047822
0 -9.95610384574794e-05 0.9999999950438
-0 -0.999999993946885 0.000110028310944208
0 1.28466608647017e-05 0.999999999917482
0 -0.000240378613274653 0.999999971109061
-0 -0.999999996056639 8.8807224178665e-05
0 -0.000106638638802293 0.9999999943141
0 -0.000195066178930099 0.999999980974593
0 -0.000225243254788079 0.999999974632738
-0 -0.999999992749758 0.000120417956204675
0 -0.000243281036168085 0.999999970407168
0 -0.999999986632294 0.000163509668342834
0 -0.000181133346571078 0.999999983595355
-0 -0.999999997278678 7.37742737139871e-05
0 -0.000255493497053308 0.999999967361536
0 9.32544931439769e-05 0.9999999956518
0 -0.000207462954759664 0.999999978479561
0 -0.000127730991929941 0.999999991842397
0 -8.08473921183444e-05 0.99999999673185
0 -0.000102820420036008 0.999999994713981
0 -0.000129735183508776 0.999999991584391
-0 -0.999999994635919 0.00010357684312941
0 -0.000186920657515301 0.999999982530334
0 -0.000118116694551692 0.999999993024223
0 8.27448890855034e-05 0.999999996576642
0 -1.69061677273417e-05 0.999999999857091
0 -5.88158471947696e-05 0.999999998270348
0 -0.000190630609896793 0.999999981829985
0 7.18022636615303e-05 0.999999997422218
0 -6.39740972983961e-05 0.999999997953658
0 8.47520129039618e-05 0.999999996408548
0 -0.000314241365717747 0.999999950626181
0 1.68111691867926e-05 0.999999999858692
-0 -0.999999997657951 6.84404729543151e-05
0 9.94806682308672e-05 0.999999995051798
0 -0.000243225447856847 0.99999997042069
0 2.84589241230866e-05 0.999999999595045
0 -1.81177836111304e-06 0.999999999998359
0 6.40400174739755e-05 0.999999997949438
-0 -0.999999992329144 0.000123861666866402
-0 -0.999999996776279 8.02959618480504e-05
0 -0.000131078150627114 0.999999991409259
-0 -0.999999996377485 8.51177389094812e-05
0 8.78852642893146e-06 0.999999999961381
0 9.17213543068917e-05 0.999999995793597
0 -2.24623308838721e-05 0.999999999747722
-0 -0.999999991270435 0.000132133004382698
-0 -0.999999997418645 7.18520021073959e-05
0 -0.000136707457018401 0.999999990655536
-0 -0.999999999026095 -4.41339979740773e-05
0 -0.999999996046499 8.89213257446191e-05
0 4.38517490271273e-05 0.999999999038512
0 -5.63113316291809e-05 0.999999998414517
0 -0.000293798557375522 0.999999956841203
0 2.66010174433648e-05 0.999999999646193
0 3.30788170505016e-05 0.999999999452896
0 -5.15071077869627e-05 0.999999998673509
0 -0.000127558362563806 0.999999991864432
0 -0.000270666893901558 0.999999963369716
0 -0.000260663442771452 0.999999966027284
0 9.70200412647879e-05 0.999999995293556
0 -0.000317120374575429 0.999999949717333
0 5.36822381028737e-06 0.999999999985591
0 -0.00016432150510879 0.999999986499221
0 -2.42704972989853e-05 0.999999999705472
-0 -0.999999990833263 0.000135401160728453
0 -0.00020248024833226 0.999999979500874
0 -4.36310756408997e-06 0.999999999990482
-0 -0.999999992361364 0.000123601260349371
0 -0.000169175456301819 0.999999985689832
0 -0.000143943047405978 0.9999999896402
0 -3.87855725129375e-05 0.99999999924784
-0 -0.999999995041314 9.95860022676824e-05
0 -0.999999987995454 0.00015494867507624
0 -0.000215573362304433 0.999999976764062
0 9.92524578236782e-05 0.999999995074475
0 -1.41705104383033e-05 0.999999999899598
0 -0.000153668528587408 0.999999988192992
-0 -0.999999991859381 0.000127597958324175
0 -0.000239208275593355 0.9999999713897
0 -0.000121101044918425 0.999999992667268
0 -7.7418313362528e-05 0.999999997003203
0 -0.00044054093984228 0.999999902961835
0 -0.000292868137139737 0.999999957114126
-0 -0.999999994807266 0.000101909113635113
-0 -0.99999999090246 0.000134889137053255
0 -6.83335891377125e-05 0.99999999766526
0 -0.000170489159496053 0.999999985466723
-0 -0.999999993772777 0.000111599488478431
0 -0.000112323540834877 0.999999993691711
0 -0.000156497813707441 0.999999987754217
0 -2.26235715671795e-06 0.999999999997441
0 -0.999999991908957 0.000127208825568528
-0 -0.999999991983226 0.000126623649415588
0 0.000109966865483271 0.999999993953644
0 -0.000147237542701267 0.999999989160553
0 -0.000156099906152018 0.99999998781641
0 9.12210376397468e-05 0.999999995839361
0 -0.000314762149613714 0.999999950462393
0 -0.000358298593886502 0.999999935811057
0 -0.000189337395812379 0.999999982075675
0 -0.000205751344048183 0.999999978833192
-0 -0.999999989300738 0.000146282340464622
0 -0.000159648943520542 0.999999987256107
0 9.32252365187918e-05 0.999999995654528
0 -0.000187107911550636 0.999999982495315
-0 -0.999999989218834 0.000146841177647131
0 -8.48557898862934e-05 0.999999996399747
0 -0.000170755415877359 0.999999985421294
0 -2.11837395861711e-05 0.999999999775625
0 -0.000145060721772001 0.999999989478693
0 -0.00018545481406674 0.999999982803256
0 8.72857850794434e-05 0.999999996190596
0 -4.37009766338796e-05 0.999999999045112
0 -0.000110196458321614 0.99999999392837
0 -0.000210301014600906 0.999999977886741
0 -0.000206740263040173 0.999999978629232
-0 -0.999999997590185 6.94235566843908e-05
0 -0.000307310056254891 0.999999952780264
0 -7.53526690139412e-05 0.999999997160988
0 8.35407187691754e-05 0.999999996510474
0 9.04018012023119e-05 0.999999995913757
0 -0.000225547549864231 0.999999974564151
0 4.98584885752847e-05 0.999999998757066
0 -3.31123737669631e-05 0.999999999451785
0 -0.000354693968541433 0.999999937096092
0 -0.000188450864080285 0.999999982243136
-0 -0.999999997625197 6.89173901446776e-05
0 -6.20693752976308e-05 0.999999998073696
0 -0.000193258016253732 0.999999981325669
-0 -0.999999996181652 8.73881941816913e-05
0 -0.000152957551138248 0.999999988301994
0 -1.51009262464021e-05 0.999999999885981
-0 -0.999999997549389 7.00087255712453e-05
-0 -0.999999999647556 -2.65497237612286e-05
0 4.47876936955309e-06 0.99999999998997
-0 -0.999999997067068 7.65889269614641e-05
0 -0.999999990379729 0.000138710280710055
0 -0.000328937838267713 0.999999945899948
0 -0.000354260932703875 0.999999937249594
0 -8.92094318348397e-05 0.999999996020839
-0 -0.999999991104577 0.00013338232992777
0 -9.76446167334716e-05 0.999999995232765
-0 -0.999999993726653 0.000112012027991462
0 -2.56956991505892e-06 0.999999999996699
-0 -0.999999989833221 0.000142595787479872
0 7.30512738281112e-06 0.999999999973318
-0 -0.999999985115686 0.000172535871730696
0 -4.38651431973412e-06 0.999999999990379
0 2.14983592691511e-05 0.99999999976891
-0 -0.99999998874062 0.000150062520462828
0 -7.06596327345802e-05 0.999999997503608
0 -0.000484176825068442 0.999999882786394
0 -0.000148156248735318 0.999999989024863
0 -6.2938350186358e-05 0.999999998019382
0 -0.000201072932696471 0.999999979784838
-0 -0.999999989972919 0.000141612718324482
0 -1.93609448579175e-05 0.999999999812577
0 -0.999999989493743 0.000144956937515866
-0 -0.999999992051617 0.000126082376389716
0 -0.000528140448511198 0.999999860533824
0 -0.000226293626500869 0.999999974395597
-0 -0.999999993896561 0.00011048473903298
0 9.82635242311416e-05 0.99999999517214
0 -0.000248325195190363 0.999999969167298
0 -3.79517077544266e-05 0.999999999279834
0 4.8503507059079e-06 0.999999999988237
0 -0.000388168461800283 0.99999992466262
0 -9.85516303206053e-05 0.999999995143788
-0 -0.999999997040791 7.69312534882283e-05
0 -0.99999999684033 7.94942822938805e-05
0 -0.000585021572029045 0.999999828874865
-0 -0.999999998427255 5.60846673606789e-05
0 -0.000242517395380229 0.999999970592656
0 1.33645344237154e-05 0.999999999910695
0 -0.000240097732231231 0.999999971176539
-0 -0.999999994487012 0.000105004647924492
0 -0.000613604084383443 0.999999811744996
-0 -0.999999987115342 0.000160528242964413
0 -0.999999987260997 0.000159618311740157
0 -0.000167636474916567 0.999999985949006
0 -0.000513341562433364 0.999999868240211
0 -0.000115998386847354 0.999999993272187
-0 -0.999999996698998 8.12527138851639e-05
0 -0.000235805528783856 0.999999972197876
0 -0.999999996339282 8.55653921968034e-05
-0 -0.999999992961694 0.000118644899959548
0 -1.84012696959822e-05 0.999999999830697
0 -0.000282226875825948 0.999999960173994
0 -0.000302532168101879 0.999999954237142
0 -0.000309718019675125 0.999999952037373
0 4.98497137704347e-05 0.999999998757503
0 8.7680455177446e-06 0.999999999961561
0 -0.00016210372055703 0.999999986861192
-0 -0.99999999248275 0.000122615251699742
0 -0.000285316538094032 0.999999959297236
0 -0.000287162739352156 0.99999995876878
0 -5.52141426919314e-05 0.999999998475699
0 -5.46699374446427e-05 0.999999998505599
0 -0.000350767483961788 0.999999938481084
0 -0.000401510266537082 0.99999991939475
0 -0.00052966479027729 0.999999859727595
0 -0.000282048382055069 0.999999960224354
0 1.12868701762564e-06 0.999999999999363
0 -0.000247292387654081 0.999999969423237
0 -0.000123962511636612 0.999999992316648
0 -8.31939102531109e-05 0.999999996539387
-0 -0.999999994139767 0.000108261104562581
0 -0.00064259614415588 0.999999793535077
0 -0.000665801024883758 0.999999778354473
0 -0.000308670572904761 0.999999952361238
0 -0.000242681235379321 0.999999970552909
0 7.38971573611282e-05 0.999999997269605
0 -0.00030089077039807 0.999999954732371
0 -0.000117338421761671 0.999999993115847
0 -3.75976814855511e-05 0.999999999293207
0 -0.000368103061831177 0.999999932250066
0 -0.000152208534983771 0.999999988416281
0 -0.000653293077593499 0.999999786604055
0 -1.33922385418187e-05 0.999999999910324
0 -0.000123626042260436 0.999999992358301
0 1.35430100259641e-05 0.999999999908294
0 -0.00016118499997701 0.999999987009698
0 4.11190157699633e-05 0.999999999154613
-0 -0.999999994355046 0.000106253980757641
-0 -0.999999995776673 9.19056834147586e-05
0 -0.000263750223815184 0.999999965217909
0 -0.000119175848403266 0.999999992898559
0 -9.51254765157346e-05 0.999999995475572
0 8.8491229343206e-05 0.999999996084651
0 -5.01348912900747e-05 0.999999998743246
-0 -0.999999996689959 8.13638905164061e-05
0 -0.000520913620283829 0.999999864324491
0 -0.000222136013666416 0.999999975327795
-0 -0.999999998598555 5.29423195243189e-05
0 -0.000119875118846707 0.999999992814978
0 -0.999999991013022 0.000134066982968985
-0 -0.999999993681016 0.000112418717634626
0 -2.14061037646457e-05 0.999999999770889
0 -0.00026619328639792 0.999999964570567
0 8.94333494277365e-05 0.999999996000838
0 -4.4970787666899e-05 0.999999998988814
-0 -0.999999993254007 0.000116155009107791
0 9.65548383693468e-05 0.999999995338582
0 -0.00026240725680201 0.999999965571215
0 -0.00044709477166937 0.999999900053128
0 -0.000224576165940797 0.999999974782773
0 -0.999999998144133 6.09240013324613e-05
0 -0.000362789750875393 0.999999934191796
0 -0.000423787614573605 0.999999910202025
0 -0.000222779703036846 0.999999975184602
0 -0.000148422505119469 0.99999998898538
0 -0.000655203626762603 0.999999785354081
-0 -0.999999991399082 0.00013115577054094
-0 -0.999999990621694 0.000136954781362677
0 -0.000287069112341154 0.999999958795662
0 -0.000218639639801149 0.999999976098354
0 9.79270548520879e-05 0.999999995205146
0 -0.000417704769741703 0.999999912761359
0 -0.000112917484519581 0.999999993624821
0 -0.000160819266705796 0.999999987068582
-0 -0.999999995623925 9.35529310935324e-05
0 -0.000241727415627693 0.999999970783928
0 -5.28471390851884e-05 0.99999999860359
0 -0.000225096964395414 0.999999974665678
-0 -0.9999999960207 8.92109888897506e-05
0 -0.000220114272576278 0.999999975774853
-0 -0.99999999653122 8.32920192645608e-05
0 -0.000135560533299646 0.999999990811671
0 -7.29739693145933e-05 0.9999999973374
-0 -0.999999991030274 0.000133938242178427
-0 -0.999999987475846 0.000158266569833902
-0 -0.999999992747644 0.000120435513090016
-0 -0.999999997202168 7.48041709538336e-05
0 -0.000266322012626342 0.999999964536292
0 -0.000173728066436006 0.999999984909279
-0 -0.999999998592435 -5.30577998851058e-05
0 7.44179558509401e-05 0.999999997230984
-0 -0.999999996999003 7.74725337981811e-05
0 -0.000167753501413897 0.999999985929381
0 -0.000105913029389596 0.999999994391215
0 -0.000657833971521377 0.99999978362721
0 -0.000134164902803914 0.999999990999889
0 -0.000122716111021914 0.999999992470378
0 -0.000648181632390796 0.999999789930264
0 -7.21020694926945e-05 0.999999997400646
0 -0.000119246068668704 0.999999992890187
-0.00486727146617265 -0.999865070713328 -0.0156891693822732
0.0114862399312137 -0.999705276511907 0.0213875292283547
-0.00459231896229051 -0.999913862091555 0.0122954871273851
0.015190942220472 -0.9993172556078 -0.0336787458042847
-0.00393834439242916 -0.999801590433492 0.0195261161040095
-0.00493236333745719 -0.999624531769038 -0.0269530569219668
-0.00360749549649112 -0.999788189212199 -0.0202623465579723
-0.0273840420304976 -0.999417823882667 -0.0203501240218691
-0.00693041167496543 -0.999614256164184 0.0268943910014906
0.0294842987448565 -0.999361010026741 0.0202051420647354
0.0132218549423109 -0.999720853784026 -0.0195805276032694
0.0337088220960677 -0.999407887721308 -0.00689849790381561
-0.029576087084241 -0.99941500309315 0.0171728467384972
-0.0240922120539562 -0.999348941331068 0.0268562614453517
-0.0157709286302696 -0.999584329926159 0.0241339009737526
-0.0287264643053843 -0.999235070385259 -0.0265342111372772
0.0148563408732428 -0.999717172922406 0.0185704954131571
-0.0107742666292059 -0.999565612571095 0.027431757945381
0.00317336990957042 -0.999971800660971 0.00680643858947478
-0.967570378211104 -0.00087898400465059 -0.252600060561237
-0.0146462262578019 -0.999572748236729 -0.0252944467992079
0.0149671304599492 -0.999589020645364 0.0244494337569793
0.0132444710733209 -0.999581296666584 -0.0257257719094769
0.0201912534584754 -0.999584845704734 -0.0205535768473202
0.0058981979208172 -0.999919854593116 -0.0112024841784208
-0.0375895518386117 -0.9992581025445 0.00838272579403983
0.0317774544446056 -0.999143806289723 0.0264924091374419
0.0300551120969895 -0.99940444123779 -0.0169544410411879
0.0122556521358267 -0.999791088464159 0.016357824377921
0.0252873192504381 -0.999312530731595 -0.0271112044723481
-0.0108840092243646 -0.999736831105985 0.0201942287143267
-0.0093086056888872 -0.999566430828826 -0.0279338543751184
0.0167620779656603 -0.999638990750375 -0.020998116911863
0.00732723628106901 -0.999866702734134 0.014590694707685
0.0140928272693936 -0.999588538393331 0.0249829168080915
-0.0203967424182162 -0.999566266316632 -0.021242696169597
-0.0192237598287842 -0.999552455828186 0.0229201899182437
-0.0174398780647077 -0.999555021844227 -0.0241993586500646
0.019780004735901 -0.999581762323725 0.0210962518577208
-0.0143074616503993 -0.999658018255685 -0.0218893370900046
-0.00981180592612909 -0.99975089412662 -0.0200468989494938
-0.0110996738455414 -0.999604957985419 -0.0258210226654784
0.0227216102207565 -0.999559628530849 -0.0190860535535314
0.0254145555552047 -0.999548570186371 0.0160236139591487
0.021330267922179 -0.999582310627936 0.0194993320420238
0.0166808950893731 -0.99967951229966 0.019042595078712
0.013444808491155 -0.999753180276344 0.0176865952622935
0.00262387515060026 -0.999994203447537 0.00216987338785132
-0.0110478716754582 -0.999733116006378 0.0202889450593218
0.0264249839723965 -0.999557269230923 0.0136742732778839
0.0235230933344617 -0.999570346564991 0.0174867477799992
-0.0186968899063818 -0.999556925364555 -0.0231598632030946
-0.00972394166545243 -0.99977463191548 -0.0188714158650922
-0.012198508775414 -0.99956298815244 0.0269263643929213
-0.0194221323962684 -0.999553836954594 0.0226915799919495
0.0308575671138223 -0.999523781351127 0.000145139104714779
0.0211004117554051 -0.99956355273229 0.0206755090131907
-0.0307791934492059 -0.999526179698659 0.000239473631296895
-0.0184455723711387 -0.999508548342489 0.0253460578826501
0.0181761170444011 -0.999586177681533 -0.0222957878804544
-0.0153408573422414 -0.999631046369682 0.0224149331888162
-0.0153322133523735 -0.999583746333057 -0.0244388481825202
0.00966782378741171 -0.999540917429552 0.0287138915388638
0.0234586327039814 -0.999550059172053 0.0186914889938068
0.0228456176152962 -0.999547761442429 -0.01955378099513
-0.0233339200459807 -0.999549222428484 -0.0188912709445668
0.0130697752242226 -0.999725144657122 -0.0194631990146746
0.00936156763102851 -0.999547708032103 -0.0285786707049115
0.0173184991144019 -0.999420791341856 0.0292942216493727
-0.0113341866675975 -0.9995692358925 -0.0270717356271656
0.0158653885837103 -0.999502572438178 -0.0272561393919366
-0.0131925571592687 -0.999573809395974 0.0260414286324901
-0.0215538926589952 -0.999545293134334 -0.0210864099420338
0.0174816272175886 -0.999609975379309 -0.0217781962522743
0.0246730331596942 -0.999551603198999 -0.0169656705441384
-0.0114436713582413 -0.999703463020728 0.0214948461313288
-0.0212443737679676 -0.999559043505916 0.0207459665656986
-0.0160274166753602 -0.999592515358302 0.0236204393349729
0.0205923053218228 -0.999552446459493 -0.0216993948849984
0.0125644467428702 -0.99975110717996 -0.0184352480452408
-0.0228511665150266 -0.999525410881236 0.020658586389182
-0.0217304995424835 -0.999549019398409 0.0207254242251529
-0.0238155067620164 -0.999550607326987 0.0182045332244634
-0.0103253594428145 -0.999692352876169 -0.0225518636322325
0.0200540922007133 -0.999446978827492 -0.0265248920564042
0.0194353486829877 -0.999532666388454 0.0235948308737069
0.0293331007168742 -0.999528563631769 0.00906750718479209
0.0208350143161491 -0.999516924331462 -0.0230612261907318
0.0217427571312436 -0.999549568652139 0.0206860416623333
-0.0190816475182928 -0.999546263992639 0.0233057260420238
0.0231938329392026 -0.999549170128417 -0.0190657443909449
0.0296684399531954 -0.999542171460996 0.00593558268244136
0.0303723216345369 -0.99953511521359 -0.00265998749704181
0.0287130193194878 -0.999551273403822 0.00853313297430526
-0.0257166079153382 -0.999543696890621 0.0158446862878019
-0.0302569908370721 -0.999535107947891 0.00375266373178968
-0.02364691987476 -0.99954666639354 -0.0186355810748576
0.0245051816032916 -0.999560582454897 -0.0166774721410618
-0.0239413617764244 -0.999540926082587 0.0185673983706779
0.0254607746747548 -0.999577577868791 -0.0140148055613421
0.0266694900264442 -0.999545076326738 0.0140846971108966
-0.0287384545593965 -0.999539388862506 -0.00975250439149423
0.0252810514867195 -0.999522629430461 -0.0177589890518411
-0.0248812032326174 -0.999580563162517 0.0148196988296641
-0.0302453944344295 -0.999542496554559 0.000117034122984352
0.0267217592076762 -0.999540082892902 -0.0143377221097647
-0.0300097581435451 -0.999543807502254 -0.00340459983893233
0.013887174344235 -0.999628643664469 0.0234461330344033
-0.0272893164790937 -0.999541339071717 0.013130296753039
0.0306675926665308 -0.999525367454803 -0.00292208391073671
-0.0291648265069902 -0.999554052229265 0.0064116742644667
-0.0273267543041002 -0.999545103765899 -0.0127606440598427
0.0293612088565158 -0.999526951968663 -0.00915378078813199
-0.0284482693028893 -0.999543619669491 -0.0101611196077135
0.0206902814639128 -0.99955598544424 -0.0214416467543675
-0.0246377126437212 -0.99963578612739 0.0110126386102572
0.0286322452151162 -0.999552746104048 0.00863147089421623
0.0328130256880238 -0.999440650359682 -0.00645691519332899
-0.0281405029459545 -0.999554313484674 0.00996426054110714
-0.0255752164280914 -0.999480335571712 -0.0196205787405756
0.025311668789051 -0.999537803291244 0.0168374349242613
-0.0299121477545635 -0.999546608091374 0.00344117272720949
-0.0288121715022018 -0.999537700491822 0.00970793844483304
-0.030162668643841 -0.999538579177699 -0.00358359536051684
0.0292641951176121 -0.999555270324729 -0.00573310127039279
-0.0294065708844613 -0.999545255282042 -0.00667354718077503
0.0276151463338352 -0.999553734129176 -0.0113901835534587
-0.0223256478165455 -0.99953185089992 0.0209199542578832
0.0297386125874042 -0.999540338577264 -0.0058929176326174
-0.0287246121469352 -0.999567322419639 -0.00632966095787018
-0.0290511521975101 -0.999530646910705 -0.00972195670971991
-0.0193237275834323 -0.999548287439232 -0.0230177025260847
0.0306924720972116 -0.999524294106601 0.00302616048209389
-0.0295690220473782 -0.999537750309882 -0.0070681426571799
0.0303385889016361 -0.999536105242329 0.00267288990657949
0.0278111545870495 -0.999541633106484 -0.011960909971966
0.0278353616235076 -0.999542019615273 0.0118719697906093
-0.0238011490615535 -0.999540655604008 0.0187612125956658
-0.0302872187301087 -0.999541236552475 -2.85086629652308e-05
-0.0229396424300252 -0.999544321964808 -0.019619409601088
0.0302084325238563 -0.999543610494705 0.00014602623463903
-0.0296719476019209 -0.999538581535432 -0.00649611789034295
-0.0296480215533924 -0.999555382105249 -0.00316747887124111
0.0290199494319904 -0.999561510024408 0.00588474406325916
0.0296548939109473 -0.999555751154815 0.00298120788686933
0.027905583911914 -0.999545651312004 0.0113916342022031
-0.0305991032210707 -0.999531697031725 0.000285501218763879
-0.0300357225889158 -0.999525329831913 0.0068534949454343
0.0301630352865283 -0.999540999378086 -0.00282521938272498
0.0300054611026547 -0.999546017466535 0.00272603573091378
0.0300602042960546 -0.999544171875393 -0.0027986760467562
0.0189616767117486 -0.999595067448724 0.0212168788576717
0.0302568013842169 -0.999542154742459 8.28420068554327e-05
-0.0257841388558909 -0.999542127021378 0.015833966434184
0.0264541206164882 -0.99954819657415 -0.0142682244085868
-0.021214060772714 -0.99954652726171 -0.0213706215302157
-0.0301256594341462 -0.999539343354055 0.00368045255405417
0.0278287393584447 -0.999543318692 -0.011777746979037
0.0296037737142127 -0.999544439379388 -0.00587624775025293
-0.0284915634092921 -0.999544492859773 0.00995176407443144
0.0270861017437165 -0.999521125183833 -0.014962065484884
0.0235335572723076 -0.999557058698302 0.0182169725396309
0.0289463148696619 -0.999508202957229 0.012060807463736
-0.028605508814 -0.999441086666434 0.0172985302413093
0.0117527879326753 -0.999696009800882 -0.021673946664237
-0.0254508666576488 -0.999539213511272 -0.0165412828898374
-0.0295868091170407 -0.999538102618033 0.00694277617490035
0.0307284031708211 -0.999482565087702 -0.00950617295655352
-0.021131101820723 -0.999480288360429 0.0243439872411364
-0.0291786227458299 -0.999551271541998 0.00677226206159647
-0.0256045587608483 -0.999544219345583 -0.0159925027275751
-0.0271563473252135 -0.999546699391559 0.0129972510705856
-0.0268113775940978 -0.99955566122971 -0.0130242134174938
0.0292366844469213 -0.999537626512723 0.0083516146859793
0.0270444493469492 -0.999543097990961 0.0134978893962312
0.027722348897467 -0.999554728401436 0.0110370422640914
0.0287158340456253 -0.999551540141382 -0.00849231865010493
-0.0301099824065949 -0.999541054748582 -0.00332698535710616
0.0287851586484114 -0.999547172436453 -0.00876725247026886
-0.0285458778239222 -0.999545150696103 -0.00972751659815458
-0.00257076705125556 -0.999820464427564 -0.0187731209077809
-0.0267448174543982 -0.999508661931735 -0.0163447074848265
0.0296527384640381 -0.999544196236371 0.0056669984798283
-0.0282272075530487 -0.999513451679334 0.0132696897409058
-0.0219085618408142 -0.999537232502237 -0.0211029798804734
0.0253490886480977 -0.999544748125619 0.0163621575350967
0.0240614046251858 -0.99956709164512 -0.0169315713263587
0.0297701685969573 -0.999539399541556 0.0058928622768695
0.0221087833732376 -0.99959361357402 0.0179947047708068
-0.0270910210982846 -0.999534828165387 -0.0140072788307577
0.0125473758589198 -0.999632796159613 -0.0240174145396256
0.0010614451311816 -0.99999943283373 -8.75582739776102e-05
-0.996614666673448 -0.000807134935521593 -0.0822104294148096
0.00123216115162605 -0.999998568584481 -0.00115957228552907
-0.0180860597101244 -0.999565414471047 -0.0232782438660142
-0.997200378327425 -0.000897882688549077 -0.0747703100857473
-0.997252661419265 -0.000733941516056577 -0.0740715236919282
0.00143755177358922 -0.999998960760311 -0.000109193390496132
0.00079622579221467 -0.999999681214468 -5.9962073710839e-05
-0.997094385532224 -0.000917535559590247 -0.0761704960507264
-0.997102846947648 -0.000636736448691943 -0.0760625214911335
0.000652562462678215 -0.999999785837794 -4.98657990338568e-05
0.00163674386891408 -0.999998652246486 -0.000128742841584788
-0.0101502674177778 -0.999636818971016 -0.0249640186840119
-0.00906063256439011 -0.999652875995328 -0.0247392896381874
-0.996893406048827 -0.000878451682091321 -0.0787576364488585
0.00166609993261617 -0.999985435611412 0.0051334857620033
-0.996937747134325 -0.000806321772299765 -0.0781951289015931
0.000468020865019718 -0.99998083758899 -0.00617295806667686
-0.99714766506941 -0.000916174472028234 -0.0754698262285095
-0.997175914886362 -0.000651882834706948 -0.0750984009105151
0.00135005565819019 -0.999996260405498 -0.00237834495816327
0.000753901620039957 -0.999999411846182 0.000779704839780016
-0.000348065836116104 -0.999990292194077 -0.00439253546124495
-0.971033905904037 -0.00061452427311281 -0.238940946563515
-0.0102738363719033 -0.999638627570414 0.0248407438564619
0.000625922858279604 -0.999999802834234 5.05180135117108e-05
0.00837302727033185 -0.999738067978409 0.0212999495100125
0.000522469156748938 -0.999999862621264 -4.22307174329477e-05
-0.996928203150157 -0.000634627543226874 -0.078318292956894
0.000897737513932237 -0.999992796201392 0.00368803642583875
-0.00334147938054071 -0.999836526204715 0.0177695070960734
0.0257130037774453 -0.999416545189659 -0.02248133977117
0.00188823319509459 -0.999998197710921 0.000197864375364064
-0.997073399574215 -0.000934884176024094 -0.0764445017845957
-0.0103502939143525 -0.999646866230701 0.0244747676398848
0.00704281147257929 -0.999899297739403 0.0123204377685895
0.0280245260757567 -0.999538190680538 -0.0117486726614135
-0.0223563624887521 -0.999244329714287 -0.0317956379102178
0.00197214194542476 -0.999998043424529 -0.000154283055219685
-0.0204605958241565 -0.999346990564135 -0.0297818143995242
-0.997053192885057 -0.000900814356214392 -0.0767080119101615
0.0275310849474793 -0.999446195730176 0.0186906715259941
0.000360913730053069 -0.999999610011255 0.000806051249742315
-0.0339599573685737 -0.999415784948316 0.00384838819072334
-0.000824413069098199 -0.999981875855792 -0.00596391675185638
0.00648946806219087 -0.999746450265998 -0.0215620496429651
0.0339493346949676 -0.999313409126592 -0.0148375541635926
0.0299991548931283 -0.999210067360763 -0.0260632306247357
0.0330429416643688 -0.999289701024129 0.0181178760695821
-0.0338469722959705 -0.99941973292386 0.00381836467558859
0.00590076436357524 -0.999907117432385 -0.0122856618862948
-0.994521669412107 -6.24572472679628e-05 -0.104530594415451
0.00357804518655727 -0.999360762306488 0.035570554604035
-0.000644020317852407 -0.999444586041233 -0.0333182333069817
-0.994525674708119 -0.00130002289897105 -0.104484411692951
0.0125019559602599 -0.999556357186432 -0.0270331260744794
0.00867623025997649 -0.999804441159739 0.0177708318808514
0.00587312073128742 -0.999776970389473 0.0202858554594945
0.0030263468282855 -0.999946781388595 -0.00986284013172188
-0.0127962289301021 -0.999460638058888 -0.0302438340176972
0.000588695223720889 -0.999999825814504 4.25311078235444e-05
0.000388593061505221 -0.999999924121592 -2.74270663993004e-05
0.00221320104510928 -0.999997538889739 -0.000154775962019928
-0.99754487429249 -0.000782418987884724 -0.070025792343307
0.000692878034066765 -0.999999688676775 -0.000377579637130707
-0.00451327690731995 -0.999850713447946 -0.0166787634191181
-0.00420067945164355 -0.999832902002245 -0.0177910754569052
-0.00534083851602784 -0.999837075372516 0.0172423361085474
0.0028377402405738 -0.999985134980713 0.00465586167461194
0.0234627582886767 -0.99925146252563 0.0307573343103269
0.0126796720251898 -0.99975914382185 0.017913130991934
0.00657618684667185 -0.999714251558371 -0.0229819276311676
0.007905652929021 -0.999702362063679 0.0230800332769741
0.0231329995810611 -0.999474368635995 0.0227123484048213
0.00636433672525945 -0.999883110819676 -0.0139017954097439
-0.0297221925313431 -0.999325712040756 0.021557191963848
-0.0374038872744286 -0.99914825994009 0.0174271017513444
-0.010079622740361 -0.999644171942264 0.0246967752404506
-0.0343500129922807 -0.99934423940181 0.0114528503809125
-0.0197563573065004 -0.999389563902078 0.0288129469092162
0.00760203800281853 -0.999891268637172 0.0126356607010071
0.0225114399224686 -0.999288729975991 -0.030253416593644
-0.0300668258114508 -0.999157927981712 0.0279181112705622
-0.0291852295345441 -0.999483133034511 -0.0134792120146009
-0.00556830191245547 -0.99984080187152 0.0169518413963782
0.0250022119375803 -0.999597638244373 0.0133959327595815
-0.0388186626978766 -0.999163884630479 -0.0128313318279633
-0.00523962092567241 -0.999699228666747 0.0239582673761454
-0.00554455500306344 -0.999660876671293 -0.0254438511746835
0.0375910793846295 -0.999225570706091 0.0116262460745268
-0.0230246120867863 -0.999640165737891 -0.0137624954777428
-0.0340032460286553 -0.999214602167495 -0.0203459596669694
0.0336744059169172 -0.999432855467188 4.24128036262256e-05
0.0340548619717308 -0.999414640571607 -0.00326229784218066
0.0252900217255388 -0.999321599827668 0.0267722789278872
-0.0352968929059648 -0.999247271615059 -0.0160940834173817
-0.0256242464176347 -0.99948370136443 0.0193837226142931
0.0379739169223489 -0.999249085430143 0.00769720082866474
0.0390409332449072 -0.999237595708622 0.000181256227192966
-0.0344468809341132 -0.999339778025106 0.01155077705801
-0.0399449141752104 -0.999193095177057 -0.00419074957818059
-0.0377617795867387 -0.999253690700878 -0.00813078244190662
0.0402870741567765 -0.999180054798743 0.00402116255174194
0.00716640008324887 -0.999736700050085 0.0217984697356065
0.000320790586583566 -0.999945933559385 -0.0103936062773878
0.000840454484878141 -0.999999177355071 -0.000968981650825474
-0.00772662498672212 -0.99987010454468 -0.0141447270785083
-0.000649268672161101 -0.999968476437602 0.00791356943811957
-0.974502131614839 -0.000693805650143702 -0.224377169319551
0.000648646886966531 -0.999988218512669 -0.00481062294047267
0.00269602043662106 -0.999956208046547 -0.00896177789149186
0.00752495937112397 -0.999644766795485 -0.025567854913206
0.00301990918170994 -0.999937083310347 0.0108032203222592
-0.974902783725383 -0.000882476683419718 -0.222629251266321
-0.00259860088920549 -0.999864459605305 0.0162576041165186
-0.000976417463329105 -0.999875634736452 -0.0157404469222985
0.00228706881950476 -0.999997076412261 -0.000785164407439689
0.00112723538870963 -0.999999359382456 -0.000102835087864586
-8.88955182883998e-05 -0.99996272643568 0.00863352980580726
-0.000324207644420614 -0.999947941599448 -0.0101984793194825
-0.0203797169382428 -0.999508811732553 -0.0238076123644751
0.00286151932516418 -0.999957224207397 0.00879553651510349
-0.997376528496729 -0.000917479655063578 -0.0723824470082132
0.0339099669100696 -0.999150674516226 -0.0234103344258219
0.0372502874652984 -0.999238972737841 -0.0115711471158649
0.0337250715692091 -0.999332600219931 0.0140347313947495
-0.0384194711112393 -0.999261682949691 0.000182285721959696
0.010148056622344 -0.9998350509004 -0.0150627997989829
-0.0103351422890811 -0.999780382890728 0.0182310400343582
-0.999999763936972 0 -0.000687114255724369
0.00067729375472781 -0 0.999999770636559
0.000750517265564773 -0 0.999999718361877
-0.999999730045533 0 -0.000734784908238003
0.000241076508516426 -0 0.999999970941058
0.000208851352901365 -0 0.999999978190556
0.999999997287258 -0 7.36578802209818e-05
0.999999984010702 -0 0.000178825602102889
-0.999999868880754 0 -0.000512092251750875
0.000576381695329724 -0 0.999999833892057
0.999999996928675 -0 7.83750581243392e-05
0.999999994377571 -0 0.000106041770181453
0.999999994718643 -0 0.000102775068992918
-0.999999995336039 0 9.65811700595842e-05
0.000404186014009741 -0 0.99999991831683
0.000365819546514854 -0 0.999999933088027
0.999999997805921 -0 -6.62431701495679e-05
0.999999994422006 -0 0.00010562191105438
0.999999975019417 -0 0.000223519944357306
-0.999999997529487 0 -7.02924369844009e-05
-0.99999998479723 0 0.000174371843136456
-0.999999979290172 0 -0.000203518192725595
-0.999999998544605 0 5.3951734947682e-05
-0.999999999558406 0 2.97184960668988e-05
-0.999999902118979 0 -0.000442450034260534
-0.999999864782045 0 0.000520034510233472
-0.999999999894815 0 1.45041476556094e-05
-0.999999937460603 0 -0.000353664799021132
-0.999999931712615 -0 0.000369560232203996
-0.999999997856653 0 -6.54728572460084e-05
-0.999999975467655 0 -0.000221505508329937
-0.999999999508442 0 -3.13546770330992e-05
0.999999999744359 -0 2.26115480414995e-05
0.999999981736441 -0 0.000191120689271071
-0.999999983983614 0 -0.000178977014773571
-0.999999959350014 0 -0.000285131495962568
-0.999999958419752 0 0.000288375612231951
-0.999999998884267 0 4.72384016957674e-05
-0.999999999810844 -0 1.94502736084857e-05
-0.999999999716132 0 -2.38272332285879e-05
-0.999999989573325 0 0.00014440688968942
-0.99999999994314 0 1.06639872677381e-05
-0.999999928508057 0 -0.000378132094790752
0.999999980608436 -0 0.000196934324595635
-0.999999958632339 0 -0.000287637480975747
0.999999997147184 -0 -7.55356302425454e-05
0.999999988021521 -0 0.000154780353078849
0.000447871669132538 -0 0.999999899705479
0.000508292340261798 0 -0.99999987081944
0.99999998112582 -0 0.000194289368635539
0.000190181596024925 -0 0.99999998191548
0.000358433897576295 0 -0.999999935762569
0.999999993517152 -0 -0.000113867011521834
0.999999968950768 -0 0.000249195632470866
0.000344080588688213 -0 0.999999940804273
-0.999999964515051 0 -0.000266401757113307
0.000179313571452771 -0 0.999999983923321
0.999999966711713 -0 0.000258024365899552
0.999999999996356 -0 2.69976976595825e-06
0.99999999134875 -0 0.000131538966114732
0.999999999985951 -0 5.30083798359384e-06
-0.999999889098295 0 -0.000470960080112386
0.000488546676870428 -0 0.999999880661065
0.00024107358358172 -0 0.999999970941763
0.000372627862794799 0 -0.999999930574236
0.999999978341551 -0 0.000208127118679585
0.999999990397792 -0 0.000138579997416772
0.999999999983969 -0 -5.66227026856741e-06
0.9999999979135 -0 6.45987600835742e-05
0.00018864260010511 -0 0.999999982206985
0.999999956911666 -0 0.000293558625428277
0.000366138466243934 -0 0.999999932971309
0.000377334795478509 0 -0.999999928809224
0.000539684421094025 -0 0.999999854370352
0.000518873616975695 -0 -0.999999865385076
0.999999986949498 -0 0.000161558052861232
-0.999999795012053 0 -0.000640293566514833
0.00070434749844839 -0 0.99999975194727
0.99999999118577 -0 0.000132772211794198
0.999999995106086 -0 9.89334507427407e-05
0.99999998724583 -0 0.000159713306639135
8.91963569391631e-05 -0 0.999999996022005
0.999999972766031 -0 0.000233383668284245
0.999999990658535 -0 0.000136685512730852
0.99999999999834 -0 -1.82211022092513e-06
0.999999993221011 -0 0.000116438727793243
0.999999968257382 -0 0.000251962766202407
0.999999984699135 -0 0.000174933503382826
