0.805024920115376 0.347000336564835 -0.481171117604874
-0.439906618482659 -0.0791731562892453 -0.894546688741483
-0.782081112728364 -0.235546373731626 -0.576946305071317
-0.731552731160348 -0.199513829976724 -0.651939286421562
-0.754445877409061 -0.218420712126636 -0.618953803263673
-0.764305258778851 -0.281484560278187 -0.58017576106555
0.793075790145386 0.326061713626687 -0.514504178789735
-0.497022605301196 -0.0594993314750326 -0.865695304003456
0.739840190150534 0.118136493768985 -0.66232942096663
-0.591303581140663 -0.0749756119913788 -0.802956245717502
-0.764725368665931 -0.26237090525425 -0.588520703624622
-0.596512986426686 -0.0864572737050446 -0.797933203249374
0.872918049750983 0.392057454377941 0.290353286335164
0.109786492227931 0.00650234737096574 -0.99393392416345
0.0309588728216594 0.016931971511211 -0.99937723434865
-0.475784802780829 -0.0161440842077874 -0.879413548899435
-0.747502753381372 -0.131745213138649 -0.651062848350541
-0.409151259540671 -0.0310798563554496 -0.911937108218109
-0.7159772662381 -0.172616399852822 -0.676446696149865
0.124364398601021 0.0715804593162315 -0.989651319508383
0.783119248166561 0.2528125641746 0.568163753284653
0.801523701025469 0.351039505273862 -0.484077496307685
-0.404149579757888 -0.106393147703993 -0.908484240536488
-0.741957380396573 -0.152450002853113 -0.652884555113032
-0.251720061156534 -0.024188912289942 -0.967497755725346
0.742819570467639 0.129519840602501 -0.656843738358352
-0.775621401072998 -0.281484233256269 -0.564958466283753
-0.0700780550775703 -0.00331580903315658 -0.997536000155885
-0.402473187346786 0.906921756967446 0.124532165346945
0.799994787653568 0.356435802463244 -0.482661225342896
-0.295862695137631 -0.0326125617029346 -0.95467360204683
0.761671427558707 0.192103087302708 -0.618831996820987
0.188872012583776 0.0574759606452048 -0.980318252819188
-0.786342166198777 -0.294366787011834 -0.543152089531234
0.362070893170089 0.114244889216382 -0.925123112675795
-0.840096582238276 -0.320560124797141 -0.437583065144903
0.481133989261281 0.1632262504413 -0.861317174764558
-0.865181089824421 -0.361666938348562 -0.347359622748248
-0.0808783478732596 0.0101958774881215 -0.996671830106349
-0.75635237410615 -0.27652890110274 -0.592843025630648
0.484744492772147 0.16620412392349 -0.858719375534231
0.763086540698457 0.199183436453847 -0.614837287456852
0.792018141565849 0.323590082253553 -0.51768399830178
-0.856021349386596 -0.350638884423754 -0.379841838301702
-0.707885862081383 -0.144069460461345 -0.69147783538424
-0.777081780625615 -0.319032627807641 -0.542551461719416
-0.78160719316039 -0.328805571755582 -0.530072722918678
0.870399471400963 0.388036018990605 0.303039284830938
-0.603987270888364 -0.192578420944861 -0.773377610479647
-0.105690932799442 -0.0128473123933879 -0.994316032903146
0.903968504919759 0.372814892566411 -0.209403911123528
-0.0857667798713836 0.00334151105343772 -0.996309637499494
0.902157378019892 0.369861079185095 -0.222069465231741
-0.421522005866813 -0.109978806332897 -0.90012435847921
0.753039645123521 0.10744059508299 -0.649143906541882
0.395907135610532 0.12771574545137 -0.909365838558094
0.821942199855375 0.328693982318058 -0.465157270269748
0.195921471561509 0.0636492120257711 -0.978551763980665
-0.405681477613182 0.901777302242314 0.14906453596399
0.409774855161489 0.135744693760161 -0.902029903159169
-0.0606350028402834 0.0244734747294799 -0.997859932788778
-0.816054861982153 -0.310637050725372 -0.487400333352299
-0.362389843379796 0.929230774166302 0.0721371593387324
0.453445695677962 0.157044600731606 -0.87733915588681
0.818191575556024 0.355973483197648 -0.451492441741039
-0.861660570442632 -0.332540440466131 -0.38335090556704
0.29487645824811 0.00261070361690501 -0.955531819772463
-0.109307140749936 0.00839328848670275 -0.993972585984871
-0.368308898448205 -0.0810325320415139 -0.926165365404478
-0.813983684178444 -0.310414413566786 -0.490992315358678
-0.598995105063895 -0.0457193609014879 -0.799446436072019
-0.733903802114727 -0.255908002379329 -0.629202911277251
0.828191201389639 0.331344479320442 -0.452006825130608
-0.825976812516056 -0.323185484883251 -0.461858687854406
0.171661175933072 0.057368995312161 -0.983484234268221
0.363400845174746 0.115006154662286 -0.924507117396115
0.914677527633833 0.368346170846601 -0.166391462714604
0.429816950735101 0.0851663707077957 -0.898890470614325
0.734895447645237 0.282112144598542 -0.616718265418106
-0.739679736570408 -0.0974915563895853 -0.665859807872399
-0.555725561242832 -0.0384570860865215 -0.830475859439077
0.107211465823483 0.000328080720378751 -0.994236186204777
-0.781091678280305 -0.285263878833829 -0.555446045583129
0.400514238885053 0.088312208697841 -0.91202483422615
-0.107001252201315 0.0115391785194691 -0.994191922812918
0.40647799422864 0.0780411088326239 -0.910321495703598
0.297113448516382 0.00451483209399525 -0.954831511315932
-0.598066289994558 -0.0413239690516742 -0.800380560954575
-0.270927983441547 -0.01777783961718 -0.962435440020183
-0.268427041476341 -0.0255806423528431 -0.962960307666456
-0.476395173322561 -0.00954462238170309 -0.879179469174843
0.8780270776852 0.422884855973899 -0.224135783487424
-0.838330586213666 -0.334227100458462 -0.43069022921095
-0.870315114500284 -0.338820213379897 -0.357424767577122
0.745844994412287 0.045823581136606 -0.664541528967117
-0.603579572271286 -0.193853926246042 -0.77337723991323
-0.292075800066295 -0.0345111773090021 -0.955772308479578
0.649212247554163 0.23879435334343 -0.722150063655031
-0.727163715656908 -0.247831282060896 -0.640166061474749
0.870011597986759 0.40935631333187 0.274785785847569
-0.35784118744525 -0.0893080367881779 -0.929501887643492
0.917095198425057 0.369972989463363 -0.148513918853579
-0.619353800157387 -0.201139309784088 -0.758909644351806
0.831078941609275 0.392428778755553 -0.394090657613236
0.406666176570909 0.135066519952278 -0.903537301953372
0.394984105010057 0.129725923389422 -0.909482678004461
0.773238840238489 0.119925806250044 -0.622671259126285
0.622918070046808 0.222681894132741 -0.749923897495349
0.0763615394592995 0.0317274775674203 -0.996575276865032
-0.830861511962982 -0.315808685233731 -0.458185576234706
-0.414764832304508 -0.0495993844655477 -0.908575827844904
0.841902157981616 0.392541193432308 -0.370286602302376
0.788803846031705 0.310822239797747 -0.530262225443885
0.769339253989146 0.13135289527141 -0.625190794218247
-0.618107175611 -0.200538790188744 -0.760084017124309
-0.68344157246023 -0.127135796762371 -0.718849154005683
-0.75564963895749 -0.206402067056205 -0.621604222844682
0.792379443590196 0.302586685569665 -0.529694360071595
0.551176282550227 0.187813257838593 -0.812976559154178
-0.860630799851605 -0.369418933298346 -0.350491480734552
-0.797898214222411 -0.406168455570769 -0.445405012814116
0.0977238340080539 0.0658940720713198 -0.993029719360214
0.734235371893921 0.282256618882387 -0.61743794810238
0.334141147355755 0.0978089738623188 -0.937434316779464
0.105348947551672 0.039856442962398 -0.993636283156035
-0.771609714720988 -0.200353891205011 -0.603719112193085
-0.802947190019629 -0.402506623489072 -0.439618275424268
-0.840272725541174 -0.414739706015064 -0.349188663856867
0.43984622308786 0.142844438021797 -0.886640156186026
0.788730435427608 0.227185262315758 -0.571219009502219
0.797853392964345 0.36257206614905 -0.481634155956251
-0.800968609052094 -0.302018747214044 -0.516946770610294
0.716572652847753 0.206501359051154 -0.666243815656671
-0.415578264570116 -0.107261793531571 -0.903210724950319
0.216904554246503 0.00596805740916363 -0.976174572829003
0.399666311619378 0.103086918464429 -0.910845720524651
0.382828377555269 0.0512450695810796 -0.922397081620508
0.772142547540218 0.286052512330369 -0.567423868433103
0.698675423694165 0.180109096343937 -0.692396826783564
0.34736546328676 0.0259530582159067 -0.937370617037261
0.466828122124829 0.196298261691825 -0.862286783413832
-0.618221665985469 -0.109487742232914 -0.77834080325195
0.64424615911838 0.0889673698744164 -0.759626022170676
-0.688228843538344 -0.15485456353637 -0.708774380937851
0.460673727815769 0.166708774258301 -0.871772849477212
0.883223414234981 0.351574361249939 -0.31034153614816
0.787180953129471 0.356194908864884 0.503459366710875
0.634392080976459 0.0934464724252762 -0.767342455742956
0.692517030525179 0.0645384702592996 -0.718508836611755
-0.552649661206725 -0.0307218186524002 -0.832847237989526
0.425313823974359 0.134459538659794 -0.895002113740355
-0.434227410219021 -0.124644937878074 -0.8921379913869
0.49974788799796 0.196943638349051 -0.843483996146588
0.676715827336158 0.25245591080463 -0.691608055283152
0.429022844421897 0.138756595944996 -0.892572689502598
-0.786845225745882 -0.360630501331488 -0.500819560550815
-0.212710944205109 -0.044192431140061 -0.976115302228841
-0.358880009463425 -0.105737468077737 -0.927375181171052
-0.563775130979916 -0.168588568611764 -0.808539112363784
0.552492978985511 0.189159048188824 -0.811769895142714
0.800471625939163 0.433904227689755 0.413487965071862
0.794526134474823 0.351475977741967 -0.495169525220226
-0.0356311292211781 0.0114705085445687 -0.99929917945736
-0.641518805360831 -0.124680553730146 -0.756907115761212
0.202097515945504 0.0736372089136002 -0.9765931371416
0.420702934030991 0.122114336694814 -0.898942228439237
0.90486673675021 0.353460721208222 -0.237237659923523
0.17814405769323 0.0625782930870717 -0.982012551825535
-0.0577942918585008 -0.00044610993339643 -0.998328413306213
-0.563870939312399 -0.0730107010894512 -0.822629321946027
-0.337379105827996 -0.094525806790674 -0.936611024279169
-0.0458529052770714 0.00562161546242584 -0.998932384357042
0.602882915097258 0.208317799132663 -0.770153157007329
0.78930885212404 0.270286623865357 -0.551304522852931
-0.372403708829224 -0.0875589497989357 -0.923931224691723
-0.214309629018753 -0.0462025694158581 -0.975672437598407
0.859875928342903 0.343340042737711 -0.377797568691617
0.705730833571852 0.0932064559407441 -0.702322253041256
0.722552723368408 0.27640250629297 -0.633655439862913
0.655234727561864 0.123903567508125 -0.745194845497263
0.765875151956958 0.257957901201455 -0.58897620734852
0.89010431478929 0.351224912648607 -0.290439958560226
-0.283524603922227 -0.0572111273156935 -0.957256854706203
0.486322026911174 0.194679549539872 -0.851816153364069
-0.191869993356528 -0.0259606376678243 -0.981076934262164
-0.234499465749063 -0.045266336961693 -0.971061769045345
-0.338470649052896 -0.0777487099891676 -0.937759434943062
0.68351114077646 0.254420191680299 -0.684165832601879
-0.547828680516021 -0.150849619324612 -0.822877955199734
0.664438875262218 0.244121201572326 -0.70634681282155
-0.267554035450683 -0.0658349385174973 -0.961291110426208
-0.0345444745674416 0.00818371149167125 -0.999369654403755
-0.579958172753755 -0.138249189101875 -0.802829794893538
0.732299112007201 0.278836349768264 -0.621279567184834
0.124142279047475 0.0505426761382521 -0.990976353119328
0.789978969046512 0.253828206550689 -0.558125855003574
0.770538532095987 0.255674412036412 -0.583867249968002
-0.375251475973613 -0.0844969976715235 -0.923063696157597
0.93099346112577 0.358447313165341 -0.0690412849359578
-0.191103892166477 -0.0376791091269099 -0.980846362655348
-0.192795737607302 -0.0302448362334611 -0.980772681839002
0.45871039101699 0.147210827671931 -0.876306880829533
0.611230051534698 0.209191851473581 -0.763306356175517
0.100961015041721 0.0391928344769683 -0.994118099205223
-0.856762303844179 -0.324192379345631 -0.401070637027735
0.792727560419773 0.309339812715901 -0.525254124419605
-0.461597144658839 -0.115055582867819 -0.879596662620859
-0.19386107826598 -0.0189832752601171 -0.980845307678
0.462828960625921 0.188551870081816 -0.866162539881851
-0.203961654289349 -0.0284243673060117 -0.97856614437799
-0.114629492173328 -0.0142857112859044 -0.993305591435557
-0.286784852322783 -0.0517489456952205 -0.956596307277857
0.675419153578956 0.24572700082015 -0.69528929809585
0.538550916126347 0.176715526389695 -0.823853466019465
-0.236977051520384 -0.0453861151046659 -0.970454521143784
0.375462183941611 0.109494635423081 -0.920347256878273
0.00551759951236801 0.0181267867669074 -0.999820471733365
0.020083783224974 0.0198394480499382 -0.999601439551007
0.200623758743689 0.0710049773324957 -0.977091807672936
-0.337395790755157 -0.0929496635979528 -0.936762744998823
0.624595172225829 0.219781323835913 -0.749384441074887
-0.627449811334705 -0.123606259156803 -0.768783602162081
-0.0997002735335062 0.00739996834463231 -0.994989997902412
-0.582189071347502 -0.174961852657202 -0.794005185951763
0.0438350608670262 0.0386990995628392 -0.998288969753653
0.82258733006152 0.329956666653759 -0.463118432534271
0.761145974662802 0.299865798057941 -0.575097651194724
0.121880460302829 0.0464487498044668 -0.991457345042122
-0.423608946562589 -0.092370754190792 -0.901123245822877
0.503766440776173 0.159631776245474 -0.848962348493984
-0.242151349504206 -0.0269871455984935 -0.969863092351564
0.145482119924563 0.0417562612086815 -0.988479320690184
0.648678583195071 0.230144521108894 -0.725430627357015
-0.0495198398956302 0.0172169040952902 -0.998624736159727
0.333684381239157 0.088262936469895 -0.93854375910916
-0.139944774189407 -0.0178719754873091 -0.989998006396607
0.478955723048613 0.163642679666377 -0.862451441387043
0.925687610203589 0.365258967511731 -0.0984293399745822
0.845476538505635 0.341372207917223 -0.410651237059197
-0.726201665943137 -0.243863823057677 -0.642776458953739
0.73538262278396 0.285995135473341 -0.614344512950974
-0.215340942001712 -0.0485076534175693 -0.975333423121415
0.792309413927116 0.400560465162251 0.460214196164645
0.520304644365593 0.218671749145909 -0.825509384063599
-0.332162100216705 -0.0754728969235081 -0.940197947779935
0.742379844610298 0.288799113488068 -0.604538864230328
-0.740963159247824 -0.258449397023961 -0.619820543234439
0.910664962311461 0.360351735863767 -0.202079075805081
-0.11430868781043 -0.0113237349814755 -0.9933807411648
0.482998700169916 0.191554937978904 -0.854411470762226
-0.138532458202923 -0.0232397040049027 -0.9900851853159
-0.0611599506525639 -0.00346709641791315 -0.998121956315262
-0.872044797336043 -0.329237429634537 -0.362133382011081
0.79479358341967 0.439543670262204 0.41845492192989
-0.393529518554102 0.914189165431375 0.0969158801975323
0.263236077444792 0.0839709824199073 -0.961070050330836
-0.899873648166184 -0.338623961399163 -0.274884030278991
-0.506708516142794 -0.148337099113864 -0.849260021839514
-0.359167421044138 -0.104399814507666 -0.927415463743876
-0.289007543896304 -0.0753450739349581 -0.954357249359359
-0.77158057747123 -0.286890894412921 -0.567764940069495
0.446695838516233 0.162364169899867 -0.879829929125514
0.920246527148888 0.362717086536746 -0.146910327767334
0.684210624269333 0.105794946793121 -0.721569990278151
0.805745362469463 0.327056760693106 -0.493769466597405
-0.490252879117376 -0.0465306439478093 -0.870337298804852
0.879822035798159 0.346591068457143 -0.325250390606559
-0.507425316724377 -0.125140928382852 -0.852560435388978
-0.809617482557654 -0.374950051685339 -0.451588297764865
-0.491038609912176 -0.132506396901782 -0.861001241785182
-0.408968635626037 0.903283363552418 0.12970666985012
0.709174762487009 0.266195234514678 -0.652848568485196
-0.334789286445321 -0.0579875833832026 -0.940507083362379
-0.890298107386298 -0.333735845493226 -0.309821989886609
0.421228518232743 0.124479749478641 -0.898371486300173
0.0481572602814459 0.0250861635984904 -0.998524693073784
0.580114671054712 0.193162666802548 -0.791299660420002
0.334494803353192 0.0468584536623156 -0.941231911831556
0.0984959567731425 0.0385802281796721 -0.994389316361026
-0.912499648159727 -0.332505100608868 -0.238295510191572
0.788609967507022 0.402663157193698 0.464711416889426
0.173996082261109 0.0600949136966531 -0.982910964790594
-0.146868655526562 0.00504060353762751 -0.989143159679021
0.0437783125256832 0.0278403962515874 -0.998653279015774
0.0209110470436982 0.0255140794749239 -0.999455731816114
-0.886150246181004 -0.328376532408538 -0.326965738505872
-0.35783682476392 -0.0984226525075143 -0.928582677157108
0.210573844048333 0.0696432052966809 -0.975094087849328
-0.695532276977138 -0.170546003075201 -0.697960537937548
-0.766065799006785 -0.281009517504558 -0.578080308144077
0.817288005099761 0.451684677292122 -0.357800599523763
-0.897538903163136 -0.330531875194782 -0.291843445684387
-0.36073556083319 -0.105149191910631 -0.926721912221193
0.7584552888425 0.297184895852609 -0.580023027563488
0.0997626780103023 0.0440471650360659 -0.994035842074368
-0.290947655101481 -0.0753448462105793 -0.953767590212864
-0.265149256485586 -0.0646148197108612 -0.962039914379271
-0.0976543072923972 -0.0022013244297696 -0.9952179612718
-0.679044615319981 -0.226096748031325 -0.698411534079012
0.828792542382881 0.43800594093903 -0.348215044753433
0.803873385424797 0.467374107576562 0.367898116022205
0.803119758815661 0.430167188504187 -0.412255797938947
0.779366375341469 0.311843590524389 -0.543453427660511
-0.590947307488191 -0.154522972236347 -0.791772650969773
0.853540503277524 0.3623764256965 -0.374368715792573
-0.813727074948104 -0.353199364869956 -0.461625883320966
0.823878525112134 0.339173360444853 -0.454076653687019
-0.559062264198325 -0.154881655667627 -0.814531188774928
0.866452568230259 0.443080348807869 -0.230086400092413
-0.287102463934883 -0.0758797343541842 -0.954889753383529
0.890680061468476 0.41934825792465 0.175602012169775
0.643473330522574 0.13238850745498 -0.753933256992971
0.0451705525823489 0.0321744630330294 -0.998461028337081
0.810160136403386 0.424210426871581 -0.404581347958946
0.913182577885464 0.390708033014649 -0.115951767490984
0.585944457232449 0.207272811177617 -0.783394584347568
-0.822250267100024 -0.371311240114706 -0.431314805239071
0.758753625551731 0.256864897677361 -0.598592816573422
-0.144939797338809 -0.0259342183666486 -0.989100536581139
0.55115065443827 0.194436350598772 -0.811435432846076
0.0167598354241307 0.0181482916158012 -0.999694827148757
0.842869564817483 0.447606023474052 -0.298696743293482
-0.378328663888249 0.91772755003143 0.121010602815795
-0.838007653488917 -0.389812372195316 -0.381823895503491
-0.365137584018056 0.927750664008547 0.0771573079439529
-0.188731106983519 -0.0164318043667854 -0.981891320392449
-0.713962159798126 -0.248137883959491 -0.65474088380099
0.778449723570085 0.288224731213401 -0.557622212784446
0.858111918714409 0.351877817716126 -0.373933064009605
0.876472232303339 0.359253987290071 -0.320519888021612
0.729449042039896 0.239826542558287 -0.640614802007897
0.00178677367051509 0.0359581499998577 -0.999351699297318
-0.343542344198195 0.938612062749723 0.0314014872819463
-0.0960216177859403 0.00856590638119047 -0.995342390419317
-0.829316989616533 -0.358366440837138 -0.428726981673761
0.0943120970096943 0.0370303627476404 -0.994853748343148
0.770548721231027 0.308068913487123 -0.557985853541192
0.875426583762008 0.357923832078719 -0.324836615659111
-0.692793230824904 -0.213231422646904 -0.688890339400378
-0.339949023610819 -0.0957217806816195 -0.935559726607121
0.838428132976866 0.359586815391221 -0.409555354048421
-0.799199084839706 -0.325386437185322 -0.5053755922947
0.80230612836381 0.321773980173267 -0.502758771254493
0.754008537033813 0.260100165065117 -0.60317412926387
-0.764594530083953 -0.284683816846744 -0.578230342503114
0.783334181478455 0.290005982582394 -0.54980368332151
-0.655207340428495 -0.156329666859372 -0.739097000608348
0.737594663878537 0.277287823801587 -0.615683014699356
0.515453646190355 0.179305066639747 -0.837948227342468
0.401897811568107 0.117229216767895 -0.90814946996227
0.727563203832326 0.131860477375069 -0.67324928439298
-0.534296892796377 -0.12030035398643 -0.836692688613254
0.842538704972546 0.345905331326408 -0.412889855025711
0.218151913349736 0.00958259431073492 -0.975867776180833
-0.735357126817765 -0.256425202018986 -0.627292604617529
0.834863980906382 0.367195102174315 -0.410085223245538
0.78273723371225 0.311339281282758 -0.538878720020405
0.514704801135021 0.176660673803617 -0.838969590640692
0.246899630800623 0.0821900743498267 -0.965549255081731
-0.821014174209174 -0.346967142373482 -0.453375702768475
0.788820083246846 0.311212758532773 -0.530008957653417
-0.337940345517098 -0.0899640798100898 -0.936857933315243
0.586436215367689 0.207378332958089 -0.782998590244418
0.48042076432507 0.163399168202759 -0.861682424699472
-0.750213515989404 -0.273647943430666 -0.601910693943033
0.825184356335728 0.334923001845863 -0.454859715619384
-0.700728345617984 -0.212843627834764 -0.680938599095116
0.777004925397101 0.287711378522137 -0.559897766183735
-0.193194022635821 -0.0398197613322406 -0.98035221029242
-0.478232473378892 -0.137712889682549 -0.867368930398818
-0.616561398762584 -0.182415523189364 -0.765882901268514
-0.0375056267688234 0.00580071210257057 -0.999279580347653
-0.664905597087861 -0.2165296195079 -0.71485346109325
-0.790351502940305 -0.305653631249168 -0.530961730734145
0.209300431500471 -0.000655013618905395 -0.977851164713156
-0.604063431906867 -0.193834909835075 -0.773004138386158
-0.720085556021381 -0.240617750647504 -0.650830154558557
-0.686578930607889 -0.0368755057312385 -0.726119528123568
0.733172383485361 0.00683340085236112 -0.680008500481564
0.364984922344767 0.079605160228779 -0.927603915971647
0.759696772499019 0.294376336453669 -0.579830480736129
0.853889358308219 0.432498333051954 -0.289513653694017
-0.605249090630754 -0.190098371379103 -0.773004623200701
-0.215700595097556 0.00367237965357684 -0.97645264447501
-0.543403881950941 -0.16749458552606 -0.822592113322332
-0.803699673278693 -0.306547230846979 -0.509995716091587
0.802282583871448 0.324467276934047 -0.501062512881934
-0.640407888089612 -0.159084855282362 -0.751378563503373
0.551906759671518 0.194549751244368 -0.810894150256148
-0.671048822834081 -0.156047577312126 -0.72480523658981
-0.479444094742667 -0.135542597678111 -0.867041846874218
-0.664536260472626 -0.216109602673599 -0.715323841451771
0.683563200242854 0.247146887773112 -0.686774902815918
-0.0127212553190653 0.00600614694378286 -0.999901043034758
0.806938817846441 0.393702584883344 -0.440281749461366
0.319928424138127 0.10379519209459 -0.941739009241171
-0.408566660155604 -0.120596871870455 -0.90472630043807
-0.755651129663148 -0.276956293547388 -0.593537346510986
0.587511115793455 0.209388494317353 -0.781656668407966
-0.413064653599272 -0.11012790947278 -0.904018492898275
-0.75825578025323 -0.284528007924784 -0.58659354276954
0.0408173536578019 0.0261144689366351 -0.998825299115181
-0.210052040741074 -0.0356156649098537 -0.97704128090554
-0.624226318575084 -0.200103131389694 -0.75518225615161
0.365912865337762 0.101567597435576 -0.925090156758504
0.251851591294801 0.0831389258317511 -0.964188101447959
-0.761270087972559 -0.29014264590773 -0.579900938250589
0.369622886553423 0.0187408721449587 -0.928992842516648
-0.126065113448054 -0.00521187356952237 -0.992008277962046
0.197676874378261 0.0665584334139708 -0.978005024668851
-0.407433488037893 -0.121307795588986 -0.905142183059997
-0.564331345799033 -0.174593416715136 -0.806875003323555
0.327149619852757 0.0691574409610903 -0.942438525629078
0.747532297950887 0.262575286699614 -0.61012267810243
-0.729171419205089 -0.25393905349964 -0.635471477347444
-0.572822998889854 -0.170052494232444 -0.801845347400706
-0.765872781977882 -0.285776327056772 -0.575995462412163
-0.501235876302563 -0.146806374929717 -0.852766371632464
-0.435668813656169 -0.119789110000953 -0.892100473003241
-0.0343594297886831 0.0222854478263765 -0.999161042274855
-0.435350578053066 -0.121432205809416 -0.892033684106784
-0.737773793691581 -0.219951809575706 -0.638209237481177
0.287837681419355 0.0373837368328619 -0.956949280461374
0.621367530614875 0.218402965233874 -0.752464309236407
0.220582656115235 0.0273139204234005 -0.974985764804929
0.594363434497363 0.19286993576084 -0.780726133552674
-0.582664849915933 -0.00290631509906558 -0.81270734339305
0.659691938387646 0.223700516978651 -0.717470992535471
-0.495130040080327 -0.161762827723105 -0.853626985853352
0.282605610357676 0.0934079819796011 -0.954677441807894
-0.630022013963307 -0.194840621268717 -0.751737583352887
0.519929424464049 0.179313009332385 -0.835176770666334
-0.190664879086998 -0.038329189544313 -0.980906609780776
0.516583311951122 0.177468449560334 -0.837643498884974
-0.402910053300443 -0.00196726505043984 -0.915237465807457
0.128756737640814 0.0271211090266208 -0.991305274855965
0.616369928458285 0.223180398700127 -0.755167942201191
-0.476554483756788 -0.148452403241567 -0.86652046022186
0.268390827244913 0.0900608203964508 -0.95909093024609
0.27406103817006 0.0917253180005314 -0.957328059441929
0.690029316234548 0.141475810930163 -0.709819792382923
-0.677384717116305 -0.226202413716031 -0.699987437777497
0.237533819224773 0.0812875277288941 -0.967972118689488
0.622470877690297 0.216663829443689 -0.752055045484217
-0.620236435378681 -0.200186894256165 -0.758440486522719
0.012944298080254 0.0177791500325325 -0.99975814423856
0.726970199119849 0.240329284993164 -0.643238808193599
-0.42922019957325 -0.132667502566924 -0.893403242685493
0.289550776785562 0.064518078315398 -0.954985740853425
0.447204150857513 0.136959664047693 -0.88388375812646
-0.262666895037326 -0.0538154850513932 -0.963384656209623
-0.718217975853363 -0.201846680714836 -0.665898533295802
0.684563057585796 0.24700672769055 -0.685828766285283
0.0360912654293826 0.0227416826786853 -0.999089703894825
0.0680809101759905 0.0443638183829861 -0.996692952362005
-0.189422470097173 -0.0274058424303413 -0.981513141849343
0.434989864264252 0.144836592278954 -0.888710402507132
-0.862114693561323 -0.325386719580902 -0.388434985378564
0.368747493184153 0.104136924739649 -0.923677858983407
0.330498231971244 0.0724297929374248 -0.941023296076629
0.290337185140784 0.0422111242801456 -0.955992960178856
0.464055421565873 0.169557785101679 -0.869426663512647
-0.427902995693823 -0.133471219550112 -0.893915241970992
0.604438057596032 0.178833813115488 -0.776320231487053
0.135909732672799 0.0364036108758448 -0.990052181291475
-0.678491866244418 -0.169349701911284 -0.714821282491454
0.225277659174661 0.0327941064320806 -0.973742534174258
-0.408328507360203 -0.118985507439417 -0.905047114296473
0.52301290469822 0.220985391437178 -0.823178570111302
-0.0226531204169108 0.0334513182051848 -0.999183589459771
0.742798733940197 0.229152821502479 -0.629077916679876
-0.767264327318067 -0.294807913319806 -0.569555744654706
-0.547963571173625 -0.163735126781436 -0.820321115737316
0.367586394202333 0.0826615574133813 -0.926308431206
0.496949010567714 0.194939026948778 -0.845600648455306
0.708398514650846 0.265654177048249 -0.653910852224745
0.649433379621901 0.235688554460905 -0.722971085679783
-0.664873157536233 -0.169584475113963 -0.727450885069309
-0.651960798716645 -0.172594819248745 -0.73834825475872
0.665306687619522 0.161594784207955 -0.728871824894833
-0.121527407856915 -0.0175976811468404 -0.992432068585973
-0.357852123372991 -0.102413664676503 -0.928145085148314
-0.697988695975841 -0.0753670552827609 -0.712131720447805
-0.0646040399469691 -0.00368175208794778 -0.997904185142087
0.80470462981438 0.328136035724314 -0.494749634476301
-0.800161959478617 -0.333887420342749 -0.498256991060039
0.177569078591545 0.0651237763344482 -0.981951178055249
0.64944375519723 0.23911344540102 -0.721836248094936
-0.337388028079179 -0.0867946511107919 -0.937355859344464
-0.752736405459689 -0.25282914174105 -0.607836597271101
-0.475306732400468 -0.148650042617426 -0.867171652537505
0.545693789834986 0.186472972998761 -0.816973756051278
-0.212650510540146 -0.0424185145304311 -0.976207165509477
0.617075503361711 0.223204021768723 -0.754584513369549
0.117875291327377 0.0429275697710713 -0.992100115637548
0.399498860231439 0.113628527740854 -0.909664343786887
-0.213691204763897 -0.0458867633049629 -0.975822972654338
-0.284605441226729 -0.0708682952102864 -0.956021666887381
-0.710014664479654 -0.245180015362555 -0.660125697341545
-0.769953263371152 -0.301625841572953 -0.562311145114092
0.764096623503807 0.0782570970036818 -0.640337549046312
0.757024876283682 0.296192048563371 -0.582394717571777
0.17014170023893 0.0577990386143362 -0.983723067217123
0.473436589008833 0.160601588268747 -0.866062888035989
-0.656989351286828 -0.218000004703925 -0.721693141331412
0.197400293325353 0.0595971903159477 -0.978509733779644
0.285742624931059 0.0822517544424006 -0.954770025288108
0.814507773740745 0.455240012571675 0.359629833953797
-0.564406713911393 -0.176257621538196 -0.806460359931869
0.748522390191957 0.226656940984125 -0.623170010899946
0.709627419584965 0.214453829058621 -0.67114713779862
0.451108797348854 0.166593401155384 -0.876782465407442
0.649395659799707 0.178892716530176 -0.739109378242325
-0.0386504918912276 0.00414229375795426 -0.999244204826322
0.865349326461744 0.345710058914104 -0.362843076767095
-0.766817384226471 -0.164694519249146 -0.620376349144102
-0.57269965028174 -0.0887857968904122 -0.814943061101637
-0.789257484651516 -0.318999267032404 -0.524701906375755
0.192988316997628 0.064017411107388 -0.979110453716807
-0.681691236918106 -0.201111027567247 -0.703456759225404
0.0898755072174773 0.0358193145564189 -0.995308680715239
-0.203510185157831 -0.0258028373928616 -0.978732761339633
-0.850679058041884 -0.3240356262592 -0.413939673290422
-0.500224937515857 -0.147879223038623 -0.853174511621597
-0.721344026230536 -0.253797312321081 -0.644398727559355
0.780172185309644 0.154186541087593 -0.606265512639981
0.225237767452496 0.0448847350036693 -0.973269391626319
0.162424947287675 0.0567857224621307 -0.985085538531071
-0.263297034478551 -0.0606848351258371 -0.962804249274249
0.439370970752996 0.152284347858418 -0.885303692219176
-0.112311048562811 0.00665008466599053 -0.993650846497228
-0.286188588268039 -0.0601183755094951 -0.956285455745954
0.035971670068846 0.0466774860385225 -0.998262115503529
-0.0510335837794674 0.0165903635821917 -0.998559128526115
-0.267989158612342 -0.0392875154643269 -0.962620538942988
0.673315963350556 0.204805146311609 -0.710422737207639
-0.782766390781051 -0.329606122170859 -0.527860380868933
0.0774952797309397 0.0540509656383314 -0.995526481181183
0.333666472486583 0.0428137168871921 -0.941718466838505
-0.136120133609026 -0.0113065066450682 -0.990627817161292
0.707942080452183 0.169862575436594 -0.685539726194684
0.558524778044934 0.194155523351323 -0.806445103563802
0.470741807616971 0.172313937894955 -0.865280334555593
-0.479404134296145 -0.137613449549686 -0.86673768495595
0.737079262483205 0.0563401574356252 -0.673453745610895
0.346131267708119 0.113414181791988 -0.9313057333031
-0.432070326496013 -0.117251816338796 -0.894185240611185
0.610610388425315 0.216245580646517 -0.761835154346356
-0.366081819383203 -0.094079287822413 -0.92581487842868
0.649503066301481 0.236631213085629 -0.722600467657334
0.405510891281047 0.130860080743752 -0.904674834578806
0.154014945618342 0.0489202959105772 -0.986856727784839
-0.455587839079237 -0.100009067610544 -0.884555203070323
-0.192038642832846 -0.0344452178521758 -0.980782690827094
-0.913683236386974 -0.339851260630277 -0.222899224299761
-0.682078911875634 -0.221803948171463 -0.69682951038981
0.776705646035629 0.192108620445999 -0.599852162925759
0.437081453365894 0.148675474105505 -0.887048705834725
0.846818890851304 0.425055990647089 0.319726712853944
0.370827954233853 0.0623772580372094 -0.92660439565032
0.795306558617647 0.353841041513935 -0.492223521542895
-0.435355646386603 0.872555103327108 0.221614649373914
0.234002168162433 0.0530714972545036 -0.970786486038225
0.830867217206078 0.466770234300391 0.302960749509545
-0.791251293373547 -0.298792366450007 -0.533520864152372
0.289668657326325 0.0159906247447019 -0.95699340064759
-0.500879605155027 -0.149584053284244 -0.852492951374262
0.806290883730681 0.327819045725497 -0.49237148990617
-0.691884140716061 -0.199070514146269 -0.694022525731794
0.345790157006354 0.024633175913573 -0.937988472190321
0.424731673034001 0.129069852172679 -0.896071414108195
-0.633854099377785 -0.111116684111182 -0.765429332606292
-0.0596837271279138 0.00477584330637512 -0.998205912643696
0.769073587517566 0.283667814533664 -0.572763815180879
-0.61392408184861 -0.19959776363369 -0.76371326718787
-0.41251347619827 -0.110832288933112 -0.904184071793275
0.0232340557417173 0.0332227602577273 -0.999177875482963
0.402008466519618 0.128957926734813 -0.906509264143949
0.791874217185337 0.322481550746195 -0.518595095990542
0.038659311406762 0.0232169074314485 -0.998982698974749
0.876457395355057 0.414848593881449 -0.244383056454442
0.468301182847213 0.171465068775132 -0.866772018661101
0.700956017478626 0.135263923605242 -0.70026018916644
0.800896344286617 0.394142692814384 -0.450795500653411
-0.724140415679853 -0.215578194861868 -0.655092894389115
0.708826936219303 0.0380348362981163 -0.704356249150763
0.789021330030876 0.313959375528174 -0.528086026395573
-0.265588069425133 -0.0630521559249427 -0.962022558473681
-0.796299273239814 -0.345746070293952 -0.496353827741897
-0.787393521426301 -0.327198281489407 -0.522448779313597
0.0980251428392891 0.0519155598280245 -0.993828881658749
-0.704199972955215 -0.19994467845003 -0.681266852011301
-0.273354617573666 -0.0611107493503399 -0.959970171080849
-0.286649337296119 -0.0739317696833919 -0.955178648661693
-0.622393137852519 -0.201900261088744 -0.756216282902182
0.678304017772535 0.25299748777608 -0.689852107811978
0.785140394857814 0.31586106058692 0.532716013244788
-0.106355616886082 -0.00492303890904573 -0.994315969118811
0.383523398837445 0.126885188700485 -0.914773169388246
-0.497607415291484 -0.140522584791719 -0.855944077268126
-0.542597019004555 -0.165410412790937 -0.823545912689573
0.323149600757667 0.105961352932155 -0.940397005107389
0.241023051517369 0.0636445632675053 -0.968430306322424
-0.136907180008516 -0.0196698978312756 -0.990388569795423
-0.17938902296186 -0.019110860136772 -0.983592574934166
0.124147629705877 0.0579869659770517 -0.990567957191827
-0.738542244811626 -0.253450256889832 -0.624754607754982
-0.56095804994808 -0.175149841641283 -0.809103577529775
-0.00766622061225207 0.0252252834635464 -0.999652396653811
0.29085504856813 0.0186179104845353 -0.956585967977589
0.891314997873568 0.41994266845577 -0.170896839572558
0.371291192753888 0.0598308152528201 -0.926586813919547
0.75909228072825 0.294176377660513 -0.580722970240823
-0.539496319961942 -0.150426111861425 -0.828441733387313
-0.144674972016485 -0.0215029256779234 -0.989245559332625
0.733854834614807 0.196455718494539 -0.650278580597014
0.758588455155151 0.22351116981427 -0.612034568201485
0.819043901060635 0.352800053614552 -0.452436968322601
-0.801056378235318 -0.386330300963112 -0.457228145947149
0.258711728884433 0.0662795893790664 -0.96367798427139
-0.410013968146891 -0.104313895126813 -0.906094452696799
0.715047296874197 0.0560548155908176 -0.696825100640026
-0.360775065648471 0.930552784643802 0.0625529135852755
0.82411640336651 0.406848633042618 -0.394089258282437
0.322602731689709 0.0984091269466598 -0.941404865740524
0.548337730513329 0.191019629373178 -0.814148164948878
-0.42727192433552 0.877386498096376 0.218246731093045
0.559753995870153 0.189638771618472 -0.806667589783074
-0.601351838718581 -0.191631291924368 -0.775663209147617
-0.539759534975097 -0.165495225312355 -0.825391407032009
-0.428929430628037 0.870231008387025 0.242317014637457
0.787472694260382 0.305317745218935 -0.535413700094348
-0.40036385707745 0.903194296311859 0.154754143905077
-0.34040441010452 -0.0844190604529842 -0.936481852367481
0.0374193850187885 0.0427834212605507 -0.998383377510893
0.705219377167026 0.267513687450452 -0.656583625362995
0.405801367661836 0.135639184915391 -0.903840285404049
-0.734054129230733 -0.246070527514929 -0.632940621897375
-0.781877630344376 -0.298429451926704 -0.547363894854045
0.875050076886357 0.428359972190533 0.225377676725328
0.862145801271883 0.348905158751041 -0.367382372394449
0.815318893850279 0.327505985361731 -0.477488147374361
-0.781164464949169 -0.298255205278078 -0.548475989652428
-0.743726977538604 -0.247109005016312 -0.621133900637488
0.858162801371385 0.34579985651868 -0.379445734689529
-0.930320313000137 -0.336625602120214 -0.145558645282683
0.853304525977167 0.34142793706412 -0.394079116090947
0.830716039538244 0.332073197832247 -0.446808966937056
0.398114365704885 0.0816918306873858 -0.91369108380149
0.823398281298771 0.331102603153845 -0.460853921041123
-0.220269984435618 -0.0490396424880187 -0.974205444155071
0.447939102548482 0.150636019702903 -0.88128278661059
0.775423246070728 0.251063219117473 -0.579384198489661
-0.559875647321709 -0.175698525713739 -0.809734084498186
-0.140879417637729 -0.0230456842386239 -0.989758498889516
0.737589310792124 0.157867816821271 -0.656536184088345
0.441771973263545 0.152803820241234 -0.884018391301063
0.783730779075697 0.281158721457744 0.553819320065352
-0.672344937285641 -0.217494937558011 -0.707565005807243
0.396988969902582 0.098697613667809 -0.912501254153641
0.297775726303922 0.0708694554317598 -0.952001647640894
-0.54472111773974 -0.163880375909888 -0.822448859370601
-0.82956898178387 -0.315161079693509 -0.46096507276419
-0.000473574300882864 0.0172856450660223 -0.99985047992289
0.727579627857699 0.160725730986752 -0.666929624866992
-0.756506071327633 -0.264932140557644 -0.597921002260311
-0.480191037644106 -0.127915661924547 -0.867786927074084
0.797062138572203 0.396647407403095 -0.455371037128087
0.845588858213702 0.447364814440946 0.291280287120612
0.708539422004398 0.269096350634207 -0.652348864903608
0.706667488619968 0.265087789406109 -0.656010308177646
-0.118783476015223 -0.000311668807214678 -0.99292013207926
-0.663637027060099 -0.128047478010063 -0.737014070211754
-0.522223234560184 -0.103432517908804 -0.846513205759097
-0.661594756619988 -0.220190573169115 -0.716804359292266
-0.71146117790575 -0.211888340076945 -0.670019644243659
-0.326345594393157 -0.074566334785951 -0.942304841724145
0.283809863490592 0.0821393991200827 -0.955355996735062
0.785406734610161 0.277002068521733 -0.553539623932817
-0.672425907905427 -0.0939067043154381 -0.734183171464843
0.864228821885289 0.381141552246184 -0.328389495225007
0.368662949407722 0.108815400287444 -0.923172160755665
0.791560527736385 0.322914770287093 -0.51880437744889
-0.671004689357258 -0.227036317647475 -0.705837954016108
0.34462861700193 0.107915798250997 -0.932515574578348
0.783319104781378 0.203108528544084 -0.587501579331629
0.790651934594481 0.271299477273369 -0.548877137393425
-0.039718494442691 0.0159397348752949 -0.999083763280793
-0.17108979884418 -0.0109628896967349 -0.985194445670983
0.741074063738156 0.190194343359859 -0.64392184604075
-0.63362951140759 -0.0636358782545288 -0.771014991600134
-0.837586661804961 -0.318702347110838 -0.443708685865472
-0.0612626533859749 0.00386740516805863 -0.998114187093529
0.78607278768637 0.311349030984719 -0.53399564919937
-0.176965089450368 -0.0171997798861776 -0.984066829380856
-0.748500212431762 -0.259263281080604 -0.610352343382842
0.104062204053223 0.0703232109254879 -0.992081500529425
-0.14038774103136 -0.0163689649430617 -0.98996128164429
0.404516433323213 0.129306860630916 -0.905343134377924
-0.769994696626255 -0.30610856642967 -0.559826502343194
0.451775470142617 0.146591456955828 -0.880005607553148
-0.919074780232109 -0.334137033152512 -0.208935376174876
-0.655990167262645 -0.219577259030243 -0.722123762087561
0.0437110327385289 0.036320286855956 -0.998383785114538
-0.772817548655293 -0.220566137040517 -0.595066059930701
-0.786066655322731 -0.340113083915601 -0.516161121685035
-0.706633173959461 -0.248274159748313 -0.662593011630252
0.901021403289849 0.401480524365384 -0.164237082806802
-0.49467593147484 -0.130209593877243 -0.859267818832885
0.340267593022349 0.11023790080436 -0.933844510807353
-0.266895674462302 -0.0596125323216043 -0.961879953499146
-0.425589447158201 0.889694823574371 0.165277776402474
0.78702177033465 0.234199962977775 -0.570742595537185
0.162376754965132 0.0524710727424105 -0.985332723485957
-0.717177475462449 -0.235929968309159 -0.655738910499405
0.88774323052533 0.358405563869735 -0.288889959056501
0.775371611221103 0.257810925268104 -0.57648277626031
-0.115441957750111 -0.00791751149455206 -0.993282672456615
0.81157387629094 0.388057321500055 -0.436760069777791
0.483686169957917 0.16587901061324 -0.859378754001641
-0.195122922762075 -0.0381339872624953 -0.980037164615837
0.784780449147543 0.188509167309768 -0.590409976606052
0.0127879823606005 0.0176930818747839 -0.999761682782911
0.676252566055266 0.252322861581791 -0.692109558109729
0.444919253386371 0.15522528388543 -0.882015855418032
-0.754217778996341 -0.275424300073884 -0.596067946441207
0.312618031155003 0.0972800018113803 -0.944884420362801
-0.716311610933722 -0.25318177407141 -0.650228164046737
0.897074267768971 0.386862612474853 -0.213530038111494
0.890703713058452 0.354827068040122 -0.284156026383283
0.856705723235811 0.397217170147521 -0.329049879980228
0.40609841109916 0.135226828062551 -0.903768657054934
-0.704388307083607 -0.246519937908064 -0.665631304144941
-0.812178171284008 -0.438871577849815 -0.384393491419117
-0.411862597535423 0.88595195999107 0.21320958078697
-0.7233722098562 -0.255347486109333 -0.641506280051413
0.927876133243846 0.36250884693452 -0.0873682851534408
0.322568759446519 0.098569800889455 -0.941399697143433
-0.789437565489238 -0.376639005344448 -0.48469721460678
-0.938881297321818 -0.339322910074319 -0.0579816543226824
0.783369982009004 0.289224479773199 -0.550164222380131
0.785358883534091 0.324398543525739 0.527235250161127
-0.790921177367539 -0.354660418116265 -0.49865787772093
-0.0378719860306354 0.0238385445118134 -0.998998216449686
0.532898115798063 0.176279541209095 -0.827614113902116
0.906544230786726 0.3624102917786 -0.216417046556534
0.786004895627976 0.242063585297864 -0.568859846290454
0.902227925261732 0.363404316652321 -0.232211269141636
-0.764834767829263 -0.295421401158854 -0.572498011923969
0.851887073703875 0.419874794076954 -0.313039248266227
0.841772823705969 0.344319245032336 -0.415767688463692
-0.0576975973673582 0.00883219170059922 -0.998295036373415
0.283145834993849 0.0837883198961455 -0.955409835397678
0.861760387345777 0.455340357597988 0.223683243771619
0.336957144992667 0.0979529986726531 -0.936410749879254
-0.298646114943407 -0.0703475392720222 -0.951767682655584
-0.763751784933971 -0.265683184367788 -0.588298951685591
-0.458329095746821 -0.114979896362096 -0.881313828000255
0.0220536492439219 0.0337677829244741 -0.999186355687162
-0.35511168819428 -0.0615209577134982 -0.932797330972716
-0.673659161807978 -0.228268785076522 -0.702905893752401
-0.813210752139394 -0.313283536271595 -0.490450505663971
0.860320032298019 0.407894765711375 -0.305730767395103
0.884098252225077 0.391676892379979 -0.254871521335999
-0.683239279193567 -0.219571636842531 -0.696399586201303
-0.636770179242222 -0.0724853053143008 -0.767638990243019
-0.84764827261314 -0.381528456648475 -0.36868474704467
0.841487153105934 0.38109271347131 -0.382972211650851
0.762219662549183 0.221259344493415 -0.608330081861611
0.374912604345196 0.037046333640036 -0.926319657713758
-0.655922220086905 -0.209861278932566 -0.725068469043478
-0.820753066449066 -0.421472805695821 -0.385648905059185
0.925544816435783 0.374057644854972 -0.0587168723145555
0.459227029450211 0.155162842349198 -0.874662808044593
0.916449896533314 0.381050521023356 -0.122147810344301
-0.809688908100432 -0.38802547375113 -0.440272760705612
0.785207707053472 0.312321348592757 -0.534700132781946
0.250992448322486 0.0846519037704877 -0.96428048101842
0.880946086245533 0.364732379463835 -0.301503373943521
-0.276758911835973 -0.0698491228116072 -0.95839741483469
-0.837498740027003 -0.363247130256343 -0.408224671980655
0.58676700823461 0.20917296882383 -0.782273064320146
0.0423489628189519 0.0536192757535425 -0.997663038613652
0.776759576557998 0.167656305195049 -0.607071596727918
-0.776130013947506 -0.317986348166685 -0.54452445659443
-0.768887794497086 -0.299461585541461 -0.564919744971268
0.105452455144543 0.0396519355426567 -0.993633485603072
0.91011829979162 0.364812799658 -0.196459414613051
0.236100896450679 0.0776125984026895 -0.968624102149213
0.7520752258866 0.190946034451754 -0.630810959428233
-0.791493841479154 -0.376695051360148 -0.481288205944574
-0.930832402525413 -0.336750633068371 -0.141950870151678
0.914197521547088 0.372996814688216 -0.158481127676475
-0.352615428943106 -0.0595520384149228 -0.933871465455443
-0.281784518385295 -0.0430102296041912 -0.958513226485562
0.417340148807632 0.105573677848832 -0.902597030096319
0.878196615848415 0.379194965146241 -0.291516521521734
-0.777004936493078 -0.248275303053647 -0.5784658179694
0.801876050070205 0.319146238202845 -0.505114322668423
-0.771138651337749 -0.307454562479764 -0.557509526755709
0.925189457570952 0.370227456332415 -0.083403226419589
-0.658290715238308 -0.113944295287132 -0.744090069684145
-0.784961051896219 -0.347261922814422 -0.513074364950356
0.783955772698446 0.310115020531227 -0.537812253945277
-0.78678773469771 -0.357394290958657 -0.503223987225773
-0.000444110436501491 -0 -0.999999901382955
-0.999999993399529 0 0.000114895351695096
0.999999838033826 -0 0.000569150525955835
-0.000433814434970795 -0 -0.999999905902514
0.999999825376397 0 0.000590971382482888
-0.999999992072457 0 0.000125916979325169
0.99999998732909 0 0.00015919114028491
-0.999999992495131 0 0.000122514232306503
0.999999867856118 0 0.000514089239630956
0.999999958071858 -0 -0.000289579492027993
-0.999999991467455 0 0.000130633415005327
0.999999842415038 -0 0.000561399945865567
-0.999999992377098 0 0.000123473901990207
0.999999982518557 -0 0.000186983652753022
0.999999949447898 -0 -0.000317968867570802
-5.58256396328517e-05 -0 -0.999999998441749
0.99999998186481 -0 0.000190447837851478
-0.000566544977380005 -0 -0.999999839513381
0.999999978240634 0 0.000208611435490674
-7.58646926987759e-05 -0 -0.999999997122274
0.999999988970814 -0 0.000148520614128695
0.999999893241242 -0 0.000462079542854227
-0.999999995951896 0 8.99789298268928e-05
0.999999989023766 -0 0.000148163655659925
-0.999999980894034 0 0.000195478725703227
-0.99999997877295 -0 0.000206043924837159
-0.999999999885539 0 1.51301846909481e-05
0.999999985217482 0 0.000171944860271911
-0.999999999957172 0 9.25510539633631e-06
-0.000549481523934842 -0 -0.999999849035016
-0.000514649430004048 -0 -0.999999867567973
-2.34366343583341e-05 -0 -0.999999999725362
-0.999999999889314 0 1.48785629773459e-05
0.999999995393508 0 9.59842941609622e-05
-0.999999999883136 0 1.52881802914959e-05
-0.999999999954588 0 9.53013477512664e-06
-0.999999999345447 0 3.61815764099088e-05
-0.999999999977959 -0 6.63940818398178e-06
-0.999999999999998 0 6.7979975426624e-08
-0.000478743548617302 -0 -0.999999885402301
-0.999999999958781 0 9.07955563851693e-06
-0.999999971143845 0 -0.000240233865386414
-0.999999989274186 -0 -0.000146463744634029
-0.999999998651871 0 5.19255008139514e-05
-0.999999987009447 -0 -0.000161186557031879
-0.9999999997431 0 2.26671399956079e-05
-0.999999999434648 -0 -3.36259508722812e-05
0.999999995754864 -0 9.21426759031574e-05
-0.999999976161302 -0 -0.000218351541004089
-0.999999997697537 -0 6.7859604158191e-05
-0.99999997442172 -0 -0.000226178157062397
-0.999999974548621 -0 -0.000225616394969921
-0.000172124707384234 -0 -0.999999985186542
-0.999999999859821 -0 -1.67438756738368e-05
-0.999999969555119 0 -0.00024675850703705
-0.000409009187195929 -0 -0.999999916355739
-0.999999999652665 0 2.63566180273614e-05
0.999999960438182 0 0.000281289237831779
-0.999999998887236 -0 -4.71754974044242e-05
-0.999999999021243 -0 -4.42438103640478e-05
0.999999987639234 -0 0.000157230822754269
-0.999999999755029 0 2.21346363050889e-05
0.999999949890199 0 0.000316574794219326
0.999999958230144 -0 -0.000289032369187927
-0.999999999708762 -0 -2.41345369361367e-05
-0.999999985666295 -0 -0.000169314528949681
0.999999958332807 0 0.000288676953254871
-0.999999961616059 -0 -0.000277070172439056
0.999999993267095 -0 -0.000116042275422796
-0.000138290341552478 -0 -0.999999990437891
-0.999999987979582 -0 -0.000155051076900012
-0.999999999978394 -0 -6.57366808795253e-06
-0.999999963033542 -0 -0.000271906076657945
0.999999965328174 0 -0.000263331827192127
0.999999986052048 0 0.000167020666993796
-0.999999929354349 -0 -0.00037588734579625
-0.99999994486183 -0 -0.000332078810634648
0.999999977691261 -0 -0.0002112284954081
-0.999999996160913 0 -8.76251866703783e-05
0.999999995947683 -0 -9.00257433376137e-05
-0.999999945406528 -0 -0.000330434473490315
0.999999921993704 0 0.000394984286693534
-0.99999999490106 -0 -0.000100984550439394
-0.999999998470925 -0 -5.53005446882041e-05
0.999999962044127 -0 -0.000275520859305933
0.999999930590556 0 0.000372584061536473
0.999999971952739 0 0.000236842818318266
-0.999999916812811 0 -0.000407890145128204
0.999999981492664 -0 -0.000192391973619133
0.999999960692905 0 0.000280382217062898
0.999999968688829 -0 -0.00025024456352624
0.999999960612903 -0 -0.000280667405463879
-0.000196651988352776 -0 -0.999999980663998
0.99999998542679 -0 -0.000170723227042282
0.99999998295053 -0 -0.000184658984415697
-0.999999960962341 -0 -0.000279419607983664
-0.999999988087096 0 0.000154356106557485
0.999999975886442 0 0.000219606730913744
-0.999999992080734 -0 -0.000125851233773731
0.999999996304282 -0 -8.59734569991344e-05
0.999999975367081 -0 0.000221959091494154
-0.999999996430337 -0 -8.44945385946344e-05
-0.999999952871456 -0 -0.000307013168104722
0.999999966761527 -0 -0.000257831232899914
-0.99999999930061 0 -3.7400277479937e-05
0.99999997442437 0 0.000226166442771537
-0.999999999976847 -0 -6.80480934518234e-06
0.999999968408125 0 0.000251363780324681
-0.999999995570386 -0 -9.41234680263551e-05
-0.999999963311462 -0 -0.000270882029392634
0.999999992340374 0 0.000123770964780869
-0.999999971532626 -0 -0.000238610031857621
0.999999980832481 0 0.000195793352644316
-0.999999986769495 0 0.000162668407605131
-0.999999947129083 -0 -0.000325179690123668
0.999999963066574 -0 -0.000271784568179258
0.999999976279683 -0 -0.00021780871094905
-0.999999985832032 -0 0.0001683328131346
0.999999981324238 0 0.000193265423178169
0.999999996246573 0 8.66421029444914e-05
-0.999999999724607 0 2.34688177378245e-05
-0.999999992681954 0 -0.000120979718327875
0.999999965047936 0 -0.000264393884062237
-0.999999999397457 -0 -3.47143613698805e-05
-0.000316997498214445 -0 -0.999999949756292
-0.999999999987216 0 5.05653088105548e-06
-0.999999962788904 0 -0.000272804308077389
0.999999999173515 0 4.06567341661266e-05
-0.999999890874496 -0 -0.000467173410633826
0.999999972054877 -0 -0.000236411179445015
0.999999975373269 -0 -0.000221931210026637
-0.999999957810897 0 -0.000290479265936864
0.999999998311822 0 5.81064231411297e-05
-0.999999989667136 0 0.000143755793366632
0.999999982229054 0 0.000188525573609086
0.999999991944103 -0 -0.000126932237322481
0.999999998004525 0 6.31739675203728e-05
0.999999987434382 -0 -0.000158528344227093
0.999999987709762 -0 -0.000156781619699695
0.999999999799701 0 2.00149606785927e-05
-3.53506402240907e-05 -0 -0.999999999375166
-0.999999964061313 -0 -0.000268099557984937
-0.999999999502343 -0 -3.1548606769081e-05
-0.999999951736476 -0 -0.000310688021158225
-0.000405413322311589 -0 -0.999999917820016
0.999999969926183 0 -0.000245250142952894
0.999999992938253 -0 -0.000118842303961403
0.999999976983037 -0 -0.00021455517941846
-0.999999988128159 0 0.00015408985017405
0.999999997843553 0 6.56726332129325e-05
0.999999944174722 -0 0.00033414151529406
-0.999999968307286 0 -0.000251764627343511
0.999999990854062 0 -0.000135247463404032
-0.999999999960046 0 8.93911510466506e-06
-0.000266120148479754 -0 -0.999999964590033
-0.999999982265991 0 -0.000188329544769485
-0.999999931170374 -0 -0.000371024591219527
-0.999999988239704 0 0.00015336424805074
-6.8570581627456e-05 -0 -0.999999997649038
0.999999999879348 0 -1.5533951225679e-05
0.999999985549642 0 0.000170002106914534
0.999999999620446 -0 2.7551914161906e-05
-0.999999999336787 -0 -3.64201223177971e-05
-0.999999978723488 -0 0.000206283842248233
0.999999963256382 -0 -0.000271085290522155
-0.999999991138703 -0 0.000133126230778487
-0.999999967274367 -0 -0.00025583444839368
-0.999999998748883 -0 -5.00223358641855e-05
0.999999979314708 -0 0.000203397601011586
-0.999999995269112 -0 -9.72716657033972e-05
0.999999984786261 -0 0.000174434736511204
-0.999999993905932 -0 -0.000110399894092794
0.999999998400482 -0 -5.65600274972244e-05
-0.999999982911606 -0 0.00018486965248167
-0.999999987406756 -0 -0.000158702516093889
0.999999995470004 -0 -9.51839897660731e-05
-0.999999979928132 0 0.00020035901577851
-0.9999999888368 -0 0.000149420213498166
0.999999993979678 0 0.000109729872996152
-0.999999994327966 -0 -0.000106508530130453
-0.999999992696294 -0 0.000120861127497322
-0.999999997754651 -0 -6.70126681457623e-05
-0.999999999148466 -0 -4.1268234746314e-05
-0.999999992631438 0 0.000121396557930409
0.99999999354278 0 0.000113641718774641
-0.999999986609576 0 0.000163648551816199
-0.999999996681271 -0 8.14705924337571e-05
0.999999999850689 0 -1.72806739985054e-05
-0.000133211082993927 -0 -0.999999991127404
0.999999999288138 -0 -3.7732268511233e-05
0.999999996815861 -0 7.98014950493008e-05
-0.999999957616891 -0 -0.000291146383853964
-0.999999981681878 0 0.000191405965001554
0.999999999522491 0 -3.09033675728414e-05
-0.999999955796089 -0 -0.000297334526793506
-0.999999989692974 -0 -0.000143575946251892
-0.999999986292666 0 0.000165573755570746
-0.999999998564897 -0 -5.35743019240403e-05
-0.999999994664226 0 0.000103303187091975
-0.999999993566874 0 0.000113429500923011
-0.000111267311915701 -0 -0.999999993809793
-0.99999999597293 0 8.97448622732798e-05
0.999999999973232 -0 7.3168307606326e-06
-0.999999999464882 0 3.27144589216476e-05
-8.43057274965638e-05 -0 -0.999999996446272
-0.000575629652590519 -0 -0.999999834325238
-0.999999992934428 0 0.000118874485521248
0.999999988770017 -0 0.000149866491619399
-0.999999900467369 0 0.000446167291022612
-0.999999970729774 0 -0.000241951340479582
-0.000537506058280185 -0 -0.999999855543608
-0.000454084607814186 -0 -0.999999896903579
0.999999996346788 -0 8.54776223210664e-05
4.61602321101307e-05 -0 -0.999999998934616
-0.99999996668302 0 0.000258135542520789
-0.99999998620241 0 0.000166117968074003
0.99999997774405 -0 0.000210978435313532
-0.999999994420306 0 0.000105638005472353
-0.999999998436518 0 5.59192666549925e-05
-0.999999998816801 0 4.8645637377117e-05
-0.999999991610561 0 0.000129533304793902
-0.999999999965204 0 8.34224465477822e-06
0.999999956754747 -0 0.000294092680647997
-0.999999993382037 0 0.000115047491965792
-0.999999999002583 -0 4.46635749094809e-05
-0.99999999590437 0 9.05055781844894e-05
-0.999999981921045 0 -0.000190152332124988
-0.999999991657112 0 0.000129173435939337
-0.999999973898267 0 -0.000228480779190062
-0.999999986698708 -0 -0.000163102985984216
-0.999999988786906 0 0.00014975375793592
-0.999999997416444 0 7.18826338887143e-05
-0.999999990845751 0 0.00013530890158844
-0.999999995499199 0 9.4876777011891e-05
-0.999999997951037 0 6.40150536635548e-05
-0.999999987546378 0 0.000157820291714399
0.999999867399984 -0 0.000514975742060303
-0.999999996207687 0 -8.70897562316373e-05
-0.999999992666205 0 0.000121109826999072
-0.99999999672546 0 8.09263871893864e-05
-0.999999999764105 -0 -2.17207216286318e-05
-0.999999999890766 -0 -1.4780638592333e-05
-0.999999982224936 -0 0.000188547416032679
-0.999999997462187 0 -7.12434264653035e-05
-0.999999997718337 0 6.75523914019598e-05
-0.999999996775934 0 8.03002619389588e-05
-0.999999998366377 0 5.71598210602408e-05
0.999999867637943 -0 0.000514513456945952
-0.999999994518161 0 0.00010470758513192
-0.99999999895926 0 4.56232518879852e-05
-0.999999999834391 0 1.81993873381417e-05
-0.999999998250675 0 5.91493916419785e-05
-0.999999999881766 -0 -1.53775090420831e-05
-0.999999999595089 0 2.84573688871484e-05
-0.999999998375474 0 -5.70004557613962e-05
-0.999999999298587 0 3.7454316017024e-05
-0.999999999952786 -0 9.71738791076455e-06
-0.99999999898934 0 4.49590842891121e-05
-0.999999999968722 -0 7.9092214943812e-06
0.999999964340799 0 0.000267055050725852
-0.999999999765121 -0 -2.16739099363646e-05
-0.999999999175718 -0 4.060251373012e-05
-0.999999999576264 0 -2.91113847073911e-05
-0.99999999265096 0 0.000121235635579408
-0.99999999881993 0 4.85812706183113e-05
-0.999999995847239 0 9.11346356441558e-05
-0.999999997918694 0 6.45183025447796e-05
-0.9999999998239 0 1.87669993432485e-05
-0.999999995961491 0 -8.98722279097751e-05
-0.999999987250036 -0 0.00015968696767358
-0.999999999549097 -0 -3.00300980462561e-05
0.999999884532866 0 0.000480556192976355
-0.000440286397799992 -0 -0.999999903073939
-0.999999996137428 0 8.7892803664294e-05
0.999999969556563 0 0.000246752657167662
-0.999999997447895 0 7.14437554047653e-05
0.999999954487719 0 0.000301702767205642
-0.000448399699800924 -0 -0.99999989946885
0.999999949954083 0 0.000316372930069573
-0.9999999964549 0 8.42033256701922e-05
-0.999999995349743 0 9.64391724727697e-05
-0.999999998350115 0 5.74436270615419e-05
-3.92130641554727e-06 -0 -0.999999999992312
-0.999999999766484 0 2.16109128763959e-05
0.999999984185352 0 0.000177846272806655
0.999999959978882 -0 -0.000282917364120834
-0.999999999131421 0 4.16792244870483e-05
0.999999963907404 0 0.000268673019798296
-7.93435099016258e-05 -0 -0.999999996852304
0.999999945780033 0 0.000329302189083718
0.999999974027479 -0 -0.00022791454966084
0.99999999936889 0 3.55277443080439e-05
-0.99999998933945 0 0.000146017466512122
-0.9999999858532 0 0.000168207011832794
-0.999999992466788 0 0.000122745360370862
-0.999999989072927 0 0.000147831479101921
0.999999966876087 -0 -0.000257386526414802
0.99999989560344 0 0.000456938846984538
-0.999999999357879 0 3.58363285838085e-05
-0.000512901338015259 0 0.9999998684661
-0.000335292746286757 -0 -0.999999943789386
-0.999999987994336 0 0.000154955892825933
-0.000141573122564336 -0 -0.999999989978525
-6.11769936532496e-05 -0 -0.999999998128688
-0.000197008932260669 -0 -0.99999998059374
-0.000485955738081672 -0 -0.999999881923503
-3.37765377287866e-05 -0 -0.999999999429573
8.75374095187308e-05 -0 -0.999999996168601
-0.99999994819169 0 0.000321895352280388
-6.97643261567754e-05 -0 -0.99999999756647
-0.000146330536406311 -0 -0.999999989293687
-0.000460661866452505 -0 -0.999999893895317
-0.000490110425305639 -0 -0.999999879895878
-0.0002968823697434 -0 -0.999999955930428
-0.999999939990617 0 0.0003464372419747
0.999999996087499 0 8.84590477830563e-05
-1.61074149197725e-05 -0 -0.999999999870276
8.80611329417438e-05 -0 -0.999999996122618
-0.999999955430423 0 0.000298561806056611
-0.999999993068733 0 0.000117739261534287
0.999999915879342 -0 0.000410172292452936
-0.999999987844254 0 0.000155921426918258
0.999999940109624 0 0.000346093554882163
-0.999999991332771 0 0.000131660387292244
0.999999898235098 -0 0.00045114276425644
0.999999995135269 -0 9.86380323160139e-05
-0.000425902967836064 -0 -0.999999909303327
-0.000393303278841703 -0 -0.999999922656262
-0.000355337657876319 -0 -0.999999936867572
0.99999999136451 0 0.000131419101992105
0.999999982079813 0 0.000189315538836881
-0.999999983586345 -0 0.00018118308501488
-0.000176615864776323 -0 -0.999999984403418
0.999999971441796 0 0.000238990389785325
-0.999999987425568 0 0.00015858393254117
-0.999999977315168 0 0.000213001558847522
0.999999959796126 -0 0.000283562595964414
0.999999983970766 -0 0.000179048784816028
-0.000523289423483459 -0 -0.99999986308408
0.99999997431971 0 0.00022662872797897
-0.000456957764470665 -0 -0.999999895594795
0.999999958870378 0 -0.000286808720402217
-0.999999977235327 0 0.000213376066912308
-6.24117018254313e-05 -0 -0.99999999805239
-0.000117859220244975 -0 -0.999999993054602
-0.000453303402991705 -0 -0.999999897258007
-0.000466820759593505 -0 -0.999999891039183
-0.000433164895827032 -0 -0.999999906184082
0.999999957811743 0 0.000290476355554187
-2.01860293559349e-05 -0 -0.999999999796262
0.999999992608144 0 0.000121588286685255
0.999999936912758 -0 0.000355210474153722
-0.999999987230872 0 0.00015980693365813
0.999999915508104 -0 0.000411076373667473
-0.000391761387272398 -0 -0.999999923261505
0.999999958340007 -0 -0.000288652011275287
-0.99999998887262 0 0.000149180296079818
0.999999926289707 0 0.000383953878595216
0.999999949184712 0 0.000318795503590845
-0.000258340346155226 -0 -0.999999966630132
0.999999967576071 -0 0.000254652425539022
-0.999999991735162 0 0.00012856778524262
0.999999997202606 0 7.47983210839609e-05
0.999999927999579 0 0.000379474421450167
-0.999999978091165 0 0.000209326705733042
-0.00046932234971268 -0 -0.99999988986826
0.999999977328547 -0 0.000212938738233755
-0.999999999466508 0 3.26647204754768e-05
-0.000477077354695863 0 0.999999886198592
-0.99999998760357 0 0.000157457483377449
0.999999972361837 -0 -0.000235109176042341
-0.000536285967881882 -0 -0.99999985619867
-0.000132453292028466 -0 -0.999999991228063
-0.999999984943316 0 0.00017353203759483
0.999999969385944 -0 0.000247443145482009
-0.000399956646141276 -0 -0.999999920017337
-0.000179009189056595 -0 -0.999999983977855
-0.000350992776685176 -0 -0.999999938402034
-0.999999992233367 0 0.000124632525453944
-0.000123631892130224 -0 -0.999999992357578
0.999999934508225 0 0.000361916490562476
-0.000100804521422895 -0 -0.999999994919224
0.999999909184242 -0 0.000426182480964328
-0.000129650345845135 -0 -0.999999991595394
-0.000458827365070261 -0 -0.999999894738719
8.83098324460531e-05 -0 -0.999999996100687
-0.000473798867123362 -0 -0.99999988775731
-0.000275272167102973 -0 -0.999999962112616
-0.00025358879705418 -0 -0.99999996784636
5.77523968732784e-05 -0 -0.99999999833233
0 4.24678255129888e-05 0.999999999098242
0 0.99999999961588 2.77171329692408e-05
0 0.999999822794978 0.000595323451355524
0 0.000112254870348213 0.999999993699422
0 0.999999998765299 4.9693087869435e-05
0 0.999999999295735 3.75303861537199e-05
0 0.999999928786313 0.000377395506059492
0 0.999999998638082 -5.2190382049819e-05
0 0.999999999860972 1.66750269249415e-05
0 0.999999840443604 0.000564900669760217
0 0.999999998778417 -4.9428392170385e-05
0 0.999999958895549 0.000286720943260386
0 0.999999996834868 7.95629527811916e-05
0 0.999999997975685 6.36288458357536e-05
0 0.999999999536047 3.04615659701639e-05
0 0.999999956926266 0.000293508886988454
0 0.99999999717288 7.51946788716496e-05
0 2.96026064460033e-06 0.999999999995618
0 0.999999966612747 0.000258407634204504
0 0.999999999142968 4.14012683549907e-05
0 4.29915525786021e-05 0.999999999075863
0 0.999999996609375 8.23483493995834e-05
0 0.999999936130398 0.000357406212355263
0 0.999999849634089 0.000548390188863557
0 5.80040176762066e-05 0.999999998317767
0 7.6980991934037e-05 0.999999997036964
0 0.999999997624094 6.89333899753572e-05
0 0.999999970002908 0.000244937102180708
0 0.999999978272685 0.000208457738172058
0 0.999999874298384 0.000501401253514634
0 0.000126456884471077 0.999999992004328
0 0.999999950795212 0.000313703003109476
0 0.999999999377853 3.52745664493979e-05
0 0.999999999174648 4.06288490586394e-05
0 0.999999900280607 0.000446585687589147
0 7.1187838149554e-05 0.999999997466146
0 0.999999999538805 3.03708657016607e-05
0 0.999999972946855 0.000232607585604482
0 0.999999822690452 0.000595499005598876
0 0.999999968400428 0.00025139439755142
0 0.999999834278058 0.000575711608951
0 0.999999995314821 -9.6800605662193e-05
0 0.999999993611424 -0.000113036068074506
0 0.999999998138519 6.10160749375766e-05
0 0.0001273404767424 0.999999991892201
0 0.999999981391202 0.000192918621953842
0 0.999999999804099 1.97939680181084e-05
0 0.999999995491144 9.49616292284409e-05
0 0.999999995576443 -9.40590976301972e-05
0 0.000116336413279351 0.999999993232919
0 7.27121949136337e-05 0.999999997356468
0 6.47861087150057e-05 0.99999999790138
0 0.999999999708022 2.41651668986762e-05
0 0.999999881569206 0.00048668426499406
0 0.999999998668984 5.15948813012916e-05
0 0.999999806406136 0.000622244076919827
0 0.999999935213177 0.000359963390973441
0 0.999999997186504 7.50132746979476e-05
0 0.999999998642588 5.21039764155242e-05
0 0.999999997421797 -7.18081135314069e-05
0 0.999999996698887 8.12540817651818e-05
0 8.73560053455747e-05 0.999999996184464
0 0.999999996149112 -8.77597700568155e-05
0 0.999999999969091 7.86240798309591e-06
0 0.999999917918438 0.000405170479995618
0 0.999999996695669 -8.12936775261258e-05
0 0.999999986786149 0.000162565991229816
0 6.92216706899254e-05 0.99999999760418
0 0.999999935715627 0.000358564835692082
0 0.999999998299138 5.83243053287576e-05
0 0.999999852995788 0.000542225417511084
0 0.00011293659118391 0.999999993622663
-0 0.999999997693856 -6.79138245939571e-05
-0 0.99999999919514 -4.01213073605455e-05
0 8.83683456965015e-05 0.999999996095518
0 0.999999996753215 -8.05826927829272e-05
0 0.999999995666249 -9.30994206613653e-05
0 0.999999999814243 -1.92747229412483e-05
0 0.999999996625131 -8.21567952654187e-05
0 0.999999998154552 6.07527507570258e-05
0 0.999999998687038 5.12437799680116e-05
0 0.999999841912871 0.000562293724182228
0 0.999999854965881 0.000538579814662794
-0 0.999999994845064 -0.000101537537761482
0 0.999999990683513 0.00013650265336921
0 0.999999953405781 0.000305267811533568
0 0.999999995204573 -9.79329047219255e-05
0 0.999999992987543 0.000118426832238489
0 0.999999996497883 8.36913019863793e-05
0 0.99999999481442 -0.000101838893369272
0 6.00140664402436e-05 0.999999998199156
0 0.999999920254716 0.000399362695276218
0 5.36445221906721e-05 0.999999998561133
0 0.999999979492579 0.000202521211971108
0 5.59647086480586e-05 0.999999998433976
0 5.87559587879577e-05 0.999999998273869
0 0.999999954135293 0.0003028686374596
0 5.04699891547029e-05 0.99999999872639
0 0.999999894902424 0.000458470435763616
-0 0.999999995133249 -9.86585141363988e-05
0 8.42838777960813e-05 0.999999996448114
0 0.999999873132362 0.000503721410276232
-0 0.999999994553479 -0.000104369740597558
0 0.999999919103156 0.000402235854001671
0 0.999999883290169 0.000483135228321539
0 7.44852511823542e-05 0.999999997225974
0 0.999999999443715 3.33552197658706e-05
0 0.999999996280095 8.6254338063748e-05
0 6.82620009912474e-05 0.99999999767015
0 0.999999989372747 0.000145789248832883
0 0.999999992801457 -0.000119987859807507
0 0.999999992665308 -0.00012111723392376
0 0.999999995682577 -9.2923873634286e-05
0 0.999999972947536 0.000232604660669759
0 0.999999921779222 0.000395526927517581
0 0.999999993620019 -0.000112959997939107
0 0.000136594897957263 0.999999990670917
0 7.62934212215118e-05 0.999999997089657
0 0.999999798893915 0.000634201962798582
0 0.99999999935515 3.59123987205179e-05
0 0.999999793358305 0.00064287117523245
0 0.999999999013789 4.44119541060371e-05
0 9.44774942912661e-05 0.999999995537002
0 6.89729784604536e-05 0.999999997621364
0 7.60037653514105e-05 0.999999997111714
0 0.999999990019078 0.000141286391635279
0 0.999999999207015 3.98242445637856e-05
-0 0.999999999996139 -2.7788587431025e-06
0 9.12385945252507e-05 0.999999995837759
0 0.99999992657649 0.000383206230415056
0 9.35529310935324e-05 0.999999995623924
0 0.999999999813961 -1.92893530730128e-05
0 0.999999996219145 -8.69580905041467e-05
0 0.999999964129944 0.000267843444304505
0 0.999999984377053 0.000176765080108087
0 0.999999998654756 5.18699088600248e-05
0 9.04310578275198e-05 0.999999995911112
0 0.999999963805554 0.000269051835214446
0 0.999999993161593 -0.000116947913848598
0 0.999999921414267 0.000396448558354811
0 0.999999997780457 -6.6626460318188e-05
0 6.39025018759116e-05 0.999999997958235
0 0.999999886051325 0.000477385942541561
0 5.31617587670574e-05 0.999999998586914
0 0.999999962341007 0.000274441223733764
0 0.999999901977178 0.000442770409151153
0 0.999999929145826 0.000376441686370342
0 9.12268875095956e-05 0.999999995838827
0 0.999999969928332 0.000245241382700717
0 0.999999994798019 -0.000101999815721318
0 0.999999997389242 7.22600596350942e-05
0 0.999999996658699 -8.17471806837396e-05
0 6.4247753338536e-05 0.999999997936113
0 0.999999999244545 3.88704210924634e-05
0 0.999999926749055 0.000382755644984202
0 0.999999993815326 0.000111217573470373
0 0.999999891188011 0.00046650183988552
0 0.999999948438159 0.00032112875745933
0 0.999999886561958 0.000476315096441325
0 0.999999885305639 0.000478945412739985
0 8.91202868032139e-05 0.999999996028787
0 8.43687300128728e-05 0.999999996440959
0 7.1378017128224e-05 0.999999997452589
0 0.999999997290968 -7.36075014908709e-05
0 0.999999995252305 -9.74442877953394e-05
0 0.999999808331166 0.000619142657568743
0 0.999999998487545 -5.4999185439136e-05
0 7.03539697574876e-05 0.999999997525159
0 0.999999954707717 0.00030097269767456
0 0.999999994368571 0.00010612661512176
0 0.999999993490473 -0.000114101071797763
0 0.999999995171142 9.82736741918663e-05
0 0.999999933592835 0.000364436998346911
0 0.999999960704827 0.000280339696371614
0 0.000107316059548375 0.999999994241632
0 0.999999980122283 0.000199387646391394
0 0.999999993002597 -0.000118299648502066
0 0.999999995010088 -9.98990648912761e-05
0 6.58950010280937e-05 0.999999997828924
0 0.999999992391711 -0.000123355493058699
0 6.93943000590356e-05 0.999999997592216
0 0.999999984229826 0.000177596023532329
0 0.999999905324105 0.000435145702085935
0 0.999999992623433 -0.000121462478104935
0 0.000104720841926475 0.999999994516773
0 8.66713595697285e-05 0.999999996244038
0 0.999999945424443 0.000330380253059821
0 0.999999969419617 0.000247307026879457
0 0.999999791884781 0.000645159200953308
-0 0.999999992959611 -0.0001186624568449
-0 0.999999993716489 -0.000112102730077373
0 0.999999997077143 -7.64572685095919e-05
0 0.999999991553997 0.000129969251059304
0 0.000114712572367483 0.999999993420513
0 0.999999993624315 -0.000112921966509385
0 0.999999828187776 0.00058619486345633
0 0.999999994702683 -0.000102930236062536
0 0.999999966701905 0.000258062375498332
0 0.999999997021402 -7.71828706522009e-05
-0 0.999999996950528 -7.80957341140952e-05
0 0.999999993887506 -0.000110566666314215
0 0.999999996590186 -8.2581041797669e-05
0 0.999999977861508 0.000210420966030171
0 0.999999795642921 0.000639307529168085
0 0.999999985480189 0.000170410157151721
-0 0.999999998729932 -5.03997688880363e-05
0 0.999999997173863 -7.51816039759278e-05
-0 0.999999997422008 -7.18051885964686e-05
0 0.999999828633415 0.000585434147791418
0 0.999999996592247 8.255607798735e-05
0 0.99999996566482 0.000262050298358277
0 0.999999972354269 0.000235141364876157
0 0.999999997202503 7.47996889639809e-05
0 0.999999994127724 -0.000108372288468926
0 0.999999915042643 0.000412207115468371
0 0.999999999480886 -3.22215491738542e-05
0 0.999999993853816 -0.000110870954132002
0 0.000131047518846347 0.999999991413274
0 0.999999980921477 0.000195338285177402
0 0.99999992929443 0.000376046718347539
0 0.999999995257587 9.73900673599704e-05
0 0.999999998519324 5.44183130035943e-05
0 8.84824545384264e-05 0.999999996085428
0 0.999999999618875 2.76088758150131e-05
0 0.999999994112176 -0.000108515653935227
0 0.999999994400653 -0.000105823884358406
0 0.999999937114776 0.000354641290615106
0 0.999999990257807 0.000139586480604337
0 0.000107526720345532 0.999999994219002
0 0.999999998625613 5.24287460582601e-05
0 0.999999997305922 7.34040657176271e-05
0 0.999999995352979 -9.6405615756721e-05
0 9.61891050890074e-05 0.999999995373828
0 0.999999851151318 0.000545616478319953
0 0.999999908167061 0.000428562562605038
0 0.999999904366826 0.000437340072199097
0 0.000120795389221718 0.999999992704237
0 0.00010362658157486 0.999999994630766
0 0.99999999668591 -8.141363623812e-05
0 0.999999944549052 0.000333019359023558
0 0.999999881626168 0.000486567209415588
0 0.999999989622924 0.000144063013391389
0 3.03607175597924e-05 0.999999999539114
0 0.999999994628198 0.000103651356210137
0 0.999999995441684 -9.54810525594953e-05
0 0.99999999699991 -7.74608267824852e-05
0 0.999999920227841 0.000399429983320145
0 0.999999998064691 -6.22142978205507e-05
0 0.000120491101404978 0.999999992740947
0 9.21982642186214e-05 0.99999999574974
0 0.999999997907921 6.46850747682103e-05
0 0.999999997216376 -7.46139919753063e-05
0 0.999999990481136 0.000137977271657215
0 0.999999999125126 -4.18299932423563e-05
0 8.00150807830194e-05 0.999999996798793
0 0.999999987264514 0.000159596280141343
0 0.999999994766038 -0.000102312878344682
0 0.999999997534523 7.02207542505167e-05
0 0.999999998491329 5.49303366905237e-05
0 0.999999999998767 -1.57048827986534e-06
0 0.999999998416736 -5.6271921404951e-05
0 0.999999998786791 -4.92586913735904e-05
0 0.999999966003634 0.000260754159401736
0 0.999999993549096 -0.000113586130459545
0 0.999999890987278 0.000466931936202753
0 0.999999895283042 0.000457639492462705
0 -1.86499655650858e-05 0.99999999982609
0 0.999999988509613 0.000151594109488349
0 0.999999945069109 0.000331454038772146
-0 0.999999992446111 -0.000122913696922414
0 8.71658263676273e-05 0.999999996201059
0 0.999999999810532 1.94662734392702e-05
0 6.80893716220969e-05 0.999999997681919
0 0.999999983197616 0.000183316031883208
0 0.999999996748969 -8.06353634395829e-05
0 0.999999960927608 0.000279543881325154
0 0.999999885124791 0.000479322860232198
0 8.53635134790521e-05 0.999999996356535
0 0.999999997265928 -7.39468958069711e-05
0 0.999999869356797 0.00051116180254559
0 0.999999909420426 0.00042562793669664
0 0.999999980110031 0.000199449084573823
0 0.999999999367489 3.55671508944076e-05
0 0.999999993573333 -0.000113372544727906
0 7.30545214406958e-05 0.999999997331519
0 0.99999999945811 -3.29208232691465e-05
0 0.999999998942435 -4.59905349512355e-05
0 8.11064234828192e-05 0.999999996710874
0 0.999999998199156 -6.00140664402436e-05
0 0.99999999030757 0.000139229522134191
0 0.999999999891543 -1.4727974301644e-05
0 0.999999906531014 0.000432363230994527
0 0.999999967896056 0.000253392753671119
0 0.999999991977494 0.00012666890587086
0 0.999999988081226 0.000154394130710617
0 0.99999999404165 0.000109163636156917
0 0.999999995691001 -9.28331715478412e-05
0 0.999999997928211 -6.43706369859196e-05
0 0.999999919773754 0.000400565207126154
0 0.999999997646228 6.86115452685347e-05
0 0.999999986992715 0.000161290326735325
0 0.99999992981389 0.000374662802315476
0 0.999999998129941 6.11565118326807e-05
0 0.999999966475761 0.000258937207450343
0 0.000143868527050408 0.999999989650923
0 0.999999981600585 0.000191830211514756
0 0.999999888253041 0.000472751420492284
0 0.999999996516338 -8.34704985029754e-05
0 0.999999937352161 0.000353971291420387
0 8.71307198725389e-05 0.999999996204119
0 0.999999996757111 8.05343294931365e-05
0 0.999999996734089 -8.08196852720212e-05
0 0.999999912685569 0.000417886173880255
0 0.999999946937226 0.000325769159047207
0 0.999999999321785 -3.68297405407574e-05
0 0.999999978647372 0.000206652500445055
0 8.06792447395258e-05 0.99999999674543
0 0.999999990500289 -0.000137838388182238
0 0.999999997410552 7.19645538948568e-05
0 0.999999976908275 0.000214903348518133
0 0.999999996884258 7.89397451895353e-05
0 0.999999970634507 0.000242344766025093
0 0.99999998391704 0.000179348597911036
0 0.99999999755564 6.99193913643143e-05
0 0.999999999835373 -1.81453506199573e-05
0 0.999999997873423 -6.52162051187695e-05
0 0.999999997519598 -7.04329721046752e-05
0 0.999999959057294 0.00028615627081136
0 0.99999999821956 5.96731150682745e-05
0 0.999999917755946 0.000405571326977587
0 0.999999991658625 0.000129161721647871
0 6.08830413293001e-05 0.999999998146628
0 0.000143248251682974 0.999999989739969
0 0.999999984683264 0.000175024205466279
0 8.07816538419443e-05 0.999999996737162
0 0.999999992361918 0.000123596778359583
0 0.999999865530401 0.000518593463583399
0 0.999999997126934 7.58032472372541e-05
0 0.999999995565023 9.41804314977591e-05
0 0.999999982075675 0.000189337395812379
0 0.999999999532517 -3.05772300492055e-05
0 0.999999949121759 0.000318992914854487
0 0.999999987565304 0.000157700325729735
0 0.999999993100734 0.000117467155277077
0 0.999999955726928 0.000297567037264167
-0 0.999999999004211 -4.46270932581125e-05
0 0.999999992601739 -0.000121640957341255
0 6.25215105771018e-05 0.99999999804553
0 0.999999993973104 0.000109789761402192
0 0.999999999711195 2.40335048077835e-05
0 0.000101818411548907 0.999999994816505
0 0.999999996115795 8.81385782336875e-05
0 0.999999963199255 0.000271295944023762
0 0.999999932199436 0.000368240577410322
0 0.999999992840209 0.000119664458050437
0 0.99999999812895 -6.11727008382814e-05
0 0.999999998047822 6.24848470268988e-05
0 0.9999999950438 9.95610384574794e-05
0 0.000110028310944208 0.999999993946885
0 0.999999999917482 -1.28466608647017e-05
0 0.999999971109061 0.000240378613274653
0 8.8807224178665e-05 0.999999996056639
0 0.9999999943141 0.000106638638802293
0 0.999999980974593 0.000195066178930099
0 0.999999974632738 0.000225243254788079
0 0.000120417956204675 0.999999992749758
0 0.999999970407168 0.000243281036168085
0 0.000163509668342834 0.999999986632294
0 0.999999983595355 0.000181133346571078
0 7.37742737139871e-05 0.999999997278678
0 0.999999967361536 0.000255493497053308
0 0.9999999956518 -9.32544931439769e-05
0 0.999999978479561 0.000207462954759664
0 0.999999991842397 0.000127730991929941
0 0.99999999673185 8.08473921183444e-05
0 0.999999994713981 0.000102820420036008
0 0.999999991584391 0.000129735183508776
0 0.00010357684312941 0.999999994635919
0 0.999999982530334 0.000186920657515301
0 0.999999993024223 0.000118116694551692
0 0.999999996576642 -8.27448890855034e-05
0 0.999999999857091 1.69061677273417e-05
0 0.999999998270348 5.88158471947696e-05
0 0.999999981829985 0.000190630609896793
0 0.999999997422218 -7.18022636615303e-05
0 0.999999997953658 6.39740972983961e-05
-0 0.999999996408548 -8.47520129039618e-05
0 0.999999950626181 0.000314241365717747
0 0.999999999858692 -1.68111691867926e-05
0 6.8440472954315e-05 0.999999997657951
0 0.999999995051798 -9.94806682308672e-05
0 0.99999997042069 0.000243225447856847
0 0.999999999595045 -2.84589241230866e-05
0 0.999999999998359 1.81177836111304e-06
0 0.999999997949438 -6.40400174739755e-05
0 0.000123861666866402 0.999999992329144
0 8.02959618480504e-05 0.999999996776279
0 0.999999991409259 0.000131078150627114
0 8.51177389094812e-05 0.999999996377485
0 0.999999999961381 -8.78852642893146e-06
0 0.999999995793597 -9.17213543068917e-05
0 0.999999999747722 2.24623308838721e-05
0 0.000132133004382698 0.999999991270435
0 7.18520021073959e-05 0.999999997418645
0 0.999999990655536 0.000136707457018401
0 -4.41339979740773e-05 0.999999999026095
0 8.89213257446191e-05 0.999999996046499
-0 0.999999999038512 -4.38517490271273e-05
0 0.999999998414517 5.63113316291809e-05
0 0.999999956841203 0.000293798557375522
0 0.999999999646193 -2.66010174433648e-05
0 0.999999999452896 -3.30788170505016e-05
0 0.999999998673509 5.15071077869627e-05
0 0.999999991864432 0.000127558362563806
0 0.999999963369716 0.000270666893901558
0 0.999999966027284 0.000260663442771452
0 0.999999995293556 -9.70200412647879e-05
0 0.999999949717333 0.000317120374575429
0 0.999999999985591 -5.36822381028737e-06
0 0.999999986499221 0.00016432150510879
0 0.999999999705472 2.42704972989853e-05
0 0.000135401160728452 0.999999990833263
0 0.999999979500874 0.00020248024833226
0 0.999999999990482 4.36310756408997e-06
0 0.000123601260349371 0.999999992361364
0 0.999999985689832 0.000169175456301819
0 0.9999999896402 0.000143943047405978
0 0.99999999924784 3.87855725129375e-05
0 9.95860022676824e-05 0.999999995041314
0 0.00015494867507624 0.999999987995454
0 0.999999976764062 0.000215573362304433
0 0.999999995074475 -9.92524578236782e-05
0 0.999999999899598 1.41705104383033e-05
0 0.999999988192992 0.000153668528587408
0 0.000127597958324175 0.999999991859381
0 0.9999999713897 0.000239208275593355
0 0.999999992667268 0.000121101044918425
0 0.999999997003203 7.7418313362528e-05
0 0.999999902961835 0.00044054093984228
0 0.999999957114126 0.000292868137139737
0 0.000101909113635113 0.999999994807266
0 0.000134889137053255 0.99999999090246
0 0.99999999766526 6.83335891377125e-05
0 0.999999985466723 0.000170489159496053
0 0.000111599488478431 0.999999993772777
0 0.999999993691711 0.000112323540834877
0 0.999999987754217 0.000156497813707441
0 0.999999999997441 2.26235715671795e-06
0 0.000127208825568528 0.999999991908957
0 0.000126623649415588 0.999999991983226
-0 0.999999993953644 -0.000109966865483271
0 0.999999989160553 0.000147237542701267
0 0.99999998781641 0.000156099906152018
0 0.999999995839361 -9.12210376397468e-05
0 0.999999950462393 0.000314762149613714
0 0.999999935811057 0.000358298593886502
0 0.999999982075675 0.000189337395812379
0 0.999999978833192 0.000205751344048183
0 0.000146282340464622 0.999999989300738
0 0.999999987256107 0.000159648943520542
0 0.999999995654528 -9.32252365187918e-05
0 0.999999982495315 0.000187107911550636
0 0.000146841177647131 0.999999989218834
0 0.999999996399747 8.48557898862934e-05
0 0.999999985421294 0.00017075541587736
0 0.999999999775625 2.11837395861711e-05
0 0.999999989478694 0.000145060721772001
0 0.999999982803256 0.00018545481406674
0 0.999999996190596 -8.72857850794434e-05
0 0.999999999045112 4.37009766338796e-05
0 0.99999999392837 0.000110196458321614
0 0.999999977886741 0.000210301014600906
0 0.999999978629232 0.000206740263040173
0 6.94235566843908e-05 0.999999997590185
0 0.999999952780264 0.000307310056254891
0 0.999999997160988 7.53526690139412e-05
-0 0.999999996510474 -8.35407187691754e-05
0 0.999999995913757 -9.04018012023119e-05
0 0.999999974564151 0.000225547549864231
-0 0.999999998757066 -4.98584885752847e-05
0 0.999999999451785 3.31123737669631e-05
0 0.999999937096092 0.000354693968541433
0 0.999999982243136 0.000188450864080285
0 6.89173901446776e-05 0.999999997625197
0 0.999999998073696 6.20693752976308e-05
0 0.999999981325669 0.000193258016253732
0 8.73881941816913e-05 0.999999996181652
0 0.999999988301994 0.000152957551138248
0 0.999999999885981 1.51009262464021e-05
0 7.00087255712453e-05 0.999999997549389
0 -2.65497237612286e-05 0.999999999647556
-0 0.99999999998997 -4.47876936955309e-06
0 7.65889269614641e-05 0.999999997067068
0 0.000138710280710055 0.999999990379729
0 0.999999945899948 0.000328937838267713
0 0.999999937249594 0.000354260932703875
0 0.999999996020839 8.92094318348398e-05
0 0.00013338232992777 0.999999991104577
0 0.999999995232765 9.76446167334716e-05
0 0.000112012027991462 0.999999993726653
0 0.999999999996699 2.56956991505892e-06
0 0.000142595787479872 0.999999989833221
-0 0.999999999973318 -7.30512738281112e-06
0 0.000172535871730696 0.999999985115686
0 0.999999999990379 4.38651431973412e-06
0 0.99999999976891 -2.14983592691511e-05
0 0.000150062520462828 0.99999998874062
0 0.999999997503608 7.06596327345802e-05
0 0.999999882786394 0.000484176825068442
0 0.999999989024863 0.000148156248735318
0 0.999999998019382 6.2938350186358e-05
0 0.999999979784838 0.000201072932696471
0 0.000141612718324482 0.999999989972919
0 0.999999999812577 1.93609448579175e-05
0 0.000144956937515866 0.999999989493743
0 0.000126082376389716 0.999999992051617
0 0.999999860533824 0.000528140448511198
0 0.999999974395597 0.000226293626500869
0 0.00011048473903298 0.999999993896561
0 0.99999999517214 -9.82635242311416e-05
0 0.999999969167298 0.000248325195190363
0 0.999999999279834 3.79517077544266e-05
0 0.999999999988237 -4.8503507059079e-06
0 0.99999992466262 0.000388168461800283
0 0.999999995143788 9.85516303206053e-05
0 7.69312534882283e-05 0.999999997040791
0 7.94942822938805e-05 0.999999996840329
0 0.999999828874865 0.000585021572029045
0 5.60846673606789e-05 0.999999998427255
0 0.999999970592656 0.000242517395380229
0 0.999999999910695 -1.33645344237154e-05
0 0.999999971176539 0.000240097732231231
0 0.000105004647924492 0.999999994487012
0 0.999999811744996 0.000613604084383443
0 0.000160528242964413 0.999999987115341
0 0.000159618311740157 0.999999987260997
0 0.999999985949006 0.000167636474916567
0 0.999999868240211 0.000513341562433364
0 0.999999993272187 0.000115998386847354
0 8.12527138851639e-05 0.999999996698998
0 0.999999972197876 0.000235805528783856
0 8.55653921968034e-05 0.999999996339282
0 0.000118644899959548 0.999999992961694
0 0.999999999830697 1.84012696959822e-05
0 0.999999960173995 0.000282226875825948
0 0.999999954237143 0.000302532168101879
0 0.999999952037373 0.000309718019675125
0 0.999999998757503 -4.98497137704347e-05
0 0.999999999961561 -8.7680455177446e-06
0 0.999999986861192 0.00016210372055703
0 0.000122615251699742 0.99999999248275
0 0.999999959297236 0.000285316538094032
0 0.99999995876878 0.000287162739352156
0 0.999999998475699 5.52141426919314e-05
0 0.999999998505599 5.46699374446427e-05
0 0.999999938481084 0.000350767483961788
0 0.99999991939475 0.000401510266537082
0 0.999999859727595 0.00052966479027729
0 0.999999960224354 0.000282048382055069
0 0.999999999999363 -1.12868701762564e-06
0 0.999999969423237 0.000247292387654081
0 0.999999992316648 0.000123962511636612
0 0.999999996539387 8.31939102531109e-05
0 0.000108261104562581 0.999999994139767
0 0.999999793535077 0.00064259614415588
0 0.999999778354473 0.000665801024883758
0 0.999999952361238 0.000308670572904761
0 0.999999970552909 0.000242681235379321
0 0.999999997269605 -7.38971573611282e-05
0 0.999999954732371 0.00030089077039807
0 0.999999993115847 0.000117338421761671
0 0.999999999293207 3.75976814855511e-05
0 0.999999932250066 0.000368103061831177
0 0.999999988416281 0.000152208534983771
0 0.999999786604055 0.000653293077593499
0 0.999999999910324 1.33922385418187e-05
0 0.999999992358301 0.000123626042260436
0 0.999999999908294 -1.35430100259641e-05
0 0.999999987009698 0.00016118499997701
0 0.999999999154613 -4.11190157699633e-05
0 0.000106253980757641 0.999999994355046
0 9.19056834147586e-05 0.999999995776673
0 0.999999965217909 0.000263750223815184
0 0.999999992898559 0.000119175848403266
0 0.999999995475572 9.51254765157346e-05
0 0.999999996084651 -8.8491229343206e-05
0 0.999999998743246 5.01348912900747e-05
0 8.13638905164061e-05 0.999999996689959
0 0.999999864324491 0.000520913620283829
0 0.999999975327795 0.000222136013666416
0 5.29423195243189e-05 0.999999998598555
0 0.999999992814978 0.000119875118846707
0 0.000134066982968985 0.999999991013022
0 0.000112418717634626 0.999999993681016
0 0.999999999770889 2.14061037646457e-05
0 0.999999964570567 0.00026619328639792
0 0.999999996000838 -8.94333494277365e-05
0 0.999999998988814 4.4970787666899e-05
0 0.000116155009107791 0.999999993254007
0 0.999999995338582 -9.65548383693468e-05
0 0.999999965571215 0.00026240725680201
0 0.999999900053128 0.00044709477166937
0 0.999999974782773 0.000224576165940797
0 6.09240013324613e-05 0.999999998144133
0 0.999999934191796 0.000362789750875393
0 0.999999910202025 0.000423787614573605
0 0.999999975184602 0.000222779703036846
0 0.99999998898538 0.000148422505119469
0 0.999999785354081 0.000655203626762604
0 0.00013115577054094 0.999999991399082
0 0.000136954781362677 0.999999990621694
0 0.999999958795662 0.000287069112341154
0 0.999999976098354 0.000218639639801149
0 0.999999995205146 -9.79270548520879e-05
0 0.999999912761359 0.000417704769741703
0 0.999999993624821 0.000112917484519581
0 0.999999987068582 0.000160819266705796
0 9.35529310935324e-05 0.999999995623924
0 0.999999970783928 0.000241727415627693
0 0.99999999860359 5.28471390851884e-05
0 0.999999974665678 0.000225096964395414
0 8.92109888897506e-05 0.9999999960207
0 0.999999975774853 0.000220114272576278
0 8.32920192645608e-05 0.99999999653122
0 0.999999990811671 0.000135560533299646
0 0.9999999973374 7.29739693145933e-05
0 0.000133938242178427 0.999999991030274
0 0.000158266569833902 0.999999987475846
0 0.000120435513090016 0.999999992747644
0 7.48041709538336e-05 0.999999997202168
0 0.999999964536292 0.000266322012626342
0 0.999999984909279 0.000173728066436006
0 -5.30577998851058e-05 0.999999998592435
0 0.999999997230984 -7.44179558509401e-05
0 7.74725337981811e-05 0.999999996999003
0 0.999999985929381 0.000167753501413897
0 0.999999994391215 0.000105913029389596
0 0.99999978362721 0.000657833971521377
0 0.999999990999889 0.000134164902803914
0 0.999999992470378 0.000122716111021914
0 0.999999789930264 0.000648181632390796
0 0.999999997400646 7.21020694926945e-05
0 0.999999992890188 0.000119246068668704
0.930493586445631 0.00121823885387208 -0.366306158121375
0.902061221118693 0.00113062562478294 -0.431606620708659
-0.914552210699897 -0.000773271489064965 -0.404467125926366
-0.923384883999992 -0.0010994466098155 -0.383873868891168
-0.97170061215675 -0.000785616511981438 -0.236214527793895
0.9510807549619 0.00363665437731216 -0.308920980650461
0.972536055404183 0.00120788012876713 -0.232749139556878
0.584249354587566 0.000516824394445283 -0.811574041327443
-0.95106984103283 -0.00171894981660455 -0.308971200420549
0.575589397832539 0.000448609040815388 -0.817738738138719
-0.858642517048387 -0.00131676051895678 -0.512573208486891
-0.211480682015693 -0.000386525176818382 -0.977382101193011
-0.500102149574253 -8.0090667995971e-05 -0.865966415963515
-0.741230362302692 -0.00016951597036774 -0.671250714163461
-0.808256256277923 -0.00146439956406341 -0.5888290751326
0.661533883009353 0.00089555164456971 -0.749914741565879
0.85630751759321 0.00313162341045596 -0.516456801918775
-0.912987602341047 -0.00135556409978397 -0.407985049257345
0.968285975481338 0.00137224273971609 -0.249840722533412
-0.00307628631815788 0.999960789810952 0.00830393299258754
0.806667151707077 0.00313566982299033 -0.590997693677017
0.910702710822094 0.00353328530640358 -0.413047319802747
-0.911835802919455 -0.00151564331066029 -0.410552276013163
-0.74158733303138 -0.00118559422437578 -0.670855291291453
-0.927430180636898 -0.00128060591165325 -0.373994144462596
-0.209900632240948 -0.000306137520305945 -0.977722675846617
0.658243817122209 0.000974551084397998 -0.752804176044852
-0.494580203784678 -0.000129093371113523 -0.869131983854701
0.849281115369555 0.00177294858355572 -0.527937916548873
-0.737467905728572 -0.000338396946931949 -0.675382094453073
-0.856311867195422 -0.00110965456835289 -0.516457892540165
0.912335291311884 0.00294575828085745 -0.409433314148972
-0.803504123240401 -0.000968603021121372 -0.595298400589034
0.92759609641859 0.00134607117879376 -0.373582213175863
0.901107104608923 0.00186750860756054 -0.43359254886924
0.667872136786843 0.00218889465278395 -0.744272811302398
-0.742487186913153 -0.00108039273450294 -0.669859395710272
0.743205076128887 0.00323075502481796 -0.669055884839394
0.8060466803102 0.00345940917043518 -0.591841855269714
0.799232441957732 0.00172152148289043 -0.601019583779151
0.853562266524759 0.00206969661208973 -0.520986730657365
0.911004844280881 0.00053682387752479 -0.412395302491302
-0.668049678329531 -0.0009773563239477 -0.744116034001705
0.584100598851129 0.00183945351063296 -0.811679189601738
0.738538327670412 0.00260773417406634 -0.674206450788086
0.798333146660446 0.00184980176021137 -0.602213222352912
0.852557922015525 0.0022195152748475 -0.522628035375557
0.969442240148403 0.00201141232143155 -0.245311429078467
-0.85594690814432 -0.00103454090731462 -0.517062684945732
0.495110819593278 0.00120322301938617 -0.868828998466349
0.667234671311627 0.00267169365658351 -0.744842772303438
0.737496076085693 0.00185292562780031 -0.675348876081706
0.851190581412103 0.0016281814706717 -0.524854211320082
-0.909713189559157 -8.37195569859433e-05 -0.41523716805356
-0.741425456236645 -0.000827143918034102 -0.671034729859209
-0.0028735980938547 -0.000233922145622085 -0.999995843848576
0.736287965525915 0.00154622841434829 -0.676666565598892
-0.0027298542210541 -0.000155523715243528 -0.999996261847166
-0.805537743867677 -0.000160139712519768 -0.592544443531323
-0.807277043356172 -0.00151546797763319 -0.590170719899696
-0.804129323345267 -0.00098896882538466 -0.594453575375693
0.802241391875936 0.00229069715924099 -0.59699539518114
0.95105345756091 0.000321418834650127 -0.309026240878296
0.663558476525654 0.00158335894683896 -0.748122744745405
-0.66888257945475 -0.000745723661750006 -0.743367700938223
0.585232315335101 0.00166323656899232 -0.810863965614228
-0.85614713122652 -0.00113272586469246 -0.516730884140589
-0.951055844878541 -7.20524620933747e-05 -0.309019052375104
0.866019378320961 0.000350946168554233 -0.500010313103002
0.866073564576474 0.00371859729583901 -0.499902743317089
-0.86602363860353 -0.000111704425994455 -0.500003044892752
-0.866047559165866 -0.00159494651833709 -0.499959079733982
0.663606084940434 0.00147171209221963 -0.748080743030822
-0.804236392148051 -0.00111682951962277 -0.594308487434354
-0.588137404267712 -0.000790321527310614 -0.80876063770013
-0.859051242968545 -0.00117260692269299 -0.511888256309132
-0.669120412575055 -0.00120291421251486 -0.743153030319318
-0.805180589364232 -0.00110308237382159 -0.593028668548448
-0.741062684132655 -0.000690754304876534 -0.67143549283948
-0.855059735917609 -0.00118445220310649 -0.518528152645049
-0.664790180700913 -0.000241469158719186 -0.747030091319147
-0.668698215020598 -0.000879295529912039 -0.74353340480952
-0.588226264188706 -0.000713348696922925 -0.808696082129891
0.856669505051378 0.00278899901658208 -0.515858101225049
-0.812215508505024 -0.000815216032388489 -0.583356926046778
0.801008046597218 0.00144345633848199 -0.598651840154448
0.308854056687618 0.000435661739512277 -0.951109342750059
-0.743143733239118 -5.24354598295212e-05 -0.669131817355855
0.737277746769901 0.00205616394667852 -0.675586631238157
-0.743172552595511 -0.00141350675805482 -0.669098317937893
-0.668814612630429 -0.0013389694354779 -0.743428020115505
0.20790093995093 0.000362373333200099 -0.97814981871546
-0.105704301134524 -0.00056566322680861 -0.994397446068108
0.304817606382044 0.000625468706275612 -0.952410539435814
-0.500063447739581 -0.000861771191965571 -0.865988340328676
-0.105565936519034 -0.000537836909088649 -0.994412159910728
0.582820376217717 0.00136198151431874 -0.812599873290535
-0.587760006260931 -0.000910910236083734 -0.809034823281849
-0.588363832111639 -0.000927714554032463 -0.8085957830762
-0.497026779971079 -0.0004937572666237 -0.867735061061464
0.494808273700433 0.000957094789248902 -0.869001643408781
0.308883603527702 0.000398950978346696 -0.951099763594681
-0.587772875228632 -0.000492270335880146 -0.809025836926969
-0.498079611762886 -0.00045799504913617 -0.867131184185339
0.000299795351158453 -0.000126159263736862 -0.999999947103292
-0.500034817328841 -0.000945708983347428 -0.866004784682759
0.104319279448872 0.000255543982454419 -0.9945438264011
0.904346169155707 0.00255313692918816 -0.426792089693821
-0.406761246424326 -0.000895147545831034 -0.913534064563659
-0.104366160962486 -0.000294672664325246 -0.994538896983911
-0.204609971862493 -0.000308749251071644 -0.978843534017736
0.402018584816683 0.000698499008533415 -0.915631241036001
-0.308910385371237 -0.000364075317834711 -0.951091079370928
0.308497671014177 0.000889688978694828 -0.951224681887697
-0.740927262446813 -0.000930526199644636 -0.671584637915478
-0.39690123870541 -0.000329455709294536 -0.9178612630311
0.304371067519433 0.00049311050286727 -0.95255341587709
-0.204990553795933 -0.000406792563171182 -0.978763867015046
-0.309785828205274 -0.000756887650422313 -0.950806062120061
0.582945814442474 0.00103349548877662 -0.812510374894423
0.581700350311315 0.00102867020972068 -0.813402510621459
-0.104567919741576 -0.000294589698288533 -0.994517703903671
-0.308860099532593 -0.000334516790265081 -0.951107421385846
0.103792117594253 0.000433792979227643 -0.994598918232346
-0.21066816781076 -0.000560847816400232 -0.977557470699797
0.20591956108351 0.000475353092397023 -0.978568806166747
-0.408034645224739 -0.000869473791505985 -0.912966030206846
-0.668812280730868 -0.000621167221939261 -0.743431064251997
-0.207899244134521 -0.000418669218998776 -0.978150156675538
0.204754976421191 0.000314184420829165 -0.978813210433384
0.304768927690175 0.00040574857696023 -0.952426236557285
0.736409892451377 0.00134268776666183 -0.676534306217588
0.104225754948918 0.000189357210978746 -0.994553646692412
0.207934391403845 0.000765587846132276 -0.978142475688876
0.103942562268189 0.000495289089678284 -0.99458317823993
-0.406725967526176 -0.000384804284132864 -0.913550129585432
0.406723438446347 0.000475859525211968 -0.913551212672882
-0.587813949861319 -0.00118763037439317 -0.808995271854248
8.63448111281776e-07 2.84955842443044e-05 -0.999999999593628
0.587841731707237 0.00238777043864615 -0.808972432790987
4.41122370283765e-06 -0.000145959591354239 -0.999999989338169
0.203286381647208 0.000328723001472431 -0.97911926698333
0.102498456456204 0.000111969595203947 -0.994733157126526
0.205156741839914 0.000194153079913783 -0.978729111441063
0.101802877379775 5.32579001300871e-05 -0.994804589515345
0.401794364302577 0.000781004699052004 -0.91572958827721
-0.00425145027797381 -0.000155480881371657 -0.999990950457168
-0.211321620646038 -0.00035168852454158 -0.977416517643688
-0.104743585817022 -0.000349866648068407 -0.994499200011504
0.100693337795787 0.000309309901292494 -0.994917461928842
-0.107950263147844 -0.000462896854966422 -0.994156188137867
0.801667916534291 0.00251929444582623 -0.597764338811764
-0.00439231316022355 -0.000215837372834465 -0.999990330452916
-0.501257886739694 -0.000776945857743838 -0.865297594666939
-0.501036801760667 -0.000906812404535586 -0.865425502843951
0.664348131083336 0.00188018050277843 -0.747420915981989
-0.107832344290724 -0.000410660558850941 -0.994169008208701
-0.409059151689748 -0.00063660706271294 -0.912507646625666
-0.211466917395579 -0.000517097820720456 -0.97738501904677
-0.311586635731044 -0.000579014446683842 -0.950217571494066
-0.500488310586737 -0.000603261476836116 -0.865743083738833
0.663675310371241 0.00199289807705446 -0.748018121946849
0.402102548535601 0.000596872226908831 -0.915594443083137
-0.501685012929993 -0.000613484099469927 -0.865050155446892
-0.901340005958636 -0.00120640997907468 -0.433110538123293
0.49966264744278 0.00161226217622267 -0.86621858636325
-0.207930649011259 -0.000639321307741487 -0.978143361920952
-0.309574437621897 -0.00047379018904375 -0.950875093318751
-0.741506628490239 -0.000664975212179521 -0.670945212154469
-0.210904190718402 -0.00046624644351324 -0.977506626551283
0.495689703149621 0.00119810044601379 -0.868498867441266
-0.40828899827001 -0.000777286228425081 -0.912852392075406
0.40418481725506 0.00107667126471107 -0.914676704786714
0.308529324797161 0.0010766976807735 -0.951214222172016
0.499040862595562 0.00180015293224749 -0.866576584560937
0.404197524657939 0.00111053626742378 -0.914671048940325
-0.309548123733018 -0.000814092556340456 -0.950883429420598
0.100862785828292 0.000273167420215227 -0.994900308480461
-0.311494372857157 -0.000635640541732947 -0.950247784338079
0.30478912658075 0.000564461937981308 -0.952419691995532
0.972322636118439 0.00188677454421072 -0.233634610821061
0.494849344763582 0.000969015915557576 -0.868978243108082
0.205970793452674 0.000562367826032518 -0.978557977836216
-0.408941002812919 -0.000566409684652448 -0.912560647517979
0.666416793064344 0.00113422045873949 -0.7455785481529
0.582548703208444 0.00146867616600819 -0.812794470564656
-0.589919911766802 -0.000522934520284644 -0.807461593043617
0.203160886886327 0.000278293460290418 -0.979145329658632
0.66348061143806 0.00120573586721051 -0.748192504938934
0.406785437576493 0.00177655095652024 -0.913522003918023
-0.906026624803407 -0.00120407304697546 -0.423218980381839
0.996614426057886 0.00106505033582975 -0.0822104095665078
-0.000804402776746244 0.999999674266545 -6.63549312589458e-05
-0.970459555635767 -0.00091600300391523 -0.241262122625426
0.739515419223214 0.00229549462299688 -0.673135703581046
-0.00089536931763524 0.999999596903258 -6.71349941053364e-05
-0.000731925327346701 0.999999730664889 -5.43641810372572e-05
0.997126587083527 0.00144169285850959 -0.0757396253810333
0.997176048519738 0.000798480408320444 -0.0750952108166612
-0.00091486994009515 0.99999957906416 -6.98891681370257e-05
-0.000634891854449236 0.999999797283327 -4.84317896307502e-05
0.997092857090683 0.000654464946051308 -0.0761932150153356
0.996919404795997 0.0016417993822898 -0.0784155905160685
0.901948782716602 0.00162602998319484 -0.431839958066103
0.904942935047892 0.00232867797167883 -0.425526569753065
-0.0013489540444649 0.999981560574579 0.00592105006027856
0.996858266241133 0.00125433166089108 -0.0791961089877882
-0.000259026471874818 0.99997540319806 -0.00700898738505223
0.996899125925234 0.000952302990112655 -0.0786843430964537
-0.000825914609312185 0.999998905953317 -0.0012271744894153
-0.00076246484537453 0.999998666994685 0.00144383385926649
0.997023790375402 0.00152936455470261 -0.0770793258242769
0.997133645080993 0.000692750782392043 -0.0756572134290275
0.969445519126537 0.000740089869181911 -0.2453056006545
0.000373537070551079 0.999991566700978 -0.00408986515420562
-0.906994339614075 -0.00114356396330895 -0.42114125916311
-0.996758606256228 -0.000627958194632476 -0.0804480361640228
0.975419945036333 0.00347518051321404 -0.220326698213626
0.996749110552367 0.000524173113817227 -0.0805663444349616
-0.000926950211793878 0.999992739417553 0.00369619743565379
0.99691857967925 0.00060568258363821 -0.0784409245159387
-0.972964407564496 -0.00085292935841915 -0.230953532391647
-0.664499662690491 -0.000286402553259589 -0.747288509384295
0.996935732127643 0.0018669769816067 -0.0782026879593699
-0.000899384221775736 0.9999994711461 -0.000498814135581074
-0.903259381379821 -0.00115336886872263 -0.429093416040839
0.928960097852608 0.0019819777362776 -0.37017456471498
-0.39530122972488 -0.000286501048621268 -0.918551498662512
0.806659462423302 0.000758333093218867 -0.591016020606775
0.996951962803718 0.00197816761525198 -0.0779927606557202
0.801429720337679 0.0014153191378798 -0.59808728479312
-0.000898160194473787 0.999999594266666 -6.90997064013923e-05
0.587756367405264 0.00106070776982023 -0.809037284353197
-0.970565470843525 -0.00054441743062817 -0.240836812833811
-0.104001059267383 -0.000295820213145519 -0.994577142388495
0.969667837790591 0.00065833874360624 -0.244425552969854
-0.975651772071224 -0.00160288912026432 -0.219319516689119
-0.411061997309716 -0.000429553724237283 -0.911607289270629
-0.666807614518549 -0.000581031014646131 -0.745229674411212
0.49405073091133 0.000573019178000988 -0.869432888114432
-0.101073185184961 -0.000378008577264447 -0.994878921450285
-0.930358463708306 -0.000985380742191796 -0.366649912083875
-0.00364020623378975 0.999413965050608 0.0340363828924024
0.994522479024026 -0.000159589190460077 -0.104522788171743
0.994527742391078 0.00284064441834298 -0.104434191497775
0.00225894012532201 0.999421435135343 -0.0339365905995604
-0.910586864988905 -0.000210941114945883 -0.413317694774279
0.912823298436854 0.000663200257124492 -0.408354240820738
0.972227628895605 0.000962619129562532 -0.234035277205042
-0.972734062578804 -0.000656451751013878 -0.231922427915098
0.909857587708612 0.000906505153701985 -0.414919689021227
-0.997400227573236 -0.000590229583776081 -0.0720585710786358
0.997518393226919 0.000389559766173654 -0.0704052797535362
0.99756116013343 0.00221860642397249 -0.0697625227380749
-0.000780498289816077 0.999999693910217 -5.47895263415904e-05
-0.921791879017137 -0.000492307619291597 -0.38768478099
0.930570951166403 0.00190656622931079 -0.366106637266343
0.934551970346169 0.00240504304071408 -0.355818535900066
-0.936263145837663 -0.00105693815349456 -0.351297885885901
0.91772282280831 0.00075486576986403 -0.39722065741149
0.809267158748548 0.000920238392000665 -0.587440055607681
0.844250138210761 0.00110457040748782 -0.535948210236144
-0.972809327428423 -0.00107495466781585 -0.23160495879994
0.9716226714077 0.00222295046251776 -0.236525776391932
0.732473958377352 0.00148268141509383 -0.680793435599107
-0.936140113031808 -0.00106980916008219 -0.351625573986242
-0.580410624437897 -0.000303665073447923 -0.814323900439581
-0.413671192006404 -0.000393515753776745 -0.910426268321248
-0.917073980487265 -0.000603469951054284 -0.398716628869756
-0.307685623375636 -0.000328460145437517 -0.951488018464699
-0.812269307649177 -0.00075905655625576 -0.583282089288083
0.934362656384643 0.00260108053820552 -0.356313991773924
-0.805034486239581 -0.000175436813741126 -0.593227987528318
-0.672257986990146 -0.00045596746279552 -0.740316818005393
0.404109453930104 0.000535826272123985 -0.914710479952274
-0.931947662415772 -0.000957381045364876 -0.362591558008888
0.489506381708009 0.000557719551320338 -0.871999536247604
0.304866336390162 0.000386316688324806 -0.952395069125968
-0.974015513057254 -0.00032271908979934 -0.226481072445806
0.974466470656752 0.000310102675212397 -0.224532851498628
0.30344465992827 0.000329010068157486 -0.952849006985573
0.494841986389048 0.000566030604448859 -0.868982789309372
0.502082942423933 0.000523540239023415 -0.864819313401674
-0.00620350730625719 -0.000251454020093076 -0.999980726448254
-0.108671711515476 -0.000458091116334133 -0.994077587147415
0.743122857816886 0.000879400885773077 -0.669154425259332
0.401555917823563 0.000566264156347848 -0.915834332292572
-0.593638845228619 -0.00038734391791482 -0.804731490250208
0.205040939474356 0.000252736173341792 -0.978753364879989
0.000554147635978439 -0.000159743545350708 -0.999999833701185
-0.308695401297593 -0.000353286814417803 -0.951160882504188
0.100078327022506 0.000172228905192698 -0.994979546924247
0.20487441358993 0.000222057538145069 -0.978788243363513
0.0998053087445123 1.97952793643268e-05 -0.995006984877272
0.969573413626189 0.00161261015267271 -0.244795414740055
0.973189633800528 0.00270274434940484 -0.229988329782571
0.975783894726048 0.00103205239284952 -0.218734372381487
0.843056471867183 0.00109353367861261 -0.537823939060871
-0.973541734634379 -0.00117624702525941 -0.228506252360892
-0.000336100613677222 0.999998611147754 -0.00163240281172735
0.974498383039028 0.00171157154022256 -0.224387994280404
-0.972140118671783 -0.000520292458506482 -0.234399912467068
-0.969074493352325 -0.000983307811557209 -0.246766406627163
0.972410646952703 0.000416493708097128 -0.233275288502697
0.000290899551715912 0.999986240888249 -0.00523769144191125
-0.974593251940288 -0.0011089395365253 -0.223979381920655
0.973841868878923 0.00262586276892556 -0.227211617799633
0.976291623580651 0.00240279888991712 -0.21644604936046
-0.977273972486144 -0.00107981978379294 -0.211977396649705
-0.997168558164729 -0.000560590527010501 -0.0751967575493512
0.997230212322997 0.000435229943404315 -0.0743754946546667
0.731957138633093 0.00130486473069789 -0.68134942909794
0.997361376951753 0.002215834038876 -0.0725628957830062
-0.00142068214329892 0.999975179874005 0.00690081866147951
-0.575291500734397 -0.000359976267881111 -0.817948384435016
-0.305710259591087 -0.000370904437703956 -0.952124518963065
0.395678956228623 0.000455265078820545 -0.918388782777499
0.00209643925730888 -0.000263023597364944 -0.999997767878023
-0.851401627934106 -0.000739547632250119 -0.524513794880986
-0.851330678072671 -0.000766075150733064 -0.524628906658021
-0.000687114255724369 -0 0.999999763936972
0.999999770636559 -0 -0.00067729375472781
0.999999718361877 -0 -0.000750517265564773
-0.000734784908238003 -0 0.999999730045533
0.999999970941058 -0 -0.000241076508516426
0.999999978190556 -0 -0.000208851352901365
7.36578802209818e-05 0 -0.999999997287258
0.000178825602102889 -0 -0.999999984010702
-0.000512092251750875 -0 0.999999868880754
0.999999833892057 0 -0.000576381695329724
7.83750581243392e-05 0 -0.999999996928675
0.000106041770181453 -0 -0.999999994377571
0.000102775068992918 0 -0.999999994718643
9.65811700595842e-05 -0 0.999999995336039
0.99999991831683 -0 -0.000404186014009741
0.999999933088027 -0 -0.000365819546514854
-6.62431701495679e-05 -0 -0.999999997805921
0.00010562191105438 0 -0.999999994422006
0.000223519944357306 -0 -0.999999975019417
-7.02924369844009e-05 -0 0.999999997529487
0.000174371843136456 -0 0.99999998479723
-0.000203518192725595 -0 0.999999979290172
5.3951734947682e-05 -0 0.999999998544605
2.97184960668988e-05 0 0.999999999558405
-0.000442450034260534 -0 0.999999902118979
0.000520034510233472 -0 0.999999864782045
1.45041476556094e-05 -0 0.999999999894815
-0.000353664799021132 -0 0.999999937460603
0.000369560232203996 -0 0.999999931712615
-6.54728572460084e-05 -0 0.999999997856653
-0.000221505508329937 -0 0.999999975467655
-3.13546770330992e-05 -0 0.999999999508442
2.26115480414995e-05 0 -0.999999999744359
0.000191120689271071 0 -0.999999981736441
-0.000178977014773571 -0 0.999999983983614
-0.000285131495962568 -0 0.999999959350014
0.000288375612231951 -0 0.999999958419752
4.72384016957674e-05 -0 0.999999998884267
1.94502736084857e-05 -0 0.999999999810844
-2.38272332285879e-05 -0 0.999999999716132
0.00014440688968942 -0 0.999999989573325
1.06639872677381e-05 0 0.99999999994314
-0.000378132094790752 -0 0.999999928508057
0.000196934324595635 -0 -0.999999980608436
-0.000287637480975747 -0 0.999999958632339
-7.55356302425453e-05 0 -0.999999997147184
0.000154780353078849 0 -0.999999988021521
0.999999899705479 -0 -0.000447871669132538
-0.99999987081944 0 -0.000508292340261798
0.000194289368635539 0 -0.99999998112582
0.99999998191548 0 -0.000190181596024925
-0.999999935762569 0 -0.000358433897576295
-0.000113867011521833 0 -0.999999993517152
0.000249195632470866 0 -0.999999968950768
0.999999940804273 -0 -0.000344080588688213
-0.000266401757113307 -0 0.999999964515051
0.999999983923321 -0 -0.000179313571452771
0.000258024365899552 -0 -0.999999966711713
2.69976976595825e-06 -0 -0.999999999996356
0.000131538966114732 -0 -0.99999999134875
5.30083798359384e-06 -0 -0.999999999985951
-0.000470960080112386 -0 0.999999889098295
0.999999880661065 -0 -0.000488546676870428
0.999999970941763 -0 -0.00024107358358172
-0.999999930574236 0 -0.000372627862794799
0.000208127118679585 0 -0.999999978341551
0.000138579997416772 0 -0.999999990397792
-5.66227026856741e-06 0 -0.999999999983969
6.45987600835742e-05 0 -0.9999999979135
0.999999982206985 -0 -0.00018864260010511
0.000293558625428277 -0 -0.999999956911666
0.99999993297131 -0 -0.000366138466243934
-0.999999928809224 0 -0.000377334795478509
0.999999854370352 -0 -0.000539684421094025
-0.999999865385076 0 -0.000518873616975695
0.000161558052861232 0 -0.999999986949498
-0.000640293566514833 -0 0.999999795012053
0.99999975194727 -0 -0.00070434749844839
0.000132772211794198 0 -0.99999999118577
9.89334507427406e-05 0 -0.999999995106086
0.000159713306639135 0 -0.99999998724583
0.999999996022005 0 -8.91963569391631e-05
0.000233383668284245 0 -0.999999972766031
0.000136685512730852 -0 -0.999999990658535
-1.82211022092513e-06 0 -0.99999999999834
0.000116438727793243 -0 -0.999999993221011
0.000251962766202407 0 -0.999999968257382
0.000174933503382826 -0 -0.999999984699135
