0 -0.001382914837449789 -0.0056906603276729584 -0.99998289346694946
1 -0.0016454840078949928 -0.0060808910056948662 -0.99998021125793457
2 0.00066927255829796195 3.4231779864057899e-05 -0.99999982118606567
3 0.0003718627558555454 -0.00054492929484695196 -0.99999982118606567
4 0.0021643361542373896 0.0029726957436650991 -0.99999326467514038
5 -0.033631570637226105 -0.011273782700300217 -0.9993707537651062
6 0.0028591803275048733 0.01071549765765667 -0.99993854761123657
7 -0.0010539146605879068 0.01865982823073864 -0.99982535839080811
8 0.00030744407558813691 -0.0084520000964403152 -0.99996429681777954
9 0.04191376268863678 0.01281912624835968 -0.99903905391693115
10 -0.0020268838852643967 -0.0011299806647002697 -0.99999731779098511
11 0.0025849908124655485 -0.0014362407382577658 -0.9999956488609314
12 -0.0074726687744259834 0.021982951089739799 -0.99973040819168091
13 0.0024899195414036512 0.00034584230161271989 -0.9999968409538269
14 -0.019475547596812248 -0.021768573671579361 -0.99957334995269775
15 -0.014922920614480972 0.02330317534506321 -0.99961709976196289
16 0.012523737736046314 -0.016856221482157707 -0.99977952241897583
17 0.021505948156118393 0.023047886788845062 -0.99950301647186279
18 -2.8458101951400749e-05 -0.00038690387737005949 -0.99999994039535522
19 -0.011369270272552967 -0.0051270416006445885 -0.99992227554321289
20 -0.022327600046992302 0.019155185669660568 -0.99956721067428589
21 0.025513375177979469 -0.0040572681464254856 -0.99966627359390259
22 0.01929263211786747 0.020830502733588219 -0.99959683418273926
23 0.018257440999150276 -0.01845792680978775 -0.99966293573379517
24 0.018559252843260765 0.015831835567951202 -0.99970245361328125
25 -0.019103324040770531 -0.02130550891160965 -0.99959051609039307
26 0.03040856309235096 0.0082498593255877495 -0.99950355291366577
27 -0.017778443172574043 -0.016069237142801285 -0.99971282482147217
28 0.024007344618439674 0.017170647159218788 -0.99956434965133667
29 -0.028135506436228752 -0.020598655566573143 -0.99939185380935669
30 0.02775210328400135 0.015445084311068058 -0.99949556589126587
31 -0.028922652825713158 -0.016980679705739021 -0.99943745136260986
32 -0.011404779739677906 -0.023030392825603485 -0.99966973066329956
33 0.018466399982571602 0.02498774416744709 -0.99951720237731934
34 -0.023601686581969261 -0.017399048432707787 -0.99957007169723511
35 0.011507583782076836 0.025358453392982483 -0.99961215257644653
36 0.026517011225223541 0.014596791006624699 -0.9995417594909668
37 0.022859141230583191 0.020300010219216347 -0.99953258037567139
38 -0.027247326448559761 0.014553518034517765 -0.99952280521392822
39 -0.025991545990109444 -0.012362686917185783 -0.99958574771881104
40 -0.064110718667507172 0.0056362403556704521 -0.99792689085006714
41 0.028394028544425964 0.012257114984095097 -0.99952167272567749
42 -0.0079157212749123573 -0.0299991425126791 -0.99951857328414917
43 2.8870255846413784e-05 -0.00033279796480201185 -0.99999994039535522
44 0.0054555763490498066 -0.02530779130756855 -0.99966484308242798
45 -0.022992655634880066 -0.007075045257806778 -0.99971061944961548
46 -0.025023875758051872 -0.013249373063445091 -0.99959903955459595
47 -0.023168545216321945 -0.019303511828184128 -0.99954521656036377
48 -0.012926962226629257 -0.022252222523093224 -0.99966883659362793
49 0.019226538017392159 0.0081916917115449905 -0.99978160858154297
50 0.020457735285162926 0.017428979277610779 -0.99963879585266113
51 0.024806153029203415 0.016802018508315086 -0.99955111742019653
52 0.021957503631711006 -0.015966566279530525 -0.99963140487670898
53 -0.020231781527400017 -0.01799800805747509 -0.9996333122253418
54 0.00043813869706355035 -0.00095997372409328818 -0.99999946355819702
55 0.0045405342243611813 0.01879553310573101 -0.9998130202293396
56 -0.028975255787372589 -0.012872286140918732 -0.99949723482131958
57 -0.030471015721559525 0.0080281849950551987 -0.99950343370437622
58 3.1446445063920692e-05 -0.0003870467480737716 -0.99999994039535522
59 3.0341952879098244e-05 -0.00029953790362924337 -0.99999994039535522
60 0.0087500521913170815 0.0034258235245943069 -0.99995589256286621
61 0.01028413325548172 0.024148363620042801 -0.99965548515319824
62 -0.0012237317860126495 -0.0049495813436806202 -0.99998700618743896
63 0.0037922791671007872 0.0051580830477178097 -0.99997955560684204
64 0.00065849110251292586 -4.9302718252874911e-05 -0.99999982118606567
65 0.00063808175036683679 -4.7462759539484978e-05 -0.99999982118606567
66 0.00064137199660763144 -4.7838540922384709e-05 -0.99999982118606567
67 0.011081336997449398 0.017741968855261803 -0.99978119134902954
68 -0.024484826251864433 -0.016752593219280243 -0.99955987930297852
69 0.00088609440717846155 0.00053464149823412299 -0.9999995231628418
70 0.024170149117708206 -0.011377855204045773 -0.99964314699172974
71 0.0026135090738534927 -0.0036847463343292475 -0.99998980760574341
72 0.027824604883790016 -0.0093894768506288528 -0.99956876039505005
73 0.013817845843732357 0.0010496532777324319 -0.99990403652191162
74 0.017874281853437424 0.026575356721878052 -0.99948704242706299
75 -0.0045042866840958595 -0.0014117095852270722 -0.99998891353607178
76 0.0049497578293085098 6.8110588472336531e-05 -0.99998778104782104
77 -0.99999809265136719 6.6799606429412961e-05 -0.0019539562053978443
78 -0.021521713584661484 -0.022369770333170891 -0.99951809644699097
79 0.0085763419046998024 0.0099408784881234169 -0.99991381168365479
80 0.025332355871796608 -0.014441321603953838 -0.99957478046417236
81 0.028871908783912659 0.0021024090237915516 -0.99958091974258423
82 0.00066281307954341173 0.00020275212591513991 -0.99999982118606567
83 0.00065182847902178764 0.00013598913210444152 -0.99999982118606567
84 4.2219257011311129e-05 -0.00054927309975028038 -0.99999988079071045
85 0.0017655462725088 0.004912693053483963 -0.99998641014099121
86 0.0029389052651822567 0.0035486777778714895 -0.99998939037322998
87 0.021300368010997772 0.021283181384205818 -0.9995465874671936
88 0.00057667936198413372 -0.00038896070327609777 -0.9999997615814209
89 -0.026413852348923683 0.010435355827212334 -0.99959665536880493
90 0.021884879097342491 -0.018852228298783302 -0.99958276748657227
91 0.0010615660576149821 0.0036900907289236784 -0.99999266862869263
92 -0.0024125678464770317 -0.038271419703960419 -0.99926447868347168
93 2.9533108317991719e-05 -0.0003988545504398644 -0.99999994039535522
94 -0.0088660381734371185 -0.016152149066329002 -0.99983024597167969
95 0.00032445637043565512 -0.0048741353675723076 -0.99998807907104492
96 -0.023906903341412544 -0.0024705240502953529 -0.99971115589141846
97 0.019020063802599907 -0.021179035305976868 -0.99959480762481689
98 -0.024975212290883064 0.01636141911149025 -0.99955421686172485
99 -0.0016682521672919393 -0.011215955018997192 -0.99993574619293213
100 0.015047043561935425 -0.0250204186886549 -0.99957370758056641
101 0.0049214540049433708 0.021203771233558655 -0.99976307153701782
102 0.012607608921825886 -0.033595383167266846 -0.9993559718132019
103 0.0031719226390123367 0.0065782428719103336 -0.9999733567237854
104 -0.020602263510227203 0.021809931844472885 -0.99954986572265625
105 -0.021772453561425209 -0.034879598766565323 -0.99915432929992676
106 -0.0010527040576562285 -0.0045467959716916084 -0.9999890923500061
107 -0.013912754133343697 0.024382719770073891 -0.99960589408874512
108 -0.0070970086380839348 0.022115778177976608 -0.99973022937774658
109 0.0015517851570621133 0.0040211933664977551 -0.99999076128005981
110 0.00059839698951691389 -0.00031041528563946486 -0.9999997615814209
111 0.00070026854518800974 -4.4052016164641827e-05 -0.9999997615814209
112 0.016369828954339027 -0.005069047212600708 -0.99985319375991821
113 -0.011953515931963921 0.00025619124062359333 -0.99992853403091431
114 -0.0084783406928181648 -0.0024403315037488937 -0.99996107816696167
115 -0.0099905943498015404 -0.013216656632721424 -0.99986279010772705
116 0.0015497866552323103 0.0039219693280756474 -0.99999111890792847
117 0.030905520543456078 0.021378152072429657 -0.99929368495941162
118 -0.00093093531904742122 -0.0073366644792258739 -0.99997270107269287
119 0.0087542962282896042 0.0050424607470631599 -0.99994897842407227
120 -0.018944278359413147 -0.023580305278301239 -0.99954241514205933
121 0.011032997630536556 0.017283676192164421 -0.9997897744178772
122 0.0031679319217801094 -0.011054339818656445 -0.99993389844894409
123 -0.0042039002291858196 -0.013008528389036655 -0.99990659952163696
124 -0.019469205290079117 -0.0058633685111999512 -0.99979329109191895
125 -0.0094556696712970734 -0.012522335164248943 -0.99987691640853882
126 0.0070938672870397568 0.00015674156020395458 -0.99997484683990479
127 0.015994081273674965 0.01921064592897892 -0.99968749284744263
128 0.018633825704455376 0.004110388457775116 -0.99981796741485596
129 -0.026510491967201233 -0.0027871010825037956 -0.9996446967124939
130 -0.0070484406314790249 -0.0019892165437340736 -0.99997317790985107
131 -0.019107533618807793 0.0031796512193977833 -0.99981236457824707
132 0.018066177144646645 0.0032397480681538582 -0.99983161687850952
133 0.017381772398948669 0.0072046085260808468 -0.99982297420501709
134 0.0014583377633243799 0.011640675365924835 -0.9999312162399292
135 3.5324115742696449e-05 0.00078083481639623642 -0.99999970197677612
136 -0.0071785780601203442 -0.0020806682296097279 -0.99997204542160034
137 -0.0017773956060409546 0.019887441769242287 -0.99980062246322632
138 -0.011001849547028542 -0.0070205875672399998 -0.99991482496261597
139 0.025590213015675545 -0.0022006805520504713 -0.99967008829116821
140 -0.0093887615948915482 0.0020716830622404814 -0.99995380640029907
141 0.00082055910024791956 0.00073863932630047202 -0.99999940395355225
142 -0.0015059483703225851 -0.00059976277407258749 -0.99999874830245972
143 0.030692880973219872 -0.010922360233962536 -0.99946922063827515
144 -0.0035864543169736862 0.011218279600143433 -0.99993067979812622
145 0.0034089016262441874 -0.010852104984223843 -0.9999353289604187
146 -0.031795214861631393 0.010236148722469807 -0.99944198131561279
147 -0.012315868400037289 -0.014324353076517582 -0.99982154369354248
148 -0.0023059414234012365 -0.0024132749531418085 -0.99999445676803589
149 0.0079545704647898674 -0.0091723436489701271 -0.99992632865905762
150 -0.0071577243506908417 0.0079332664608955383 -0.99994289875030518
151 -0.030043449252843857 -0.0090507445856928825 -0.99950766563415527
152 0.0097628310322761536 0.020866014063358307 -0.99973464012145996
153 0.0055102454498410225 0.024270391091704369 -0.99969023466110229
154 -0.0009298119111917913 -0.004242421593517065 -0.99999058246612549
155 -0.016452290117740631 0.0041110459715127945 -0.99985623359680176
156 0.031830571591854095 0.010213523171842098 -0.99944114685058594
157 0.016111688688397408 -0.0073959426954388618 -0.99984288215637207
158 -7.0526446506846696e-05 0.0007305430481210351 -0.9999997615814209
159 0.0012869148049503565 -0.012241062708199024 -0.99992430210113525
160 0.0057657021097838879 -0.010256259702146053 -0.99993079900741577
161 -0.014477437362074852 0.0066539999097585678 -0.99987310171127319
162 -0.0071530705317854881 -0.017385926097631454 -0.99982327222824097
163 -0.0062964083626866341 0.011082149110734463 -0.99991881847381592
164 0.01350350771099329 -0.010135488584637642 -0.99985748529434204
165 0.00025226644356735051 -0.0048854290507733822 -0.99998807907104492
166 -0.010019390843808651 0.007429586723446846 -0.99992227554321289
167 0.026908248662948608 -0.0081626810133457184 -0.99960458278656006
168 -0.032606657594442368 -0.0096501251682639122 -0.99942171573638916
169 0.031007435172796249 0.010071881115436554 -0.99946838617324829
170 -0.018808590248227119 -0.00094088062178343534 -0.99982267618179321
171 -0.016345568001270294 0.0039598913863301277 -0.99985861778259277
172 0.033649373799562454 0.010768196545541286 -0.99937570095062256
173 0.015729477629065514 0.0041631138883531094 -0.99986761808395386
174 -0.04505157470703125 -0.014330979436635971 -0.99888187646865845
175 -0.029988750815391541 0.0090334564447402954 -0.99950945377349854
176 0.016529440879821777 -0.005061484407633543 -0.99985063076019287
177 -0.023038951680064201 0.0095475567504763603 -0.99968898296356201
178 -0.022103672847151756 0.019471479579806328 -0.99956607818603516
179 -0.014725415967404842 -0.002929080743342638 -0.99988728761672974
180 0.021068001165986061 -0.019828090444207191 -0.99958139657974243
181 0.028691062703728676 -0.013389443978667259 -0.99949866533279419
182 0.022443953901529312 -0.017454789951443672 -0.99959570169448853
183 0.034573968499898911 -0.019920006394386292 -0.99920362234115601
184 -0.02057231031358242 0.022262340411543846 -0.99954050779342651
185 0.024955367669463158 0.018148725852370262 -0.9995238184928894
186 -0.023250192403793335 -0.010388597846031189 -0.9996756911277771
187 0.025583336129784584 0.011537464335560799 -0.99960613250732422
188 -0.026307897642254829 -0.014843549579381943 -0.99954372644424438
189 0.011667742393910885 -0.027702279388904572 -0.99954813718795776
190 -0.027380947023630142 -0.015305759385228157 -0.99950796365737915
191 -0.015284805558621883 0.02572992630302906 -0.99955207109451294
192 -0.0095516163855791092 0.028263432905077934 -0.99955493211746216
193 -0.035988319665193558 0.019537664949893951 -0.9991612434387207
194 -0.017816819250583649 0.0039511388167738914 -0.99983346462249756
195 -0.025784313678741455 -0.018253408372402191 -0.99950087070465088
196 -0.0034458304289728403 -0.029815251007676125 -0.9995495080947876
197 -0.012398809194564819 -0.027244009077548981 -0.99955195188522339
198 0.012189336121082306 0.027355797588825226 -0.99955147504806519
199 0.017190203070640564 -0.024718029424548149 -0.99954664707183838
200 -0.017890403047204018 0.023837730288505554 -0.99955576658248901
201 0.026471635326743126 -0.016417220234870911 -0.99951475858688354
202 0.010013092309236526 -0.003175938269123435 -0.99994486570358276
203 -0.026069294661283493 -0.01460688840597868 -0.99955350160598755
204 0.026552846655249596 0.015456683002412319 -0.99952793121337891
205 0.025777170434594154 0.011735433712601662 -0.99959880113601685
206 -0.022937653586268425 0.01690845750272274 -0.99959391355514526
207 0.026179976761341095 0.015189129859209061 -0.99954181909561157
208 -0.0035904960241168737 -0.029957391321659088 -0.99954473972320557
209 0.019922066479921341 -0.022879377007484436 -0.99953973293304443
210 0.022266928106546402 0.020078200846910477 -0.999550461769104
211 0.023844482377171516 0.01740436814725399 -0.99956417083740234
212 0.0017124501755461097 0.0018361404072493315 -0.9999968409538269
213 0.0026033185422420502 -0.030107008293271065 -0.99954330921173096
214 -0.024124486371874809 -0.017162904143333435 -0.99956166744232178
215 0.023666227236390114 0.01085076667368412 -0.99966102838516235
216 0.021586792543530464 -0.020616801455616951 -0.99955439567565918
217 -0.0064398087561130524 0.02920275554060936 -0.99955278635025024
218 0.01880926825106144 -0.005323333665728569 -0.9998089075088501
219 0.024154528975486755 0.017740858718752861 -0.99955081939697266
220 -0.015351277776062489 -0.026174694299697876 -0.99953949451446533
221 0.014484675601124763 -0.026112290099263191 -0.9995540976524353
222 0.017615772783756256 0.024516606703400612 -0.99954426288604736
223 -0.024352334439754486 -0.01744508184492588 -0.99955123662948608
224 -0.020254245027899742 -0.021914122626185417 -0.99955469369888306
225 -0.026428725570440292 -0.011751533485949039 -0.99958163499832153
226 -0.024734007194638252 -0.013823840767145157 -0.99959850311279297
227 0.028100643306970596 0.012706557288765907 -0.99952435493469238
228 0.0087491665035486221 -0.028586849570274353 -0.99955308437347412
229 -0.020763633772730827 0.012268542312085629 -0.99970918893814087
230 -0.99994808435440063 0.010188275948166847 0.0001939584908541292
231 -0.0067224237136542797 0.029398875311017036 -0.99954521656036377
232 0.027222543954849243 0.015781134366989136 -0.99950486421585083
233 -0.00946067925542593 -0.028893724083900452 -0.99953770637512207
234 -0.026437235996127129 -0.011491269804537296 -0.99958443641662598
235 0.025432702153921127 0.01464864332228899 -0.99956923723220825
236 0.029609568417072296 0.010094608180224895 -0.99951058626174927
237 -0.019864553585648537 0.022239260375499725 -0.99955534934997559
238 -0.026100052520632744 -0.011367226950824261 -0.99959468841552734
239 0.030962986871600151 -0.010321144014596939 -0.99946725368499756
240 0.0093587487936019897 0.028851857408881187 -0.99953991174697876
241 0.022236248478293419 0.020006148144602776 -0.99955260753631592
242 0.018677530810236931 -0.012085424736142159 -0.99975252151489258
243 -0.023113120347261429 0.017048820853233337 -0.99958747625350952
244 0.022264566272497177 -0.017334867268800735 -0.99960178136825562
245 0.022625690326094627 0.01648825965821743 -0.99960803985595703
246 0.0031298650428652763 0.029573211446404457 -0.9995577335357666
247 0.012203248217701912 0.027609517797827721 -0.99954432249069214
248 0.0056475377641618252 -0.029212204739451408 -0.99955731630325317
249 -0.027276059612631798 0.015880577266216278 -0.99950182437896729
250 -0.023965859785676003 0.016902057453989983 -0.99956989288330078
251 0.015130613930523396 0.026500556617975235 -0.99953430891036987
252 -0.030929196625947952 -0.0098809255287051201 -0.99947273731231689
253 -0.023455560207366943 -0.016640730202198029 -0.99958640336990356
254 0.0033326984848827124 0.029941072687506676 -0.99954617023468018
255 0.016979297623038292 -0.024734897539019585 -0.99954986572265625
256 0.0064889467321336269 0.029437020421028137 -0.9995456337928772
257 0.02512219175696373 0.011724656447768211 -0.99961566925048828
258 -0.022222893312573433 0.020240150392055511 -0.99954813718795776
259 0.021462647244334221 -0.013727951794862747 -0.99967539310455322
260 -0.022490683943033218 -0.019874518737196922 -0.9995495080947876
261 0.022808760404586792 -0.017883554100990295 -0.99957990646362305
262 -0.020254405215382576 -0.022169448435306549 -0.99954909086227417
263 0.01943463459610939 -0.02285374142229557 -0.99954992532730103
264 -0.020382080227136612 -0.021877054125070572 -0.99955296516418457
265 -0.014968368224799633 0.026070185005664825 -0.99954807758331299
266 -0.026424136012792587 -0.014968283474445343 -0.99953877925872803
267 -0.022050345316529274 0.019925946369767189 -0.99955832958221436
268 -0.026190690696239471 0.014555912464857101 -0.99955099821090698
269 0.020055098459124565 0.022205356508493423 -0.99955230951309204
270 0.022708194330334663 0.020550796762108803 -0.99953091144561768
271 0.024100892245769501 -0.018106471747159958 -0.99954557418823242
272 0.02651393786072731 0.01982819102704525 -0.99945181608200073
273 -0.022783592343330383 -0.020129499956965446 -0.99953776597976685
274 0.022385027259588242 0.020357189700007439 -0.99954211711883545
275 -0.017987057566642761 -0.023986805230379105 -0.999550461769104
276 0.022215139120817184 -0.020546931773424149 -0.99954205751419067
277 -0.0063035991042852402 0.029739748686552048 -0.99953776597976685
278 0.026378478854894638 0.015493635088205338 -0.99953198432922363
279 0.019403629004955292 -0.02276206761598587 -0.99955260753631592
280 -0.0027831520419567823 0.00011699285823851824 -0.9999961256980896
281 -0.022385530173778534 -0.01965290866792202 -0.99955624341964722
282 -0.023559177294373512 0.016958359628915787 -0.99957859516143799
283 -0.99994438886642456 0.01054531242698431 0.00020622331066988409
284 -0.0030996529385447502 0.030592301860451698 -0.99952715635299683
285 0.01773122139275074 0.024219335988163948 -0.99954944849014282
286 0.020219922065734863 0.022482531145215034 -0.99954277276992798
287 -0.024337472394108772 -0.02125946432352066 -0.99947774410247803
288 0.021708963438868523 -0.020737253129482269 -0.9995492696762085
289 -0.0089945876970887184 -0.026734497398138046 -0.99960213899612427
290 0.011642253957688808 -0.02786630392074585 -0.99954390525817871
291 -0.017566237598657608 0.024412896484136581 -0.99954766035079956
292 0.0042878463864326477 0.022006716579198837 -0.99974864721298218
293 -0.022561047226190567 0.019698457792401314 -0.99955141544342041
294 -0.018517231568694115 -0.016624517738819122 -0.99969029426574707
295 -0.0092530613765120506 0.028804808855056763 -0.999542236328125
296 -0.0039030439220368862 -0.038573466241359711 -0.99924814701080322
297 0.0056378757581114769 -0.029648575931787491 -0.99954456090927124
298 -0.020620763301849365 -0.02237020805478096 -0.99953705072402954
299 -0.013115951791405678 -0.028120996430516243 -0.99951851367950439
300 0.0085529042407870293 0.028427381068468094 -0.99955928325653076
301 0.0025785393081605434 0.031235296279191971 -0.99950873851776123
302 -0.0066332635469734669 -0.028649887070059776 -0.99956750869750977
303 -0.012520282529294491 0.026956668123602867 -0.9995582103729248
304 -1 7.0259437734421226e-07 2.7873635190189816e-05
305 0.012047893367707729 -0.027757056057453156 -0.99954211711883545
306 0.0063164671882987022 0.029677852988243103 -0.99953955411911011
307 -0.99992233514785767 0.012465212494134903 0.00023705216881353408
308 -0.0061161806806921959 0.029551070183515549 -0.99954462051391602
309 -0.0090585695579648018 0.028926685452461243 -0.99954050779342651
310 0.0024600764736533165 -0.029819894582033157 -0.99955224990844727
311 -0.020012691617012024 0.022552179172635078 -0.9995453953742981
312 0.0025362870655953884 -0.030130030587315559 -0.99954277276992798
313 -0.0030512732919305563 0.030034579336643219 -0.99954426288604736
314 -0.99998635053634644 0.0052298749797046185 0.00018859756528399885
315 0.014413828030228615 -0.026448339223861694 -0.99954628944396973
316 -0.0054612481035292149 0.026318911463022232 -0.99963873624801636
317 0.020479286089539528 0.022831449285149574 -0.99952954053878784
318 0.017526214942336082 0.024116341024637222 -0.99955558776855469
319 0.0054178498685359955 -0.02789035253226757 -0.99959629774093628
320 0.0064139952883124352 0.029553594067692757 -0.99954265356063843
321 0.01445742417126894 -0.026493551209568977 -0.99954444169998169
322 -0.014970959164202213 0.026373362168669701 -0.99954009056091309
323 0.011729098856449127 -0.02786560170352459 -0.99954289197921753
324 -0.99991691112518311 0.012888778932392597 0.00023256824351847172
325 -0.0038430669810622931 -0.03061092272400856 -0.99952399730682373
326 0.0065395273268222809 0.029466431587934494 -0.99954444169998169
327 0.0033722924999892712 0.029883960261940956 -0.99954771995544434
328 -0.020574480295181274 0.012316198088228703 -0.99971246719360352
329 0.0087181860581040382 -0.028880039229989052 -0.99954491853713989
330 0.021225567907094955 -0.020310219377279282 -0.9995684027671814
331 0.015101206488907337 0.025972025468945503 -0.99954861402511597
332 -0.0066713849082589149 -0.029305391013622284 -0.99954825639724731
333 0.0095141110941767693 0.028514483943581581 -0.99954813718795776
334 -0.017857205122709274 -0.023935368284583092 -0.99955403804779053
335 -0.0032754847779870033 0.030531410127878189 -0.99952846765518188
336 -0.012648262083530426 -0.027305709198117256 -0.99954712390899658
337 0.020094042643904686 0.022524124011397362 -0.99954438209533691
338 0.014196479693055153 -0.025976477190852165 -0.99956178665161133
339 -0.017581665888428688 0.024172116070985794 -0.99955326318740845
340 0.018315665423870087 0.021314628422260284 -0.99960505962371826
341 -0.012457426637411118 0.027367815375328064 -0.99954783916473389
342 -0.015379428863525391 -0.025762900710105896 -0.99954980611801147
343 -0.015338593162596226 -0.025533044710755348 -0.99955636262893677
344 -0.012154662981629372 0.027701206505298615 -0.99954235553741455
345 -0.017409976571798325 0.024277901276946068 -0.99955368041992188
346 0.032410543411970139 0.010678124614059925 -0.99941760301589966
347 -0.032255370169878006 -0.023755414411425591 -0.99919730424880981
348 0.014759993180632591 0.025197394192218781 -0.99957358837127686
349 0.015239556320011616 0.020805245265364647 -0.99966740608215332
350 -0.0098221627995371819 -0.028782598674297333 -0.99953740835189819
351 0.016930913552641869 -0.024623291566967964 -0.99955350160598755
352 -4.8727641114965081e-05 0.00050220126286149025 -0.99999988079071045
353 0.015111329033970833 0.026131542399525642 -0.99954432249069214
354 0.017065558582544327 -0.024936677888035774 -0.99954336881637573
355 0.012266643345355988 0.027273405343294144 -0.99955278635025024
356 0.0057184360921382904 -0.029914205893874168 -0.99953609704971313
357 -0.017923543229699135 0.024159086868166924 -0.99954748153686523
358 0.019166473299264908 -0.022396175190806389 -0.9995654821395874
359 -0.012579706497490406 -0.027252035215497017 -0.99954944849014282
360 -5.2241288358345628e-05 0.00055564340436831117 -0.99999988079071045
361 -0.015846548601984978 -0.020968221127986908 -0.99965459108352661
362 -4.6368797484319657e-05 -0.00054781971266493201 -0.99999988079071045
363 0.0026710887905210257 -0.029967477545142174 -0.99954736232757568
364 -0.020227119326591492 0.022362301126122475 -0.99954533576965332
365 0.01244756206870079 0.027441741898655891 -0.99954593181610107
366 -0.01235603541135788 0.027703652158379555 -0.99953985214233398
367 0.0087661445140838623 -0.02906033955514431 -0.99953925609588623
368 -0.0096200127154588699 -0.028470044955611229 -0.99954837560653687
369 -4.1762781620491296e-05 -0.00052684039110317826 -0.99999988079071045
370 -5.8271554735256359e-05 -0.00053563754772767425 -0.99999988079071045
371 0.008637615479528904 -0.028515499085187912 -0.99955606460571289
372 -4.3909411033382639e-05 -0.00053341244347393513 -0.99999988079071045
373 -0.0032186298631131649 -0.029774030670523643 -0.99955153465270996
374 -4.3682062823791057e-05 -0.00052050739759579301 -0.99999988079071045
375 -0.015349339693784714 -0.025876203551888466 -0.99954736232757568
376 -0.003489277558401227 0.029928760603070259 -0.99954599142074585
377 0.011231036856770515 0.020784830674529076 -0.99972093105316162
378 -0.015215326100587845 0.026156332343816757 -0.99954205751419067
379 -0.02674490213394165 -0.01153771486133337 -0.99957573413848877
380 -3.7633541069226339e-05 0.0004983599646948278 -0.99999988079071045
381 0.017734542489051819 0.024561911821365356 -0.99954098463058472
382 -5.1832790632033721e-05 -0.00054430845193564892 -0.99999988079071045
383 -0.03056645579636097 0.012938017956912518 -0.99944901466369629
384 -0.0099066980183124542 -0.01545287761837244 -0.99983155727386475
385 0.011793205514550209 -0.028189757838845253 -0.99953305721282959
386 -0.018010295927524567 -0.0242469422519207 -0.99954378604888916
387 0.02120734378695488 -0.0027503389865159988 -0.99977129697799683
388 -0.0095804082229733467 -0.028601793572306633 -0.99954497814178467
389 -0.033750396221876144 -0.010108754970133305 -0.99937921762466431
390 0.0018880766583606601 -0.00070030143251642585 -0.99999803304672241
391 -0.026714365929365158 0.018851540982723236 -0.99946534633636475
392 -0.0038304293993860483 -0.00021506400662474334 -0.99999266862869263
393 -0.021786227822303772 0.0017247125506401062 -0.99976116418838501
394 -0.99998641014099121 0.0052031795494258404 0.00034413454704917967
395 -0.0094362823292613029 0.028671301901340485 -0.99954438209533691
396 -1 -2.8012402708554873e-06 9.2401540314313024e-05
397 -0.011574405245482922 0.00051385094411671162 -0.99993294477462769
398 -0.0064081954769790173 -0.029288366436958313 -0.999550461769104
399 -0.01946113258600235 0.021106798201799393 -0.99958783388137817
400 -0.99998599290847778 0.0052976417355239391 0.00017453843611292541
401 -0.016096202656626701 -0.022264799103140831 -0.99962252378463745
402 -0.016591314226388931 0.028149696066975594 -0.99946606159210205
403 -0.013106632046401501 0.0048146257176995277 -0.99990254640579224
404 0.023279409855604172 -0.018288904801011086 -0.99956172704696655
405 -0.01176239550113678 -0.024630865082144737 -0.99962747097015381
406 -0.0031778891570866108 0.025106800720095634 -0.99967974424362183
407 -0.0086931735277175903 0.025662103667855263 -0.99963289499282837
408 0.0077461749315261841 -0.026186332106590271 -0.99962711334228516
409 -0.0066272318363189697 -0.029444919899106026 -0.99954444169998169
410 0.0095019899308681488 0.028811365365982056 -0.99953967332839966
411 0.01795613206923008 -0.021252650767564774 -0.99961286783218384
412 0.02306811511516571 -0.011729706078767776 -0.99966508150100708
413 0.015692492946982384 -0.029028123244643211 -0.99945545196533203
414 -0.013191415928304195 -0.0027324426919221878 -0.99990928173065186
415 0.0094240410253405571 0.027702959254384041 -0.99957180023193359
416 -4.0690647438168526e-05 0.00041292081004939973 -0.99999994039535522
417 -0.024053508415818214 0.011242520995438099 -0.99964743852615356
418 -0.007415608037263155 -0.031081758439540863 -0.99948936700820923
419 0.02676989883184433 -0.015864722430706024 -0.99951571226119995
420 0.025293607264757156 -0.012593379244208336 -0.99960076808929443
421 -0.022151289507746696 0.020407246425747871 -0.99954640865325928
422 0.0029245172627270222 0.02680579200387001 -0.99963641166687012
423 -0.00012672560114879161 0.0036719019990414381 -0.99999326467514038
424 0.0023070999886840582 -0.00072006887057796121 -0.99999713897705078
425 0.01812736876308918 -0.025157058611512184 -0.99951916933059692
426 -0.011918461881577969 0.027655927464365959 -0.99954646825790405
427 -4.33787026850041e-05 -0.00060383370146155357 -0.99999982118606567
428 0.0062239631079137325 -0.029589738696813583 -0.99954277276992798
429 0.027500370517373085 0.0040616309270262718 -0.99961358308792114
430 -0.032872959971427917 0.0034222856629639864 -0.99945372343063354
431 -6.0174377722432837e-05 0.0007767870556563139 -0.99999970197677612
432 0.013762038201093674 -0.0060033751651644707 -0.99988728761672974
433 -5.0844024372054264e-05 -0.00058940856251865625 -0.99999982118606567
434 -0.99990153312683105 0.014028421603143215 0.00035762094194069505
435 -4.4158085074741393e-05 -0.00053763994947075844 -0.99999988079071045
436 0.014537381008267403 -0.0074309227056801319 -0.99986672401428223
437 -0.020178364589810371 -0.0014862469397485256 -0.99979531764984131
438 -0.01053861528635025 -0.018448200076818466 -0.9997742772102356
439 0.016145255416631699 0.0019887657836079597 -0.99986773729324341
440 -0.029308576136827469 -0.0032184221781790257 -0.9995652437210083
441 -0.021768726408481598 -0.0014894942287355661 -0.99976193904876709
442 0.018495151773095131 0.0022031583357602358 -0.99982655048370361
443 -3.0275356039055623e-05 0.00039920676499605179 -0.99999994039535522
444 0.00087238050764426589 0.00057311711134389043 -0.99999946355819702
445 -0.00013737035624217242 0.0037461752071976662 -0.99999302625656128
446 0.014639975503087044 0.0040347450412809849 -0.99988472461700439
447 0.0070929224602878094 0.011765963397920132 -0.99990564584732056
448 -0.015377368777990341 0.003345331409946084 -0.99987620115280151
449 -0.02510225772857666 0.011186798103153706 -0.99962234497070312
450 -0.022972734645009041 0.010658299550414085 -0.99967926740646362
451 0.00063689681701362133 0.00097347761038690805 -0.99999934434890747
452 0.026181001216173172 0.023681126534938812 -0.99937665462493896
453 0.01341997180134058 0.0040702051483094692 -0.99990165233612061
454 0.023480124771595001 -0.011922791600227356 -0.99965322017669678
455 0.020811894908547401 -0.0053806407377123833 -0.99976891279220581
456 0.036477122455835342 -0.0050197560340166092 -0.99932187795639038
457 -3.6049979826202616e-05 -0.00052790727932006121 -0.99999988079071045
458 0.0085037127137184143 -0.0013507046969607472 -0.99996292591094971
459 0.02233622781932354 0.0027867578901350498 -0.99974668025970459
460 -0.018989432603120804 -0.0011157416738569736 -0.99981904029846191
461 0.012398890219628811 0.0033702864311635494 -0.99991750717163086
462 -3.978694076067768e-05 0.00051908835303038359 -0.99999988079071045
463 -3.6332141462480649e-05 0.00050913722952827811 -0.99999988079071045
464 -4.6077639126451686e-05 0.00064761686371639371 -0.99999982118606567
465 -0.016606947407126427 -0.0032092875335365534 -0.99985700845718384
466 -0.017457019537687302 0.0064662061631679535 -0.99982672929763794
467 -0.022536225616931915 0.0044381581246852875 -0.99973618984222412
468 0.0073801917023956776 0.019147787243127823 -0.99978941679000854
469 -0.019226936623454094 -0.0038605898153036833 -0.99980771541595459
470 0.019208783283829689 0.0049120667390525341 -0.99980342388153076
471 0.01711331307888031 -0.0072376918978989124 -0.99982738494873047
472 0.013993118889629841 -0.0017410158179700375 -0.99990057945251465
473 -0.0016248613828793168 -0.00014008939615450799 -0.99999868869781494
474 -0.0008036226499825716 0.00034815026447176933 -0.99999964237213135
475 0.023383572697639465 0.0025467346422374249 -0.99972331523895264
476 -0.014145537279546261 -0.015638044103980064 -0.99977767467498779
477 0.0018333367770537734 -0.019253037869930267 -0.99981296062469482
478 0.0029250143561512232 -0.0012898249551653862 -0.99999487400054932
479 -0.015430220402777195 -0.0050002103671431541 -0.99986845254898071
480 -0.00076148705556988716 0.00014848615683149546 -0.9999997615814209
481 0.011558067984879017 -0.0031480803154408932 -0.99992829561233521
482 -0.015720905736088753 -0.0033936051186174154 -0.99987071752548218
483 -0.01266887690871954 0.00044799066381528974 -0.99991965293884277
484 0.026208911091089249 -0.0074634840711951256 -0.99962866306304932
485 -0.0123638566583395 0.0022822853643447161 -0.99992096424102783
486 -0.026152255013585091 0.0063419467769563198 -0.99963784217834473
487 0.025185953825712204 0.0066291694529354572 -0.99966084957122803
488 -0.011942258104681969 -0.0021456521935760975 -0.99992644786834717
489 0.011259870603680611 0.0045517669059336185 -0.99992626905441284
490 -0.0058434163220226765 -0.0044569792225956917 -0.99997299909591675
491 0.02101428247988224 0.01473802886903286 -0.99967056512832642
492 -0.028140010312199593 -0.012853615917265415 -0.99952137470245361
493 0.024448364973068237 0.0097079453989863396 -0.99965399503707886
494 5.9161528042750433e-05 0.00074202119139954448 -0.9999997615814209
495 0.017586097121238708 -0.0015489128418266773 -0.99984419345855713
496 -0.00067996315192431211 -0.010386438108980656 -0.99994581937789917
497 0.0014190247748047113 0.0089391041547060013 -0.99995905160903931
498 -0.0048270532861351967 0.012298614718019962 -0.99991273880004883
499 0.0021483623422682285 -0.0036864972207695246 -0.99999094009399414
500 -0.023840136826038361 0.017607457935810089 -0.99956077337265015
501 0.0080109396949410439 -0.010515801608562469 -0.99991261959075928
502 0.0033570239320397377 -0.003712930716574192 -0.99998754262924194
503 6.0525697335833684e-05 -0.00061908620409667492 -0.99999982118606567
504 0.049015689641237259 -0.014984851703047752 -0.99868559837341309
505 -0.011122140102088451 -0.019480785354971886 -0.99974840879440308
506 -0.0305827297270298 -0.010216227732598782 -0.99948000907897949
507 -0.002855770755559206 0.0020690225064754486 -0.99999380111694336
508 0.032177373766899109 0.0095409005880355835 -0.99943667650222778
509 0.013768397271633148 -0.0050998781807720661 -0.99989223480224609
510 0.0012789492029696703 -0.009218292310833931 -0.99995672702789307
511 -0.0069605722092092037 -0.021992059424519539 -0.99973392486572266
512 0.0033460331615060568 0.0094204386696219444 -0.99995005130767822
513 0.0033251498825848103 -0.0020269853994250298 -0.99999243021011353
514 0.00076373154297471046 -0.0032031869050115347 -0.99999457597732544
515 -0.039077799767255783 0.013185462914407253 -0.99914920330047607
516 0.0089066335931420326 0.016211898997426033 -0.99982893466949463
517 0.019877070561051369 0.0011670773383229971 -0.99980175495147705
518 -0.022405989468097687 0.010553212836384773 -0.99969327449798584
519 -0.033752661198377609 -0.010978530161082745 -0.99936991930007935
520 0.031875468790531158 0.0095979459583759308 -0.99944579601287842
521 0.016641872003674507 0.0033519796561449766 -0.99985593557357788
522 -0.014794520102441311 -0.0040746438317000866 -0.9998822808265686
523 -0.03719145804643631 0.0050472738221287727 -0.99929547309875488
524 -0.025336749851703644 0.0094395177438855171 -0.99963444471359253
525 0.025267960503697395 -0.010942114517092705 -0.99962085485458374
526 -0.0083959130570292473 0.0027270324062556028 -0.99996101856231689
527 6.1878512497060001e-05 0.00077609840082004666 -0.99999970197677612
528 0.023065192624926567 -0.016108483076095581 -0.99960416555404663
529 0.025724438950419426 0.011110118590295315 -0.99960732460021973
530 -0.025875592604279518 -0.015457648783922195 -0.99954569339752197
531 0.0036330677103251219 -0.00024155521532520652 -0.99999338388442993
532 -0.024463063105940819 0.015284677967429161 -0.999583899974823
533 0.02489357627928257 0.01076086051762104 -0.99963217973709106
534 -0.026467530056834221 -0.012452760711312294 -0.99957209825515747
535 0.020506557077169418 -0.021756034344434738 -0.99955302476882935
536 -0.021055379882454872 0.020239051431417465 -0.9995734691619873
537 0.043939970433712006 -0.0044455500319600105 -0.99902427196502686
538 0.03431156650185585 0.010311654768884182 -0.99935799837112427
539 -0.0083623407408595085 0.028636887669563293 -0.99955493211746216
540 0.015517120249569416 -0.025349793955683708 -0.9995582103729248
541 -0.016320962458848953 0.024254800751805305 -0.99957257509231567
542 0.014582128264009953 0.024297945201396942 -0.99959844350814819
543 0.012926474213600159 0.027279552072286606 -0.99954432249069214
544 0.024437839165329933 0.017097631469368935 -0.99955517053604126
545 0.034740548580884933 0.010395325720310211 -0.99934232234954834
546 -0.0093839298933744431 0.0068195522762835026 -0.99993276596069336
547 -0.013781520538032055 -0.025392871350049973 -0.99958252906799316
548 0.012670056894421577 0.027133652940392494 -0.99955153465270996
549 -0.023113599047064781 0.011352573521435261 -0.9996684193611145
550 -0.024667192250490189 -0.011825217865407467 -0.9996258020401001
551 -0.013219676911830902 -0.017583772540092468 -0.99975800514221191
552 0.02250162698328495 0.019434800371527672 -0.99955791234970093
553 -0.011802366934716702 -0.027558527886867523 -0.99955052137374878
554 -0.0084295161068439484 -0.028363645076751709 -0.99956214427947998
555 0.033326119184494019 -0.023083198815584183 -0.99917799234390259
556 0.025841226801276207 0.011119226925075054 -0.99960422515869141
557 -0.025468844920396805 -0.015393619425594807 -0.99955713748931885
558 0.027737785130739212 0.011982806958258152 -0.99954348802566528
559 0.012644059024751186 -0.026833450421690941 -0.99955999851226807
560 -0.023953687399625778 -0.018016442656517029 -0.99955075979232788
561 -0.033633116632699966 -0.011403901502490044 -0.99936920404434204
562 0.026636261492967606 0.01480716560035944 -0.99953556060791016
563 0.025717508047819138 -0.014088339172303677 -0.99957001209259033
564 -0.022153239697217941 0.01711605116724968 -0.99960803985595703
565 0.006965357344597578 0.029246596619486809 -0.99954795837402344
566 -0.026172621175646782 -0.012285700999200344 -0.99958199262619019
567 0.023944716900587082 -0.010345078073441982 -0.99965977668762207
568 -0.019680583849549294 -0.022515570744872093 -0.99955284595489502
569 0.0037588514387607574 -0.029603436589241028 -0.99955469369888306
570 -0.027518356218934059 -0.016282448545098305 -0.9994887113571167
571 0.025556551292538643 0.014196770265698433 -0.99957257509231567
572 0.026362482458353043 -0.0079875504598021507 -0.99962055683135986
573 -0.029176877811551094 -0.010221001692116261 -0.99952203035354614
574 -0.023523326963186264 -0.01778092049062252 -0.99956518411636353
575 0.025457277894020081 -0.010958061553537846 -0.99961590766906738
576 0.017576813697814941 -0.010050083510577679 -0.99979501962661743
577 -0.026915855705738068 0.016798911616206169 -0.99949657917022705
578 -0.021823586896061897 -0.020298730581998825 -0.99955576658248901
579 -0.021395199000835419 0.020812978968024254 -0.99955445528030396
580 0.020401272922754288 -0.022091219201683998 -0.99954783916473389
581 0.024368861690163612 0.017028393223881721 -0.99955803155899048
582 0.015938568860292435 0.014997949823737144 -0.99976050853729248
583 -0.026212882250547409 0.013192602433264256 -0.9995693564414978
584 0.014634450897574425 -0.024881588295102119 -0.99958330392837524
585 0.0061325752176344395 0.0020537553355097771 -0.99997913837432861
586 0.024204574525356293 0.017020000144839287 -0.99956214427947998
587 0.003791062394157052 0.03002292662858963 -0.9995419979095459
588 -0.0059447181411087513 -0.029712928459048271 -0.99954080581665039
589 -0.030577840283513069 0.023074785247445107 -0.99926602840423584
590 0.027409918606281281 -0.01203168835490942 -0.99955195188522339
591 -0.013387976214289665 0.024198589846491814 -0.99961757659912109
592 -0.023608531802892685 -0.017852874472737312 -0.99956190586090088
593 -0.016816336661577225 0.024952750653028488 -0.99954724311828613
594 0.023729421198368073 -0.012928000651299953 -0.99963486194610596
595 0.024482836946845055 0.017132418230175972 -0.99955350160598755
596 -0.013731764629483223 0.0039364052936434746 -0.99989795684814453
597 -0.023391734808683395 0.018343474715948105 -0.99955809116363525
598 -0.02580154687166214 -0.01201170776039362 -0.99959492683410645
599 0.022630851715803146 0.019564006477594376 -0.99955248832702637
600 0.019157912582159042 0.02013753354549408 -0.99961364269256592
601 -0.002434505382552743 -0.030037296935915947 -0.9995458722114563
602 -0.026383742690086365 0.0088219707831740379 -0.99961298704147339
603 -0.99999463558197021 0.0030223706271499395 -0.0012695011682808399
604 -0.0028672229964286089 0.030495556071400642 -0.99953079223632812
605 -0.025582421571016312 0.014891652390360832 -0.9995618462562561
606 0.023792047053575516 0.012896050699055195 -0.9996337890625
607 -0.026205616071820259 -0.015699168667197227 -0.99953329563140869
608 -0.017929771915078163 0.025561397895216942 -0.99951249361038208
609 0.018463362008333206 0.024537269026041031 -0.99952840805053711
610 0.01814684271812439 0.02389400452375412 -0.99954980611801147
611 -0.01482118759304285 -0.026623312383890152 -0.99953567981719971
612 -0.021859185770153999 -0.020376427099108696 -0.999553382396698
613 -0.019793860614299774 -0.02278980053961277 -0.99954432249069214
614 0.01545761339366436 -0.025874484330415726 -0.99954569339752197
615 -0.028908820822834969 -0.021604541689157486 -0.99934858083724976
616 0.022419236600399017 -0.019807776436209679 -0.99955242872238159
617 -0.022178418934345245 -0.020702417939901352 -0.99953967332839966
618 0.022849125787615776 -0.019530298188328743 -0.99954819679260254
619 0.026717478409409523 -0.0084619401022791862 -0.99960720539093018
620 0.015616499818861485 0.02606978639960289 -0.9995381236076355
621 -0.010980449616909027 -0.026420479640364647 -0.99959063529968262
622 -0.01410956121981144 0.026306664571166039 -0.99955439567565918
623 -0.018774284049868584 -0.021808775141835213 -0.99958586692810059
624 -0.0023292088881134987 0.029893878847360611 -0.99955040216445923
625 0.020593486726284027 0.021992964670062065 -0.99954605102539062
626 -0.019683096557855606 0.023172112181782722 -0.99953770637512207
627 -0.021858330816030502 -0.02045106515288353 -0.99955189228057861
628 0.023630985990166664 0.013233385048806667 -0.99963319301605225
629 -0.012187179177999496 0.027994325384497643 -0.99953377246856689
630 -0.023633899167180061 0.01525045745074749 -0.99960434436798096
631 0.0069451499730348587 -0.031647201627492905 -0.99947500228881836
632 -0.9999920129776001 0.0038063023239374161 -0.0012424513697624207
633 0.02726411446928978 0.015164260752499104 -0.99951326847076416
634 -0.0055494634434580803 -0.029439175501465797 -0.99955117702484131
635 0.0034518570173531771 -0.029825525358319283 -0.99954921007156372
636 -0.0083261122927069664 0.026382081210613251 -0.99961727857589722
637 0.011141671799123287 0.02401169016957283 -0.99964964389801025
638 0.022444505244493484 -0.019789861515164375 -0.99955224990844727
639 0.0097669605165719986 0.028022380545735359 -0.99955964088439941
640 -0.016917062923312187 -0.02386532723903656 -0.9995720386505127
641 0.0093817580491304398 -0.028212612494826317 -0.9995579719543457
642 0.022574096918106079 0.019552141427993774 -0.99955397844314575
643 0.024275444447994232 -0.017318714410066605 -0.99955534934997559
644 0.0067964475601911545 0.029450509697198868 -0.99954313039779663
645 -0.019324850291013718 0.023081991821527481 -0.99954682588577271
646 -0.0019047064706683159 0.0031815788242965937 -0.99999314546585083
647 -0.011322162114083767 0.027966462075710297 -0.99954479932785034
648 0.0097095062956213951 -0.028579091653227806 -0.99954438209533691
649 -0.017427168786525726 -0.02482452429831028 -0.99953991174697876
650 -0.0090197371318936348 -0.029160309582948685 -0.99953407049179077
651 -0.0054714060388505459 0.029749151319265366 -0.99954241514205933
652 -0.019658917561173439 -0.022601505741477013 -0.99955129623413086
653 0.020481709390878677 0.02177761122584343 -0.99955302476882935
654 0.0038517771754413843 0.030184453353285789 -0.99953693151473999
655 0.018306851387023926 -0.02383824810385704 -0.99954825639724731
656 -0.0027204197831451893 -0.029893392696976662 -0.99954944849014282
657 0.012714863754808903 -0.027438225224614143 -0.99954265356063843
658 0.011909551918506622 -0.025609087198972702 -0.99960106611251831
659 -0.011149057187139988 0.027371127158403397 -0.99956321716308594
660 -0.0060857548378407955 0.029392264783382416 -0.99954944849014282
661 0.0054107285104691982 -0.024330815300345421 -0.99968934059143066
662 0.020479075610637665 0.021774780005216599 -0.9995531439781189
663 0.013162392191588879 -0.027435000985860825 -0.99953693151473999
664 0.0098245255649089813 0.028829466551542282 -0.99953609704971313
665 -0.0058914865367114544 -0.029681362211704254 -0.99954205751419067
666 0.0035741177853196859 0.029966974630951881 -0.99954456090927124
667 -0.9999992847442627 -3.7528276152443141e-05 -0.001232234644703567
668 -0.011903400532901287 -0.027825670316815376 -0.99954193830490112
669 -0.99999922513961792 3.723709232872352e-05 -0.0012330659665167332
670 0.0034979367628693581 -0.030103582888841629 -0.99954068660736084
671 -0.0023305148351937532 0.030168451368808746 -0.99954211711883545
672 -0.0092268520966172218 0.032056000083684921 -0.99944353103637695
673 -0.9999624490737915 0.0085579557344317436 -0.0014150763163343072
674 -0.0084480773657560349 0.029021214693784714 -0.99954313039779663
675 0.016029460355639458 -0.0083991801366209984 -0.999836266040802
676 0.018071925267577171 -0.024086114019155502 -0.9995465874671936
677 -0.99997150897979736 0.0073979585431516171 -0.0015044785104691982
678 -0.0058240294456481934 -0.029384231194853783 -0.99955129623413086
679 -0.005462051834911108 0.029841477051377296 -0.99953973293304443
680 -0.021537614986300468 0.02080441452562809 -0.99955159425735474
681 -0.023970369249582291 -0.017869431525468826 -0.99955296516418457
682 -0.017293378710746765 -0.024499733000993729 -0.99955028295516968
683 0.00391727639362216 0.02996009960770607 -0.99954348802566528
684 -0.014770406298339367 -0.026286249980330467 -0.99954533576965332
685 0.0066809151321649551 -0.029594095423817635 -0.99953967332839966
686 -0.0028470095712691545 -0.030168168246746063 -0.99954080581665039
687 -0.0054460926912724972 0.029544711112976074 -0.99954861402511597
688 0.024685880169272423 -0.017641572281718254 -0.99953961372375488
689 0.0070767365396022797 0.029480969533324242 -0.99954026937484741
690 -0.016815820708870888 0.024985278025269508 -0.99954640865325928
691 -0.019754940643906593 0.023615457117557526 -0.99952596426010132
692 0.012874645181000233 0.027331903576850891 -0.99954354763031006
693 0.018143981695175171 0.023875189945101738 -0.99955034255981445
694 -0.0090440157800912857 -0.028855279088020325 -0.9995427131652832
695 0.0098281782120466232 -0.028594078496098518 -0.99954277276992798
696 0.015589188784360886 0.025696752592921257 -0.99954825639724731
697 0.018292281776666641 0.024229627102613449 -0.9995390772819519
698 -0.014173688367009163 0.026663927361369133 -0.99954402446746826
699 -0.023230981081724167 0.018122982233762741 -0.99956589937210083
700 0.025454813614487648 -0.018083231523633003 -0.9995124340057373
701 0.017477894201874733 -0.019009975716471672 -0.99966651201248169
702 0.012721065431833267 -0.027422567829489708 -0.9995429515838623
703 -0.020362980663776398 -0.012499513104557991 -0.99971455335617065
704 -0.026501383632421494 0.013031402602791786 -0.99956387281417847
705 0.019976120442152023 -0.021772654727101326 -0.99956339597702026
706 -0.01353730820119381 0.025603301823139191 -0.9995805025100708
707 -0.014748347923159599 -0.026380114257335663 -0.99954324960708618
708 -0.0059742489829659462 -0.029544619843363762 -0.9995456337928772
709 -0.019243067130446434 0.022972900420427322 -0.99955087900161743
710 -0.01191860344260931 -0.027640895918011665 -0.99954688549041748
711 -0.017506014555692673 -0.024931319057941437 -0.99953585863113403
712 0.026411194354295731 -0.024259306490421295 -0.99935674667358398
713 0.015568871051073074 0.025788476690649986 -0.99954617023468018
714 0.0069338739849627018 -0.0022112017031759024 -0.99997353553771973
715 0.016367992386221886 0.013424894772469997 -0.99977588653564453
716 0.02558695524930954 -0.014413023367524147 -0.99956876039505005
717 0.017895704135298729 -0.023633023723959923 -0.99956053495407104
718 -0.015185385011136532 -0.014009484089910984 -0.99978655576705933
719 0.012840056791901588 0.027230901643633842 -0.99954670667648315
720 0.022164210677146912 0.019713731482625008 -0.99955999851226807
721 0.020410835742950439 -0.021989397704601288 -0.99954986572265625
722 4.3228923459537327e-05 0.00057002989342436194 -0.99999988079071045
723 5.3276609833119437e-05 -0.0005627957871183753 -0.99999988079071045
724 0.0099829435348510742 0.028484424576163292 -0.99954444169998169
725 -0.016266942024230957 -0.018516890704631805 -0.99969625473022461
726 0.017700517550110817 -0.023780664429068565 -0.99956053495407104
727 0.0067984089255332947 -0.029217109084129333 -0.9995499849319458
728 0.020257959142327309 0.013053535483777523 -0.9997096061706543
729 -0.022474916651844978 0.02227049320936203 -0.99949938058853149
730 -0.013914665207266808 0.026192516088485718 -0.99956011772155762
731 0.022690709680318832 -0.019855966791510582 -0.9995453953742981
732 0.015477466396987438 -0.025692585855722427 -0.99955010414123535
733 6.0086880694143474e-05 0.00063385465182363987 -0.99999982118606567
734 5.370684084482491e-05 -0.00054566439939662814 -0.99999988079071045
735 4.3344516598153859e-05 -0.00057809887221083045 -0.99999982118606567
736 4.6934350393712521e-05 0.00056465779198333621 -0.99999988079071045
737 -0.02952875941991806 0.013123559765517712 -0.9994778037071228
738 0.0098986886441707611 0.02846803329885006 -0.99954569339752197
739 -0.99999284744262695 0.003490047762170434 -0.00147189327981323
740 -0.011343426071107388 0.027942614629864693 -0.99954521656036377
741 0.0036106100305914879 -0.030002504587173462 -0.99954336881637573
742 0.0099987257272005081 -0.028462033718824387 -0.99954491853713989
743 -0.0085706515237689018 0.029093779623508453 -0.99953997135162354
744 -0.002413471695035696 0.029966333881020546 -0.99954801797866821
745 -0.0064548663794994354 -0.023413518443703651 -0.99970507621765137
746 -0.0090045258402824402 -0.02887457050383091 -0.9995424747467041
747 -0.0028571132570505142 -0.030276143923401833 -0.99953746795654297
748 -0.0014195924159139395 0.024335473775863647 -0.99970287084579468
749 0.014485122635960579 0.023229850456118584 -0.99962526559829712
750 -0.99996966123580933 0.0076536987908184528 -0.001469576614908874
751 -0.001964630326256156 -0.02651657909154892 -0.99964648485183716
752 -0.99999320507049561 0.0033988470677286386 -0.0014524166472256184
753 0.0069388411939144135 0.029378088191151619 -0.99954432249069214
754 0.0037707188166677952 0.02729465439915657 -0.99962037801742554
755 0.011275698430836201 0.031505163758993149 -0.99944001436233521
756 -0.019235476851463318 0.017916098237037659 -0.99965447187423706
757 -0.014182988554239273 0.022143155336380005 -0.99965423345565796
758 0.0070928046479821205 -0.029593275859951973 -0.99953687191009521
759 -0.0091211562976241112 0.022912101820111275 -0.99969589710235596
760 0.01327130850404501 0.015858918428421021 -0.9997861385345459
761 -0.011452872306108475 0.0035164535511285067 -0.99992823600769043
762 0.014417988248169422 -0.024264512583613396 -0.99960160255432129
763 3.9914924855111167e-05 0.00054030108731240034 -0.99999988079071045
764 0.012285351753234863 -0.038974400609731674 -0.99916470050811768
765 0.0067821983247995377 0.028870262205600739 -0.99956017732620239
766 -0.99996453523635864 0.0082973325625061989 -0.0014464888954535127
767 -0.011498616077005863 -0.026381015777587891 -0.99958586692810059
768 8.4863102529197931e-05 0.0024745215196162462 -0.99999696016311646
769 -0.027501951903104782 -0.004046587273478508 -0.99961358308792114
770 5.1686532970052212e-05 -0.0006672180606983602 -0.99999982118606567
771 -0.00091713480651378632 0.00092807027976959944 -0.99999916553497314
772 -0.01413758285343647 -0.0042252885177731514 -0.99989116191864014
773 -0.0029890779405832291 0.00080546911340206861 -0.99999523162841797
774 0.0041656247340142727 -0.00023899419466033578 -0.99999129772186279
775 0.013268674723803997 0.0027004948351532221 -0.99990832805633545
776 -0.0028480414766818285 0.00080872169928625226 -0.9999956488609314
777 0.0076060038991272449 -0.0022956752218306065 -0.99996846914291382
778 0.018575496971607208 0.020538756623864174 -0.99961650371551514
779 -0.012968455441296101 -0.013787364587187767 -0.99982082843780518
780 -0.020189331844449043 -0.0025435099378228188 -0.99979293346405029
781 0.0074404133483767509 -2.4234819647972472e-05 -0.99997234344482422
782 -0.00099536310881376266 0.00095552019774913788 -0.99999910593032837
783 -0.022446392104029655 0.025898782536387444 -0.99941253662109375
784 -0.003846318693831563 -0.0014844223624095321 -0.99999153614044189
785 0.0085517251864075661 -0.0026414669118821621 -0.99995994567871094
786 0.018942175433039665 0.0011390369618311524 -0.99981993436813354
787 -0.030935047194361687 0.0044035548344254494 -0.99951171875
788 -0.022431338205933571 -0.0026289692614227533 -0.9997449517250061
789 -0.0019393474794924259 0.0032139436807483435 -0.9999929666519165
790 -0.015559741295874119 -0.001967232208698988 -0.99987703561782837
791 4.2446470615686849e-05 0.00057812145678326488 -0.99999982118606567
792 6.3476669311057776e-05 -0.00057895149802789092 -0.99999982118606567
793 5.431310273706913e-05 0.0007131927995942533 -0.9999997615814209
794 0.020601654425263405 -0.011714272201061249 -0.99971914291381836
795 -0.014904200099408627 -0.0042140288278460503 -0.99988007545471191
796 -0.0060764150694012642 0.0038558922242373228 -0.99997413158416748
797 0.014734779484570026 -0.0029674428515136242 -0.99988704919815063
798 -0.007348877377808094 0.036169819533824921 -0.99931865930557251
799 -0.01037937868386507 0.0029649895150214434 -0.99994176626205444
800 4.477807306102477e-05 -0.00055628869449719787 -0.99999988079071045
801 0.0010857031447812915 0.00049338926328346133 -0.9999992847442627
802 0.014374216087162495 -0.000666724459733814 -0.99989652633666992
803 4.5522156142396852e-05 0.00057153904344886541 -0.99999988079071045
804 -0.00014264066703617573 0.0034063288476318121 -0.99999421834945679
805 -0.014893515035510063 -0.0071238195523619652 -0.99986374378204346
806 0.021859722211956978 0.0084951929748058319 -0.99972498416900635
807 0.0030459526460617781 -1.0017713066190481e-05 -0.99999541044235229
808 0.01526007242500782 0.0032311016693711281 -0.99987834692001343
809 4.2658612073864788e-05 -0.00057053641648963094 -0.99999988079071045
810 4.2519288399489596e-05 -0.00059083016822114587 -0.99999982118606567
811 0.021234674379229546 0.0014016870409250259 -0.99977356195449829
812 4.4386983063304797e-05 -0.00059220683760941029 -0.99999982118606567
813 -0.024459755048155785 0.006669965572655201 -0.99967861175537109
814 -0.016074502840638161 -0.0017140669515356421 -0.99986934661865234
815 0.015120308846235275 0.0029564164578914642 -0.9998813271522522
816 -0.01747603714466095 0.0022052701096981764 -0.99984490871429443
817 -0.01181509904563427 -0.017885562032461166 -0.99977022409439087
818 0.021575264632701874 -0.0048990566283464432 -0.99975526332855225
819 0.011532780714333057 0.015833334997296333 -0.99980813264846802
820 -0.012133351527154446 0.010168090462684631 -0.99987471103668213
821 0.019641147926449776 0.004031800664961338 -0.99979895353317261
822 0.018700238317251205 -0.0036990088410675526 -0.99981826543807983
823 4.3839903810294345e-05 0.00056767085334286094 -0.99999988079071045
824 -0.0095897708088159561 -0.019232461228966713 -0.99976903200149536
825 0.016475683078169823 0.0055356789380311966 -0.99984896183013916
826 0.050541866570711136 0.0053008147515356541 -0.99870789051055908
827 0.0022429234813898802 9.3834794824942946e-05 -0.99999749660491943
828 0.017432611435651779 0.0030106701888144016 -0.9998435378074646
829 9.8093863925896585e-05 -0.00053341721650213003 -0.99999988079071045
830 -0.01500653475522995 0.0062718703411519527 -0.99986773729324341
831 0.011716722510755062 -0.015691736713051796 -0.99980825185775757
832 0.0004558950022328645 0.00051864742999896407 -0.9999997615814209
833 0.0023983812425285578 -0.021527104079723358 -0.99976539611816406
834 2.8743730581481941e-05 -0.00050389562966302037 -0.99999988079071045
835 -0.00031948750256560743 0.00066321779740974307 -0.9999997615814209
836 0.021696701645851135 -0.0047257868573069572 -0.99975341558456421
837 -0.019194433465600014 -0.0055784322321414948 -0.99980020523071289
838 0.0010020765475928783 0.00037773285293951631 -0.99999946355819702
839 -0.0055497135035693645 0.0018803493585437536 -0.99998289346694946
840 -0.022529449313879013 -0.0059400633908808231 -0.99972856044769287
841 0.015657903626561165 0.0030310621950775385 -0.99987286329269409
842 -0.013311014510691166 -0.0054830587469041348 -0.99989640712738037
843 -0.032422561198472977 -0.0073172803968191147 -0.99944746494293213
844 0.032973680645227432 -0.01054015289992094 -0.99940067529678345
845 -0.024171814322471619 0.001964624272659421 -0.999705970287323
846 -0.0019965991377830505 0.0054535334929823875 -0.99998313188552856
847 -0.0022115695755928755 0.0057735168375074863 -0.99998092651367188
848 9.1602203610818833e-05 -0.00036625220673158765 -0.99999994039535522
849 -0.012377004139125347 0.0028398460708558559 -0.99991941452026367
850 -0.00020298473828006536 0.00032665865728631616 -0.99999994039535522
851 0.00090070581063628197 -0.0027028489857912064 -0.99999594688415527
852 -0.033419281244277954 0.0095071643590927124 -0.99939620494842529
853 -0.038385204970836639 0.012139437720179558 -0.99918931722640991
854 0.0022140275686979294 -0.010836792178452015 -0.99993884563446045
855 -0.0022371949162334204 -0.018375219777226448 -0.99982869625091553
856 -0.00042896461673080921 0.0084074763581156731 -0.99996459484100342
857 0.0077849822118878365 -0.002260253531858325 -0.99996715784072876
858 0.028244566172361374 -0.016446949914097786 -0.99946576356887817
859 0.0013119298964738846 0.0019835149869322777 -0.99999719858169556
860 -0.0087816771119832993 -0.021400194615125656 -0.99973243474960327
861 -0.018386039882898331 0.019874274730682373 -0.99963343143463135
862 -0.016257824376225471 -0.022333355620503426 -0.99961841106414795
863 0.011307947337627411 0.017635762691497803 -0.99978053569793701
864 -0.00030087181949056685 0.0040905210189521313 -0.99999159574508667
865 0.019263066351413727 -0.021679481491446495 -0.99957942962646484
866 -0.028340471908450127 0.01549225952476263 -0.99947828054428101
867 0.043083623051643372 -0.013785727322101593 -0.99897634983062744
868 0.017970673739910126 -0.016282083466649055 -0.999705970287323
869 -0.02433200366795063 -0.016928782686591148 -0.99956059455871582
870 0.02515198290348053 0.0077232629992067814 -0.99965381622314453
871 0.016178393736481667 0.020462732762098312 -0.99965971708297729
872 0.03003222867846489 -0.008533417247235775 -0.99951249361038208
873 0.023894710466265678 -0.018066339194774628 -0.99955123662948608
874 -0.018393605947494507 0.015771232545375824 -0.9997064471244812
875 -0.024246152490377426 0.016972657293081284 -0.99956196546554565
876 -0.025354981422424316 0.018241900950670242 -0.99951207637786865
877 0.027192205190658569 -0.016277952119708061 -0.99949771165847778
878 -0.027944151312112808 0.015649035573005676 -0.99948704242706299
879 -0.019499927759170532 0.020769890397787094 -0.99959415197372437
880 0.018813842907547951 -0.021361580118536949 -0.99959480762481689
881 -0.011793725192546844 0.02281000092625618 -0.99967026710510254
882 0.018013700842857361 -0.025526486337184906 -0.99951183795928955
883 0.010969221591949463 -0.025724954903125763 -0.99960887432098389
884 -0.026229469105601311 0.011408088728785515 -0.99959087371826172
885 0.025962680578231812 -0.015395025722682476 -0.99954438209533691
886 0.0223410464823246 -0.020843228325247765 -0.99953311681747437
887 -0.029081076383590698 -0.011376723647117615 -0.99951231479644775
888 0.027901152148842812 -0.013103162869811058 -0.99952483177185059
889 -0.0085950484499335289 0.029793607071042061 -0.99951916933059692
890 -3.1521336495643482e-05 -0.00039248581742867827 -0.99999994039535522
891 0.0043814820237457752 0.025446608662605286 -0.99966657161712646
892 -0.027687594294548035 0.0064349779859185219 -0.99959594011306763
893 -0.025447677820920944 0.013180114328861237 -0.99958926439285278
894 -0.023436538875102997 0.018977606669068336 -0.99954521656036377
895 -0.013405605219304562 0.021873258054256439 -0.99967086315155029
896 0.028367567807435989 -0.012472013011574745 -0.99951976537704468
897 0.024496544152498245 -0.017045624554157257 -0.99955457448959351
898 0.019840743392705917 0.019035693258047104 -0.99962198734283447
899 -0.00020506809232756495 0.00081372878048568964 -0.99999964237213135
900 0.022228959947824478 -0.019581271335482597 -0.99956119060516357
901 0.0039279898628592491 -0.0190008245408535 -0.99981176853179932
902 -0.031604994088411331 -0.0045368182472884655 -0.99949020147323608
903 -0.021890882402658463 0.018629012629389763 -0.99958682060241699
904 -3.7926813092781231e-05 -0.00042133362148888409 -0.99999994039535522
905 -3.0104656616458669e-05 -0.00030886149033904076 -0.99999994039535522
906 0.0097268996760249138 -0.024311326444149017 -0.99965715408325195
907 -0.0019519500201568007 0.0050305649638175964 -0.9999854564666748
908 0.0035342969931662083 -0.0058072684332728386 -0.99997693300247192
909 -4.148852895013988e-05 -3.1063771075423574e-06 -1
910 -6.6581909777596593e-05 -4.96607799505e-06 -1
911 -6.6364053054712713e-05 -4.9367026804247871e-06 -1
912 -0.024667641147971153 0.016457172110676765 -0.99956023693084717
913 0.00027419309481047094 -0.00076563621405512094 -0.99999970197677612
914 0.022711006924510002 0.014754345640540123 -0.99963319301605225
915 0.0014472973998636007 0.0037676934152841568 -0.99999189376831055
916 0.026757301762700081 0.012906881049275398 -0.99955868721008301
917 0.015759317204356194 -0.0017932362388819456 -0.99987423419952393
918 0.011422291398048401 -0.019593780860304832 -0.99974280595779419
919 0.017477024346590042 -0.026713313534855843 -0.99949038028717041
920 0.0088060013949871063 -0.011355914175510406 -0.99989676475524902
921 -0.008796030655503273 0.00034000087180174887 -0.99996131658554077
922 -0.99999982118606567 -1.98094730876619e-05 -0.00057941657723858953
923 -0.021687198430299759 0.021939188241958618 -0.99952405691146851
924 -0.030539851635694504 0.01230175606906414 -0.99945783615112305
925 0.02941659651696682 -0.0028282739222049713 -0.99956327676773071
926 0.023607803508639336 0.017667137086391449 -0.99956518411636353
927 -1.2124936802138109e-05 -0.00016001389303710312 -1
928 -2.7429392503108829e-05 -0.0002567603369243443 -1
929 -5.0224254664499313e-05 -0.00018238392658531666 -1
930 0.0011065085418522358 -0.0050606406293809414 -0.99998658895492554
931 0.0024426490999758244 -0.0037534693256020546 -0.99998998641967773
932 0.021017046645283699 -0.021608812734484673 -0.99954557418823242
933 -7.9990291851572692e-05 0.00024204318469855934 -1
934 -0.010071314871311188 0.017200922593474388 -0.99980133771896362
935 -0.027863418683409691 -0.0070727192796766758 -0.99958676099777222
936 0.019565796479582787 0.021677615121006966 -0.99957352876663208
937 -0.0031178384087979794 0.038177989423274994 -0.99926614761352539
938 0.00032416149042546749 -0.0037340463604778051 -0.9999929666519165
939 -4.1584964492358267e-05 -0.0005733292200602591 -0.99999982118606567
940 -0.00036137251299805939 0.0048253946006298065 -0.99998831748962402
941 -0.025546763092279434 0.0016065096715465188 -0.99967235326766968
942 0.017030224204063416 0.022812049835920334 -0.99959468841552734
943 -0.027082119137048721 -0.013305357657372952 -0.99954468011856079
944 -0.0023261446040123701 0.011047950014472008 -0.99993628263473511
945 0.013836382888257504 0.025667566806077957 -0.99957478046417236
946 0.0042431741021573544 -0.021312721073627472 -0.9997638463973999
947 -0.021991197019815445 0.034529179334640503 -0.99916172027587891
948 0.011330422013998032 0.033983826637268066 -0.99935817718505859
949 0.0025593144819140434 -0.006840175949037075 -0.9999733567237854
950 -0.022673483937978745 -0.019812740385532379 -0.99954664707183838
951 -0.0016647662268951535 0.0043068546801805496 -0.99998939037322998
952 -0.015134302899241447 -0.023600609973073006 -0.9996069073677063
953 -0.0083829779177904129 -0.021605413407087326 -0.99973148107528687
954 0.00091220182366669178 -0.0041678706184029579 -0.99999094009399414
955 -0.025390276685357094 0.011191320605576038 -0.99961501359939575
956 -5.3749667131341994e-05 0.00015980224998202175 -1
957 -8.741923920752015e-06 -5.5022741207721992e-07 -1
958 0.01553130429238081 0.0086370371282100677 -0.99984210729598999
959 -0.010090225376188755 0.012617132626473904 -0.99986952543258667
960 0.00089716550428420305 -0.0040687671862542629 -0.99999135732650757
961 -0.0015882001025602221 0.0072504119016230106 -0.99997246265411377
962 0.025798410177230835 -0.019321456551551819 -0.99948042631149292
963 -0.019238866865634918 0.023336252197623253 -0.99954253435134888
964 0.01035359688103199 -0.01722148060798645 -0.99979811906814575
965 -0.020415203645825386 0.0056793522089719772 -0.9997754693031311
966 0.025425167754292488 -0.012300845235586166 -0.99960106611251831
967 0.0020083710551261902 0.011113932356238365 -0.99993628263473511
968 -0.0048062480054795742 0.012781876139342785 -0.99990677833557129
969 0.017198368906974792 -0.0018887999467551708 -0.99985033273696899
970 -0.010948245413601398 0.013431726023554802 -0.99984991550445557
971 0.015210520476102829 -0.019069474190473557 -0.99970245361328125
972 -0.02290157787501812 0.0017423336394131184 -0.9997362494468689
973 0.015733599662780762 -0.0049133771099150181 -0.99986416101455688
974 -0.012363489717245102 0.0013494584709405899 -0.99992269277572632
975 -0.019930101931095123 0.00038883509114384651 -0.99980127811431885
976 0.017014069482684135 -0.0033600311726331711 -0.99984961748123169
977 0.00076359661761671305 -0.011662586592137814 -0.99993175268173218
978 -0.0030383565463125706 -0.019628103822469711 -0.99980270862579346
979 -0.00030075761605985463 0.0040889685042202473 -0.99999159574508667
980 -0.99999982118606567 0.00060227967333048582 0
981 -0.99999982118606567 0.00063384947134181857 0
982 -0.99999982118606567 0.0006278427317738533 0
983 -0.99999982118606567 0.00061427854234352708 0
984 -0.99999988079071045 0.00050487573025748134 0
985 -0.99999982118606567 0.00065080763306468725 0
986 -0.99999988079071045 0.00048291729763150215 0
987 -0.99999988079071045 0.00055335398064926267 0
988 -0.99999988079071045 0.00054214504780247808 0
989 -0.99999982118606567 0.00064799591200426221 0
990 -0.99999988079071045 0.00050426129018887877 0
991 -0.99999988079071045 0.00047102669486775994 0
992 -0.99999988079071045 0.00048508532927371562 0
993 -0.99999988079071045 0.00055041932500898838 0
994 -0.99999988079071045 0.00052241608500480652 0
995 -0.99999982118606567 0.00059774465626105666 0
996 -0.99999982118606567 0.00060947722522541881 0
997 -0.99999994039535522 0.00045657600276172161 0
998 -0.99999988079071045 0.00054384494433179498 0
999 -0.99999988079071045 0.00052860425785183907 0
1000 -0.99999982118606567 0.00063210859661921859 0
1001 -0.99999988079071045 0.00053414283320307732 0
1002 -0.99999988079071045 0.000496961351018399 0
1003 -0.99999988079071045 0.0004976956988684833 0
1004 -0.99999988079071045 0.0005583103047683835 0
1005 -0.99999982118606567 0.00059095671167597175 0
1006 -0.99999988079071045 0.00049517361912876368 0
1007 -0.99999988079071045 0.00049242336535826325 0
1008 -0.99999988079071045 0.00051236292347311974 0
1009 -0.99999988079071045 0.00055187643738463521 0
1010 -0.99999982118606567 0.00062986154807731509 0
1011 -0.99999988079071045 0.00048477810923941433 0
1012 -0.99999982118606567 0.00059273559600114822 0
1013 -0.99999988079071045 0.00055642606457695365 0
1014 -0.99999988079071045 0.0004620648396667093 0
1015 -0.99999982118606567 0.00063488521846011281 0
1016 -0.99999988079071045 0.00048739381600171328 0
1017 -0.99999988079071045 0.0005015929345972836 0
1018 -0.99999988079071045 0.00051844283007085323 0
1019 -0.99999982118606567 0.00064785254653543234 0
1020 -0.99999988079071045 0.00049579096958041191 0
1021 -0.99999988079071045 0.0005113535444252193 0
1022 -0.99999988079071045 0.00049887190107256174 0
1023 -0.99999988079071045 0.00051827309653162956 0
1024 -0.99999988079071045 0.00056688586482778192 0
1025 -0.99999982118606567 0.00062326964689418674 0
1026 -0.99999988079071045 0.00056159304222092032 0
1027 -0.99999982118606567 0.00063889357261359692 0
1028 -0.99999982118606567 0.00058999407337978482 0
1029 -0.99999988079071045 0.00047056147013790905 0
1030 -0.99999982118606567 0.00063293363200500607 0
1031 -0.99999988079071045 0.00049289147136732936 0
1032 -0.99999988079071045 0.00055573263671249151 0
1033 -0.99999988079071045 0.00048492732457816601 0
1034 -0.99999988079071045 0.00049150758422911167 0
1035 -0.99999988079071045 0.00049781275447458029 0
1036 -0.99999988079071045 0.00047875966993160546 0
1037 -0.99999982118606567 0.00060034572379663587 0
1038 -0.99999988079071045 0.00054995412938296795 0
1039 -0.99999982118606567 0.00062558689387515187 0
1040 -0.99999982118606567 0.00063001661328598857 0
1041 -0.99999988079071045 0.00050327531062066555 0
1042 -0.99999988079071045 0.0004841549089178443 0
1043 -0.99999988079071045 0.00055656360927969217 0
1044 -0.99999988079071045 0.00052554672583937645 0
1045 -0.99999988079071045 0.00051714084111154079 0
1046 -0.99999988079071045 0.0004931021248921752 0
1047 -0.99999982118606567 0.00061091379029676318 0
1048 -0.99999988079071045 0.00048654241254553199 0
1049 -0.99999988079071045 0.00056764658074826002 0
1050 -0.99999988079071045 0.00049390090862289071 0
1051 -0.99999988079071045 0.00056452181888744235 0
1052 -0.99999988079071045 0.00051549065392464399 0
1053 -0.99999988079071045 0.00055012677330523729 0
1054 -0.99999988079071045 0.00051834044279530644 0
1055 -0.99999988079071045 0.00055404443992301822 0
1056 -0.99999988079071045 0.0005360622308216989 0
1057 -0.99999988079071045 0.00056308525381609797 0
1058 -0.99999988079071045 0.000505665666423738 0
1059 -0.99999988079071045 0.00052230787696316838 0
1060 -0.99999988079071045 0.00050721055595204234 0
1061 -0.99999988079071045 0.00051924743456766009 0
1062 -0.99999988079071045 0.0005382332019507885 0
1063 -0.99999988079071045 0.0005575495888479054 0
1064 -0.99999982118606567 0.00063903990667313337 0
1065 -0.99999988079071045 0.00055554247228428721 0
1066 -0.99999988079071045 0.00055951863760128617 0
1067 -0.99999982118606567 0.00063731655245646834 0
1068 -0.99999988079071045 0.00048994226381182671 0
1069 -0.99999982118606567 0.00062478228937834501 0
1070 -0.99999988079071045 0.00056146137649193406 0
1071 -0.99999988079071045 0.00048155678086914122 0
1072 -0.99999982118606567 0.00062550493748858571 0
1073 -0.99999988079071045 0.00049391551874577999 0
1074 -0.99999982118606567 0.00063043792033568025 0
1075 -0.99999982118606567 0.00059958203928545117 0
1076 -0.99999988079071045 0.00047055270988494158 0
1077 -0.99999988079071045 0.00055301457177847624 0
1078 -0.99999988079071045 0.00049210444558411837 0
1079 -0.99999988079071045 0.00048761910875327885 0
1080 -0.99999988079071045 0.00049689988372847438 0
1081 -0.99999988079071045 0.00052826484898105264 0
1082 -0.99999982118606567 0.00064908724743872881 0
1083 -0.99999988079071045 0.00056178617523983121 0
1084 -0.99999988079071045 0.00055145804071798921 0
1085 -0.99999988079071045 0.00046972176642157137 0
1086 -0.99999988079071045 0.00046311231562867761 0
1087 -0.99999988079071045 0.0005531959468498826 0
1088 -0.99999982118606567 0.00061785976868122816 0
1089 -0.99999988079071045 0.00048780636279843748 0
1090 -0.99999988079071045 0.00057031790493056178 0
1091 -0.99999988079071045 0.00049927568761631846 0
1092 -0.99999982118606567 0.00063312676502391696 0
1093 -0.99999988079071045 0.00050371122779324651 0
1094 -0.99999988079071045 0.0005172783276066184 0
1095 -0.99999988079071045 0.00051831407472491264 0
1096 -0.99999982118606567 0.00063836690969765186 0
1097 -0.99999988079071045 0.00047009333502501249 0
1098 -0.99999982118606567 0.00060870771994814277 0
1099 -0.99999988079071045 0.00048143975436687469 0
1100 -0.99999988079071045 0.00055084942141547799 0
1101 -0.99999988079071045 0.00049330695765092969 0
1102 -0.99999988079071045 0.00054809037828817964 0
1103 -0.99999988079071045 0.00056811183458194137 0
1104 -0.99999988079071045 0.00049750262405723333 0
1105 -0.99999988079071045 0.00051685702055692673 0
1106 -0.99999988079071045 0.00049051281530410051 0
1107 -0.99999988079071045 0.00052258872892707586 0
1108 -0.99999982118606567 0.00063936755759641528 0
1109 -0.99999982118606567 0.00063554057851433754 0
1110 -0.99999982118606567 0.00062329304637387395 0
1111 -0.99999982118606567 0.00061990198446437716 0
1112 -0.99999988079071045 0.00050217518582940102 0
1113 -0.99999982118606567 0.00060726236552000046 0
1114 -0.99999988079071045 0.00049014703836292028 0
1115 -0.99999988079071045 0.00048703979700803757 0
1116 -0.99999988079071045 0.00055440142750740051 0
1117 -0.99999982118606567 0.00063182477606460452 0
1118 -0.99999988079071045 0.00049606309039518237 0
1119 -0.99999988079071045 0.00048263932694680989 0
1120 -0.99999988079071045 0.00050448364345356822 0
1121 -0.99999988079071045 0.00053646304877474904 0
1122 -0.99999988079071045 0.00056558684445917606 0
1123 -0.99999988079071045 0.0004842426860705018 0
1124 -0.99999988079071045 0.00056002481142058969 0
1125 -0.99999988079071045 0.00050697941333055496 0
1126 -0.99999988079071045 0.0005265064537525177 0
1127 -0.99999988079071045 0.00053029245464131236 0
1128 -0.99999988079071045 0.00056185637367889285 0
1129 -0.99999982118606567 0.00064204179216176271 0
1130 -0.99999982118606567 0.00063454871997237206 0
1131 -0.99999988079071045 0.00050750898662954569 0
1132 -0.99999988079071045 0.00053404632490128279 0
1133 -0.99999988079071045 0.00050482893129810691 0
1134 -0.99999988079071045 0.00050074444152414799 0
1135 -0.99999988079071045 0.0005116958636790514 0
1136 -0.99999988079071045 0.00051265256479382515 0
1137 -0.99999988079071045 0.00053160911193117499 0
1138 -0.99999988079071045 0.00054700783221051097 0
1139 -0.99999988079071045 0.00055369042092934251 0
1140 -0.99999982118606567 0.0006516912835650146 0
1141 -0.99999988079071045 0.00056646164739504457 0
1142 -0.99999988079071045 0.00045727234100922942 0
1143 -0.99999988079071045 0.00056220748228952289 0
1144 -0.99999988079071045 0.00048308697296306491 0
1145 -0.99999982118606567 0.00062752084340900183 0
1146 -0.99999988079071045 0.00053746660705655813 0
1147 -0.99999988079071045 0.00048576996778137982 0
1148 -0.99999988079071045 0.00051800982328131795 0
1149 -0.99999988079071045 0.00054458226077258587 0
1150 -0.99999988079071045 0.00055142288329079747 0
1151 -0.99999982118606567 0.00059283507289364934 0
1152 -0.99999988079071045 0.00054830103181302547 0
1153 -0.99999988079071045 0.00051477673696354032 0
1154 -0.99999988079071045 0.00050965358968824148 0
1155 -0.99999988079071045 0.00050687993643805385 0
1156 -0.99999982118606567 0.000575338548514992 0
1157 -0.99999988079071045 0.00054146331967785954 0
1158 -0.99999982118606567 0.00063205882906913757 0
1159 -0.99999988079071045 0.00050283345626667142 0
1160 -0.99999988079071045 0.00053253071382641792 0
1161 -0.99999988079071045 0.00048899429384618998 0
1162 -0.99999988079071045 0.00055505678756162524 0
1163 -0.99999988079071045 0.00056542298989370465 0
1164 -0.99999988079071045 0.00054318079492077231 0
1165 -0.99999988079071045 0.00049270421732217073 0
1166 -0.99999988079071045 0.00049428711645305157 0
1167 -0.99999988079071045 0.00053756317356601357 0
1168 -0.99999988079071045 0.00053258048137649894 0
1169 -0.99999988079071045 0.00050363515038043261 0
1170 -0.99999988079071045 0.00052918941946700215 0
1171 -0.99999988079071045 0.00050173921044915915 0
1172 -0.99999988079071045 0.00053729693172499537 0
1173 -0.99999988079071045 0.00050644984003156424 0
1174 -0.99999988079071045 0.00051421497482806444 0
1175 -0.99999988079071045 0.00052348111057654023 0
1176 -0.99999988079071045 0.00051339867059141397 0
1177 -0.99999988079071045 0.00054418726358562708 0
1178 -0.99999988079071045 0.00055555714061483741 0
1179 -0.99999988079071045 0.00051868858281522989 0
1180 -0.99999988079071045 0.00055196124594658613 0
1181 -0.99999988079071045 0.00053125800332054496 0
1182 -0.99999988079071045 0.00053760118316859007 0
1183 -0.99999988079071045 0.00055000092834234238 0
1184 -0.99999988079071045 0.00051702966447919607 0
1185 -0.99999988079071045 0.00054602179443463683 0
1186 -0.99999982118606567 0.00063451362075284123 0
1187 -0.99999988079071045 0.00055286532733589411 0
1188 -0.99999982118606567 0.0006038186838850379 0
1189 -0.99999988079071045 0.00056935235625132918 0
1190 -0.99999988079071045 0.00048684960347600281 0
1191 -0.99999988079071045 0.00050899235066026449 0
1192 -0.99999988079071045 0.00049642298836261034 0
1193 -0.99999988079071045 0.00055575312580913305 0
1194 -0.99999988079071045 0.00055813184008002281 0
1195 -0.99999988079071045 0.0005056539666838944 0
1196 -0.99999988079071045 0.00052636011969298124 0
1197 -0.99999988079071045 0.00049419642891734838 0
1198 -0.99999982118606567 0.00062055734451860189 0
1199 -0.99999988079071045 0.00051984138553962111 0
1200 -0.99999982118606567 0.00063492613844573498 0
1201 -0.99999982118606567 0.00063263520132750273 0
1202 -0.99999982118606567 0.00062340422300621867 0
1203 -0.99999988079071045 0.00049090775428339839 0
1204 -0.99999988079071045 0.0005644399207085371 0
1205 -0.99999988079071045 0.00049813458463177085 0
1206 -0.99999988079071045 0.00055719556985422969 0
1207 -0.99999988079071045 0.00049374293303117156 0
1208 -0.99999988079071045 0.00049919961020350456 0
1209 -0.99999988079071045 0.00057020963868126273 0
1210 -0.99999988079071045 0.0005281799822114408 0
1211 -0.99999988079071045 0.00056059239432215691 0
1212 -0.99999982118606567 0.00063906330615282059 0
1213 -0.99999988079071045 0.00049828382907435298 0
1214 -0.99999988079071045 0.00048390621668659151 0
1215 -0.99999982118606567 0.00061088457005098462 0
1216 -0.99999988079071045 0.00055995461298152804 0
1217 -0.99999988079071045 0.0004956914926879108 0
1218 -0.99999982118606567 0.00063686596695333719 0
1219 -0.99999982118606567 0.00063827040139585733 0
1220 -0.99999958276748657 -0.0009560571052134037 0
1221 -0.99999958276748657 -0.00092693330952897668 0
1222 -0.99999958276748657 -0.00095220969524234533 0
1223 -0.99999958276748657 -0.00094840902602300048 0
1224 -0.99999958276748657 -0.00094327412080019712 0
1225 -0.99999958276748657 -0.00091118353884667158 0
1226 -0.99999958276748657 -0.00095546909142285585 0
1227 -0.99999958276748657 -0.00096010352717712522 0
1228 -0.99999958276748657 -0.00092487060464918613 0
1229 -0.9999995231628418 -0.00096249679336324334 0
1230 -0.99999958276748657 -0.00095935451099649072 0
1231 -0.99999958276748657 -0.00092379393754526973 0
1232 -0.99999958276748657 -0.00090711371740326285 0
1233 -0.99999958276748657 -0.00092118990141898394 0
1234 -0.99999958276748657 -0.00090824306244030595 0
1235 -0.99999958276748657 -0.00091709080152213573 0
1236 -0.9999995231628418 -0.00099675543606281281 0
1237 -0.99999958276748657 -0.00091302389046177268 0
1238 -0.99999958276748657 -0.00091468286700546741 0
1239 -0.99999958276748657 -0.00095069408416748047 0
1240 -0.99999958276748657 -0.00095072336262091994 0
1241 -0.99999958276748657 -0.00090670411009341478 0
1242 -0.99999958276748657 -0.00094206869835034013 0
1243 -0.99999958276748657 -0.00095095450524240732 0
1244 -0.99999958276748657 -0.00093610287876799703 0
1245 -0.99999958276748657 -0.00091285421513020992 0
1246 -0.99999958276748657 -0.0009551325929351151 0
1247 -0.99999958276748657 -0.00092676363419741392 0
1248 -0.9999995231628418 -0.00096744438633322716 0
1249 -0.99999958276748657 -0.00091884337598457932 0
1250 -0.99999958276748657 -0.00094805791741237044 0
1251 -0.9999995231628418 -0.00099016062449663877 0
1252 -0.99999958276748657 -0.00091216078726574779 0
1253 -0.99999958276748657 -0.00092316779773682356 0
1254 -0.99999958276748657 -0.00091710546985268593 0
1255 -0.99999958276748657 -0.00090429611736908555 0
1256 -0.9999995231628418 -0.00096374616259709001 0
1257 -0.99999958276748657 -0.00095122074708342552 0
1258 -0.9999995231628418 -0.00098783173598349094 0
1259 -0.99999958276748657 -0.0009448628406971693 0
1260 -0.99999958276748657 -0.00093057600315660238 0
1261 -0.99999958276748657 -0.00093553529586642981 0
1262 -0.99999958276748657 -0.00091719906777143478 0
1263 -0.99999958276748657 -0.0009140245383605361 0
1264 -0.99999958276748657 -0.00095436017727479339 0
1265 -0.99999958276748657 -0.00092088268138468266 0
1266 -0.99999958276748657 -0.00095083453925326467 0
1267 -0.99999958276748657 -0.00090429611736908555 0
1268 -0.99999958276748657 -0.00093507592100650072 0
1269 -0.99999958276748657 -0.00092051114188507199 0
1270 -0.99999958276748657 -0.00095596350729465485 0
1271 -0.9999995231628418 -0.00099484494421631098 0
1272 -0.99999958276748657 -0.00092293077614158392 0
1273 -0.99999958276748657 -0.00095160113414749503 0
1274 -0.9999995231628418 -0.00098896399140357971 0
1275 -0.99999958276748657 -0.00091665488434955478 0
1276 -0.99999958276748657 -0.00095094862626865506 0
1277 -0.99999958276748657 -0.00091613992117345333 0
1278 -0.99999958276748657 -0.00095256371423602104 0
1279 -0.99999958276748657 -0.00095058290753513575 0
1280 -0.9999995231628418 -0.00098142994102090597 0
1281 -0.99999958276748657 -0.00091383728431537747 0
1282 -0.99999958276748657 -0.00095759902615100145 0
1283 -0.99999958276748657 -0.00090859126066789031 0
1284 -0.99999958276748657 -0.00095050683012232184 0
1285 -0.99999958276748657 -0.00094965542666614056 0
1286 -0.99999958276748657 -0.00091319653438404202 0
1287 -0.99999958276748657 -0.00094693730352446437 0
1288 -0.99999958276748657 -0.00093399628531187773 0
1289 -0.99999958276748657 -0.00092443468747660518 0
1290 -0.99999958276748657 -0.00093539484078064561 0
1291 -0.99999958276748657 -0.0009532425319775939 0
1292 -0.99999958276748657 -0.00093693385133519769 0
1293 -0.9999995231628418 -0.00097517739050090313 0
1294 -0.99999958276748657 -0.00094309565611183643 0
1295 -0.9999995231628418 -0.00099443818908184767 0
1296 -0.99999958276748657 -0.00093423912767320871 0
1297 -0.99999958276748657 -0.00095572654390707612 0
1298 -0.99999958276748657 -0.00091956899268552661 0
1299 -0.9999995231628418 -0.00097967742476612329 0
1300 -0.99999958276748657 -0.00095220678485929966 0
1301 -0.99999958276748657 -0.00095049513038247824 0
1302 -0.9999995231628418 -0.00097570696379989386 0
1303 -0.99999958276748657 -0.00094981049187481403 0
1304 -0.99999958276748657 -0.00091562495799735188 0
1305 -0.9999995231628418 -0.00097587663913145661 0
1306 -0.99999958276748657 -0.00090682989684864879 0
1307 -0.9999995231628418 -0.00097642379114404321 0
1308 -0.99999958276748657 -0.00095497461734339595 0
1309 -0.99999958276748657 -0.00091763795353472233 0
1310 -0.99999958276748657 -0.00092545285588130355 0
1311 -0.99999958276748657 -0.00090886338148266077 0
1312 -0.9999995231628418 -0.00098679005168378353 0
1313 -0.99999958276748657 -0.00095756095834076405 0
1314 -0.9999995231628418 -0.00099214143119752407 0
1315 -0.99999958276748657 -0.00094476924277842045 0
1316 -0.99999958276748657 -0.00094878062373027205 0
1317 -0.99999958276748657 -0.00093355739954859018 0
1318 -0.99999958276748657 -0.00092595611931756139 0
1319 -0.99999958276748657 -0.00095762533601373434 0
1320 -0.99999958276748657 -0.00094283232465386391 0
1321 -0.99999958276748657 -0.00094162393361330032 0
1322 -0.99999958276748657 -0.00093074567848816514 0
1323 -0.99999958276748657 -0.00094374810578301549 0
1324 -0.99999958276748657 -0.00093741662567481399 0
1325 -0.99999958276748657 -0.00091582100139930844 0
1326 -0.9999995231628418 -0.00099505262915045023 0
1327 -0.99999958276748657 -0.00092109630350023508 0
1328 -0.99999958276748657 -0.00091746530961245298 0
1329 -0.9999995231628418 -0.00098300410900264978 0
1330 -0.99999958276748657 -0.00095484877238050103 0
1331 -0.99999958276748657 -0.00090479938080534339 0
1332 -0.9999995231628418 -0.00097384030232205987 0
1333 -0.99999958276748657 -0.00091150245862081647 0
1334 -0.99999958276748657 -0.00093385879881680012 0
1335 -0.99999958276748657 -0.00093704211758449674 0
1336 -0.99999958276748657 -0.00091523292940109968 0
1337 -0.99999958276748657 -0.00096113345352932811 0
1338 -0.99999958276748657 -0.00093501451192423701 0
1339 -0.99999958276748657 -0.00094703387003391981 0
1340 -0.9999995231628418 -0.00098964571952819824 0
1341 -0.99999958276748657 -0.0009072219836525619 0
1342 -0.99999958276748657 -0.00092809781199321151 0
1343 -0.99999958276748657 -0.0009443947346881032 0
1344 -0.9999995231628418 -0.0010032011196017265 0
1345 -0.99999958276748657 -0.00094364280812442303 0
1346 -0.9999995231628418 -0.0010047664400190115 0
1347 -0.99999958276748657 -0.00095783895812928677 0
1348 -0.9999995231628418 -0.00096812902484089136 0
1349 -0.9999995231628418 -0.00096522661624476314 0
1350 -0.99999958276748657 -0.00094778288621455431 0
1351 -0.9999995231628418 -0.00099003489594906569 0
1352 -0.9999995231628418 -0.00098523648921400309 0
1353 -0.9999995231628418 -0.00099166750442236662 0
1354 -0.99999958276748657 -0.00091419130330905318 0
1355 -0.9999995231628418 -0.0010203962447121739 0
1356 -0.99999946355819702 -0.0010251945350319147 0
1357 -0.99999958276748657 -0.0009440641151741147 0
1358 -0.99999958276748657 -0.00091074762167409062 0
1359 -0.99999958276748657 -0.00090922322124242783 0
1360 -0.99999958276748657 -0.00090115377679467201 0
1361 -0.9999995231628418 -0.00097429379820823669 0
1362 -0.9999995231628418 -0.00097740988712757826 0
1363 -0.99999958276748657 -0.00092429714277386665 0
1364 -0.99999946355819702 -0.0010580107336863875 0
1365 -0.9999995231628418 -0.0009916557464748621 0
1366 -0.99999958276748657 -0.00094398512737825513 0
1367 -0.9999995231628418 -0.00097540562273934484 0
1368 -0.99999946355819702 -0.0010453155264258385 0
1369 -0.9999995231628418 -0.00096755556296557188 0
1370 -0.99999946355819702 -0.001053923275321722 0
1371 -0.99999958276748657 -0.00094786484260112047 0
1372 -0.9999995231628418 -0.0010184681741520762 0
1373 -0.99999958276748657 -0.00092027120990678668 0
1374 -0.9999995231628418 -0.00099515216425061226 0
1375 -0.99999958276748657 -0.00093451712746173143 0
1376 -0.9999995231628418 -0.0010133421747013927 0
1377 -0.9999995231628418 -0.001002829521894455 0
1378 -0.99999958276748657 -0.00093362474581226707 0
1379 -0.99999958276748657 -0.00095271295867860317 0
1380 -0.99999958276748657 -0.00092656177002936602 0
1381 -0.99999958276748657 -0.00092806853353977203 0
1382 -0.9999995231628418 -0.00099385599605739117 0
1383 -0.9999995231628418 -0.0010037628235295415 0
1384 -0.99999958276748657 -0.00095097208395600319 0
1385 -0.9999995231628418 -0.00098717340733855963 0
1386 -0.9999995231628418 -0.0009934083791449666 0
1387 -0.9999995231628418 -0.0010096966288983822 0
1388 -0.9999995231628418 -0.0010106709087267518 0
1389 -0.9999995231628418 -0.00097863283008337021 0
1390 -0.99999958276748657 -0.00094900006661191583 0
1391 -0.99999958276748657 -0.00093011953867971897 0
1392 -0.99999958276748657 -0.00094402901595458388 0
1393 -0.99999958276748657 -0.00095327763119712472 0
1394 -0.9999995231628418 -0.0010167213622480631 0
1395 -0.9999995231628418 -0.0010095298057422042 0
1396 -0.99999958276748657 -0.00092109630350023508 0
1397 -0.99999958276748657 -0.00090513587929308414 0
1398 -0.9999995231628418 -0.00097071839263662696 0
1399 -0.9999995231628418 -0.0010078269988298416 0
1400 -0.9999995231628418 -0.00099567288998514414 0
1401 -0.9999995231628418 -0.0010008662939071655 0
1402 -0.9999995231628418 -0.0010097463382408023 0
1403 -0.99999958276748657 -0.00092236022464931011 0
1404 -0.9999995231628418 -0.00098375894594937563 0
1405 -0.99999958276748657 -0.00092341064009815454 0
1406 -0.99999958276748657 -0.00093103240942582488 0
1407 -0.99999958276748657 -0.00095005333423614502 0
1408 -0.99999958276748657 -0.00095998652977868915 0
1409 -0.99999958276748657 -0.00091313803568482399 0
1410 -0.99999958276748657 -0.00090940174413844943 0
1411 -0.9999995231628418 -0.00098123389761894941 0
1412 -0.99999958276748657 -0.00095614197198301554 0
1413 -0.99999958276748657 -0.00091439613606780767 0
1414 -0.99999958276748657 -0.0009158005123026669 0
1415 -0.9999995231628418 -0.00099251302890479565 0
1416 -0.9999995231628418 -0.0009622100624255836 0
1417 -0.9999995231628418 -0.00099390861578285694 0
1418 -0.9999995231628418 -0.00099705101456493139 0
1419 -0.9999995231628418 -0.0009754612110555172 0
1420 -0.99999958276748657 -0.00092569278785958886 0
1421 -0.99999958276748657 -0.00093435909366235137 0
1422 -0.99999958276748657 -0.00093526317505165935 0
1423 -0.9999995231628418 -0.00099207705352455378 0
1424 -0.9999995231628418 -0.0010138073703274131 0
1425 -0.99999958276748657 -0.00092596194008365273 0
1426 -0.99999958276748657 -0.0009469724609516561 0
1427 -0.99999958276748657 -0.00092199159553274512 0
1428 -0.99999958276748657 -0.00091794517356902361 0
1429 -0.99999958276748657 -0.00092402211157605052 0
1430 -0.99999958276748657 -0.00093188678147271276 0
1431 -0.99999958276748657 -0.00093331164680421352 0
1432 -0.99999958276748657 -0.00093333504628390074 0
1433 -0.99999958276748657 -0.00095468200743198395 0
1434 -0.99999958276748657 -0.00092823238810524344 0
1435 -0.99999958276748657 -0.00095601321663707495 0
1436 -0.99999958276748657 -0.00092366809258237481 0
1437 -0.99999958276748657 -0.00093847868265584111 0
1438 -0.99999958276748657 -0.00090947485296055675 0
1439 -0.9999995231628418 -0.00098235451150685549 0
1440 -0.99999958276748657 -0.00095804670127108693 0
1441 -0.99999958276748657 -0.00095322495326399803 0
1442 -0.9999995231628418 -0.00096923502860590816 0
1443 -0.99999958276748657 -0.00095871376106515527 0
1444 -0.99999958276748657 -0.00095441576559096575 0
1445 -0.99999958276748657 -0.00094853481277823448 0
1446 -0.99999958276748657 -0.00091944023733958602 0
1447 -0.9999995231628418 -0.00098347221501171589 0
1448 -0.99999958276748657 -0.000923390151001513 0
1449 -0.99999958276748657 -0.00095821928698569536 0
1450 -0.99999958276748657 -0.00092881172895431519 0
1451 -0.99999958276748657 -0.00095484586199745536 0
1452 -0.99999958276748657 -0.0009319569799117744 0
1453 -0.9999995231628418 -0.00096388952806591988 0
1454 -0.99999958276748657 -0.00093609996838495135 0
1455 -0.99999958276748657 -0.00095252273604273796 0
1456 -0.99999958276748657 -0.000915598648134619 0
1457 -0.99999958276748657 -0.00092936470173299313 0
1458 -0.9999995231628418 -0.0010079673957079649 0
1459 -0.99999958276748657 -0.00090840400662273169 0
1460 -0.99999958276748657 -0.00094036001246422529 0
1461 -0.99999958276748657 -0.0009278198704123497 0
1462 -0.99999958276748657 -0.00092458678409457207 0
1463 -0.99999958276748657 -0.00092956656590104103 0
1464 -0.99999958276748657 -0.00093866593670099974 0
1465 -0.99999958276748657 -0.00095005624461919069 0
1466 -0.99999958276748657 -0.00091306195827201009 0
1467 -0.99999958276748657 -0.00092845183098688722 0
1468 -0.99999958276748657 -0.00095612730365246534 0
1469 -0.99999958276748657 -0.00091563374735414982 0
1470 -0.99999958276748657 -0.00094785314286127687 0
1471 -0.9999995231628418 -0.0010173065820708871 0
1472 -0.99999958276748657 -0.00094016687944531441 0
1473 -0.9999995231628418 -0.0010209609754383564 0
1474 -0.9999995231628418 -0.0010087573900818825 0
1475 -0.9999995231628418 -0.00096511834999546409 0
1476 -0.99999958276748657 -0.00091499881818890572 0
1477 -0.99999958276748657 -0.00092877662973478436 0
1478 -0.99999958276748657 -0.00090940174413844943 0
1479 -0.9999995231628418 -0.00099289626814424992 0
1480 -0.99999958276748657 -0.00093977776123210788 0
1481 -0.99999958276748657 -0.00095074385171756148 0
1482 -0.9999995231628418 -0.00099049415439367294 0
1483 -0.99999958276748657 -0.00094833882758393884 0
1484 -0.99999946355819702 -0.0010267978068441153 0
1485 -0.9999995231628418 -0.00096639402909204364 0
1486 -0.99999958276748657 -0.00093499693321064115 0
1487 -0.99999958276748657 -0.00093343452317640185 0
1488 -0.99999958276748657 -0.00095692899776622653 0
1489 -0.9999995231628418 -0.00097501353593543172 0
1490 -0.99999958276748657 -0.00092393142404034734 0
1491 -0.99999946355819702 -0.0010251769563183188 0
1492 -0.99999958276748657 -0.0009545357315801084 0
1493 -0.99999958276748657 -0.00093228759942576289 0
1494 -0.99999958276748657 -0.00090896576875820756 0
1495 -0.9999995231628418 -0.00099028937984257936 0
1496 -0.9999995231628418 -0.00097358279163017869 0
1497 -0.99999958276748657 -0.00095474929548799992 0
1498 -0.99999958276748657 -0.00094698416069149971 0
1499 -0.99999958276748657 -0.00094523443840444088 0
1500 -0.99999958276748657 -0.00091282202629372478 0
1501 -0.99999958276748657 -0.00090171262854710221 0
1502 -0.99999958276748657 -0.00095554516883566976 0
1503 -0.99999958276748657 -0.00096043414669111371 0
1504 -0.99999958276748657 -0.00090754672419279814 0
1505 -0.99999958276748657 -0.00091030582552775741 0
1506 -0.99999958276748657 -0.00092414207756519318 0
1507 -0.99999958276748657 -0.00089736777590587735 0
1508 -0.99999958276748657 -0.00093895266763865948 0
1509 -0.99999958276748657 -0.00090440729400143027 0
1510 -0.9999995231628418 -0.00098471855744719505 0
1511 -0.99999958276748657 -0.00095886003691703081 0
1512 -0.99999958276748657 -0.00095023179892450571 0
1513 -0.99999958276748657 -0.00092403677990660071 0
1514 -0.99999958276748657 -0.0009540412575006485 0
1515 -0.99999958276748657 -0.00092527730157598853 0
1516 -0.99999958276748657 -0.00093009031843394041 0
1517 -0.9999995231628418 -0.00096323998877778649 0
1518 -0.99999958276748657 -0.00092124845832586288 0
1519 -0.99999958276748657 -0.0009197474573738873 0
1520 -0.99999958276748657 -0.00095338292885571718 0
1521 -0.99999958276748657 -0.00093115528579801321 0
1522 -0.99999958276748657 -0.00091779301874339581 0
1523 -0.99999958276748657 -0.00091861811233684421 0
1524 -0.99999958276748657 -0.00094167079078033566 0
1525 -0.99999958276748657 -0.00091829331358894706 0
1526 -0.99999958276748657 -0.00095003581373021007 0
1527 -0.99999958276748657 -0.0009363486897200346 0
1528 -0.99999958276748657 -0.00092347501777112484 0
1529 -0.99999958276748657 -0.00094419869128614664 0
1530 -0.99999958276748657 -0.00092736928490921855 0
1531 -0.99999958276748657 -0.00094228226225823164 0
1532 -0.99999958276748657 -0.00092422694433480501 0
1533 -0.99999958276748657 -0.00091219588648527861 0
1534 -0.99999958276748657 -0.0009432273218408227 0
1535 -0.99999958276748657 -0.00092746288282796741 0
1536 -0.99999946355819702 -0.0010499090421944857 0
1537 -0.99999958276748657 -0.00092814461095258594 0
1538 -0.99999958276748657 -0.00092406600015237927 0
1539 -0.99999958276748657 -0.00093061698134988546 0
1540 -0.99999958276748657 -0.00093645107699558139 0
1541 -0.9999995231628418 -0.00099681108258664608 0
1542 -0.99999958276748657 -0.00094920780975371599 0
1543 -0.99999958276748657 -0.00094795844051986933 0
1544 -0.9999995231628418 -0.00097110460046678782 0
1545 -0.9999995231628418 -0.0010182984406128526 0
1546 -0.99999958276748657 -0.00095686758868396282 0
1547 -0.99999958276748657 -0.00090702006127685308 0
1548 -0.99999958276748657 -0.00095725379651412368 0
1549 -0.9999995231628418 -0.0010172831825911999 0
1550 -0.99999958276748657 -0.00095455331029370427 0
1551 -0.99999958276748657 -0.0009273253963328898 0
1552 -0.99999958276748657 -0.00090969429584220052 0
1553 -0.99999958276748657 -0.00093411625130102038 0
1554 -0.99999958276748657 -0.00090441899374127388 0
1555 -0.99999958276748657 -0.00095557147869840264 0
1556 -0.99999958276748657 -0.00093239877605810761 0
1557 -0.99999958276748657 -0.00095046003116294742 0
1558 -0.99999958276748657 -0.00093575473874807358 0
1559 -0.99999958276748657 -0.00093154737260192633 0
1560 -0.99999958276748657 -0.00094531930517405272 0
1561 -0.99999958276748657 -0.00092686311108991504 0
1562 -0.99999958276748657 -0.00092376174870878458 0
1563 -0.99999958276748657 -0.00094187265494838357 0
1564 -0.99999958276748657 -0.00092736340593546629 0
1565 -0.99999958276748657 -0.00091232173144817352 0
1566 -0.9999995231628418 -0.00099766545463353395 0
1567 -0.9999995231628418 -0.00097583571914583445 0
1568 -0.99999958276748657 -0.00093635451048612595 0
1569 -0.9999995231628418 -0.00096425524679943919 0
1570 -0.99999958276748657 -0.00093296053819358349 0
1571 -0.99999958276748657 -0.00091507198521867394 0
1572 -0.99999946355819702 -0.001043671160005033 0
1573 -0.99999958276748657 -0.00093644228763878345 0
1574 -0.9999995231628418 -0.00096426106756553054 0
1575 -0.99999958276748657 -0.00094076961977407336 0
1576 -0.9999995231628418 -0.0010164259001612663 0
1577 -0.9999995231628418 -0.00096207257593050599 0
1578 -0.99999958276748657 -0.00094221497420221567 0
1579 -0.99999958276748657 -0.00093553238548338413 0
1580 -0.9999995231628418 -0.0010050794808194041 0
1581 -0.9999995231628418 -0.00097877031657844782 0
1582 -0.9999995231628418 -0.0010047811083495617 0
1583 -0.99999958276748657 -0.00093955243937671185 0
1584 -0.99999958276748657 -0.00091743608936667442 0
1585 -0.99999958276748657 -0.00090925541007891297 0
1586 -0.99999958276748657 -0.00094357843045145273 0
1587 -0.99999958276748657 -0.00093512568855658174 0
1588 -0.99999958276748657 -0.00093817146262153983 0
1589 -0.99999958276748657 -0.00094918732065707445 0
1590 -0.9999995231628418 -0.001013096421957016 0
1591 -0.99999958276748657 -0.0009457786800339818 0
1592 -0.99999958276748657 -0.0009125528740696609 0
1593 -0.99999958276748657 -0.00092378217959776521 0
1594 -0.99999958276748657 -0.00094337359769269824 0
1595 -0.99999958276748657 -0.00094307516701519489 0
1596 -0.99999958276748657 -0.00094150693621486425 0
1597 -0.9999995231628418 -0.00097269628895446658 0
1598 -0.9999995231628418 -0.00097881723195314407 0
1599 -0.99999946355819702 -0.0010422813938930631 0
1600 -0.9999995231628418 -0.0010106123518198729 0
1601 -0.9999995231628418 -0.00098123098723590374 0
1602 -0.9999995231628418 -0.00098576024174690247 0
1603 -0.9999995231628418 -0.0010115340119227767 0
1604 -0.99999958276748657 -0.00093102658865973353 0
1605 -0.99999958276748657 -0.00091608724324032664 0
1606 -0.99999958276748657 -0.00094354915199801326 0
1607 -0.99999958276748657 -0.00093372125411406159 0
1608 -0.99999958276748657 -0.00094739667838439345 0
1609 -0.99999958276748657 -0.00094497698592022061 0
1610 -0.9999995231628418 -0.00097612827084958553 0
1611 -0.9999995231628418 -0.0010198081145063043 0
1612 -0.99999958276748657 -0.00093842018395662308 0
1613 -0.99999946355819702 -0.0010240182746201754 0
1614 -0.99999958276748657 -0.00093185459263622761 0
1615 -0.9999995231628418 -0.00098265591077506542 0
1616 -0.9999995231628418 -0.001006109407171607 0
1617 -0.99999958276748657 -0.00091724295634776354 0
1618 -0.99999988079071045 0.00049095164285972714 0
1619 -0.99999994039535522 0.00044893959420733154 0
1620 -0.99999988079071045 0.00048105060704983771 0
1621 -0.99999988079071045 0.00048342347145080566 0
1622 -0.99999988079071045 0.00049162755021825433 0
1623 -0.99999994039535522 0.00045570119982585311 0
1624 -0.99999988079071045 0.00049233558820560575 0
1625 -0.99999988079071045 0.00048478104872629046 0
1626 -0.99999988079071045 0.00046251251478679478 0
1627 -0.99999988079071045 0.00046851046499796212 0
1628 -0.99999994039535522 0.00044847145909443498 0
1629 -0.99999988079071045 0.00048697541933506727 0
1630 -0.99999988079071045 0.00049618893535807729 0
1631 -0.99999994039535522 0.00043352044303901494 0
1632 -0.9999997615814209 0.00067019124981015921 0
1633 -0.99999994039535522 0.00035917200148105621 0
1634 -0.99999994039535522 0.00042260412010364234 0
1635 -0.99999988079071045 0.00048543934826739132 0
1636 -0.99999994039535522 0.00043812280637212098 0
1637 -0.99999988079071045 0.00048529598279856145 0
1638 -0.99999988079071045 0.0004832215781789273 0
1639 -0.99999994039535522 0.00044399785110726953 0
1640 -0.99999994039535522 0.0004450920969247818 0
1641 -0.99999994039535522 0.00044470297871157527 0
1642 -0.99999988079071045 0.0004998666699975729 0
1643 -0.99999988079071045 0.00048708368558436632 0
1644 -0.99999994039535522 0.00042758687050081789 0
1645 -0.99999988079071045 0.00047946773702278733 0
1646 -0.99999994039535522 0.00040332286152988672 0
1647 -0.99999988079071045 0.00049220683285966516 0
1648 -0.99999988079071045 0.00046282264520414174 0
1649 -0.99999988079071045 0.0004693121591117233 0
1650 -0.99999994039535522 0.00040285181603394449 0
1651 -0.99999988079071045 0.00049699645023792982 0
1652 -0.99999988079071045 0.00045872063492424786 0
1653 -0.99999994039535522 0.00042243150528520346 0
1654 -0.99999994039535522 0.0004021144995931536 0
1655 -0.99999994039535522 0.00039702939102426171 0
1656 -0.99999994039535522 0.00043159819324500859 0
1657 -0.99999994039535522 0.00042141624726355076 0
1658 -0.99999988079071045 0.00048386526759713888 0
1659 -0.99999988079071045 0.00050479965284466743 0
1660 -0.99999994039535522 0.00039212862611748278 0
1661 -0.99999994039535522 0.00040691578760743141 0
1662 -0.99999988079071045 0.00048922834685072303 0
1663 -0.99999994039535522 0.00038445121026597917 0
1664 -0.99999994039535522 0.00040128064574673772 0
1665 -0.99999994039535522 0.0003820110869128257 0
1666 -0.99999994039535522 0.00039408894372172654 0
1667 -0.99999988079071045 0.00047671451466158032 0
1668 -0.99999994039535522 0.00039093781379051507 0
1669 -0.99999994039535522 0.00041739028529264033 0
1670 -0.99999988079071045 0.00047593330964446068 0
1671 -0.99999994039535522 0.00044514477485790849 0
1672 -0.99999994039535522 0.00040158783667720854 0
1673 -0.99999988079071045 0.00048599820001982152 0
1674 -0.99999988079071045 0.00049246434355154634 0
1675 -0.99999988079071045 0.0004595339996740222 0
1676 -0.99999988079071045 0.00046935895807109773 0
1677 -0.99999994039535522 0.0003669284051284194 0
1678 -0.99999994039535522 0.00043825738248415291 0
1679 -0.99999988079071045 0.00049271300667896867 0
1680 -0.99999988079071045 0.00047573729534633458 0
1681 -0.99999988079071045 0.0004724983882624656 0
1682 -0.99999988079071045 0.00048451186739839613 0
1683 -0.99999988079071045 0.00050266965990886092 0
1684 -0.99999988079071045 0.00048684084322303534 0
1685 -0.99999988079071045 0.00048590457299724221 0
1686 -0.99999994039535522 0.00040870934026315808 0
1687 -0.99999994039535522 0.00043763418216258287 0
1688 -0.99999988079071045 0.00046484146150760353 0
1689 -0.99999988079071045 0.00048659215099178255 0
1690 -0.99999988079071045 0.00048017286462709308 0
1691 -0.99999994039535522 0.00043913221452385187 0
1692 -0.99999994039535522 0.00043142554932273924 0
1693 -0.99999994039535522 0.00043498922605067492 0
1694 -0.99999988079071045 0.00046952281263656914 0
1695 -0.99999994039535522 0.00045456303632818162 0
1696 -0.99999994039535522 0.00036820405512116849 0
1697 -0.99999994039535522 0.0004455104935914278 0
1698 -0.99999994039535522 0.00044375206925906241 0
1699 -0.99999988079071045 0.00049569446127861738 0
1700 -0.99999994039535522 0.0004518624919001013 0
1701 -0.99999988079071045 0.00049686478450894356 0
1702 -0.99999988079071045 0.00046710314927622676 0
1703 -0.99999994039535522 0.00044723381870426238 0
1704 -0.99999988079071045 0.00048291435814462602 0
1705 -0.99999994039535522 0.00035616132663562894 0
1706 -0.99999994039535522 0.00044976174831390381 0
1707 -0.99999988079071045 0.00046349852345883846 0
1708 -0.99999988079071045 0.00047892058501020074 0
1709 -0.99999988079071045 0.0004945621476508677 0
1710 -0.99999988079071045 0.0005032314220443368 0
1711 -0.99999988079071045 0.00046825298340991139 0
1712 -0.99999988079071045 0.00050616892985999584 0
1713 -0.99999988079071045 0.0004750233783852309 0
1714 -0.99999988079071045 0.00048420464736409485 0
1715 -0.99999988079071045 0.0004684051382355392 0
1716 -0.99999994039535522 0.00039568642387166619 0
1717 -0.99999994039535522 0.00040926525252871215 0
1718 -0.99999988079071045 0.00047666183672845364 0
1719 -0.99999994039535522 0.00043313132482580841 0
1720 -0.99999994039535522 0.00043627660488709807 0
1721 -0.99999994039535522 0.00039786912384442985 0
1722 -0.99999994039535522 0.00041179315303452313 0
1723 -0.99999994039535522 0.00041596541996113956 0
1724 -0.99999988079071045 0.00047119345981627703 0
1725 -0.99999988079071045 0.0004622052947524935 0
1726 -0.99999994039535522 0.00036116156843490899 0
1727 -0.99999994039535522 0.00043768977047875524 0
1728 -0.99999988079071045 0.00049780687550082803 0
1729 -0.99999988079071045 0.00047675255336798728 0
1730 -0.99999994039535522 0.00044195563532412052 0
1731 -0.99999994039535522 0.00041831191629171371 0
1732 -0.99999988079071045 0.00045843096449971199 0
1733 -0.99999988079071045 0.00049391260836273432 0
1734 -0.99999988079071045 0.00047307770000770688 0
1735 -0.99999994039535522 0.00034983857767656446 0
1736 -0.99999994039535522 0.00042807840509340167 0
1737 -0.99999994039535522 0.00041675538523122668 0
1738 -0.99999988079071045 0.00048792923917062581 0
1739 -0.99999994039535522 0.00042043314897455275 0
1740 -0.99999994039535522 0.00038459166535176337 0
1741 -0.99999988079071045 0.00048007338773459196 0
1742 -0.99999988079071045 0.00049600459169596434 0
1743 -0.99999994039535522 0.00044573287595994771 0
1744 -0.99999988079071045 0.00049083167687058449 0
1745 -0.99999988079071045 0.0004701694124378264 0
1746 -0.99999994039535522 0.00041048240382224321 0
1747 -0.99999994039535522 0.00042456155642867088 0
1748 -0.99999988079071045 0.00047352828551083803 0
1749 -0.99999994039535522 0.00037336524110287428 0
1750 -0.99999988079071045 0.00049264280823990703 0
1751 -0.99999988079071045 0.00046058144653216004 0
1752 -0.99999994039535522 0.00041938864160329103 0
1753 -0.99999994039535522 0.0004062896769028157 0
1754 -0.99999988079071045 0.00049590511480346322 0
1755 -0.99999988079071045 0.00046756834490224719 0
1756 -0.99999988079071045 0.00048413735930807889 0
1757 -0.99999988079071045 0.00046023912727832794 0
1758 -0.99999988079071045 0.00048283537034876645 0
1759 -0.99999988079071045 0.00049840670544654131 0
1760 -0.99999988079071045 0.00049343274440616369 0
1761 -0.99999988079071045 0.00048677646555006504 0
1762 -0.99999988079071045 0.00045926190796308219 0
1763 -0.99999994039535522 0.00042380669037811458 0
1764 -0.99999994039535522 0.00042339414358139038 0
1765 -0.99999994039535522 0.00042203359771519899 0
1766 -0.99999994039535522 0.00045617809519171715 0
1767 -0.99999994039535522 0.00045581237645819783 0
1768 -0.99999994039535522 0.00037567663821391761 0
1769 -0.99999994039535522 0.00038173896609805524 0
1770 -0.99999994039535522 0.00041646571480669081 0
1771 -0.99999988079071045 0.00048663894995115697 0
1772 -0.99999988079071045 0.00048139586579054594 0
1773 -0.99999994039535522 0.00040829385397955775 0
1774 -0.99999994039535522 0.00042259242036379874 0
1775 -0.99999994039535522 0.00045634194975718856 0
1776 -0.99999994039535522 0.00042611223761923611 0
1777 -0.99999994039535522 0.00035358071909286082 0
1778 -0.99999988079071045 0.00048600989975966513 0
1779 -0.99999988079071045 0.00046098814345896244 0
1780 -0.99999994039535522 0.00039841330726630986 0
1781 -0.99999988079071045 0.00045909805339761078 0
1782 -0.99999988079071045 0.00045939357369206846 0
1783 -0.99999988079071045 0.00046762393321841955 0
1784 -0.99999994039535522 0.00030088055063970387 0
1785 -0.99999964237213135 0.00087839661864563823 0
1786 -0.99999994039535522 0.00030399658135138452 0
1787 -0.99999994039535522 0.00035345199285075068 0
1788 -0.99999964237213135 0.00087212654761970043 0
1789 -0.99999970197677612 0.00079764652764424682 0
1790 -0.99999922513961792 0 -0.0012517389841377735
1791 -0.99999922513961792 0 -0.0012618741020560265
1792 -0.99999922513961792 0 -0.0012641035718843341
1793 -0.99999922513961792 0 -0.0012620671186596155
1794 -0.99999922513961792 0 -0.0012551007093861699
1795 -0.99999922513961792 0 -0.0012635067105293274
1796 -0.99999922513961792 0 -0.0012619179906323552
1797 -0.99999922513961792 0 -0.0012571956031024456
1798 -0.99999916553497314 0 -0.0013009574031457305
1799 -0.99999916553497314 0 -0.0012928732903674245
1800 -0.99999922513961792 0 -0.0012601038906723261
1801 -0.99999922513961792 0 -0.001244822284206748
1802 -0.99999922513961792 0 -0.001258556148968637
1803 -0.99999922513961792 0 -0.0012714328477159142
1804 -0.99999922513961792 0 -0.0012561716139316559
1805 -0.99999922513961792 0 -0.0012596825836226344
1806 -0.99999922513961792 0 -0.0012669854331761599
1807 -0.99999922513961792 0 -0.0012629741104319692
1808 -0.99999922513961792 0 -0.0012647414114326239
1809 -0.99999922513961792 0 -0.0012415336677804589
1810 -0.99999922513961792 0 -0.0012662949739024043
1811 -0.99999916553497314 0 -0.0012861877912655473
1812 -0.99999916553497314 0 -0.0012803507270291448
1813 -0.99999916553497314 0 -0.001299857278354466
1814 -0.99999916553497314 0 -0.0012983563356101513
1815 -0.99999922513961792 0 -0.0012603204231709242
1816 -0.99999922513961792 0 -0.0012705463450402021
1817 -0.99999916553497314 0 -0.0012874663807451725
1818 -0.99999916553497314 0 -0.0012892452068626881
1819 -0.99999916553497314 0 -0.001292551402002573
1820 -0.99999922513961792 0 -0.0012750696623697877
1821 -0.99999922513961792 0 -0.0012636178871616721
1822 -0.99999916553497314 0 -0.001288876635953784
1823 -0.99999916553497314 0 -0.0012834169901907444
1824 -0.99999922513961792 0 -0.0012546209618449211
1825 -0.99999922513961792 0 -0.0012480728328227997
1826 -0.99999922513961792 0 -0.0012639251071959734
1827 -0.99999922513961792 0 -0.0012603877112269402
1828 -0.99999922513961792 0 -0.0012614468578249216
1829 -0.99999916553497314 0 -0.0012883704621344805
1830 -0.99999922513961792 0 -0.0012782764388248324
1831 -0.99999916553497314 0 -0.0012881187722086906
1832 -0.99999922513961792 0 -0.0012741889804601669
1833 -0.99999916553497314 0 -0.0012808305909857154
1834 -0.99999916553497314 0 -0.0012968349037691951
1835 -0.99999922513961792 0 -0.0012500683078542352
1836 -0.99999922513961792 0 -0.0012406002497300506
1837 -0.99999922513961792 0 -0.0012562066549435258
1838 -0.99999922513961792 0 -0.0012748297303915024
1839 -0.9999992847442627 0 -0.0012131208786740899
1840 -0.9999992847442627 0 -0.0012118919985368848
1841 -0.99999922513961792 0 -0.0012500068405643106
1842 -0.99999922513961792 0 -0.0012613035505637527
1843 -0.99999922513961792 0 -0.0012472653761506081
1844 -0.9999992847442627 0 -0.0012218136107549071
1845 -0.99999922513961792 0 -0.0012381192063912749
1846 -0.99999922513961792 0 -0.0012354508507996798
1847 -0.99999922513961792 0 -0.0012643493246287107
1848 -0.99999922513961792 0 -0.0012409747578203678
1849 -0.99999922513961792 0 -0.0012561277253553271
1850 -0.99999922513961792 0 -0.001262146164663136
1851 -0.99999922513961792 0 -0.0012559463502839208
1852 -0.99999916553497314 0 -0.0012931161327287555
1853 -0.99999916553497314 0 -0.0012937920400872827
1854 -0.99999922513961792 0 -0.0012432306539267302
1855 -0.99999922513961792 0 -0.0012714884942397475
1856 -0.99999916553497314 0 -0.001299898256547749
1857 -0.99999922513961792 0 -0.0012785338331013918
1858 -0.99999922513961792 0 -0.0012467474443838
1859 -0.99999922513961792 0 -0.0012601009802892804
1860 -0.99999922513961792 0 -0.0012472799280658364
1861 -0.99999922513961792 0 -0.0012590037658810616
1862 -0.99999922513961792 0 -0.0012498664436861873
1863 -0.9999992847442627 0 -0.0012218721676617861
1864 -1 0 -0.00018004499725066125
1865 -1 0 -0.0002016903308685869
1866 -1 0 -0.00019513352890498936
1867 -1 0 -0.00020369744743220508
1868 -1 0 -0.00019955447351094335
1869 -1 0 -0.00018493113748263568
1870 -1 0 -0.00020451669115573168
1871 -1 0 -0.00020176346879452467
1872 -1 0 -0.00018110999371856451
1873 -1 0 -0.00019594983314163983
1874 -1 0 -0.00017805249080993235
1875 -1 0 -0.00018412360805086792
1876 -1 0 -0.00017455611668992788
1877 -1 0 -0.00019060725753661245
1878 -1 0 -0.0001971874589798972
1879 -1 0 -0.00017067060980480164
1880 -1 0 -0.00011930170148843899
1881 -1 0 -0.00012032574886688963
1882 -1 0 -0.00020360674534458667
1883 -1 0 -0.00015516075654886663
1884 -1 0 -0.00015634571900591254
1885 -1 0 -0.00012497197894845158
1886 -1 0 -0.00012504511687438935
1887 -1 0 -0.0001538031647214666
1888 -1 0 -0.00012216901814099401
1889 -1 0 -0.00011979616829194129
1890 -1 0 -0.00016412844706792384
1891 -1 0 -0.0001219759215018712
1892 -1 0 -0.00011814014578703791
1893 -1 0 -0.0001302648161072284
1894 -1 0 -0.0001328629587078467
1895 -1 0 -0.0001743249740684405
1896 -1 0 -0.00017135818779934198
1897 -1 0 -0.00011860243103001267
1898 -1 0 -0.00011517042003106326
1899 -1 -0 -0.0001733067911118269
1900 -1 0 -0.00020389932615216821
1901 -1 -0 -0.00014989716873969883
1902 -1 -0 -0.00011857317440444604
1903 -1 0 -0.00016919891641009599
1904 -1 0 -0.00017026977729983628
1905 -1 0 -0.00012086702918168157
1906 -1 0 -0.00012640855857171118
1907 -1 0 -0.00013084705278743058
1908 -1 0 -0.00011730920959962532
1909 -1 0 -0.00018452736549079418
1910 -1 0 -0.00014219636796042323
1911 -1 -0 -0.00012429610069375485
1912 -1 0 -0.00011613594688242301
1913 -1 0 -0.00014168141933623701
1914 -1 0 -0.00012740334204863757
1915 -1 0 -0.00020284017955418676
1916 -1 0 -0.00018106610514223576
1917 -1 0 -0.00018488139903638512
1918 -1 -0 -0.00012475253606680781
1919 -1 0 -0.00014604970056097955
1920 -1 0 -0.00013108404527883977
1921 -1 0 -0.00014771157293580472
1922 -1 0 -0.00020851629960816354
1923 -1 0 -0.00012278344365768135
1924 -1 0 -0.00018735665071289986
1925 -1 0 -0.00013842496264260262
1926 -1 0 -0.00017819585627876222
1927 -1 0 -0.00010979858780046925
1928 -1 0 -0.00016468726971652359
1929 -1 0 -0.00014028872828930616
1930 -1 0 -0.00013640322140417993
1931 -1 0 -0.00012783636339008808
1932 -1 0 -0.00018201115017291158
1933 -1 0 -0.00018953347171191126
1934 -1 0 -0.00018053360690828413
1935 -1 0 -0.00019341606821399182
1936 -1 0 -0.00014028287841938436
1937 -1 0 -0.00013561909145209938
1938 0 1 -6.3037870859261602e-05
1939 0 1 -0.00013707323523703963
1940 0 1 -0.00010761005978565663
1941 0 1 -0.00010922805086011067
1942 0 1 -0.00012840982526540756
1943 0 1 -8.5426370787899941e-05
1944 0 1 -7.6511350926011801e-05
1945 0 1 -0.00011974057997576892
1946 0 1 -0.0001328658836428076
1947 0 1 -0.00014073344937060028
1948 0 1 -6.0755719459848478e-05
1949 0 1 -0.00011085189180448651
1950 0 1 -0.00012264300312381238
1951 0 1 -9.3800117610953748e-05
1952 0 1 -0.00013700593262910843
1953 0 1 -8.1745667557697743e-05
1954 0 1 -0.00012329839228186756
1955 0 1 -0.00013946657418273389
1956 0 1 -6.0170554206706583e-05
1957 0 1 -5.5796426750021055e-05
1958 0 1 -7.8398516052402556e-05
1959 0 1 -0.00015407819591928273
1960 0 1 -0.00014674897829536349
1961 0 1 -5.8017139963340014e-05
1962 0 1 -0.00016902043716982007
1963 0 1 -0.0001623319840291515
1964 0 1 -6.0129590565338731e-05
1965 0 1 -5.4318879847414792e-05
1966 0 1 -0.0001563896075822413
1967 0 1 -5.6504479289287701e-05
