-0.00271351081510421 -0.00554861682545791 0.999980924673256
-0.00504750600699031 0.00887771897691066 0.999947853034785
-0.00317797244053349 -0.00531002459201168 0.999980851881675
-0.00295817562371632 0.00770513628187839 0.999965939455868
0.00283044558436116 0.00648765826359612 0.999974949120251
0.00315280041028838 -0.00309126566774859 0.99999025191556
-0.0195667007584138 0.00825362193358453 0.999774485544819
0.0205870391577903 0.00660802997529874 0.999766226554269
-1.21966589423665e-05 0.00112517435608091 0.999999366916755
-0.00563560740133 0.00126836318738251 0.999983315452834
0.00512068459283901 0.00876211341732824 0.99994850065279
0.0020501715180613 0.00339109005022443 0.999992148621687
-0.000135565467509453 0.00112272980667367 0.999999360549688
-0.00500597479048776 0.0255800023288359 0.999660244131602
-0.000223182572281092 0.000974483789371574 0.999999500285317
0.00198153797283324 -0.0213548348144824 0.999769995817692
-0.000651157678760896 -0.000809798526315086 0.999999460109866
-0.00816332468598154 -0.0110514135622747 0.999905608739318
0.00142926267341656 0.00250122212756932 0.999995850539431
0.00790122968386702 0.0184685557879158 0.999798221150944
0.00412667649914214 0.00166463935344191 0.999990099709439
0.012059048038481 0.00367341216531608 0.999920539544753
-0.00188388557273506 -0.00228300100018276 0.999995619431196
-0.000140123728966352 -0.000795628567357357 0.999999673670208
0.00255198310363633 -0.0137193881898408 0.999902628144329
-0.00413418686709372 -0.00607968505468257 0.999972972599052
-0.000572052880350953 -0.00162897009429711 0.999998509604856
-0.00185815169115894 -0.00225716092914726 0.999995726239284
0.000898978798231356 -0.00145242106756797 0.999998541154017
-0.00291442364420247 -0.0037612704468945 0.999988679425646
-0.00411305490065645 0.0212445117128446 0.999765849337467
0.00495387065350362 0.00934910438896361 0.999944025139744
0.00395555526762589 0.0120360741179472 0.999919740030345
0.00948633302918547 -0.0143692704112876 0.99985175578858
-0.00758798134613891 -0.0152902356359683 0.999854305003128
-0.0232660797686709 0.0212507080216212 0.999503425177112
-0.000472954545576388 -0.00334751474218573 0.999994285213195
0.000389117659774769 0.0017715810349914 0.999998355042689
-0.00455913940089992 0.0315746214578843 0.999490999222962
-0.00412498477569299 0.00229690942096367 0.999988854291743
-0.00288648854761848 0.00320020704215722 0.999990713386255
0.0318320676852203 0.00412627668315851 0.999484713893923
0.00665444809789399 -0.000486839538410831 0.999977740406143
0.00558427709209374 -0.0414877308998745 0.999123407810136
0.00274894866917648 -0.00697163894143037 0.999971919371581
0.0020639413538973 0.0221266529065534 0.999753045195283
0.000930135490938482 0.0108040099910562 0.999941202379461
-0.00439260194487077 -0.00813659169785952 0.999957249548048
-0.0130130461658377 -0.00221239861896747 0.999912879165898
-0.00857248732025323 -0.00917553384274072 0.999921157911885
-0.00128128956434452 0.00118242241748045 0.999998480085984
0.0114418452430694 -0.0269298494069893 0.999571842034554
-0.000588114751509494 -0.00019803805359862 0.999999807450966
0.00898412239879815 -0.00259149196078474 0.999956283901522
-0.00996399931337832 -0.00221111584607578 0.999947913485697
0.0142076754880648 0.0250617296691637 0.999584939694079
-0.00579469148205171 -0.00918536517378911 0.999941023569516
0.00232814805359237 0.0119502956216172 0.999925882333884
0.000915659243135399 -0.00162318662227896 0.999998263415162
-0.000258830698750895 -0.000211066177760472 0.999999944228868
-0.0002993146200763 -0.00502717490365923 0.999987318881218
-0.00156557568878343 -0.0327297342013479 0.99946301255818
0.012934565695541 0.0305380920656913 0.999449909671943
-0.00384658401452526 0.0201981365096741 0.999788597190904
-0.000715760420631359 0.000484576488101429 0.999999626436254
0.00030577985929975 0.00480662282440876 0.999988401370587
-0.00261103501449029 0.0028477341791212 0.999992536425247
-0.00526492418623363 0.00623064941884163 0.999966729237095
0.00124819559068108 0.000957195791430256 0.999998762891227
-0.00168584342684926 0.0141008736596097 0.999899156562288
-0.0368013806205481 -0.00383738863706847 0.999315231962802
-0.00284699709144009 -0.0247528265701184 0.999689547901923
0.00969768899872998 -0.00377582167679547 0.99994584753313
0.00409056704598115 -0.0106320174991513 0.99993511162732
0.0043911810763898 0.00808633755782063 0.999957663440636
-8.51901824810333e-05 0.00122114393374165 0.999999250774782
0.00233849496885278 -0.00766057391318407 0.999967923009834
-0.000469065096679477 -0.0012447000742902 0.999999115349439
-0.0237987539461465 -0.0193020616462472 0.999530414608188
0.000574396715261771 0.00229934822986752 0.999997191529122
0.023087623202883 -0.0224006374148809 0.99948245262148
-0.00943839616550508 0.000801948465898071 0.999955135771841
-0.00118276231060632 0.0131394103055833 0.999912974698367
-0.00100381364834625 -0.0093398484359984 0.999955878821337
-0.001629803554678 0.0038372850531398 0.999991309454134
0.00301270658909495 -0.00521408886453887 0.999981868273781
-0.00258187457728862 -0.00633043025578075 0.999976629515132
0.00685230109445778 -0.00175693628105634 0.999974979259289
0.0117928379600915 -0.00658859441259346 0.999908755535481
0.00182318943262216 -0.0127825105449737 0.999916638227638
-0.015051807624705 0.035217015416064 0.99926633332281
-0.00770554453124413 -0.0131240253757211 0.999884185564216
-0.00495517198314794 0.000207646029946309 0.999987701501245
-0.00206343110684537 0.0116348707622335 0.99993018358004
0.00175476067153711 -0.00366764073787616 0.999991734579043
0.0307017443574322 0.0272096824020429 0.999158163694313
0.00478470486280009 0.0114673298903413 0.999922800492399
0.00364015172786366 -0.00608851692700226 0.999974839311984
0.0156956522979713 -0.0283733924147804 0.999474160297213
0.000985061005400786 -0.00264432427049876 0.999996018594058
-5.67989522076362e-05 0.000626494735431372 0.999999802139093
-0.011455393347563 -0.0115788717484281 0.99986734304721
-0.00172064816572051 0.00349764527297641 0.999992402894859
-0.00918880911427224 -0.035865156944423 0.999314393123812
0.00168201299115836 -0.00442479758375264 0.999988795936555
0.00825164337686032 0.00921931824569558 0.999923454346714
0.00493304029371443 -0.0106124306142049 0.999931518370093
-0.004650105317594 -0.00641825522359705 0.99996859076694
-0.00113780125589054 0.00130598858585972 0.999998499899933
-0.0250574672812681 -0.0116572467730918 0.999618043019992
-4.21177159641699e-05 -0.000168831997598276 0.999999984860927
0.00485473483036821 -0.0032499111066316 0.99998293466815
0.000588742785714423 0.00119670291530253 0.999999110641637
-0.00837562731047822 -0.0076865336732 0.999935380945812
0.00447804792525212 0.00372211128185939 0.999983046343479
-0.0169285846809969 -0.0286467681552562 0.999446239522145
0.00717327805253333 0.0101315777817556 0.999922944638052
0.00272168609953488 -0.00313427587939018 0.999991384332629
-0.00660099663723742 -0.0165981912964455 0.999840450716554
0.0173443428606475 0.0110663008738097 0.999788332976387
0.0115325693479813 -0.0282567494972136 0.999534169477005
-0.00929212539168526 -0.0103552077071176 0.999903208355213
-0.0037735793497846 0.00911846836024485 0.999951305631256
-0.0149832195693501 0.00349391266724743 0.999881640848361
0.000179652460151517 0.000793951208986538 0.999999668683181
0.015413510255147 -0.00675880607782419 0.999858361090218
-0.000423464312085136 -0.01382771192511 0.999904302951484
0.0146158556110555 0.0089147457817274 0.999853441296475
0.00191695234411765 -0.0157166856180636 0.999874647686846
-0.00624062240292853 0.00735873750174104 0.999953450723785
0.00321427330599704 0.00735302757241464 0.999967800197903
0.00217221113580534 0.0035250212104576 0.999991427825383
0.00616395911601702 -0.0077175422566395 0.99995122138509
0.00119489069481439 -0.00410064339023931 0.999990878438405
0.00240580172465421 0.00114992381800961 0.999996444890318
0.00187288879232522 0.00905960132199969 0.99995720704011
0.00366787040187846 0.0118755679331476 0.999922755823159
0.00195126206386655 -0.00654403957059731 0.999976683789406
0.0214828631071866 0.0245412942512826 0.999467964203551
0.00505056018896291 0.0270714220278699 0.999620743057669
0.0286605270266348 -0.01276461150411 0.999507698261351
0.00475869486089882 0.00748239451931203 0.999960683524847
-0.00316436452998301 -0.00349487840098018 0.999988886249284
0.00271929251907841 0.00535021583368365 0.999981990157187
-0.000447158099329936 -0.000673207876615709 0.999999673420341
0.000333674598027116 0.0143668418466954 0.999896735926573
0.00140259106355097 0.00402624175605699 0.99999091101651
0.00364592052945215 -0.00180416122853764 0.999991726098649
-0.003894086006015 -0.0033935202813134 0.999986659968161
0.00083320024177218 0.000788732935367207 0.99999934183864
-0.000101848779463833 0.00811955533788147 0.999967030680483
0.0187623547344797 0.0340281757584414 0.999244743443452
-0.0142296591734146 -0.0325914231942012 0.999367457912246
0.00210159556656055 0.0066526996797274 0.999975662145357
-0.0190048141928848 0.0112129706689963 0.999756513520302
0.00733441161976897 -0.00186473451362905 0.999971364175688
-0.00458256887443395 0.00101925908883788 0.999988980525996
0.00461547694216377 -0.00758940534476597 0.999960548371339
-0.00395640143583028 0.00548319026519381 0.999977140494819
-0.00685770005294527 0.00786415278753658 0.999945562043714
-0.00249565830849099 0.0033010926172314 0.999991437201909
-0.000755983654311941 0.00827202578132906 0.999965500443984
0.00242264107022913 0.0135872616142496 0.999904754030138
0.00777608844038524 -0.0253990434909904 0.999647148266982
-0.00111713490858243 -0.00742895300787451 0.999971780935244
0.00909547583102767 0.00807599962738379 0.99992602253838
-0.0166089093785479 0.029561790605543 0.999424956995496
0.0106673358908263 0.00331951926708531 0.999937592421061
-0.00109137026793041 0.00575981471041132 0.999982816575085
0.000665293158987277 -0.00712302786878289 0.999974409602062
0.00133281070805578 -0.00110601319889671 0.999998500174086
-0.0123386594942788 -0.0102725342881277 0.999871107954012
0.00290945464686386 0.00453649112625508 0.999985477555509
0.00500089850440962 0.00649721981202965 0.999966388009549
0.00989849446060111 -0.00640408167840096 0.999930501357604
-0.00498496810083516 -0.0053558492130742 0.999973232127861
-0.00205970200122867 0.00167586055448488 0.99999647455332
-0.0035039782667709 0.00924442110859463 0.999951130213208
0.000159446002503562 -0.000725381253935702 0.999999724199466
-0.00314127949054331 -0.00356156931907323 0.999988723729997
-0.00163176943194006 -0.0129652919825418 0.999914615620918
0.00556918872472545 -0.0205770556648801 0.999772758639238
-0.00358585755960435 -0.00155715333271002 0.999992358420334
-0.000269128892614938 0.000129745433048491 0.99999995536788
-0.00117485320888725 0.000520541461019847 0.999999174377922
-0.0115229617542045 -0.0365643189845478 0.999264865753624
-0.000271761425043172 -0.00020001705917855 0.99999994306945
-0.00419017292958349 0.00585092187821495 0.999974104246703
-0.0115127745918297 0.00103983930581919 0.999933185145596
-0.00186237536630798 0.00292288060977456 0.999993994145433
0.00384700882048389 0.0190398124133356 0.999811325234116
0.000165188093151539 -0.000751570109894298 0.999999703927588
-0.00763347566788438 -0.00949390966691272 0.99992579511105
-0.00674185636620117 0.000555130336405629 0.999977119339761
0.00548747183694083 -0.00740036512266956 0.999957560223878
0.00184778383758229 -0.000638737840668676 0.999998088852604
-0.00134813584255067 0.0108401430526857 0.999940335134226
-0.00396278086860841 0.00576941767705857 0.99997550479372
0.00548753803853132 0.00102745789677582 0.999984415506835
-0.00760946439153738 -0.00827493006408499 0.99993680879549
-0.0151265051638283 -0.00551548035698723 0.999870375757758
0.00564081594036095 0.0105641249167122 0.999928287658806
0.00297822371443687 0.00432355805364541 0.999986218419666
0.0063915130053293 -0.0342154234495014 0.999394043087947
0.000309731863204307 -0.00780775616599499 0.999969471038904
-0.00116130899312006 -0.00717188810974565 0.999973607342896
0.0175939703517188 0.0161309390980739 0.999715081916381
0.00245268447906308 -0.00305064509764812 0.999992338922321
0.0103453167132213 0.00475218413138862 0.9999351934841
-0.00163917193860662 0.00159607690805182 0.999997382823505
-0.000222239475164566 -0.00374560365614351 0.999992960506656
0.00271865817673486 -0.00560686176837815 0.999980585810959
-0.00120114661405761 0.0155003697970193 0.999879140587985
-0.00203530814716675 -0.00331703999969295 0.999992427354521
-0.000733065528303037 0.00268774176727889 0.999996119322032
0.000275714384542545 0.00414857933945969 0.999991356598167
0.00207109982385655 -0.00666441868588679 0.999975647738033
-0.00585394659282232 0.0283259942258855 0.999581597149729
-0.00248634202241247 0.0120095730833307 0.999924791300678
-0.0349633608469233 -0.0104976285729445 0.999333459458169
0.00741101916708446 -0.0213434722987502 0.999744733912181
-0.00301309461412171 0.00630988327597125 0.999975553018117
-0.00903161987209588 0.0287359479070476 0.999546234618674
-0.00377279683252847 0.00342730520597223 0.999987009707169
-0.0187853361795007 -0.0256125989299655 0.999495425662707
0.00145827116087242 -0.000460040954829027 0.999998830903087
0.0141441337460422 0.00682940714827549 0.999876643730904
0.000151090076805266 -0.00726029612756184 0.999973632288336
-0.000750095913516148 -0.000601654243814469 0.999999537684039
-0.0110983201351219 0.0251880353151844 0.999621123309796
0.00298201184459833 0.0068566451891387 0.999972046620359
0.00353703546115048 0.00146411437344374 0.99999267284778
-0.00230843736081326 0.00465659231832651 0.999986493541254
-0.00241412412719472 0.0020085868983905 0.999995068779527
0.00274936444223706 0.0289703817452389 0.999576489307696
-0.000599459624745422 -0.0116521664377044 0.999931931516074
0.000332521911907326 -0.00370882423638114 0.999993067001948
-0.0207970317984094 0.0230267526768491 0.999518510148529
0.0057220540186262 0.00996160027387507 0.999934010131564
0.0110785960011913 0.0266380047294888 0.999583754077003
0.000712424994697882 0.00722389242426764 0.999973653567368
-0.00175423537011147 -0.0039416392166561 0.999990693025966
-0.016498647960252 -0.00364721051289818 0.999857236044706
0.0155322724397067 -0.00318840074346206 0.999874283404448
0.0008840126712403 -0.00805119844844496 0.999967197824579
-0.00906880871808562 0.00222767026793114 0.999956396146158
0.0147591605244757 -0.00608980529260697 0.999872532602087
0.0038735099616981 -0.0103947914266021 0.99993847022293
-0.00315921187655012 0.00521434801795203 0.999981414804829
-0.000651334760164144 0.0045048950371486 0.999989640788211
0.00123351227129603 -0.0155992951658485 0.999877562723459
0.00362110902402408 -0.00582939810530191 0.999976452566342
-0.00285733977064193 0.00249081414725424 0.999992815701352
-0.00354437110191771 0.00319634484433039 0.999988610341702
-0.00474703911360186 -0.0246739594960346 0.999684280831925
-0.0042038141701012 -0.00375712198980317 0.999984105864077
0.00486131075302643 -0.00144561305337504 0.999987138847627
-0.0046160266805754 -0.000592464662399247 0.999989170583016
-0.00532236116412466 0.00124134128164856 0.999985065660213
-3.83263475510836e-05 -0.00148155381221739 0.999998901764093
-0.00480469679914684 -0.0103043983414883 0.999935365042905
0.00356206379331038 0.00393575951966874 0.999985910650013
-0.0145523519036057 0.00857221865565103 0.999857362888024
-0.0206486144784845 -0.00139945917510959 0.999785815179499
-0.00962073688998138 -0.0151053865706178 0.999839621498491
0.000119682740957295 -0.00516335503257647 0.999986662631482
-0.00170242046711812 0.000454604763322904 0.999998447548326
0.0111991067992762 0.0156897568551965 0.999814188505406
-0.000567098152650177 0.0041591982789715 0.99999118969587
0.00119672136057318 0.0131764639099093 0.999912470497701
-0.00634654244052225 -0.00665613275179235 0.999957707753604
-0.00569458580187985 0.0120359333361882 0.999911350071231
-0.000490844524217915 0.000152474563315032 0.999999867911572
0.00240152356735976 0.0035819619043688 0.999990701073501
-0.00311010652410716 -0.0262254882535877 0.999651214676034
0.00483141218149064 0.00869218448178505 0.999950550470006
0.00698447784949418 -0.0160589991289749 0.999846651050123
0.00149127497139132 -0.00187156879910218 0.999997136660496
-0.00297567002987695 -0.00360002739090302 0.999989092535843
-0.00047744300457433 -0.00668792127722327 0.999977521625945
-0.00103319908415652 0.0219450384645465 0.999758644767047
0.00605878296351422 -0.00826328113465295 0.999947503288993
0.00100689333739093 -0.00787152802029402 0.999968512110473
-0.00136074285265263 -0.00494685877176624 0.999986838396977
-0.00211354047624754 0.00586108786054166 0.999980590109501
-0.00743174367790977 -0.0112067877279717 0.999909584459878
-0.00642214559382543 0.0232585519284135 0.999708855521529
0.00152910404800397 -0.0024453803635472 0.999995840969195
0.00505297229363191 -0.00859347270461126 0.999950308614321
0.0142405920605768 0.00421944840685266 0.999889694812836
0.00660075533035805 -0.00171197278262565 0.999976749318833
0.0125903029374099 0.00374045134589387 0.999913742927695
0.000495140020348391 -0.00142746756389217 0.999998858585706
0.00328416956528924 -0.00379077076074075 0.999987422064551
0.0128791142478376 0.00333449184533263 0.999911500874115
-0.00312282941199642 0.00279984437334951 0.999991204365293
0.000190152141584066 -0.00975377923436952 0.999952412684129
-0.00342526140520012 0.00390008851101436 0.999986528356214
-0.0209026554978734 -0.022592296669538 0.999526221329052
0.0198175196298319 -0.0229630409138073 0.999539876477028
0.0161993557457575 0.018894071092593 0.9996902495028
-0.0027296148191115 -0.00235026550512572 0.999993512706455
-0.00633902020744049 0.0147722142340019 0.999870790907223
0.000153761879907908 0.000953328039370573 0.999999533761358
-0.00208638526615231 0.000168150081247899 0.999997809358636
0.00819848382066202 0.00801416196415411 0.999934276875763
-0.000949305735081469 -0.00642942518028981 0.999978880432218
-0.00642991091138793 -0.00563786324802449 0.999963434703324
0.0055552028054173 0.00191894645204601 0.999982728534001
-0.00171727824439885 0.000135603246702093 0.999998516282495
-0.00333667742352627 0.000339335645729905 0.999994375701729
-0.00128004579181861 -0.0267415392675626 0.999641561541122
0.00648258014153034 0.00603345795996283 0.999960786001008
0.00072746034746999 -0.00417343410991007 0.999991026584325
0.00272797740396295 -0.000275527701974761 0.99999624110482
0.00794543618559849 -0.000555623178768732 0.999968280160278
0.00109022916521419 -0.00649621327873311 0.999978305071367
0.000757504976392769 -0.0102743697608021 0.99994693034792
0.00143473945137982 0.00734354552838742 0.999972006539073
-0.0020104221356885 -0.00547165202507061 0.999983009469137
-0.00419402948651178 -0.00396516132736425 0.99998334366744
0.000940924473188266 -0.00331892299744291 0.999994049687933
0.000288849956200978 0.000601395165495276 0.999999777444754
0.00673187423359769 0.00703135485213941 0.999952619836683
-0.00115909920528754 0.00525645290380242 0.999985512991014
-0.00135108719117529 0.00900134309222564 0.999958574334926
0.00144808990084311 0.00448907616607978 0.99998887555353
-0.0075533384127522 0.0212094558086354 0.999746520905736
-0.00511419470179156 -0.0103489072219951 0.999933370346176
-0.00137355679912484 0.00238653879149555 0.999996208879972
-0.00412155735056706 0.00778874380754316 0.999961173363699
-0.0256356372845239 -0.0229938477065584 0.999406872634296
-0.000704686080171028 0.00271203857522956 0.999996074124441
0.020254053157332 0.0295890352642617 0.999356924388294
-0.00458282777721069 0.0061686146177034 0.999970472505695
-0.00181105242937502 0.00540082581398721 0.999983775453195
-9.31788795743128e-07 -1.11018177026655e-05 0.999999999937941
-5.25759298952502e-05 0.000620907199234488 0.999999805854992
-0.00692103766072839 0.00158490896178952 0.999974793332953
-0.00578534630993441 -0.0260568046828905 0.999643722882204
-0.00366014890821258 -0.0102290479639254 0.999940983202369
-0.0276297753859995 0.0192259753200896 0.999433318128384
-0.00337037657329553 -0.00280639618745176 0.999990382304847
-6.15684257113197e-06 -6.22793171244564e-05 0.99999999804169
-4.76611144621057e-05 0.000600379143524135 0.999999818636635
-3.79720945588686e-05 -0.000317399218989414 0.999999948907927
-5.05640008844504e-05 0.000592609928059711 0.999999823128362
4.0499326899194e-06 5.52297428422558e-05 0.999999998466637
-0.0112380565434153 -0.00398291611793768 0.999928918705887
0.00713351679016281 0.00718249452952275 0.999948761042554
-4.28853501129032e-06 -4.5875319052169e-05 0.999999998938532
-4.52829014168222e-05 0.000599878079179736 0.999999819047858
7.04991965812016e-06 9.04331268314268e-05 0.999999995886074
-4.80823770504589e-05 0.000553121522504871 0.999999845872321
-0.0149291750891978 0.0240787458934774 0.999598586297196
0.0080331316687868 -0.008480664219232 0.999931771237414
-0.00375797720627581 0.00375472372051314 0.999985889729
-0.000564491709248412 0.00110005210879832 0.999999235616942
-0.00477885651149581 -0.00968312552446308 0.999941698105705
-0.0230933282207203 0.0163507134447886 0.999599596019094
0.00690191048536421 -0.000680809457280252 0.999975949775861
-0.00331270612000276 0.000352376971518316 0.99999445088892
0.00119810503422395 -0.0118916801499668 0.99992857369291
0.00554512158166941 -0.0073952492270442 0.99995728004526
0.00390907309698003 0.00543305362990714 0.999977600287015
0.0114567253762319 -0.0132424521631384 0.99984667869847
-0.00101241395391507 0.00318332377606443 0.999994420718297
6.72656686165215e-05 -0.000459545856849506 0.999999892146462
-0.00628092190005484 -0.00736551292825282 0.999953148522164
-0.00950288988325705 -0.00329313854364793 0.999949423882228
6.87090628524236e-05 -0.000786327358694029 0.999999688484126
0.00225132515809424 -0.00939817983176656 0.99995330178508
0.0246422402345713 0.0180066278538087 0.999534152167677
-0.000162642797224472 0.00202822099221562 0.999997929931321
0.000605654333701351 0.00375115744073268 0.999992780974284
0.00371053415127399 -0.00334179262172137 0.999987532101469
0.000656821832434118 0.00390278323927905 0.999992168403367
-0.000423762767893549 -0.0265129220789936 0.999648380875971
-0.000694256236895133 0.0300425677711155 0.999548379084272
-0.00265421659173609 0.000551197880177583 0.99999632565084
0.00231189797580912 -0.00216145676822839 0.999994991603652
-6.19834523989822e-05 0.00667620008823136 0.99997771200684
0.016279820745538 -0.0234325989967659 0.999592857487862
0.0174582696274847 0.024716336435312 0.99954205090873
-0.0180634012127459 0.0243183927176443 0.999541059342866
-0.0181308685216609 -0.02530825467324 0.999515264441742
-0.00504828402374388 -0.000692690642726613 0.999987017419771
0.00126761498482638 -0.000730729350856872 0.99999892959286
0.00339543440045543 0.0042393631362938 0.999985249303924
-0.00379627323599904 0.00664779022013538 0.999970697168025
-0.00326172573729691 -0.0138067120448586 0.999899362859946
0.003214923611042 0.00837793744538497 0.99995973640459
-0.00286376134045401 0.00814887775892655 0.999962696635357
0.00627168017524908 -0.00286879982739735 0.999976217724867
-0.00637041892231962 -0.0100506085536572 0.999929199008837
-0.0025741544800343 0.00438449549441122 0.999987074880457
-0.0196744395553762 0.0207359670863715 0.999591384565301
-0.00060560766594418 0.00757664467357443 0.999971113430206
-0.00022914246680258 0.000643263170244015 0.999999766853085
0.00575427992643563 0.0296425617537624 0.999543999429341
0.0120473842955235 0.00170732813281368 0.999925970040924
-0.00518553676708871 -0.00664334326129069 0.999964487468805
0.00236148894364015 -0.00864083869707964 0.999959878833436
0.000518528785944428 -0.00484562447256588 0.999988125455182
0.00042618274020012 -0.00108158074499716 0.999999324275454
0.00267464276044355 -0.0275784087592275 0.999616065125213
-0.00154706414584144 0.000268299910384844 0.999998767303084
-0.00175621571328683 -0.00125204032506415 0.999997674047991
-5.20902072161967e-05 0.000624911773876036 0.999999803385923
-0.000763047906547222 -0.00249530921238066 0.999996595589119
0.00756822697416742 0.00128690127243069 0.999970532478624
9.15402357656198e-07 1.06025537691952e-05 0.999999999943374
-0.0088570889225412 -0.0260986900495863 0.999620133027298
0.0201361988368466 0.0229905291020039 0.999532875431325
-0.000514400604094186 0.00631061023830022 0.99997995559433
1.13693905781597e-06 1.3878293456878e-05 0.99999999990305
-0.0043321422204815 -0.0204628902626347 0.999781227402216
0.00418698397837173 0.00473912149085289 0.999980004746425
-0.00121372542214351 0.00148492793688371 0.99999816092812
0.00976317380687374 0.0118044529842698 0.999882660779233
-4.53766239597547e-05 0.000568649188852813 0.999999837289518
-0.00100773502522135 -0.000741355360050363 0.999999217430868
-0.00335539067187132 -0.00509050452547838 0.999981413885836
-0.000690020087485002 0.00634059052009868 0.999979660185214
-0.00350858608681932 0.00129172843790246 0.999993010606231
-0.00829671021224662 0.0171345577524964 0.999818769342865
0.00383334884537036 0.00981028488635667 0.999944530335097
-0.023853114337559 -0.0172642779542067 0.999566392813964
0.0244220743876744 -0.018856979121788 0.999523874962976
0.0277662597621995 0.02124334214353 0.999388690767206
0.000127000926056193 0.00551258427081942 0.999984797527153
-0.00157193786446071 0.00114989061561423 0.999998103379663
0.00276151772914481 -0.0112728419878016 0.999932646258412
-0.00333816382747415 0.00484608149748307 0.999982685928302
0.00118196589874565 0.00966805437433525 0.999952564715561
0.00889512781406865 0.00282884717460831 0.999956436213515
0.00391312838754268 -0.00367525189827579 0.999985589871028
-0.00670945404054445 -0.00829344812421482 0.999943099353503
-0.00404690823473817 0.00404822100657779 0.999983617086011
-0.00571164443707364 -0.00978250559120523 0.999935837792697
-5.37815404969564e-05 0.000537502213410893 0.999999854099448
-0.0167106381102834 -0.00953980118866653 0.999814856244509
0.00204785740218394 -0.00726418814346395 0.999971518519741
-7.63900792837483e-05 -0.000287060327686148 0.999999955880461
-0.00697790201063415 0.00672022579403702 0.999953072623314
-0.00753901046185728 -0.00386804978936566 0.999964100111641
0.00205005321336082 -0.00218213480256683 0.999995517774718
-0.00138542948329763 -0.0142977343103464 0.999896822366557
0.00249781850942488 0.00495610762837875 0.999984598831337
-0.00166850068463839 0.000122487841669227 0.999998600550118
0.0121561953706906 -0.0286721770063325 0.999514948952654
0.00425172941531887 0.00733602458762123 0.99996405212399
-4.75253823427784e-05 -0.0008576762764636 0.999999631066304
0.0225221744981079 0.0204169867045682 0.999537842360049
-0.0230502337968091 0.0200040729459881 0.999534153387209
-0.0196896368805967 -0.0175820151461091 0.999651534757444
0.00134558356289695 -0.00259670464925797 0.999995723255775
-0.00116396507257728 0.00126522200139988 0.999998522198207
0.00832139819638749 -0.0047333116622677 0.999954173996371
-0.00411541807537965 0.00612648449743387 0.999972764389995
-0.00329071936608003 0.00682729772525715 0.999971279173469
0.00500454737594891 -0.00636724293269324 0.99996720582377
-5.93250819550102e-06 0.000392573511894512 0.999999922925419
0.000580441439795014 0.00616338793763404 0.999980837684835
-0.000523995688629325 -0.00396169629517622 0.999992015163613
-0.00301607144223727 -0.00602148993341122 0.999977322228878
-0.0109720217553046 -0.00403271758901244 0.999931673629478
0.000982628131613333 -0.00343129232712852 0.999993630317174
-0.00174214675300175 0.00130549082333805 0.999997630306393
-0.00918529549431607 -0.0149290132063915 0.999846365653927
0.00492974825123948 0.00563131570086897 0.999971992540619
-2.13084155088064e-06 -2.5810963234356e-05 0.999999999664627
-4.51432327410287e-05 0.000519310715406305 0.999999864139225
-4.84284923141194e-05 0.000557103101897195 0.999999843645395
9.13732658831644e-06 0.000107929091094075 0.99999999413391
-0.000205439595056361 6.20396498983039e-05 0.999999976972827
0.000581011552449121 0.0125913952210882 0.999920556440342
0.00217916417095672 -0.00641678957153816 0.999977037763923
-0.00192459914355986 0.00657963438624002 0.999976501888659
-3.90601189720507e-06 -4.54851503958009e-05 0.999999998957922
6.54278749930163e-06 8.86905166546964e-05 0.999999996045592
0.0126990414464429 0.00340257763857027 0.999913574671209
-0.00639617268499805 0.00633698838301842 0.999959464955064
0.00222896500707949 0.0169149792824665 0.999854447002598
0.00296473925054611 0.00822109395593639 0.999961811238481
0.00202969480200344 0.00491464472000885 0.999985863203219
-0.000389095812264153 -8.69945146672233e-06 0.999999924264381
0.0022863499254253 0.00396320800288034 0.99998953273839
-0.00251003771132691 0.000335703309745398 0.999996793501847
-0.00387652814236694 -0.00900725694133339 0.999951919770123
0.00381666249578444 -0.0040379510866929 0.999984563900071
0.00424380261310466 -0.00488600256942113 0.99997905833986
-0.0071150289039931 -0.00128924029415705 0.999973856769845
-0.0274158235468434 0.0151146157551049 0.999509840376684
-0.028171247659959 -0.0153131836113193 0.999485811411531
0.0227473401939753 -0.013016722430279 0.999656502730449
0.0264264973130909 0.0153029621626245 0.999533621039738
0.0223179763191426 -0.0208406275625643 0.999533679360439
-0.000565986769287568 -0.0012941901563899 0.99999900236491
0.0319649778797242 -0.0227658996342234 0.999229680305281
-0.00840243080775371 -0.00556673410777118 0.999949204023832
-0.0010786886625368 0.00285357009293503 0.999995346773421
0.0060491244733995 0.0011017864813846 0.999981096901164
0.00143644424608471 0.0236064103917074 0.999720297891538
-0.00953232086573595 -0.00799433211001943 0.999922609761889
-0.00989728132407741 -0.00193329353651526 0.999949151806477
0.00625829725427825 0.0150057674364428 0.999867821593995
0.00101947781007966 -0.000690276855184582 0.999999242091142
0.00039858014100215 0.00084523738653659 0.999999563353721
0.00499497382073168 0.0149238639702905 0.999876156591768
-0.00236065720990398 -0.00653455200365843 0.999975863172531
-0.00112803392493857 0.00538265636678031 0.999984877160601
-0.00538385211381623 0.00896136089734126 0.999945352580472
0.00044920268330226 -0.00415539347978619 0.999991265422842
-0.000777407174429322 -0.0117563994917598 0.99993058894559
0.00288569511208038 0.00363014280933527 0.999989247355642
-0.0024031809052271 0.00265128471448535 0.999993597684955
0.000965414480983152 0.00213953965227016 0.999997245168684
-0.00815989831244451 0.0114172883301724 0.999901525944788
0.00349343109039596 -0.00350147108496524 0.999987767744915
-0.00495994852553722 -0.0106290801476168 0.999931208416779
0.00265663557914486 -0.00450533189692564 0.999986322042406
-0.00771201971134519 -0.00882176419463704 0.999931348257702
-0.000270071048900234 0.0136086962547998 0.999907360932938
-0.0123660202736278 -0.0136052301712639 0.999830975342622
-6.90953566169293e-05 0.000801485646355275 0.999999676423243
0.00648451436547295 -0.0093094040916784 0.999935640963408
-0.000421733623727735 0.00724808360959988 0.999973643365033
-3.00692824437973e-07 -3.55463025751846e-06 0.999999999993637
0.000391557562224381 -0.00105033204026569 0.999999371742443
-0.000744914897513751 0.0142310723728678 0.999898455684833
-0.0109518798108539 -0.00581820357369533 0.999923099461045
-0.00586060013333941 -0.0028769709254804 0.999978687975084
0.00530838333772699 0.00469110353652851 0.999974906992145
0.0226692386035089 0.0102935289116716 0.999690026400025
0.00148228786578951 0.00205904692876564 0.999996781569035
-0.00436978411182223 -0.00847070177748107 0.999954575067394
0.00338928237676447 -0.00883959805742435 0.999955186131436
-0.000407195533469946 -0.0157450092288746 0.999875956744726
-0.0171241983504789 0.0066873106697906 0.999831006574041
-0.0035957498616113 -0.00312981483979612 0.999988637356446
9.0005852874205e-06 -0.0003602246944963 0.999999935078577
-0.000369979394829161 0.000836044356431662 0.999999582072454
-0.00485705076007361 0.00992385443847288 0.999938961222633
0.00391810624529149 0.00839208610577491 0.999957109747335
0.00395003802323141 -0.00648875457266456 0.999971146215585
-0.00861162167786 -0.00732913027427079 0.99993605986658
0.00268566800953036 0.00431735596691963 0.999987073728855
-0.00197357326138611 0.000178870482230024 0.999998036505039
0.000235753972990696 -0.00133283027611954 0.99999908399134
0.0107480806721054 -0.0161559246616137 0.999811714704421
0.004371859196065 -0.0101141323529802 0.999939293744333
0.00040950447159173 -0.00321701294127754 0.999994741553086
5.46880685690092e-06 6.52169391998637e-05 0.999999997858422
0.000118236242166962 -0.00097118259811659 0.999999521412162
-0.00394368681018713 0.00279772357455626 0.999988309970243
0.00346360094258051 -0.0114686033859205 0.999928234727316
-0.00487047265318096 0.00750647235538547 0.999959964883051
-0.00338182270468234 -0.013864356008988 0.999898166268771
0.000127432028112054 0.000762828250601061 0.999999700927025
-5.577715205964e-06 -6.93928101737089e-05 0.999999997576763
-0.000737205880203862 0.000304366754871594 0.999999681944134
0.00555937022111724 0.0091728679261907 0.999942474293773
-0.00486002212139953 0.000483010422779349 0.999988073371833
-0.00294142289944548 0.00605984599104673 0.999977312891593
0.00398556231281294 -0.00114536381311908 0.999991401680428
-0.00285347717823402 0.0318358413703661 0.999489037894981
2.86837969586523e-06 3.29967576859616e-05 0.999999999451493
-3.8262370207198e-05 0.000455727425859227 0.999999895424247
9.13895691615388e-06 0.000104566493144948 0.999999994491164
-3.73494196568569e-05 0.000518332153852491 0.99999986496839
-0.00762056462989889 -0.00662088149100705 0.999949044163253
-0.00266815779749372 -0.000175795214427058 0.999996425008615
0.00901729257005924 0.0131468262407966 0.999872916622158
-0.00497361729848731 -0.0110062513622709 0.999927060120846
-0.0166726794410982 -0.000813185700995836 0.999860670538286
0.00368374933075635 -0.00371649020522111 0.999986308751986
0.0167592790384731 -0.024595259653655 0.99955700176062
0.0187083566518329 0.0115244320388164 0.999758563282941
0.00892464511705983 0.0101551424715884 0.999908607719184
-0.000152854432417971 -0.000173137994987674 0.999999973329378
0.00851781208108436 0.0290246582112015 0.99954240334919
0.00125257003071336 -0.00129490716118754 0.999998377140564
-0.00712082329018664 -0.00714963927946545 0.999949086970853
-0.00932916466120573 -0.000201753153333277 0.999956462043418
0.00526802534656397 -0.00339557996459989 0.999980358779937
0.00120364738381662 0.00276429017486563 0.999995454956074
0.00723629336462041 0.00958411054422122 0.999927887841627
0.00380459460639401 -0.000883791131039202 0.999992371957465
0.0038939595850858 0.00541623540909383 0.999977750488851
0.0098129063509387 0.0068949601061499 0.999928080610842
0.00351984647197727 -0.0062415319470638 0.999974326650323
0.00402824079473865 -0.00523583166120345 0.999978179433389
-0.000397757565061276 0.000563933246179429 0.999999761884078
-4.79578448527847e-05 0.000862390043323938 0.99999962699166
-0.00091179940318278 0.000708837120231859 0.99999933308567
-0.00598837494062363 -0.00392806963680449 0.999974354488403
0.000288766617060526 0.00911421391552578 0.999958422994948
0.00735466398182798 0.00111339158351587 0.999972334255751
0.00656409997495927 0.0049343647363779 0.999966281749623
-0.000837738197324585 -0.00232073533364351 0.99999695618648
-0.0190729793161198 -0.007939554967987 0.999786569687209
-0.00408548058615575 0.00255934789650432 0.999988379225841
-0.00366339201439566 -0.00231492235563775 0.999990610302635
-0.00186424466535884 0.000813378476165191 0.999997931501502
-0.000429527442357989 0.000398358000911247 0.999999828408525
-0.00769594482199741 0.00182983426914982 0.99996871158044
0.000700548663333119 -0.0018788463089219 0.999997989582038
-0.00623738221346177 0.00471674124508796 0.999969423240106
-0.0286361580902175 -0.00844730547468829 0.999554207374492
0.0282574080563488 0.0092025707085937 0.999558318249761
-0.0273804526314686 0.00839909953540615 0.999589798837848
0.0307650497756479 -0.00946137110432627 0.999481862851512
-0.00318194358907692 -0.00431622820403477 0.999985622601189
0.00244601362402199 -0.0124034803941723 0.9999200821523
-2.02795877803987e-05 -0.00355054111179849 0.99999369660341
-0.0107158211111356 -0.00221197237625871 0.999940137386294
-4.62616585772427e-05 0.000551059962158551 0.999999847096377
-0.00649506664463278 0.00794226347127622 0.999947365894943
0.000995318575421532 0.00290018310365578 0.9999952991284
0.00125912281976925 0.00670795963311771 0.9999767086724
0.00825978198595537 0.00782183892590786 0.999935295325333
-0.00153218648813746 0.00245693500813407 0.999995807928679
-5.25864374444543e-05 0.000635243112314697 0.999999796850407
-0.000889730942764309 2.35370988253515e-05 0.999999603912349
-0.00245004894542999 0.00184983878493676 0.999995287667214
-0.00216721059269937 0.00659922606367845 0.99997587641583
0.00894794034331144 0.00559812561326028 0.999944296125155
-0.0117607465804404 -0.010919642477467 0.999871214831208
-0.00333274383905127 0.00238608728063157 0.999991599667714
-0.00628092892548286 -0.00719800909339343 0.999954368257334
0.00221812846519383 -0.0128020214504505 0.999915590513966
0.00380726837731635 -0.00390252231956784 0.999985137403076
-0.000674224471254164 0.00033648691360374 0.999999716098919
-0.00351284709853044 0.0025313088262847 0.99999062614651
0.00459177965537361 0.00830572791044333 0.999954964207626
8.34012759951001e-05 -0.00362113032724898 0.999993440208175
-0.00942765243760124 -0.00753156783846171 0.999927194777405
-4.91606824534301e-05 0.000617890894622344 0.999999807897016
-0.00214595460543768 -0.00440137812951279 0.999988011302832
0.00055968874118237 -0.000590229190660314 0.999999669188953
0.00483802339902939 -0.00631291990722858 0.999968369785682
0.00694385776347948 0.00326591624301887 0.999970557881808
0.00109325815117856 -0.0031237413389096 0.999994523498335
0.00122830062175855 -0.00516394853177287 0.999985912357341
-0.00132631414237345 0.0132451824530121 0.999911399091231
0.00322474968198162 0.0023658108559337 0.999992001932257
-0.00518762988776879 0.00967614333433775 0.999939728556837
0.00605460772534642 -0.0278280206525308 0.999594389235881
0.000673225931062344 0.00974189990602289 0.999952319939839
-0.00116711463917323 0.00300050429032206 0.999994817395282
0.0029395536621272 -0.00622987152910201 0.999976273581028
-0.00418293928924579 0.00556132585628737 0.999975787043678
0.00608371999872356 0.00380047438650536 0.999974272041743
2.48360335855979e-05 0.000418674877325786 0.999999912047255
1.64100898906607e-05 -0.000555744790585037 0.999999845439206
-0.00119914798627809 -0.00328213296374713 0.999993894805021
-0.000874770672914044 0.00191694070995263 0.999997780054828
-0.0171947321798678 -0.0227086059757744 0.999594247882559
0.00482751366405547 0.00529007747190277 0.999974354767243
0.0118640062092894 0.00553350579664232 0.999914309163673
-0.00505147598194889 0.00911966038831694 0.999945655715752
0.00236505286130929 -0.0110196420543421 0.999936484989901
-0.0013635169386433 0.000538354088788358 0.999998925497639
0.00861383465544872 0.00482383844930876 0.999951265030023
-0.0307570573247212 -0.0224523731152328 0.999274684141562
-0.00495891762024019 7.22859663666404e-05 0.999987701879765
-0.00187040720749059 -0.00184970082351966 0.999996540085885
0.00470928600883068 -0.00198466788310807 0.999986941774082
0.00794846983710193 -0.00648213946376513 0.999947400464255
0.00165621254701017 -0.00354550808374324 0.9999923431369
-0.00438877169677681 0.00913736187488818 0.999948622330648
0.00785759393269685 -0.00667480141689449 0.99994685120942
-0.0106078754553581 -0.0238086018401489 0.999660254014703
0.00402637683776559 -0.00820253634795171 0.999958252472082
0.0023216329881912 0.0107385871893697 0.999939644561333
-0.00366116648702564 0.00178264072411149 0.999991708991631
-0.00121462251018786 0.000625940553304649 0.999999066444855
0.00740879494875932 0.0115446011048537 0.99990591154505
0.00930954608317719 0.00649139764558866 0.999935594980163
-0.00266357730734533 0.00186552654956947 0.999994712569332
-0.000303752644616623 -0.00553430378304259 0.999984639490011
0.0165881657859921 0.00190749145986453 0.999860587398157
0.00279360572494133 0.00725415821615311 0.999969786021372
-0.000265645083472831 -0.000130221214685455 0.999999956237561
7.34010032608052e-05 -0.000231586251335329 0.99999997049005
0.0269247214722118 0.0130416607705433 0.999552387050319
0.0252847825602853 -0.0122631036825148 0.999605070044641
-0.0264151027972655 -0.0118230742328349 0.999581140908478
-0.0240793571164105 0.0103673407328136 0.999656292336016
-0.0122107446854301 -0.00487095727620009 0.999913582010686
0.00706154400051731 0.00757535970645738 0.999946372822886
-0.00147903631929413 -0.00807708284720059 0.999966286023807
0.000743829777539602 0.00255042276589421 0.999996471024262
0.00424818619578654 -0.00252080274085666 0.999987799159364
-0.00350114737534112 0.00265903995699642 0.999990335690082
-0.00192246216468746 0.00903578126013329 0.999957328487693
-0.00300623248045776 0.00298923743038529 0.99999101347255
-0.00081232978110038 0.00352495751086911 0.999993457376034
-0.000120743120509145 -0.000131737885105592 0.999999984033114
-0.00306038915788803 -0.0085569770896355 0.999958705228016
-0.00348657792122929 0.0097105622810043 0.999946772960734
0.00303538614058649 0.0101268634825392 0.999944114971924
0.00224684881595258 -0.00764504987128128 0.999968251937462
-0.012356224351373 -0.00676246725443876 0.999900791457038
-0.0110711711427263 0.00279260415064231 0.99993481314113
0.00367048757944521 -0.00498920787441703 0.999980817478873
-0.00176447146710612 0.0013340800799516 0.999997553432398
-2.1252195032029e-06 -0.00969496813318788 0.999953002689816
-0.00440696774703152 -0.00384910520513377 0.999982881365674
-0.0101419593200278 -0.00646308217470865 0.99992768200003
-0.00858299037952769 -0.00599588508825421 0.999945189316971
-0.0120694338058135 -0.00706225095892633 0.999902221909223
-0.00656032918559654 0.00151981704538367 0.999977325861504
-0.00459929851894555 -0.0106786539660472 0.999932404116702
-0.0166708573128253 0.00352248591779035 0.999854826767073
-0.000646258338164083 -0.00324959903028102 0.999994511213088
-0.00149957189627622 0.00187434494372172 0.99999711905343
-0.0110948118647411 -0.00665078152072007 0.99991633262731
-0.00240195872620514 -0.00350003338545729 0.9999909901397
0.000176761649259087 0.00108243936077825 0.999999398539994
0.0025162506792372 -0.00218104280898706 0.999994455752023
0.00405885637427829 0.0108855467132442 0.999932513001596
-0.00792687714013529 -0.00390763626240096 0.999960946736244
-0.00471687186880585 -0.0118201683357902 0.999919014090785
0.00422943231459305 -0.00265759980976001 0.999987524454954
-0.00469678316611456 0.00373310934397624 0.999982001899292
0.0125486584787537 0.0100219210424134 0.99987103781888
-0.00140455585282776 0.000503394801061817 0.999998886907646
0.00583315479187317 -0.00359172131845335 0.999976536646308
-0.0127089863503896 -0.00616237813940623 0.999900248405616
-0.00094589513123272 -0.0113443971335588 0.999935202868704
-0.000774467429133521 0.0114128255673546 0.999934571665952
-0.00927492173324638 -0.0173359678135719 0.999806701341219
0.00148411709795349 -0.00408236405391737 0.999990565805583
0.00631983506995485 0.0124963602718625 0.999901945524982
-0.00149568817994089 0.000657841059120311 0.999998665080114
0.0127826391833203 0.00353717565265108 0.999912042393685
-0.0103167899720204 -0.0181212314202089 0.999782568770074
-0.0188267662993978 -0.00870233017869949 0.999784888023503
-0.000189862855843116 -7.62106043451871e-05 0.99999997907202
-0.00263682241874674 -0.00970573039206144 0.999949421703462
0.00217115652686574 0.00216875052466282 0.999995291289163
-0.00169740163930123 0.00159479500206138 0.99999728772461
-0.00479903728290345 -0.00404848446609852 0.999980289313087
0.00400365255810259 -0.00930477827809542 0.999948694617574
0.0013947252196131 -0.00141820604639129 0.999998021714629
-0.00135205971309995 -0.0106063057182789 0.999942837472994
-0.000614812306890655 0.0113736136022769 0.999935129355626
-0.00177385295808912 -0.00401205477643294 0.999990378384789
-0.00608337571654016 0.00429157747458681 0.999972287067332
-0.000417446131991305 0.00683253159517075 0.999976570850901
-0.00127613576464689 -0.0042208939972632 0.999990277718426
-0.000758215647178751 0.000264834931551416 0.999999677485694
-0.00625136141685753 -0.0129375472343436 0.999896764847249
0.000763448098388499 -0.00704454396001204 0.999974895458579
-0.00124542579101419 0.001496995257426 0.999998103958102
-0.000405554098926819 -0.000423974813057217 0.999999827885601
-0.00253282459044589 -0.00437198210028567 0.999987235204584
-0.00398759050293752 0.00196787564962123 0.99999011324483
0.000353178024918965 -0.0118359543377319 0.999929890267412
-0.00872189913721741 -0.00351375565573331 0.999955790021055
0.000975579648784558 0.0102801096060005 0.999946682374034
0.00646014992312685 -0.00513067246083609 0.99996597075254
-0.00165582827534218 -0.00857780243502898 0.999961839040925
-0.00109642055215125 0.00921408593099747 0.999956948314491
-0.00626833835866241 -0.00417941162758898 0.999971619823617
0.0177424003928644 0.0119082711131679 0.999771674087336
0.000251955555940745 -0.000432872505092154 0.999999874569888
0.00308408002659701 0.00502217032590686 0.999982632976997
-8.45938348218865e-06 -0.000347283297294038 0.999999939661373
-0.0111182984535928 -0.00901908947411493 0.999897514480637
0.000245221335100773 0.00884809912017342 0.999960824736878
0.0048273359704388 0.0103361767471502 0.999934928021659
-0.00213461531386521 0.0110363820284363 0.999936818848663
0.000840124653909485 0.00241315778070046 0.999996735424717
-0.00953655672118943 -0.00514930770923343 0.999941267633264
-0.00139573788843364 0.002434156811257 0.999996063390434
-0.00384415235534954 0.00416624772350899 0.999983932307202
0.00548755844005212 -0.00571601861918157 0.999968606423978
-0.00493121357126336 0.00565896375079656 0.999971829234195
-0.00042924441680391 -3.16879330801135e-05 0.999999907372549
-0.00354954744529865 0.00814184634193679 0.999960554747575
-0.000698031910739974 -0.000571930135170126 0.999999592823603
0.0114440594400711 0.00566326012621441 0.999918477171152
-0.00850187172813659 -0.00604604733653467 0.999945580263607
-0.00377522377272798 0.00820000615225553 0.999959252962124
-0.00704125830519652 0.00775117248343129 0.999945168500059
-0.00387294353514045 -0.00620293093196671 0.999973261620643
-0.0244099261100651 0.0145316173882614 0.9995964123602
0.001582686105958 0.00142283081049679 0.999997735326023
-0.005086329730979 0.00339985054012618 0.99998128495796
-0.0189592454578909 0.00163022465299478 0.999818928296143
-0.000740603403504918 -0.00655596078862001 0.999978235205515
-0.00310641290611821 0.00603753293451848 0.999976948931785
0.00328640485287847 -0.00420325332535337 0.99998576600101
0.00827240492173185 0.00717661555261222 0.999940029954807
-0.00385117430279366 0.00666303110030745 0.999970385798022
0.00611714842580907 0.00778832344784139 0.999950960054046
0.00450841651181737 0.00963925449871777 0.9999433778736
-0.00133435258772206 -0.00187574601033547 0.999997350536528
0.0343283764493113 0.0318119874445647 0.998904179601418
-0.000754039160846646 0.00117163401142044 0.999999029348873
0.000323713851888447 -0.000705599341271436 0.99999969866941
-0.000952112387628325 -0.0126898503496742 0.999919027311764
-0.00307471289896724 -0.00117971029862959 0.999994577197397
-0.000665300265705641 0.00502350371103482 0.999987160810588
-0.00227309068784785 0.00927843945741342 0.999954370768967
-0.00678963582369812 -0.00119151524081229 0.999976240286144
-0.00029777515154296 -6.49054880272967e-05 0.999999953558617
-0.00332334409219206 -0.0058870552389532 0.999977148721239
0.00133429961651266 0.00137147772488804 0.999998169345016
0.0134845272159948 0.00659954302765451 0.999887300428197
-0.00567155200176444 -0.00657518037474492 0.999962299539803
0.0151117869565757 0.00462042648694641 0.999875134981392
-0.000139879505608342 -0.000187138097961443 0.999999972706528
0.0181286459690902 -0.00176493933365149 0.999834104831634
0.00496719349593272 0.0120627440466451 0.999914904976838
-0.000181265782182568 -3.14823951641364e-05 0.999999983075787
0.00270775143118052 -0.0112037996960792 0.999933569270758
0.00170277744147788 -0.00161023283443054 0.999997253845831
-0.00361277636714218 0.00168161437089883 0.999992059978492
0.000798735040618505 -0.00213242864607823 0.999997407381841
-0.000515517270588747 -2.05576987175319e-05 0.999999866909653
0.0146956925755375 0.0479055104371042 0.99874376027562
-0.00794595402918772 -0.00391191927775544 0.999960778581905
3.98801845217933e-05 0.0127447879269884 0.999918781096878
0.00115465829487367 -0.00287012685864218 0.999995214556568
0.00200244758380382 0.00126521505636561 0.999997194713333
-0.0187569881156731 -0.0132537194228095 0.999736222369826
0.0117314683953229 0.00763241469237684 0.999902054650981
0.000714305129471761 0.00496795402769043 0.999987404521157
-0.000536303413434273 -0.000876056574608806 0.999999472451624
0.00265262572588616 -0.00559719541415231 0.999980817306139
0.000903497617743052 -0.00615559382933762 0.999980645991043
-0.0057571042550889 0.00513201786088339 0.999970258629361
0.00467661465182738 0.000993927753514926 0.999988570626194
-0.00156687820763943 -0.00252533367534619 0.999995583781504
0.00100015054449082 -0.00198712499599634 0.999997525513508
-0.00704349000321855 -0.00518021235687287 0.999961776593742
0.00125985527264373 -0.00559313303685533 0.999983564678702
0.00312612037398315 0.00688357538247199 0.999971421472315
-0.00572219514969842 -0.000781004226666642 0.999983323118474
0.00128304404667302 0.00464521997658976 0.99998838779725
0.000589477194742584 -0.000635761885605952 0.99999962416166
0.00180803891766856 0.00434671015644559 0.999988918491644
-0.000625910280345759 0.000880262368489161 0.999999416687072
-0.000940900917129554 0.00106481479106423 0.999998990436953
-0.00140211683861215 0.00126852040358222 0.999998212460581
-0.00012212835505574 -0.000289725991325761 0.999999950571756
0.00971245870963003 0.00619712753161614 0.999933629675575
0.0016320905669231 0.00271357026676775 0.999994986395826
2.12657821113435e-06 2.9111302617305e-05 0.999999999574005
0.00276554012883548 0.00468682691586984 0.999985192610999
-0.0002120715892219 0.00310222517290712 0.999995165600623
0.000611619624687831 0.00407935515485102 0.999991492355288
-0.00059315126200061 0.00218952630777538 0.999997427069754
-0.000215152820829347 0.000188336924543108 0.999999959119232
0.000692985672199387 0.0158055613916701 0.999874844167985
0.00908619529890608 0.00598315180403898 0.999940819723588
1.38124034505489e-05 -0.00148865239849719 0.999998891861013
-0.00846742521726319 -0.00640592219648081 0.999943631846817
-0.00262521782789933 0.00197422712873888 0.999994605314749
0.00151301608141978 -0.000493928529652954 0.99999873340767
-0.00226238860418857 -0.00172576516370371 0.999995951658007
-0.00953928548431654 -0.00684708733565326 0.999931057337188
-0.000673128515152002 -0.000708703595547044 0.999999522318494
0.0102162951948127 0.00477982732974699 0.999936388258368
-0.00112646989000809 0.00363092167922895 0.999992773710563
0.000424939525276319 0.0035818106041896 0.99999349500844
-0.00569339245128171 0.00834620854124584 0.999948961740239
0.00307800115732501 -0.00184086634658894 0.999993568539303
-0.00940079318486582 -0.00649345577374936 0.999934727929583
-0.000835460494790317 0.00352320524732577 0.999993444493786
0.00508290166571963 -0.00955259773482988 0.999941454279786
0.000215167700100849 0.00424132408746312 0.999990982395764
-0.00215835159027004 0.00216452809777263 0.99999532815735
0.00114438727512621 0.00320498096140242 0.999994209220634
0.000154732078975975 -0.000744478967646348 0.999999710904483
0.0134815401927758 0.0066232682153161 0.999887183832346
-0.00110985712793075 0.00184439310497902 0.999997683212931
0.00925405534610769 0.00284673410374107 0.999953128183813
-0.00050009644321868 0.00168622379506562 0.999998453275234
-0.000348293803266583 -0.0107703323438398 0.999941937630695
0.0056847444636697 -0.0118313281146607 0.999913847966627
-0.000294553184311792 -0.000200226783923284 0.999999936573826
-0.00265329955869096 0.00580813045446785 0.999979612603215
-0.000164533388956991 -0.000252480680383983 0.999999954591134
0.00135517175646827 -0.00057736846769014 0.999998915076993
0.00170179577030915 -0.000557369355130747 0.999998396613994
-0.0261276210082467 0.011427404224519 0.999593298223402
0.0088267206721674 0.00414614691438771 0.999952448103378
0.00858719321901998 0.0110661342488015 0.999901895580465
0.00782518315668054 0.00628469573948415 0.99994963328561
-0.0140578512540664 0.0110818592059244 0.999839771770787
-0.000600810146587514 0.000526045462428191 0.999999681151619
0.00043252854335819 -0.00131260247166342 0.999999044996449
0.00116341829238842 -0.00100977843959183 0.999998813401986
0.00364653201114007 -0.00290476508190432 0.999989132513004
0.00287905677483871 -0.00311151351742631 0.999991014717491
-3.85478556972038e-05 0.000495483083872392 0.999999876505281
0.000650439211030264 -0.0114411657053221 0.999934336172199
0.00458142621366698 -0.0032962593450719 0.999984072477246
-0.00765510674441606 0.0037988369602802 0.99996348342251
0.00397309018460433 -0.0018328856370802 0.999990427496497
-0.000155388326429456 -0.00128478702844183 0.999999162588029
-0.00613663318837443 0.0102876430304967 0.999928250492998
0.0213603873703128 -0.00162677299161338 0.99977051739938
0.00354966969293391 -0.00210180249384613 0.999991491099473
0.000586872769332516 -0.00173317925252372 0.999998325833614
-0.00281707983118655 0.00126009258142015 0.999995238102618
0.000610162626983878 -0.00440147431670866 0.999990127313969
-0.00432649302191582 -0.0127461471733883 0.99990940449141
-0.000350498103446745 0.000448177498787507 0.999999838143991
0.00345120801390436 0.00952177560962541 0.99994871116097
-0.00345917285197733 0.00206594993071424 0.999991882954089
-0.00102150758570956 -0.00787023118738491 0.999968507495766
-0.00507700800650233 -0.00152373388705109 0.999985951013685
0.000736023171105534 0.00244169003131795 0.999996748204554
-0.00082513146934456 -0.00271043430314758 0.999995986343919
0.00844699463386292 0.00707636659245031 0.999939284815586
0.00478971147184264 -0.00294113493389115 0.999984204069903
0.00198489991410243 0.00750840498818598 0.999969841558666
-0.000726737039611547 -4.04651357655683e-05 0.999999735107889
-0.00228984100199025 0.00162306233995646 0.999996061140656
0.00322552889535739 -0.00789445544703987 0.999963636107104
-0.0315856567056492 -0.00240269799603884 0.999498160745087
-0.0307328085175774 0.0026853100998002 0.99952402852072
0.03192076983953 0.00339290542190948 0.999484643526678
0.0328668971839259 -0.00302915486420524 0.999455147212875
-0.00524957034747134 -0.00364811383178253 0.999979566429553
-0.00427926660430015 0.00631998643144402 0.999970872400209
0.000521821722005932 -0.00186436793886129 0.999998125915383
-7.33093322197015e-05 0.000349828578985174 0.999999936122852
-0.00470109126933995 0.00327385904421848 0.999983590659285
-3.54118072933664e-05 -0.00050898443594963 0.999999869840415
0.00158628868616033 -0.00157230488177753 0.999997505769671
0.0172736111328396 -0.0107314349347495 0.99979320794986
-0.0239066937903429 -0.0100591678226447 0.999663584979833
-0.0107978141424454 0.004366236945296 0.999932169291839
0.00136414433698754 -0.000785166023604638 0.999998761311504
0.00530312669545478 -0.00724957276965209 0.999959659457275
-0.00393137385934376 -0.00104588805558921 0.99999172517464
-2.66789298745432e-06 -3.57655338542959e-05 0.999999999356854
-3.37698103021135e-05 0.000459667410332435 0.99999989378273
-2.50598704919681e-06 -3.47586846911861e-05 0.999999999392777
-3.87743594971991e-05 0.00053298591148817 0.999999857211273
-0.0024585144059327 -0.00728914139961357 0.99997041162455
0.00491159027685639 0.00807582849783338 0.999955327639703
0.000898539617536859 -0.00237702355858253 0.999996771187566
0.000266989276262784 -0.00148336244918243 0.99999886417564
-0.00117937412021443 -0.0100920590446604 0.999948378378066
-0.00162259840957172 0.000523136885538058 0.999998546750044
-0.000969622218105701 -0.00162727898417517 0.999998205896322
-0.00339646998136699 0.00573002605753296 0.999977815150439
-0.000621187711561983 0.00429535731701083 0.999990581971324
-0.00170503366134562 0.000998591576650865 0.999998047835633
-0.000807810080687618 0.00124116906686201 0.999998903470509
0.0110551466059069 -0.0044041321275014 0.999929191169918
0.00441287182290141 0.0015627929891976 0.999989042060136
-0.00312364338642227 -0.00401302547351761 0.999987069155668
0.00258584546863619 -0.00215018119804237 0.999994345046025
0.00369309017892734 -0.00181434284479464 0.999991534586654
0.000483055792874522 0.00329175868258433 0.999994465475623
-0.00366879400040413 -0.00305520071209992 0.999988602784647
-0.00462950381827086 0.00723158008264635 0.999963135292449
0.00403724357061905 -0.0101198211190578 0.999940643180819
0.000228498090963151 0.0012628176300234 0.999999176539789
0.00199655673631781 -0.00783637058375291 0.999967301994057
0.00379455780822515 0.0088450059990169 0.999953682527305
0.000450477707705443 0.000851444231023375 0.999999536056171
0.000812016427352097 -0.000652691325591454 0.99999945731153
0.00781187276641982 0.013706184097107 0.999875549836767
-0.00823900136030301 -0.0125020433398322 0.999887902601544
9.64996107477036e-06 0.00139698955196793 0.999999024163059
-0.00227605773015028 -0.00695493054921314 0.999973223892652
-0.00329624195686879 0.00110754100706143 0.999993954052663
-0.000226753152536086 5.97721709037336e-05 0.999999972505147
0.02425420935189 -0.0274290480961714 0.999329465516379
-0.00812907611979104 -0.0027811615867145 0.999963090949695
-0.00716733547786972 -0.0124767616079155 0.999896474502199
-0.000856436920270853 -0.0105176560954163 0.999944321162964
-0.00120529355097286 0.0108769319169421 0.999940118016839
-0.000185332895444642 -5.94667240214487e-05 0.999999981057713
-0.00647568837909894 -0.00708975713620361 0.999953899339248
0.00107934434031313 -0.0011314279466079 0.999998777442551
-0.00293045154988039 0.00400070825666827 0.999987703317975
-0.00315531431520067 0.00599332582947157 0.999977061755456
0.0047844160818044 -0.00229529163295739 0.99998592040042
-0.00069766131315007 -0.00220848929694155 0.999997317918262
0.0069497060984048 -0.0116578165816122 0.999907894207109
-0.0131262592645212 -0.00750352198047469 0.999885692704726
0.00838365556772876 0.0038219266058109 0.999957552697284
-0.00862374394731378 0.0125150622794493 0.999884495457587
-0.00407579063061834 -0.0118720760503767 0.999921217767175
-0.0109791793748419 -0.00681704649836132 0.999916489261625
0.00439905612397966 -0.00805213457315177 0.999957904831015
0.00212776114250144 -0.00187216671465406 0.999995983804092
0.000609315337373414 -0.00120424623870418 0.999999089262493
0.000277494363606423 0.00075357855799938 0.999999677558066
0.00047034544349004 0.00231908628305425 0.999997200303069
-0.00394937277604566 0.00492440242708387 0.999980076159226
-0.0154763309448519 0.0131401933779846 0.999793888008161
-0.0125557642210539 0.00296710241301734 0.999916771080522
-0.010632955504976 -0.00673871276706776 0.999920761864395
0.01201038276778 0.00716173880627902 0.999902225321577
-0.00244495454606328 0.0042859396535391 0.999987826385179
-0.00414160190968098 0.00213269512172874 0.999989149313701
0.00646865989958084 0.0104302158725931 0.999924680681478
-0.00212029942698887 -0.0141146544458509 0.999898135241893
-0.00771182903019651 0.0208832942330095 0.999752177149411
-0.00089337713452942 0.000951323876861845 0.999999148429726
-0.00272632424737713 0.0126589314036748 0.999916155790982
0.00353101815479688 -0.00699315614464439 0.999969313368129
-0.00410536443981591 0.00154084525299971 0.999990385843145
-0.00186238495795192 0.00564309881265923 0.99998234332315
-0.00594557200068191 0.00722799580104258 0.999956202166017
-0.00771016151414189 -0.00735177064136398 0.999943250828697
0.00618689755853838 0.00635756778409896 0.999960651041065
0.000151372741503848 0.00160855576050509 0.999998694816478
0.00353118601279466 -0.000955685274899837 0.999993308673112
-0.000610917604244778 0.000518140056064958 0.99999967915523
0.000335416695377796 -0.00209198234377043 0.999997755550238
-0.00177952743710382 0.00268475210836313 0.999994812680654
0.000195480182775511 0.00162603461851365 0.999998658898559
-0.00156601933221334 0.00526121180516134 0.999984933503397
-0.000670971753535898 -0.00128138277102263 0.999998953927003
-0.000725333842156566 -0.00180216072082464 0.999998113051997
0.00788781090795801 -0.00910441004314187 0.999927443446197
-0.00160954793572132 0.0047692911812509 0.999987331528291
0.000399498501627681 0.00298222209653686 0.999995473365912
0.0377296407048064 0.0187427661553933 0.999112197367808
-0.00127045903190015 -0.000271521878028944 0.999999156104503
-0.00127607362427659 0.000857867763760345 0.999998817848804
0.00908911440619299 0.00747819228421708 0.999930729920564
0.00119274156097548 -0.00153755522823567 0.999998106643952
-0.00605181998773956 -0.00521630531121027 0.999968082307499
0.0113979913581181 -0.00481093765980014 0.999923467407298
0.00350013783705616 0.014194230058377 0.999893130723565
0.0106295389120615 0.00790134097406221 0.99991228700988
-0.00315664698177694 -0.00667817109413642 0.999972718433193
0.000601931623900266 -0.00483108557041455 0.999988149075044
-0.000433741784926031 0.00106050841953195 0.999999343594763
-0.000978514992681727 0.00030385040989065 0.999999475091531
0.0111270461515661 -0.0136543426030546 0.999844861852087
-0.0022693171072269 -0.00155664964273922 0.999996213513709
0.000296210117528135 -0.00180355615506071 0.999998329720986
0.000855164862769403 0.00211853270984676 0.999997390252702
0.00624521901932948 0.00200879698387343 0.9999784807555
0.00390761607587981 -0.00195022441102188 0.999990463535203
-3.5090759980166e-05 -0.000541757590771368 0.999999852633665
0.00166810379502338 0.00242034672248672 0.999995679666403
-0.000247516027426969 0.000298118726608341 0.999999924930518
-0.00098885842081049 -0.00110454612795957 0.999998901067834
0.00645281882654329 -0.00160250194967847 0.99997789631406
0.00260981904620278 -0.0072702207544218 0.999970165922328
-0.0037163526465848 0.00207228539574037 0.999990947137145
-0.000101587959348522 -0.000228248789312122 0.999999968791188
-0.00243264955291609 -7.48759565505748e-05 0.999997038300486
-0.00153665321060641 0.00504383742395866 0.999986099103858
0.00151942648604572 0.0014892790526756 0.999997736692967
0.00296336989569834 -0.00599984849352572 0.999977609877799
-0.00772123212454496 0.0210938307072352 0.999747684608758
-0.000725297308488948 -0.000121795005719062 0.999999729554859
0.0019237509946876 -0.000434429844096471 0.999998055224519
-0.011793426808292 -0.00790892084459763 0.999899176944952
0.00010481507210586 0.00423118908105628 0.999991042986267
-0.000304599602525559 0.00239826208017302 0.999997077774769
-0.000314564531370524 0.0396940678662056 0.999211830407041
-0.00584369365431257 -0.0112059896608905 0.999920135330915
-0.00119242834293796 0.00039046574386134 0.999999212825265
0.00029273026309726 -0.0112277632840388 0.999936923831014
-0.000394057901284851 -0.00140783527230076 0.999998931358537
0.00339819496331518 0.00724197463143943 0.999968002525295
-0.0042161810958267 -0.0118536530178954 0.999920854231523
-0.00157105818247611 -0.00202896266879832 0.999996707537918
0.00176173407745965 -0.00135650785184672 0.999997528086689
0.00363717150963577 0.0129054354761655 0.999910106318853
-0.00383897406020248 0.00176742619737372 0.999991069201521
-0.00396243365986681 0.00427235475479523 0.999983022908059
0.0175414032857241 -0.0306380648198833 0.999376609769741
0.00300282182210013 -0.00525902121394258 0.99998166271036
-0.0011625337351241 -0.00397494755733613 0.999991424116843
0.00283118401724151 -0.00237280010228567 0.999993177085092
-0.000168529843084272 0.000899108834847416 0.99999958160041
0.00285060451415163 -0.000626605261154995 0.999995740700805
0.00510942323640251 0.0104516320110933 0.999932326301383
0.0126937045627928 -0.00325033160580551 0.999914148919258
-0.0215074415683866 0.0134967185262628 0.999677582296515
1.63275300754797e-05 -0.00197052591204265 0.999998058378636
-0.0233761141613316 0.0337514490339991 0.999156843030573
-0.000571270420882563 -0.00236804605897575 0.999997032999583
-0.00102482895705737 -0.00156978868892581 0.999998242742997
-0.00583634915240683 0.00211526405947835 0.999980731157621
-0.000156848354038316 0.0050855410032982 0.999987056251879
0.0210183294631192 0.0085160774299314 0.999742820055132
-0.00571576576762274 -0.00195524329310564 0.999981753356207
-0.00602563567507714 -0.0102167608307073 0.999929652282019
0.0109976841722209 -0.00996668782354572 0.999889851972044
-0.00938775173822967 -0.00512148028723105 0.999942818643631
-0.00188678590371856 -0.00123081956310124 0.999997462557859
0.0129714929839229 -0.00870474321324263 0.999877976462808
0.00309498111812891 -0.00251594872507993 0.999992045515309
0.00178688389798621 0.00123172810225412 0.999997644943136
-0.00203590653688244 -0.00887153853115924 0.999958574586299
0.0213530155368384 0.00550341863954876 0.999756850994661
-0.0218500357378824 -0.00469786747554786 0.999750221795142
0.0221271283637575 -0.00546077836790521 0.999740251310304
-0.0188670598849446 0.00422839707776351 0.999813059881421
0.00160923452461635 -0.00453244289174077 0.999988433595948
-0.00373847027599572 0.00128567938210518 0.999992185403727
-3.5647796053297e-05 0.000555916250124108 0.999999844843167
0.00593566342923345 0.00304972271631922 0.999977733297601
-0.000542227412804454 -0.0122679755344667 0.999924598540169
-0.00436411857748391 0.00166163818348071 0.999989096654353
0.00120902212144778 -0.00126897550135055 0.999998463982164
-0.0112472484238752 -0.00529352656995089 0.99992273600481
0.0172284110729915 -0.0110309187085732 0.999790728444881
0.00252182325164601 -0.00217145927095115 0.999994462570729
0.00555623789780646 -0.00395532262738591 0.999976741551191
-0.000258170145186181 -0.000354933430023933 0.999999903685214
0.0108407083436202 0.00609414109126282 0.999922667253307
0.000186620426337108 -0.00210475433976554 0.999997767588501
-0.00165813582709193 0.000812921038078973 0.999998294871029
-0.00336701289767481 -0.000744429324133449 0.99999405450689
0.0219316965294446 0.0136034397777067 0.999666918084996
0.00106052953477732 -0.000662745200444828 0.999999218022647
-0.00688238338246126 -0.00956618063234596 0.999930558082453
-0.03434172596366 -0.0110308466654625 0.999349271415995
-0.00522629862265958 0.00121084684599172 0.999985609722771
0.00951435609507735 -0.00860008473786579 0.99991775440313
0.00366339202585571 -0.0108071519529357 0.999934890393135
0.0118533682599476 0.0145683099078806 0.999823615447906
0.0182016573945378 0.0110577084085952 0.999773187654501
0.00637986477632044 -0.00157854426868644 0.999978402528488
0.0118707741924062 -0.0034189383452462 0.999923694879096
0.00100188217741278 0.0034599834756082 0.999993512352181
0.00150137033021529 -0.00105257069005357 0.999998318989624
-0.0021146724408992 -0.000316636785749632 0.999997713948194
0.00328005159135014 -0.00201279400190007 0.999992594933515
-0.000569560623320388 0.0108670309731916 0.999940789866342
-0.000892280305331997 -5.20036037045646e-05 0.999999600565661
-0.000863867108709782 -0.000596964551733165 0.999999448683319
-0.0125348225406243 0.00297563159680682 0.999917008476441
-0.0104145497616854 -0.00203619556483673 0.999943693945256
0.0112387367678515 -0.00253768595477781 0.999933623269994
-0.000861607714207121 0.000256692121611879 0.999999595870569
-0.0182530229590763 -0.0113493574931527 0.999768982934232
0.00401051214472603 0.00770042250781834 0.999962308932461
0.00182143500719253 0.00741632810148156 0.999970839800844
-0.00419171476428758 -0.0191876025891427 0.999807114114626
0.000887568385860094 -0.00320186067577698 0.999994480140052
0.00884333096901838 -0.00703480750435918 0.999936151452056
-0.00464594371324677 0.00902042664021336 0.999948522230141
-0.0306981435577386 -0.00749739234010075 0.999500581835852
-0.00316718586980708 0.00140796946490627 0.999993993259786
0.000351749163803971 0.00100702261970256 0.999999431088823
-0.0102501139954128 -0.0143900805319131 0.999843918191918
0.0126056360349974 0.00548541029402729 0.999905499641871
-0.0011254076130424 -0.00152733300642429 0.999998200354177
0.00161839561927394 0.00175312209162468 0.999997153675225
0.00737787209840925 0.00219642472174879 0.999970370921929
9.49941859731488e-06 0.000163818135465705 0.99999998653669
-0.00213082061457828 -0.000197578428457609 0.999997710280515
0.00259868234510959 -0.00639444597428098 0.999976178671648
0.00388107933216657 0.00145771311313835 0.999991406110921
0.000217558461533631 -5.78621089856866e-05 0.999999974660146
-0.00318496287055772 -0.00719893015388015 0.999969015228048
0.0166310205020419 0.0141552101039453 0.999761491148751
-0.00144197728630253 7.18220505709524e-05 0.999998957771006
0.00334510452613049 -0.00138782465356826 0.999993442087717
-0.0165332284976817 0.00629658991742284 0.999843490407801
0.0167235703690397 0.00739280517076454 0.99983282033839
0.0100786095563951 0.00436110763737908 0.999939699366709
0.0129785543539876 -0.00104351276721348 0.999915230511059
0.0106321026144336 0.00130237663331447 0.999942629458861
-0.0144762928300283 0.00129137602687392 0.999894379069038
0.000600292552402338 0.000555149878767967 0.999999665728676
0.000342005541878204 0.00190310590438348 0.999998130608316
0.00573628043539714 0.0107393601428819 0.999925877868199
0.0028804669558335 -0.0049523927492345 0.999983588223414
0.00110073533625908 -0.00244969217323688 0.999996393688485
0.024457472072874 0.00853029002280745 0.999664476818063
-0.00249615683441869 0.00485917511383293 0.999985078697813
-0.0341185820229768 -0.0145029874700857 0.999312556568356
-0.000276231630231332 0.000316452094920064 0.999999911777075
0.0031948736592008 0.0162198553233523 0.999863345200529
0.00229662927775843 -0.00399354099454446 0.999989388505841
0.00269292166372015 -0.00229261037698843 0.99999374603573
-0.00221544406306114 -0.00336327999053559 0.999991890044769
-0.000216749020322206 0.00137517570556717 0.999999030955351
-0.0022637124338193 -0.00526472445495005 0.999983579006391
0.0038857413962301 -0.00232537012098323 0.999989746781237
0.00101378145540733 0.00636786404997693 0.999979211061211
-0.000431771929746202 0.000480214574687238 0.99999979148346
0.00238434664084757 0.00142838466508756 0.999996137296712
-0.0028240962713679 -0.0108697255447448 0.999936934784805
-0.0017763954048869 -0.00243467497634147 0.999995458378249
0.00152296287401459 0.00444020747287317 0.999988982510149
0.000652517746388311 0.00230975401464167 0.999997119624343
0.00675909841102002 0.0127772721769242 0.999895522494419
-0.00111141210125567 -0.00187479795137954 0.999997624945071
-0.00286848260624774 0.00464167587537236 0.999985113215495
-0.00709616645483033 -0.0088556605204837 0.999935608776081
-4.62800774153599e-06 -0.00066160860936543 0.999999781126291
-0.00996784051270101 -0.00510820600105222 0.999937272226095
-0.0108834269650432 0.00276306126632401 0.999936956267712
-0.000892031345922332 -0.00500881594075279 0.999987057937726
0.000920675125064968 0.0055393020534611 0.999984234120756
-0.00323923819116569 0.0111747428029113 0.999932313938913
0.00090885775080523 0.00826369175802251 0.999965442090934
-0.0241018523448437 -0.00630243990030084 0.999689641821326
0.0073745050832296 -0.00288868179371771 0.999968635604273
-9.81681744310035e-07 -0.00377879833776295 0.999992860315592
-0.00147163587949919 0.00103478916020933 0.999998381748307
-0.000850738417943144 -0.000978493025519639 0.999999159397418
-0.0241241094839192 0.0210904209170095 0.999486478891611
-0.0197328198018034 -0.0089469519996769 0.99976525638401
-0.00450921861666577 -0.0087811359806649 0.999951278112267
0.00138038949536533 0.00557149094763506 0.999983526371041
-0.0085511057414429 0.00395084779169324 0.999955633711979
0.0045925379856217 -0.00904127053021481 0.999948580689052
-0.00814397098831063 -0.00968299332774221 0.999919954484736
0.00623904235005595 -0.00634998326789804 0.999960375246465
-0.000210620334876588 4.33022767225662e-05 0.999999976881993
0.00278248478969372 0.0077655792181514 0.999965976200091
0.00517995631399951 0.00907897921296348 0.999945368602223
-0.0131153774698325 0.00516604423450983 0.999900644494637
0.00260154182379972 -0.00112414871124312 0.999995984126843
0.00204584030220604 0.00197145203076951 0.999995963949029
-0.0043090212904106 0.00144001986558551 0.999989679285894
-0.00444813567456441 0.00152227642194825 0.999988948320688
0.00105394283963231 0.00288389905070203 0.999995286154268
-0.000369012382407671 -0.000769485675935716 0.999999635860762
0.000514743278314692 0.00244906709272086 0.999996868549964
-0.00133273004513809 -0.00392961366663946 0.999991390946471
-0.000309769112946793 0.000327578639347266 0.999999898367661
0.00214518920281752 -0.00568123498709551 0.999981560696149
0.00453321658938402 -0.00886172724846174 0.999950458641591
-0.00428836264122783 0.00875384616637732 0.999952488932926
0.000170419799394534 -0.0105880844163529 0.999943930140828
0.00352189442245465 -0.0014520931621303 0.999992743816237
-0.0097672040432327 -0.00474760892846025 0.999941029228544
-0.00615422991431761 0.00228600684289648 0.999978449581228
-0.00420861230645235 0.00962154759178523 0.999944855181721
0.00985313175233672 0.00448110575017734 0.999941416026922
0.00533958534448247 -0.00118537059711087 0.999985041750574
-0.0040417551489029 -0.00677627511494411 0.999968872670986
-0.00459179660782485 0.00176083566911023 0.999987907357713
0.0110168501602655 0.00492225880548782 0.9999271975403
-0.00273994571484478 -0.00578593000082836 0.999979507645784
-0.0103632103302853 0.0111563652328629 0.999884062972524
0.00751543680747036 -0.00301719615047963 0.999967206830795
-0.000568309293392334 0.00370702143292546 0.999992967483593
-0.000286837698033794 2.66993871376734e-05 0.999999958505638
-0.00313133486167454 0.00339385437696131 0.999989338190389
0.0171227887649557 0.00484973610487381 0.999841632542186
-0.00526976990454937 -0.00814582713246381 0.99995293640525
0.000779187253913017 0.01065250991013 0.999942956822957
-0.00143167792946036 -0.0054045219171986 0.999984370598437
-0.00671423915841364 -0.00213422320325888 0.999975181733948
-0.00463595028347928 0.00668218353920359 0.999966927647169
-0.00366983854514761 0.00122300834770136 0.999992518239829
0.00361876753002252 -0.00754249537218548 0.999965007030308
0.000237175572078634 -0.0123351985937392 0.999923890415366
-0.00364574179240696 0.000815820501355958 0.999993021477496
0.0108258122961561 0.00622397505246331 0.999922028921593
0.00690753009190774 0.0102583815325481 0.999923522893807
-0.000227661812675733 0.0009148193407505 0.999999555637738
9.71106680492336e-05 0.00105589284910244 0.999999437829747
-0.00237089447428171 0.999997172370584 0.000184689546775684
-0.280775297426725 -0.000241719644270374 0.959773501367144
-0.00494313389523679 0.999987343018385 0.000937672824136077
-0.273428072932433 -0.000297353471996198 0.961892405892348
-0.00701790146670859 0.99996089939553 0.00538040324576413
0.00177661698569038 0.999996596066768 -0.00191088643382699
-0.0154588179963563 0.999811128064584 0.0117785034864261
-0.279853531570361 -0.000305229438618622 0.960042659313943
-0.285251873054923 -0.000262273361725901 0.958452554971472
0.00389577596867271 0.999987768754902 -0.00304717413275204
-0.00250171886803674 0.999996506023968 0.000854015551356061
0.00424776522804431 0.999987235613707 -0.00273589112066912
-0.427061687740783 -0.000425899760086782 0.904222391601418
-0.026833827984926 0.999569150246239 0.0118936769624425
0.0075794334368654 0.999951848855895 -0.00623314996237242
0.000540699075435118 -0.999996774973713 -0.00248146865466553
5.08860045767459e-05 -0.999979907398894 0.0063389438485082
-0.263528486728183 -0.00022013872166675 0.964651589031862
0.0281767237291527 0.999561105775948 -0.0091470246449444
-0.275819103591314 -0.000310912513395654 0.961209511723377
-0.411029011114044 -0.000488484706606012 0.911622133016363
0.00683295633804746 0.999960586494767 -0.00566887684855394
0.0473621144294171 0.998757839689241 -0.0154792692351897
0.0248655734399303 0.999658795971534 -0.00799968088402602
-0.015576331928317 0.999874743037185 0.00280644258475809
-0.273793509269071 -0.000301566082206969 0.961788450408938
-0.0296906386201568 0.999519118934084 0.00894409657596183
0.016284729528828 0.999647403690457 -0.0209732181389087
-0.0688333933197729 0.997383071311244 0.0221127344721356
-0.0059450100049038 0.999944148199804 -0.00873826853621033
0.0430511852973843 0.99887695955859 -0.0197842135925897
-0.00894559503561366 0.999953158969826 0.00369542903132394
-0.0191670363643168 0.999739951034039 0.0123553641575827
-0.0111199599253288 0.999935262338169 0.00241197511525098
-0.269682799253268 -0.000331892453565468 0.962949156308016
-0.000107678785793393 0.999807326124504 -0.0196290354589395
0.0137570035141031 0.999224985194237 0.0368805344035402
0.0100608383868246 -0.999666986971393 0.0237633055464042
-0.0251118189440461 0.999223939618156 0.0303465820693788
0.0206563398728114 0.999764526184348 -0.00664889512973071
-0.411335822311757 -0.000481237006394951 0.911483740773282
-0.264929605231125 -0.000336963446320182 0.964267696611121
-0.000429897504603944 0.999999814908334 -0.000430547829447265
0.00192148767404433 0.999997953635209 -0.000632938000120741
0.00202924075478987 0.999583985505702 0.0287704379962461
-0.00421844191874089 0.99999002767245 0.00146605028263959
0.000414936888243218 0.999999695509154 -0.000660915257728939
0.0013634287358526 0.999998896278237 -0.000590342603488477
-0.0129702244553881 -0.999608607399291 -0.0247872001409282
-0.0330003802484604 0.999405775189613 0.00995346276964947
0.0198868763425674 0.99941288392414 0.027899813543617
-0.256529879323323 -0.000372331066938126 0.966536229214373
0.00237351183020774 -0.999915531885436 0.0127787141707362
0.0126596563350564 -0.999625837349435 0.0242470287853839
0.00404417546594805 0.999945795807659 0.0095942738853806
-0.0158117888558566 0.999098250614409 -0.0394039712770949
0.00132466164722076 -0.999982783747341 -0.00571642199630397
0.0216870195119194 0.999608124552909 -0.0176994494972235
0.0140635990040996 0.999769260172419 -0.0162370439842306
-0.0124785905312726 -0.999508708593889 -0.0287511082104687
0.00916146894805991 0.999899450635127 -0.0108238674366013
-0.00641940970148516 0.999959665329998 0.00628163133300645
-0.977564674211911 5.07524000853793e-05 0.210635479340862
-0.0215158493412198 0.999511997038993 0.0226458826776612
-0.956536127442886 -1.97926824014853e-06 0.291613848938369
0.00638731190694774 0.999973224219612 -0.00357114693573394
0.0162206972126445 0.999860960482877 -0.00386635282844361
-4.04326268415518e-05 0.999999894163686 -0.000458298832314418
-0.00405031378514545 -0.999938974581382 -0.0102782328917252
0.000385769258089023 -0.999996774352975 0.00251047121583472
6.0352465012199e-05 0.999999830416798 -0.000579244297129688
0.000741262744142384 0.999999430806758 -0.000767408433284779
-0.98847583745109 8.14705316144543e-05 0.151378704373892
-0.975327910444851 1.75166294730612e-05 0.220761107988814
-0.986897528064854 6.21993973079641e-05 0.161348273094931
-0.0116511743766786 -0.99969446822548 -0.0217995489636453
-0.959465517222126 7.20863291963007e-07 0.28182604787556
0.278763310460437 0.000625297134808801 0.960359633546012
-0.278746606485747 -0.000178985711842592 0.960364668934044
-0.0165014253691404 0.999751543055627 0.0149851632850523
0.00388001614296877 -0.99960061559799 0.0279920483503733
-0.307148943872529 -0.00017373745667926 0.951661439847852
0.00540159972208854 0.999961084206265 -0.00697515544445219
-0.00419089356645212 0.999981667399494 0.00437050066264032
-0.00144225709368958 0.999998943024489 -0.000183968422560207
-0.988663364681181 5.85527663344942e-05 0.150149085607806
-0.00725965428757382 0.999969105668823 0.00301415452805223
-0.259814565466402 -0.000159483507119872 0.965658514246375
0.00170078697944476 -0.999969404951748 -0.00763521342839146
0.00936322131225439 -0.999619270687172 0.0259546480905614
-0.846259901880602 -0.000170036057885153 0.532770259639906
-0.0238987419092074 0.999661905134242 0.0102433177503173
0.0106836103704953 0.999637194061625 0.0247253052165646
0.0116729967966806 0.999925164963282 -0.00366136845143534
0.0195862845551612 0.999752297385965 -0.0105698310681607
-0.00841303592442429 0.999662131969831 -0.0245935506193678
0.0171333096321872 0.999683182793862 0.01843864800307
-0.0168755184378472 -0.999700053322387 0.0177488102325161
-0.00646309874134391 0.999688665417615 -0.024099804775288
0.00465073863941936 0.9996567584461 -0.0257824731774086
-0.677208044468701 -0.000251604738196911 0.735791547384131
0.0163568100529971 -0.999719788966017 -0.0171113504619557
-0.0107569749044082 0.999622162554188 -0.0252946559848965
0.0186662334596658 0.999676960645835 -0.0172495241190699
0.00643860766841608 -0.999846591537642 -0.0162891903375482
-0.314849868866302 -0.000182572483977578 0.94914146824494
-0.00786005398747773 -0.999597691100822 -0.0272520732645914
-0.269505623086201 -0.000382103294189523 0.962998739937904
0.00652884303473649 0.999683648223552 0.0242894562120374
-0.392341947241233 -6.93250256326167e-05 0.919819434252723
-0.434630353272573 -0.000258446496096984 0.900608899145221
-0.851663433044282 -0.000149605687117444 0.524089090168232
-0.999748075399004 -0.000504621083543308 0.0224394985137771
0.00847271481448609 0.999659273416156 0.024689069985647
0.00322782670215173 -0.999668736812375 -0.0255342470954628
-0.912963457994746 -1.17716611960495e-05 0.408041326617421
0.00489593522397792 0.99968525883114 0.0246051436492246
-0.00447244613889571 0.99966772067789 0.0253859303593068
0.00759342261420054 -0.999759400370081 0.0205786613913006
-0.937285734180538 -1.93986160152531e-05 0.348561977452137
-0.684019570683311 -0.000228605270810105 0.729463621205231
0.00690849219022219 0.99996211897307 -0.00529465339236127
-0.775610692474252 -0.000226981737836216 0.631211535223257
-0.0210010076287018 0.99963522290763 -0.0169817196123155
0.0206777000006782 -0.9996456732242 -0.0167618831525015
-0.798463447966846 -0.00011711808551933 0.602043277966169
-0.999112294848678 2.5198304677358e-05 -0.0421262584055682
0.0150046751503433 -0.999665426367483 0.0210688169850707
0.0119399340599408 0.999719793406119 0.0204394874366069
-0.966023539624163 -0.000161493158672798 -0.258454047776316
0.0031570873362596 0.999709359991228 -0.0239003837935649
-0.0156890525375244 -0.999629424416797 -0.0222456168855495
-0.573957672239477 -0.000202516193124774 0.818884942751198
-0.56353497387946 -6.61176953721486e-05 0.826092203596625
-0.013548011681484 0.999647391499974 -0.0228373388724879
-0.00482287039670852 0.999685168538695 -0.0246232354676867
0.0182820409394829 0.999742999880823 -0.0134052664419589
-0.011480990632328 0.999672676481829 -0.0228632182720773
-0.0183322907096606 0.999757120098332 0.0122322495897757
0.0184270083840777 -0.999583881819726 -0.022192534064874
-0.0168412708944359 0.999651339295958 -0.0203364558971988
-0.00168969632973777 -0.999631707280666 0.0270849538573373
-0.718817540914881 -0.000186307369800425 0.695198754431168
-0.453138692660182 1.21611965528704e-05 0.89144002886696
-0.759612953470521 -0.00016361175091753 0.65037537941637
-0.00515857035135388 -0.999852395650832 0.0163882904301149
-0.000333372157944508 0.999728383577837 0.0233033888490202
-0.0883158419061454 -0.000296215883015175 0.996092477797398
-0.0874474266629088 -0.000384467971743293 0.996169061833589
-0.000459346763550203 0.999689435331478 0.0249162976218585
-4.51218799489822e-05 0.999999880178538 -0.000487449408031717
-0.100088646938434 -0.000360986003581555 0.994978458280951
-0.0161728782111886 -0.999670864015828 -0.0199148599847972
0.0155647533210085 0.999686642687215 -0.0196049709721889
-0.968324096612699 -0.000159215635632429 -0.249696653100482
0.0142281828773839 0.999678025158839 0.0210096365159248
0.0793068536368518 0.000481955416708577 0.996850134516317
-0.0806700857419864 -0.000291997723107442 0.99674081485796
-0.581385994319742 -0.000209921733753611 0.813627851994823
0.0109428312802185 0.999664719597193 -0.0234670585340084
0.00903958182931706 0.999701989953457 -0.0226763586902526
0.0118204445290777 -0.999747088681413 0.0191320611585155
-0.0170989125496665 -0.99968472152604 -0.018387080709627
0.0115973738265812 0.999661328712311 0.023296540461282
-0.950633657498966 -0.000356851395073913 -0.310315197641398
0.00489289362855397 0.999686202142905 -0.0245673937778216
0.00780582514389391 0.999664538881079 -0.0246957242757198
-0.0251316769498571 0.999665237702398 0.00614909286779871
-0.00513862283843914 0.999652774596195 0.0258442410887338
-0.712481609653115 -0.000185491212125231 0.701690759166113
-0.0871908053383858 -0.000395601512095279 0.996191551341351
0.00845473856130923 0.99965507000338 -0.0248648026816549
-0.270117758214649 -0.00026701891353513 0.962827256260432
0.00156330044796821 -0.999678360097003 0.0253126933667154
0.0182426562118838 0.999711879978873 -0.015600080879335
0.0172788472420449 -0.999683899367391 0.0182631537143825
-0.00160261381211828 0.999690602506592 -0.0248219839855177
0.0106702599196301 0.999707755722377 -0.0216921345601377
0.0120647364207671 0.999666233368962 -0.0228443427791095
-0.0079588183999429 0.999677942064694 -0.0240970819597397
-0.0226178901149777 0.999666938085515 0.0124275478465646
-0.0127075805081478 0.999670532974634 0.0223011860635148
-0.0199236225589346 -0.999668800673236 -0.0162892057714287
-0.0906821204360337 -0.000239773425309346 0.995879859994131
0.0853014833824005 0.000440430265361557 0.9963550887881
-0.258413086791548 -0.000235137013386446 0.966034482451558
-0.000349405487467009 0.999683314010216 -0.0251624642147346
-0.0121449658620853 0.999665876970342 0.0228174105745007
-0.0192623604253324 0.999587880705716 -0.02128450650354
0.00151061370884496 0.999674572201035 0.0254650297643584
-0.00789201283197367 0.999664998557544 0.0246496813854957
0.00813464141939918 0.999682527479405 0.023846841748258
0.00968752413226229 0.999682813109427 0.0232470438940077
-0.0898774404927088 -0.000298778322442841 0.99595278824952
-0.00670044212710189 0.999682090861918 0.0243068156130173
0.0270270829759572 0.999564556106555 -0.0118420843315939
-0.00209895536372582 -0.999640254267487 -0.0267386692715815
0.0118049617869264 0.999706888814954 -0.0211371552753726
-0.0156461994829985 0.999680354358619 -0.0198591427600815
0.00325136492013747 0.999680535899086 0.025065010885147
-0.908882205336485 -5.73467282616436e-05 0.417052914549269
-0.439755649962884 -0.000258812462233074 0.898117420687201
-0.0870673430991326 -0.000363442291125693 0.996202361809767
0.00871985852587862 0.999664613193316 -0.024384937899168
-0.00188577408946893 0.999678061808693 0.0253025017438536
-0.0944139675935541 -0.000321757919270197 0.995532972429886
-0.0896060989171298 -0.000303879558574218 0.995977236032063
-0.0129299013398195 0.999580856055182 0.0259023137833919
0.015052124893508 0.999683371757835 -0.0201640711929871
-0.0192929216874361 0.999719054819643 0.0137693356151104
0.0215667493842453 0.999608461045798 -0.0178269438392859
0.00650675817381443 0.999687105490278 -0.0241527061535089
0.00853946710822934 0.99957521317087 -0.0278652241318278
-0.00844265484574887 -0.999596638199665 -0.0271160926219933
-0.00909202227474904 0.99971553540248 0.0220495670226878
0.00278016891614415 0.99966217931319 -0.0258417861534474
-0.000269006378059701 0.999687121891956 -0.0250117164334117
-0.0156734963274964 0.9996743488945 0.0201379660151939
0.00183981120189796 0.999678639408641 -0.025283057663755
-0.0121333307536694 0.99970733719112 0.0209289811281339
-0.00260628237682673 0.99966653300194 0.0256910507386177
0.0140084535363077 0.999666997392151 -0.0216715840326141
-0.0986280437567083 -0.00030221181260284 0.995124322711863
0.0904723232632915 0.000458520934281962 0.995898864585102
0.00141329572217921 0.999670366001717 0.0256351698491351
-0.396017182047616 -8.53866622409041e-05 0.918243096479458
-0.00913813546463533 0.999656911915041 0.0245469537970484
-0.769048551552089 -0.000247785664011469 0.639190319042692
-0.0897367120626507 -0.000304502753899323 0.99596547620199
-0.260555901279369 -0.0003424654345747 0.965458701874877
0.00905694265809168 0.999661124400176 -0.0244050845657946
0.0219070530788271 0.99958700210489 0.0185985550072959
0.0163212840446131 0.999649186630124 0.0208595147802372
-4.07687002444875e-05 0.99999988411635 -0.000479692817073158
-0.0868689951796747 -0.000295406325436505 0.996219699871257
-0.632001271717116 -0.00030953991877305 0.774967287524439
-0.834292465726645 -0.000135126086414638 0.551322104919343
0.0167499179801477 0.999665965956883 -0.0196823970885542
0.0179943267950082 0.999669629140034 -0.0183531135838533
-0.998615706416939 -1.30852052937539e-05 -0.0525991513826584
-0.0862368386185372 -0.000378183710073582 0.996274592992395
0.00815042657314918 0.999677517742766 0.0240505938874348
-0.0882297612714148 -0.000378394010428957 0.996100078327455
-0.798595671516562 -0.000131386048379044 0.601867872686953
-0.000612920651830953 0.99967159189928 0.0256189905701636
-0.0112209320471548 0.99967351767059 0.0229553643426148
-0.0889175767014602 -0.000365945256233483 0.996038920242382
-0.0884238985431417 -0.000299706322108833 0.996082890297064
-0.00204570744746973 0.999670520615255 0.0255864279231149
-3.93499488417979e-05 0.999999912086036 -0.000417467963845043
-0.0853805923324447 -0.00037565322292105 0.996348339356079
-0.658830443447827 -0.000146311865329358 0.752291449758122
-0.00516193655449069 0.999681784159472 0.0246917968309992
-0.00174940716301006 0.999688259430253 0.0249062950253463
-0.0893857191009701 -0.000382022786694377 0.995997011681959
-0.871574720832171 -0.000109976662600377 0.490262678481093
-0.803722325684136 -9.79130195125921e-05 0.595004549234646
0.0163197803882672 0.999667912385378 -0.0199431621148233
-0.984660564877686 7.29765468914298e-05 0.174480848946752
-0.0847746272260173 -0.000398293352231267 0.996400072230575
-4.17392723222231e-05 0.999999902075257 -0.000440576111584297
-0.000872343436887316 0.999667984964874 0.0257518708678703
0.0180167991964179 0.999682696101974 0.0176040353613529
-0.0179629573923916 0.999637784869671 0.0200407390726309
-0.613540482169847 -7.48798880494884e-05 0.78966326439299
-0.00846546499584078 0.999962400414449 0.00187980312216921
0.407643687265326 0.000844774870953861 0.913140684992267
-0.407492936162056 -0.000346342461293223 0.913208293339984
-0.0036776342223676 0.999670540472784 0.0254024706943654
0.00332007826824894 0.99969236667401 -0.0245794445423181
0.00607753861822502 0.999665894356545 -0.0251229613037989
-0.606114232223273 -8.55548584856088e-05 0.795377602259932
0.00464111324802598 0.999987544280563 -0.00183612405591429
-0.00315225667421352 0.999679280095221 -0.0251276784873102
-0.0894835976816877 -0.000308543326814288 0.995988248197215
0.0112479765205546 0.999675936069227 0.0228365029789422
0.0153406262961524 0.999666051996501 -0.0207954242700179
-0.00978513485935533 0.999678481359389 -0.0233919867213202
-0.00888851451184306 0.9997305435473 0.0214437545311911
0.00129733371486574 0.999666819078448 0.025779211756941
0.00363402857183787 0.999674452977902 -0.0252543441742353
-0.986227921484659 8.99246535545591e-05 0.165391894594645
2.40850440555988e-05 0.999999840472837 -0.000564335194839649
-0.00224109924351361 0.999666378741132 0.0257314727283938
-0.0919456920801887 -0.000297615351371706 0.995763978627967
-0.753777085868371 -0.000189188505348744 0.657130176622178
-0.0910293010413714 -0.000295707154283677 0.995848170610961
-5.17022995984402e-05 0.999676130100795 -0.0254486194826213
-0.704708180400479 -0.000210197529914661 0.709497241921097
-0.0886906801048659 -0.000367060030854487 0.996059149111874
-0.00117305110981839 0.99967304167415 -0.0255427817797357
0.00212747238916202 0.999673386321259 -0.0254675193573945
-0.000406281480365694 0.999999827281368 -0.000424702945843384
0.00658031769857344 0.999671306768017 0.0247785763051677
-0.00329285688777121 0.999992822611197 0.00187398495423
-0.00840991546985487 0.999678556858466 0.0239176980323231
-0.0142637914401559 0.999671385017114 0.0212994420517713
-0.0870831658928989 -0.000378005611927666 0.99620097336322
-0.00143255172966558 0.999677180707229 -0.0253669503249628
-0.00206782830115561 0.999997395484332 0.00096597653630396
-0.711161011714321 -0.000189062812365712 0.703029145677984
4.9783532397131e-05 0.999670263235343 -0.0256780514171025
-0.0105365087453613 0.999663150988587 0.0237184851756645
0.00310827245305005 0.999669459885979 0.0255207682806021
-0.491138890724753 -9.55897376493301e-05 0.871081271110946
-0.0172096985345389 0.999663289686778 0.019419926080153
-0.87608150363078 -5.75718582244464e-05 0.482163038485441
-0.00102642841574784 0.999999440025169 -0.000257670441476317
-0.097556181384523 -0.000287434126654297 0.995229977872096
0.00923367170967662 0.999956446718049 -0.00135792995814833
0.0023483749405513 0.99966825698837 -0.0256488031879151
-0.0898130487961022 -0.000372964169910658 0.995958572011746
-0.62467379310701 -0.000327048883915207 0.780885744039631
0.021225160040955 0.999672811137734 -0.0142745666560146
-0.0169190288955355 0.999701868901564 0.0176045385043847
-0.0860066814572912 -0.000375091331056266 0.996294489622018
-0.000964799067522223 0.999999452813582 -0.00040439497556021
0.00334329938086464 0.999991995118947 -0.00219819182003395
-0.00549402556516694 0.999665011062372 0.0252919224409043
-0.00533082583722163 0.999985790641507 2.84775889119823e-05
-0.0891431360068471 -0.000372487465454747 0.996018756126587
-0.999487757641172 2.83132100508848e-05 0.0320034611219398
-0.0183043385489731 0.999671491154968 0.0179404838922464
-0.0159398880260411 0.999791904096642 0.0127306116321238
0.0136376870439245 0.999668894350483 -0.0218200632486634
-0.929355692288705 -1.87070201839297e-05 0.369185585932915
-0.558896081957343 -0.000108178646496591 0.829237696845791
-0.0093237988925856 0.999948269405815 0.00406513056697274
-0.0898713360210977 -0.000299642944652357 0.995953338854732
-4.60886960293698e-05 0.999999887320882 -0.000472476513862887
-0.904193530449075 -5.42936474291842e-05 0.427122999317806
0.00952070259526696 0.999663569245855 -0.0241268428255675
0.0221703805485661 0.999710361724193 -0.00936305973578206
-0.00387036884582029 0.999666861159918 0.0255183648315307
-0.0948674944275806 -0.000393608509122167 0.995489830974367
-0.00359702266044772 0.99999351363958 -0.000184680124670745
-0.72764218689115 -0.000282632083719112 0.685956826611829
-0.0884619954020758 -0.000299163105496107 0.996079507805938
-4.65337188535615e-05 0.999999885320329 -0.000476648657372654
-0.0885613589221189 -0.000369328459961145 0.996070654774227
0.000870133710718579 0.999999463318986 -0.000562342481087982
-0.0139631215933242 0.999720788245494 0.0190624443652264
-0.0193478119248586 0.999678407263726 -0.0163934201550305
0.00901739628634902 0.999718005248281 -0.0219680801758649
-0.0854955374084795 -0.000373918212567582 0.996338483281864
-4.54409019474123e-05 0.99999987386595 -0.000500203167364804
-0.0900435356769598 -0.00039800954424036 0.995937750700913
0.0109818165290362 0.999654192486466 -0.0238934122710372
-0.0904723263960576 -0.000375483533071727 0.995898899069881
-4.22598733254828e-05 0.999999890833857 -0.000465345438386712
-0.659502853734925 -0.00020466336766663 0.751702031411647
-0.103107038281432 -0.000325811619726014 0.99467021293674
-4.41260083179271e-05 0.999999869961409 -0.000508065015196734
0.00694159966957215 0.999959619022169 -0.00570740913772289
-0.972033784579102 7.56368479815715e-05 0.234841043933753
-0.830217085532993 -0.000136129437322472 0.55744019621649
-0.0865358993426683 -0.000373558345175727 0.996248663025009
-4.4228977293162e-05 0.999999883198604 -0.000481296765194859
-0.00892357014418574 0.999655287808569 0.0246916069191249
-0.00501636746918776 0.999669013037494 -0.0252329235336702
-0.00452049827551178 0.999672895598754 -0.0251727412202902
-0.0177148585974682 0.999368852098805 0.0307909278780176
0.00543960210830638 0.999671929555096 -0.0250288631083276
-0.00100259200758263 0.999667063697453 0.0257828735361146
-0.0155717300726835 0.999737681191732 0.0167955359521979
-0.86723603878764 -0.00012663393605272 0.497897215288226
-0.00098154942290326 0.99966677753626 -0.02579477565324
-0.477930726025319 -7.10832556522819e-05 0.878397527357678
0.003318995361169 0.999670062941556 0.0254705619925809
0.0110122782600208 0.999673913160737 -0.0230390336911977
-0.00405574756990983 0.999668448692617 0.0254272216363765
0.0296737269585943 0.999279891574027 -0.023646738129998
0.0124559950423243 0.999668565310987 -0.0225301512772996
-0.00629596956060242 0.999672342059555 -0.024810668843385
0.00572317842963501 0.999666760518772 -0.025171673416114
-0.0111052299218102 0.999667965120557 0.0232515242534285
-0.554853527480476 -0.000135817021971786 0.831948042005154
-0.00604561858739216 0.999668079252357 0.0250435983795916
0.00745305352092869 0.999667685436788 -0.0246773314333235
-0.9502311715048 1.76053752052075e-05 0.311545695509769
0.00508388846845826 0.999680555959425 -0.024757627404411
0.0121738459539425 0.999672579151831 -0.0225062650525559
-0.925895606275829 -3.31758865576648e-05 0.377779466327215
-0.00293919372380328 0.999675490319651 -0.0253036597040673
-0.550682701311619 -0.000137563215966507 0.834714647980075
0.461930024287517 -0.000134984405236406 0.88691636270899
-0.462073346846925 0.000129000112359865 0.886841702612508
0.0039180241136123 0.999669921148216 -0.0253909007040773
-0.016495236749143 0.999631587914354 0.0215544800080417
0.0007512368504546 0.999667076277122 -0.0257909334988956
-0.00275836113649944 0.999672097452077 -0.0254575925728696
-0.0112704836079574 0.999673404615742 -0.0229360045172307
0.0161536895813923 0.999720561022389 -0.0172585683643982
0.01894719303958 0.999673174238999 -0.0171624177447461
-0.969823436472211 5.12758808108405e-05 0.243808325206534
-0.0107643426840575 0.999662307366867 0.0236516417301687
-0.00570186899926865 0.999662898922257 0.0253293744151861
0.00295322499789964 0.999667205775254 0.0256272542346566
0.0206190251079973 0.999643970769829 -0.0169348016558983
-0.00586872363512408 0.999668382913334 0.0250735375712022
-0.928864932979726 -3.11100070873909e-05 0.370418594717838
-0.900221352873529 -7.35162546582896e-05 0.435432555542088
-0.953069820688542 3.66172598249186e-05 0.302750583074396
-0.0208624050097235 0.99966121612662 0.0155631947060062
-0.697407132154114 -0.000219684469272522 0.716675131254956
0.0180470456899453 0.999561333360633 -0.0234828659277095
0.00928274887208137 0.999667253595425 -0.024066837398336
0.00644410600972448 0.999671924636967 0.0247894451401785
-0.699605538755663 -0.000183699024255783 0.714529255102313
0.00726864835657872 0.999665647341238 -0.0248145174624241
-0.00439170834281148 0.999666096719082 -0.0254638561154139
-0.792595444371932 -0.000184506168954189 0.609747839289598
0.00411737852396749 0.999668585542671 -0.0254119317094704
-0.00746417273476774 0.999937939572005 0.00827061847010474
-0.00932547505352319 0.999862628331508 0.0137025538143388
-0.00611980891034772 0.999673345681543 -0.0248143078237381
0.0107049125332996 0.999664676044557 -0.0235783866366067
-0.00813078468890469 0.99967809522104 -0.0240332327325445
-0.000812961096815828 0.999664566971154 -0.0258861475818787
0.0138629627931108 0.999664166893712 -0.0218945584860149
-0.0138842619093269 0.999657900243295 0.0221655081692027
-0.0141923389893362 0.999683396587785 -0.0207770089454883
0.0208051264323122 0.999717021299883 -0.0115336047021525
-0.000746467151337151 0.999668523034144 0.0257349342630775
0.0186042800923548 0.999638956551515 -0.0193865238463205
0.462104868622899 0.000846733402779941 0.886824883185828
-0.462084413877548 -0.000337028834036599 0.88683588158295
-0.871789603924949 -0.000100430310752798 0.489880471546001
-0.0193557220594111 0.999675593699231 0.0165548598800596
-0.793031987705694 -0.00015498811155485 0.609179975421256
-0.606030538063296 -0.000212719243177134 0.79544135024855
-0.00747528158385811 0.999665281242748 0.0247678348488251
0.00819417104031252 0.99968383288381 -0.0237716181968349
-0.652539647533025 -0.000216848326470454 0.757754552196342
-0.754162381277247 -0.000165861761332501 0.656687958741523
0.00111168225322223 0.999666682568367 0.0257931759448719
-0.981605505544981 -8.54826897623676e-05 -0.190920465577927
0.00485100667067849 0.999671259724302 0.0251761834976582
-0.0025941105533456 0.999666251795688 -0.0257032218057813
0.019858052133667 0.999787815272621 -0.00547560022786925
-0.0122248065374067 0.999672556887593 0.0224796154536625
0.00432135257956845 0.999667825149927 -0.0254079765407944
-0.602673996555782 -0.00015469870841285 0.797987487335353
0.000965782043722397 0.999665422979759 -0.025847811585208
0.00906311369154886 0.999671916442864 -0.0239566159059486
-0.0108022346026482 0.999672233285343 0.0232107243722227
0.00585628028581601 0.999669214663291 -0.0250432672727366
-0.0219436531884422 0.999436861866847 0.0253857287958016
0.00476284137676272 0.999666072180071 0.0253980210664131
-0.994556190991409 7.55878467345803e-05 0.104201618255846
-0.0234854388626677 0.999664796152012 0.0108963065203328
0.00254418712763401 0.999666763224018 -0.0256883167427402
0.0140081834802852 0.999710599899771 -0.0195572810897316
-0.0215351697460575 0.999671870244147 0.0138704111899383
-0.75138651875249 -0.00014080512496731 0.659862318677867
-0.599326531930542 -0.000233364372286257 0.800504624387129
0.0104450800116488 0.999663992127253 -0.0237234725062209
-0.995482643241337 7.8281122443378e-05 0.0949436721288342
0.00973914724645651 0.999671667882695 0.0237003258109042
-0.00910774730787665 0.999672749645925 0.0239048646583114
-0.00242456125347194 0.999668013910497 0.0256511884124349
-0.00421449039562711 0.999668464110202 0.0254007860952255
-0.00822553412345593 0.999619500408679 0.0263285964511468
-0.827591288252445 -0.000164034465726675 0.561331125719349
-0.795227796779452 -0.000144126036713267 0.606310754033757
-0.705113670416446 -0.000170451990594927 0.709094269288623
-0.469909154448171 -4.67273423696337e-05 0.882714780879056
-0.649031663591954 -0.000201219587083888 0.760761368081831
-0.832743100073247 -0.000135571319006176 0.55365956227705
-0.619438324003846 -0.000171455423321313 0.785045306564114
0.020272974073626 0.999669161538767 -0.0158295290703712
-0.974450358369909 5.81308792780991e-05 0.224602973474432
0.00164434666839564 0.999699198047069 -0.0244705853645057
-0.0204383634808534 0.999761274663507 0.00772444052494022
0.014201304632573 0.9995880724924 -0.0249400937781233
-0.972218708797755 4.25303365218775e-05 0.234074305413467
-0.745271779626237 -0.000151979432587942 0.666760790235144
0.00317995054685842 0.999673060365848 0.0253704610383804
0.0183877388557667 0.999669177316811 -0.0179840758033868
-0.0194491655411962 0.999722929472986 0.0132587422367799
-0.881376642326155 -8.62007240877615e-05 0.47241423235473
-0.811281699996145 -0.000199444760830687 0.584655422854482
0.0227123981236826 0.99967854047308 -0.0112677721437742
-0.936496472999792 -2.34533151267837e-05 0.350676995979051
-0.00342991499081369 0.999686099852413 0.0248180870541315
-0.0197637447326023 0.999660836570931 0.0169589569387965
-0.0195494146153112 0.999607664695517 0.0200583416605815
-0.932243973301474 1.20020104786974e-05 0.361830311194395
-0.49975761791569 -0.000143496675603525 0.866165286041838
-0.908402118197616 -6.31284804635301e-05 0.418097581515224
-0.656026445570789 -0.000202518830546498 0.754737876151635
-0.0107940278324534 0.999709506778325 0.0215497336454456
0.0191864365927561 0.999683617503601 -0.0162648561563383
-0.264547691861375 -0.00027431973916752 0.964372564665492
0.017395760371868 0.99973014622594 -0.0153955268875342
-0.00955811072770253 0.999672540807729 0.0237371791571013
-0.932908840111114 -4.61703125518113e-05 0.360112612818322
0.00790876915235039 0.999647922597829 -0.0253274992121325
-0.00785748953245561 0.999673692357375 -0.0243057332088392
-0.00506183370120834 0.999823468990166 -0.0180944382629713
-0.0180321991434487 0.999684049411268 -0.0175111720550004
0.012056029750778 0.999703940550646 -0.0211348857143766
-0.897466816753233 -0.000115286263120632 0.441081964645911
-0.839334847164836 -0.000114836003100781 0.543614754350425
-0.476321641225812 -0.000236770378832541 0.879271083363792
0.0219625680607379 0.999674219566136 -0.0130038586202268
-0.00900270736629645 0.99969504177461 0.0229951018988359
-0.721203985584532 -0.000248065886390327 0.692722707611279
-0.00731719008901061 0.999660109290111 0.0250224823565516
0.026380499409175 0.999551249638924 -0.0141904403098867
0.0112672191227229 0.999677089505964 0.0227764459502869
-0.999971662420856 -0.000650865955218261 0.00750004858498737
-0.876801492871934 -0.000125133174616242 0.480852499670362
-0.805795389757784 -0.000205803362540089 0.592194011697245
-0.560595701872912 -0.000239182990683277 0.828089609784541
-0.00795223165179784 0.999683555112272 0.0238652812647349
-0.602574471075098 -0.000155772335201858 0.798062643245219
-0.869303871262757 -0.000125989351748596 0.494278022507846
-0.59536822657149 -0.000170274123190088 0.803452951824711
-0.0155982664051132 0.999679538480225 -0.0199377638946715
-0.492164893573272 -0.0001063148199965 0.87050198519657
-0.653498451870453 -0.000219954149260427 0.756927820220061
-0.552661379584089 -0.000286586565512961 0.833405853941734
-0.748109043716895 -0.000196041780020953 0.663575783371133
-0.519480427425042 -0.000257534228247266 0.85448231064102
0.00656336210674484 0.999677819617091 0.024518956818641
-0.0209917692924676 0.999668231579219 0.0149255617398268
-0.0127713365092334 0.99968122017772 -0.021779600266135
-0.478694108628262 -8.34426813976647e-05 0.87798174434433
-0.0198579577810589 0.999671255678004 0.0162185721914291
0.0126985123320365 0.999681906920845 0.0217906576232949
-0.767451032326104 -0.000212753950610152 0.641107532101561
-0.0108542860621579 0.999931141306157 0.00446061881887374
-0.845147738718197 -0.000134172422280166 0.53453276956355
-0.0199374485873782 0.999761639891751 0.00889727738030677
0.0104566408290485 0.999718899086938 -0.0212786623398512
-0.700417706467743 -0.00021095078204381 0.713733137780665
0.0205324499773457 0.999670311663596 -0.0154170839116046
-0.00201535344482568 0.999630029263839 -0.0271245819224606
-0.0186175603695048 0.999672744127 0.0175439760453756
-0.955696004591495 3.64304805162704e-05 0.294355474691185
-0.952920741554309 2.04456308506286e-05 0.303219491289003
0.0167968856871438 0.999681301338568 0.0188456993831564
0.0170924744836969 0.99966888641081 -0.0192344705722445
0.0128923643512745 0.999677080441351 -0.02189798579074
0.00490111273536617 0.999676127913255 0.024972352198328
-0.646393894798186 -0.000206839840482137 0.763003859744439
-0.0954282827126158 -0.000323921698703284 0.995436255082792
-0.575294788200661 -0.000291648920130368 0.817946099452808
-0.996880448785269 6.16868030018606e-05 0.0789263392310722
0.00153669573327872 0.999689310421384 0.024878126847534
-0.0168449002082196 0.999682304588583 -0.0187493794413068
-0.761774936687311 -0.000216519303337211 0.647841723690621
-0.66588142907805 -0.000156328006901284 0.746057570144911
-0.0222343807543026 0.99959845746969 0.017565766043348
-0.540290568098855 -0.000285896493862539 0.841478472859889
-0.835260903687795 -0.000124115473003931 0.549853805448318
-0.0146908088021071 0.999670780633053 0.0210359331916379
0.0237471581454627 0.999690861808309 -0.007365683741222
0.00782322801099977 0.999682948435988 -0.0239332344203103
-0.26603871720056 -0.000234537516018209 0.963962315623611
-0.864736994249768 -0.000143786602100705 0.502224959655819
-0.00640472520535485 0.999679278507635 -0.0245014207240688
0.00687125225005192 0.999673590924241 -0.0246068588232746
0.0157772989614673 0.999822874178462 -0.0102614378621957
0.0154962640741667 0.999679354638727 0.0200263253954006
-0.904477928263777 -6.94903877372677e-05 0.426520424428598
0.00303757076687674 -0.999619329385575 -0.027422061967877
-0.00334595718749619 0.999601861582409 -0.0280164753579284
-0.549106260363224 -0.000200726952905479 0.83575251991161
-0.0153461827687524 0.999817688747395 0.0113615114419317
-0.0100135681449692 0.99967917265431 0.0232654295941724
-0.0209939256488916 0.999672146608558 0.0146579118869725
-0.983238316839337 -0.000101085309914053 -0.18232499028029
-0.996040007400751 4.79264004862588e-05 0.0889061379218162
-0.00634145805259639 0.999667673475157 0.0249865667616379
-0.27130865237824 -9.19874421219145e-05 0.962492393052025
-0.593186187269526 -0.00016974517861693 0.805065288296059
-0.0236120049776103 0.999622293230308 0.0140621512549398
0.0081186095804435 0.999672701885831 0.0242606117557388
-0.840211982415737 -0.000141356952527245 0.542258060911251
-0.90145407739806 -7.45726402983698e-05 0.432874740290229
-0.00462247695117007 0.999683710435228 -0.0247206755023094
-0.00959639731969261 0.999673423728233 -0.0236844896494592
-0.00322742940125644 0.99968894246883 -0.0247305884485453
-0.47830884234628 -5.60315249379302e-05 0.878191692168532
-0.473082264790647 -0.000245087794560495 0.881018223802734
-0.789655456777099 -0.000159046058536558 0.613550514861248
-0.599550379581456 -0.000150131206442168 0.800337003895454
-0.706831582419607 -0.000193004415220498 0.707381846560604
-0.00698690322882681 0.999671101476488 0.0246753329472182
-0.999864460143407 -0.000650624061706217 0.0164510799178635
-0.992438863220357 -2.68934117509527e-05 -0.122739977377505
-0.034125576772229 0.999268541448645 0.0172576673122725
-0.0139835543841797 0.999623762082718 0.0235964930949342
-0.00952388137889684 0.999684399701998 -0.0232464336175899
-0.0217020447993904 0.999675566449947 0.0133335327090261
-0.0254683448275416 0.99959040148877 0.0130534540741285
-0.0139513023298495 0.999690281454883 -0.0206083072560045
-0.0168826729113837 0.999650156088875 0.0203602747244433
0.0222812741572055 0.999659881455222 -0.01355235148831
0.0948903401302048 0.000866986435860665 0.99548735385463
-0.0948856557736918 -0.000628833938206244 0.995487979282661
0.0214878767849846 0.999671790980462 -0.0139492461871148
0.0158590496847502 0.99967281732658 -0.0200686033753102
0.00997363763650072 0.999674672933174 -0.0234749834557372
-0.787018369871356 -0.000210356165073551 0.616929526960185
-0.541190498450051 -0.000262082206804966 0.840899979605364
0.0220538680048754 0.999701390452111 -0.0105241072846584
-0.547395687686407 -0.000259292791731566 0.836873881698774
0.0125211274740603 0.99968660395432 0.0216775284812993
0.278213593402858 0.000159222247401258 0.960519219533969
0.0214849771213443 0.999674915159601 -0.0137280646393
-0.00603408572316327 -0.999913916035372 0.0116511942861389
0.00973881015049367 0.999675367696903 0.0235438908618459
0.0216047916043709 0.999648617792835 0.0153581875430063
-0.0207006166776054 -0.999679724292742 0.0145579293566613
-0.278041504010956 -0.000219182604836539 0.960569036564427
0.0117895783279883 0.999664609178925 -0.0230580788010504
-0.0160943502287871 0.999673300817219 0.0198560702033131
0.0755016488856058 0.000543896862800993 0.99714552859237
-0.0755016549162728 -0.000368882849424085 0.997145608239011
-0.653689380728381 -0.000282012777323601 0.756762917954982
0.0140853431544505 0.999679703694076 0.021026010804378
-0.595348742271954 -0.00014877694797559 0.803467393825426
-0.0112257942266121 0.999680320954223 -0.0226547443341078
0.0130950475669794 0.99961065253216 -0.0246386499924005
-0.0173307722897411 0.999799863395812 0.009993872400467
0.00633425562025267 0.99966865277518 -0.0249491856459
-0.528223385211746 -0.000246879332546548 0.849105408277464
-0.0147403400492482 0.999869576748466 0.00659938391633309
0.0221472406489485 0.999706435048222 -0.00982565289495714
-0.998688542784754 4.76262246006468e-05 -0.051197580433122
-0.674333884242176 -0.000191774398624074 0.738426554090141
-0.0131778678250416 0.999680296582445 0.0215788883962937
-0.563618187218332 -0.000299463372455693 0.826035380209837
0.396006466779383 0.000814085544606393 0.918247360755061
-0.0204887433619884 0.999674713067519 -0.015188135133079
-0.259942712269497 -0.000323464993927235 0.965623985673707
-0.011805901193835 0.999669087659519 0.0228546685599533
-0.627126146218693 -0.000169309428945501 0.778917690172208
-0.993482246231372 -3.07252206963999e-05 -0.1139869531088
-0.39588935219908 -0.000348558739421085 0.918298153827066
-0.467892831456986 -0.000182332649348409 0.883785191676105
-0.0125689091717015 0.999687595570858 -0.0216040224030266
0.0188306452486334 0.999579770613157 -0.0220383524899076
-0.255890058337381 -0.000383756821799283 0.966705813975893
-0.703805471112554 -0.000198309543886195 0.710392722024487
0.0145939945457164 0.999665052935913 -0.0213728159547916
0.0133670029912702 0.999686393903399 -0.0211763329084413
-0.0119655825458138 -0.999740610357585 -0.0193787728244771
-0.681698017551651 -0.000155540326752269 0.731633643754411
-0.750005632419564 -0.000213184764907818 0.661431406792258
-0.261374850213394 -0.000345440877463309 0.965237311932421
-0.00905953900763825 0.999669875170262 0.0240429912873335
-0.0168717376239654 0.999695142445549 0.0180268311225914
-0.00131860550110169 0.999913603329113 0.013078499796262
0.0131201393248314 0.999677990952934 -0.0217204131729151
-0.658799180402832 -0.000275115054778456 0.752318791611816
0.0196021358132702 0.999634034802702 -0.0186427663083499
0.00770879967667747 -0.999576549634636 0.028058792348588
0.00835033769734827 0.999964410871324 -0.00120368231150152
-0.00572072315172325 -0.999577725508421 -0.0284893663326033
-0.744010231348823 -0.000221376208164538 0.668168187390603
-0.0202579568584188 0.999574039689878 -0.0210084354958045
-0.00744090726218003 0.999972298088226 0.0001896187437291
0.00282294467131134 -0.999899062014528 -0.0139246818939963
0.0123820140314479 -0.999664012278305 -0.0227716552794315
-0.0120770543240472 0.999747220966992 0.0189641484815555
-0.459971014147852 -0.00013078443041714 0.887933921550038
-3.80928025045176e-05 0.999999895848644 -0.000454809454388081
0.0143620985015316 0.999687997809561 -0.0204361728839822
-0.0200539708088585 0.999417225846059 -0.0276233042369254
0.0170132966920855 0.999679709834705 -0.0187356740062214
-0.0130873487577734 0.999701692438394 0.0206215285151832
-0.0144947122996264 0.999688774741265 0.0203041121859233
-0.0235204530247012 0.999575923996062 0.0171685892528278
-0.0202105521669538 0.999745018819203 0.0100712922358037
-0.0235186944367888 0.999638695429921 0.0130134396357853
0.000656269049599241 -0.999630106679371 -0.0271885845737574
0.00550071486903202 0.99961997753663 0.0270118982227796
-0.0252854621646549 0.999518965819445 0.0179577941392399
-0.467725554440543 -8.29981839184007e-05 0.883873745981058
-0.257933364981234 -0.000312459913839054 0.966162657940297
0.0119202173203118 0.999927820178769 -0.00150427775745944
0.0946635051895029 7.73059605519954e-05 0.995509324320484
0.0707390312244123 0.000451591827161537 0.997494754635959
-0.0947981848772847 -5.08415196540051e-05 0.995496510068776
-0.0736289366249529 -0.000431595228121962 0.997285612759473
-4.04100058712788e-05 0.999999887712921 -0.000472166471647147
0.0220195189031698 0.999627809512729 -0.0161053791031652
0.00538393116293787 0.999753982798924 0.021517136494476
-0.444765572481217 -0.000188968793084574 0.895647000679537
0.230897079594904 0.000581266084909348 0.972978006310668
-0.420740353505309 -0.000342894062666838 0.907181038908932
0.013953843363751 0.999895629534813 -0.00374436811218572
-0.0200761050744876 0.999625018005218 0.0186218523006378
-0.0188867941478745 0.999756933600024 0.0113737735819006
-0.0125014921865891 0.999919882532081 0.00198524813019987
-0.432348046080614 -3.11108017340443e-05 0.901706807162059
-0.258138804836111 -0.000385851897273675 0.966107762393046
0.020503719136735 0.99974196038375 -0.00977804426349997
-0.25514038655775 -0.000404929353860646 0.966903934824645
0.0241095267544142 0.999379660497012 -0.0256714803732917
-0.00392348759230646 0.999992291638906 -0.000151353503682235
-0.262583634761609 -0.000344574824271498 0.964909175012639
-0.00900988076051203 0.999957159286435 0.00212170697419785
0.0163354352116208 0.999824446549281 -0.00917767066695369
0.0144616758011949 0.999755457626523 -0.0167297602793137
-0.398864167473748 -0.000153483996624377 0.917010006678301
-0.00388428520075602 0.999787429520984 -0.0202486567530649
0.372600694213645 0.000770767840036553 0.927991448553512
-0.00842899446766057 -0.999695803917228 0.0231786902682354
-0.409349555548089 -0.000232998138846649 0.912377601152313
-0.00393962279948954 -0.999394662794707 -0.0345656961401196
0.00322429398106514 0.999587048433088 -0.0285540983599864
-3.99442655268419e-05 0.99999988518997 -0.000477519112416786
0.0107464730728404 0.999794690250903 -0.0171782031247795
-0.232729237514516 -0.000348863991324556 0.97254150569517
-0.459246134733362 4.275726791899e-06 0.888309060920908
-0.0157743549159276 0.999487924468185 -0.0278398737293422
-0.0202457583283029 0.99979410800592 0.00136046549367188
-0.382088820899389 -0.000171878463322219 0.924125588543845
-0.000148494084555943 0.999706407397203 0.0242296710354373
0.000571927475256375 -0.999632003747382 0.027120656020019
-0.255357296586546 -0.000230597981200429 0.96684672927232
-0.268922923033379 -0.000169903881472449 0.963161685595858
0.0233886653347643 0.999722973597264 -0.00263560158259363
0.0197121412154816 0.999709104957372 -0.0138973721987642
-0.0144083198568913 -0.999622255515546 0.0234039867739326
-0.41150173597789 -0.000223925869126562 0.911408948356547
0.00345512318726125 0.999983065460655 -0.0046830455551651
0.0040016227808824 -0.999718326504321 0.0233934748705482
-0.00382772235144263 0.999753754972012 0.0218581326046591
-0.0111277642231442 0.999937920489153 0.000572740100317948
-0.0264967252090744 0.999647068089088 0.00191384797853865
-0.373082012358302 -0.000382198045977468 0.927798289489334
0.0292471260191081 0.999433081754148 -0.0166769516108192
-0.429667021418117 -0.000299806136536811 0.902987353633463
0.00912901340396306 0.999900084898284 -0.0107926518832918
0.0159254319494279 0.999805717479072 -0.0116149865855213
-0.024001936346491 0.999250656939742 0.0303649741826384
-0.00863212492125551 0.999538913217663 -0.0291109495378709
0.0181762766718632 0.99968983696192 0.0170250650923354
0.0126554156374402 0.99984305052798 -0.0123981759121113
-0.519663914894413 -0.000343360201155072 0.854370702716557
-0.00429419895514821 0.999971800515925 0.00616100870584878
-0.553090962953598 -0.000234706375739506 0.833120838541432
0.00368468257135938 0.999986157083558 -0.00375616235099064
-0.285838430523592 -0.000135636573977203 0.958277816313479
-0.00266766229502302 -0.999965236675052 0.00789993792937147
-0.00682641075105441 0.999975917175621 0.00125107355249011
0.00656145126085612 0.999977938896334 -0.00103396227764846
-0.405343890780455 -0.000247535382638803 0.914164246146827
-0.00705574005056671 0.999974131940271 0.00139713372313113
-0.226675984034217 -0.00033628914751799 0.973970166469039
0.226650214480653 0.00060966784905487 0.973976030804141
-0.00054366573394307 0.999999759582902 -0.000430420386262612
0.00317549897924446 0.999993983912373 -0.00139583139893357
-0.251607026798231 -0.000327427485806317 0.967829425496557
0.0145516704533364 0.999873244378175 -0.00646096460908677
-3.71145169485782e-05 0.999999887662319 -0.000472544031584837
-0.43076166323375 -0.000288321694154859 0.902465681540685
-0.386683267702121 -0.000418212394835493 0.922212489384959
0.0106779939837407 0.999822245221576 -0.0155389318992442
-0.00639193946623307 0.99997900926339 0.00106025585103627
0.0216836988234502 0.999483119639742 0.0237341686297164
0.0049850609603123 0.999953515974856 -0.00825318464260776
-0.439201181842789 -2.02528541446585e-05 0.898388736270507
-0.00443003116728274 -0.999434512982387 0.0333321028967056
0.0189204416429385 -0.999388341105753 -0.0294102116606998
-0.00487354594239965 -0.999623328998269 0.0270083074694774
0.0297505420324963 0.999511831076371 -0.0095396429248159
0.00263877677206551 0.999989872485303 -0.003645789897319
0.00310887594156625 0.999994321502049 -0.00130071289557785
-0.020449403392688 0.999617115893537 -0.0186398367366984
-0.0297572524351318 0.999484971375927 0.0120124069683981
-0.288243402541294 -0.000105288844715001 0.957557167904704
-0.00925982558958764 0.999879887535425 0.0124284404571056
-3.80659655460734e-05 0.99999988700467 -0.000473858236918186
-0.54395984693181 -0.000323067124307728 0.839111184857856
0.00896914826206889 0.999946496329191 -0.00515352873556607
-0.00829064622736474 0.999961751875229 0.00278567258581707
0.00306173764629919 0.999804984048005 0.0195094755274095
-0.247225739277611 -0.000451544114071171 0.968957806071323
-0.00222685451093903 0.999991106152419 0.00358172235779782
-0.412791119612589 -0.000354121892982012 0.910825650806273
-0.00884107484194487 0.999871699905125 0.0133573621825095
-0.236656152563666 -0.000329712364077848 0.971593411228956
0.00934598245517908 0.999952094700477 -0.00290876538678432
0.233189589610617 0.000567975090865096 0.972431124914011
0.012868591263019 0.999916155531321 -0.00144265947740002
0.0125333321576561 0.999827170623259 -0.0137311495700017
-0.40437219100016 -0.000311266323048367 0.914594464371508
0.0053622605870457 0.999983950423504 -0.00182894964387749
-0.406394787743429 -0.000377367062275665 0.913697506885662
-0.229517354930797 -0.000364053575960982 0.973304500786144
0.229333736927193 0.00061973523228826 0.973347652709581
-0.246461651361544 -0.000317682979386062 0.969152492379639
-0.382124730402699 -0.00014403408687176 0.924110745348655
0.000873389268906883 0.999998384014622 -0.00157135588891846
-0.390640839478312 -0.000194359042050621 0.920543153120071
-0.379434927150996 -0.000451884597515924 0.925218315781864
0.0101157258029172 0.999810397606163 0.0166385374984014
-0.559521812934698 -0.000230084060685167 0.828815593429319
0.0768518371930426 0.000533675954637816 0.997042381401127
-0.0773654000734346 -0.000346173591322747 0.997002745751145
-2.65706685342311e-05 0.999999924122181 -0.000388651042330619
0.0207768435865169 0.999781501626672 -0.00229603477743338
-0.239636201655365 -0.000404128152484819 0.970862671821626
-0.0846054671033542 -0.000563532050007053 0.996414370313803
-0.426551516573 -0.000277394040464854 0.904463225765327
-0.008132072956615 0.999425162004754 0.0329122308754533
-0.247359042712661 -0.000335343723622277 0.968923831646669
-0.0153098434168834 0.999877734236588 0.00318202332771812
-0.221460765458007 -0.000130817741357434 0.975169273638927
-0.255325180350166 -0.000231472782552987 0.966855210825026
-0.28863424333671 -0.000129187702764563 0.95743942726628
0.278616895743083 0.00049008264636329 0.960402199719205
0.0171585563701687 0.999824817494519 -0.00747785165294011
-0.238655083894702 -0.000316855551049203 0.971104345852583
0.0112129687130432 0.999921987079772 -0.00550355222394982
-0.0104313468029329 -0.999848941259582 0.0139025776735737
-0.0278811337160285 0.999421974446574 -0.0194514620535461
0.0125850774948142 -0.999140772819788 -0.0394883769421662
-0.0241462821656603 0.999416282100909 0.0241671704833636
0.366500892062227 0.000803860956485234 0.930417352549465
-0.402618640178968 -0.000216568629038855 0.915367786017438
-0.00525501132792334 0.99906457470799 0.0429227261423047
0.0165934550262372 0.999853996994282 -0.00407945398933264
-0.22210615763119 -0.000132226621645628 0.975022480386186
0.00926986804600838 0.999343644301357 -0.035019282415449
-0.0125858859452545 0.999205866448339 0.0378051839064001
0.00940828151089837 0.999836947858612 -0.0154130443386777
-0.442211382557485 -0.00024822077619927 0.896910826962772
0.0134773023964927 0.999901409267535 -0.00394132781052548
-0.0131561705536635 0.999853037468821 0.010991753305799
0.0241084682166643 0.999687471886126 -0.00661364605744587
-2.78389015453346e-05 0.999999890885799 -0.000466318974010749
-0.0197065372617572 0.999218468549135 0.0342652082946103
-0.514302601173666 -0.000371484274432332 0.857608708226213
-0.0109398123652555 0.999889420019395 0.0100731444292134
-0.395515382452522 -0.000342284037306388 0.918459288746689
0.0293395613460081 0.99933904979397 0.0214628445670273
-0.395931755215181 -0.00036046277398749 0.918279867621421
-0.00754122571120774 0.999959571708064 -0.00489743445055785
-0.367332576636262 -0.000418679379733549 0.930089567111331
-0.0110390211910767 0.999931575811248 0.00387087932867995
-0.420549101471962 -0.000272520543673645 0.907269738822848
0.0132082440035998 0.999342849013243 -0.0337551835491256
-0.0237513186345231 0.999667946932842 0.00999353481993175
-0.0372881345348323 0.999246076049589 0.0108108520668751
-0.252981845026769 -0.000332432621308033 0.967470968854055
-0.539372411100823 -0.000355245567346193 0.842067263313253
0.00722146568088834 0.999971092361264 -0.00238009983834026
-0.0123403539547449 0.999564272623648 0.0268138128327569
0.0191177824085509 0.999350600252586 -0.0305432180782503
0.00602273024069269 0.999474151457718 -0.0318613761209827
0.0138386777045454 0.99945877083509 -0.0298438670450084
-0.0120532407778038 0.999923899760633 0.00262946272839938
0.00240328220708025 0.999997109396753 7.37073391600942e-05
0.280775615352665 -0.000404808267538895 0.959773353429651
0.00497630909483436 0.999987279472179 0.0008229469136635
0.273429985289188 -0.0004503431115009 0.961891802821833
0.634808400653101 -0.000578387968865098 -0.772669372971136
0.641280552567613 -0.000613347432681022 -0.767306247011911
-0.61227660612335 0.00039259240247924 0.79064353754728
0.279853550590747 -0.000307379910672689 0.960042653083363
0.285251870081692 -0.000260965530874074 0.958452556213342
-0.595512851190582 0.000404447343926751 0.803345679324417
0.466827732361599 -0.000639175265862369 -0.88434804220573
0.471965342002032 -0.000631066235602117 -0.88161687693936
0.427059992540327 -0.00053187116384965 0.904223136114378
-0.42104187896205 0.000502723870916196 0.907041059395227
0.600916836729225 -0.000673977621880885 -0.799311266709977
-0.000517747453478654 -0.99999678704123 -0.00248150051194901
-0.000547675001494109 -0.999979730892779 0.00634333159301093
0.263527581950588 -0.000260234282404273 0.964651826219903
-0.0281631730394481 0.999561088260209 -0.00919056692574701
0.275819265473939 -0.000389289577659244 0.961209436723881
0.411030180231874 -0.000574922938591201 0.911621555472537
0.601369978286084 -0.000668711128074512 -0.798970401229997
-0.30683525225394 0.000264729265815334 0.951762605849104
-0.0249010282752652 0.999658899265712 -0.00787552599513715
0.0155694438551598 0.999874753048192 0.00284088628034288
0.273793935332398 -0.000406576458754815 0.961788290462502
0.0297169394102279 0.999519077843825 0.00886095583553388
0.0160038481870504 -0.999647244343332 0.0211958420448174
-0.308797722440262 0.000326487836307325 0.95112767808607
0.00618782345585717 0.999944029663353 -0.00858186352113775
-0.40404827465055 0.000671135010926688 0.914737416600912
0.00899492279057244 0.999953077972806 0.00359627817388861
0.0192678577422865 0.999739940449157 0.0121984068114901
0.0111239790401666 0.999935255044917 0.00239641577601667
0.269683584846058 -0.000432755292483554 0.962948896249139
-0.000104137059864745 0.999807329748039 -0.019628870002325
-0.0133886084313804 0.999224817552945 0.0370203883090796
-0.0106139335756662 -0.999666823108574 0.0235284336508342
-0.0254069978517556 -0.999223805214064 -0.0301043444321289
-0.290691684092645 0.00043495928285289 0.956816678162439
0.411336833755338 -0.000551742480477822 0.911483244374996
0.264928733668146 -0.000472788731139307 0.964267879039745
0.000453381284008948 0.999999776955236 -0.000490443564375519
-0.00191578311369419 0.999997922305083 -0.000696534692644228
-0.00155384377418821 0.999583812623799 0.0288060255848444
-0.43641555924207 0.000595098178859759 0.899745022497812
-0.000412340003278185 0.999999690296228 -0.000670360477497565
-0.00136352018374733 0.999998896304973 -0.000590086048681672
0.0125110561715892 -0.999608412910513 -0.0250298683975146
0.0330130794489813 0.999405769631448 0.00991182186420502
-0.0197653588274773 0.999412859263407 0.027986913537619
0.256532064674354 -0.000500405291115521 0.966535591371812
-0.00303041441925291 -0.999915347947517 0.0126535974111217
-0.0131242584324571 -0.999625641144686 0.0240069033128734
-0.00369237509636753 0.999945622386556 0.00975287835008505
0.0161507094778687 0.999098121971946 -0.0392695461584609
-0.00171492511996044 -0.999982599722862 -0.00564440283290925
-0.0215499498667947 0.999608254867019 -0.017858792301038
0.0137498537790822 -0.999769411007324 0.0164944334586515
0.0119388290249613 -0.999508513341976 -0.0289861366591975
0.00895216794404469 -0.999899278236094 0.0110132680000113
-0.00650344623547068 -0.999606700075074 0.0272791193421442
0.730316632464122 -0.000711062671685771 -0.683108417995374
0.7315580873626 -0.000714809333219679 -0.681778742600553
0.956541020322484 -0.00064173590212641 0.291597092947534
-0.00635511584255637 0.999973142756117 -0.00365051627596717
-0.0162216148018142 0.999860963222572 -0.00386179192235848
4.3880007822241e-05 0.999999875346583 -0.000497374470021171
0.00338311676813631 -0.999938797048009 -0.010533597633916
-2.34878014524435e-05 0.999999775950436 -0.000668989836858362
-0.00107080593197564 -0.999996581169058 0.00238558689863067
-0.000728854560758441 0.999999394939843 -0.000823948406771241
0.98847307431217 -0.000560409151874999 0.151395730789973
0.00557159086373848 -0.999605281791095 -0.027536121560482
0.986900152250152 -0.000581297809590129 0.161331186016475
0.0111152879303792 -0.999694267528454 -0.0220866893167031
0.959460467789851 -0.000632322399557114 0.281842528580878
0.278753787001226 -0.000500378767588444 0.96036247107723
-0.27876699705276 0.000791506362631062 0.960358440829186
-0.671567449086488 0.000180611169510911 0.740943404523634
-0.00452435184441813 -0.999600467202844 0.0279004696778278
0.307157494713535 -0.000448467504627673 0.951658590208801
-0.00513258956519068 0.999960855255724 -0.00720725194483793
0.00451207417898388 0.999981415043868 0.00410009188517982
0.00146096635011713 0.999998899779221 -0.000256939041957287
0.00338028609752095 -0.999644580595809 -0.0264440191976921
0.00731542215263446 0.999968949371628 0.00292999852074063
0.25975282284684 -0.000328399937001118 0.965675081575879
-0.00211048980460878 -0.999969202837262 -0.00755904820699104
-0.00993163326957671 -0.99961909260791 0.0257494146406905
0.846265952511776 -0.000597092919118991 0.532760341147295
-0.394964318865633 1.22422235976416e-05 0.918696460575056
-0.0103703347597989 0.999637077039614 0.0248630320891463
-0.0195618521685061 0.999752333547852 -0.0106115741227628
-0.011663047238554 0.999925143748251 -0.00369867937934444
0.00877468520373081 0.999662024437209 -0.0244712443017779
-0.0169501286746616 0.999683139682122 0.018609496855318
0.0166569380191383 -0.99970003388711 0.0179551848204604
0.00683201448955619 0.999688556724943 -0.0240023567845824
0.00418982679386556 -0.999656618731094 0.0258667736401971
0.677214193928857 -0.000572380700426201 0.735785707880781
-0.0165169740301653 -0.999719787947996 -0.0169568615639785
0.0110764697577423 0.999622047766501 -0.0251609506341397
-0.679978878740555 0.000144841193566773 0.733231684727117
-0.0068299164896999 -0.999846347678002 -0.0161441405997222
0.314837630372576 -0.00047552480262867 0.94914542635865
0.00724311180479404 -0.999597505612347 -0.0274292563690079
0.269506223308737 -0.000422916727990342 0.962998554899903
-0.00615477944680106 0.999683524279404 0.0243920063600924
0.434625062052664 -0.000384231786719999 0.900611407767885
0.392337116121277 -0.000222335232505415 0.919821470656499
0.851656788206088 -0.000604323840660068 0.524099561052274
0.999748272770341 -0.000306432070133589 0.0224342860841694
-0.00809595788462567 0.999659142449684 0.0248204428383528
-0.00367628012548445 -0.999668602827236 -0.0254788046399434
0.912957103713652 -0.000573970851109278 0.408055140068402
0.980050336162533 -0.000492321313347199 0.198748826933472
-0.00493294759237922 -0.999667574543793 -0.0253062528593298
-0.00827758103050509 -0.99975921470423 0.0203222603630915
0.00877406587141608 -0.999640080603783 -0.0253520219814343
0.684012845142642 -0.000573184657005156 0.729469738329985
0.564236937429495 -0.000717988389475696 -0.825612598579296
0.775604105635154 -0.000605801982266512 0.631219378921347
0.0211308960433093 0.999635219531001 -0.0168200209754178
-0.0208411297356506 -0.999645669546739 -0.0165584621204588
0.798469803141403 -0.000518464872487856 0.602034637430028
-0.00160392552152265 -0.999667939415446 -0.0257184433393125
-0.0153722906171319 -0.999665253636365 0.0208104145399658
-0.0117781000151549 0.999719737431596 0.0205358941790443
0.00617752625365706 -0.999661317382132 0.0252802037018051
-0.00265244112401524 0.999709192315785 -0.0239686327395551
0.0153543872400407 -0.99962925497268 -0.0224854485222619
0.573964337228242 -0.00052210095695802 0.818880129811889
0.563527234533515 -0.000394805936311161 0.826097391393582
0.0137273701081959 0.999647333549073 -0.0227325281950797
0.981832149230793 -0.000480482484335757 0.189750888992447
-0.0180719802143179 0.99974271007167 -0.0137082890867381
0.0117257149399972 0.999672598339625 -0.0227421137550616
0.0185592465481155 0.999756812194551 0.0119109545442248
0.0170617409924061 0.999651289120226 -0.020154333394534
-0.0186934595940576 -0.999583801745771 -0.0219722064407965
0.00117812284914819 -0.999631579517563 0.0271167339068372
0.718810897026044 -0.000534608083938965 0.695205443384048
0.453146900613531 -0.000315938507081683 0.891435800631324
0.759606946429718 -0.000519375975744653 0.650382208539191
0.00475234250191216 -0.999852156501562 0.0165251438698836
9.08392007234237e-06 0.999728469799141 0.0233020726663873
0.088316133484216 -0.000417497267018753 0.996092408495532
0.0874476074626542 -0.000343758267339093 0.99616906084224
0.999999982384207 -0.000122704795132235 0.000142039143518789
0.100088649049368 -0.000296866315099113 0.994978479265689
-0.0921732410843808 0.000401869440368199 0.995742904633999
-0.0151677304751003 0.999686263767481 -0.0199327365619566
0.0158241611931908 -0.99967066667034 -0.0202028245898731
-0.00683636559814106 -0.99968589685249 -0.0241116515328319
0.82406439737199 -0.000367653091578497 0.566496013944621
0.0806700790445443 -0.000501306190429412 0.996740732105923
4.61021232454369e-05 0.999999831037489 -0.000579482171479649
0.581378253712871 -0.000599824297287361 0.813633189048102
0.0105584115241863 -0.999664529271417 0.0236505573431837
0.00866561353846344 -0.99970181356428 0.0228296101213368
-0.0123167329891344 -0.999746881731232 0.0188273884846892
0.0168078239139541 -0.999684546016531 -0.0186629448640635
-0.0113446052632558 0.999661238183541 0.0234245342487391
-0.0073432078724729 -0.999770240703102 -0.0201381007695352
-0.00444915542501867 0.999686040754497 -0.0246581616630635
0.00739266595246602 -0.999664375228788 0.0248291237975092
0.0251348340742816 0.999665233029301 0.0061369364125526
0.00562161749159678 0.999652607501997 0.0257499850725459
0.712487901613552 -0.000516302764721741 0.70168420495674
0.0871906216765661 -0.000347591820879745 0.99619158532462
-0.00797501291077673 0.999654919364172 -0.0250288106006737
0.270117386654978 -0.000406443269590647 0.962827311739002
-0.00216689266845089 -0.999678264963146 0.0252719436616622
0.637528508487543 -0.000671134875514155 -0.770426473093719
-0.0175806928514393 -0.999683726995151 0.0179823585757784
0.9982763877515 -0.00052520428711601 0.058685414016384
0.0103412422807433 -0.999707618282761 0.021857187730825
0.88156271102614 -0.000565117397652328 -0.472066591881452
0.949608311502492 -0.000466742337203697 0.313438729063555
0.0227204142281278 0.999666837314264 0.0122473324197584
-0.0130763967033829 -0.999670322490606 -0.0220964743971628
0.0196790884060557 -0.999668640421236 -0.0165934576825781
0.090679060634119 -0.000442068757703104 0.995880069354602
0.00899709770859359 0.999959499434327 0.000227428831232305
0.258413109098713 -0.000432677771114158 0.966034408204948
1.59069074325313e-05 0.999683409685501 -0.0251610839699305
0.885800555131055 -0.000600620304598411 -0.464065745110285
0.743402459250725 -0.000196907045535345 0.668844335258653
0.998032741317242 -0.000513193549612165 0.0626927738353574
-0.00830336187629581 -0.999664828700197 -0.0245211019605105
0.945155598494388 -0.000467793152142382 0.326620078691256
-0.00938804244188534 0.99968270965228 0.0233740172282025
0.0898771849518945 -0.000403870929716975 0.995952774238515
0.00714217883428477 0.999681898596799 0.024188652285686
-0.400803446866474 1.9064136787166e-05 0.916164066429432
0.00150442013244028 -0.999640125373921 -0.0267835110184845
0.0115019776862164 -0.999706727014519 0.0213111349116885
0.789477040589728 -0.000298531185533149 0.61378002025222
0.991312208172221 -0.000510986437588573 0.131528874478481
0.908888177761663 -0.00060781154266718 0.417039459632073
0.439756080742975 -0.000309661141408674 0.898117193666592
0.0870602126854972 -0.000342587026205372 0.996202992367161
0.939628303523459 -0.000586297783593519 -0.342196299618414
0.997649417470396 -0.00060179033408677 -0.0685220962126327
0.0944151619388932 -0.000473375765049737 0.995532798611596
0.0896060651928406 -0.00043460300190822 0.99597719060272
-0.0132887795653523 -0.999580691210468 -0.02572644742026
0.0147486432650561 -0.999683150582352 0.0203979401798831
0.594823602658587 -0.000666029998677691 -0.803855980959463
-0.0213166944473294 0.999608222575984 -0.0181383542892434
0.963668863263837 -0.000633643912334245 -0.267099083620997
-0.00790059084716439 0.999575117228854 -0.028056473071104
0.00769665599002474 -0.99959657948624 -0.0273393446516093
-0.00947377779771598 -0.999715351809238 -0.0218966410933567
0.994118852949204 -0.000513580593252731 -0.108293316718683
0.999961500901456 -0.000126630786630466 -0.00877386343364256
-0.0159898611429284 -0.999674128360141 -0.0198987795611181
0.996989188001181 -0.000565008727510044 -0.0775386340728513
-0.0124757608845677 -0.999707143899068 -0.0207360031712745
0.995089895718567 -0.000546739165774795 -0.0989737364915388
0.0136768158565337 -0.999666788686234 0.0218919233001164
4.83918540960424e-05 0.999999856951607 -0.00053268658094658
0.0986280374280125 -0.000468686008921474 0.995124258857417
0.998431940009258 -0.000496127772143009 0.0559769151220627
0.396021279295714 -0.000225615518587465 0.91824130567222
0.939166741601 -0.000591024171119333 -0.343461034414371
0.769054448443939 -0.000591629013197868 0.639182998290552
0.0897367078990629 -0.000430717489264722 0.995965429991364
0.93597326563768 -0.000563721611300673 -0.35207062960361
0.643244165741535 -0.000201934546879279 0.76566108851235
0.783250085366814 -0.000328708861774641 0.621706679812404
0.086868991526036 -0.000413984598061082 0.996219657971073
4.10752552136895e-05 0.999999882367054 -0.000483299805176346
0.631995359445334 -0.000615759542955002 0.774971926252654
0.834297790370851 -0.000513755598996731 0.551313824457087
0.0164750475445196 -0.999665762044853 0.0199232779353631
-0.0177551708502827 0.999669449148501 -0.0185942557584434
-0.00188128688885616 -0.999672487502473 -0.0255221176679979
0.0862368971258405 -0.000337274699435557 0.996274602617112
0.946682877737661 -0.000477394310632356 0.322166573519062
0.0882298358857974 -0.000340311389649291 0.996100085457141
0.798590146772005 -0.000477830418375704 0.601875027856082
0.999975577611131 -0.000201239421666517 -0.00698596335376826
-0.0116221730247812 -0.999673315301421 -0.0227637380156952
0.0884235992960394 -0.000415411007025187 0.996082875327765
0.997056325658943 -0.00054282185354448 -0.0766706515423145
0.0853805934648694 -0.00033850972728842 0.996348352570902
4.11664945700872e-05 0.999999903781786 -0.000436739898593147
0.65883715772172 -0.000502218752688877 0.752285416169615
0.980203864630836 -0.000635355941319857 -0.197989848440775
0.00217721938112889 0.99968809762766 0.0248790509738092
0.0893857200362228 -0.000353574872961034 0.995997022103187
0.871580294484407 -0.00055258854827062 0.490252470582629
0.803714945024381 -0.000538298254650046 0.595014283340698
0.769099964682045 -0.000513863558508529 -0.639128297191042
0.984663123172608 -0.000524026017675747 0.174465639197806
4.32063686298744e-05 0.999999895070349 -0.000456061949036248
0.0847746289718068 -0.000342711244765157 0.996400092749742
0.999901357610249 -0.000200834153186259 -0.0140440277279436
0.694447093932549 -0.000308601746327677 0.719543701587054
-0.0182402602699334 -0.999637557829412 -0.0198001485381945
0.613534565675144 -0.000383378821050226 0.789667771751192
-0.266338095733841 0.000452671963311049 0.96387956397517
0.260525584424816 -0.000394963702509051 0.965466863161953
-0.0046251091396604 0.999987491812953 -0.00190383378630925
0.407484646485505 -0.000691567575978707 0.913211796141985
-0.407637045596144 0.0011193486287112 0.913143354636223
0.990438553719076 -0.000601227305292939 -0.137953288589261
0.990186321220833 -0.000595659752648289 -0.139752261007156
0.971022580445237 -0.000572885568866251 -0.238987070921418
0.60612026347913 -0.000385641306769116 0.795372917241198
0.992466276838169 -0.000504734346658196 0.122517078736892
0.0894835927439536 -0.000453386837246081 0.995988193238258
0.895129972369864 -0.000474109011584134 0.445805010947356
0.0898084493611649 -0.000369236631692322 0.995958988155463
0.0150269030909132 -0.999665834875326 0.0210335628583104
0.92424458775585 -0.000443985770040392 0.381800661184151
0.0093140773064655 0.999730369473795 0.0212705504329225
0.998783702981335 -0.000495921183442562 0.0493038408349013
8.5397933914367e-06 0.999999793795908 -0.000642133330200918
0.989139319622029 -0.000577900624126646 -0.146979836741433
0.986225216850328 -0.000511329936839467 0.165407255554944
0.996451172608107 -0.000513482020636869 -0.0841712358477777
0.0919456405642909 -0.00040372664345021 0.995763946016334
0.75378253002648 -0.000510782154954013 0.657123760435178
0.0910290772434711 -0.000403638107418607 0.995848153170191
0.000430585435674238 0.999999785925259 -0.000492692214245777
0.999869761608705 -0.000214302352953946 -0.0161373447336422
0.704712914842545 -0.000468741984360773 0.709492415699474
0.0886761194502697 -0.000350543691444369 0.996060451457823
0.998904642342825 -0.000480883168913816 0.0467897879598759
0.00104527597659482 0.999999401771373 -0.000322265463497268
0.996310388355177 -0.000523242919476238 -0.0858215373458364
0.966633777779958 -0.000478306662101222 0.25616188412327
0.00343541285367778 0.999992683666114 0.00168242466904074
0.94597804098701 -0.000651250900532079 -0.324230044632886
0.0889055719519576 -0.000351953910050346 0.996039996889854
-0.014620826867068 -0.999671155642833 -0.0210668459301679
0.0870831671269106 -0.000338448301768193 0.996200987479883
0.998562320057452 -0.000496110627641562 0.0536008100286211
0.592955875891018 -0.000694674369629741 -0.805234653174984
0.711155591782628 -0.000478172026508647 0.703034491065561
0.999729537771942 -0.000307501029459047 -0.0232541770315965
0.916586649525857 -0.000603528193876768 -0.399835653318565
0.992875981346026 -0.000506111433352322 0.119151288358049
0.49112933589089 -0.000392410159583598 0.871086575170138
-0.0174871558003416 -0.999663088116619 -0.0191809707564612
0.876075223251608 -0.00054110770078005 0.482174149459612
-0.00923888082852043 0.999956336742016 -0.00140274392697913
0.99563422030953 -0.00048119068266437 -0.0933395296975615
0.624679375859076 -0.000612984621722447 0.780881105947742
0.0948658680674168 -0.000433246455778495 0.995489969499103
-0.0210775647180297 0.99967267567988 -0.0145009573679329
0.728237359765826 -0.000565476298998729 -0.685324761027831
-0.00330471837981971 0.999991941420803 -0.00227945824353005
0.978258169758465 -0.000600320160306996 -0.207389953750232
0.00533953189799771 0.999985744126831 -3.06955933534488e-05
-0.000866660305093948 0.999999439535709 -0.000608135003796582
0.0885622040766248 -0.000390941475585874 0.996070571382296
0.999488086742718 -0.000547349836537376 0.0319885114929863
0.0185427515946424 0.999671306681112 0.0177043769101679
0.637558322619798 -0.000631687375956481 -0.770401834258777
0.845488337324441 -0.000546549414987931 -0.533993607388786
0.929351017221964 -0.000496022379541267 0.369197021589151
0.558892449556027 -0.000306365278362089 0.829240095490793
0.00936018643506305 0.999948259208601 0.00398319163348206
0.089871332560549 -0.000408407961595225 0.995953300504962
5.24037708829726e-05 0.999999854347851 -0.000537176062565313
0.904188354678395 -0.000510690163024038 0.427133654093814
0.0091295263142217 -0.99966339568879 0.024284708547486
-0.0221544897584194 0.999710339047328 -0.00940300938106722
0.0975560872702618 -0.000366367020083172 0.995229961170645
0.989222093522837 -0.000540073812792162 -0.146421849484877
0.00361074891719253 0.99999345733517 -0.000218584333439374
0.727636452258907 -0.000602680636137971 0.685962703155297
0.000972602930277087 0.999999424418126 -0.000452997745204293
0.0860079935980399 -0.000411649612895815 0.996294361914106
5.07679718218176e-05 0.999999863499048 -0.000520023555420122
0.0884614912291214 -0.000389340288079781 0.996079521415665
0.812193976679956 -0.000589167739050229 -0.583387176004216
0.650639096748677 -0.000282776328229925 0.759387046123131
-0.00861020559548256 0.999717840035192 -0.0221383078615562
4.87080461512564e-05 0.999999855076145 -0.000536167151550057
0.0854962562650803 -0.000430108908876232 0.996338398924272
0.0900435374004961 -0.000346596761979458 0.995937769764301
0.0891334034602718 -0.000365995033638966 0.996019629543125
0.905978733783661 -0.000569757886386803 -0.423322819261738
4.65210986654376e-05 0.999999867716614 -0.000512252419800314
0.0904723260613958 -0.00038520901311961 0.995898895386001
0.65949810122849 -0.00044578275229283 0.75170609665863
4.59288418964434e-05 0.999999859079033 -0.000528897396077966
-0.00679953618633284 0.999959516710416 -0.00589332231619715
0.103107063655208 -0.000398410385578186 0.994670183876829
0.972030165130232 -0.000497391535882718 0.234855510215441
0.830221413566005 -0.000446433010344653 0.557433588110755
0.942688056790184 -0.000632558431138562 -0.333674733018515
4.85611876664199e-05 0.99999985920754 -0.000528419067776807
0.0865375157023272 -0.000404238629457592 0.996248510647419
0.00544931539026898 0.999668887550411 -0.0251479666275514
0.98383111127569 -0.000472196300994853 0.179098077925741
0.870230020473115 -0.00073056828187326 -0.492645082932275
0.976323661431281 -0.000567094728524683 -0.216314092312513
0.999777562211509 -0.000141995977990064 -0.0210904228396443
0.743959536251165 -0.00070345102196862 -0.668224298853021
0.867240511339809 -0.000481191272922008 0.497889208505292
0.999195864074431 -0.000478025408597542 0.0400923522415487
0.477937910374143 -0.000338686284971947 0.87839355594107
-0.00290625964959594 0.999669920742214 0.0255265198980458
0.0106356200966159 -0.999673733095122 0.0232230692378075
0.988066137092052 -0.000519378188869122 -0.154029344536314
-0.622444996413013 0.000260571796304868 0.782663502753734
0.0120943009446881 -0.999668363213911 0.022735247389888
0.968956975744425 -0.000454566168605526 0.247228988037034
0.974380326236905 -0.00052798384851481 -0.224905982747276
-0.011493938677743 -0.999667766708205 -0.0230704481599876
0.554860652421906 -0.000463586700967638 0.831943172026376
0.97319976910861 -0.000584852144930229 -0.229960577827847
0.956103698872484 -0.000527002444570825 -0.293028052020241
0.950235366213247 -0.000518971636518395 0.311532469360767
0.978370881334522 -0.000613614276592353 -0.206857540433579
0.877174552787664 -0.00056190033273637 -0.480171311314804
0.925900180131854 -0.00051660432966864 0.377767904343087
0.993229148431552 -0.000478437709578402 0.116170692531693
0.550686127224677 -0.000312020335721448 0.834712340825028
0.462069277659914 -4.68023077852855e-05 0.886843830926499
-0.461928603968644 -7.56512786945112e-05 0.886917109493589
0.987827564643257 -0.000525779647575813 -0.155552004444601
-0.0168258711714319 -0.999631397903977 -0.0213062991592596
0.99953934073826 -0.000488025603139432 -0.0303458093900179
0.993930715381241 -0.000472039034416008 0.110006864335299
0.899162680292294 -0.000443278983120676 0.437614302637975
0.723268737338053 -0.000535078319337482 -0.690566468401565
-0.0187461465506413 0.999673008810764 -0.0173913037100675
0.969826898561273 -0.000518432124580655 0.243794007422565
0.912441709500316 -0.000586187881234126 -0.409206284345571
0.976418785551061 -0.000540888743665197 -0.215884373363054
0.993668472306042 -0.000521471530753625 0.112350768632967
0.623273704749038 -0.000671023028676043 -0.782003477419701
0.974773597374962 -0.000560726509847828 -0.223195249605488
0.92886976801022 -0.000546448916851327 0.370406068349618
0.900226280735025 -0.000521913980370583 0.43542206085565
0.953065421749816 -0.000509187207244085 0.30276400478464
0.0210389409545167 0.999661063890471 0.0153336331273539
0.697410010537807 -0.000379736769128126 0.716672263312626
0.786473937539471 -0.000618106069927367 -0.617623156557497
0.930532743907557 -0.000605836527430378 -0.366208199632361
0.968123194615931 -0.000490972539206947 0.250474028579033
0.699605116750989 -0.000325784001588005 0.714529617637099
0.958592165968562 -0.000573658832303869 -0.284781899458595
0.984930221223539 -0.000475300570932868 0.172951534858523
0.792592030584894 -0.00040265040022471 0.609752171727145
0.986605323205113 -0.000505622482077995 -0.16312473929248
0.00779656272550801 0.99993768567547 0.00798989209264617
-0.00971423029533186 -0.999862340640754 -0.0134511522987137
0.970395396408531 -0.000474596036330745 0.241521322842794
0.908638547077638 -0.000577715204260125 -0.417583113894446
0.948106004252108 -0.000459271073500259 0.317954074940363
0.999457775667881 -0.000492462844126948 0.0329228209204492
0.0135096763161963 -0.999663919251874 0.022125487380255
0.850217097106162 -0.000562600516917833 -0.526431924629414
0.82933500713249 -0.000349723206434216 0.558751575960401
0.469013171855767 -0.000633244360845591 -0.883190944036097
0.99959913858555 -0.00053512111967448 -0.0283068151584359
0.0183970025855195 -0.999638916365241 0.019585381895567
0.462092546756282 -0.00069230901780517 0.886831437726763
-0.462111755474433 0.00115123385467182 0.886820951552764
0.87178477127255 -0.000473782579507135 0.489888852809833
0.0195763925891203 0.999675424439358 0.0163036997391999
0.79303692607305 -0.000472132406546229 0.609173383344675
0.606026055664703 -0.000437951286850688 0.795444673157193
0.958781201991248 -0.000549800758798334 -0.284144865213757
0.943013426502599 -0.000632995369247637 -0.332754078491444
0.652543963286836 -0.000439244106547737 0.757750739387646
0.754157768425017 -0.00043428704476995 0.656693133601199
0.999111718827347 -0.000507541591699893 0.0421368686947256
0.00429726561175083 -0.999683826516376 0.0247745940398113
0.982136845318422 -0.000499183256200374 0.188167393254133
0.994661355547793 -0.000482773860662885 0.103191834508484
-0.0198561668921738 0.999787811781824 -0.00548306929221879
0.881452815646274 -0.000619502986535109 -0.472271690878572
0.985413923036364 -0.000507410209688063 -0.170173860569016
0.602670474872373 -0.000332233476926565 0.797990092882127
0.999294973293201 -0.000516901863461933 -0.0375405003083904
0.933311059896129 -0.00053561700681541 -0.359068487325172
0.909519760475472 -0.000579674585717512 -0.415660281097455
0.972687128208659 -0.000558666889215175 -0.232119448794149
0.761693265554568 -0.000570194888079298 -0.647937531006353
0.983291064597326 -0.000502197457660592 0.182039638762469
0.994557698124183 -0.000536478718011563 0.104185878565718
0.0235236484795289 0.999664755736976 0.0108173055583978
0.994934564158972 -0.000504327321016434 -0.100523423617333
0.807957016881707 -0.000595972080188601 -0.589241125252551
0.0216852775970521 0.999671731820295 0.0136446815628535
0.751382964392506 -0.000348938804294027 0.659866288775567
0.599330463005113 -0.000432768362626572 0.800501598265501
0.912899129630983 -0.000591453603003041 -0.408184797979579
0.995481032562856 -0.000519469019068485 0.0949591699601918
0.923932214270942 -0.000481321273284869 0.38255591978458
0.936504922206683 -0.000553378962156671 -0.350653995349231
0.995821199227489 -0.000515914808097164 -0.0913229051280965
0.986942565440291 -0.000524373610724586 -0.161071715563138
0.956040096739168 -0.000586231826821111 -0.293235382856858
0.827594869920573 -0.000416764964801252 0.561325714347842
0.795223503410301 -0.000417691488732722 0.606316258364946
0.705109514727985 -0.000328343943436352 0.709098346091937
0.264546183505766 -0.000403453656361434 0.964372933059447
0.469915489126357 -0.000380984931456391 0.88271132763187
0.649034862959866 -0.000366987844840974 0.760758576673698
0.832739351197671 -0.000395330617650473 0.553665076269566
0.619444641450174 -0.00050212995183542 0.785040179891563
-0.0201109354151275 0.999669019629886 -0.0160437361282292
0.974446471322871 -0.000566498692080501 0.224619130097232
-0.00121987291352417 0.999699050891248 -0.024501419493827
0.0204537621862394 0.999761252392738 0.00768647035591488
0.865385820598877 -0.000658600011937072 -0.501105725124381
0.972222405258834 -0.000582271804383243 0.234058231370472
0.745275017433363 -0.000342581200104592 0.666757100470496
0.992126992981775 -0.000496447817013237 0.125234912610286
0.689279046793948 -0.000658136430533535 -0.724495660792572
0.579764883952171 -0.0007564994484416 -0.814783472491011
0.881370056585032 -0.000605825234217484 0.472426138492657
0.811275262309531 -0.000617347887895413 0.584664063925762
-0.0226849183148287 0.999678512060466 -0.0113255024445436
0.936490636339768 -0.000623906386237097 0.350692028407771
0.991399632650926 -0.000626659238149067 -0.130867779372191
0.019954710647374 0.999660726767711 0.0167403966868223
0.019900432236612 0.999607351992646 0.0197259889244155
0.932238818564634 -0.000518211691010964 0.361843221047262
0.499753825735558 -0.000322769462707602 0.866167425780113
0.908396216910524 -0.000585713703228584 0.418109997539053
0.656022641137107 -0.000397372707246454 0.754741105552378
0.897945656625991 -0.000621178198887007 -0.440105909849167
0.63670135440979 -0.000586613941773109 -0.771110265251878
-0.653239428934086 0.000628427274542504 0.757151143144504
-0.00996566590368521 -0.999672352494334 -0.0235769625172483
0.93291428986917 -0.000624858993277443 0.360097955158234
0.953315884491402 -0.000565975505188092 -0.301974343360663
0.951200957913501 -0.000474890922568048 0.308571729332178
0.00541819430689089 0.999823303242595 -0.018000151763754
0.701103961609533 -0.000310800087372378 0.713059000657537
-0.0116785896924833 0.999703763596514 -0.0213540533332436
0.897470678033826 -0.000464900959566388 0.441073878093684
0.839328951679041 -0.000521468261906378 0.543623618824839
0.476312651220603 -0.000478206840845934 0.879275855238512
-0.0219161381069486 0.999674173308851 -0.0130854923385965
0.93380502099924 -0.000604161115595225 -0.357781801865265
0.7212100851477 -0.000596980637064142 0.692716144387704
0.961170945684318 -0.000597709390024186 -0.275952995844944
-0.0263985884960613 0.9995512694827 -0.0141553594422189
0.89390268393935 -0.000476485878951811 0.448260822074864
-0.000672615529993882 -0.999670191572126 0.0256720795904306
0.876807489866917 -0.000612115891541759 0.480841191067707
0.805801606282967 -0.000622643272689266 0.592185261237685
0.560594525431493 -0.000361897731734432 0.828090361667295
-0.00834863889479735 -0.999683389200775 -0.0237365032103608
0.602571888018309 -0.000277248059099665 0.79806456061121
0.86929989962007 -0.000436273559437724 0.494284831029556
0.595368657940822 -0.000316533210570932 0.803452587865937
0.791829977976489 -0.000353375161574556 0.610741484675593
0.492168701554618 -0.000291479961240068 0.870499789919259
0.653495486922415 -0.000372557811853915 0.756930320288937
0.55266320008153 -0.000398433036574793 0.833404600735296
0.748113147910126 -0.000440119907177553 0.663571039315663
0.519486303143426 -0.000558454733716203 0.854478594801933
0.965419012557467 -0.000495980411330833 0.260702673933349
0.589029977276883 -0.000539997295899628 -0.808111003682115
0.86559799573563 -0.000410870382858328 0.500739394260116
0.478687494951832 -0.000307249836107636 0.877985300431777
0.643880731725435 -0.000623685176211137 -0.765125619966761
0.860959639431536 -0.000395114376863257 0.508673120141558
0.767444496614594 -0.000592663279685268 0.64111511709381
0.0109006820822153 0.999931081555867 0.00435973263584418
0.845141396574428 -0.000576251279687814 0.534542503203148
0.0200260324513912 0.999761540824223 0.00870744009630912
0.893909848376895 -0.000600419918060431 -0.448246385898112
0.700421397593645 -0.000416427874256997 0.713729425189119
0.587782033447361 -0.000661285837013773 -0.809019062728145
0.00250135811200767 0.999629857839613 -0.0270904138608084
0.695936022777069 -0.00068574884734888 -0.718103461870052
0.955691408940189 -0.000542982150775213 0.294369896640775
0.95292506455418 -0.000546473566565167 0.303205413393384
0.74198049752766 -0.000331054731392543 0.670421383676991
0.738343178176191 -0.000657573601189411 -0.674424880055326
0.858187174417459 -0.000572820164498323 -0.513336581145779
0.981147523857468 -0.000498725230292889 0.193259638055917
0.646396634949605 -0.000349763597984586 0.763001486231352
0.0954286711366445 -0.000282818465332875 0.9954362303728
0.57528884366133 -0.000561340787660941 0.817950139834532
-0.00269127915460762 -0.999630758572327 0.0270389262476671
-0.00113917391900026 0.999689171331538 0.0249050799084189
0.748172902086999 -0.00032161941273529 0.663503734084195
0.761781002222314 -0.000582265820174171 0.647834365883504
0.665874500247803 -0.000506439977528003 0.746063598789197
0.630878983715004 -0.000668257226388552 -0.775880958226842
0.540292284326413 -0.000372096535996359 0.841477337212069
0.835256209432915 -0.000452987015783201 0.549860763654329
0.825569057388447 -0.000630633659626858 -0.564300747637232
-0.0237173739995952 0.999690795747432 -0.00746987740397559
0.00742510830429535 -0.9996827875766 0.024066407911189
0.266037179218581 -0.000378413047010542 0.963962694338835
0.864740823444394 -0.000448217299361382 0.502218187016324
0.967757132070701 -0.000476820038169702 0.25188470769172
0.961583108258706 -0.000618297647614023 -0.274513284960026
0.517565809120583 -0.000921959668668922 -0.85564290636908
0.786270439071356 -0.000361774742265921 0.617882404476428
0.904483466648815 -0.00057875369646951 0.42650829253732
0.00385342185927155 0.999601432543352 -0.0279665370979842
-0.00349943293551565 -0.99961906459451 -0.0273766263138365
0.549101920178422 -0.000401494975370414 0.835755299150507
0.921412371262568 -0.000640109064354162 -0.388585682114867
-0.570662853654954 9.08460037717726e-05 0.821184448954915
-0.00507150027768171 -0.999688403083662 -0.0244412893475724
0.00180925816191174 -0.999640525470208 -0.0267496994852482
-0.0155038146304546 -0.999817809371801 -0.0111346214518783
-0.00678650795381855 -0.999667510888959 -0.0248759116992004
0.271302699186899 -0.00027978561710132 0.962494034856275
0.593188462046476 -0.000283185592584931 0.805063580284723
-0.511684878677272 9.33320744637656e-05 0.859173193379629
0.948327736062148 -0.000498611299240068 0.317292067978406
0.840218320299113 -0.000598037962937998 0.542247929073346
0.901449637307096 -0.000467970736694495 0.432883740053024
0.98286716151261 -0.00046349271568909 0.184314752514953
0.927420233913579 -0.000450328822439124 0.37402073061748
0.0036237136169654 0.999688821687452 -0.0246805286162188
0.47829751291198 -0.000423413003293667 0.878197762388201
0.473087107699042 -0.000435451929923413 0.881015549755265
0.789659378666011 -0.00041362204845683 0.613545348447538
0.599547573113466 -0.000284504791310334 0.800339069789034
0.706827599844893 -0.000412283778010597 0.707385732199622
0.964028771572773 -0.00064116335703908 -0.265797134088088
-6.94901734788422e-05 -0.999671998354348 -0.0256103665990934
0.00262819804132544 -0.999677225323549 0.0252693043922025
0.0341180088442462 0.999268550174306 0.0172721192979815
0.862905694454642 -0.000548800638472042 -0.505364681488141
0.926097905354214 -0.000465313651682644 0.377282988195521
0.537716468703416 -0.000666636478624783 -0.843125468053797
0.47129065460759 -0.000741844517351135 -0.881977646284905
0.831786288214573 -0.000388900801977343 0.555095865138976
0.774761978963448 -0.000538781069242072 -0.63225278620786
-0.519519941080129 5.83887333370497e-05 0.854458323975403
0.0948862898756787 -0.000661055648995709 0.995487897967151
-0.0948913573956929 0.00091874037113528 0.995487210469192
0.53001204840042 -0.000651769614434198 -0.847989860639124
0.777944903560606 -0.00057827832363692 -0.628332231083413
0.917848830387382 -0.000613313061146166 -0.396929651706199
0.787021389739535 -0.000407398446862927 0.616925575834684
0.541193620375712 -0.000407842938289647 0.840897912310863
-0.0219935218068264 0.999701322076648 -0.0106560610328397
0.5473937004297 -0.000370247301611023 0.836875139818848
0.862912716689137 -0.000441553307985818 0.505352795982025
-0.278214517258226 0.000125020725398471 0.960518957000116
0.523234133364293 -0.000603818111565885 -0.852188756723653
0.00571973946461807 -0.999913756829705 0.0118221606808152
0.92261933895228 -0.000487828961764183 0.38571144319836
0.58202983334875 -9.43558102592459e-05 0.81316742691097
-0.578289656074072 7.35374122819433e-05 0.815831519536958
0.27803805622433 -0.000340066844892599 0.960569999347022
0.887598300515343 -0.000576741465780503 -0.460617980860015
0.783874420168866 -0.000603447011895773 -0.620919100412146
0.0755016496874202 -0.000524007776394106 0.997145539181883
-0.0755016439777961 0.000652555835002435 0.997145463775237
0.653688482984449 -0.000416785102059034 0.756763631197793
0.826765320047702 -0.000401596138939682 0.562546837416195
0.595350812649712 -0.000253427052533972 0.803465833531244
0.897963907183146 -0.00044723045939148 0.440068882541466
-0.0125973931897521 0.999610431367966 -0.0249056456485452
-0.525769111583185 0.000944040819523352 0.850626798362219
0.00590642458918625 -0.999668506825746 0.0250597408078503
0.528217809238137 -0.000555457144424258 0.849108731241779
-0.440740025518877 0.000646980532485369 0.897634564464744
-0.0221470516603505 0.999706402936983 -0.00982934532677615
0.000836157439877964 -0.99966492339445 0.0258716403713599
0.674340284076689 -0.00055259813323496 0.738420527820478
0.857292612911414 -0.000576328348146151 -0.514829140291374
0.56362269332454 -0.000526098591270996 0.826032192344744
-0.396012381971048 0.00109181254477402 0.918244521503387
0.597550597985497 -0.000120238408291242 0.801831196942287
0.891791758137074 -0.000600322496297008 -0.452445687051702
0.627119298317417 -0.000512793576345418 0.778923053144929
-0.00338050691142408 -0.999679555303164 -0.0250870261667404
0.259918487784634 -0.000387154606027419 0.965630483062263
0.395896262315998 -0.00066894291429962 0.918294997263733
0.467885993775354 -0.000480750676476615 0.883788699694467
0.867282036357307 -0.000436349494707531 0.497816913142816
0.755079786944908 -0.000519843897556856 -0.655632705948654
0.703802603944902 -0.00035833508356611 0.710395499898714
0.820372004154132 -0.000609576784527852 -0.571829872616215
0.255891765595939 -0.0004941676050342 0.966705311922186
0.842849710937594 -0.000530920613114064 -0.538148755360185
0.0115019851346601 -0.999740397810344 -0.0196682821816526
0.681692194670538 -0.000527183885901902 0.731638895769228
0.750002492640323 -0.00039995977161872 0.661434880442121
0.00966282335570696 0.999669702877281 0.0238141763251511
0.738677203339852 -0.000635497476183466 -0.674059037035312
0.26135041615239 -0.000397310056618992 0.965243908098721
0.00198244707479314 0.999913379103702 0.0130116944712322
0.852368159282462 -0.000541228104011796 -0.522941897454743
0.658795042724154 -0.000419757586414104 0.752322348123229
0.681032327610348 -0.00057683500932516 -0.732253122909697
-0.00831555679249145 -0.99957638323488 0.0278909590065857
-0.0886215070928426 0.000437368519388276 0.996065277574403
0.00507225446301297 -0.999577490751132 -0.0286201365882957
0.744013103518437 -0.000395504833352212 0.668164908812781
0.0203614683242204 0.999573992586908 -0.0209103790388874
-0.0879935954772865 0.00038634747613515 0.996120965490942
-0.00321542012690563 -0.999898864725304 -0.0138535697369095
-0.0126790610342361 -0.999663903747596 -0.0226124071121966
0.0125440656825625 0.999746903385111 0.0186755344778429
0.45997613592309 -0.000382086562447587 0.88793119575287
3.78050961306553e-05 0.99999989741576 -0.000451374837194022
0.813515967168809 -0.000538853938172368 -0.581542329325932
0.0201682908500409 0.999417207288179 -0.0275406212799388
0.732035594044742 -0.000621872925714806 -0.681266102434009
0.847194213370574 -0.000536124795508661 -0.531283048291226
0.818756740260613 -0.000582881669183596 -0.574140279484704
-0.59225824087034 0.000377584986203281 0.805748120414034
0.0202853379787733 0.999744882322187 0.00993354587662195
0.0235756560260602 0.999638636350783 0.0129145328094824
-0.000493668906077799 -0.999630140553194 -0.027190777638977
-0.00502298880642885 0.999619820390369 0.0271105932465018
0.587316276635351 -0.000505485071658751 -0.809357359689792
0.467730403881327 -0.000263004842630376 0.883871144519077
0.257925246556826 -0.000380280527032921 0.966164800939944
-0.0119182666419692 0.999927809706863 -0.00152653040794146
-0.0946631718196792 9.07907510409591e-05 0.995509354882252
-0.070739032264767 0.000417757468580726 0.997494769306056
0.0948001224345048 3.92297810543294e-05 0.995496326084344
0.0736289397822348 -0.000317037015545325 0.99728565552407
3.97146077112979e-05 0.99999989154428 -0.000464041137536041
0.581333269203591 -0.000516601058778016 -0.813665387761094
-0.00495381968272342 0.999753711442974 0.021632755870437
0.444762953151323 -0.000391519400872421 0.895648235758142
-0.00162909165452355 0.999998048278418 -0.0011178102414154
0.420741920240799 -0.000421626470324135 0.907180279097382
-0.013960521918243 0.999895655109585 -0.00371250868614506
0.688177616512791 -0.000576764212255844 -0.725542028743902
0.0189947378462919 0.999756824337525 0.0112023267537343
0.0125043095438121 0.999919874310684 0.00197159867577414
0.432354688540877 -0.00021534161046118 0.901703597045455
0.258140955956151 -0.000502716445362464 0.966107133880203
-0.0204839696188431 0.999741933098943 -0.00982212768411662
0.262565187331837 -0.000402093799955314 0.964914172723136
0.255140336956449 -0.000418332496226836 0.966903942207121
-0.0237688846603834 0.999379350737465 -0.0259991046300562
0.00392475314216767 0.999992284235099 -0.000166682459902982
0.00901676479799348 0.99995718774064 0.00207861454075385
-0.0162763434573127 0.999824302419294 -0.00929757685811369
0.0141931153827202 -0.999755248756973 0.0169705055497833
0.398859513788669 -0.000495786468521654 0.917011909658781
0.00432399833913521 0.999787172871531 -0.0201720598827736
0.00207669709681965 0.999997799841286 -0.000296043503231786
0.00807894954179835 -0.999695662255574 0.0233090849603753
0.409349687362258 -0.000448778488886605 0.912377461391002
-0.00258930507581959 0.999587108028031 -0.0286165854598596
0.00312108755714148 -0.999394758318468 -0.0346464407700425
-0.0833584239480906 0.000451794458977588 0.996519527675528
0.0104643783854188 -0.999794545755061 0.0173598117339672
0.232729455100754 -0.000553027286901328 0.972541358960803
0.459235879849201 -0.000339924646543253 0.888314297481677
0.0160340767327505 0.999487669970119 -0.0277002881037358
0.0202462215541474 0.999794138063201 0.0013311676229591
0.382080941613464 -0.000358570327159029 0.924128792692387
-5.86519842311294e-05 0.999706409799224 0.0242299559696455
-0.000543991963290062 -0.999632016038608 0.027120777705138
0.255356123732907 -0.000432529788661515 0.966846969788956
0.268921409008395 -0.000216263758027013 0.963162099029507
-0.0233866302074353 0.999722844537457 -0.00270178412853778
-0.0196206566009073 0.99970908111734 -0.0140279352034957
0.0141305127546857 -0.999622146583009 0.0235773762337193
0.411503421952936 -0.00044568317835172 0.911408105673594
0.756351750612871 -0.000777133227752296 -0.654164677591806
0.00447296885432165 0.99975362603552 0.0217412000234064
-0.00478778199544933 -0.999718109737723 0.0232546383759839
0.0111310852880412 0.999937906106274 0.000531857228779365
0.0264987412135323 0.999647060718085 0.00188963271357254
0.373081702889748 -0.00062035495398456 0.927798285258502
-0.485065577640509 0.000563604278658236 0.874477597047801
0.429665620956096 -0.000409019927363658 0.902987977146491
0.00883661559838461 -0.999899897514537 0.0110503020404044
0.570319708877007 -0.000719322414433385 -0.821422493143273
0.789874697489956 -0.000677712532264943 -0.613267888423056
0.00908325898852899 0.99953884144946 -0.0289758319987294
0.678769422464757 -0.000269625537293767 0.734351413445177
0.689546850386186 -0.00065145055934059 -0.724240786434083
0.519658240949837 -0.000454071703335297 0.854374102154208
0.00462924572045624 0.999971581150961 0.00595037599705599
0.553078518022329 -0.000333629057566144 0.833129066588051
0.656241209607231 -0.000732726881920752 -0.75455081864945
0.285845184633706 -0.000440559110550983 0.958275709975679
0.00228884931903657 -0.999965024044403 0.00804436800945617
0.00685362595803855 0.999975823092085 0.00117517766051117
-0.00655840146724699 0.999977921271994 -0.00106973769480722
0.405345059235039 -0.000470841505666654 0.914163640308462
0.00707575391257318 0.999974065772378 0.00134219567427953
-0.226648914063166 0.000715716813126261 0.973976261262784
0.226673161413121 -0.000567273400014188 0.973970716241444
0.00054368594639959 0.999999759491748 -0.000430606592051065
0.251606592727767 -0.000359253805178534 0.967829527051447
-0.00316582753380365 0.99999390476712 -0.0014724009763659
-0.014530738714931 0.999873212831413 -0.00651274861997844
3.9305585332653e-05 0.999999874007014 -0.000500440832427571
0.430766091953866 -0.000464105227551552 0.902463494347074
0.386682781665753 -0.000458404035313837 0.922212674077393
0.813298418608959 -0.000686849115157005 -0.58184638052192
0.00640082400946241 0.999978988848976 0.00102533534971275
0.73780724014801 -0.000128951108784042 0.675011451574555
-0.00460541778849388 0.999953232038224 -0.00850434379027242
0.439196095989605 -0.000237312059501113 0.898391191492034
0.00398645401742599 -0.999434390039201 0.0333917383694971
-0.0192184673572152 -0.999388228224752 -0.0292201950409283
0.00445981163466947 -0.999623093698578 0.0270883854200893
-0.029735152885001 0.999511739043468 -0.009597093164494
0.00234068819968449 -0.999989759781798 0.00387317831944073
-0.00310504962020827 0.999994312512087 -0.00131666637208946
0.677425226730911 -0.000262366796063417 0.735591594128316
0.029753705260848 0.999485040894562 0.0120154089088414
0.288243750986508 -0.000120123815105474 0.957557061269717
0.815032944762267 -0.000703924100935499 -0.579414189887517
3.88874201047945e-05 0.999999882075225 -0.000484083985912596
0.543959703110535 -0.000487832524641505 0.839111198478084
-0.00893585880507021 0.999946539189105 -0.00520280608403236
0.00833158415870397 0.999961686508705 0.00268518529585326
-0.00261676915282409 0.999804717635806 0.0195877286173639
0.247225678216435 -0.000446956943486916 0.968957823777647
-0.00254042416948952 -0.999990950426816 -0.00341252245602457
0.412767442952741 -0.000416003257125804 0.910836354665066
-0.00912536929791179 -0.999871553342641 -0.0131759041948143
0.236658007809868 -0.000519800027943986 0.971592876233351
-0.00933064668969517 0.999952056518486 -0.00297047080476649
-0.00659225430720426 0.99997562860278 -0.00229877872445329
-0.0128674588762526 0.999916146985694 -0.00145859499280538
0.722246328752074 -0.000734248253799654 -0.691635526475941
0.404371290952649 -0.000404996099314521 0.914594825609377
-0.239957198115253 0.000351319311994864 0.970783405115383
0.406368316215188 -0.000429617060593222 0.913709257371082
-0.229334052061322 0.000710518193705451 0.973347516424135
0.229518361574191 -0.00057546448889654 0.973304161370391
0.246461951198307 -0.000473138095844392 0.969152352704086
0.382297679378373 -0.000355992186089246 0.92403915372211
0.71439009040262 -0.000734858380076617 -0.699747282036663
0.390646393846784 -0.000509757735521168 0.920540675430236
0.379435409074443 -0.000478010041933185 0.925218105014655
-0.00991081469696229 0.999810288994424 0.0167678792018654
0.559513053247235 -0.000334298952583763 0.828821471422023
0.0773645639176017 -0.000505094043095029 0.997002742789531
0.00383868715961479 0.999992573945179 -0.000341372795225861
3.45803254896989e-05 0.999999871489647 -0.000505791350809176
-0.0803396333781456 0.000521306172611138 0.996767410958314
0.239636193656133 -0.000401623574870629 0.970862674835378
0.0846025439594448 -0.000459843917695299 0.996414671760288
0.426523967762149 -0.000401991245042119 0.904476170679733
0.00875830110651328 0.999425035801213 0.0327549992439492
0.247358959219802 -0.000348325648632763 0.96892384838177
-0.223039381450843 0.000241927256976623 0.974809404854727
0.221458925168761 -0.000250803222158293 0.975169668089016
0.255324071445164 -0.00042472387697169 0.966855438082805
0.288625181464341 -0.000438629257352245 0.957442067296529
0.0326719894687277 0.99942696170047 0.00884812580845365
-0.0171328666768017 0.999824753044952 -0.00754506978331914
0.238751773311703 -0.00043288539920162 0.971080533916085
-0.0111752047044311 0.999921914298281 -0.00559286204693897
0.0101354957575366 -0.999848847892899 0.0141263262382918
0.569115819453693 -3.9025532479333e-05 0.822257370003188
-0.0129753119380042 -0.999140414459181 -0.0393709724854253
-0.0243670810642695 -0.999416480406531 -0.0239362497528139
-0.0159708973875455 0.999844899107028 -0.0074234874751741
0.402614468580685 -0.000453705334051434 0.915369534035825
0.005772304755068 0.999064307599663 0.042862451845649
-0.221463577660769 0.000225742732009352 0.975168617629747
0.222107495589688 -0.000235060509094782 0.975022156235146
-0.0086447438929919 0.999343520388765 -0.0351823344878431
0.0130578775380592 0.999205664544159 0.0376501232012265
0.842157437688056 -0.000792221519597293 -0.539231140172517
0.44221126519418 -0.000306099541681251 0.896910866941879
-0.0134702893181512 0.999901392064461 -0.00396956587531574
0.0133742508728209 0.999852829231675 0.0107447331751394
-0.252186372226176 0.000198062164766573 0.967678662798131
3.28408101104297e-05 0.999999848153489 -0.000550104063963828
0.0200779749935446 0.999218244264116 0.0340554731268731
0.514299587449239 -0.000459868768172752 0.85761047269157
0.690392867661681 -0.000663547240783201 -0.723434342554278
0.395504897152461 -0.000399326114348889 0.918463780922838
0.587146014630378 -0.000190556591307611 0.80948101966127
0.395932949676999 -0.000434819963081245 0.918279320409466
0.555396037543102 -0.000241019880853558 0.831585944680908
0.367336422120906 -0.000660074367193633 0.930087908364172
0.0110515787518931 0.999931557062813 0.00383976523101314
0.420544455672679 -0.000393810704803827 0.907271847748016
-0.0126251539928957 0.999342663501014 -0.0339830309618521
0.0237923911841969 0.999667845833392 0.00990556048708922
0.0372995551938246 0.999246046402672 0.0107741324927706
0.253061908803725 -0.000432971370579633 0.967449989843613
0.539374730121478 -0.00051762336773911 0.842065693739171
-0.00720618469380496 0.99997105498775 -0.00244132931927973
0.0127660690089838 0.999564115038832 0.026619680852603
-0.0186564407108023 0.99935022844629 -0.0308392302814521
-0.00538390381015128 0.999474009556741 -0.0319799593547884
-0.0134238523006183 0.999458612311421 -0.0300380170107911
0.0120780610659523 0.999923817469308 0.00254552518999076
-0.00262208674382817 -0.00592557114317833 0.999979005913492
-0.00858801917260926 -0.018388741282306 0.999794028848314
-0.0146591531614023 -0.0359229344779539 0.999247042531067
-0.00901630564092709 0.0217090043197674 0.999723674504127
0.0163544961280442 -0.0128781647555017 0.99978331818896
0.00176513188187593 0.0106255289220195 0.999941989539677
-0.00776275931191651 0.00240338389666551 0.999966981111732
0.00463532391084878 -0.0251561870934389 0.999672786477236
0.000936936761034716 0.00227700889904397 0.999996968685395
0.0217252788442885 0.0234420298518853 0.99948911124412
0.00137838073686609 0.0241312511973181 0.999707848714911
-0.00241752340411904 0.00653545636167666 0.999975721400642
0.0237558103888426 0.0246094901231308 0.999414846031741
-0.00101599855142603 0.00212032957953599 0.999997235970889
0.00293873611825524 -0.00314350137391187 0.999990741071706
-0.00817485170011677 0.0066210739612355 0.999944665058663
0.0085445449243152 0.0196513536249214 0.999770381163967
0.0138019703302154 0.00599993980026793 0.99988674675555
-0.00209428926261797 -0.0027446777704834 0.999994040330451
0.00453357418996503 0.00121906585818836 0.999988980231031
0.00778018975201216 -0.00356554630673448 0.99996337709286
-0.00351415140266025 -0.00459105912249513 0.999983286318353
-0.00522963642674389 -0.000413222571681442 0.999986239980306
0.010885617620117 -0.000269917342451376 0.999940713479383
0.00817188704660401 -0.0191709635494584 0.999782823626553
-0.0146113799204558 0.00675304150116651 0.999870443611223
-0.012239726924734 -0.00307904665135016 0.99992035110629
-0.00295470965978839 0.0144267883578776 0.999891562854945
-0.0304208950207664 0.0156991885264959 0.999413880544865
-0.011232501120334 -0.00382090859799796 0.999929613310891
0.0148400552625501 0.0359543325657485 0.999243243024218
-0.00818446813664507 0.00154042445199874 0.999965320185569
-0.00263811704657283 -0.0115466595359915 0.999929855035846
0.0223189224193418 -0.0103798463761697 0.999697016346076
0.000720553370936564 0.0247977401746785 0.999692229081065
-0.00169957239732431 -0.00344468964747807 0.999992622756238
0.0094492803309396 -0.0222150895474672 0.999708557979587
-0.00189854839951835 0.0039948878552914 0.999990218144657
0.00732517789218183 -0.0147204216190087 0.999864816340792
0.00908296964393166 -0.0022969650930765 0.999956110843775
0.0148811136983683 -0.0107168921164264 0.999831836199699
-0.0033186797756026 -0.0106389445849674 0.999937897682984
0.0126958024487471 0.00278164889804644 0.999915535947707
-0.00806446179731483 0.00880340209777035 0.999928729743988
-0.00408032544492133 -0.00491301181563022 0.999979606421633
-0.0249965333763111 -0.0240992329801171 0.999397018351034
0.0014361918438473 -0.00128182647435811 0.999998147135222
-0.00138636058933274 -0.00208863248317659 0.999996857804397
0.00223836154632497 0.00405142006036778 0.999989287809166
-0.00227095932385664 -0.0203660003740168 0.999790012338849
0.00407651541773139 0.0143030005177736 0.999889396982605
-0.00469781051446035 0.00737228340932174 0.999961789276822
0.000884032812396166 -0.0222608294274554 0.999751806179508
0.0480451683529088 -0.00518089782197512 0.99883172761767
-0.00190858791795452 0.00407388322277525 0.999989880332619
0.0166032251709678 0.00529091108328036 0.999848158058928
-0.00949728363328863 -0.00252247503852665 0.999951718196068
0.00153519053488945 -0.00423095161594112 0.999989871067925
-0.00157592606203865 -0.010722061523226 0.999941275202569
-0.00907170876394822 0.0254822670888702 0.999634112145096
-0.00190240968065453 -0.0019026850699274 0.999996380306915
-0.0102760386300596 -0.014219363107763 0.999846094527994
0.000373317656489486 0.00236905595827956 0.999997124099762
-0.0103582245053717 0.0159385378831138 0.99981931877477
0.00024618496408794 -1.02482474543585e-05 0.999999969643968
-0.0132122324490058 0.010510577730789 0.999857472177649
-0.00339956640548462 0.00872418198697574 0.999956164837696
0.00287576257927678 -0.0105922840798669 0.999939764939648
0.00951374346377915 0.0317365691957141 0.999450988723805
-0.00482100573629484 0.00990906250207151 0.999939282348694
-0.000189227375165294 0.000214073277628181 0.999999959182815
0.000591930502704536 -0.000998224484307994 0.999999326582853
0.0189558258549188 0.0351385805515459 0.99920266053638
-0.0111746207679473 0.0256260783113993 0.999609139594607
-0.00667526527695794 0.0132266217028633 0.999890242632566
-0.0032240897516225 -0.00424256758415265 0.999985802832004
-0.00333569181100635 0.01043998707469 0.999939938111296
0.0236258357933218 0.019874778831613 0.999523292899901
0.000429411502619165 0.00434368419864263 0.999990473961299
0.000103968024082632 0.000308922418836029 0.999999946878793
0.000719486829800392 -0.0131787219664945 0.999912898019638
-0.0109424883033367 -0.0243068618953272 0.999644656072613
0.0004815249360947 0.00185098015405613 0.99999817100143
0.000690446110096749 0.0109235260430859 0.999940098137361
-0.0129981856959214 -0.00664195003782726 0.999893460158786
0.00215890025998679 -0.00623420645390515 0.999978236672957
0.00556516899746303 0.00785401230545919 0.999953670619162
-0.00184690135174905 0.011111280612999 0.99993656218709
0.0104568187422604 0.0137726333046282 0.999850473577748
0.0136081136620069 0.0179396391969202 0.999746462153303
-0.00134813933979354 0.0157923799454306 0.999874383738267
0.00567523880550217 -0.00124777804535509 0.999983117214711
-0.00686396524459887 -0.00757225686222894 0.999947772089689
0.00611946545855457 -0.0104697543918894 0.999926465489075
-0.0153318448861261 0.0257985113943442 0.999549584233931
0.00158375200218981 -0.00205269507149349 0.999996639080622
0.0165747765430735 0.0234835553130693 0.99958681434501
0.00597803287230642 -0.00879196110037325 0.999943480674277
0.0248056638292325 0.0121173952617408 0.999618851249846
-0.0118008338076365 -0.0159783033881708 0.999802697607023
0.017368768021874 0.0305735892578497 0.999381599559095
-0.0316367477938957 -0.0271773932297092 0.999129874183664
0.0110502686304201 0.0118778452192687 0.999868395518202
0.00140836172350088 -0.000955128542232029 0.999998552122314
0.00707062009697474 -0.0203097472534558 0.999768733506877
9.72745415176933e-05 0.000545054368732536 0.999999846726688
-0.00165354854600063 0.0109716808315629 0.999938442103781
0.0159481702019341 -0.0259552146832029 0.999535883646985
-0.0175717081578971 -0.0105497662420202 0.99978994669113
0.0130948536543336 0.00808632725963725 0.999881561045718
0.0014593794102333 -0.00296064302153426 0.99999455238748
0.00467828959999095 -0.00673325631890112 0.999966387867994
-0.0143999427730152 -0.00805629572465451 0.999863859606562
0.000829036591072061 0.00272132991533387 0.999995953522724
-0.00413588558936032 0.00175941284171571 0.999989899407411
-0.00336668159834598 -0.0158955259186012 0.999867990142092
-0.003782387155166 -0.000807130180884493 0.999992521016172
0.00523275471071375 0.00740595090543657 0.999958884239409
-0.00196605293235041 0.00566835733959158 0.999982002018505
-0.0180341486697918 0.0171898119648952 0.999689591746542
0.00516818373308037 -0.0113403966838179 0.99992233962441
-0.0107108555671873 0.0131223053752919 0.999856531045658
-0.00321923666188664 0.00903887512101594 0.999953966566392
0.00353942526702884 0.00666607744902057 0.999971517534486
0.00399393181065573 -0.000481539280595162 0.999991908281569
0.0168083010994903 0.0125712510452357 0.999779698064182
-0.01353170530763 -0.0168470180238231 0.999766508208378
0.00583084764582184 0.0180806903572284 0.999819528641013
-0.00262343494213435 -0.000576098162171839 0.9999963928435
0.00523312743024695 0.00164413268243017 0.999984955489342
-0.0199156961367637 -0.0354495322415733 0.999173005895997
0.00397297717501309 0.0120704306210353 0.999919256818764
0.000260484062491516 0.000376258525990961 0.999999895288782
0.00821229390988601 0.0023975949074605 0.999963404214073
-0.00404028703753627 -0.00491028712990577 0.999979782376102
0.0039340462156851 0.000477795467501904 0.999992147465101
-0.0218266635663332 -0.0241554403663417 0.999469915234206
-0.00591221155524387 0.00680483083763274 0.999959369190467
-0.000910732609977015 -0.00602374299166613 0.999981442371049
0.0222816137716997 -0.0262490561811333 0.999407082593139
0.00220732058799844 0.00775514611830411 0.999967492193874
-0.00214739009837935 -0.000406073002209295 0.99999761190739
-0.00694231334674935 0.00234443577121113 0.99997315359279
-0.0283672520207428 0.00940111985741361 0.999553359235123
0.0102254430880481 -0.00853742059425067 0.999911272445336
0.00130032717339035 -0.00725896366837879 0.999972807928147
-0.00285012984951055 0.00351948144689976 0.99998974495251
-0.0150728530114777 0.0119344529439491 0.999815171886796
0.00413719474568725 -0.000370633769411905 0.999991373087911
0.00398639044017556 -0.0124536202800437 0.999914504361837
0.00171886637395129 -0.002467778872187 0.999995477772688
-0.00263250564115928 -0.0123156353033072 0.999920694375872
0.00406332012533037 0.00890405551960838 0.999952102465344
0.00479706980541292 0.0154077917206578 0.999869785559887
0.000767033174448583 -0.00236602374956623 0.999996906791079
0.0025481864487093 0.000868244753466793 0.99999637644187
0.00994720721759099 -0.0313558369495778 0.999458785822488
0.00066527838375968 -0.000872998221817048 0.999999397639207
0.000505935611524435 0.00532991225177626 0.999985667929569
0.00527550698746009 0.00320771172732675 0.999980939624101
-0.0107092911118219 -0.00270683109008037 0.999938990213569
0.00843774708000793 0.0262107068030508 0.999620829751511
-0.00288428880596781 -0.00337047460963993 0.999990160341085
0.000299919744387353 4.79214380738577e-05 0.99999995387584
0.00686646644798 0.0107811667079221 0.999918305704488
0.000321878098873992 -0.0415819285378305 0.999135045733841
0.000576597140569176 0.00261484729226946 0.999996415048262
0.000706969582565925 0.0035551031805508 0.999993430696115
-0.00154003551527381 0.00699022309479769 0.999974382207713
-0.0140170014320033 -0.00381033894169228 0.999894496928553
-0.0017184736509117 -0.000279700174219702 0.999998484306913
-0.00497732153676221 -0.00180749459374278 0.99998597951852
0.00955168154280784 -0.00811550403053709 0.99992144890188
0.000379785330555866 0.0014571227361637 0.999998866277575
-0.000812940839125467 0.00179754100620846 0.999998053984868
-0.0075949527824144 -0.0125676152339549 0.999892180057212
0.00124122146744294 0.0126835625540298 0.999918790007572
-0.0103358493959353 0.0094507743855349 0.999901921730716
0.00591574743158557 0.0103117938617822 0.999929332922921
-0.00555697493171626 -0.0232266092945242 0.999714781650391
0.00226038992542667 0.00330829160222964 0.999991972889813
-0.0022348675156574 -0.00620430159261561 0.999978255768062
0.0188059063268508 0.00184124445360383 0.999821457914406
-0.00496863187026363 0.0010934986105603 0.999987058395321
-0.0104463012899083 -0.0280389796185775 0.999552244963368
9.2471390592554e-05 0.000583132152629516 0.999999825702952
0.0012361215323553 -0.00818037242042328 0.999965776169675
-0.00853794113030892 -0.00985309417441256 0.99991500643627
0.0146775901880182 -0.0232066615378042 0.99962293851559
-0.0142411894430563 -0.00111053447095305 0.999897972413404
0.00394124299219783 0.0233806408179606 0.999718866601315
-0.0105352881510215 0.0126377671653193 0.999864638110905
0.0109105734338747 -0.00614582840234932 0.999921591016312
0.00114541473631804 -0.00177019280752623 0.999997777218783
0.00184547986574751 -0.00438490215297703 0.999988683354554
0.00249566296934916 -0.00342011749431643 0.999991037191168
0.00244140244402558 0.00531238502110338 0.999982908913694
0.00853288265436327 0.00241245695939664 0.999960684209647
-0.00216597173402659 -0.00302912182147808 0.999993066469682
-0.0106720264881126 -0.000887983758272545 0.99994265802369
0.00685736593044092 -0.0149064184123953 0.999865378549838
-0.00654097850785409 0.0144030613897376 0.999874875883359
-0.0180085331413018 -0.0131086370635687 0.999751897406769
0.0127704366171378 -0.00291943359917551 0.999914192746591
0.014900078431532 0.00605107855348461 0.999870677693407
-0.00345576977121778 -0.00407596508816081 0.999985721980013
-0.00759643402064167 0.0124230876963079 0.999893974920471
-0.00189019770556744 -0.000589619468627755 0.999998039748837
-0.000645030940044463 0.00126609291817216 0.999998990471395
0.00534691538187858 -0.0151873303724698 0.999870369343975
0.00745394589416385 0.0172412451807244 0.99982357351446
-0.00373409549904212 0.0189472177759856 0.999813512345854
-0.00133480599851842 -0.00145298016126064 0.999998053568904
-0.00957382356639753 0.0288203937111851 0.999538757031788
-0.00372486065671308 0.00304608554525908 0.99998842332096
0.0185162774169911 0.026380240026132 0.999480480253007
-0.000902532203549972 -0.00539480427333496 0.999985040649346
0.00456826791543893 -0.00531322179997625 0.999975449999827
0.000714711461713309 -0.0109183573483531 0.999940137538413
0.00529423603404871 -0.00963160562255475 0.999939599794881
0.00246199735684616 -0.00569793535451819 0.999980735865302
0.004685662306576 0.0159939913481797 0.999861108759363
-0.00219773174649814 0.00340241825670277 0.999991796728942
-0.0082003581205936 -0.0285003172175454 0.999560146286952
-0.00497067657126542 -0.00789132316729508 0.999956508750802
-0.00508530950579109 -0.0269705434817109 0.999623293751967
-0.00223419303110406 0.00657807114020491 0.99997586838962
0.00557587664100967 -0.000696888294001908 0.999984211848562
-0.000633696028592522 0.00591369080457558 0.999982313188794
-0.00201521785312723 0.00299021150836491 0.999993498744937
5.92127025088874e-05 0.000408033770369481 0.999999915001145
0.0025837259944928 -0.00219126075318496 0.999994261351683
-0.000987593745248448 0.00454108172299804 0.999989201559387
-0.010799488626487 -0.025359937789469 0.999620050119404
-0.0137533679859885 -0.00871356533188437 0.999867450539445
0.00591349726203224 0.00619627721177317 0.999963317676627
0.000459376888280041 0.0120218102512872 0.999927629906863
0.00214661984222672 0.00427132710887097 0.999988573828712
0.00297174141404135 -0.00244699166305205 0.999992590464934
-0.015026774126734 -0.0460260665377455 0.998827210912081
0.00509442001956409 -0.00792401823108036 0.999955627425406
0.0067812442577429 0.0192695874849229 0.999791327090047
-1.11170459013701e-05 0.000130262353441511 0.999999991454065
0.00379994606049177 0.00752349028027622 0.999964478121068
0.0212417698562399 -0.0245837356657593 0.999472074224233
-0.00378110098767922 -0.0330594305787746 0.999446235334912
-0.00696024239741397 -0.0104922269284782 0.999920730958135
0.0189856730415504 -0.0201219635755222 0.999617252152555
0.000755231377596793 0.00265199681536241 0.999996198262002
-0.00103797656937023 -0.00564689423662143 0.999983517459224
-0.00133766648684296 0.00800086324892274 0.999967097876546
-0.00012592291846886 -0.000476695862478677 0.999999878452229
0.00584224113561769 -0.00777037130070845 0.9999527436576
-0.00168652035305813 0.0155615294045126 0.999877489721462
0.00128267279856465 0.00372658770759666 0.999992233617116
-0.00321358569580182 -0.00584839371662352 0.999977734331076
0.00256401485178874 0.0040248909299856 0.999988612975589
0.00232453546158317 -3.28730170455335e-05 0.999997297723475
-0.000358735098624197 0.00263209407271766 0.999996471688736
0.00305703026056179 -0.00249500828901207 0.999992214719507
-0.0103328737646019 0.00317755158138164 0.999941565735575
-0.00418236973498104 0.0104898589809115 0.999936233287884
0.00925476323975999 -0.0107105196358101 0.99989981204444
-0.0092057445930619 -0.0101040581987751 0.999906576773252
-0.00519734637831151 0.00616590844786165 0.999967484053175
-0.00224651733916312 -0.0106941113863085 0.999940292788275
4.37997162921708e-05 -0.00363356410562132 0.999993397624942
-0.000172663529537674 0.000160895891973392 0.999999972149908
0.00373736159904568 0.00413539981249427 0.999984465177669
-0.000218717294837847 -0.000216630869910172 0.999999952616905
0.00274987351769891 -0.002403273874021 0.999993331212925
-0.00242077530473025 -0.00435812060205491 0.999987573238659
-0.000399521392730847 0.00477195524981169 0.999988534347145
0.00453739340748461 0.0076098991436011 0.999960749977763
-0.0276910467815987 -0.00828205646931424 0.999582219464101
-0.00389106846064176 -0.00103479394947595 0.999991894361008
0.000528001516687621 8.45957840006246e-05 0.999999857028966
-0.00367114791001827 -0.00665801824209049 0.999971096315344
5.61295407574673e-05 0.000190385733804331 0.999999980301373
-0.000103167347707129 0.00514311356038948 0.999986768782169
0.00344537877460735 -0.0318917753272964 0.999485389603856
-0.00822342291295534 0.0174727796468294 0.999813521256343
-0.00603771719925218 -0.00708701493483738 0.999956659155953
-0.0122655868659133 0.00655286346878525 0.999903303004443
-0.00343942919058312 0.0118005838636035 0.999924455420169
0.0186786377621006 -0.00689132345266716 0.999801789432497
0.00101347626109057 0.00587438391767536 0.999982232081879
0.00295328040110898 0.00653772862547513 0.999974267788573
-0.00310134172156823 -0.0058544097913655 0.999978053541937
0.000917973467224638 -0.0241084521873879 0.99970892756734
-0.00129361941644247 0.00680866920218588 0.999975983997866
0.00202367036196677 -0.00621665226255941 0.999978628768092
-0.00346653943107617 -0.00470438260193297 0.99998292579859
0.000551616086515601 6.22002513011444e-06 0.999999847840491
-0.00747223312056889 0.00937705659905272 0.999928115687188
-0.00354072206715824 -0.00332036560396541 0.999988219160356
-0.0128312495955126 -0.00272281348896083 0.999913968959591
0.00492179059391691 0.008847800719289 0.999948744886347
0.00500223453178051 -0.0121449528155011 0.999913735164588
0.000426088081527458 -0.000126647520500401 0.999999901204671
-0.0007573069596479 0.00891465892756868 0.999959976870262
0.0143575138005343 -0.0252772435445108 0.999577372070946
-0.00367569202474022 -0.0014153302821768 0.999992243034081
0.00575455733798806 0.00427559666119737 0.99997430184132
0.0204370230874597 0.0230123147296303 0.999526268518295
-0.0190391635415378 0.0224138766179918 0.999567470652478
-0.00864900555581745 0.0100938030163567 0.99991165101901
-0.00678056632862048 -0.00642031290959277 0.999956400800758
-0.00526975828535879 0.0010413903295158 0.999985572472821
-0.0044246458397407 -0.000226801883790755 0.999990185486887
-0.00141025533371694 0.00673983768818559 0.999976292602895
-0.000713772360013526 0.00146265726460589 0.999998675580495
-0.00391382751401274 -0.00781672107231808 0.99996178968292
-0.000388556473398136 -0.00145536252079123 0.999998865471256
0.00727274482843654 0.000665415058689092 0.999973331847135
0.000424897670588519 0.00634824281933247 0.999979759432698
0.00584576950035994 -0.000785012707631813 0.999982605215709
-0.00105565167135683 -0.00176766441475583 0.999997880478787
-0.00191660764695241 0.0025615204080825 0.99999488260107
-0.00657240723889487 0.00115607463947004 0.999977733229353
-0.00192249693115661 0.000733584575727213 0.999997882927369
-0.0235692128990112 0.0286908534147804 0.999310425810545
-0.00445587203932641 0.000851999025000317 0.999989709598069
-0.000448532309453338 -0.00160383097421899 0.999998613271525
0.00678315815455516 -0.0116132601179409 0.999909556387418
-0.0206983747058122 0.0325364227272942 0.999256202623055
4.15803719787686e-05 0.000510564295369949 0.999999868797578
-0.00199173453423597 0.00781509350266446 0.999967478124709
0.00509630565831971 -0.00660317554312871 0.999965212265599
-0.0224634194175286 -0.0320037943346413 0.999235283572522
-0.00249844962083189 -0.000946801372488115 0.999996430651957
0.00304571139014669 -0.00237528236701077 0.999992540810083
0.00314999838379812 -0.00293059940676739 0.999990744505817
0.0112236436829096 -0.00217390847982292 0.999934649836878
-0.00100239092895555 0.00975135695179812 0.999951951970706
0.00473067012897862 0.00533490153429423 0.999974579469774
-0.00287958298854672 -0.00504718199748467 0.999983116835328
0.00107097984034777 -0.00931054956167277 0.999956082370142
-0.000117092707769495 9.69705356164235e-05 0.999999988443007
0.00296109105501439 0.00332586921099576 0.999990085217726
0.000925399000118551 -0.00536764774392898 0.999985165887168
0.0254780279941679 0.0236395653879132 0.999395838013046
-0.000565392083355996 -0.00331120776616156 0.999994358101545
0.000974660402731533 0.00102191527722441 0.999999002862636
-0.00906530071429888 0.00278660047650697 0.999955026579068
-0.00547754993710829 -0.00874937623505746 0.999946721011767
-0.0222181739965799 0.00289525499047429 0.999748953609254
0.00428638089681531 -0.00437265615498245 0.999981253232758
-0.00610522996442577 -0.00960771684602003 0.999935206872969
0.00970385425215011 -0.000300200436875969 0.999952871435625
-0.00025296407668125 0.000455613435048322 0.999999864212778
-0.000466237113824558 0.0229578438574184 0.999736325252
-0.00332466931796196 0.0104424174500535 0.999939949442828
0.00561664523930348 -0.0105065054467725 0.999929030801463
0.00483171795692443 0.0112983645474599 0.999924497879784
0.00261036033504115 0.0028763015200802 0.999992456425791
-0.01376926171412 0.0234514667735521 0.999630149674377
4.78833212577221e-05 0.000624516082912626 0.999999803843406
-8.29059197775652e-06 0.000103059537733727 0.999999994654999
-0.0115064182192256 -0.00906099956121968 0.999892744561493
0.01314868821196 -0.00297992623723993 0.999909111888638
0.00693898994512692 0.00512420825112539 0.999962795762093
-0.00178556892517567 0.00108196392618362 0.999997820546463
-0.00583953339578407 0.0264314852380121 0.999633571083841
-0.0011565169268561 0.000896088914340253 0.999998929746055
-0.00865020994060038 0.0112687675778485 0.999899089281143
0.00110347932738142 0.00966137917104106 0.999952718925194
-0.0024816026511535 -0.00145385652196662 0.999995863966194
0.00624511523027983 0.0280952727858169 0.999585741286285
-9.89263388091368e-06 0.00010122346043655 0.999999994827974
5.8693819225487e-05 0.000658540041731076 0.999999781440001
0.000801687320459833 -0.0035828071554557 0.999993260372452
-0.00319981238210908 0.0288773515262943 0.999577840775568
-0.0083448821514296 0.0153604354081291 0.999847198308797
-0.00130315098464699 0.0037714783122286 0.999992038842736
6.85351720351912e-05 0.000643318319153708 0.999999790722213
-9.04557090347394e-06 0.000100879676409292 0.999999994870734
0.00644885009751736 -0.00112729634518429 0.999978570538074
0.00570562029448341 -0.0108982939722341 0.999924333680079
-0.00340270910793389 -0.00784484353732086 0.99996343933196
-0.0157963298852859 0.0271214647742237 0.999507329693312
5.71796060764629e-05 0.000596567170336771 0.999999820419036
-8.86857764005223e-06 0.000104246219022315 0.999999994527037
4.71615536759796e-05 0.000624023805489733 0.99999980418502
-2.36135684098142e-06 2.71641580800021e-05 0.999999999628266
0.0110467620787834 0.00451134216287969 0.999928805885431
0.000539673149747274 -0.00320424040274115 0.999994720784231
-0.00397859911285544 -0.001525480037752 0.99999092178867
0.0263931394206679 -0.0184911816679925 0.99948060431008
-0.000113746498486642 0.00544207766291359 0.999985185316485
-0.00475475065836544 0.00104085426657775 0.999988154414127
-0.00728786061222187 0.0012042210259769 0.999972718097558
0.00741151272132094 -0.0215549179152051 0.999740193746781
-0.0249598692778277 -0.0174882557215341 0.999535475027001
-0.000146308606462076 0.000176590730184686 0.999999973704753
-0.00525575612765305 -0.00353167825854993 0.99997995193714
-0.00905583037740884 -0.00759449276951209 0.999930155368739
-0.000359838157853926 -0.00564335185507232 0.999984011420353
0.000714257306910711 -0.0303025963530085 0.999540515682464
0.000161528828520593 0.0410874145694535 0.999155542582052
0.00611383497752901 0.0101308818646726 0.999929990676603
8.26143792362911e-05 0.000599209457741844 0.999999817061428
0.00490697759827373 -0.000807738775875527 0.999987634488007
0.00403091297736411 -0.00437178498376508 0.999982319462012
0.0015842890612302 -0.000113155767675971 0.999998738611176
-0.0179739221555249 -0.0243416949728298 0.999542105170261
-0.0193131673788403 0.0280083565686258 0.999421099200993
-0.809019817751889 0.587781341222355 -0.000171451304860081
0.0182911453641301 -0.0249593641577663 0.999521117406785
0.00240723044896547 -0.0041210985840616 0.999988610829156
-0.0211212816623377 0.029754771839784 0.999334050762658
0.00355995583349462 -0.018545893909911 0.999821672366401
0.00198360808271377 -0.000198453242487463 0.999998012955668
0.00180176371137079 0.0100717069923136 0.999947655812938
-0.00236186523592431 -0.0030489846689639 0.999992562614891
-0.00902783192636184 -0.0146202552676448 0.999852362294863
0.000112612077448099 0.000532416192462812 0.999999851925748
0.00971648167720568 0.0116100308118086 0.999885392016688
-0.000518195226677327 0.0011750886416909 0.999999175319856
0.00765998494296067 0.0534285956736365 0.998542292441846
0.00370768410267408 0.00111904513870693 0.999992500380164
0.00217048248570286 -0.0120351273752507 0.999925219561363
0.000133828811693259 -0.00671743284824988 0.999977428838161
0.00379466319955958 0.00195967579178929 0.99999088005941
-0.000427295283817085 -0.00341524220327743 0.999994076752174
0.00476121762280444 0.00696591769892881 0.999964402765098
0.000227824799756931 0.00014014483411061 0.999999964227642
-0.0202597389870914 -0.022339088399879 0.999545150608834
-0.00554404410695434 -0.00951917132422434 0.999939322635249
0.00276789047086767 0.0250564932671659 0.999682204966905
0.00363030727535335 0.00824671898460833 0.999959405423578
-1.00902805491126e-05 0.000134706283009346 0.999999990876202
5.34034657752103e-05 0.000644206234790605 0.999999791073177
0.00747381648325188 0.00983197843433442 0.999923734225386
-0.00449823531769985 -0.00429916993785318 0.999980641321057
0.0080681734756661 0.0104765162942014 0.999912569769529
-5.46175257383848e-06 7.7078797895158e-05 0.999999997014514
-6.28165024506783e-06 7.37309465700091e-05 0.999999997262144
-0.00425707350935215 -0.00327510246822922 0.999985575410445
0.000609950597537131 -0.0113911366670345 0.999934932865985
0.00394882469119382 -0.00589453913588355 0.99997483027921
-0.00373287710114797 -0.00229407294716943 0.999990401382864
-0.000603096577885499 -0.00572749133735399 0.999983415921233
0.00440343692197238 -0.00547810790465811 0.999975299733478
0.00048481413709122 -0.0049330288216095 0.999987715015488
0.00139968571831862 0.00312753906747034 0.999994129672405
0.0065845804110949 0.00396295822717004 0.999970468695401
0.00589917982290711 0.0116387670535679 0.999914865765526
0.0235208759826316 0.0177220333648124 0.999566254895805
-0.023531445146188 0.0184450254481054 0.999552926125251
0.00111196931590602 0.00220610743420073 0.999996948302458
-0.00415935562912906 -0.00261989459367067 0.999987917883546
0.000421151670627987 -0.00123625053647059 0.999999147157577
4.94316046579907e-05 0.000580364605389881 0.999999830366706
-0.00297467793741661 0.00545189992933506 0.999980713853187
-0.00448856010325244 -0.00419828450580392 0.999981113439353
0.0163840661631549 0.00999742990190633 0.999815789918982
-0.000208023117385078 0.000215412264407207 0.999999955161968
5.44397866350992e-05 0.000639568062008872 0.999999793994481
0.0028141286783991 0.00723707525199014 0.999969852256346
-0.00284676721368855 0.00297935017424139 0.999991509658442
-0.00178906481284353 -0.0101450402405919 0.999946937294981
0.000571131355672948 0.0119030073351784 0.999928993591722
0.00129295250969739 -0.00373494163657402 0.999992189211885
-0.00309033465787127 0.0032166819743498 0.999990051344901
0.00630824914357522 -0.0304775254732225 0.999515545868983
0.00785360766113994 0.00869748796805612 0.999931334917428
0.00928330379587889 0.00363206968247316 0.999950312935825
0.0125039921438503 -0.0286688590327415 0.999510753670128
0.0165472028450262 -0.00386958687675033 0.999855597761701
0.00223936210709981 0.000381239263280593 0.99999741995366
0.00231333583675431 0.000410991500902259 0.999997239777837
-0.000721714937881053 -0.00113941559365926 0.999999090429413
-0.00499490452631575 0.0069721855196614 0.999963219102509
-0.0228881402049927 -0.0200105363655812 0.999537748898119
0.0234686992387302 -0.0200237365180729 0.999524021788319
0.00433668849865384 0.000165573910600981 0.999990582814731
-0.0035910326296643 -0.0192500014624236 0.999808252580638
0.00738174870410191 -0.00114105713044225 0.99997210349824
-0.00228618491127968 0.00260046522456044 0.999994005451616
-0.00786665692061154 -0.00743769079842893 0.999941396515056
-0.000896811794058276 -0.00462344817668136 0.999988909666284
0.000166926807182014 -0.000628688228978864 0.999999788443254
-0.00308768812440221 -0.00444168948712808 0.999985368681235
0.00338256759794946 -0.00737357993542271 0.99996709373628
0.000531624380543458 -0.0101885864677172 0.999947953686245
0.000257808878846633 0.000413870634736034 0.999999881122833
4.7360392603502e-05 0.000570190274167027 0.999999836320009
-1.43422163005868e-05 0.000159270777696969 0.99999998721356
4.71571079373993e-05 0.000544213626557023 0.999999850803857
-5.8135989275971e-06 6.68774483984149e-05 0.999999997746805
0.00435006467720269 -0.00476227550865986 0.999979198618293
0.0028247944734126 0.00798131510967566 0.99996415893036
0.00663843457819223 0.00766297819868809 0.999948603654947
-0.000889586839643598 -0.0120738234488031 0.999926713025801
5.15968153784852e-05 0.000569812290456248 0.999999836325848
4.88151918997929e-05 0.00057846267431594 0.999999831498992
-0.0024204643960738 -0.00608397138832356 0.999978563092356
0.00561382528296921 0.0324980959328414 0.999456031412304
0.00250949816600315 0.000295118318352272 0.999996807656971
-0.00143956133035931 0.0033348819338145 0.999993403091072
0.00713966583375024 -0.00223302449062777 0.999972018995235
-0.01285126473138 -0.00277562808599444 0.999913566706409
-0.00268909090379235 -0.00362539450167872 0.999989812600518
-0.00177008008923695 -0.0032152900326196 0.999993264340557
-0.00287222997304513 0.00310771665176929 0.999991046156012
0.000813521554192585 -0.000160255697301305 0.999999656250337
-2.9937480399431e-06 3.77527784409242e-05 0.999999999282883
0.00121123695323658 0.00597254477543086 0.999981430634564
0.00868458035606434 0.00206451386607024 0.999960157129541
0.0275925907233436 -0.0148866711506482 0.999508397142929
0.0257854987393678 0.0149509323295707 0.999555690132991
-0.0249870801727171 0.0146815163895083 0.999579961234191
-0.0266979153298941 -0.0148272258698909 0.999533578570546
-0.00164035056398855 -0.00592909881383695 0.999981077339608
0.00488021419701316 -0.00620110901567154 0.999968864393471
-0.00375364002297873 -0.0086289801828618 0.999955724463629
-0.00078153874215986 -0.000486423049882906 0.999999576294816
0.00175914509817724 -0.00600674475018074 0.99998041202117
0.00483098019805068 0.00248080608693193 0.999985253507013
-0.00018230779592055 0.000407307074904231 0.999999900432402
-0.00373485423696194 -0.00983271994544927 0.99994468271115
0.000633386046120368 0.0117566657386866 0.999930687414295
-0.00326821980878523 -0.00331535877167102 0.999989163509034
0.00186841038156514 -0.00122297742813879 0.99999750668132
0.000930778954184074 -0.00636312004003213 0.999979321963157
-0.00517006251521321 -0.00394658724493263 0.999978847227634
0.0131712291618568 0.0127938067271322 0.99983140440366
0.00219747196048518 0.00556620782332772 0.999982094063414
-0.000919294670195948 -0.00256505407243964 0.999996287690567
-0.00282846010929701 -0.00376351590717059 0.999988917819306
0.0112145021976751 -0.00664854189190915 0.999915012304131
0.0143967542595745 0.00358917838215352 0.999889919573815
4.7913392117069e-05 0.000558900779256525 0.999999842667101
-1.95643000777968e-05 0.00021117269946836 0.999999977511664
0.00544567761202474 0.00330291629790606 0.999979717463947
0.00189067950440855 -0.00122043771285637 0.999997467928195
-0.000437993261555839 0.00105963226952487 0.999999342670462
-0.00111752852120469 0.00319300527569158 0.999994277907286
0.000610828360542053 -0.0142309034958817 0.999898548991049
-0.0228549232422994 -0.00977491201249874 0.99969100405012
0.00279347471560599 -0.000106053196117209 0.999996092618233
-0.0114440112969453 -0.00257243405735029 0.999931206227936
0.00379341058398748 0.00260038156493955 0.999989423970003
-0.00299894488211998 0.00751878152427326 0.999967236590272
0.000356952101221611 0.000208865378694783 0.999999914480222
0.000661333291779798 0.0155022708905808 0.999879613871346
-0.0053110197741625 -0.00729512200555508 0.999959286303139
0.00320107039821506 0.00344551906844307 0.999988940712173
0.00348135212912509 -0.00762486569330637 0.999964870188204
-0.0075916177459569 0.0057207903233352 0.999954818928373
0.00106830624275634 0.000475919269404161 0.999999316111077
0.0118067847226119 0.00136645444282434 0.99992936382365
0.00149528286049392 -8.09865242834547e-05 0.999998878784547
-0.00199155643066854 -0.00368213072176462 0.999991237769777
0.00453327064305522 0.0112195337159178 0.999926783079878
-0.0135267785804334 -0.0179876719576821 0.999746702879674
-0.00113317680660553 0.0016148437947856 0.999998054093029
-0.000501883384659738 -0.000327715610584941 0.999999820357757
-0.00878346418851917 0.00574316797119535 0.999944931873003
-0.001555906293673 0.00675888134343274 0.999975948050047
-0.000608306298532929 0.00301252404586432 0.999995277320008
-0.00489330408955764 0.00926294266341177 0.999945125228531
-0.000444744868676066 0.00139317813936613 0.999998930627765
-0.00314208501205556 0.00337674368275507 0.99998936239536
0.00842992032350575 0.00606167770029704 0.999946094800513
-0.000380599282421769 0.000867239299419187 0.999999551519991
0.00412468762635871 -0.0059006256719167 0.999974084448525
-0.00313369890572342 -0.000693144759716403 0.999994849727493
-0.000448353392986409 -0.000364642984172817 0.999999833007351
0.0103530579669257 0.00627141630937927 0.999926739080523
4.72431630898587e-05 0.000543467521765527 0.999999851205557
-1.68122996098999e-05 0.00016004108332918 0.999999987052099
3.89265638368e-05 0.000447796502088458 0.999999898981503
-9.23072870087097e-06 0.000128040951382735 0.999999991760154
-0.00796053136766851 -0.00903834554293883 0.999927466494541
-0.00393253510638572 -0.0081728321851643 0.999958869144982
0.0163759705511891 0.00136716587677429 0.99986497010645
-0.00365189496342989 -0.00411993919457567 0.999984844767264
0.00347552354279096 0.00372181990947545 0.999987034312278
0.00919605498191187 0.000839838929297708 0.999957362712702
0.0068087026305843 -0.00250042103676323 0.999973694385571
0.00719127009737844 0.00764972957739292 0.999944882116899
-0.00508969911634933 -0.0167336645398119 0.999847028016773
0.000582555558732781 -1.58867290545829e-05 0.999999830188302
-0.00397934768710478 0.00675465099422594 0.999969269268777
-0.00261042462784528 -0.00495872597826893 0.999984298236695
-0.000652643862014592 0.00149302746387005 0.99999867246161
-0.00195699112479864 -0.0263220733587961 0.999651598628158
-0.000233461697695171 -0.000682492818428601 0.99999973984956
0.0289334923167947 0.00867994917756499 0.999543651625395
0.00386161809541102 0.00119923927778167 0.999991824832003
-0.00564579396181617 -0.0341019896804565 0.99940241109894
0.0010844752235673 -0.000613147553204761 0.999999223981483
-0.00229088893885939 -0.00235511708894934 0.999994602611118
0.019969872465457 -0.0208533762549814 0.999583083536572
-0.00449616385492326 -0.0077490729515068 0.999959867384178
-0.0157080862245621 -0.0146637996361384 0.999769087843484
0.0106671544616629 0.00279979234147972 0.999939184640014
-0.000553329981576785 0.0013635612315122 0.999998917262764
-0.0006904439373973 -0.00882857654558561 0.999960788992923
-0.00474224826528189 0.010976716390772 0.99992850883384
-8.540480504543e-06 0.000101810421459889 0.999999994780849
0.000587630423160467 -0.00556099747634457 0.999984364876548
-6.19126229400396e-06 7.06904334542485e-05 0.999999997482265
0.00337147828269493 0.00275134115497296 0.999990531583194
0.000270213422534267 0.00129771190173247 0.999999121463877
0.0317806335315505 0.0102170837860404 0.999442645943849
0.0272987244249708 -0.00801808091889409 0.999595163065102
-0.309000600317095 0.951061667187231 -0.000578109608847902
-0.0305129073245981 0.00976246585696953 0.999486696633323
-0.00382418994567497 -0.00078842123951844 0.999992376952549
0.0127102704599297 -0.00496830518842799 0.999906878148355
-0.0021710801611712 0.00379716290923732 0.999990433936632
0.00182017221172919 0.00318738288419017 0.999993263759046
0.00351380388659441 -0.00226193040319357 0.999991268388428
-0.000161735814555248 0.00397654972550579 0.999992080415544
0.000675137217549043 0.000493160139760485 0.999999650491346
-0.0174801447861974 -0.0301331633818633 0.999393034297746
-0.0230911083333521 -0.0254432133952238 0.999409547486946
0.00059801684232436 0.00576382767609252 0.99998321019224
-0.0010762658414352 -0.00129628974979231 0.999998580641354
0.000126127214344078 -0.00306559579530655 0.999995293096095
0.000755530523868948 0.00162639839986244 0.999998391999643
-0.000268132110860066 9.87038822026788e-05 0.999999959181357
0.0107170867403282 0.0243167161519974 0.999646858329172
-0.00387313485273981 0.00402624822984269 0.999984393954028
-0.0125416374851954 0.00596325749413978 0.999903568795136
-0.00379675999910495 0.00147997435094653 0.999991697110246
0.0150871247006075 -0.0230408462788211 0.999620677092578
0.00330965428269864 0.00439254119045096 0.999984875770838
-0.000471276403439743 0.00358567474986365 0.999993460396187
0.00299844183950354 -0.00191009818912396 0.999993680415753
-0.00111964927339744 -0.00386950704862575 0.999991886617439
-0.00202633987168721 0.00111462736697891 0.999997325772703
0.00546422428955399 -0.00263356750194147 0.999981603118341
-0.00486442580357927 -0.00450197588750306 0.999978034546114
-0.00498113219329987 -0.00215108051173105 0.99998528047902
0.00906768647468128 0.00848735957977424 0.999922867920001
-0.00782541557186797 -0.00788944464499261 0.999938257861115
-0.00301098237531464 -0.00951169290078851 0.999950229603102
0.00304781364857813 -0.00191901577922907 0.999993514084168
-0.00137259059362156 -0.00187402872277151 0.999997302002065
0.00206676396750473 -0.000635028864088468 0.999997662609791
-0.00768946127697143 -0.0158832998044984 0.999844284362615
0.00104723519212317 -0.0140348762423621 0.999900957868985
-0.00701157300754307 -0.00267477151691555 0.999971841324191
-0.00432378014095214 0.00574412636185158 0.999974154634825
-0.00255447757707247 0.00572025573476326 0.999980376466777
-0.00195061742362801 0.00632360780040743 0.999978103298294
-0.0093696205630483 -0.00860598247357701 0.999919070363282
0.00106027433501336 -0.000373191727087017 0.999999368272935
-0.00189128382689126 0.00487827670455625 0.999986312637268
0.00545301552386324 0.0303320326318215 0.999525003398174
-0.00605142928611583 0.0110966850805866 0.999920118701398
-0.000960586935940814 -0.00895333732465184 0.999959456689865
-0.000800534452509008 0.000806756788372427 0.999999354143829
0.00407109746039186 -0.00878737633623846 0.999953102991632
0.0032962683181426 -0.00224348891229906 0.999992050654742
-0.00472973101946191 -0.00839923889375782 0.999953540135985
-0.00502647254715707 0.0247029973357735 0.999682197749045
-0.00441785371764905 0.00621524136838769 0.99997092624899
-0.00431620446469733 -0.00420269877101373 0.999981853686385
-0.00035937867250359 0.00050089213837187 0.999999809977
-0.000381872325100561 0.000486436469149183 0.999999808776526
0.000672976800565606 0.00339330886448407 0.999994016260686
0.000977099496394056 -0.0044546055896399 0.999989600828736
0.000780943157406795 0.0121654445302875 0.999925693282839
-0.00367240607619306 -0.00746773789253272 0.99996537256266
-0.00366629934787277 0.00206341430669259 0.999991150246086
-0.00341693807354977 0.00363798245982494 0.999987544731345
0.00286420966070719 0.00153937177410366 0.999994713304806
-0.0074915819505838 -0.00408376423502471 0.999963598872254
0.000961616163821364 -0.00289854645829083 0.999995336850519
0.00537918215570654 0.00398933648900245 0.999977574545406
0.00489064282045883 -0.0112859968116182 0.999924351083006
-0.000145095778369563 0.003635074481512 0.999993382568469
-0.00132933845729862 0.00255010899078414 0.999995864893151
0.016570882494597 0.0123125498884824 0.999786880774395
0.00145389443859314 0.00212973831487968 0.999996675197309
-0.00148489436981079 0.00096295599603466 0.999998433901004
0.000831640893221287 0.0028595241576819 0.999995565737677
-0.00152631206575582 -0.0251774477194646 0.999681832633669
-0.0163825749512496 -0.00128181252003378 0.999864974981437
4.09870379334153e-05 0.000646885928002189 0.999999789929307
-6.68252561296511e-05 0.00554207811140534 0.999984640334336
-0.0024669873333571 -0.00996257707377836 0.999947329128663
-0.00367665761939014 0.00348480704973333 0.999987169071972
0.00191492922259106 0.000261741074283823 0.999998132267097
-0.00123094601350854 0.00298960241249705 0.999994773511005
0.00372942299179615 0.00499958399552402 0.999980547592812
-0.00779618078741986 -0.011244475521033 0.99990638628593
-0.00025513580825882 0.00044487225934682 0.999999868497188
-0.0278167866198537 -0.0127615794059623 0.999531574525393
-0.0247862174249801 0.0123600345478136 0.999616362897156
0.0261963697730922 0.0122940828604633 0.999581215178302
0.0308723356523818 -0.0137397993523983 0.999428895322285
-0.00221052669822959 0.00172093286341314 0.999996075973199
0.0114175121162363 0.0053444898921508 0.999920535265112
-0.00501347300989665 -0.00478060389292875 0.999976005169523
-0.00564972488489025 0.0063974503464975 0.999963575955539
0.00111723511806536 0.00832461497384539 0.999964725663475
-0.00240793097446474 0.00797893265293564 0.999965268647938
0.0247909719787359 -0.0180780929560044 0.999529184297999
0.00332002721606323 -0.00991289762240152 0.999945354446938
0.00277623984013309 0.00923678179341305 0.999953486095454
-0.00259377536637668 0.00783789813365269 0.999965919260349
-0.00324269614680935 -0.00907936299464796 0.999953523964645
-0.0107387352252135 0.0120209835450573 0.999870079320495
-0.00651377458355907 0.00698609747165908 0.999954381550874
0.00262708511674313 -0.00175009882835577 0.999995017776529
0.00378637572591892 -0.00406921782552335 0.99998455229326
5.34793726873312e-05 0.000631738691363847 0.999999799023071
-0.00419621776733039 -0.0192395796130039 0.999806096367073
-0.00060912954590628 0.00889583316045431 0.999960245766589
0.000669501671015883 -0.00398160146808507 0.999991849275414
0.00409186603895036 0.00422365786293808 0.99998270852379
-0.00696082677643805 0.00472759624773221 0.999964597735493
0.0013957655910207 0.00674532500757928 0.999976275933063
-0.00420788151264241 -0.00966500766503463 0.9999444391365
-0.00623917349587827 -0.00489984707000265 0.99996853161126
0.00399318499109238 0.00410581490326119 0.999983598244295
0.00125141653717888 -0.000860498144635775 0.999998846749132
4.40603999494176e-05 0.000613567560940812 0.999999810796747
0.00391441801857271 0.014432357235195 0.999888185946915
0.000247754215193585 0.00270590669294359 0.999996308336595
0.00314604563506802 -0.00437344241293234 0.999985487593857
0.010500540632547 0.0195038877096445 0.999754638404161
-0.000714411364624381 0.000841490175013052 0.999999390755158
-0.0247550519177688 -0.0183063652800218 0.999525919821384
0.00144772613237222 -0.00184127250676604 0.999997256898538
0.00302448627775145 0.00937974297603117 0.999951435272963
0.00302544410462343 -0.00194754704644953 0.999993526853285
-0.00875787743939927 -0.00405298631466344 0.999953435358212
-0.013020097241767 -0.00969958764586824 0.999868188846567
0.00404306444997981 0.0108918578973277 0.999932508253131
0.000620569100192933 0.0113567194369973 0.999935317816918
0.000421108089203561 -0.0115626487243614 0.999933061670857
0.00319275370488621 0.0132399365045176 0.99990725090137
0.0047579424800452 -0.00355080694036796 0.999982376721425
-0.00330847281668298 0.0159348620899473 0.999867558318498
-0.00384326705144291 0.00839074014952619 0.999957411482166
0.00256719355923006 -0.00142991162114501 0.999995682425672
-0.00882561567146554 -0.00644705014924201 0.999940270242375
-0.00988333279161846 0.00702406323847488 0.999926488432301
-0.00257300889433693 0.00176494562482979 0.999995132284238
0.00206796745246281 -0.0084405245996441 0.999962239814634
-0.0111459569210191 -0.0338396726971007 0.999365120562084
0.000662499338575611 0.0101181948780577 0.999948590292039
0.00751541069609825 -0.0184545716810228 0.999801453982809
0.00140875053446438 0.00424364100133881 0.999990003416526
0.000682885055287699 0.0032884725761996 0.999994359792153
2.73694350970062e-05 -0.00819232240038921 0.999966441989231
0.0018581643519548 0.000935683596168476 0.999997835858383
-0.00738858233039223 -0.00451408993460065 0.99996251521905
-0.00596250027688947 0.00424986129892215 0.999973193275394
-0.00258128618704604 -0.00177333499770832 0.999995096110279
0.00162377268396036 -0.00128509472926546 0.999997855944605
-0.00245106690997714 0.00302830932959021 0.999992410778005
0.000278606864728592 -0.00565257333322627 0.999983985268228
0.00954789085732061 -0.00973525748097621 0.999907026948984
0.0025567338658846 -0.00402529117031781 0.999988630006828
-0.00144773812939617 0.00832378291376598 0.999964308709223
0.00723174218568041 0.011280072441549 0.999910226905733
0.00304911002608314 -0.00223931062063853 0.999992844182394
0.00162418407753453 0.00358549876643966 0.999992253082332
-0.00133019803948363 0.00370748433364655 0.999992242536457
-0.000861161718612973 0.0118167131441342 0.99992980938212
0.00361719174286025 -0.00404003844346359 0.999985296898545
-0.00117847990839527 -0.00911827876271744 0.999957733195514
0.00548738862934071 0.00433152132844771 0.999975562945921
-0.00906030178534145 -0.00764974973464135 0.999929693658787
-0.00218519390180256 0.00755333843737663 0.999969085525179
0.000699700259484793 -0.0092417050036927 0.999957049731723
0.000904219969574072 0.00485377238894878 0.999987811565643
-0.00351633741627054 -0.00476858055605268 0.999982447851289
0.000964044948651657 -0.00104107781573115 0.999998993386653
0.000794666406141551 0.00660922847491195 0.99997784305667
0.00176534958653426 -0.0111037467207552 0.999936793177248
-0.00879589686917415 0.00690687341334593 0.99993746169344
-0.000717694738703334 -0.00939272619680516 0.999955629820071
-0.00796923123466739 -0.00552411662140689 0.999952986639413
-0.00119443415268631 -0.00221641455674374 0.999996830411761
-0.00489254448863219 -0.0144125419163432 0.999884164112992
-0.00393502374654966 0.00420938356700726 0.99998339820124
-0.000835609161931969 -0.00152740531364129 0.99999848439402
-0.00298078221933431 -0.00789715204725648 0.999964374328858
-0.00216619889555348 -0.00107417843106507 0.999997076857249
0.00481503224306168 0.00419581507410149 0.999979605092205
0.000293859742237588 0.000640816104618745 0.999999751500555
-0.0111388976532698 -0.00765950003142184 0.999908624334413
-0.00185904112286292 0.00679682191074011 0.999975173280826
0.00227117895287693 -0.00820832880080101 0.999963731884543
0.00845253739148013 -0.00342250259063371 0.99995841967937
0.00941434109225725 0.00477940025285551 0.99994426220416
0.00583664610950431 -0.00542741665865829 0.999968237850886
0.00227735656150907 0.0077802646092691 0.999967140024962
0.00121021514410398 -0.00232719749724803 0.999996559759639
-3.99678234083078e-05 -0.000262754595605925 0.999999964681297
-0.00060096317520166 0.0011491665643724 0.999999159129381
0.00837045460289371 0.00352643316152205 0.999958749028628
-0.00599262521446494 -0.00603870443971766 0.999963810591028
-0.00157415677698454 0.00598142607125696 0.99998087210336
0.0063358113435645 -0.00285185607360567 0.999975861914454
0.00107655596175689 0.0115194179754777 0.999933069778556
-0.00671554877148578 -0.00769225226457864 0.999947863970815
0.00452033616058877 -0.00754364962998085 0.999961329207913
0.000366420874608661 0.0131493878286193 0.99991347592453
-0.00159585059750834 0.00250649612443295 0.99999558535928
0.00353017956168148 0.00862193518480097 0.999956599091146
0.00331670429280669 0.00553454807267282 0.999979183908478
0.000327478627935719 0.000361667133848337 0.999999880977309
0.000908779878173882 0.00195724437628025 0.999997671654082
-0.00153109576673854 0.00184569514095106 0.999997124573466
0.000280035317279854 -0.00506206950835857 0.999987148433675
0.0011249259970801 0.0105061523134566 0.99994417609438
-0.035328654365882 -0.0319769619908391 0.998864034832836
-0.00131067385660224 0.00268109897617308 0.999995546911246
0.00452775994682468 0.0012272578526567 0.999988996553476
0.00132067994334826 -0.000161469779661901 0.999999114865607
-0.00112766979956294 -0.0065408899384071 0.999977972317209
-0.00330626634905089 0.00446513598121054 0.999984565462637
0.00295750622757168 -0.00604255571651503 0.999977370082607
-0.00436079612130609 -0.0091092411076116 0.999949001291382
0.0235611644074792 0.0161925235948149 0.999591253318773
0.00358456763920454 -0.00885988474981284 0.999954325615455
0.00050606560375429 -0.0025451513495864 0.999996633045438
-0.00280984719584246 -0.0165672143954558 0.999858806115099
0.00310588872913569 -0.000540339328305049 0.999995030731959
0.00072479117037229 -0.00131510480800384 0.999998872587916
0.0184373448240708 0.0137179692710447 0.999735905944623
0.00102971532906056 0.00281449644714131 0.999995509137961
-0.0005443069570282 0.00104200941591779 0.999999308972918
-0.00225396426358967 0.00197056097867354 0.999995518257221
0.00269329211630325 -0.0019919594515988 0.999994389121819
0.00154702422488509 -0.00623012827259544 0.999979395896613
0.00866338331717306 0.00664580293782312 0.999940387769597
-0.0159766617514402 -0.00722642759929387 0.999846250692291
0.000637336125886866 0.000243103058011708 0.999999767351756
0.00297505079350904 0.00180764660486824 0.999993940724907
0.00478427120701113 0.00444179842130903 0.999978690360851
-0.000843665876821341 0.00459373574382149 0.999989092850419
-0.00518691067603081 -0.00963087074514614 0.999940169353312
-0.00549768512253153 0.00273055501537995 0.99998115958632
-0.000506294102059174 -0.0126357498388441 0.999920037549149
0.00083843992332619 -0.00370661227542397 0.999992778995896
0.000209310678095355 0.000999862978158024 0.999999478231396
0.0115140291876299 -0.0041183881790126 0.999925230210076
-0.00126800729152476 0.00609146420219393 0.999980642923343
0.012814828402092 0.0123687647379904 0.999841384336476
-0.000859192564733352 0.0020422550391666 0.999997545488234
-0.000839089649864285 0.00726310104020914 0.999973271288708
0.00695516068384381 -0.00628113475391571 0.999956085578794
0.0161282652742831 0.00813112795684097 0.99983686860277
-0.00349219889283768 -0.00670599140855936 0.999971416704558
-0.00133404979902904 -0.00358255287342153 0.999992692786324
-0.00208956567023958 -0.00392983086343891 0.999990095023293
0.00362273683761811 -0.00566187506118158 0.999977409219127
-0.000155274192461141 -0.00246072705840699 0.999996960351515
0.00235656891559603 0.00112130740837913 0.999996594620523
9.47699136399293e-05 -0.000455595229315998 0.999999891725819
0.000233736497414126 -0.00225431321948866 0.999997431716281
-0.000953297748641773 -0.00400346334436947 0.99999153171647
0.00125270763831252 -0.00243885577344826 0.999996241345981
0.000452316402251059 -0.000779617392172645 0.999999593803215
0.00189009277915825 -0.00311174971589488 0.999993372259532
0.000871637465299168 -0.00091428216894778 0.999999202167804
0.0113092853828966 0.00797480667520637 0.999904246676961
0.00165023720303594 0.00185076248243964 0.999996925692978
-0.00083986878958611 0.00175344965396063 0.999998110015578
0.000579995043739827 -0.00102861696466556 0.999999302776202
-0.000763154832369044 -0.00283388842733659 0.999995693326268
0.00406890911046999 -0.00932248979081316 0.999948266243185
-0.0013740886660901 -0.0053374984986288 0.99998481137971
0.00117697278884898 0.00715571210401214 0.999973704913954
-0.0340605818013615 -0.00916395471729596 0.999377755756697
-0.00130802774672427 0.00232591110473673 0.999996439594135
0.00546019539918957 0.00414409016025586 0.999976506115492
-0.0013102102160026 0.0052760000591968 0.99998522347711
0.00193161888208354 0.000965889402525557 0.999997667950359
-0.00377698310169683 -0.00929346058825234 0.999949681728508
-0.000438378415502402 -0.0033129265417073 0.999994416155457
0.000501211878250035 -0.003581798195648 0.999993459732782
-0.00240642590063509 0.00180089441477686 0.999995482936644
-0.00149638030203414 0.00184745618106088 0.999997173871832
0.00341452889047243 -0.00624448359410155 0.999974673387831
0.00606847411954758 0.00877017171925879 0.999943127237682
0.00809606181833994 -0.00268357132484219 0.999963625452435
0.00478389877926132 0.0161162399599242 0.999858680575422
-0.00150397387087049 -0.0023711470514794 0.999996057854358
0.00732041279145559 -0.0111318229514295 0.999911243098277
0.00198985632696719 0.00980018331767223 0.999949997189229
-0.000230043446559867 0.000915449308500053 0.999999554516189
0.000239751355351612 0.00048076554999557 0.999999855691876
0.00669967592337832 -0.0137998457538673 0.999882332377011
0.00571489901356113 -0.00690585722706253 0.999959823725546
-0.000439133064541087 0.00898553334343555 0.999959532857548
0.00416354078353969 0.00109816109369431 0.999990729442206
0.000137097271717066 -0.00175178314941147 0.999998456228876
0.0076624701272843 0.00412264251783853 0.999962144468589
-0.00402487582447834 0.00424848587658093 0.999982875224548
-0.000202155082734211 0.000608394838763718 0.9999997944945
-0.0236777643445234 0.00694925955538698 0.999695489270246
-0.00606088073346374 0.00345680222782591 0.999975657825276
-0.00017859656501296 0.000197552987333062 0.999999964538042
-0.00450554485013541 -0.0132216825383993 0.999902438829138
0.0134806754046524 -0.00548593750626656 0.99989408233088
-0.00296621391518819 0.0026431609249927 0.999992107606522
0.00626531745895692 -0.000977656206377258 0.999979894790631
0.0107317467387373 -0.00198931901979885 0.999940434336853
-0.00253874461470972 0.00608147127629545 0.999978285005678
-0.0116267616374909 -0.00574337055695877 0.999915912518883
-0.00022608240994105 0.00126859421351164 0.999999169777388
0.022685100114905 -0.00955874097487143 0.999696962435993
0.00127978149528514 -0.00015949748755894 0.999999168359592
-0.00301146964473306 -0.0256909496581842 0.999665397098569
-0.00107196900801066 0.0124458893694843 0.999921972315964
-0.00249913112889178 0.00232478676508254 0.999994174838083
0.000916186692841118 -0.00421542267298726 0.999990695363528
-0.00313382970958991 0.0117759839983463 0.999925749899572
-0.000337641950525569 0.000717862038492386 0.999999685335954
-0.000458797367342216 0.00111346621521952 0.999999274848719
0.00264504336815456 -0.00131374786211679 0.999995638896558
-0.00346250327301592 -0.00570007901318165 0.999977759837852
-0.0032517218570103 0.00274013204991054 0.999990958949787
0.0044386056327429 -0.0119186151810412 0.999919119425268
-0.000198757924033627 0.000389110489274153 0.999999904544153
-0.00393982681734891 0.00922047536525463 0.999949729035759
0.0070620463461529 0.00488816817555154 0.999963115976431
-0.000987612891415855 0.00433541148152619 0.999990114365168
0.0018640535074007 0.0124847445836344 0.999920325054553
-0.00409801342719336 0.00557945528525 0.999976037695239
0.010165021114064 0.00845735577842893 0.999912568917397
-0.0111543794498739 0.00751652391384708 0.999909536751871
-0.00426718841160824 0.00817367709488172 0.999957490149361
0.00468002062449769 -0.00915958881650241 0.999947098270537
0.00187653140494582 0.00229486173760682 0.999995606110093
0.0200520064812681 0.00907629449505159 0.999757739612109
-0.00290663116864606 -0.0106312866353796 0.999939261775297
-0.00244268669998696 0.0104155559448463 0.999942773100564
-0.00829476182983693 -0.0119456989748432 0.999894243008824
-0.0197967166926322 0.00538757659889233 0.999789509860242
0.0302969565890172 0.00270055579349348 0.999537293661347
0.0303473466548894 -0.00218214629813308 0.999537031224227
-0.0319831339306485 -0.00278536015692166 0.999484527600488
-0.0313438794447886 0.00317361092367457 0.999503621511726
-0.00235901645791568 0.00212934793783582 0.999994950446606
0.000998977986101119 -0.00793805208628615 0.999967994173843
0.000370129208978989 0.000393504152344375 0.999999854079415
0.00216034334141779 -0.00106701607861624 0.999997097192454
0.00113308328835526 -4.4988627986417e-05 0.999999357048936
-9.41666820929587e-05 0.000493619335693478 0.999999873736286
-0.00047154107743225 0.00128175368377648 0.999999067377818
-0.0108812087027569 0.00391235218221553 0.999933144163933
0.00801125710959312 0.000745156408837855 0.999967631726873
-0.00881865356330416 -0.00661617618191805 0.999939226934347
0.00272741017170412 -0.00210378890975071 0.999994067635393
-0.00253916246640806 0.00235428965228922 0.999994004969131
-0.00660230093888109 -0.002661797430472 0.999974661907366
4.43678359740937e-05 0.000590606206823777 0.999999824607887
4.59784533574134e-06 -6.03981033168621e-05 0.999999998165464
2.77729291771661e-05 0.000375879379395124 0.999999928971676
-5.7824529326663e-06 7.94809351730392e-05 0.999999996824672
0.00142127186916848 0.0026802821986267 0.999995398026216
-0.00503146524782581 -0.00737242546801148 0.999960165056678
-0.000911812081529925 0.00305714966591138 0.999994911204376
-0.000736377720256553 0.000951305531402134 0.999999276382558
-0.0046814499596765 0.00914819945898544 0.999947195842327
-0.000945411528359576 0.00104899085509122 0.999999002907117
0.0130673225050833 0.0154052863774545 0.999795940296907
-0.0119183307720912 -0.0069054997877435 0.999905129231913
-0.00229378287938865 0.00219159447364992 0.999994967724221
-0.00537037194198602 0.00319329201744166 0.999980480805149
0.0105618806713478 0.00592086584355058 0.999926692325166
-0.00570076538510763 0.00737247263976038 0.999956573017649
0.0134940783459573 0.0136093314301533 0.999816331106678
-0.00762812399650208 0.0162360739622349 0.999839087866936
0.00178854081017937 0.00411725474925457 0.999989924616793
-0.00417939243699446 0.00976125616309302 0.999943623689344
-0.0155470852189534 -0.00877716142844968 0.999840612086973
0.000199877422881657 -0.0043406153130753 0.999990559509298
-0.0040195432380498 -0.00775195391481066 0.999961874514554
0.00308450690945588 0.00314316220502179 0.999990303127225
0.00181585970228188 -0.00161791950629583 0.999997042490633
0.0047284697922237 0.00400418100910435 0.99998080386969
0.00256305604022781 0.00406937925347904 0.999988435381243
-0.000222028013636999 -0.00117130980941213 0.999999289368193
0.00317396189564286 -0.0117606565741661 0.99992580370887
-0.00160187554839879 -0.00287384457139477 0.999994587491406
0.00132615971859906 0.0158637421280798 0.999873283464507
0.0014661861429726 -0.00287997427601277 0.999994778009547
-0.00112387497532213 -0.00294725727041438 0.999995025277437
0.00584985327790995 -0.00772039619546715 0.999953086249156
-0.00294524332060771 0.005672604266901 0.999979573342683
-0.00430665816180937 -0.00678196142306888 0.999967728326636
0.000520914157453566 0.00585930295689995 0.999982698458978
0.000728458077775551 0.00297520221082673 0.999995308749313
-0.000555856421324778 -0.00209529269927881 0.999997650383311
0.00344897104971821 -0.00783119471718488 0.999963387823774
0.000423840784742803 0.010453350016801 0.999945272418654
-0.00959055107804207 -0.00755257051919021 0.99992548722821
-0.00944117539213826 -0.00991013400804637 0.999906322337827
0.000764915104729672 -0.00969465685045048 0.999952713148694
0.00570519771159205 0.0069708872419575 0.999959427902018
-0.0137560232382251 -0.011755777589894 0.999836273355756
0.00575504705370102 0.0128395929375512 0.999901007243521
0.00145371162485588 -0.00443390940343198 0.999989113525699
-0.00329262081273939 0.00802264147539878 0.999962397228986
0.00642284712036145 -0.00219388332899476 0.999976966690137
-0.000427733700795746 0.00115140866094307 0.999999245650704
-0.00329819669292559 0.00781133446278697 0.999964051830107
-0.000706326063563434 -0.000374089784059675 0.999999680580112
-0.0159622047073164 0.00783747566127686 0.999841878496865
0.00594001569050184 -0.0113281555344224 0.999918191206553
0.00800358703596921 0.00363740744621484 0.999961355184103
-0.00230610108234051 -0.00794620549453134 0.999965769272147
0.00108250136890725 -0.000224848244831794 0.99999938881684
-0.000805704493399257 -0.00216879655796185 0.999997323577298
0.0130758945147189 -0.0262837477430914 0.999568999913071
0.00377541346102813 -0.000910632779161312 0.999992458472133
0.0133781084387211 0.00628751996405463 0.999890740684853
0.00551615898580838 -0.0028949505305297 0.999980595437466
-0.00491790153723518 -0.0036994515351209 0.999981063972118
-0.0124841837483662 -0.00795523413719453 0.999890423699497
0.0137265824422699 0.00370800941236851 0.999898910690803
0.0105287957025785 0.00927132473807682 0.999901588656931
-0.00253424469588172 0.00232231923121696 0.999994092201154
-6.16969477312999e-05 0.000459798593236212 0.999999892389364
0.00285660127190598 -0.00501141620303047 0.999983362630006
-0.000321244259552817 0.0010052958474307 0.999999443091037
0.0070584195866127 -0.0105845491797502 0.999919069740947
-0.00441550615097193 -0.00835577945513079 0.999955341130357
0.00145005561025729 -0.00113670767792721 0.999998302615751
0.0131639798668791 0.00864363066183988 0.999875990952401
0.00458215283395739 -0.00139967891750691 0.999988522321299
-0.00662178171905212 -0.00143267253581977 0.999977049464772
-0.000208916177680469 0.000742329805597321 0.999999702650201
0.000525623969657051 0.00659916656113849 0.999978087119983
-0.0028458158246653 0.00257792252898527 0.999992627796689
0.00533099335744006 -0.00855397421597166 0.999949203727337
-0.000307073382940034 0.000898667608211915 0.999999549051132
-0.00796812142285695 -0.00457499731763418 0.999957788329355
-0.00801031785571473 0.0127940072796113 0.999886067602494
-0.00442011863332102 0.00769195403611257 0.999960647422874
0.00311452051642074 -0.00181649183373804 0.999993500038561
0.00167234751274268 -0.00679289004851068 0.999975529649894
-0.000753744543706025 0.00165820624495898 0.99999834110923
-0.0378847062266691 -0.018242856456991 0.99911558251406
-0.00591898453740618 -0.00105221554759648 0.999981929068964
0.00072620396208919 0.00315198490984704 0.999994768795784
-0.00132370242239463 -0.00363253229025329 0.9999925262326
0.0142759789307543 0.00792002265011793 0.999866725952409
-0.000222733727302558 -0.00657298538488265 0.999978372892543
0.00279506681069877 -0.0179373580428311 0.999835205815422
0.00240328552397973 -0.0123216295537556 0.999921197727016
-0.00414678104061806 -0.00643751669584539 0.99997068086309
0.0023486452038405 -0.00165674125335338 0.999995869528533
0.000949589803628404 0.000711614110442963 0.999999295942034
-0.00209084336687366 -0.00226269480844875 0.999995254281849
-0.00248063912058899 0.00234710635458149 0.999994168743655
0.00123483470589469 0.000255220824758144 0.999999205022474
-0.00225888237167874 0.00377745245630579 0.999990314104777
-0.000675212690792025 0.00206043921433335 0.99999764933627
0.00069833127296956 -0.00687781859427612 0.999976103686892
8.63836421539377e-05 -0.00108964813567412 0.999999402602225
-0.000570347679571823 0.000976726676747685 0.999999360354057
0.00053484698872309 -0.000398823834994165 0.999999777439099
0.00586028008653749 0.0057828097819895 0.999966107539817
-0.00119073166050728 0.00637813468828885 0.999978950556466
-0.0029904752783289 0.00726409087765581 0.999969144544636
0.0321552628401545 -0.0443085532329171 0.998500270997503
-0.00750923333613035 0.0123221053653353 0.999895883146875
-0.000351435138203659 0.014326162167365 0.999897313513192
-0.001483725064126 0.0069244659544689 0.999974924851208
0.00308334879280398 -0.00166703676632513 0.999993856955452
-0.00185541023228973 -0.00420528781651275 0.999989436447831
-0.00235839839798926 0.00162596800566028 0.999995897084104
-0.000496668633672381 -0.000186373123666379 0.999999859292654
-0.00295713952798379 0.00251430237697323 0.99999246677631
-0.00662015845132768 0.00572004584548264 0.999961726556374
-0.0117451615990063 0.0280059718760649 0.999538751984279
-0.0117384071102792 0.00561147925904343 0.999915356967298
-0.00171259526249305 -0.0100082685450881 0.999948449460369
0.00174008000197134 -0.00697140048317414 0.999974185515251
0.000456668491578961 0.00125844983139883 0.999999103878554
0.00325298744593181 -0.00196478338527657 0.99999277882339
-0.00180649347824579 -0.00614149320791891 0.999979509111307
-0.00243722373169154 -0.000436968142140304 0.999996934494964
-0.00192237825358656 -0.00104222608651447 0.999997609110459
0.000933700631649866 -0.000513816683746404 0.999999432097612
-0.00336759303309549 0.00295229501299062 0.999989971585375
0.00534064166867104 -0.00137776234023111 0.999984789543071
0.00289289025861122 -0.00131549889410576 0.999994950311556
0.000394643219589291 0.000617696544588883 0.999999731353818
-0.000181633963310137 -0.00690938331778108 0.999976113430352
0.00571052198486732 -0.00312011516142216 0.999978827185876
0.0029630141848132 -0.00121134870785032 0.9999948765775
0.00278285480262788 -0.00128423797635944 0.999995303214954
0.020308425912 -0.00612583924397757 0.999774995651789
-0.00523316468984592 0.0139388069520938 0.999889155680809
0.00835497941796618 -0.00504114843594989 0.999952389437303
-0.0059316400993723 0.00198309671956936 0.999980441295295
-0.00261976713551137 0.00194383430450943 0.99999467915002
-0.00111447917624452 0.00672019601124868 0.999976798181706
0.00068154059426397 0.000129249463613133 0.999999759398468
-0.0133925262218224 0.00158213489286213 0.999909064410649
-0.00339935375302432 0.000882262592261184 0.999993832984374
0.0065415280737921 -0.00350895417486192 0.999972447445958
-0.00091607454481498 -0.010168082510547 0.99994788409471
-0.00226673050105636 -0.00239774902979218 0.999994556351396
0.00466896725508739 -0.00679268493223479 0.999966029511094
0.0127663962466985 -0.00413493889148176 0.999909956649716
0.00885267234855265 -0.0412695503972888 0.99910883010926
-0.000170233039978471 -0.000886489613562136 0.999999592578356
0.000523189635796879 0.00609439052114078 0.999981292163399
-0.00108285654835916 -0.00228532664381296 0.999996802346801
-0.0118770746948138 -0.00713975189635567 0.999903974909367
-0.0160800612031674 -0.00637505463725102 0.999850383962558
-0.00518806521065349 -0.00980527776653579 0.999938468360574
-0.00041800729429491 0.00192865557403431 0.999998052776893
-0.0211946804283189 -0.00797225933460322 0.999743581426079
0.0233225778958761 -0.0168652683399941 0.999585724229849
0.000330671438359888 -0.0107341520613578 0.9999423326552
0.00199502639307297 0.0093229624564927 0.999954550087516
0.00837507967446705 0.012899506484268 0.999881723391776
-0.000995734365126958 -0.00202746177717013 0.999997448952654
-0.0295572144950135 0.0272665895577973 0.999191124943162
-0.00250128594409947 0.00786170413535886 0.999965968009269
0.00664674764868546 0.015218497111133 0.999862099537418
-0.0225621642165889 -0.00523978889538833 0.999731710689521
-0.021902946467029 0.00588209170544249 0.999742797890153
0.021715583996268 0.00527847158506025 0.999750254388278
0.0201802938159222 -0.00426817971525538 0.999787246559698
-0.012121804263579 0.00516301182894894 0.999913198817902
-0.0153058664884087 -0.00682910504069632 0.999859537022767
0.000407039789622567 -0.00585061071732319 0.99998280218854
-1.3029180414083e-07 2.01828310195599e-06 0.999999999997955
0.00166699393647688 0.00970700159967151 0.999951496449283
0.00384358210348702 -0.00553086035233164 0.999977317972951
0.023697133433091 0.0161103724608502 0.999589366573208
0.00607298950359408 0.00394951425078242 0.99997375972356
-0.0183871054297183 0.0045003326762784 0.999820814626161
-0.00121348733920207 0.00869171649029457 0.999961490014955
0.00264143369792679 0.00238480623291913 0.999993667743577
0.00169365588244221 -0.00410588795430599 0.999990136558286
0.00460724142732039 0.0126055907675045 0.999909932147807
-0.00999740805420186 -0.0136723103705107 0.999856549591655
-0.005240484860874 -0.0122952265535206 0.999910678372034
0.00446882762871077 -0.00153892853719411 0.999988830576913
9.04600659881393e-05 0.0094633622135349 0.999955217293551
0.00302701988477186 -0.00511277686864621 0.999982348175861
0.030902069282951 0.0277339839422776 0.999137572233534
0.0112304628057997 -0.0059354757229636 0.999919320161937
-0.000328858037380248 0.000995724999940801 0.999999450191907
-0.000131595132351396 -0.000544796527654579 0.99999984293972
0.0103178011876764 0.00923791447771072 0.999904097358719
-0.0141543992224125 0.0094402114171573 0.99985525722029
0.01285494233369 0.00463920920728616 0.999906609736894
-0.0113709730743525 0.0183519465815896 0.999766926352342
0.000515349083025631 -0.00843041653883887 0.99996433061
-0.000491453849407621 -0.000136033277055173 0.999999869984022
0.00116451182551437 -0.00856987647718812 0.999962599865302
5.15649311376833e-05 -0.0108878277061183 0.999940724517659
-0.00743177621507876 -0.0113474216553682 0.99990799812986
0.0026026765505072 -0.00162629636970224 0.999995290606357
0.000893127340987539 0.00257875456198142 0.999996276167298
0.0122461866141801 -0.00247377860272335 0.999921952620721
0.021250769034922 0.00549309024423826 0.999759086367807
-0.0114949665570816 0.00313951242574958 0.999929002082438
0.000681590625870764 0.000347925820221091 0.999999707190878
0.0305912430478238 0.00807976424050346 0.999499321289718
-0.00193462659011226 0.00367327483430732 0.99999138209884
-0.00661886705247661 0.00310032731767688 0.999973288927992
-0.00216032807273151 0.00202448258627346 0.999995617216834
-0.00531842866361301 -0.00254393267590977 0.999982621210534
0.00854548719129012 0.00335907083766869 0.999957844757353
-0.000693449737898219 -0.000669981884346514 0.99999953512576
0.00699150693166769 0.00905626885365084 0.999934549270738
-0.00338288173675873 -0.00161898127198299 0.99999296748067
-0.000145465633828824 -0.00260922447549316 0.999996585387863
-0.000491952267090548 0.00248838058187256 0.999996782967349
-0.0128818850309154 -0.00496272145350996 0.99990470967679
0.000305489699534429 0.0179527303559338 0.999838790080086
-0.00115236060409058 0.00328923360552318 0.999993926485219
-0.00509235872475422 -0.00883236767845024 0.999948027231321
-0.000340004317822728 0.00441362281417358 0.99999020211736
0.0198520520491145 0.0446553993699946 0.998805181873095
0.00377676960222561 -0.00700707079739058 0.999968317983231
-0.0334650319689815 0.0163889970694485 0.999305505043564
0.00200902116575723 0.000816933098655007 0.999997648224369
-0.00745158469654727 -0.00156089616312951 0.99997101832437
0.00043016304226214 0.00164480146214886 0.999998554792909
0.00198355996913673 0.00646448964167435 0.999977137670418
0.00436715018352654 0.0180935977337897 0.999826759854087
-0.0124587326291593 0.00157937885619925 0.999921139662376
-0.0324570778639492 -0.00296076553199778 0.99946874486599
0.0135946847375648 -0.000691368243273227 0.999907348986314
-0.000617868440024964 8.76352571950322e-05 0.999999805279307
0.00354492193361382 -0.000122309947003694 0.999993709264594
-0.00446620290201664 0.01597779350509 0.999862372102454
-0.00402102346288097 -0.00142043755296381 0.999990906822392
-0.00339065434843059 0.00278341824745267 0.999990377976683
0.00690352637637384 0.0133266575521937 0.999887364417642
-0.0126102255830078 -0.00502045828979345 0.999907884362008
0.0127850879610486 0.0228081870848519 0.999658105617981
-0.0113127493511217 -0.00812438911325159 0.999903003297647
-0.00186465637572599 0.00290145900096254 0.999994052278446
0.00779550744963771 0.013418768742416 0.999879576103563
-0.00214949581485442 -0.0023271549936041 0.999994981996099
-0.00792746477318602 -0.0134901671561858 0.999877577852593
0.0322204403477261 0.0150171962991098 0.999367963784668
-0.00258322568207571 0.00628374049733558 0.999976920508887
-0.00228279732666358 0.00340178006792335 0.999991608329157
0.0240636430070034 -0.0134974592966991 0.999619307375446
-0.00293725215020862 -0.0130203209991324 0.999910917927635
-0.00365742876110079 0.00916008304063809 0.999951356863696
0.00209919841204332 0.00499175805265795 0.999985337751295
-0.0134204113429922 -0.00301875998709763 0.999905385347796
0.00256394856376694 -0.0053231695721626 0.999982544864393
0.00626037904493914 0.00850776445792668 0.999944211242878
0.00811534922150899 -0.00343705675433928 0.999961163119789
0.00130036684021866 -0.000119888302910744 0.999999147336074
-0.0168038899148696 -0.00819777776953269 0.999825197583743
0.00976518943951312 0.00568014303982334 0.999936186489047
0.00510905294835367 0.0142096571931722 0.999885985110514
-0.0132817377706846 -0.00465389950987603 0.99990096342645
-0.00995979140857085 -0.00641636597094033 0.999929813938371
-0.000161624601676531 0.000500822198577005 0.999999861527297
-0.0054193490688757 0.00335722242257954 0.999979679650179
0.000777781413948951 0.00245369203829556 0.999996687220239
0.00325766706301896 0.00445848195582524 0.999984754655768
0.000720963177208153 0.00641551042229244 0.999979160501917
-0.00156484250202208 0.00538217241157044 0.999984291620661
-0.0069521261818899 0.013857526516739 0.999879811227524
-0.000480616763030476 0.00376094824634829 0.999992812112075
0.00400904694579465 -0.00113985032213721 0.999991314104192
0.00305599536631875 -0.00995763385437194 0.999945751738735
-0.00495998287318892 0.0044215223334757 0.999977924111404
-0.0101178275624419 -0.00558404039523075 0.999933221799477
-0.0012852529235755 0.00284967145915003 0.999995113736811
-0.000224136503702406 0.000713069766458047 0.999999720647129
0.00102319153588742 0.00243013131143063 0.999996523764403
-0.000537037108530385 -0.00371778366319056 0.999992944813001
0.00189745751352085 -0.00310425899536324 0.999993381593635
-0.00803700837670145 0.00780290440273476 0.999937258621377
-0.0129896671081771 0.0269719398029493 0.999551791060216
-0.0014203316167039 0.012228644323331 0.999924218586645
0.0126436540824442 -0.00186052755871197 0.999918334889728
-0.00894482365416489 0.00422335959778446 0.999951075484948
0.000768493889465653 -0.00057378426915104 0.999999540094271
-0.000462330409953151 0.00329268070818855 0.999994472236895
-0.00412050552945168 0.00221845484406809 0.999989049886191
0.00088988239916849 0.000265445172288451 0.999999568823995
-0.00251058785750909 0.00194828879864216 0.999994950546935
-0.00318075239151057 0.00608945856656685 0.999976400375824
-0.00067662529200296 -0.00285534579950163 0.999995694580021
0.000492612133241407 0.00379979145609638 0.999992659432146
-0.00309536613267505 0.00226997552652914 0.99999263293267
-0.000794111667173462 -0.0128132937217234 0.999917591049713
-0.00179441661696852 0.0123771583978817 0.999921789951093
-0.000807147628139295 0.0008832346375465 0.999999284204385
0.00321626626585583 -0.00125953970530705 0.999994034577726
0.00429595543363359 -0.0018490460797018 0.999989062837943
-0.00256621942772894 0.0178224411618148 0.999837874412088
0.00762933546100684 0.0133948350515608 0.999881178757939
0.00339570532919393 -0.000697588629112266 0.999993991259658
0.000152610154322963 -0.00375176821134101 0.999992950447867
-0.00293018003386177 0.00215000805551098 0.999993395733357
-0.00218597331687976 0.00179766356103071 0.999995994955169
0.00598578043595629 -0.010395582098747 0.999928048564196
0.0104527784563881 -0.00480633360419385 0.999933817099825
-0.00859355633988954 0.00366860880138927 0.999956345096572
-0.00127996400893506 -0.0114497054200208 0.999933630766528
0.00641738680861855 0.00266145288822349 0.999975866616326
0.000945697313465256 0.00556119655880472 0.999984089248137
0.000812934659616831 0.00234314478688568 0.999996924400144
-0.000156232552470103 0.000607089896715666 0.999999803516604
-8.49989909910506e-06 0.00425510578584813 0.999990946960273
-0.000297403211824273 -0.999999955775664 0
-0.000291381862916224 -0.999999957548304 0
-0.000272279071307657 -0.999999962932053 0
-0.999999989808178 0.000142771298124081 0
-0.999999988676433 0.000150489648264142 0
-0.000214543523335166 -0.999999976985538 0
-0.000285941251738336 -0.999999959118799 0
-0.000213174231861861 -0.999999977278373 0
-0.999999995665163 9.31110840212692e-05 0
-0.000246900359093732 -0.999999969520106 0
-0.000242096117471469 -0.999999970694734 0
-0.999999986358222 0.000165177346864272 0
-0.999999997865787 6.53331952405002e-05 0
-0.999999998206526 5.98911354990359e-05 0
-0.999999994603448 0.000103889862096878 0
-0.00015578103004525 -0.999999987866135 0
-0.000292234721454994 -0.999999957299433 0
-0.999999992847729 0.000119601601053957 0
-0.000295742809411949 -0.999999956268094 0
-0.999999991297095 0.000131931082012269 -0
-0.999999995665436 9.31081518103888e-05 0
-0.999999996056643 8.88071732469623e-05 -0
-0.999999978221414 0.000208703549108054 0
-0.000249040625484283 -0.999999968989383 0
-0.999999975734253 0.000220298645328811 0
-0.999999984612249 0.000175429476286724 0
-0.999999982435859 0.000187425405220388 0
-0.999999988914911 0.000148896533742319 -0
-0.999999989783935 0.000142941002554279 -0
-0.999999995823737 9.13921536087773e-05 0
-0.999999993886056 0.000110579784865553 0
-0.999999995341129 9.65284557474066e-05 -0
-0.999999992448814 0.000122891708979002 0
-0.999999974106764 0.000227566409668001 0
-0.999999974251708 0.000226928584721034 0
-0.999999980532292 0.000197320590610942 -0
-0.999999981382445 0.000192964009374905 0
-0.999999981407841 0.000192832358205182 0
-0.999999977556627 0.000211864923377891 0
-0.999999978190872 0.00020884983950228 0
-0.99999998463303 0.000175310980046486 0
-0.999999987711589 0.000156769963616027 0
-0.000259074781243069 -0.999999966440128 0
6.11719224241293e-06 0.99999999998129 -0
-0.999999992400375 0.00012328523641358 -0
0.99999999179111 -0.000128131882632725 -0
0.999999967089982 -0.000256554156946186 -0
-0.000311868559731826 -0.999999951369 0
-0.999999998254391 5.90865310065003e-05 -0
0.999999949750719 -0.000317015076926439 -0
-0.000273788803239949 -0.999999962519845 0
-0.999999993604316 0.000113098932347087 0
-0.999999997828156 6.59066571121157e-05 0
-0.000237694192598723 -0.999999971750735 0
6.16524920325615e-05 0.999999998099485 -0
-0.000284155033465587 -0.999999959627958 0
-0.99999999448671 0.00010500752920366 0
-0.000252874938369403 -0.999999968027132 0
-0.000265239495767206 -0.999999964824004 0
-0.000263412328378794 -0.999999965306972 0
-0.999999972407551 0.000234914660607599 0
-0.000263274812794191 -0.999999965343186 0
-0.999999995144216 9.8547286573973e-05 0
-0.999999994600712 0.000103916193787057 0
-0.999999968862834 0.000249548254447788 -0
-0.99999996936314 0.000247535288200769 0
-0.999999992426144 0.000123076038085018 0
-0.999999993599351 0.000113142820922574 0
-0.999999971698551 0.000237913635461753 0
-0.999999991834916 0.000127789548835386 0
-0.999999986941691 0.000161606365217898 0
-0.999999976819836 0.000215314483750544 0
-0.999999988732502 0.000150116609929904 0
-0.99999998185005 0.000190525326795851 0
-0.999999986860949 0.000162105219404239 0
-0.999999989158177 0.000147253680774731 0
-0.999999983485992 0.000181736115973904 0
-0.999999988101537 0.000154262523193994 0
-0.999999995197411 9.80060062670228e-05 0
-0.999999994375395 0.000106062295657536 0
-0.999999990838815 0.000135360153432466 0
-0.999999993528979 0.000113763096297207 0
-0.999999994035575 0.000109219275403798 0
-0.999999990866319 0.000135156804974645 0
-0.999999993156122 0.000116994683703182 0
-0.999999979142076 0.000204244580632758 0
-0.9999999941328 0.000108325431302716 0
-0.99999998368426 0.000180641855658362 -0
-0.999999993419511 0.000114721303516448 0
-0.999999971892776 0.000237095861550858 0
-0.000284867466044834 -0.999999959425263 0
-0.000277721137739746 -0.999999961435484 0
-0.999999993353052 0.000115299160058701 0
0.000111441447406042 0.999999993790402 -0
-0.000277849863966956 -0.999999961399726 0
-0.999999995362709 9.63046327424001e-05 0
-0.999999973576745 0.000229883685570952 -0
-0.000178249986571638 -0.999999984113471 0
-0.999999981003964 0.000194915552064161 0
-0.000254075995128939 -0.999999967722694 0
-0.000279403484463479 -0.999999960966846 0
-0.999999994257012 0.000107172650426273 0
-0.999999987637861 0.000157239553903083 0
-0.999999984622255 0.000175372432781661 0
-0.999999979650473 0.000201740065209522 0
-0.99999999398546 0.000109677165960146 0
-0.999999993485302 0.000114146379184941 0
-0.000257165657467395 -0.999999966932912 0
-0.000274900627645535 -0.999999962214822 0
-0.999999996816564 7.97926765887566e-05 0
-0.999999993287276 0.000115868234520175 0
-0.999999996130348 8.79733121343612e-05 0
-0.00026618601044108 -0.999999964572503 0
-0.999999992185517 0.000125015866547846 0
-0.99999998841427 0.000152221748122339 0
-0.999999996400364 8.48485212047153e-05 0
-0.999999991160302 0.00013296388961651 0
-0.000234528438257441 -0.999999972498205 0
-0.000115078261989931 -0.999999993378497 0
-0.000268416964325636 -0.999999963976166 0
2.57115170740286e-05 0.999999999669459 -0
-0.999999993034755 0.000118027498589165 0
0.999999976643741 -0.000216130787930213 -0
-0.000269360539510542 -0.999999963722449 0
0.999999989387025 -0.000145691285342687 -0
0.999999959294711 -0.00028532538565741 -0
-0.999999983259232 0.000182979606171971 0
0.999999955384097 -0.000298716929452194 -0
-0.000280638185221553 -0.999999960621104 0
-0.000311609622974565 -0.99999995144972 0
6.21374465469499e-06 0.999999999980695 -0
0.999999955041719 -0.000299860902331524 -0
-0.99999999219667 0.000124926619653841 0
0.999999990094988 -0.000140748087203208 -0
-0.99999998749298 0.000158158274484839 -0
5.17982734196231e-05 0.99999999865847 -0
-0.000271600282745211 -0.999999963116643 0
-0.000277093542812222 -0.999999961609583 0
-0.000287588499235166 -0.999999958646427 0
0.999999965182006 -0.000263886313312192 -0
-0.000308398510320283 -0.999999952445178 0
-0.000251188196932165 -0.999999968452244 0
-0.000299306474402917 -0.999999955207816 0
-0.999999992418402 0.000123138931461205 0
0.999999961104881 -0.00027890901044182 -0
-0.999999980662839 0.000196657881878101 0
-0.999999987221745 0.000159864035371298 -0
-0.999999994781297 0.000102163619352525 0
9.65474751003442e-05 0.999999995339293 -0
-0.00026115064084355 -0.999999965900171 0
-0.999999996427373 8.45296014340015e-05 0
-0.999999994846554 0.000101522862155201 0
-0.999999998267677 5.88612418940888e-05 -0
-0.999999997822561 6.59915020533012e-05 0
-0.9999999991772 4.0565988422987e-05 0
1.80926399450473e-05 0.999999999836328 -0
-0.999999994326725 0.000106520186214352 0
-0.999999996735038 8.0807941876547e-05 0
0.999999992895241 -0.000119203686216505 -0
-0.00026110675227171 -0.999999965911631 0
8.51264700585234e-05 0.999999996376742 -0
-0.999999996159636 8.76397676892692e-05 0
-0.000270988782230995 -0.999999963282539 0
2.16914177093614e-05 0.999999999764741 -0
-0.999999991290531 0.00013198082045722 0
-0.99999999518134 9.8169853554172e-05 -0
-0.999999997367523 7.25600037094223e-05 0
-0.99999999266992 0.000121079151562446 0
0.000109905383642546 0.999999993960403 -0
-0.999999994170772 0.000107974329974204 0
-0.999999993438462 0.000114555993762712 0
0.999999993740087 -0.000111892025624788 -0
-0.999999995709997 9.26283169638562e-05 0
-0.999999998757651 4.98467415417604e-05 0
-0.000146108212252582 -0.999999989326195 0
-0.999999996020965 8.92080130231219e-05 0
-0.999999996595986 8.2510777875707e-05 0
-0.999999999322864 3.68004366215258e-05 0
-0.999999998826953 4.84364863382577e-05 0
-0.000129923950948346 -0.999999991559884 0
-0.000267710381605968 -0.999999964165575 0
-0.000278116105777114 -0.999999961325715 0
-0.000124157128946383 -0.999999992292504 0
-0.000286235316805168 -0.999999959034671 0
-0.00027501325945663 -0.999999962183853 0
-0.000284980126958813 -0.999999959393163 0
0.000756954026291249 -0.99999971351026 -0
0.000758267714250879 -0.999999712514996 -0
0.000757547976929338 -0.99999971306049 -0
0.999999737958345 0.00072393593763681 -0
0.999999736331257 0.000726180016353436 -0
-0.000725312548061376 0.999999736960819 0
0.000763411347689427 -0.999999708601515 -0
-0.000735158019131093 0.999999729771307 -0
0.999999745563568 0.000713353208481341 -0
0.999999708760086 0.000763203604667274 -0
-0.00075118135636487 0.999999717863245 0
-0.00072529496935746 0.999999736973569 -0
-0.000669285722898411 0.999999776028285 0
-0.000672460250923029 0.99999977389858 0
0.99999972188402 0.000745809549195727 -0
-0.000688053494098733 0.999999763291167 -0
0.00074891090971789 -0.999999719566185 -0
0.999999718809698 0.000749920346363734 -0
0.000760020287720618 -0.999999711184539 0
0.99999973715921 0.000725038972205659 -0
0.999999746556109 0.000711960474507624 -0
-0.000694540094519924 0.999999758807 0
0.99999972737524 0.000738410079273599 -0
0.000757562587044004 -0.999999713049422 -0
0.999999709262309 0.000762545276400844 -0
-0.000732644730179487 0.999999731615814 0
0.999999727190476 0.00073866025565517 -0
-0.000717684903897414 0.999999742464156 0
-0.000721813221816355 0.999999739492803 0
-0.000703620368715439 0.999999752459158 0
0.999999742441054 0.000717717092716703 -0
0.999999747311688 0.000710898418079694 -0
0.999999739576196 0.000721697679672179 -0
0.999999718358645 0.000750521572929068 -0
0.999999711026629 0.000760228030744283 -0
0.999999726172681 0.000740036866035224 -0
0.99999973551047 0.000727309418972656 -0
0.999999737129498 0.000725079950376398 -0
0.99999973943049 0.0007218995437306 -0
0.999999735359354 0.000727517161999101 -0
0.999999743658654 0.000716018594075582 -0
0.999999739462173 0.000721855655178113 -0
0.999999716413022 0.000753109470637332 -0
-0.000664066029975327 0.99999977950813 0
0.999999688057538 0.000789863803139845 -0
-0.999999796339987 -0.000638216252414033 0
-0.00077208789295479 0.999999701940098 0
0.999999770530536 0.000677450275057599 -0
0.000794670937930598 -0.999999684249 0
0.999999741050109 0.000719652496404033 -0
0.999999687131306 0.000791035580812701 -0
0.000758504735712272 -0.999999712335242 0
-0.00071889765986312 0.999999741593044 0
-0.000661078756042555 0.999999781487415 0
0.000749191761512388 -0.999999719355813 -0
0.00073956288132852 -0.999999726523335 0
0.999999749134599 0.00070832954070848 -0
0.999999719758961 0.000748653457388809 -0
0.999999722730036 0.000744674325860004 -0
0.999999718210398 0.00075071907140272 -0
0.999999757015453 0.000697114792729053 -0
0.999999725893306 0.00074041428428837 -0
0.999999732578524 0.000731329528824618 -0
0.999999714009468 0.000756294242824733 -0
0.999999726923494 0.000739021608604388 -0
0.999999745008108 0.000714131444498617 -0
0.999999735195446 0.000727742425521646 -0
0.999999716598071 0.000752863718028724 -0
0.999999740622494 0.000720246447055812 -0
0.999999745959996 0.000712797267403434 -0
0.999999731325277 0.000733041182333113 -0
0.999999734720418 0.000728394874829602 -0
0.999999739894941 0.000721255883765464 -0
0.999999733521318 0.000730039240330848 -0
0.999999739993087 0.000721119794327975 -0
0.999999739734543 0.000721478236909608 -0
0.999999734625565 0.000728525085294465 -0
0.999999734432626 0.000728789871796211 -0
-0.000708576748517205 0.999999748959464 -0
-0.000714522075905154 0.999999744729069 0
-0.000702341779878759 0.999999753357982 0
-0.000719346731725787 0.999999741270106 0
-0.000714801472530102 0.999999744529395 0
-0.000717964300520463 0.999999742263598 0
-0.000717921867158348 0.999999742294063 0
0.999999731916934 0.000732233609703266 -0
0.999999750506755 0.000706389713194299 -0
-0.000728511930370434 0.999999734635148 0
-0.000715679243592394 0.999999743901577 0
0.999999729839042 0.000735065876456588 -0
0.000756000177886362 -0.999999714231825 0
0.999999704941512 0.000768190659531791 -0
-0.000710635086758487 0.999999747498855 0
-0.000717684903897414 0.999999742464156 0
0.999999710539308 0.000760868780310629 -0
-0.000703548715120977 0.999999752509572 0
0.999999709128425 0.000762720830605322 -0
-0.000691912660181496 0.999999760628407 0
0.999999728572966 0.000736786261095109 -0
0.99999971133794 0.000759818423667267 -0
0.999999696525772 0.000779068908132735 -0
-0.000715015036325185 0.999999744376716 0
0.999999747024596 0.00071130214620582 -0
0.999999737564243 0.000724480120760316 -0
-0.000732305263293301 0.999999731864465 0
0.999999704582881 0.000768657368282715 -0
-0.000711730787197479 0.999999746719611 -0
0.000751538285524438 -0.999999717595063 -0
0.999999719975804 0.000748363758034836 -0
0.999999756170304 0.000698326093556941 -0
-0.000715181859393175 0.999999744257421 -0
0.999999746674825 0.000711793709646114 -0
0.999999698054465 0.000777104226152586 -0
-0.000714422599065105 0.999999744800142 0
0.999999742998303 0.000716940253688535 -0
0.999999758967511 0.000694308952010523 -0
-0.000717715579318327 0.99999974244214 0
0.999999712038914 0.000758895308896165 -0
-0.999999740752065 -0.000720066527272998 0
0.000790209032556392 -0.999999687784794 0
-0.000661306988172141 0.99999978133651 0
-0.000713783304661879 0.999999745256665 0
0.000743644400117766 -0.999999723496465 0
0.999999696379871 0.000779256162063178 -0
0.999999692097899 0.000784731869749782 -0
0.999999693849549 0.000782496522340466 -0
0.999999702034962 0.000771965016655838 -0
0.000780556695031974 -0.999999695365577 -0
-0.000731007698848776 0.999999732813836 -0
0.9999996915466 0.000785434086531096 -0
-0.000652855705431 0.999999786889691 0
-0.000768502303165228 0.999999704702061 0
0.999999689836797 0.000787607966673902 -0
-0.999999778249242 -0.000665959058606289 0
-0.00066279332008213 0.999999780352483 0
-0.999999782678202 -0.00065927501790283 0
-0.000782579933866795 0.999999693784277 0
0.000746543896607589 -0.999999721336066 -0
0.000742362901010749 -0.999999724448624 -0
0.000778455981838233 -0.999999697003096 0
0.999999730754452 0.000733819476524757 -0
0.999999719167261 0.000749443393078583 -0
0.00076720613573205 -0.999999705697329 0
0.00076540385297758 -0.999999707078428 -0
0.000754979099668506 -0.999999715003239 -0
0.999999726083895 0.000740156831954403 -0
0.999999736273853 0.00072625906231327 -0
-0.000710161102021467 0.999999747835573 -0
-0.000704006576350715 0.999999752187339 0
0.000757653274528656 -0.999999712980717 -0
0.999999771514589 0.000675996131924861 -0
0.999999752620703 0.00070339073960886 -0
-0.000673279465181687 0.999999773347355 0
-0.000679480790182999 0.999999769152901 0
0.999999745256665 0.000713783304661879 -0
-0.000673765149689662 0.999999773020236 0
0.99999970062731 0.000773786333276704 -0
0.999999725847793 0.0007404757515424 -0
-0.999999788215158 -0.000650822279937031 0
0.99999970387966 0.000769571693681548 -0
-0.000683413123329777 0.999999766473224 0
0.999999770772314 0.000677093287633728 -0
0.999999714039359 0.000756254719845102 -0
-0.00069274654273101 0.999999760051085 0
0.999999745473829 0.000713478995170534 -0
0.999999702094812 0.000771887484097694 -0
-0.000677107955957688 0.999999770762382 -0
0.999999746868482 0.000711521588973191 -0
-0.00071282654584154 0.999999745939126 0
0.999999757657491 0.000696193191285 -0
0.999999748167935 0.000709692938047051 -0
-0.999999785338711 -0.00065522708443904 0
-0.000696509142313958 0.999999757437478 0
0.999999756364359 0.000698048152113043 -0
-0.99999976358196 -0.000687630732056754 0
0.999999719938558 0.000748413525554971 -0
0.99999973075663 0.00073381650793574 -0
-0.000676048809834436 0.999999771478977 0
-0.000670682822568057 0.99999977509225 0
-0.999999747185836 -0.000711075427484516 0
0.999999706956387 0.000765563283668204 -0
0.999999698736155 0.00077622651336626 -0
-0.999999751422541 -0.000705092090469639 0
0.000749080584947126 -0.999999719439099 0
0.999999713690748 0.000756715549638314 -0
0.999999697786081 0.000777449513787115 -0
