1.18483171288433e-05 -0.230036770578118 0.973181937790467
5.9980939161875e-07 -0.229223054589441 0.973373921596591
-0.000210753459706611 0.995111071428626 0.0987618909456073
-0.000291307355901323 -0.964669913847365 0.263461330099394
1.93852358754955e-05 0.819640163161074 0.572878697943553
-0.000228841028577492 -0.967382161743111 0.253321338961029
-1.64202129261116e-06 0.955277957124597 0.295709358372644
-0.000314825447057642 -0.996885662511067 0.0788598552167593
-0.000185242517613439 0.996486705578399 0.0837508882980874
-0.000320539607562094 -0.974346861121974 0.225051308541223
-0.00036722944091221 -0.851741295445904 0.523962432598628
-0.000377031680041654 -0.849655027706006 0.527338782701424
1.0005627314343e-05 0.956427845391256 0.291968793640907
-7.92287335675411e-05 0.408157597184553 0.912911479598838
-6.18282699045761e-05 0.419631343965018 0.907694624496244
-0.000146246362406543 0.597583407936019 0.801806740537628
-0.000141461042878299 0.58036005250006 0.814359987628874
-0.000116073747797737 0.954431822269764 0.298429025340536
4.01690005372015e-05 0.821670560065479 0.569962708524105
-3.53110106671322e-05 0.869225990236832 0.494414984248992
-7.8749603239569e-05 0.90505286791345 0.425299071337029
-8.82996067567608e-05 -0.00571867234245191 0.999983644361156
-0.000128207555670735 0.0414440606131957 0.999140817604162
-0.000128146536714169 0.953433609738982 0.30160294328564
-7.83706460187359e-05 0.731470222073842 0.681873381264649
-0.000138468741782507 -0.299508603070404 0.954093589493831
-0.000142510579116246 0.937868215368405 0.346991628562444
-0.000313862871916084 -0.965576369160936 0.260119543302845
-0.000156406868977496 -0.299206749768131 0.954188291916267
-0.000193134799185203 -0.953951526843736 0.299960742650524
-2.45043695847183e-05 -0.168849612154715 0.985641825347696
-0.00025193047953085 -0.962459995249759 0.271423458961946
-0.000167214905069329 -0.954765434929781 0.297359944011497
-0.000326751135144336 -0.807377865246714 0.590034639613095
-0.000337548696146091 -0.96745383413936 0.253047356970844
-0.000186576490857102 -0.896237621079989 0.443574223496017
-9.56453102353244e-05 0.734891431650134 0.678184764307774
-0.000300807240457735 -0.66802374963957 0.744139892380789
-0.000272358030473437 -0.968356063860025 0.249572553392038
-0.000264061746422002 -0.7209457168693 0.69299148883605
-0.000309164912493305 -0.969179543006268 0.246355267520746
-2.54579353689294e-05 -0.868265825442919 0.496099239789601
3.03486498228523e-05 -0.506551850293721 0.862209500088562
-0.000212443059633439 -0.565724502149362 0.824594289657528
-0.000200456751270836 -0.495694407588069 0.868496985661438
1.80947500338157e-05 0.747917195442104 0.663792037037653
-4.15439959912636e-05 -0.832163487739123 0.554530367020558
-1.98773317013967e-05 0.926820677522334 0.37550423609053
-0.000299381300446949 -0.966771777303733 0.255640843723803
-0.000103076409065872 -3.02316352777504e-06 0.999999994683057
-6.64350683838966e-05 -0.20791357174304 0.978147198672793
-0.000272545192141183 -0.981271981991232 0.192627160800647
-5.36079779852946e-05 0.208019977358014 0.978124575985164
-0.000165914185673242 -0.387203500450916 0.921994263382935
7.74725789358016e-05 0.809324693505864 0.587361502381318
-6.3076870934528e-06 0.973845390516419 0.227211697168379
-1.77186213449696e-05 0.746590361690405 0.665284023193885
-9.69959642104556e-05 0.410538209674251 0.911843390604573
-3.20161504159014e-05 0.238267156130112 0.971199650578929
-8.12287856086904e-05 0.411443938625147 0.911435065580928
5.28040874758253e-05 0.746775250893852 0.665076478206945
2.2041302180992e-05 0.672546698909633 0.740054685344223
-1.11690214089476e-05 -0.437573826541468 0.899182487708202
-0.000136869311479186 -0.91614793708506 0.400840290691419
0.000140642135537165 0.951811117034891 0.306684818190569
-0.000310693081966542 -0.968141666701793 0.250402908660591
-9.79274564146145e-05 -0.549344175763126 0.835596174575581
2.28995773673511e-05 0.593918889396633 0.80452492335134
-1.66439565552241e-06 0.746843604522419 0.664999722091063
-0.000114493107598745 0.993573525665015 0.11318849759989
-0.000196512377522081 -0.895915234683366 0.444225003399329
5.26764781626112e-05 0.865446962796613 0.501000550709584
-0.000102423265394241 -0.09219649495089 0.995740827639525
7.50930513908224e-05 0.911788786334543 0.410659473865653
8.60808030558885e-05 -0.314755633041397 0.949172736681161
-0.000158819084949072 -0.840874947298369 0.541229431740795
-0.000286292925466663 -0.667593966161735 0.744525496125422
-0.000139317389862226 0.31172031904591 0.950173891077092
8.50745671027474e-05 0.91189887322997 0.410414958017162
-0.000153838244249849 0.310767961452395 0.950485797089318
-0.000199881549244041 -0.894802827366997 0.446461487906173
1.27894204838221e-05 0.594006664351264 0.804460118677561
7.72773841186478e-06 0.673020213912984 0.739624088037162
0.000108425211768057 0.912350659461669 0.409409651112222
-0.000213124417229903 -0.78202810282042 0.623243131512156
0.000175355369949135 0.953407474296013 0.301685527009487
5.48150618468527e-05 0.865632126675756 0.500680555106863
-0.000224297688298782 -0.841899167299943 0.539634822625644
-8.44622207632449e-05 0.911644619852363 0.41097941549471
-7.7957307680383e-05 -0.891100445442058 0.453806115048732
-9.05031289768995e-05 0.501667506713174 0.86506052072521
1.15146561074752e-05 -0.670508017614275 0.741902283445999
-0.00015106177389776 -0.557424153401741 0.830227854498205
-0.000132283695553335 0.857479589904421 0.514517964116288
-1.83473366698676e-05 -0.914178453576818 0.405311922695684
5.2976018810317e-06 -0.671381659261735 0.741111778059757
-0.000342406674211998 -0.914751271911828 0.404017318061196
-0.000137894994193083 0.670485183011515 0.74192290728012
1.7204465082599e-05 0.50965126367358 0.86038107204885
1.61884238022618e-05 0.863109236222527 0.505017273056379
-6.77923539658013e-06 0.810417392559706 0.585852925050964
-5.72700964156907e-05 0.587783866323215 0.809017999311677
-0.000143171096795927 0.406732744373637 0.913547182227786
-0.000327358514022978 -0.807540511914551 0.589812016199389
5.04858683746166e-05 0.808992046665138 0.587819586168859
-0.000273012103179819 -0.783976775402629 0.620790094229674
0.000157534075692847 0.951058006038928 0.30901236922213
-0.000164777419570011 0.809408490763207 0.587246002905792
-0.000324196708114063 -0.911520823975801 0.411253793119249
-0.000103660754008829 0.106530708141781 0.994309407316082
8.15706726571858e-05 0.809422799958915 0.587226297310411
-0.000158853466864492 -0.557557134111297 0.830138552873659
6.06352927894642e-05 0.808977457627631 0.587839662981069
-0.000169238537256658 -0.71417438099582 0.699967802750637
6.35280209783618e-05 -0.110485667095248 0.993877715481492
-0.000113554468024527 0.498447417875691 0.866919926359083
-9.93103823277806e-05 -0.951055502991983 0.309020097026253
-0.000179450580718817 0.808313765887807 0.588751920314287
1.14735439392515e-05 0.865746486575887 0.500482787765838
-2.18831325399445e-05 0.743768289578298 0.66843752957094
-0.000192944045998749 0.866028349523377 0.499994860567997
-7.17242731439598e-05 -0.80819965892671 0.588908571992613
-0.000183537531921666 -0.63945401700188 0.76882932205668
-0.000209960615870209 -0.714606519848891 0.699526609719742
-5.79060168849608e-05 0.30921773967652 0.950991265005225
-9.24873031891151e-05 0.912007713766816 0.410173038455631
-0.000255344209797686 -0.783521380660902 0.621364772775677
-8.96440416686501e-05 -0.894669398493028 0.446728843219318
-0.000100554759286679 0.501309642856784 0.86526795379671
-0.0001963261867389 -0.782221866135479 0.622999930654536
-1.54248508079587e-05 0.809669512585901 0.586886087883316
-7.74553872629887e-05 -0.841445665303798 0.54034173107591
-0.0003170808886036 -0.866030196406162 0.499991598301826
-7.01087998482244e-05 0.946957665838562 0.321358326785441
-0.000172762192203446 -0.781591647162659 0.623790403291672
2.29653024475135e-05 0.868474679978788 0.495733526915758
-0.000575020662929593 -0.951061016429455 0.309002609017156
-2.71731838860737e-05 -0.866025011841843 0.500000678125494
-0.000229641325173735 -0.928040304787866 0.372479717507017
5.39990222449119e-05 0.86602624076606 0.499998547386601
-4.20512694941221e-05 0.671640075691262 0.740877592424772
8.06310539286568e-05 -0.587787288225772 0.809015511160834
-1.57391782336724e-06 0.671819602205335 0.740714804827194
-2.03221666376424e-05 0.745814472106413 0.666153715581954
-4.57214686746587e-06 0.74389389105044 0.668297747143391
-1.707899488232e-05 0.67169461882288 0.740828143871907
-0.000230337231631335 -0.782274408600912 0.622933942399074
-0.00015312594558359 -0.639014514652009 0.769194661068642
-0.000220786278028989 -0.892027192755538 0.451981679538113
-0.000131981008487389 0.993048726274673 0.117703907434137
2.15271295477682e-05 0.863016755678174 0.505175295274126
1.03854773762214e-05 0.595313885547824 0.803493234300136
-2.96384258965479e-05 0.743144166881992 0.669131337146029
-0.000192862076957176 -0.839929780160077 0.542695059130322
-7.91108328894238e-05 0.308886788387034 0.951098809641469
-0.000198598403146764 -0.714496675850896 0.699638807354691
4.9926634865156e-06 0.674885838167608 0.737922154035152
-0.000315128438946805 -0.84138431194622 0.540437175169189
-0.000376583473867946 -0.743152343900653 0.669122150238544
-2.48705434155085e-05 0.671743561095341 0.740783765689021
-0.000324051202208599 -0.842716936359945 0.538356814912681
-0.000136885652656917 0.587788618905597 0.809014536796075
-0.000240262255928984 -0.78250113511788 0.62264911130851
-3.7742691439477e-05 0.592516746154304 0.805558132043992
-4.95376831733945e-05 1.49957893789051e-06 0.999999998771885
-0.000234418616600266 -0.842283257037287 0.53903511941484
-0.000169965193925925 -0.841047335371721 0.540961505817151
-0.0001516373460753 -0.894174349396266 0.447718896058543
1.47117250496967e-05 0.808712901065251 0.588203573122597
-4.64356266514329e-06 0.419607285643155 0.907705748474483
-0.000174859699714907 -0.470376346351601 0.882465898614221
8.85135687085021e-05 -0.207914664277551 0.978146964695848
2.5935780558826e-06 0.511039866109613 0.859557011046936
-2.71258186791281e-05 0.592507463567934 0.805564960062492
-1.1382570114655e-05 0.324031107184897 0.946046426686855
-0.000159590849309454 -0.78153778456696 0.623857889126144
-0.00012703122879118 0.406740357273131 0.913543795134307
-0.000222075698764631 -0.406742708824231 0.913542729980766
-2.83912245976417e-05 -0.743144165284417 0.669131338974394
-0.000142187823015867 -0.713721320435505 0.700429765599966
-0.000116665053591957 -0.28133504439794 0.959609597275306
-0.000169338178832104 0.20790679613066 0.978148626460859
-1.88869955667322e-05 0.506793281540964 0.862067613025929
-1.5118197352405e-05 0.86377453591281 0.503878508055315
-0.00012709725472361 -0.377103909031786 0.926170948388705
-2.74881755078642e-05 0.506611540717064 0.862174429020417
-1.24464469266126e-05 0.593220503130002 0.805040020440768
-3.51565824893786e-05 0.910485775698342 0.413540386195838
-0.000140627668929825 0.743147744576137 0.66912734957948
-0.000224071972532276 -0.926955622183055 0.37517092677202
-0.000300154843208436 -0.932739243253891 0.3605515413935
-2.78210645018643e-05 0.416504296336467 0.909133747233735
-0.000150884418102675 -0.638807107877322 0.769366919070026
-1.64540963363479e-05 0.323866980513332 0.946102625861719
-4.25495858309428e-05 0.66985449031183 0.742492397266538
-0.000181930638383986 -0.639377555565716 0.768892910840029
-7.37900845617729e-05 0.207913989041136 0.978147109445213
-7.50632552027934e-06 0.745936722682546 0.666016820881634
1.49336632911633e-06 0.0211638742838609 0.999776020128042
4.88083175775516e-06 0.417937132004504 0.908475951067516
-7.08207771818596e-05 -0.0803430136075417 0.99676727231028
3.19199896677089e-06 0.419739585581324 0.907644578172441
-0.0002580449014124 -0.717396177009073 0.696665384977318
-0.000197538777054681 -0.839695338965782 0.54305773053845
-0.000184303909464941 -0.558289358032054 0.829646285316957
-6.75857691265963e-05 -0.180915929189697 0.983498562275305
2.45901271477998e-06 0.507778711700408 0.861487539049653
4.77806260654658e-06 0.325479285729136 0.945549170872896
-0.000209249861912405 -0.640366694569655 0.768069302016706
-5.65405419974851e-05 0.747177214922177 0.664624861334803
1.40781250719481e-06 0.808962183492111 0.587860685603056
-6.4509301056461e-05 -0.0800252647615924 0.996792833460588
-0.000216689485975734 -0.891858337087055 0.45231477934507
-1.01626510220655e-05 0.507889181394977 0.861422416308434
2.62221503619439e-05 0.0216594579099246 0.99976540608057
-3.20577954314441e-05 0.322098953987186 0.946706006536696
-4.34528021041362e-05 0.224475426740331 0.974479748841196
-9.37999990419516e-05 -0.781254783994783 0.624212266530245
-0.00022648849597094 -0.715498950903447 0.6986137702329
-2.93708501980417e-05 0.416311784656204 0.909221918507093
-0.000144399868567779 -0.470148722286945 0.88258719573798
-6.76226980093904e-05 0.590116179771243 0.807318332381574
-0.000286554581694689 -0.961768295909801 0.273864314705713
-7.52220816130328e-05 -0.83879443726848 0.544448240284688
-1.30085097110978e-05 0.91056732549297 0.413360793466625
-5.64217707033447e-06 0.863971173340596 0.503541271004313
-5.27262259859987e-05 0.124474392599272 0.99222281913237
-0.000247578584974643 -0.641790268616411 0.766880166528069
1.48268483535918e-05 0.673644373360225 0.739055652857263
-0.000127791795465428 -0.469229727859781 0.883076127047885
-5.59405183896795e-06 0.592945648544986 0.805242483876921
-5.728942840858e-05 0.809195892225672 0.587538938899389
-7.72661889601027e-05 0.122586768893978 0.992457796645314
-7.33123420340993e-05 0.222716056207737 0.974883353500598
-0.000163274555384202 -0.379026636842719 0.925385747623723
-0.000140346553241739 -0.556610163134699 0.83077379989863
-0.000177760616629115 -0.714299333566448 0.699840289257265
-6.8939862234949e-05 -0.179274421515224 0.983799104003291
-0.000251457947010293 -0.715806065998081 0.698299085384802
-0.000324500349306515 -0.78715175662871 0.616759277786609
2.99222011757667e-05 0.673619886063957 0.739077971667295
-0.000152042263624294 -0.897309106241383 0.441402701327756
-1.30334721107634e-05 0.226176936277745 0.974086235056292
-0.000220839491867484 -0.889695751262845 0.456553853794666
-0.000186407513238853 -0.471308825655778 0.88196822851575
2.25826580037958e-06 0.509665477758746 0.860372652271008
4.83363501199592e-05 0.0230430302253259 0.999734472958511
-5.74104595122715e-05 0.505023067228061 0.86310584418807
-1.33473764146926e-05 0.226015536864256 0.974123696928583
-0.000163719208053053 -0.471085581770191 0.8820874944382
-4.40183804201867e-05 -0.829706787513728 0.558199466871862
-6.47601361251016e-05 0.3204660624188 0.947259995272636
-4.35643027622723e-05 0.321850133455979 0.946790626113567
-0.000157589065590887 -0.283281814103565 0.959036698444788
-9.5629502533597e-05 -0.0819124826986444 0.996639521609063
-7.71181093838538e-05 0.318480397788732 0.94792944372307
-8.31721267670936e-06 0.674723436582046 0.738070649773948
-0.000131026144769961 -0.377347766177218 0.926071620444776
-0.000204632914630187 -0.640165245131776 0.768237214049635
-5.46081029213534e-05 0.669845153691466 0.742500819591475
-6.59851925828436e-05 0.504666143842543 0.863314588608957
-8.13750235258034e-05 -0.0814762912616467 0.996675276777925
-0.000178660333300356 -0.558081449385595 0.8297861555438
-0.000232779867923806 -0.641548954213517 0.767082058948765
-4.87341008869298e-05 0.224221557075544 0.974538193693611
-0.000147699563362647 -0.378247757963556 0.925704386821399
-3.6581554025023e-05 -0.751929004576132 0.659244090408808
-0.000192984862646593 0.996242923738671 0.0866025384008345
-0.000154934226819039 -0.378468100336677 0.925614321962951
-5.75196562840378e-05 0.124232442469188 0.992253141556946
2.07610251902838e-05 0.595468231672987 0.803378854985135
-9.56764241240706e-05 -0.182585381042521 0.983189996631159
-0.000167944753766509 -0.379195954432989 0.925316378292427
-0.000149481505260647 -0.713787797270376 0.700362019332277
-5.61306481941268e-05 0.414927349462574 0.909854544153797
-8.52121183342216e-06 0.325198571404835 0.94564575242722
-6.60125992988108e-05 0.223072453644893 0.974801865030624
-6.72568602197911e-06 0.417818812366982 0.908530373728369
-1.9165763480291e-05 -0.368616896461667 0.929581402178229
2.97868185679883e-06 0.020353677806029 0.99979284243832
1.32799398355826e-05 0.744968135460163 0.667100050196858
-7.25546424641001e-05 0.123020936132907 0.992404072950533
-0.000138898776109689 -0.184220866548967 0.982884862552617
-0.000220104699466148 -0.559350868528852 0.828930972656916
-6.12158861811193e-05 -0.179122576742165 0.983826762572488
-0.000196982396377217 -0.472435271207323 0.881365347467892
-0.000152397867584188 -0.282957196193338 0.959132525721704
-0.000127016943143283 -0.0835648762811856 0.996502330814538
-0.000141112706768952 0.995774920057931 0.0918274940898682
-0.000150681687872888 -0.469369937340914 0.883001607708398
-0.000116048568757536 -0.281083036842261 0.959683444127417
-0.000210224638357706 -0.55910629686724 0.829095956213154
-0.000317344620324438 -0.996242892125665 0.086602535652733
5.63810298108656e-05 0.929489748502032 0.368847941909413
-0.000243034222038851 0.995422397149844 0.0955729678665765
-0.000104352771685731 0.0434473393598417 0.99905571306762
-2.88880112086191e-05 -0.0760777227577739 0.997101890112276
-7.88165417012937e-05 -0.181140127204432 0.983457293482699
-4.50662898568852e-05 -0.278362366781864 0.960476127099798
-3.62404164003814e-05 -0.170270803549681 0.985397306747475
-3.83732964946968e-05 0.415240945508514 0.909711468379225
-0.000107675948479814 -0.556699352090739 0.830714042127399
-9.88158873060145e-05 -0.279809654425596 0.960055491899114
-0.000292024434136706 -0.996126189806962 0.0879347980175873
-0.000138629139645177 -0.466608144322442 0.884464143102437
-0.000120432472393678 -0.187354420501935 0.982292373285268
-6.54487007246151e-05 0.747013955934486 0.664808352350944
-4.3387434205792e-05 0.869248745138134 0.494374976301703
-9.00791690708674e-05 -0.375901204349589 0.926659741466236
-0.000101063532542176 -0.376018945388262 0.92661196975609
-0.00025787838858579 -0.717192820119504 0.696874732120321
-4.85626112882559e-05 -0.368714798838625 0.929542572859934
-9.95477303043999e-05 -0.279994653972672 0.960001554080499
-4.55441686506014e-05 -0.0761958507675401 0.99709286942167
-5.15621485551406e-05 0.320756110149599 0.94716182099103
-0.00013802748728495 -0.183813877990461 0.982961056810757
-4.56272471688418e-05 -0.27850568048009 0.96043458072816
-0.000284390903283076 0.996452096084295 0.0841613885996925
-4.03229744483608e-05 0.590310394515382 0.807176335444215
-0.000335651555772771 -0.99645414838462 0.0841368974060468
-0.000130453656194753 -0.0833656963771564 0.996519013190112
1.80190698460959e-06 0.808772536448122 0.588121572707569
-0.000177129746803586 0.997165342026204 0.0752412738250521
-1.14022783563435e-05 0.510768117783785 0.859718517728679
-0.000116596090877425 -0.0825708849394226 0.99658518720964
-9.82955504853909e-05 -0.782330561398513 0.622863454570801
-0.000105895031669982 -0.637930872949071 0.770093624259206
-2.09123663875978e-05 0.421353010585362 0.906896708580048
-8.6248799432334e-05 0.597831106725777 0.801622080778827
-1.16498888380861e-05 0.596852654859877 0.802350863557207
-0.000116426996199041 -0.469092822181701 0.883148860964199
-1.5781746598284e-05 0.0199498640107681 0.999800981534269
-1.21100734131763e-05 0.125941020747325 0.992037730707088
-0.000292711996256368 -0.996261974905097 0.0863828205020173
-0.000267594090830362 -0.642904019285928 0.765946702048779
8.09547658359411e-06 0.808690611257179 0.588234217976949
-0.000296240572482174 -0.996123569242471 0.0879644646500179
-0.000290321592590641 0.99672418452435 0.0808753095675225
-0.000175369351065953 -0.380492211600895 0.924784107863371
-5.21036761723602e-05 -0.0786962651588201 0.996898638345574
-9.0955442162854e-05 -0.182280706799166 0.983246528423011
-3.36378151673102e-05 0.672380371503391 0.74020580576314
-0.000264135399378444 -0.642637065059092 0.766170694326484
1.93874979024182e-05 0.744887129133293 0.667190500888379
-0.000155123666050136 -0.380176132038333 0.924914095775937
-0.00017126950344256 -0.472192291060456 0.881495553550802
-4.00367698245048e-05 -0.0785164609051399 0.996912816531109
-2.07994459909762e-05 0.672861547449239 0.73976843507384
-1.51344405067814e-05 0.126094974919714 0.992018173760413
-0.000241049681265716 -0.587791217896445 0.809012624165325
-0.000229432376145554 -0.560741305538385 0.827991023878818
-0.000285649048129827 0.996822789026896 0.0796507732621738
-0.000304084712540134 -0.996242896230234 0.0866025360095396
-0.000364269142179034 -0.996261491041564 0.0863881286730489
-0.000302179841499371 -0.996188349534576 0.0872277532607674
-2.56309525405333e-05 0.596566090847207 0.802563952962215
-0.000139840398402299 -0.284218763787489 0.958759445719193
-0.000222185284710765 -0.56043489220178 0.828198455828359
-0.000125840428602543 -0.18353953739095 0.983012320562923
-0.000152564988696294 -0.282619710260243 0.959232024119473
-0.000273329092603775 0.99589335873469 0.0905336584886808
0.000189477026073367 0.0250957191199086 0.999685034888645
-0.000158889124615854 0.913859823781089 0.40602979845455
1.58504983791257e-05 0.0228387760006508 0.999739161011288
-0.000114165420978844 -0.182980914104 0.983116459042326
-0.000111750157354637 -0.0820456824480521 0.996628563459595
-0.000142756959838105 -0.282307253556533 0.959324029830285
-0.000291860347089765 -0.996194070008113 0.0871624328378311
-0.000152895596242592 -0.284648745535227 0.958631873186031
-2.29246116784083e-05 0.420946413147746 0.907085506847348
-0.000280609603916009 0.996581414143659 0.0826160168591769
-0.000150653424935512 0.936390368378389 0.350960190494209
-8.54062094592659e-05 0.0249451568488826 0.999688817510511
-4.17932346290641e-07 0.227995198750301 0.973662256301761
-0.000187892123558494 -0.473764172607156 0.880651732213369
-0.000106255095078638 0.121394639433253 0.992604317050216
-0.00011892146008141 0.21634652702764 0.976316632092666
-1.05917171759697e-05 0.227731153203173 0.973724048048814
-0.000125907653472924 -0.186785945221492 0.982400628468333
-3.86562994858474e-06 0.130898385853991 0.991395790068667
2.10401993279711e-05 0.128608651095081 0.991695424220972
-0.00010154116251318 0.221300069309162 0.975205757270307
-0.00031300990618865 -0.786669849309708 0.617373833436306
-0.000127418481280711 0.110694353672355 0.993854488257506
-0.000277120034272139 -0.969988753458712 0.243149627530254
-3.7724326134865e-05 0.511604637212114 0.859220980749386
-0.000298238908774013 -0.996252885031171 0.0864875720587761
-0.000284566295915046 0.996775294688958 0.0802429493461166
-0.000107550549832967 0.121799791171698 0.992554683281183
-4.73084084696549e-05 0.51289257906312 0.858452794336355
-0.000279627883878819 -0.721322965591194 0.692598802423865
-4.4101895511721e-05 0.0196009453672552 0.999807882043212
-0.000186427818883451 -0.496860906965341 0.867830170237384
-0.000341391956766708 -0.996418182478164 0.0845617471345263
-0.000283068879640196 -0.931375757670107 0.364059223061913
-6.96147631273593e-05 0.0192418788343479 0.999814855487109
-3.42973820254271e-06 0.32895003142144 0.944347328484637
-0.000220784269860175 -0.566680478726613 0.82393761067479
-9.19075264363148e-05 0.221729200256815 0.97510827773457
-0.00017855547356966 -0.386059361323801 0.922473922478138
-6.48597332849922e-05 -0.705490163085485 0.708719708758568
-0.000100210740306053 0.31789178586349 0.948126996998993
-0.000349566535288543 -0.996311470404756 0.0858098580767465
-0.000157092964159325 -0.473373067060025 0.88086202932354
-0.00035184606312524 -0.996390851907096 0.0848831340149498
-0.000256597276813319 0.951058649709916 0.309010321785193
-0.000156630381057804 0.110782492382176 0.993844663339557
-0.000217027584271185 -0.899005373681223 0.437937542340584
-0.000134540071064209 0.119718541693517 0.992807862918977
-6.35927733167979e-05 0.945679150932272 0.32510142947698
-6.51129265251047e-05 0.912802960740113 0.408400233379452
-0.000182658740386802 0.967924710136059 0.251240367265714
-0.000243994167511271 -0.890883982578778 0.454230855459449
-0.000366893531656968 -0.96961061269434 0.244653070979383
-0.000239077159746054 0.973806657005039 0.227377522228523
-3.86549611826549e-05 -0.609143547922561 0.793059982933264
-0.000295055599859222 -0.996935090729581 0.0782325879298116
-0.000368350712789676 -0.995401272563937 0.0957923321349251
-1.28460230082959e-05 0.975202974479456 0.221312354832262
-0.000108963171242377 0.936970403650337 0.349408715990817
-0.000147546977405116 0.970857613418965 0.239656989667152
-0.000131671940223583 0.215940546290524 0.976406505063465
-0.000136297874360496 0.120001677453525 0.992773679562079
1.94436079545006e-05 0.860049129713066 0.510211224986028
-0.999614180164776 -0.00317901753156461 0.0275931995433016
-0.000279855861692235 0.997012932291462 0.077234283347983
2.81454433944086e-05 0.861190537019089 0.508282262288
-5.2587957412114e-05 -0.753190247729478 0.657802742438578
-0.000185491089566141 0.0161445179893537 0.999869651570617
-0.000163349171320249 0.911518122992695 0.411259874985297
-5.36785437028954e-05 0.727422528269229 0.686189815200588
-0.000236098277034025 -0.923517708385429 0.383555715061227
-0.000121560643750377 0.411838666488957 0.911256768428969
-0.000170048514545621 0.0161955592368137 0.999868828869322
3.32993157453917e-06 0.923937398518471 0.38254370156602
-7.81591696987549e-06 0.201521861392282 0.979484016878224
-0.000210905032336477 0.99662393488161 0.0821016926753925
1.02455559741998e-05 -0.502969480682949 0.864304171803279
-0.000210936572636401 0.996184097462042 0.0872765688458144
9.7081039142465e-05 0.971392235208065 0.237480769648306
7.01710631202365e-05 -0.313668353736393 0.949532600251473
-0.000413045064402155 -0.934224321103003 0.356685782241748
-5.0934292070598e-05 0.910889788515728 0.412649718991145
-0.000100774502985242 0.971652445797884 0.236413862578929
-0.000223888656602764 0.995839317847122 0.0911263019311594
-0.000110624884778863 -0.0920978082043826 0.995749959320152
-0.000317719125436529 -0.996605467672403 0.08232521399928
3.73765030459888e-05 0.91576334721262 0.401718172983168
-0.000357345859293288 -0.995726565517502 0.0923497646269648
-0.000263772564046624 -0.923083352669395 0.384599862777751
-0.000319050362492461 -0.996855197335749 0.0792440139794276
-9.81341603521137e-05 -0.551141209449229 0.834411983145333
-0.000353418365159617 -0.994520743622881 0.104538823406669
-7.37551618152882e-05 -0.704997950915115 0.709209337054769
-0.00025539316326975 -0.994522690327271 0.104520587438743
-0.000364081900116355 -0.997136519504422 0.0756216167175611
-1.36543996001921e-05 0.974812594401281 0.223025571650878
-0.000284458218849481 -0.997334358308155 0.0729664088576522
-0.000157845567636067 0.997042936918071 0.0768463208394769
-0.000268293956051979 -0.981177388374114 0.193108416599862
-0.000314462666117324 -0.996914380159023 0.0784959855367354
-0.000184031534251981 -0.923460016377008 0.383694623737902
-2.43129542931868e-05 0.974342114288047 0.225072085638308
-2.61986740058144e-05 0.243891764152451 0.969802457561453
-6.91298390002437e-05 0.913331533528079 0.4072167789818
-0.00040003368883553 -0.9744507428444 0.224600956683279
-0.000117746747832885 0.996487730905558 0.0837388099413667
-6.54476788995701e-05 0.907588202318623 0.419861466115493
-7.98437317629674e-05 0.416427184984594 0.909169067462584
-0.000156618423129373 0.997385004177594 0.0722712177310659
-0.000177673962700287 0.997384110445803 0.072283502005622
-0.000328147247945771 -0.99699479551144 0.0774678645793635
3.44214060069459e-05 0.926941771449308 0.375205212060794
-6.49084841868986e-05 0.809141983672789 0.587613177222017
-0.000202182322773414 0.994522551535445 0.104522024519885
-0.000232671713284519 -0.997064923564734 0.0765603295494783
-0.000281075951062721 0.997383906851939 0.0722859830746735
-7.75845524435819e-06 0.971363685637978 0.237597538210331
-8.43900962973397e-05 0.910078350419135 0.414436230289653
-0.000159704110891051 0.968646739894284 0.248442081352518
-0.000258532428359393 0.970609256824157 0.240660764829335
-0.000206667184585406 -0.968053655767389 0.250743049443189
-0.000211774586789934 0.997620508415428 0.0689440087351104
-0.000231134842262232 0.997018419693195 0.0771635754042527
-0.000111721257632514 0.857569298935127 0.5143684331705
-8.32391195752101e-05 -0.912353953761576 0.409402315732178
-2.61626060734552e-05 -0.870394020340832 0.492355815107776
-0.000112775764414183 0.668676215451851 0.743553700932634
-0.000136785371954298 0.577129203193135 0.816652841855962
-6.36251811311835e-05 -0.809710763189793 0.586829170991388
-5.58790566851915e-05 0.975175990008803 0.221431220445272
-0.000330031003413743 -0.971166303897786 0.23840281301413
-8.91951068873631e-05 0.500745739531684 0.865594417949365
0.000284972611628933 -0.0066595198317903 0.999977784546347
-8.03475664639362e-05 0.103626640463708 0.994616264159437
6.0717963522198e-05 -0.10341833069679 0.994637946787281
-0.000117500112190285 -0.638536809794833 0.769591273814069
-0.000172126914070383 0.997398261191591 0.072087994453415
-9.41267290366972e-05 0.827879342674933 0.560906217751488
0.00011956617991398 -0.406740346586602 0.913543800899847
-0.00033206959670932 -0.996677163884389 0.0814525673085451
-7.44877986583743e-06 0.975919893469479 0.218129231133833
-0.000338278494283817 -0.966706094696563 0.255889061986205
-0.000267245400601357 -0.97043884590178 0.241347001109849
6.9394708132573e-06 0.975871849425582 0.218344071251173
-1.3996918019948e-05 0.328499721986681 0.944504066936061
-4.74116700362927e-05 -0.607544637501744 0.794285535053364
-2.04546853746052e-05 0.971699576401486 0.236220093986052
-0.000290209274170872 -0.962195043337968 0.272361183641179
-0.000142580176443147 0.996583313842244 0.0825934515691438
-1.11484873540207e-05 -0.439277970886323 0.898351192001049
-0.000102237094379426 0.971949165054339 0.235191007688963
-0.000316646817927146 0.974981701848667 0.222284909058329
-0.000292533425055382 -0.970926422688376 0.239377935803926
-0.00030830414950623 -0.996603135007428 0.0823534834838127
-0.000254889230527293 -0.964051494805192 0.265715355964526
-0.000242111801456683 -0.925177660595398 0.379534237872028
-0.000279763739552114 -0.925485548923925 0.378782814374188
0.000117097779213553 0.972554068173338 0.232676966560079
-0.000506883254899949 -0.97554445417289 0.219801640125555
-0.000125525422918968 -0.973405218951145 0.229090078270625
-0.000160124793310256 0.997561575043878 0.0697916782720353
-0.000183523181388486 -0.924400548386785 0.381423114744575
-0.000257062539145413 0.972967669836796 0.230941220597809
-0.000104510473650258 0.938433250552991 0.345460595921022
-0.000406324128324528 -0.935075019716667 0.354449633096971
-0.00011709280082947 0.975809893014549 0.21862076521733
-0.000321274386228913 -0.996577866651941 0.0826586503775329
-0.000402713670741164 -0.968300942127558 0.249786155133911
-0.000296596847459436 -0.997207963784293 0.0746738842935991
-0.000273386857204451 -0.998360204629292 0.057243576689304
-0.000277221632535428 0.997191878463054 0.0748884548878654
-8.61695416545075e-05 0.736205514119508 0.676758031762343
-0.000162872094604343 0.996995090096505 0.0774645970501537
-0.00015659795031612 0.968695273520996 0.248252779511457
-0.000103012345595083 0.828534791570348 0.559937575579579
-0.000235748822102446 0.9758061596291 0.218637332705101
-0.000434899241361119 -0.973627400283246 0.228143586980518
-0.000148033445830868 -0.972520638413611 0.232816635886875
-0.000375449439835836 -0.975221935973579 0.221228467050834
-0.000118036667515916 -0.917832672704589 0.396967468419385
-0.000109098083751378 0.973419212802244 0.229030618575482
-0.99999882429248 -4.40282504232605e-05 -0.00153279978165713
-0.999331857456928 -0.0257810530021441 0.0259070642448593
-0.99999884201473 -0.000867839992963477 0.00125012917138341
0.999768469112542 -0.010494255782483 -0.018785067578691
0.999988828785621 0.000825191827643022 -0.0046541768776956
-0.00182683774390413 -0.291543009641989 -0.956555976507778
0.999999796820102 -0.000444001646739465 0.000457408234266094
-0.999407816834656 0.0231820868861243 -0.0254284584155275
0.999999991367862 3.17447788290722e-05 -0.000127501154854805
0.99979704840958 0.0105383561998352 0.0171698875970918
-0.00085085720829873 -0.602612430902478 -0.79803354200423
-0.999784684489158 0.0126287822966865 -0.0164650696511668
-0.00171216327044352 -0.234180762396619 -0.972191564981035
0.999990183749507 7.68479257879016e-06 -0.00443084027813577
0.999999528253545 0.000172221622860995 -0.000955945814506597
-0.000849317967093008 -0.613611190495364 -0.789607868221849
0.999992061077575 0.000672678561973913 0.00392750370785896
0.99999757355695 -0.000439013700265995 0.00215873740486346
0.999991187129007 -0.00155773373863574 0.00389860615068859
0.999999830955534 0.000119365418501892 -0.000569070119041385
0.999999991413183 1.62785001748817e-05 0.000130033240895605
0.999982990828164 -0.00306016036417744 0.00496522636998574
-0.999998408289533 -0.00118435521555524 -0.00133443663176936
0.000365627490842501 -0.855944879745482 -0.517066948425472
-0.999998442966219 -0.00124781595643877 0.0012478062658692
0.999968628324186 0.00143098962579149 -0.00779067623100818
-0.999998468648775 0.000748203203389668 -0.00158205311934192
-0.999922992950017 0.0019677772250257 -0.012253000557928
-0.999999402872006 -0.000694091695477436 0.000844092619713176
-0.999997224017996 -0.00144033386113563 -0.0018647773782946
-0.999999990682359 -0.000104274324233778 8.8103051365756e-05
0.99999797545289 -0.000335125407846878 0.00198413232477239
-0.999997757467383 -0.00124530473943139 -0.00171297294546329
0.000659857823234331 -0.625445560076039 -0.780267528459838
-0.999999768214763 -0.000110527414412465 -0.000671828930490773
0.000333434488617249 -0.933441868784079 -0.358728541410253
-0.999999948593934 -0.0003187037048182 -3.52147321808517e-05
0.999999310899485 2.32520024227289e-05 -0.00117373757716638
-0.999994710529501 -0.00191292802113603 -0.00263051694648202
0.999873588167533 0.00809505824431737 -0.0136849449031702
-0.000294862550071543 -0.288571977184592 -0.957458159419957
-0.999998991292496 -0.000861282425266545 -0.00112942754319226
0.000392199759773817 -0.855746309300122 -0.517395496983273
-0.000303693823496513 -0.290667632670202 -0.956824035592732
0.00117219952439411 -0.285607896861144 -0.958345843210492
-0.999999969197455 -0.000248037273689335 9.08846712610304e-06
-0.999999674622469 -7.47560803893163e-05 -0.000803222562203861
-0.000165758664035264 -0.286119746071398 -0.958193854829024
-0.999983977700027 -0.00412018207294836 0.00388180923257011
-0.999999983012842 -3.45679138931236e-05 0.000181050753159891
-0.000957006656280223 -0.517553395514077 -0.855650376573347
0.999999838620931 0.000134523636502976 -0.00055196150447006
-0.999997967674842 -0.00140355249254153 -0.0014473032113372
0.000156462360295295 -0.867553203998897 0.497344361334054
0.000119087648031817 -0.867109042050629 0.498118354422092
-0.999999985650756 -0.000129365368664285 0.000109375904831079
-0.999998542687888 -0.00107793900695085 -0.00132388428392713
-9.02203456235384e-05 -0.285315342781445 -0.958433694646529
0.000463780261189571 -0.751648577984358 -0.659563643723607
8.82025034896082e-05 -0.762235417942074 0.647299899470863
-0.9999998684624 -0.000388729848587784 -0.000334610651355882
0.000692399248225343 -0.626255542656429 -0.779617544617476
-0.000176499687221905 -0.288698295977572 -0.957420107762265
0.00108669100058208 -0.296766521850578 -0.95494944924398
-0.999995523835127 0.000488458069692199 0.00295190081549769
-4.71194374607796e-05 -0.284516000917012 -0.958671290381614
9.86888165919446e-05 -0.866226953194465 0.499650733833097
0.00012440400109911 -0.867537668850035 0.497371468471897
2.45125816295605e-05 -0.0688932383943989 -0.99762403795351
-3.5658943773896e-07 -0.985074754613001 0.172127068830006
0.00015448739190999 -0.8679280808676 0.496689865585288
-4.69844685518401e-06 -0.0686987719017219 -0.997637448533845
-4.12619475348791e-05 -0.20431534720437 -0.978905121650821
7.85273762523578e-05 -0.117654511940855 -0.993054585434965
0.000136891437065753 -0.867508426694316 0.49742246719975
-6.0381969374416e-05 -0.0690485575628221 -0.997613298353882
7.89569816492694e-05 -0.761747775753117 0.647873691317199
-0.000132017043461364 -0.0695043570116498 -0.997581639229541
8.23534876163137e-06 -0.283774202966745 -0.958891131287993
0.999993458123547 0.000292540078174794 0.00360529200095656
-9.91972672948481e-05 -0.287915967847538 -0.957655671741319
9.96467925238585e-05 -0.121838679439827 -0.992549911220023
-0.00112126048166872 -0.390014277531592 -0.920808126645526
-4.45713099477728e-05 -0.19623911955136 -0.980556069774241
-0.999997592281126 0.00127013809473755 0.00178946393422472
0.000131413797997215 -0.114875504797458 -0.99337988762001
0.000131481559156216 -0.867475002958909 0.497480755360486
-0.999999993450229 -8.73022567402194e-05 7.40125485234912e-05
-0.999999968572696 -1.01534577149937e-05 0.000250502522333307
-0.000101881658392629 -0.197474276306787 -0.98030806373162
9.54381775607162e-05 -0.86560350655426 0.50073002739253
-0.999997930115489 0.000833720691710143 0.0018559834446009
3.62530173172597e-05 -0.282985483973526 -0.95912419140901
9.10406899542604e-05 -0.865315860066145 0.501226948626649
0.000300711626014922 -0.113920828096648 -0.993489785804712
0.000120325377469185 -0.985374624214651 0.170401982017927
-0.000168668998301756 -0.1988836258354 -0.98002309917947
0.000121358176963813 -0.999979726814268 -0.00636641442690795
-6.12340939617098e-06 -0.999995745310132 -0.00291707458549772
0.000172370037399229 -0.868496087129376 0.49569599244853
9.16726621652644e-05 -0.762365799895308 0.647146334878063
-5.12592952666306e-05 -0.287103677455054 -0.957899512352036
0.000561662762177959 -0.113060682762107 -0.993587925927196
7.87960415062035e-05 -0.99998237025262 -0.00593742158980907
9.61228530793572e-05 -0.866059407429434 0.499941090092998
0.000153728656804423 -0.121171376270883 -0.992631590238856
7.26722835949461e-05 -0.999980528437318 -0.00623998917954636
0.000159337751569771 -0.282214239434908 -0.95935139426159
0.000133000078578526 -0.86748422300738 0.497464677282982
0.999982753064762 0.00201714379617996 -0.00551585930982076
8.43813646602892e-05 -0.864946174565357 0.501864631135269
4.08450288795147e-05 -0.999987241581766 -0.00505123800404427
3.37089263874968e-05 -0.999985529455099 -0.00537956727937174
3.2538951874448e-06 -0.999993476556641 -0.00361204008496155
0.999999904583469 0.000117026378329249 0.000420877510995541
-0.999999739887411 -0.000652914049556956 0.000306477329719596
-9.44679344462519e-07 -0.999994731277929 -0.00324613855053385
-0.999999878149278 0.000218690466239564 0.000442578703221558
7.84069235139908e-05 -0.864357633858648 0.502877594094859
0.000112563064370533 -0.762451787247205 0.647045021194893
0.000100230738979173 -0.999980261426413 -0.00628225368491721
9.4431727943811e-05 -0.999980796863806 -0.00619653018037361
0.000389527259486576 -0.281527601114296 -0.959553051206312
-0.999999647739074 -0.000742563101875059 0.000391307765356133
5.74345220815721e-05 -0.999983083476567 -0.00581630999627572
5.4309737684263e-05 -0.999986054296525 -0.00528093390599605
9.71966294709887e-05 -0.762231506879794 0.647304503670857
9.21144558285433e-05 -0.762511239274902 0.64697496203051
0.999999905705594 -9.53432167619375e-05 -0.000423672602871812
-2.10627820327061e-05 -0.28630470950424 -0.958138618818828
-8.78741996875897e-05 -0.634373177281202 -0.773026949222521
0.999999996042783 -8.88917708957761e-05 3.56186864532696e-06
0.000237534371629982 -0.855529004137635 -0.517754832576856
0.999999992800804 -1.13412267978254e-05 0.00011945613910673
0.000295332547372686 -0.120539239748094 -0.99270851938504
0.999997641223071 -0.00118454438823111 -0.00182055016040412
0.99999993487471 -0.000221208300164259 -0.000285162170081029
0.999999988972456 -9.82905777247468e-05 -0.000111328568090559
0.999999994985174 -6.88829154825231e-05 7.2696595278675e-05
2.70906773519152e-05 -0.999987677864624 -0.00496421041181943
2.00540466914378e-05 -0.999990198881929 -0.00442738499735078
0.999997804707791 0.0012804514006589 0.00165862105634508
-4.85650517575228e-06 -0.939264694285339 0.343193581008567
0.999999987275307 2.63304217615845e-06 0.000159506906029414
0.999999994577255 -9.63366345660853e-05 -3.9556837160551e-05
0.000184711322593841 -0.856643158953137 -0.515909356477005
9.84752333438414e-05 -0.857637941520232 -0.514253975743084
0.999999911261603 0.000132036948011137 0.00040005378474612
-2.41114494030122e-05 -0.632467298582596 -0.774587061370296
0.999971249216049 0.00378220148871849 0.00657234305195768
0.999999910087013 -0.000237659698759889 -0.000351203408639634
0.999994742813305 0.000608166676714239 -0.00318503988133937
8.85420063246665e-05 -0.999982986784105 -0.00583252112324179
0.000957101119847138 -0.0877607688062387 -0.996141120231458
8.59087647751474e-05 -0.999984836439323 -0.00550631556529823
-0.000148520928419689 -0.635502123117178 -0.772099105979985
-0.00151173535946486 -0.253296768759216 -0.967387441303815
0.000115875155895039 -0.985292927954483 0.170873733194512
0.999999388281503 0.000168951479903693 0.00109311116383769
0.000103019048952224 -0.866306733874004 0.49951239447248
0.999999992496884 2.54721305090942e-05 0.000119822378647305
0.99999998759388 -5.35024895028995e-05 -0.000148154391795936
-0.00118459980442622 -0.0864237699977753 -0.996257762179384
6.46967462064434e-07 -0.984991660942259 0.172601934733628
-0.999982179672812 0.00269448548817065 -0.00532729619652962
0.999999646827819 -0.000499634945771941 -0.000675802603161171
0.999999919052726 -0.000389276664394775 -0.000101775340827702
0.999999997851546 -8.96467839391718e-06 6.49349071211171e-05
-0.00146600412712327 -0.420622211461687 -0.90723470285091
0.999999995703608 1.2654026542994e-05 9.1829509975729e-05
0.999999941827134 2.67388020582464e-05 0.000340045239356372
0.999999996113826 -6.70480105800745e-05 5.72443262110239e-05
0.999999984491939 5.49390767631672e-05 0.000167325490108718
0.999999997331637 -6.31124035977512e-05 -3.67906415824963e-05
-0.00117057336441729 -0.248608977757207 -0.968603224203035
0.999999987110126 4.61826650564575e-05 0.000153775513201387
0.999999997459245 -5.42323830807596e-05 4.62640074862012e-05
-0.00139201087205342 -0.257026401710754 -0.966403379096614
0.0010858931284762 -0.0877571812852907 -0.996141304217918
0.999965460412664 -0.00305743642324913 -0.00772852277001838
0.999999998553424 -5.16992639287574e-05 -1.48437778194357e-05
0.000143881234869161 -0.986077327987864 0.166287349267781
0.999999993472396 -8.66455839656693e-05 7.44832252763923e-05
0.00114904620403673 -0.0888230979104146 -0.996046754409861
0.999999996665934 -8.16399776887182e-05 1.74514074753054e-06
-0.00150433817870467 -0.0852942984496866 -0.996354665577785
-0.999999982858616 -0.000141077050335247 0.000119916779020955
0.999999647147207 0.000468010093809896 0.000697618816896611
-0.00140636216556848 -0.0860739231911557 -0.996287760585235
0.000751085262270532 -0.0833113311575449 -0.996523285212988
-0.999997403170016 -0.000273903095803584 -0.00226243901968543
0.000111904818395565 -0.999978847000503 -0.00650330906977721
0.999999954387588 7.03966152834673e-05 0.000293716084130546
0.999999866656027 -0.000191884134712147 -0.000479445937661954
0.999999985737986 -9.41310164661161e-06 0.000168628056358999
4.64509419583628e-05 -0.999989306465829 -0.00462436982727942
-0.99999994278172 -0.000314468863094758 -0.000124683163910207
0.999999791950527 -0.000605772715817148 0.000221671650215773
0.000886268031580522 -0.483826934612558 -0.875163248698431
6.42839117958451e-05 -0.760994554581447 0.648758262964691
0.000318105930020559 -0.932639457528535 -0.360809563439632
0.000433737855012224 -0.751611752148036 -0.659605629072731
-0.999991673114319 -0.000398028727626256 0.00406143757268308
0.000322494577809551 -0.933131296617214 -0.359535643950254
-0.00079616871021902 -0.0843864171163791 -0.996432786856015
4.92129247331461e-05 -0.999988064943525 -0.00488544251761757
4.8408324405713e-05 -0.760641042218635 0.649172706257113
0.000953839979829195 -0.481914576646979 -0.876217684713368
5.68288780127595e-05 -0.761028303559395 0.648718673965833
0.999999953526653 -0.000143052152037971 -0.000269226248088399
0.000307821748592516 -0.932517378274191 -0.361124970699065
0.000494505688383566 -0.119925318389042 -0.992782792696071
0.999999995312525 -7.36316368370954e-05 6.28755353636847e-05
0.000900938339507941 -0.0888231204989231 -0.996047007713462
0.00084725896854831 -0.0875759302047585 -0.99615748684684
0.999999994368993 -8.06371327797034e-05 6.89903451752094e-05
0.000352961433412879 -0.855629765257317 -0.517588234240246
0.000417663382058874 -0.751675568564357 -0.659532914402875
-0.000628254476124623 -0.0824485357239395 -0.996595125541607
0.99999995592829 6.69237744929186e-05 0.000289248382743149
0.999999993881877 -9.30895253750139e-05 -5.97543855628765e-05
-0.999999943627807 -0.000285696731175295 -0.000176413608452913
0.999999952223015 0.00010173694771088 0.000291896490505737
0.999999955029237 -8.07925043940123e-05 -0.000288814984410346
0.999999620990911 -0.000575048419038492 0.000653710448714643
0.999999958044596 -0.00015791781365405 -0.000242843098402413
0.999999992247696 -4.24205515842206e-05 -0.000117068800078369
0.999999991794126 2.34527254991659e-06 0.000128086872942213
0.99999999278302 -7.00645200307401e-05 -9.75957099814014e-05
0.999999982170145 5.9388239375351e-05 0.000179256090822526
0.000304650158947336 -0.932646670892754 -0.360790929016992
5.95440108641536e-05 -0.760841194961724 0.64893811145881
-0.000981105388419167 -0.0854905580332076 -0.996338497660001
0.999999973717493 7.37603139428733e-05 0.000217081620121325
-0.999997185127226 -0.000783890497685019 0.0022394761247436
0.00101946979271619 -0.0866680489007045 -0.996236723866917
1.04033403012661e-05 -0.285520368609935 -0.958372640991289
-0.999999989750712 -0.00010935139879154 9.24167098301911e-05
-0.00106735337007362 -0.0858464200133764 -0.996307810331561
0.999997651637501 0.000241469280797477 -0.0021536973022278
0.999999991483502 1.58089725351477e-05 0.000129549493732174
-0.999751361599907 -0.0111861082048683 -0.0192895298636733
0.999999994915114 -0.000100451685154031 -8.90112951654848e-06
-0.99999987199849 -0.000314329588977349 0.00039648444338572
0.999999944098654 -0.000314586807941345 -0.000113304146403181
-0.0012769542762671 -0.0869827566228697 -0.996208998874264
-0.00129054091072955 -0.253792240020276 -0.967257893950547
0.999999996392633 -6.46034310624528e-05 5.5146441706006e-05
0.000696735497933864 -0.0803209695829025 -0.996768807901265
-0.999999991979388 -9.65648736531493e-05 8.19539461582997e-05
-0.000701770172199986 -0.0836623268100759 -0.99649391497959
0.999992864687028 -0.00317699149050172 0.00204384444126126
0.999999993392089 -2.45859841117115e-05 0.000112300277727431
-0.999976773822894 0.000667227993686474 0.00678281811353226
0.000325932499736902 -0.855073926709453 -0.518506001536802
-0.000476251759847153 -0.0825976415730724 -0.996582862982716
-0.000358116082527444 -0.0833186055618669 -0.996522895733007
0.00019660775697781 -0.626195813987302 -0.779665802693802
-0.999998556534883 0.000113293843490868 0.00169531491343229
0.00030967381579515 -0.854771930563291 -0.519003709835713
0.00079922466044757 -0.0862999740075069 -0.99626887722454
0.999999996747056 -6.13537334907482e-05 5.2360368053552e-05
0.000368421658068671 -0.478359038120606 -0.878164275585047
-0.000868463734917026 -0.0851436780977242 -0.99636830532225
0.000316201088876271 -0.981394326894982 -0.192002799862963
0.999999937792334 -8.15849452956036e-05 -0.000343160639998914
0.000412398586164463 -0.479586939600549 -0.87749427194255
7.98786153874764e-05 -0.627520403971175 -0.778600113164171
4.88237900753e-05 -0.760538316029639 0.649293052070511
2.92499486096434e-05 -0.629188931308394 -0.777252396499001
5.21943556283382e-05 -0.984981397326321 0.17266048823294
1.2496967499135e-06 -0.859956832802138 -0.510366775677409
0.999999986963305 -0.000123922406535738 -0.000103521138103698
-0.000539064441403234 -0.0813199281653945 -0.996687904357579
-4.52096422025146e-05 -0.860981062901032 -0.508637009351362
0.00028234059156318 -0.932927071236733 -0.360065271912527
1.53785598423735e-05 -0.863451566029086 0.504431752455591
-0.000404721772403432 -0.0837143987673853 -0.996489706740266
0.00010536265227044 -0.762105321067382 0.647453062777136
0.000387094317351191 -0.751073517842304 -0.660218464566067
0.000266070043119816 -0.933062492995554 -0.35971421068906
0.000179576479292197 -0.982370827530686 -0.186942571312591
0.000263381247130039 -0.933157591071375 -0.3594674406065
-2.11885387033322e-05 -0.760565351743442 0.64926138440417
0.000287168284544877 -0.9327710171427 -0.360469342819815
7.46709940778916e-06 -0.863451094283919 0.504432560134797
0.000296697460067162 -0.471840439942883 -0.881683906627043
4.29136061728392e-05 -0.863434035706131 0.504461756868295
0.000618779463428236 -0.624734954250006 -0.780836637236125
3.77670584800481e-05 -0.863436163573913 0.504458115215141
-1.60917327070222e-05 -0.760561494205685 0.649265903365233
0.999999982701772 3.7111772014574e-05 0.00018226127204412
0.000247101839619127 -0.933254744223044 -0.359215146292387
-3.20635082160214e-06 -0.760554445961604 0.649274159903009
3.3820105294495e-05 -0.863435657726968 0.504458981307499
0.000245547484922638 -0.477554455688337 -0.878602117888779
0.000242616540791129 -0.933383459786722 -0.358880562490897
0.999999926222435 -0.000166687049786444 -0.000346078823478284
1.6727372249448e-05 -0.863452209819677 0.504430650414616
-0.999999966452182 -0.000250663289212882 6.52958735669228e-05
3.95024474978926e-06 -0.760549708315573 0.649279709497757
0.999999985797455 -0.000150133805741131 -7.65828378764694e-05
6.48339751922963e-05 -0.863236866975132 0.50479907615953
0.999999999906859 -6.75145061093152e-06 -1.18616727484901e-05
0.000220900982819924 -0.933513035074194 -0.358543392840146
2.04314759925671e-05 -0.98492435967409 0.17298556385762
2.30530293276077e-05 -0.939014450934136 0.343877682331117
0.000217284667053552 -0.482705292556906 -0.875782823150195
0.000342958367018031 -0.474390294277365 -0.880314563707198
0.000217530413670092 -0.933645981366473 -0.358197060511047
9.86273594993993e-05 -0.9387526779826 0.344591642169599
2.25146759198448e-05 -0.863444343419126 0.504444115151127
-0.0002972909310631 -0.0829591251241761 -0.996552906361089
8.9633353270775e-05 -0.985033418569726 0.17236344237309
0.000283381982601897 -0.625190874362932 -0.780471838254248
1.94659546603337e-05 -0.760536793138572 0.649294837422548
0.999999995251828 -9.13257175091781e-05 -3.39993612772371e-05
-3.39744431294316e-05 -0.760542078507444 0.649288645877405
4.55848921569075e-05 -0.863419932511663 0.504485894811315
-8.33534103965865e-06 -0.863442138400067 0.504447889841599
2.27662951549587e-05 -0.939058431725118 0.343757561789785
0.000264914359060741 -0.855038220738607 -0.518564914833755
0.999999997669928 -5.19325853806478e-05 4.4307453079268e-05
0.000432146364351245 -0.0888231482534756 -0.996047318948182
0.000198901633903027 -0.933758037559296 -0.357904858491126
-1.66154589645498e-05 -0.863426153956692 0.504475248538005
-2.33152585342317e-06 -0.939092736869217 0.343663835097684
-1.1147070046452e-05 -0.863436596654446 0.504457375239505
-2.53373755381711e-05 -0.760557361286603 0.649270744413127
0.999999996328312 1.8293210206787e-05 8.37181874433001e-05
-0.00025720755812555 -0.0871223410065157 -0.996197586597065
0.999999997648107 -5.21672076961666e-05 4.45238055474341e-05
-1.21038181524912e-05 -0.86342671292636 0.504474291970046
5.80723625573399e-05 -0.863404421492203 0.504512439465386
0.00023854672178237 -0.75178259337332 -0.659411006426452
4.72559267463359e-06 -0.938986737946932 0.34395334848995
-1.79613443797173e-05 -0.863542396678676 0.50427624256536
0.000158525056660601 -0.999951656717701 -0.00983153585820068
0.000197365572609758 -0.933831856747554 -0.35771220886384
3.00457775171824e-05 -0.984969500623891 0.172728347233375
0.000289798593857483 -0.981643074536945 -0.190727004460375
-7.19389615347173e-07 -0.939035272012947 0.343820822398897
-3.7713664790514e-05 -0.760547645661781 0.649282124546797
0.000209294211009876 -0.856048639415045 -0.516895234212488
5.5278187091478e-05 -0.939054572137049 0.343768101331154
0.000129884048437572 -0.473366575302178 -0.88086552237945
0.000167580565456013 -0.480089616232365 -0.877219432241794
0.000240278785828727 -0.981982871988507 -0.188969789615454
7.86468235033847e-05 -0.761606106060557 0.648040224851786
0.000181384659713038 -0.933926553303108 -0.357464907557346
0.000190334307708084 -0.481359134160578 -0.876523443915238
-0.000115140017819209 -0.635415121519873 -0.772170713046449
2.9466818194638e-06 -0.939007661754962 0.343896221492467
3.43438325912271e-05 -0.984974554133916 0.172699526719663
9.94907471150781e-05 -0.478999890425586 -0.877814954915823
9.0136593261727e-05 -0.484170723840697 -0.87497354362916
-7.78034694687055e-05 -0.759859042788831 -0.650087862552949
-2.86987976789281e-06 -0.76055247804275 0.649276465101575
0.000149799550370683 -0.475985282356198 -0.879453232719276
6.24523397363848e-05 -0.985025443554389 0.172409024271309
3.40307688400437e-05 -0.939031015154497 0.34383244672343
0.999999996901195 5.60630967334716e-06 7.85250274837566e-05
0.999999995643054 -8.76166449095083e-05 -3.22058346833215e-05
0.000227223730466873 -0.982102678554411 -0.188346163076469
0.000132464563791537 -0.627234061773656 -0.77883079947063
6.51148488071413e-05 -0.98503174014368 0.172373045078313
0.000179602826832256 -0.934055539541525 -0.357127731763602
0.000232613102650433 -0.98204389497025 -0.188652416477514
-6.0833600887976e-05 -0.633463995162284 -0.77377216487304
0.000208009752298727 -0.0888231546257568 -0.996047390405834
0.999999998777389 -3.76117496038564e-05 3.21026290369755e-05
0.000208211647858707 -0.982229914153819 -0.187681518507528
6.33187554635738e-06 -0.93900770439404 0.343896105020895
0.999999999029883 -3.3500913410759e-05 2.85993635075822e-05
0.00016050002860306 -0.934356483933705 -0.356339634577443
0.000101959906476833 -0.985056926462402 0.172229037135505
8.67426282584144e-05 -0.762670627984947 0.646787063634364
-0.000217927610670122 -0.0906659580307882 -0.995881336586802
0.000162033148874315 -0.934206984939694 -0.356731387790793
-2.96471334198422e-05 -0.760542942285344 0.649287634304704
6.28209919044456e-05 -0.939001567745837 0.343912854985654
0.000102223228458032 -0.985035379358451 0.172352229351883
6.11532650062866e-05 -0.481371701616772 -0.876516560678035
-2.71736756299675e-07 -0.938955085055925 0.344039748063429
-1.14133080514973e-05 -0.631929788996164 -0.775025639349435
0.000128944886574895 -0.857065811403685 -0.515206927647678
-2.72333177981606e-05 -0.760549359913282 0.649280117047984
7.43456623481028e-05 -0.482719978725976 -0.875774752211729
2.67746963123453e-05 -0.474966211999465 -0.880004032230532
4.62683021428959e-05 -0.477643585272452 -0.878553699728891
0.000136198030985442 -0.934571530320299 -0.355775260754413
5.49768079899492e-05 -0.62878982208184 -0.777575306078992
0.000141078334598002 -0.93448891491511 -0.355992202158536
4.65240894136224e-05 -0.938989006849978 0.343947151246236
6.94625083322339e-06 -0.630567127255346 -0.77613471638414
-5.09644081683635e-06 -0.760554073164104 0.649274596582615
8.42732236906907e-05 -0.0888231562319496 -0.9960474084174
-3.46064241532739e-05 -0.76053651707027 0.649295160158321
1.21016239459405e-05 -0.938975459208956 0.343984137507649
7.32958480011185e-06 -0.485868965854126 -0.874031663022639
-4.32694612051283e-06 -0.760550508659166 0.649278771992094
8.20378904269941e-05 -0.938895306324716 0.344202842857526
0.000213428395477869 -0.982173237436663 -0.18797788729397
4.57600999233409e-06 -0.480647089077995 -0.876914121074527
6.14809618222882e-05 -0.760963323360164 0.64879489572649
-9.82755416598752e-05 -0.0888231561184289 -0.996047407144398
3.56721602620562e-05 -0.0888231564908456 -0.996047411320616
-8.56063064586923e-06 -0.760557639823512 0.649270418572111
3.39956573171331e-05 -0.760431437444833 0.649418222557606
-4.46917826815082e-05 -0.0888231564586538 -0.996047410959622
9.98917052099711e-06 -0.760544971883107 0.649285257528261
8.08737675265593e-06 -0.0888231565444548 -0.996047411921779
1.78508928044575e-05 -0.760528619491716 0.649304411362936
-5.1750876169813e-07 -0.483111835236934 -0.875558652891817
0.000122452450192022 -0.934653758916155 -0.355559187687929
0.000115837131783504 -0.934796475754847 -0.355183805230583
5.48921323853282e-06 -0.484442573425924 -0.874823063837675
7.15780233267076e-05 -0.938940786561732 0.344078761633763
0.000272846263897726 -0.981732634448643 -0.190265498746994
3.77699863266959e-05 -0.938997727755143 0.343923342976464
0.000158747465831266 -0.982606876222195 -0.185697877209465
-1.18872916256826e-05 -0.476563434770776 -0.87914008695894
7.8942342747549e-05 -0.858204403862849 -0.513308089706873
-2.34930583053637e-06 -0.479297983991612 -0.877652233254184
0.000105271950414449 -0.934936780941905 -0.354814324062326
-3.1507843593258e-05 -0.323414573232309 -0.946257371346834
-2.41345153284937e-06 -0.487531027590233 -0.873105662065587
0.000100827597906325 -0.935068441198712 -0.354467205969758
0.000118359211818726 -0.983031839036918 -0.183434973303325
-1.69051151746043e-05 -0.484830109096804 -0.874608349507022
7.64375959134487e-05 -0.320683116511035 -0.947186535452264
0.999999998780136 -3.75726211706624e-05 3.20628442019701e-05
-2.43002296596908e-05 -0.482289339001034 -0.876011982164311
9.27991120669575e-05 -0.935175598628125 -0.354184402704089
0.000123812718461767 -0.940289852841368 0.340374760101228
-6.99529567339501e-06 -0.486109373535542 -0.873897978548955
0.000120021076866922 -0.982967591251587 -0.183778943690494
0.000143328274332323 -0.982688987949108 -0.185262873832196
8.94724372188925e-05 -0.935260271922028 -0.353960754546344
-4.92120524790498e-05 -0.340868565014424 -0.94011096098449
0.000129462768710412 -0.98276865590975 -0.184839801451786
0.000121563012713178 -0.982888115253476 -0.1842035236251
0.000126563258835664 -0.982830149864681 -0.184512548350269
8.38811646216128e-05 -0.935384587742508 -0.35363210541144
7.50275805735344e-05 -0.983224368628043 -0.182400206433131
-1.47136455433446e-05 -0.47824642329067 -0.878225687618616
0.999999974395191 -0.000109681783226802 -0.000197938182222629
-2.64404195197963e-05 -0.489413214578212 -0.872052008023103
-6.22826350006811e-06 -0.480975781113468 -0.876733880914556
8.03701587324032e-05 -0.935481931064557 -0.353374518312179
2.27224005856366e-05 -0.859037367037421 -0.511912884695343
-4.86533602976126e-05 -0.486668327356328 -0.873586822691966
6.55741975794856e-05 -0.935563589200275 -0.353158273671627
0.000125474745450962 -0.940901789516882 0.33867950445815
5.98044568862674e-05 -0.935687407892496 -0.352830088193806
0.000159906075734941 -0.986363365590277 0.164582154109941
-3.31736321529315e-05 -0.484072015825223 -0.875028160915073
-3.61658313376559e-05 -0.488038302881843 -0.872822211915029
5.6843505573205e-05 -0.935819503343403 -0.352479579452374
0.000249343016618102 -0.981896514905041 -0.189417981842787
-6.23168911314349e-05 -0.334565989075858 -0.942372322954308
0.000138643978534023 -0.941306029489044 0.337554350624338
0.999999993783399 2.03696440729556e-05 0.000109627915805712
4.79870004972445e-05 -0.935946359860341 -0.352142597766055
-1.42133472978208e-05 -0.86345075726373 0.504433136876109
3.13828875601736e-05 -0.983499345622109 -0.180911680595805
0.99992827233066 0.0041821933716411 -0.0112231658823819
4.28463009522505e-05 -0.936083641054835 -0.35177750797019
8.11370937215865e-06 -0.938977154947421 0.343979508722561
-7.99801598045843e-05 -0.479852193081941 -0.877349341139335
-5.85173432568138e-05 -0.482635033460502 -0.875821569186498
3.1063969855984e-05 -0.936195611253871 -0.351479411209277
-7.40785131674764e-06 -0.860161339376 -0.510022029120321
-9.69179583110954e-05 -0.491154183258477 -0.871072648448227
0.000241082664784077 -0.319005050092031 -0.947752984640476
2.50396741180573e-05 -0.936285711730475 -0.351239327784308
0.000138409905377659 -0.941604974201179 0.336719547104553
-0.000102629190374128 -0.488453165258074 -0.872590106989884
2.06889483193353e-05 -0.936381988192222 -0.350982580424083
-3.69587979430544e-05 -0.76055033834009 0.649278970462483
0.000259220687442873 -0.981808421340373 -0.189874054546057
0.000144627362462529 -0.941882753700908 0.335941746979622
-0.00010820559753683 -0.485731962101053 -0.874107801867144
1.02671247396545e-05 -0.936495051658799 -0.350680792335666
-0.000100387698352085 -0.489826884803556 -0.871819713499273
0.000286270039247575 -0.854837624499828 -0.518895513363679
0.000143457040273189 -0.941934384986072 0.335796953233628
-0.000110581259591968 -0.336323009824291 -0.941746686128767
0.000116460344314198 -0.866609594464339 0.498986770585496
0.99999999981282 -9.06325425100948e-06 1.70943605112204e-05
0.000147152337474364 -0.94204814959787 0.335477662722004
4.18138077472394e-06 -0.936625661218005 -0.350331800912294
2.7646590745066e-05 -0.760508725406376 0.649327712188873
1.44656990148524e-05 -0.9389730314588 0.343990764387383
-1.16152033570014e-05 -0.983749234714679 -0.179547885154267
-8.1831987368803e-06 -0.863448866471816 0.504436373511636
-7.34932926774853e-06 -0.936773158456922 -0.349937207996849
-4.0632545570468e-07 -0.863454561527696 0.504426625166485
-1.79028261539167e-05 -0.863473117492407 0.504394860250808
3.04173591769685e-05 -0.760518659982407 0.649316076262824
-1.76863111171541e-05 -0.93689262687962 -0.349617226957996
-0.000124145617363749 -0.48143663220193 -0.876480891840735
-6.12256776641746e-05 -0.861508640915477 -0.507742905296947
2.99111868881306e-05 -0.863440885387803 0.50445003374571
-0.000101944353813016 -0.484303914277208 -0.874899827536343
6.67386928555818e-05 -0.86305102482702 0.505116743031725
-2.40148945862384e-05 -0.936958210895315 -0.349441426363754
0.000148635735049539 -0.942289030856598 0.334800478247495
-0.000175415210009767 -0.4927682603367 -0.87016056612228
-3.10281232678506e-05 -0.937027867114992 -0.349254599521873
0.9999999851943 -7.66460124129274e-05 -0.000154067480501731
2.44779110925622e-05 -0.863440843251745 0.504450106160707
3.76178430659083e-05 -0.760469909548166 0.649373171032421
-3.59347483299842e-05 -0.937125839513279 -0.348991632600591
-0.000162394736983704 -0.48733412776352 -0.87321556419072
-0.000205864373613051 -0.490016245983524 -0.871713276422973
5.38386769186311e-05 -0.939016708259077 0.343871514830299
0.000155180824858045 -0.942501476351908 0.334201949415896
-0.999990887483429 -0.000966504134097805 -0.00415822316172946
-4.88289141787515e-05 -0.937200548383143 -0.348790954191868
-0.00021953038336252 -0.338116780293676 -0.941104135943653
-0.000187805670724038 -0.49143902447016 -0.870911964527327
0.999999999015837 -7.34146485063811e-06 4.37541937968998e-05
4.92626714602529e-05 -0.938982666810228 0.343964458924381
0.999940009095659 -0.00199957560312645 0.0107693967881922
0.000843922324879331 -0.483009536849296 -0.87561468415493
-4.53179164993694e-05 -0.984370637136849 -0.176109189678112
0.999999980275873 -3.48443935410633e-05 -0.000195535475466991
0.999999902444797 -0.000340369977611597 0.000281529170986462
-5.31035637636343e-05 -0.937300192495543 -0.348523092962044
0.999999936135312 6.79725398203236e-05 0.000350869072932196
-6.35955814101586e-05 -0.937469377940543 -0.348067754006851
-0.000102696486513148 -0.862256695965166 -0.506471499412027
0.999999994030335 -3.15215939338807e-05 -0.000104621790552956
0.000338943884184331 -0.750738311924582 -0.66059963073383
-6.79784998626592e-05 -0.937678917366576 -0.347502868053156
-0.999999946232796 -0.000307559874587541 0.000113759960283785
0.00016111739183502 -0.942624978218819 0.333853447607117
0.00047723485234509 -0.317478688594751 -0.94826528700309
0.000279482120870358 -0.854914716996918 -0.518768492250468
0.999999586352506 0.000345787279547248 -0.000841264509297056
-7.18464666174488e-05 -0.937810599477906 -0.347147338092886
-0.000218294051432307 -0.48548713004649 -0.874243786884946
0.999999925344397 0.00015520301263077 0.000353868937579257
0.999999983703258 -0.000129121265253838 -0.000126179165255733
-0.000252130438420433 -0.48231395689055 -0.875998392360867
0.000303359819363406 -0.98131482925108 -0.19240871566731
0.999999935269621 5.78001094528681e-05 -0.000355133638257456
0.999999983053799 -5.29335210629756e-05 -0.000176324823005982
0.000579924219324593 -0.624119272716897 -0.781328866170469
0.999999969462678 -0.000102974603346823 0.000224657237689372
0.000172282357232421 -0.942753623188811 0.333489994277427
-7.5910459070175e-05 -0.937886833417091 -0.346941323483473
0.999999976436711 2.50922068790112e-05 0.000215631535125845
-3.47673327027989e-05 -0.984058848345591 -0.177843138141402
0.999999943428925 -1.99364874810005e-06 -0.000336360182066405
0.999999946266874 4.61534976079464e-05 0.000324555238978948
0.999999979463757 -0.00010454095199162 0.00017361933687556
-4.06072951443558e-05 -0.984232022673681 -0.176882231710032
-0.999999977484884 -0.00017331555554489 0.000122441620486791
-0.000324667984200523 -0.491684052933198 -0.870773613910002
-8.37867933417417e-05 -0.938001298266499 -0.346631731712685
0.000113619273971512 -0.939641989628872 0.342159200397936
0.999999884686404 0.000131873945576818 0.000461775314678037
1.16598212042854e-05 -0.999991782848185 -0.00405389937671696
0.999999941120354 3.91506671586231e-05 -0.000340920099678623
0.99999999469335 -8.88309065926928e-05 5.21763351611825e-05
0.000173672128590971 -0.942917969399074 0.333025033326803
0.000191835717552083 -0.943094332605263 0.332525251683074
-0.000299552887054088 -0.487144912114797 -0.873321100666149
0.999999967365979 6.31392341151254e-08 -0.000255476100356434
0.999999830158618 -0.000417930003725547 0.000406223149863342
4.69633268366689e-06 -0.999992766293815 -0.00380359540284866
-0.0001103621751528 -0.862322687450905 -0.506359131968249
0.999999931987314 4.21160823175982e-05 -0.000366403606319695
0.999999854049901 0.000115264774373666 -0.000527839188050454
-0.000128341445961401 -0.862497389398605 -0.506061495086382
0.999999996786627 -7.9299861694832e-05 1.1759175110736e-05
0.999999939369252 -0.000204075057874325 0.000282161058320289
0.999999731625258 0.000233662125935836 -0.000694371242862748
-0.000115587708149923 -0.862447339994332 -0.506146789356786
0.999998495854036 -0.000697009239294992 0.00158822787599296
-0.000365837385936658 -0.492013031939987 -0.870587756957464
-0.000123657185162554 -0.760598434145581 -0.649222617200133
0.000192678351354165 -0.94326499285835 0.33204083502333
0.000164253882864107 -0.753676966362389 -0.657245010171586
0.999999704411944 0.000103496937399108 -0.000761882149374593
0.999999985855653 -2.32538267827686e-05 -0.00016657716728933
0.999999214572427 -0.00026349843327939 0.00122532571369256
0.999999977393831 -2.53098963158538e-05 -0.000211120219346676
0.999999765422867 -0.000469020332030365 0.000499173455469478
0.999999974138002 -0.000168173630496683 0.00015310657873586
0.999999837036057 -0.000528337466780927 -0.000216303908629151
0.000208767528397028 -0.943447183299828 0.331522802744759
0.999999945286027 -0.000206268804118157 0.000258613850562592
0.999999895456586 -0.000197169268058336 -0.000412566475360625
0.999999967920029 -2.93192875416362e-05 -0.000251595550461924
0.999998383290309 0.000268779032005079 -0.00177796923477712
7.76988693608378e-05 -0.754999653100179 -0.655725184647879
0.999999954304436 -0.000198701689991716 0.000227834950562732
-2.57557716905873e-05 -0.757853682796489 -0.652424551046662
0.999997622924988 -0.0021062903546759 0.000563635799570864
0.999999992430565 -7.38393638014679e-05 -9.84206204139684e-05
0.000291469186317197 -0.981532453082649 -0.191295474570807
-0.999999599565432 -0.000512782012189473 -0.000733432739437252
0.999999853092207 -0.000386666047044865 0.000379874891297923
0.999999986025995 -3.13516977807362e-05 -0.000164210475843772
0.000222916887189757 -0.943976198685103 0.330013464307269
0.999999984519949 -4.6666037309639e-05 -0.000169653716151013
0.000111050437477465 -0.939272066068758 0.343173387037407
0.000207576635634197 -0.943699027124431 0.330805234414968
0.999999204857105 0.000205639832923845 -0.0012441854431941
0.999999937532656 -0.000216388137746836 0.000279483197698261
0.000131408446593302 -0.999968196261624 -0.00797428348475413
0.000199682808846483 -0.752521940986086 -0.658567148027677
0.999999874780239 0.000188740202020601 -0.000463483162224237
0.999999885871816 -0.000113475469298583 -0.000464090155952485
0.000146467711445123 -0.986202053191988 0.165546032350876
0.999999957801542 -0.00012332161314234 0.000263037437987523
-0.999999094037496 0.000225422289123102 0.00132706781270548
0.000179222455912578 -0.99993515995925 -0.0113861212263657
0.000784606982871118 -0.482366846727473 -0.875968954683941
0.000302212897074151 -0.981415218283455 -0.191896008267505
0.999982575071503 -0.0054228141792943 0.00233294657962947
-0.999999777531853 -0.00035893998335602 -0.000562226229970111
0.99999995757899 -1.61242572256862e-05 -0.00029082989258885
0.000106328175019288 -0.753776561647211 -0.657130796573732
0.000297159971173991 -0.999840841012541 -0.0178382829690913
-0.99999959776091 -0.000125175710483094 0.000888149232975813
4.81976591677168e-05 -0.755310637326124 -0.655366949745705
-0.999999650103729 -0.000187129905647892 0.0008153372413039
0.99999863732518 0.000906828436712009 -0.00137949627391404
0.000369594932162474 -0.750756975566288 -0.660578403399738
0.999999971034513 0.000183567326669773 0.000155672765591739
-5.3626955625134e-06 -0.757762966080002 -0.652529912884367
0.999999994045464 -0.000107808965264429 -1.69203850966026e-05
0.999629083468295 -0.00286388331936938 -0.0270830880194678
0.000853391932430656 -0.636710209299134 -0.771102704635681
-5.0932593806553e-05 -0.759069224026146 -0.651009915855524
-0.999973839559114 -0.00265910701911735 -0.0067267635058295
0.999520854856867 0.0143413748946257 -0.02742964951161
-0.999651105440288 0.00721281026228465 -0.0254095013750751
0.000466808673075999 -0.624363167012503 -0.781134058768263
0.000737521131540839 -0.482697726082905 -0.875786709933973
0.999999812770727 0.000177954196297392 -0.000585483403673517
3.7199446671052e-05 -0.858953603719667 -0.51205342033151
0.999998648398845 -0.00149535632226683 0.000683454426907044
0.999556880415393 0.0183485448161275 -0.0234387226055207
0.999999938665304 3.11450405031531e-05 0.00034885437339172
0.999999953964809 2.65861178982864e-05 0.000302264054223104
-0.999999769944465 -0.000306283194528837 0.000605228570228096
0.000169233640385071 -0.982528881771657 -0.186110096030579
-0.000967350016895535 -0.63671399539636 -0.771099443846479
-0.999492891794875 -0.0038517327475312 -0.0316089134004902
0.000157296229695102 -0.986292504677031 0.165006274049821
1.74708480621576e-06 -0.630653922204209 -0.776064192193787
0.999999955514631 6.15328195901183e-05 0.000291863748945989
-0.999999876017555 -0.00034982160867217 -0.000354386393990408
3.45617771555238e-07 -0.756372752291383 -0.654140856078443
0.999999868240316 -0.000488100645726988 0.000158987768948385
0.000226410347171126 -0.855630247131354 -0.517587508477835
0.000191943988919392 -0.982311493809076 -0.187254084836853
-0.999999707614436 -0.000555693494000823 0.000525333973264525
0.000144387429266029 -0.99996395998288 -0.00848869175005407
0.999999815015556 -0.000608189471688393 8.6267073768301e-06
0.000133549935420283 -0.985814891459006 0.167836175904014
0.000170857495361364 -0.986403794789423 0.164339661776278
0.000259551245510996 -0.987433131468196 0.158037158643347
0.000281307755602307 -0.999865218582684 -0.0164154054031069
-0.000141270699418497 -0.635670511053103 -0.77196047918276
0.000535627311457169 -0.623933752386901 -0.781477053876686
-0.9999996419275 -0.000552850243399378 -0.000640703893593969
0.000281790527681362 -0.999852820019966 -0.0171539759886591
0.000499990613968477 -0.62406404473095 -0.781373033885501
0.000162621243707188 -0.856741178564146 -0.515746571977797
-8.13144650224947e-05 -0.634414653673474 -0.772992911088015
0.999999826000183 8.1013255275671e-05 -0.00058432564182261
-1.79320780832463e-05 -0.632520121169256 -0.774543927737136
8.67543396216553e-05 -0.857767142715471 -0.514038443456733
0.000563138793015394 -0.485235109403016 -0.874383537972521
-0.999999553477952 -0.000132761067901949 0.000935637962248936
2.99901819663576e-05 -0.858999835832467 -0.51197585991957
-0.999998761637777 0.000179892741057839 0.00156344539839089
-1.79024596884395e-06 -0.999995597607442 -0.00296728201047574
0.00013125334316212 -0.985581096073452 0.169203681506088
0.000127835994673557 -0.99996980165295 -0.00777042084562163
0.000676003017032828 -0.483409103095147 -0.875394300909405
0.99999985030355 -0.000500123195381578 0.000221967718300686
0.999999823118941 7.87324943063976e-05 0.000589544978236364
0.999999956659581 -6.56612981060881e-05 -0.00028700074773229
0.000114321543710084 -0.982985850913202 -0.183681256079743
0.999556252490937 -0.016761824318897 0.024623958897298
0.000300217514657553 -0.750812951345088 -0.660514815853455
0.000183216232558944 -0.999933213607247 -0.0115557239883872
0.000146491110462571 -0.999958283243344 -0.00913292468925352
0.999999800963565 -0.000623721428531119 9.51020989066802e-05
0.000251674927897484 -0.987329815788163 0.15868135213516
8.23509372209268e-05 -0.983132350923615 -0.18289552697026
0.000317289752490355 -0.624469092540006 -0.781049455405658
0.999527327169401 -0.0221493077817984 0.021319718721885
0.999999819186431 0.000159116267182453 -0.000579921648400427
0.000163428786207336 -0.999944359661781 -0.0105475528736335
8.80914434855431e-05 -0.985029201986322 0.172387538627611
0.000201128180811694 -0.999928844700578 -0.0119274927467112
0.000213364023158155 -0.999924116893398 -0.0123172614956716
0.000176422417904715 -0.982438277426519 -0.186587780742319
7.50305105569594e-05 -0.985033071438389 0.172365433144456
0.000253061784512774 -0.999885286425667 -0.0151443041832802
0.99999975617788 0.000262719104265305 -0.000647010706185051
0.000247005326756992 -0.855474888992527 -0.517844236514796
0.000215060996753712 -0.999918404171142 -0.0127725779936501
0.000222258582958767 -0.999913005616486 -0.0131883205954153
0.000235544769252741 -0.99990029655081 -0.0141188340971881
0.000242016727589848 -0.999892644934244 -0.0146505984282213
5.00672750621418e-05 -0.984971499332542 0.172716944727121
0.000456193694000449 -0.4813041304392 -0.876553549938325
0.000253017871152675 -0.625908962614008 -0.779896086989423
0.000244029689997928 -0.9872375998601 0.159254079608595
0.000173125004909257 -0.999939300697568 -0.0110165760647765
0.999999869717633 0.000135373181163551 -0.000492177630112865
0.000225011768959708 -0.999907846658748 -0.013573782080525
6.61037657656355e-05 -0.983182601399341 -0.182625211665633
0.000293297870152746 -0.750974452194338 -0.660331194271309
-9.99959271142063e-05 -0.862306447955638 -0.506386788744478
0.999999896975638 -0.000453756715652674 1.23917644857678e-05
-7.66097324973624e-05 -0.861758913588641 -0.507318015628732
0.000176103524017497 -0.626242278826097 -0.779628486651332
0.000261409166771304 -0.999876570782976 -0.0157090694990032
-9.42876183865483e-05 -0.634251637660613 -0.773126672179065
0.00019603139002978 -0.982266156570481 -0.187491757760038
-6.15241072297599e-05 -0.861344187184279 -0.508021837541102
0.999999890311334 -0.000432973509975734 0.00017863723051579
0.000108715656961288 -0.627653499497312 -0.778492821257642
0.999656237249021 0.00745810292680628 -0.0251353143975245
-2.87957092123774e-05 -0.860736489440166 -0.509050778328671
0.999397015209019 -0.0131710785644616 0.0321267595744099
6.22946787575636e-06 -0.630923184653943 -0.775845303541448
-4.42057474983266e-06 -0.860120818650278 -0.510090361901531
0.000622986519949275 -0.484273997956594 -0.874916171293532
4.44233357053413e-05 -0.629247159121243 -0.777205256521347
6.67913156135595e-05 -0.85855080523877 -0.512728495758506
3.89754204435938e-05 -0.983418199169025 -0.181352265009481
8.22489281635681e-06 -0.85978832233835 -0.510650605309498
7.47349924059047e-05 -0.62756920374316 -0.778560780496845
2.13940818921584e-05 -0.629279937253149 -0.777178718257883
0.000171872737037953 -0.986471437384987 0.163933137843938
4.21675159646099e-05 -0.984972258524678 0.172712617253908
0.999999893344124 6.27111935249567e-05 0.000457579551805874
0.00023056794201795 -0.987143026378183 0.159839270241534
0.000218560287090879 -0.855834727821594 -0.517249331450452
0.000178789427027161 -0.986567711204339 0.163352744829627
0.00022724711505724 -0.987064533160261 0.160323285070714
0.99999989583906 0.000113691920777539 -0.000442036217123215
0.000208059484458175 -0.986981345904147 0.160834634169661
0.0001767062278015 -0.986642341740392 0.162901375868789
-2.98070982289056e-07 -0.984942899845403 0.172879970048698
0.000204232472394116 -0.986900851943422 0.161327823770249
0.000185036074985054 -0.986731423671594 0.162360904471119
2.61397786747683e-05 -0.983458513594827 -0.181133518031768
0.000259846758788465 -0.751622418773024 -0.659593565824782
0.000143120233522776 -0.284714831077955 -0.958612249285836
0.000184851758233388 -0.986816584555096 0.161842498364437
-0.00024707183919178 -0.63656107760201 -0.771226253078611
-0.000123581095516771 -0.635876188128182 -0.771791071533797
2.70965355511756e-05 -0.756711870357802 -0.653748533096156
1.3412398720193e-05 -0.984910844732222 0.173062496656465
-2.01846567680231e-06 -0.983677438926992 -0.179940812885683
0.999999903831844 0.000117023676442224 -0.000422660338884277
0.000127400033000247 -0.999972120651486 -0.00746603569509673
6.12761505843921e-05 -0.761450398931518 0.648223176238143
-7.39032982381275e-05 -0.634262015645192 -0.773118160469666
0.000147974541326666 -0.856902718047659 -0.515478137175641
-0.000213854781952646 -0.635574534806101 -0.772039484075873
-1.52432378895423e-05 -0.632552531370058 -0.774517459341606
8.34012979395782e-05 -0.857989399213252 -0.513667386430077
0.999999807434014 0.000183166453332624 -0.000592943492832858
2.54463615048054e-05 -0.858986384048635 -0.511998429071354
0.00012502424433564 -0.985445461387609 0.169991843920523
-0.000223533498328818 -0.636240693089904 -0.7714905900199
0.000441140391696069 -0.624712569582337 -0.78085466688814
-0.000178929106966684 -0.63521251681726 -0.772337378652009
0.000193281109795399 -0.999931970391398 -0.0116626425645359
0.000326684615550139 -0.750769205931743 -0.660564525767001
0.99999991651092 -0.000381973129888698 0.00014517121327679
0.000511398051709159 -0.483549718067557 -0.875316747599873
0.000193763866329217 -0.856597164210407 -0.515985717556458
-1.72796214525463e-05 -0.983821771700041 -0.179149996456622
-2.88571564091875e-05 -0.983971777570523 -0.1783242555346
-8.39038235440333e-05 -0.760106555566589 -0.649798443476779
0.000384370356781699 -0.624235573737533 -0.781236072349454
3.65410697192929e-05 -0.75571795711841 -0.654897219381429
-3.43109097784784e-05 -0.632380950695982 -0.774657557905174
0.000103370161390835 -0.857598349436418 -0.51431999801538
-3.73885340665443e-06 -0.63071959486633 -0.776010819923069
-9.85798338465837e-05 -0.761000360362786 -0.64875144840665
-0.000189549912232123 -0.635045735207585 -0.772474516256354
0.000106290134618735 -0.982959750411719 -0.183820885029253
0.99999985029625 0.000196252860584441 -0.00051077616729096
-0.000175403487616597 -0.760732178843522 -0.649065883640177
9.72259004765986e-05 -0.983003199415256 -0.183588399651218
-0.000164882202576679 -0.760634699698884 -0.649180118632608
0.000229862816515262 -0.751948143258036 -0.659222221268275
9.15175959546176e-05 -0.983035738332041 -0.183414091024952
0.000349184299055646 -0.624342874700809 -0.781150339487
-0.000116916027125367 -0.760768825811627 -0.649022942586655
7.03725730452073e-05 -0.863395632842256 0.504527478177969
7.7336015161829e-05 -0.863858109702498 0.503735208537548
0.000109552445776032 -0.985053945628082 0.172246080364137
7.31287129159788e-05 -0.985045888198617 0.1722921727624
-0.000152017304046035 -0.76065256993375 -0.649159182900405
-6.89293924270099e-05 -0.759723069815737 -0.650246762728191
0.999999960118006 -4.86189127573748e-05 -0.000278208891559002
0.000143588707157842 -0.753611610701941 -0.657319952228372
0.000409231180666664 -0.624402047240497 -0.781103012368866
-0.000135565331536789 -0.760576434148213 -0.649248388092285
-2.08432900137849e-05 -0.757880276188184 -0.652393659174029
1.83365838106441e-05 -0.756583867126338 -0.65389666742378
6.70107904736413e-05 -0.754974414343236 -0.655754244512867
0.00025932016871093 -0.855287389083067 -0.518153852469052
0.00021212053526657 -0.752242353486025 -0.658886482352373
-9.4407577865851e-05 -0.862248426758462 -0.506485578906021
-9.58675852204656e-05 -0.862060865870092 -0.506804749725882
5.23552735338581e-05 -0.98314786706752 -0.182812113218767
-4.42675233890767e-05 -0.632574426798516 -0.774499575597634
-7.97725586690782e-05 -0.861978882255612 -0.506944178565752
0.000203369344951013 -0.856349675481321 -0.516396351598213
0.000223967263496509 -0.626064781719565 -0.779771016984537
-4.19819601773426e-06 -0.631024955796412 -0.775762531413133
-0.000110332906232689 -0.760966272542874 -0.648791430182962
0.999999939636887 -4.21374664124376e-05 -0.000344892240213535
0.000121656620159718 -0.857367262192155 -0.514705122298967
-9.8369130506489e-05 -0.634480401100509 -0.772938943864812
-0.999999712624186 -0.000186286448063323 -0.00073488019766621
-4.86153262329146e-05 -0.861184892236071 -0.508291824664628
5.1062045152972e-05 -0.983251548205456 -0.182253642883323
0.000269382059389166 -0.751289325957733 -0.659972935911225
0.000122551926683232 -0.753627572403757 -0.65730165608634
-6.33644282501966e-05 -0.759427491989886 -0.650591946149736
0.000161143641917994 -0.6264311604007 -0.779476731732102
0.000127871049106753 -0.999978254604137 -0.0065934791921708
6.26951725154385e-05 -0.755068034120326 -0.655646444296758
-7.59510527797686e-06 -0.757888555228571 -0.652384041647145
5.92810551931133e-06 -0.756379799138693 -0.654132707804592
2.75065594532131e-06 -0.860090831803606 -0.510140922726079
9.40513675427356e-05 -0.627508144876523 -0.778609991759651
-2.43513710745048e-05 -0.860434848524971 -0.509560468296768
1.6563875703508e-06 -0.6306697885611 -0.77605129842914
3.74042546028541e-05 -0.629130980427318 -0.777299304044126
5.70892781462438e-05 -0.858871147062374 -0.512191711651581
4.20241500630661e-05 -0.983337918355752 -0.181787063779983
1.18938287716397e-05 -0.859412677258919 -0.511282554000422
6.20398014560527e-05 -0.627909688036113 -0.778286206881154
1.26838433081696e-05 -0.629646682964831 -0.776881621915788
-0.999999397094657 -0.000126838768738181 -0.00109074389745913
4.43297089755368e-05 -0.984983830068275 0.172646611721482
0.000984377874260965 -0.558151590270519 -0.829738412560664
-0.999999537930448 -0.000560764759912662 -0.000780821218329492
0.999999998902698 -3.95942580325606e-05 -2.50379408093658e-05
1.12706816018083e-05 -0.983427827746479 -0.181300048226175
7.97326200671913e-06 -0.983537321512463 -0.180705110964016
-1.04708295363098e-06 -0.983613307202659 -0.180291047733244
-9.43636646668819e-05 -0.760639215965968 -0.649174841032966
0.000333569558268147 -0.283827910774502 -0.958875177380628
0.000114295175205071 -0.985136357496288 0.171774107698331
6.12556789982407e-05 -0.761219198514694 0.64849466309322
1.82316203483293e-06 -0.984940861829241 0.172891580754377
0.999999955186037 -3.47907960089824e-05 -0.000297350842946335
3.12043541472791e-05 -0.756369253945419 -0.654144900394659
0.999999983006355 -2.82979865387899e-05 0.000182171660727732
-1.16766392444477e-05 -0.999997048433516 -0.00242960653432197
0.00128642705215773 -0.291541627881577 -0.95655727707106
0.999999976870133 -1.82524794063318e-05 -0.000214304879955465
0.999999984827788 -2.27147823050485e-05 0.000172709183042308
7.10864831772023e-05 -0.86317335338899 0.504907671704361
0.999999987538841 -1.7500420188186e-05 0.000156895036347116
-2.439233232125e-05 -0.983899660029385 -0.178721734545843
0.000109748460069797 -0.939022641951763 0.343855297846648
0.000727867740076323 -0.625722300766657 -0.78004555798481
-0.99999797232389 0.000372857827401181 0.00197897072955607
0.000188798712019268 -0.752910027156354 -0.65812343474645
-3.96856456165558e-05 -0.758633441964166 -0.651517689060437
0.000103706581379514 -0.938789311941903 0.344491824327651
-4.59612451321818e-06 -0.757404735315095 -0.652945684495385
9.50110693272131e-05 -0.754099042400156 -0.656760706211984
0.000178502687616096 -0.753421577357053 -0.657537751699171
-3.16600821639044e-05 -0.758128818690961 -0.652104817700258
-0.999637511549514 0.00307747014609398 0.0267464891265412
-5.39192207749626e-06 -0.756789291063742 -0.653658908684159
8.29946368737315e-05 -0.754670952205914 -0.656103457549577
0.00117370058515217 -0.473302162892773 -0.880899361464157
0.999997789018701 2.03837855096018e-05 -0.00210274634946379
0.999944072381384 -0.00564195968083091 -0.00894541224842221
0.000110122976578425 -0.985041332681399 0.172318196317692
-0.999573997850214 -0.00564202061630005 0.0286354749411658
0.99954075896822 0.0165170811342452 -0.0254058495634151
-0.999981716187807 0.00186309515561909 -0.00575292677948818
-0.999530235970473 -5.02209169902189e-05 0.0306480808317721
0.999724081981645 -0.0152250555368871 -0.0178873583811486
-0.0018889964976041 -0.0984842757981288 -0.995136814268646
0.999999991930862 -9.54371489848206e-05 8.38452507310275e-05
-0.00173248878076788 -0.074702269031348 -0.997204376988084
0.00120265334420573 -0.388012937727982 -0.921653141795022
-0.999999940911337 -0.000339308392528395 5.52008823896883e-05
0.999796424943989 0.00707077623557485 0.0188974282018588
-0.00161110579187446 -0.240668813622322 -0.970605958403178
-0.999589700430852 0.0187464163950626 0.0216564693545035
0.00126894109691263 -0.0724037571923613 -0.997374596494678
0.999999651385136 -0.000372600145484302 0.000747260823268364
0.0012911008707534 -0.0984737318188921 -0.995138813030726
-0.000116345508035376 -0.0732020163940926 -0.997317126725277
-5.40252009241444e-05 -0.0729113430934496 -0.997338424572916
-5.17507267192105e-07 -0.0726327588063815 -0.99735875308131
2.26580405035149e-05 -0.0729332402283186 -0.997336824726938
7.1007481710476e-05 -0.0765331913716271 -0.997067031636495
0.000602909809453797 -0.0742937410197955 -0.997236219029897
0.000153159108451901 -0.0753223835931238 -0.997159222527745
0.000356241414338461 -0.0750900959333117 -0.997176689752012
-0.0011692109249988 -0.563784324888475 -0.825921223819717
0.999959607225937 -0.00177319434948997 -0.00881133919158061
-0.00165457380924631 -0.413874007210326 -0.910332669160663
-0.999939008018696 -0.00182454330999271 -0.0108927170300052
-0.999571532676051 -0.00931244407995975 -0.0277494044784306
-0.000881110109061391 -0.512858402279782 -0.858472761860273
0.00125165596731979 -0.389025212256423 -0.92122625754273
-0.999907734305265 -0.00296646721032072 -0.0132560532890086
-0.000257573609974341 -0.339808503158324 -0.94049461180654
-0.000140481206108999 -0.338130814856678 -0.941099108654019
-7.65031628131827e-05 -0.336486191962043 -0.941688396852244
-4.25640535594144e-05 -0.335489430719003 -0.942043969283887
-5.50570291731424e-05 -0.331859820382049 -0.943328710781516
3.16750282864398e-05 -0.329976158010023 -0.943989265903822
0.000183553030637848 -0.32871096261941 -0.944430552958822
0.000397963810945109 -0.327286848303877 -0.944924949692895
0.000462393312745154 -0.0753683098091625 -0.997155656890605
-0.000209100130442339 -0.0801617479179856 -0.99678184696947
0.999509756840959 0.000420856764905111 0.0313060514806769
-0.00010648105655664 -0.0788191197661135 -0.996888928126439
0.000225367165048337 -0.0755244242738156 -0.997143926696517
-6.45507141864013e-05 -0.345340410119504 -0.938477488793257
-3.84100658618147e-05 -0.0786776642287376 -0.996900107170311
-3.74839572466029e-05 -0.343735210399095 -0.939066613040226
0.000301244557212889 -0.332750580983559 -0.943014824966618
-4.54241897006388e-05 -0.346641058227931 -0.937997854308454
-0.000183292267519383 -0.346957092783676 -0.937880985078088
7.5399856920642e-05 -0.0756207650205342 -0.997136647713126
1.9515912926885e-06 -0.0788228653731743 -0.996888637657464
3.26971503600903e-05 -0.0759524049525189 -0.997111443677599
1.90512417797393e-05 -0.335974529685594 -0.941871071346601
0.000128238873240732 -0.334181860752424 -0.942508603408393
0.00055810130996303 -0.330569082350171 -0.943781632750444
-0.999542823967805 0.00244794594514494 -0.0301355374120911
-0.999997629808204 0.00101140828451495 -0.00192806412167346
-0.00134898597274699 -0.41447523786892 -0.910059590043612
0.999650693544608 -0.00461222368371085 0.0260234180782423
0.999655374065275 0.0181180432180008 -0.0189965684365783
0.999753546823235 -0.0106875086794552 0.0194582314866411
0.000610270397414213 -0.350831973130576 -0.936438227647371
-0.999924370256729 -0.00730481077051611 -0.00989411472999001
0.000636904373966972 -0.223862300228424 -0.974620574833744
-0.999813842909174 -0.0105326374964414 0.016166108825517
-0.999452853930133 0.0156017188398869 0.0291646899546979
-0.00107506183748749 -0.243305609427694 -0.969949083541535
0.999469302101326 -0.0100651613574981 -0.030980746988017
0.999440904884162 -0.0214333468977573 0.0256610460637957
-0.999462916258889 0.0148553380597035 -0.0292095524513619
-0.00169699371618371 -0.473320400402961 -0.880888709641977
-0.99981079642973 0.00584491378973807 0.0185528522157612
0.999887675785096 0.00705637852731777 -0.013222833855023
-0.00118190643549031 -0.560922191398475 -0.827867681633913
0.999667043276879 -0.0136515171404728 0.021896087911464
-0.999677879795808 -0.00980671019744164 0.023408653999342
-0.000524582880755082 -0.648408079304344 -0.761292773843055
0.99968152978709 0.00485689384586961 0.024763876609159
0.000387296107764835 -0.192923277952454 -0.981213768159521
0.00014311832266676 -0.193904413856173 -0.981020416609277
5.93547002720164e-05 -0.196059775332559 -0.980591944171257
-0.000202059419479311 -0.206529292346704 -0.978440397047649
-1.40045262188278e-05 -0.196183305647535 -0.980567239096371
-0.000127375136939235 -0.20481770932557 -0.978800127565481
-6.63351088672451e-05 -0.203960535073056 -0.978979108935613
-6.21249194233339e-05 -0.203661173977961 -0.979041430356455
0.000235145472690834 -0.214873977792921 -0.97664175539143
0.000996028020562757 -0.479011432071315 -0.877808097406928
0.000531535513877933 -0.214802734091789 -0.976657310880684
7.23497707213507e-05 -0.216807300321433 -0.97621441768335
8.87049094448602e-06 -0.218480986900331 -0.975841205465506
-5.65798735956684e-05 -0.214903794187313 -0.976635221586143
-6.79228567159779e-05 -0.212124653496342 -0.977242614075718
-0.000115510623173809 -0.213009010190996 -0.977050228102296
-0.000175470984607216 -0.213901261720737 -0.976855270469587
0.000768857447161004 -0.624611814935551 -0.780935009780675
-9.63055405669635e-05 -0.0820223682515224 -0.996630484097117
0.999946483070649 0.00358630432806808 0.00970409273997615
-4.85211651101621e-05 -0.0819161093176022 -0.996639226942209
-0.00104965640121187 -0.530416375729854 -0.847736613919114
-0.00155050031054056 -0.411206370820418 -0.911540957140977
2.13779159795093e-05 -0.0818142796180194 -0.996647592278017
-0.999475252216415 -0.00040187346515508 -0.0323891757328277
5.21700472606755e-05 -0.0818222801972827 -0.996646934346162
-0.999979590324159 -0.00376467126087298 0.00516199432640513
0.000105775400119393 -0.0815414215557465 -0.996669948068182
-0.000513661644154793 -0.647591353529186 -0.761987647528457
0.000645857028485356 -0.0765668734229999 -0.997064239035241
0.000206953951005469 -0.0808410008002177 -0.996726988577956
0.000404972064750222 -0.0807383884873369 -0.996735244998437
0.000969598802443912 -0.346477745525213 -0.938057691047799
0.999419386674647 0.0213927282068273 -0.0265186862182531
-0.999802281441302 0.00330927607769807 0.019607312834999
0.000843960417864269 -0.345530370497344 -0.938407188162357
0.00104956429102745 -0.48511453035543 -0.874449993340288
-0.000818828462777984 -0.50704453048952 -0.861919470496293
0.999997301356292 0.00116556877157466 -0.00200965906886201
0.00103839215151107 -0.343439002598498 -0.939174410445626
-0.000773019776817833 -0.235133478238095 -0.971962782133184
-0.000608130885702381 -0.233488369888979 -0.972359404388837
-0.000470458827023802 -0.23306122621014 -0.972461949644261
-0.000366437138311186 -0.233645140509039 -0.972321867511132
-0.000965727197251371 -0.237536992882928 -0.971378013125228
0.000721900047822222 -0.347409627571207 -0.937713191509619
0.000898805257371575 -0.346481143363531 -0.938056506529649
-0.00029833217239019 -0.236195715569396 -0.97170545688731
-0.00122441131498652 -0.39822663515191 -0.917286240969807
-0.00100910242699326 -0.380664605764735 -0.924712625430339
-0.000327889308523179 -0.233393573547697 -0.972382297409428
-0.000419567455913843 -0.234144821845174 -0.972201638738714
-0.000542288739901905 -0.232134896901038 -0.972683450853189
-0.000694657470079537 -0.234498941588012 -0.972116126728233
0.999242821831716 0.0036972701511705 -0.0387312949850457
0.999946692926618 0.00670683886639362 0.00785045333345762
-0.00161324714387444 -0.0783433280567584 -0.996925132787134
0.00121008510719693 -0.0792555874386283 -0.996853593841037
0.000772590371086368 -0.345741246766321 -0.938329576102442
-0.000876661600414361 -0.236502020238474 -0.971630601559851
-0.999999980760027 -0.000145169558217935 0.000131930837809983
-0.000235567071011073 -0.340139619728246 -0.940374916508985
-0.000122157443180584 -0.338334000073873 -0.941026083310963
0.999306476826193 0.0136532924351627 -0.0346432241412561
0.000663363143627972 -0.348841440241567 -0.937181524316143
-6.47094897720771e-05 -0.336620251096142 -0.941640484667398
-4.57010835477215e-05 -0.33779669912665 -0.941219096688199
-5.39121447695506e-05 -0.329699075933543 -0.944086074689193
4.1899760124053e-05 -0.327271499692136 -0.944930348615003
0.000202408708053694 -0.325302686562466 -0.945609920181655
0.999770640582344 -0.00732208558363406 0.0201259358111932
-0.00073635137700962 -0.363998278586202 -0.9313993294892
0.000920488198288481 -0.228963060192963 -0.973434676682802
0.999979177754854 -0.00221874292222244 0.00605980499452704
-0.000654874874559226 -0.360717597705795 -0.932674855372578
0.000431875184851507 -0.323792196240559 -0.94612812406013
-0.000818753437098445 -0.36755133025365 -0.930002875948016
-0.000584472809364807 -0.359684621838489 -0.933073754429112
0.000859341653694358 -0.229610478081071 -0.97328222519848
0.00124154996206674 -0.22060588214307 -0.975362242101656
-0.00052710653294149 -0.358369185219834 -0.933579803361006
-0.000470910031656054 -0.358027108732692 -0.933711072900098
-0.000416205695117694 -0.357678454319611 -0.933844714119191
-0.000376952683085535 -0.357329255795959 -0.93397840492111
0.99986889587853 -0.0108380641808776 0.0120302709637139
-0.999959284144719 -0.000603059513103557 0.00900368657856442
-0.000335932440719265 -0.357267556250785 -0.934002023766538
-0.000299823783961547 -0.353910163947998 -0.935279373214228
-0.000163075921843169 -0.351749770368387 -0.936094051071809
0.000980207890684129 -0.227436042007257 -0.973792527178435
-0.000154714921944992 -0.065211239833807 -0.997871469810932
0.000688541625754884 -0.22534006879601 -0.97427992861674
-6.1130718660374e-05 -0.350422372094064 -0.936591777349665
0.00104095339015465 -0.227902941518845 -0.973683298441078
-6.89615900972031e-05 -0.0645279193048824 -0.997915899700211
0.000780597709688155 -0.61876361615657 -0.785576844101238
-3.24171468609963e-05 -0.349082283406352 -0.937092075711312
-2.08959573853724e-05 -0.064077945918121 -0.997944896479897
0.000971601265673437 -0.560812120565328 -0.82794252301594
-4.90153171254159e-05 -0.34852032025484 -0.937301223709306
-0.999942915309285 -0.000654904476383529 0.0106647654870632
0.000742073882884686 -0.227651150724926 -0.973742472576794
1.31373709894509e-05 -0.0643418665780212 -0.997927915248725
1.18086202498928e-05 -0.346099456517532 -0.938197828849985
0.000795788954547717 -0.22792884385722 -0.973677466545185
5.03305987524704e-05 -0.0620398627968637 -0.998073671073923
0.000136292094951816 -0.344672033945781 -0.938723159637677
0.00011004106566518 -0.063739240223143 -0.997966581177316
0.000324015535011008 -0.342116094754902 -0.939657635909797
0.000269177330300904 -0.0610282142224501 -0.998136005067638
0.000507501285950238 -0.0606118618518069 -0.99816128188049
0.000548823568726721 -0.349997184185946 -0.936750591061783
-0.999322779820138 -0.0238504090592189 -0.028020344756285
0.00116662216004116 -0.223875668758302 -0.974617013975623
-0.000177165322582609 -0.225222145174737 -0.974307422703603
-0.000113156812353256 -0.22452094770202 -0.974469256179241
-8.81242763003533e-05 -0.22382752705641 -0.974628765410668
-3.08773896818612e-05 -0.224332507516435 -0.974512660316928
-0.000996487898204821 -0.525957002057461 -0.850510575477223
1.35845583461687e-05 -0.223553595356112 -0.974691638324047
7.5603225554665e-05 -0.221836140196662 -0.975083955968305
0.000589766049859627 -0.220985596135509 -0.975276893234244
0.000279606875398673 -0.219133077087607 -0.975694940207293
-0.000182055010893875 -0.198497751915909 -0.980101326057823
-0.000912426095212537 -0.372639357524387 -0.927975795321426
-0.000114969090769172 -0.196951802844501 -0.980413165016877
-5.04550840909549e-05 -0.195708457858596 -0.980662121720266
-5.49467834174971e-05 -0.1988733483073 -0.98002519779539
1.15421047089803e-05 -0.190460200082955 -0.981694918012282
6.9210609615775e-05 -0.191688412966644 -0.981455830663928
0.000168779246667174 -0.18772337083017 -0.982221923781853
0.00044051760235607 -0.186636409934117 -0.98242895744738
-0.999924044988461 0.00699307744565335 0.0101489468298117
-0.999999973884151 0 0.000228542552065368
2.99667808441935e-05 -0 -0.999999999550996
-0.999999976682221 0 0.000215952672500288
0.00114964600055549 -0 -0.999999339156818
-0.000278021401923792 -0 -0.999999961352049
2.46680901834658e-05 -0 -0.999999999695743
-0.000229510996499533 -0 -0.999999973662351
0.00012029904523197 -0 -0.99999999276407
-0.00149877626914778 -0 -0.999998876834217
-0.000278038951531522 -0 -0.99999996134717
0.000849414381338479 -0 -0.999999639247539
-0.000174543322897678 -0 -0.999999984767314
0.000103232646684034 -0 -0.99999999467151
-1.44591167539494e-05 -0 -0.999999999895467
-0.000184848115648236 -0 -0.999999982915587
-0.999999976627849 0 0.000216204304200794
0.000107320039497121 -0 -0.999999994241205
-0.999999976371589 0 0.000217386341639544
-0.000150662641426493 -0 -0.999999988650384
4.61993185543091e-05 -0 -0.999999998932811
3.13945892985328e-05 -0 -0.99999999950719
0.000140027956595592 -0 -0.999999990196086
-0.000190679300602492 -0 -0.999999981820702
2.22191665615987e-05 -0 -0.999999999753154
-2.13436087457509e-05 -0 -0.999999999772225
-0.00138127768837814 -0 -0.999999046035519
-0.000133242209539771 -0 -0.999999991123257
0.000249021242335002 -0 -0.99999996899421
0.000325599134486596 -0 -0.9999999469926
-0.00019740288168675 -0 -0.999999980516051
4.13274356958481e-08 -0 -0.999999999999999
-0.00095670695508534 -0 -0.999999542355796
0.000157653192078068 -0 -0.999999987572735
-0.00140931312028912 -0 -0.999999006917771
-0.000194711112218756 -0 -0.999999981043791
0.000506965846231842 -0 -0.999999871492807
-0.999999945919543 0 0.000328878262732884
0.000549162313228824 -0 -0.999999849210366
-0.00022030338925283 -0 -0.999999975733208
-0.000565344328392055 -0 -0.999999840192882
7.96445526450591e-05 -0 -0.999999996828373
0.000412481826470363 -0 -0.999999914929368
0.000307268757922861 -0 -0.999999952792954
-0.00117573510403847 -0 -0.999999308823244
2.24883424323231e-05 -0 -0.999999999747137
-2.53285979770834e-05 -0 -0.999999999679231
0.000977478222046849 -0 -0.999999522268049
-0.000159981425666942 -0 -0.999999987202972
-6.57724302469221e-05 -0 -0.999999997836994
-1.32478207876573e-05 -0 -0.999999999912248
0.000101485922118965 -0 -0.999999994850304
-0.999999883417865 0 0.00048287084918667
0.000826935247547333 -0 -0.99999965808899
-0.000101631484924742 -0 -0.999999994835521
-4.12158878693923e-05 -0 -0.999999999150625
-0.00058918987942488 -0 -0.999999826427628
-0.00057283737377065 -0 -0.999999835928658
0.000418479775485921 -0 -0.999999912437335
0.000298265965659536 -0 -0.999999955518706
0.000390988622497602 -0 -0.999999923563946
8.84893594221211e-05 -0 -0.999999996084817
-0.000100595737822332 -0 -0.999999994940249
0.000191701150585715 -0 -0.999999981625334
-0.999999886262634 -0 0.000476943098755784
0.000465085414956971 -0 -0.999999891847772
-0.00136066526526589 -0 -0.999999074294589
-8.27071705216186e-05 -0 -0.999999996579762
0.000145016513054932 -0 -0.999999989485105
-0.00118228892804293 -0 -0.999999301096201
-0.000191963739881516 -0 -0.999999981574961
0.000494689038793715 -0 -0.99999987764137
0.000962928008447011 -0 -0.999999536384718
0.000970254308913854 -0 -0.999999529303177
3.45577836922285e-06 -0 -0.999999999994029
-0.000145840864474552 -0 -0.999999989365221
0.000498975391659605 -0 -0.999999875511772
-0.000137467125179568 -0 -0.999999990551395
0.000346489599759385 -0 -0.999999939972477
-7.45733484764127e-05 -0 -0.999999997219408
0.000791207875378601 -0 -0.999999686995
5.7852925141151e-05 -0 -0.99999999832652
-0.000414102007289513 -0 -0.99999991425976
4.79284898933408e-05 -0 -0.99999999885143
-1.26597278712184e-05 -0 -0.999999999919866
-9.70847318030216e-05 -0 -0.999999995287277
0.000233233390667952 -0 -0.999999972801092
2.59027947235567e-05 -0 -0.999999999664523
-0.00010357716327154 -0 -0.999999994635886
-5.00928762729899e-05 -0 -0.999999998745352
0.000640155730833888 -0 -0.999999795100299
-6.46225815686539e-05 -0 -0.999999997911961
-0.000778631885282006 -0 -0.999999696866148
0.000535621469431992 -0 -0.99999985655481
0.000686717454286166 -0 -0.999999764209541
0.000197350945904335 -0 -0.999999980526302
0.000140010406986342 -0 -0.999999990198543
-8.63205783811277e-05 -0 -0.999999996274379
-0.00100783313757206 -0 -0.999999492136054
-0.00122830348407802 -0 -0.999999245634991
-7.50092947491662e-05 -0 -0.999999997186803
-0.000207061059990784 -0 -0.999999978562859
0.0007633568653502 -0 -0.999999708643106
-0.000481551281816711 -0 -0.999999884054175
3.11254116090119e-05 -0 -0.999999999515604
3.64884690255097e-05 -0 -0.999999999334296
-0.000126220212127469 -0 -0.999999992034229
5.28321906303326e-05 -0 -0.99999999860438
2.03934450795143e-05 -0 -0.999999999792054
-2.52993395325555e-05 -0 -0.999999999679972
0.000113903173030472 -0 -0.999999993513033
-0.000742895733625003 -0 -0.999999724052926
-0.999999791341445 -0 0.0006460008251468
-2.79794057750754e-05 -0 -0.999999999608576
0.000800131627850663 -0 -0.999999679894638
3.91714602000839e-05 -0 -0.999999999232798
6.14868112026711e-05 -0 -0.999999998109686
-2.41344923778549e-06 -0 -0.999999999997088
-4.6303917720635e-05 -0 -0.999999998927974
8.50076100162282e-05 -0 -0.999999996386853
0.000782450829354995 -0 -0.999999693885303
-3.43456599692011e-06 -0 -0.999999999994102
2.62776666203538e-06 -0 -0.999999999996547
-8.54720853173827e-05 -0 -0.999999996347261
-6.79492585072929e-05 -0 -0.999999997691449
0.000180650266664953 -0 -0.99999998368274
-0.999999940391698 0 0.000345277570885275
-0.00038621000716486 -0 -0.999999925420912
-0.999999973513064 0 0.000230160535736199
0.000247768991937837 -0 -0.999999969305263
0.000152676349938225 -0 -0.999999988344966
0.000241466703537288 -0 -0.999999970846915
0.000338338228976691 -0 -0.99999994276362
-0.000190214090449866 -0 -0.9999999819093
-0.000152418140763426 -0 -0.999999988384355
-3.73537841108798e-05 -0 -0.999999999302347
0.000173256686267296 -0 -0.99999998499106
0.00021585978763188 -0 -0.999999976702276
-0.000324278839348337 -0 -0.999999947421616
-0.000112275672310639 -0 -0.999999993697087
0.000427336331180175 -0 -0.999999908691826
0.00110409954472363 -0 -0.999999390481912
-8.75260226451954e-05 -0 -0.999999996169598
-4.60961854934363e-05 -0 -0.999999998937571
0.000418155005907744 -0 -0.999999912573192
-0.000948254279374128 -0 -0.99999955040681
6.93777909113283e-05 -0 -0.999999997593361
-0.000109879415750291 -0 -0.999999993963257
-5.31181903330482e-05 -0 -0.999999998589229
-0.000120936149894637 -0 -0.999999992687224
-0.000162772686625516 -0 -0.999999986752526
-8.26512132306525e-06 -0 -0.999999999965844
-7.44563146991633e-05 -0 -0.999999997228129
-0.999999802827538 -0 0.000627968856246467
-0.999999972715211 0 0.000233601321262516
0.00107099379633368 -0 -0.99999942648598
-0.00120315886006423 -0 -0.999999276204117
7.42906377106428e-06 -0 -0.999999999972405
4.32764099563812e-05 -0 -0.999999999063576
-0.000142511269958801 -0 -0.999999989845269
8.15551245084762e-05 -0 -0.999999996674381
0.000348739558410627 -0 -0.999999939190358
-0.99999981417933 0 0.000609623904259447
-3.50862610287136e-05 -0 -0.999999999384477
-9.54667480270214e-05 -0 -0.99999999544305
0.000833167237632648 -0 -0.999999652916117
-3.33801335726053e-06 -0 -0.999999999994429
-0.000173952296887596 -0 -0.999999984870299
0.000975740259364986 -0 -0.99999952396536
7.87086537432691e-06 -0 -0.999999999969025
-1.02108024288234e-05 -0 -0.99999999994787
-9.56744766140603e-05 -0 -0.999999995423197
4.92012294985413e-05 -0 -0.99999999878962
6.7072236410348e-05 -0 -0.999999997750658
4.55117478378951e-05 -0 -0.99999999896434
-4.43728676618493e-05 -0 -0.999999999015524
-7.14745237910326e-06 -0 -0.999999999974457
0.00056566691513255 -0 -0.999999840010458
-0.00106479608470738 -0 -0.999999433104488
-0.000118335082414903 -0 -0.999999992998404
0.000458590052483328 -0 -0.999999894847576
-0.000266373642816078 -0 -0.99999996452254
-0.999999775893901 0 0.000669486481033833
-0.00012084252287411 -0 -0.999999992698542
-1.3864806760453e-06 -0 -0.999999999999039
8.0332123357043e-05 -0 -0.999999996773375
3.55609808823625e-05 -0 -0.999999999367708
0.00024767242543727 -0 -0.999999969329184
0.000170017779326556 -0 -0.999999985546977
-0.000123165634225042 -0 -0.999999992415113
0.00012299374700627 -0 -0.999999992436269
0.000258729173291144 -0 -0.999999966529607
-0.000272980182505193 -0 -0.999999962740909
-0.000151522834210017 -0 -0.999999988520415
0.000433694148866294 -0 -0.999999905954688
-7.64722133264004e-05 -0 -0.999999997076
0.00108220254737932 -0 -0.999999414418652
-4.60405935394621e-05 -0 -0.999999998940132
0.000328761963838309 -0 -0.999999945957784
0.000513344181777382 -0 -0.999999868238867
-0.000235078864405434 -0 -0.999999972368963
-0.000474271804265252 -0 -0.999999887533122
-0.000422841478347208 -0 -0.999999910602538
-8.90416045985107e-05 -0 -0.999999996035796
3.73808506731479e-05 -0 -0.999999999301336
3.68659020500262e-05 -0 -0.999999999320453
-1.10475921239947e-05 -0 -0.999999999938975
2.46037234244906e-05 -0 -0.999999999697329
4.97659129289252e-05 -0 -0.999999998761677
-0.000465880502337587 -0 -0.999999891477673
0.000254062461849087 -0 -0.999999967726132
1.80205915937975e-05 -0 -0.999999999837629
6.98108195255904e-05 -0 -0.999999997563225
9.93357934881817e-06 -0 -0.999999999950662
-9.32427428738659e-06 -0 -0.999999999956529
-0.00017483297875704 -0 -0.999999984716715
0.000883778353478259 -0 -0.999999609467835
-0.000688188419393066 -0 -0.999999763198322
0.000404113923835065 -0 -0.999999918345965
9.07949139114086e-05 -0 -0.999999995878142
0.000785265459043182 -0 -0.999999691679032
-0.00087275598499618 -0 -0.999999619148423
-7.19719128009733e-06 -0 -0.9999999999741
-0.000529605243858133 -0 -0.999999859759133
0.000690085115124999 -0 -0.999999761891239
0.000117458060330247 -0 -0.999999993101802
-0.00106404113222338 -0 -0.999999433908074
0.000514795414777006 -0 -0.999999867492832
-5.24072128617897e-05 -0 -0.999999998626742
0.000154616178377136 -0 -0.999999988046918
-1.8663178025203e-06 -0 -0.999999999998259
-0.000313909669391341 -0 -0.999999950730358
0.000454019910015232 -0 -0.999999896932955
0.00059665733764083 -0 -0.999999821999995
0.000203846294737832 -0 -0.999999979223344
0.000431312524738661 -0 -0.999999906984749
-0.000232065250319749 -0 -0.99999997307286
0.000588207509066667 -0 -0.999999827005948
0.00026944942259908 -0 -0.999999963698504
-0.000157702202926729 -0 -0.999999987565008
-2.08228102519902e-05 -0 -0.999999999783205
-3.80735400264333e-05 -0 -0.999999999275203
-0.000109504907666734 -0 -0.999999994004338
-5.56665944761046e-05 -0 -0.999999998450615
-0.000120356830886087 -0 -0.999999992757117
0.000348215835045741 -0 -0.999999939372864
-7.61035623851808e-05 -0 -0.999999997104124
0.000680154834589815 -0 -0.999999768694674
-9.18006695198421e-05 -0 -0.999999995786319
-4.10871543516515e-05 -0 -0.999999999155923
0.000116147289316919 -0 -0.999999993254904
-0.000135085486040064 -0 -0.999999990875956
-1.0834005478774e-05 -0 -0.999999999941312
-7.06176140796728e-05 -0 -0.999999997506576
-0.00015847755804486 -0 -0.999999987442432
0.000372994745626916 -0 -0.999999930437457
-4.25939578758672e-05 -0 -0.999999999092877
-5.53125682081064e-05 -0 -0.99999999847026
-8.9612148807998e-05 -0 -0.999999995984831
-0.999999768631483 -0 0.000680247733974308
0.000364138247568934 -0 -0.999999933701666
-0.0001368848885158 -0 -0.999999990631264
-5.47069211370297e-05 -0 -0.999999998503576
-0.000139228474396325 -0 -0.999999990307716
0.000820164828338383 -0 -0.999999663664771
0.000507574407164343 -0 -0.999999871184102
0.000627685792508191 -0 -0.999999803005253
-6.93185427889034e-05 -0 -0.99999999759747
0.00100666642443592 -0 -0.999999493311227
-6.98305664744109e-05 -0 -0.999999997561846
-0.00126986783664264 -0 -0.999999193717514
-0.000175119709681532 -0 -0.999999984666543
0.000679715949026242 -0 -0.999999768993088
-3.78570293561761e-05 -0 -0.999999999283423
-0.000158047447102615 -0 -0.999999987510502
-6.61147567744788e-05 -0 -0.99999999781442
-0.999999972998798 0 0.000232384170068096
0.000295790714310595 -0 -0.999999956253926
-0.999999816178777 0 0.000606335230860875
-4.1221741377278e-05 -0 -0.999999999150384
-0.000113750297888012 -0 -0.999999993530435
0.00070216878679725 -0 -0.999999753479467
7.76754675301665e-05 -0 -0.999999996983261
-0.00017769443813036 -0 -0.999999984212343
0.000313957225046111 -0 -0.999999950715429
0.00114263571192295 -0 -0.999999347191602
0.000648330527520181 -0 -0.999999789833741
-0.00148723677007142 -0 -0.999998894062783
0.0001598943906653 -0 -0.999999987216892
0.000684148576784965 -0 -0.999999765970335
-0.000100780059653769 -0 -0.99999999492169
0.00073063720729555 -0 -0.9999997330846
-5.72406933287256e-05 -0 -0.999999998361752
6.14429299025486e-05 -0 -0.999999998112383
3.09878960103028e-05 -0 -0.999999999519875
4.29253086226872e-05 -0 -0.999999999078709
-7.32479454963587e-05 -0 -0.999999997317369
1.80849601717893e-05 -0 -0.999999999836467
6.13697774251093e-05 -0 -0.999999998116875
-7.49654134491652e-05 -0 -0.999999997190093
1.30876314858757e-05 -0 -0.999999999914357
-3.95979004368801e-05 -0 -0.999999999216003
-0.000177562786959519 -0 -0.999999984235728
-0.000406962955473114 -0 -0.999999917190573
7.78451646880629e-05 -0 -0.999999996970065
7.53699057573823e-05 -0 -0.999999997159689
-1.77854269622631e-06 -0 -0.999999999998418
0.00082611888569627 -0 -0.999999658763735
-0.99999970646422 -0 0.000766205895870788
-0.000591931342894615 -0 -0.999999824808627
0.000104215723129294 -0 -0.999999994569541
0.00073309787656266 -0 -0.999999731283716
0.000150748221237036 -0 -0.999999988637487
-0.000953096570141286 -0 -0.999999545803361
-0.000975777570440137 -0 -0.999999523928953
-0.000160689478178905 -0 -0.999999987089446
0.000133640859246805 -0 -0.99999999107006
-1.40963129510602e-05 -0 -0.999999999900647
0.000637545875072577 -0 -0.999999796767608
0.000551336194012812 -0 -0.999999848014189
0.000469757975754825 -0 -0.999999889663716
0.000172999204690822 -0 -0.999999985035638
-0.000270572219151482 -0 -0.999999963395336
0.000228818310837314 -0 -0.99999997382109
-0.000185942375961247 -0 -0.999999982712716
-0.000417250197105544 -0 -0.999999912951133
0.000383951986846541 -0 -0.999999926290433
-2.70168056787579e-05 -0 -0.999999999635046
-0.000127814796407689 -0 -0.999999991831689
0.000307210259228439 -0 -0.999999952810927
-0.000357402225131017 -0 -0.999999936131823
-4.59762231426538e-05 -0 -0.999999998943093
-6.24223538273162e-05 -0 -0.999999998051725
-9.7693307441129e-05 -0 -0.999999995228009
-8.37370677592915e-05 -0 -0.999999996494052
-0.999999971452208 -0 0.000238946821354863
5.74433069194084e-05 -0 -0.999999998350133
9.06460627410573e-06 -0 -0.999999999958916
-0.000132566345854897 -0 -0.999999991213082
-0.000854671402389199 -0 -0.99999963476833
0.000930773137670474 -0 -0.999999566830589
6.16711403118203e-05 -0 -0.999999998098335
-4.46742269113962e-05 -0 -0.999999999002107
7.53640558875104e-05 -0 -0.99999999716013
-0.00115348688614667 -0 -0.999999334733781
-8.82838136219291e-05 -0 -0.999999996102984
-0.000451072856872855 -0 -0.999999898266634
-0.000128426282422444 -0 -0.999999991753345
-0.000351146794136659 -0 -0.999999938347963
-1.83738866295151e-05 -0 -0.9999999998312
9.96397206619484e-05 -0 -0.999999995035963
0.000225871984789455 -0 -0.999999974490923
-0.000993265288374295 -0 -0.999999506711912
-0.000161813002406036 -0 -0.999999986908276
-0.00112399745917692 -0 -0.999999368314656
-8.66010941503459e-06 -0 -0.999999999962501
0.000913209340303934 -0 -0.999999583024264
-0.000109613159362168 -0 -0.999999993992478
-0.000205141706150204 -0 -0.99999997895844
-0.999999980272136 0 0.000198634657582636
-0.000821621182976384 -0 -0.999999662469259
-3.31230257688927e-05 -0 -0.999999999451433
0.000228306287188212 -0 -0.999999973938119
-8.80234143779105e-05 -0 -0.999999996125939
-0.000303204059079403 -0 -0.999999954033648
-0.000320902416991364 -0 -0.999999948510818
0.000130033308588516 -0 -0.999999991545669
-5.68281501719931e-05 -0 -0.999999998385281
0.00107623690334551 -0 -0.999999420856896
-0.00137277228463076 -0 -0.999999057747683
-0.000331125311041661 -0 -0.999999945178013
1.0717703843805e-05 -0 -0.999999999942565
1.96766140978178e-05 -0 -0.999999999806416
-5.73723554190844e-05 -0 -0.999999998354206
0.000630479991903633 -0 -0.99999980124747
6.44598276253669e-06 -0 -0.999999999979225
1.75173481666615e-05 -0 -0.999999999846571
1.26955692384173e-05 -0 -0.999999999919411
-3.92936162521864e-05 -0 -0.999999999228006
-0.000784937051626073 -0 -0.999999691936865
-0.000921831051748413 -0 -0.999999575113666
-2.99192360992276e-05 -0 -0.99999999955242
5.99068624813343e-05 -0 -0.999999998205584
-4.86504395091253e-05 -0 -0.999999998816567
-0.00100436885403327 -0 -0.999999495621475
-0.000101292083335154 -0 -0.999999994869957
-0.999999723648464 0 0.000743439974933426
-6.15124152973701e-05 -0 -0.999999998108111
-0.000138283429392942 -0 -0.999999990438846
-0.000112623848703746 -0 -0.999999993657934
-4.16108777793773e-05 -0 -0.999999999134267
-4.24359640946824e-05 -0 -0.999999999099594
7.78890532639925e-05 -0 -0.999999996966648
-0.00064027785045324 -0 -0.999999795022116
-5.37589475375966e-05 -0 -0.999999998554988
-0.000117621172744662 -0 -0.99999999308263
0.000548896071476449 -0 -0.99999984935654
-6.16265241399845e-05 -0 -0.999999998101086
-4.9955360674598e-05 -0 -0.999999998752231
0.000587344406163585 -0 -0.999999827513259
-0.000820682003037567 -0 -0.999999663240468
-0.000783155258029815 -0 -0.999999693333874
0.00122665108755263 -0 -0.999999247663272
0.00124191213857091 -0 -0.999999228826823
-0.00162966337143683 -0 -0.999998672097766
-0.00166684479199655 -0 -0.999998610813255
-0 -0.00295650394506912 -0.999995629532661
-0 -0.00130192980334404 -0.999999152489034
-0 -0.00373032183909779 -0.999993042325284
-0 -0.00260941612552711 -0.999996595467947
-0 -0.00379423336793664 -0.999992801870668
-0 -0.000130457555114288 -0.999999991490413
-0 -0.000130571656678678 -0.999999991475521
-0 -0.0039144701927626 -0.999992338432205
-0 -0.000156327789136152 -0.999999987780811
0 0.999999977667836 -0.000211339366442801
-0 -0.00383342447057953 -0.999992652401421
-0 -0.000143679410365964 -0.999999989678113
-0 -0.000148893245009587 -0.999999988915401
0 0.999999977508018 -0.000212094232442603
-0 -0.00371104932832282 -0.999993114032733
-0 -0.000139703186961055 -0.99999999024151
-0 -0.000185767563812666 -0.999999982745206
0 0.999999992960528 -0.000118654729778077
0 0.999999992898597 -0.000119175528261138
-0 -0.00360770938711431 -0.999993492195313
-0 -0.000137918438265626 -0.999999990489252
0 0.999999994009703 -0.000109455896817126
-0 -0.00377435831219759 -0.999992877084298
0 0.999999987772117 -0.000156383392002201
-0 -0.000127233272785518 -0.999999991905847
-0 -0.000205119034267709 -0.999999978963091
-0 -0.000125861056316276 -0.999999992079497
-0 -0.000183678505521324 -0.999999983131103
0 0.999999991878275 -0.000127449790726934
-0 -0.000337150327165223 -0.999999943164827
0 0.999999990413644 -0.00013846556115871
0 0.999999984057423 -0.000178564147854504
-0 -0.00342051565456472 -0.999994150019217
-0 -0.00379172885151244 -0.99999281137032
-0 -0.00358507832690313 -0.999993573586046
-0 -0.00358639217334349 -0.99999356887491
0 0.999999991919986 -0.000127122096155871
-0 -0.00389107479530859 -0.999992429739814
-0 -0.00065560712208022 -0.999999785089628
-0 -0.00100440470991523 -0.999999495585462
-0 -0.0037648873619744 -0.999992912786462
-0 -0.00383350642576037 -0.999992652087246
-0 -0.000203732193177634 -0.999999979246597
-0 -0.00153781347064851 -0.999998817564166
-0 -0.00385591534113657 -0.999992565930808
-0 -0.00153567178300643 -0.999998820855392
-0 -0.000140101109071292 -0.99999999018584
0 0.999999983376873 -0.00018233555298811
-0 -0.00384360926009212 -0.999992613306646
-0 -0.00115368665457114 -0.99999933450333
-0 -0.00386496486471994 -0.999992530995404
0 0.999999769358876 -0.000679177586614899
-0 -0.00214592708603441 -0.99999769749582
-0 0.999999993727518 -0.000112004300924622
0 0.99999950604542 -0.000993936072785176
0 0.999999976582125 -0.000216415685306565
-0 -0.000132985470106221 -0.999999991157432
-0 -0.000600525293528927 -0.99999981968467
-0 -0.00327824192886162 -0.999994626550491
0 0.999999996162872 -8.76028276528874e-05
-0 -0.00318695042200934 -0.999994921660609
0 0.999999995227366 -9.76998921826755e-05
0 0.999997570592098 -0.00220427083227869
-0 -0.00166967181374558 -0.999998606097046
-0 -0.00370413877711271 -0.999993139654428
-0 -0.000177689330408356 -0.999999984213251
-0 -0.00196178999195591 -0.999998075688162
-0 -0.000151839556634032 -0.999999988472374
-0 -0.00375587276134286 -0.999992946685026
-0 -0.00380241096063956 -0.999992770809313
0 0.999999994661236 -0.000103332123574944
0 0.999998895479801 -0.00148628367996922
0 0.999999990283157 -0.00013940475629227
0 0.999999877851136 -0.000494264821465993
-0 -0.000334154262770425 -0.999999944170463
-0 -0.00142263807545412 -0.999998988049941
-0 -0.00261367014515033 -0.999996584358353
-0 0.999998329671228 -0.00182774581225121
-0 -0.00317544036627811 -0.999994958276531
-0 -0.0023372059468749 -0.999997268730451
-0 -0.000342147658014557 -0.999999941467488
-0 -0.000134249434877192 -0.999999990988545
0 0.999999937517871 -0.00035350283622536
-0 -0.000974593336703453 -0.999999525083801
-0 -0.000554461013020923 -0.999999846286481
0 0.999999994549398 -0.00010440883431718
-0 0.999999986409703 -0.000164865382918349
-0 -0.000355158843965184 -0.999999936931096
-0 -0.000387044617573478 -0.999999925098229
-0 -0.000156643783963729 -0.999999987731362
-0 -0.00382264876557194 -0.999992693651516
-0 -0.000606251120822192 -0.999999816229772
0 0.99999911738495 -0.00132861932864516
-0 -0.00393109707206126 -0.999992273208053
-0 -0.00341672661296135 -0.999994162972591
-0 -0.0039357314958611 -0.999992254978804
0 0.999999996728326 -8.08909605521108e-05
0 0.999999980499154 -0.000197488461495204
0 0.99999999511928 -9.88000024060955e-05
0 0.999999995457215 -9.5318260286058e-05
-0 -0.00321145136287026 -0.999994843276776
0 0.999999963049961 -0.000271845686216443
-0 -0.00395967985195082 -0.999992160437006
-0 -0.00332762978392135 -0.999994463424684
-0 -0.0038665008254897 -0.999992525057746
-0 -0.00389377815093744 -0.999992419217122
-0 -0.000163329326464633 -0.999999986661765
0 0.999999919881671 -0.00040029570570488
0 0.999999972079851 -0.000236305517997396
0 0.999999175261729 -0.00128431922142717
-0 -0.00358608204691267 -0.999993569987104
-0 -0.0038596750314519 -0.999992551426585
0 0.9999999933622 -0.000115219793914627
-0 -0.00260103358072571 -0.999996617306435
0 0.999999999824633 1.87279128989657e-05
-0 -0.000154101229771354 -0.999999988126405
0 0.999999958130394 -0.000289377278639397
-0 -0.00400081316953316 -0.999991996714965
-0 -0.00293329029037256 -0.999995697894782
-0 0.999999993622544 -0.000112937646197744
0 0.999999995994199 -8.9507549642595e-05
-0 -0.00386715320718171 -0.99999252253508
0 0.999999922070705 -0.000394789291063461
-0 -0.00192892991361582 -0.999998139612964
0 0.999999997822295 -6.59955256578356e-05
-0 -0.00379964613672498 -0.999992781318563
-0 -0.000158229593418696 -0.999999987481698
0 0.999999997293259 -7.35763676684927e-05
-0 -0.00318883470123078 -0.999994915653699
-0 -0.00385174284528873 -0.999992582011014
0 0.999999998142108 -6.09572379066577e-05
-0 -0.00403835116938959 -0.999991845826671
-0 -0.00261613673607044 -0.999996577908434
0 0.999999936056242 -0.000357613635327524
0 0.999999886910251 -0.00047558330988974
-0 -0.00387844695161468 -0.999992478796337
-0 -0.00226831457256106 -0.999997427371191
-0 -0.00093555099285392 -0.999999562372074
-0 0.999999752232906 -0.000703941849464463
-0 -0.00340986008109513 -0.999994186410215
-0 -0.00289880964812981 -0.999995798442485
-0 -0.00397533863354144 -0.999992098310156
-0 -0.00394359592718344 -0.999992223995348
-0 -0.000140335176620837 -0.999999990153019
-0 -0.00291823681268444 -0.999995741937887
-0 -0.00396754405233738 -0.999992129266122
0 0.999999999730234 2.32278489357762e-05
0 0.999999996161847 -8.76145346685538e-05
-0 -0.00388637611228655 -0.999992448011841
-0 -0.00259458196516139 -0.999996634066548
0 0.999999997293044 -7.35792926034299e-05
-0 -0.00388328323680504 -0.999992460027226
-0 -0.00181191129365832 -0.999998358487385
0 0.999999998082967 -6.19198398176062e-05
-0 -0.0029118321618699 -0.999995760607744
-0 0.999999980516485 -0.000197400684347679
0 0.999999732678297 -0.000731193090144346
-0 -0.00181406171034143 -0.999998354588702
0 0.999999932121961 -0.000368450910762763
0 0.999999510774196 -0.0009891670074704
0 0.999999983114439 -0.00018376920760435
-0 -0.00373333531369762 -0.999993031079435
-0 -0.000133017658941852 -0.999999991153151
-0 -0.00386240469721574 -0.999992540887158
0 0.999999997130284 -7.57590457951287e-05
-0 -0.00317662522942799 -0.999994954513347
0 0.999999987437215 -0.000158510474475867
-0 -0.00226228149589891 -0.999997441037943
0 0.999999993947736 -0.000110020583877362
-0 0.999999989762439 -0.000143091309282062
-0 -0.00386500281554723 -0.999992530848724
0 0.999999996272042 -8.63476449431499e-05
-0 -0.00403575351247022 -0.999991856313634
-0 -0.0038601839916563 -0.99999254946202
-0 -0.00390666070687373 -0.999992368971944
-0 -0.000146368254969371 -0.999999989288167
-0 -0.00400219709269291 -0.999991991177145
-0 -0.00396424349703396 -0.999992142355877
-0 -0.000142251591039448 -0.999999989882242
-0 -0.00395611573637697 -0.999992174543521
-0 -0.00386784097859614 -0.999992519875106
-0 -0.00391657634639803 -0.999992330185448
0 0.999999995718293 -9.25387135469896e-05
0 0.999999995537801 9.44690323526741e-05
-0 -0.000195548633099975 -0.999999980880366
0 0.999999996677482 -8.15170858024486e-05
-0 -0.00400357216840726 -0.999991985672832
-0 -0.000517920175760609 -0.999999865879337
-0 -0.000163153772166335 -0.999999986690423
-0 -0.002933208334692 -0.99999569813518
-0 -0.000140566319235485 -0.999999990120555
-0 -0.00396670121867318 -0.999992132609773
-0 -0.000143158611887925 -0.999999989752806
-0 -0.00394798797590484 -0.999992206665103
-0 -0.00384346001785361 -0.999992613880268
-0 -0.000123251214036551 -0.999999992404569
0 0.999999999671703 2.5624107357317e-05
-0 -0.00132022222737676 -0.999999128506255
-0 -0.000187192443621757 -0.999999982479494
0 0.999999977990061 -0.000209809145346826
-0 -0.00391925315987285 -0.999992319697841
-0 -0.00354931908302519 -0.999993701147186
-0 0.999999995138917 -9.86010486240006e-05
0 0.999999985728963 -0.00016894399354812
-0 -0.00402058646524534 -0.999991917409573
0 0.99999999987826 -1.56038495314636e-05
0 0.999999998861225 -4.77236789631619e-05
0 0.999999995243931 -9.75301877497079e-05
-0 -0.000129922117407073 -0.999999991560122
-0 -0.000168396870662712 -0.999999985821247
-0 0.999999997621292 -6.89740261983426e-05
0 0.999999996922735 -7.84508153943193e-05
-0 -0.00390246492978509 -0.999992385354744
-0 -0.000147418626728473 -0.999999989133874
-0 -0.00341127031985128 -0.999994181600476
-0 -0.00396247982923532 -0.999992149345985
0 0.999998923402047 -0.00146737682553728
-0 -0.00391418614373858 -0.999992339544075
-0 -0.00393287284544097 -0.999992266225685
-0 -0.00106500749468562 -0.999999432879357
-0 -0.00262478555990825 -0.999996555244449
0 0.999999852600654 -0.000542953653321992
0 0.999999999508315 3.13587479313783e-05
-0 -0.00131960778840112 -0.999999129317263
-0 -0.000155730927802942 -0.999999987873939
-0 -0.000145247655669117 -0.999999989451559
0 0.99999830730246 -0.00183994353566719
-0 -0.00216538082233381 -0.999997655560199
-0 -0.000136753950386252 -0.999999990649178
-0 -0.00401528127198062 -0.999991938725661
-0 -0.00390950166297632 -0.999992357869173
-0 -0.000183658030977634 -0.999999983134864
0 0.999999984187766 -0.000177832695870391
0 0.999999999911539 -1.33012172215843e-05
-0 -0.0040126014344745 -0.999991949482459
-0 -0.000122862081280268 -0.999999992452455
-0 -0.00342406744438175 -0.999994137863886
-0 -0.00359091834275653 -0.999993552631944
-0.000314982242444227 -0.230009370635536 -0.973188363168216
-0.000304290816541246 -0.229210290422152 -0.973376879821835
-0.000342773036303436 0.995111035069089 -0.0987618873370286
-0.000196530784376591 -0.964668864129378 -0.263465261381813
-0.000301919173588349 0.819632636832347 -0.572889386779041
-0.000152459759963034 -0.967378774869445 -0.25333432986493
-0.000270807932289901 0.955281503603532 -0.295697777360668
-0.000273263928295002 -0.996885676289649 -0.0788598360089271
-0.000291578710967919 0.996486869196996 -0.0837486387938577
-0.000274653721096905 -0.974346870027551 -0.225051330662245
-0.000372615242865797 -0.851741388207555 -0.523962278004961
-0.000411085002972195 -0.849654514250091 -0.527339584540704
-0.000248640282395419 0.956425146248729 -0.291977529616762
-0.999967054818399 -0.00755096496017701 -0.00297862484840893
-0.999943979289202 0.0094536737759022 0.00476091749715768
-0.999865291336989 -0.013403066175972 -0.00947401692421121
-0.999978881013917 0.00502514487684892 0.00412134020939825
-0.00030085391447041 0.954434677844993 -0.298419763443787
-0.000320763066006712 0.821679182262674 -0.569950189531681
-0.000458910293876942 0.869231398147565 -0.49440526481397
-0.000235305097998143 0.904991398718955 -0.42542979782359
-9.34066053748038e-05 -0.0057180041749674 -0.999983647718032
-0.000324539774605399 0.0414391429223522 -0.999140977093721
-0.000296066404871943 0.953432065675547 -0.301607706278112
-0.999850971286692 0.0114975456387423 0.0128779525291731
-0.000304097932858608 -0.299503472535707 -0.954095161639289
-0.99987099873226 0.00523236737544642 0.0151857902593745
-0.000372733628807332 -0.965576346468864 -0.260119549840997
-0.000297461208334372 -0.299211087633007 -0.954186898125468
-0.000232309889463469 -0.9539411485659 -0.299993718442383
-0.000318174161837839 -0.168855493216427 -0.985640766798858
-0.000283664204203418 -0.962459758486359 -0.27142426720726
-0.000129551783646667 -0.954749925179086 -0.297409757047185
-0.000412092561225032 -0.807379091181684 -0.59003290866049
-0.000254257158951682 -0.967453746338651 -0.253047790048848
-0.000269464440375124 -0.896236523305351 -0.443576398924077
-0.000397440266704157 -0.668025722413331 -0.744138076055366
-0.999945359945709 0.00681129278598793 0.00792990628124021
-0.000336000988615084 -0.96835630742338 -0.249571530781644
-0.000395080176300827 -0.720943375494643 -0.692993862340818
-0.000272033482602099 -0.868151635387533 -0.496298966321447
-0.000228414362360214 -0.969179138508261 -0.24635694694338
-0.000441253932367865 -0.50641466362194 -0.862289970812397
-0.00038712217103417 -0.565720822417111 -0.824596750672795
-0.000262534006747856 -0.832088687508099 -0.554642540017392
-0.00036513558721262 -0.495698621157581 -0.868494527132138
-0.000343366911198742 0.747924845164941 -0.663783329170117
-0.000335659771691329 0.926817740205803 -0.37551133640987
-0.000268239609291692 -0.966771851962006 -0.255640595957421
-9.26177454230775e-06 -2.71641777711609e-07 -0.999999999957073
-0.000194667175314086 -0.207917208193143 -0.978146408592221
-0.000329208094874482 -0.981272145276064 -0.192626240495269
-0.00028270541093073 0.208025572008929 -0.978123346755412
-0.000357296975925983 -0.387198327017372 -0.92199638171406
-0.000268416406164265 0.809318506912985 -0.587369970564354
-0.000283716461948697 0.97384514970311 -0.227212552260427
-0.00033148364439428 0.746583780803843 -0.665291325931154
0.000380461534989814 -0.410530328001006 0.911846864906826
-0.999968417434575 -0.00777747106845064 -0.00163556631513912
0.000394960834531992 -0.411452445649243 0.911431143298931
-0.000276703458407972 0.746781989388148 -0.665068856405618
-0.000318030069256123 0.672554142208848 -0.740047852949115
-0.000383074248177446 -0.43748765896217 -0.899224333250563
-0.000240363120162523 -0.91612344577811 -0.400896213902318
-0.000232314109277984 0.951807898286988 -0.306694751811408
-0.000310994295672103 -0.968141665249143 -0.250402913903102
-0.000403489246730718 -0.549296806336129 -0.83562722295612
-0.000303440108337038 0.593926614146421 -0.804519163806972
-0.000270342053687799 0.746838027367742 -0.665005930644707
-0.000231234915544169 0.993574032945463 -0.11318386628359
-0.000336037380928212 -0.895913108521008 -0.444229207796048
-0.000363001285079474 0.865440680385409 -0.501011274288421
-0.000274993404698796 -0.0921917381060952 -0.995741235363688
-0.000316972958359049 0.911793381319775 -0.410649155983054
-0.000283478334471175 -0.314730744814134 -0.949180951088239
-0.000351590663860277 -0.840871894558239 -0.541234083669943
-0.000407587365795966 -0.667591097058456 -0.744528012233809
0.00040441940130167 -0.311727734274227 0.950171382503812
-0.999588251548081 -0.0120727895915878 -0.0260302731166736
0.000398887298734732 -0.310760966426944 0.950488012883021
-0.000335190184945197 -0.894804735046597 -0.446457583411605
-0.000296569100425608 0.593999240271018 -0.804465545939801
-0.000301540191434072 0.673013352782382 -0.7396302698309
-0.999582387996734 0.0115172604442465 0.0265028737801485
-0.000364970075533321 -0.782030860864982 -0.623239600355769
-0.999373702994228 0.0104628585019285 0.0338042949279002
-0.99954983950171 0.0146805307368865 0.0261648689923894
-0.000366569731165921 -0.841896883027836 -0.539638308475821
-0.000282634418667876 0.911646908403195 -0.410974250430221
-0.000295833526864726 -0.891095520997873 -0.453815694902737
-0.999665118766957 0.0148304096670061 0.0212063497508215
0.000410051319233992 -0.501675786835206 0.86505562639705
-0.999592372866458 -0.0150110598167578 -0.024284896342815
-0.999540687877748 -0.0182027227097515 -0.0242296133446315
-0.000367341725422455 -0.557418806765704 -0.830231376740217
-0.000249934446973917 -0.914181351082966 -0.405305310679363
-0.000333899934975455 -0.808063186259959 -0.58909572695975
-0.000367663108699966 -0.914751560449648 -0.404016642576481
-0.000293320665926869 0.509659135892836 -0.860376359022001
-0.000231438302832868 0.863105753840667 -0.505023171867833
-0.000329893195681105 0.810422990589689 -0.585845088307603
0.000402690565288225 -0.58777534682478 0.809024090806521
0.000410492772536372 -0.40672536809118 0.913550385280843
-0.000404238018514925 -0.807539181986832 -0.589813789384126
-0.999542108270891 -0.0180908384900981 -0.0242548006816866
-0.000391201000066814 -0.783978892403542 -0.620787357496505
-0.999523789098572 -0.00983511809086443 -0.029248341460185
-0.000365885927142462 -0.911520286112356 -0.41125495028405
-0.000333766468267939 0.106523510253254 -0.994310127859145
-0.000335089520598482 0.809429941116345 -0.587216363991505
-0.000272121614842727 -0.670223336884654 -0.742159419966509
-0.00035618228007315 -0.55756194830159 -0.830135258220201
-0.999548132520019 0.0173516737291083 0.0245448608580755
-0.000361677953779893 -0.714170383174259 -0.699971808707887
-0.000287679745812281 -0.110494238299965 -0.993876723010894
-0.000418923466893803 0.49843909011881 -0.866924620682019
-0.000256384416579144 -0.951053883115219 -0.309024991996593
-0.000209424180818953 0.865742940897132 -0.500488877427159
-0.000368637123701707 0.743761273836206 -0.668445234591597
-0.999535783657004 0.0148385151967379 0.0266089393988991
-0.000265361434257104 -0.671132352652245 -0.741337503979646
-0.000359340364370717 -0.639457964986784 -0.768825976336299
-0.999513821202771 -0.0234124685273465 -0.0205907149485084
-0.00034846008178121 -0.714609341188065 -0.699523672267302
-0.000320382270378231 0.3092248047585 -0.950988915538593
-0.000275626931595212 0.912005347671795 -0.410178217178636
-0.000396705033867707 -0.78351879254787 -0.621367962120228
-0.000276804222181097 -0.894669160547893 -0.446729242991715
0.000392453044425345 -0.501301958968633 0.865272322401924
-0.000362149811864434 -0.782218741525793 -0.623003779485581
-0.000315995638262439 0.809664165441477 -0.586893379879781
-0.000292875765590908 -0.841448968887301 -0.540336512723584
-0.000344966053729452 -0.86603061198707 -0.499990860016184
-0.000291842128053804 0.94695967446034 -0.321352282976394
-0.000360289031003665 -0.78159504579917 -0.62378606474817
-0.000214184703842255 0.868479322214452 -0.495725348364231
-0.000601747883973865 -0.951061218002797 -0.309001937713212
-0.000300826978669387 -0.86602083098985 -0.500007829733473
-0.000289571713674596 -0.928040670812402 -0.372478763778944
-0.999540641609934 -0.0154814063439256 -0.026054401309881
-0.00038182823624711 0.671632419681376 -0.740884435684903
-0.000374885284412007 -0.587775849234318 -0.809023739155966
-0.000363227000869528 0.671827532370568 -0.740707523125707
-0.000324764666265663 0.745808461630334 -0.666160365894359
-0.99955215746699 0.0197141488750133 0.0225130370501043
-0.000342917050874495 0.671687477873466 -0.740834539202836
-0.000371043987705887 -0.78227180538991 -0.62293714355332
-0.00034834052741874 -0.639018926542821 -0.769190932200151
-0.000351349868387232 -0.892028908431057 -0.4519782108427
-0.000225131731645499 0.993048236206872 -0.117707900678435
-0.000245767839535153 0.86302035328319 -0.505169089926459
-0.000289106110731155 0.595306730512842 -0.803498483523004
-0.999540244335317 -0.020592444507474 -0.0222542396702456
-0.000368583889005453 -0.839927053484074 -0.542699188290787
-0.000303239297467668 0.30888015023123 -0.951100920428038
-0.000369215354492634 -0.714493135906853 -0.699642353221996
-0.00031104447438584 0.674892699949731 -0.737915812817355
-0.000381603584871552 -0.841383330347718 -0.540438660526509
-0.000450374414791162 -0.743153815882588 -0.669120469797506
-0.000397385822201671 0.671751835761404 -0.740776155957852
-0.000373834032347095 -0.842717669151777 -0.53835563556771
-0.000486132626178615 0.58779710803735 -0.809008234480959
-0.000366392035634782 -0.782503411446621 -0.622646189124511
-0.999497724468523 0.0208443407019487 0.0238707403099672
-0.000349713045763461 0.592509123043455 -0.80556366403349
-0.000151968172280035 4.60030134197377e-06 -0.999999988442256
-0.000360184267544527 -0.84228522254142 -0.539031978787571
-0.000342680045133298 -0.841050028636431 -0.540957236665751
-0.000311683350409758 -0.89417196668643 -0.447723571911968
-0.000301422151945749 0.808707496689443 -0.58821092640564
-0.000279053827179472 0.419599878659746 -0.907709129599173
-0.000361261868589122 -0.4703811847699 -0.882463262977178
-0.000338123103135685 -0.207900296559318 -0.978149964148297
-0.000299344769375982 0.511047545710695 -0.859552393060356
-0.000379124020537779 0.592515914622857 -0.805558655334058
-0.000297168690044225 0.324039134316548 -0.946043630665178
-0.000357060723394106 -0.781534134542775 -0.623862379898095
-0.000434997392972819 0.406749237737788 -0.913539746468098
-0.000356115790392264 -0.406746336182729 -0.913541072521356
-0.000315772208515718 -0.743138021849787 -0.669138087967722
-0.000354396810801131 -0.713716887335335 -0.700434207570747
-0.000346944758448801 -0.281341580793672 -0.959607625306225
0.000390411829902401 -0.20790040281529 0.978149922091621
-0.000346757121025809 0.506801619355813 -0.862062641794565
-0.000327354160631443 0.86376995722494 -0.503886250888908
-0.00036169600902027 -0.377097445941639 -0.926173517997729
-0.000330053030866243 0.506603770423652 -0.862178932042263
-0.00031416133092357 0.593213199404078 -0.805045341179884
-0.0003395548043051 0.910482025568236 -0.413548504796833
-0.00029069553563311 -0.9269551850989 -0.375171960991715
-0.000356267719761251 -0.932739791158186 -0.360550072893482
-0.000318086496494779 0.416512079390405 -0.909130126298134
-0.000355741189229871 -0.638802416560107 -0.769370746808828
-0.000288474714923667 0.32385930741575 -0.94610520862245
-0.99955048402269 0.0219749975491962 0.0203943465872128
-0.000362347547320976 -0.639373431317163 -0.768896276509369
-0.000318771153376382 0.207921625590557 -0.978145437037219
-0.000333201139082464 0.745943080315837 -0.666009616977054
-2.1066640102769e-05 0.0211632043494812 -0.999776034088565
-0.00028267857588348 0.417929365037101 -0.908479480193421
-0.00031443874866502 -0.0803502138708873 -0.996766644836782
-0.000294653811001828 0.419747568370078 -0.907640838672731
-0.000398985100278217 -0.717399050087702 -0.696662359930657
-0.000361034891741651 -0.83969778622994 -0.543053862387835
-0.000356703300461111 -0.55829355098059 -0.829643407553052
-0.000336211712470225 -0.180908076725263 -0.983499951569521
-0.000312977116099063 0.507786736772492 -0.861482752005673
-0.000288706558132854 0.325487502753087 -0.945546298284797
-0.000365443578826661 -0.640370200643931 -0.768066320429585
-0.000351970236568389 0.747182968596122 -0.664618302153078
-0.000321139534213803 0.808967650600956 -0.58785307445872
-0.000325261475176575 -0.080017530586052 -0.996793403370971
-0.000346405867695705 -0.89185657894828 -0.452318165221832
-0.000295966643697484 0.507881874137083 -0.861426673795715
-2.04683560266378e-05 0.0216608435925084 -0.999765376193789
-0.00031068960102767 0.322106736152825 -0.94670330832682
-0.000310853741906823 0.224483132690264 -0.974477925100162
-0.000323144964592778 -0.781250055798119 -0.624218107629671
-0.000389031032935942 -0.715495590022908 -0.698617140723462
-0.000306197081564199 0.416304309098326 -0.90922529027162
-0.000370165494112323 -0.470142797895541 -0.882590285786366
-0.999549866541681 -0.0244543011358749 -0.0173796275122418
-0.000340095468747396 -0.96176868138692 -0.273862899711403
-0.000307249689701107 -0.838790712304794 -0.544453897542157
-0.000351881537052517 0.910571219532332 -0.413352065845552
-0.00028683038215976 -0.751696571449334 -0.659509046336477
-0.00033867094832809 0.863975962310451 -0.503532940185366
-0.000301380457009021 0.124481703157291 -0.992221857625038
-0.000381637513392532 -0.641793281757589 -0.766877589869226
-0.000306836697427845 0.673637304627106 -0.73906203235315
-0.000361951888702434 -0.469223575857949 -0.883079331005946
-0.00033380036160686 0.592953484291142 -0.805236644747563
-0.00036723005962938 0.809187327786441 -0.587550622237712
-0.000306027391672655 0.122580028541247 -0.992458585004968
-0.000301977474223406 0.222709447572673 -0.974884819233267
-0.000370856878312041 -0.379020930748155 -0.92538802484146
-0.000376016100912187 -0.556604335316028 -0.830777631210238
-0.000358349356214198 -0.714303008572931 -0.69983646913361
-0.000331506000236779 -0.179282073205712 -0.983797656192997
-0.000377792036218621 -0.715808632957552 -0.698296397138506
-0.000436842475657085 -0.787153887263492 -0.616756489171071
-0.000307066477032638 0.673627224376967 -0.739071220037935
-0.000309120675349461 -0.897311377194948 -0.441398002715138
-0.000295685501507562 0.226185098593348 -0.974084294989095
-0.000298383031531017 -0.889694810084538 -0.456555643789675
-0.000365999227636424 -0.471313489557152 -0.881965679947937
-0.00027870842575956 0.509658330317431 -0.860376841075852
-2.20691743348648e-05 0.0230451206696032 -0.999734425698283
-0.99955769153807 0.0254622101306699 0.0153654528845323
-0.000289553652710687 0.226007545329693 -0.974125508141907
-0.000377831824131795 -0.471079973737595 -0.882090423701845
-0.000272944233583341 -0.829636779291476 -0.558303447910106
-0.000315178629074798 0.320459022418041 -0.947262326714889
-0.000302974922478461 0.321842859536738 -0.946793051290202
-0.000347103304485166 -0.283287174068759 -0.959035065327349
-0.000318605589340553 -0.0819190764053125 -0.996638933321079
0.00034169265288996 -0.318487722851107 0.947926924208426
-0.000308537999194062 0.674716861673919 -0.738076595874169
-0.000355140380700551 -0.377353889351187 -0.926069066574865
-0.000383471509533727 -0.640161167085108 -0.768240543778987
-0.999547952845698 -0.022595069471826 -0.0198331237463284
-0.99955094388591 -0.0260524130726312 -0.0148048083364445
-0.000331801368513873 -0.0814688816226998 -0.996675830566287
-0.000363555850837586 -0.558076897878306 -0.829789156281082
-0.000397012259334944 -0.641545199648355 -0.767085131644082
-0.000301150376156953 0.224214269917379 -0.974539824980933
-0.000367438698211016 -0.378241724902387 -0.925706790799155
-0.000176954211688341 0.996242926692713 -0.0866025386576264
-0.000355501046952834 -0.37847357209977 -0.925612029330348
-0.000287234323788405 0.124225676062508 -0.992253948797008
-0.000296266660163519 0.595475738635153 -0.803373236374591
-0.000332421054428661 -0.182592289706727 -0.983188662076561
-0.000360976400108313 -0.379201234387368 -0.925314159372445
-0.000342226200273881 -0.713791909964256 -0.700357760113221
-0.000335216669881777 0.414919784267632 -0.909857934104598
-0.000280534104869594 0.325190936444048 -0.945648336410137
-0.000323063673872846 0.223079846180852 -0.974800122003373
-0.000298129351827221 0.417826610057274 -0.908526738762782
-0.000392845575077735 -0.368586514684322 -0.929593366405558
-3.3315107113909e-05 0.0203547500544868 -0.999792820058398
-0.000283300266921425 0.744962261638375 -0.667106549567306
-0.000312751238059826 0.123027992294805 -0.992403151596453
-0.000338487974830267 -0.18422666378171 -0.982883727496672
-0.000374467692705288 -0.559354626956038 -0.828928381150518
-0.000343657313503964 -0.17911430418902 -0.983828210580757
-0.000368958221584486 -0.472439744507618 -0.881362894430783
-0.000358366478805283 -0.282951345551683 -0.959134196879644
-0.000334208581828909 -0.0835709326872499 -0.996501774968016
-0.000273354662822631 0.995774892768731 -0.0918274915733363
-0.000372410186592181 -0.4693756979782 -0.882998479873058
-0.00034259062971324 -0.281076566027788 -0.959685285216819
-0.000377085943118196 -0.559102184280652 -0.829098670448093
-0.000298174539919194 -0.996242898003275 -0.0866025361636681
-0.000281124636520189 0.929490063537165 -0.3688470452025
-0.000200714931138463 0.995422545282245 -0.0955715232552748
-0.00032776144106379 0.0434548068115125 -0.999055339977427
-0.00032760306535561 -0.0760688286590253 -0.997102515282494
-0.000338031340469176 -0.181147668092237 -0.983455849583273
-0.000358221269973192 -0.278353388694751 -0.960478663313075
-0.000350610419521036 -0.170261549664849 -0.98539884401092
-0.999561218755568 0.0267985559453183 0.0126177398582129
-0.000345446689060913 -0.556705497798066 -0.830709858728059
-0.000355173203849795 -0.279802337504442 -0.960057563784092
-0.000333635661131686 -0.996126176840145 -0.0879347968729187
-0.000414856447174448 -0.466608004151176 -0.884464130621579
-0.000300237842559906 -0.187359804498647 -0.982291307869243
-0.000358685567606534 0.747008157227889 -0.664814774489599
-0.000383160771627049 0.869243550565907 -0.494383963117128
-0.000375371981665971 -0.375893328435351 -0.92666286465665
-0.000372538875863165 -0.376026364005904 -0.926608889870632
-0.000406607657619563 -0.717189720649216 -0.696877851036544
-0.000405390510151115 -0.368700826862915 -0.929548027768946
-0.000350470775360024 -0.280001774725558 -0.95999941839606
-0.000310478286718884 -0.0762036112199133 -0.997092229054202
-0.000327485928998564 0.320763818864083 -0.947159155190244
-0.000350920995731033 -0.183807689337959 -0.982962161120506
-0.000336440436542155 -0.278514151789158 -0.96043206634358
-0.000227512648801943 0.996451981122944 -0.0841629226806797
-0.999558347412922 0.0237403761396421 0.0178746932252444
-0.000265349573087655 -0.996454169435498 -0.084136899183505
-0.00034764227121405 -0.0833593645450154 -0.996519490771506
-0.0002979199289312 0.808767358002987 -0.588128618477782
-0.000316007494890075 0.997165307880374 -0.075241271248573
-0.000295235411355685 0.51076086460912 -0.859722776259764
-0.000339473665573285 -0.0825774426394653 -0.99658459285941
-0.000314022662960298 -0.782336355635752 -0.622856105405042
-0.00034448561391238 -0.637921764816694 -0.770101099403719
-0.000317779614032704 0.42136083445826 -0.906893018057122
-0.999554424927425 0.02367572203992 0.0181772328447987
-0.000331480648318652 0.59686010602319 -0.802345252343757
-0.000415433830685506 -0.469085203454879 -0.88315281764507
-2.86322324263031e-05 0.0199494841726647 -0.999800988827997
-0.000248141911590604 0.125934081269661 -0.992038580701556
-0.000336599518490787 -0.996261961147254 -0.086382819309117
-0.000236936754608704 0.99672310142607 -0.0808888307776199
-0.000403481213339078 -0.64290707442695 -0.765944078151069
-0.000312944460565693 0.808695970161084 -0.588226767421364
-0.000302095156444886 -0.996123567497756 -0.0879644644959474
-0.000351304878015592 -0.380497012455461 -0.924782082491519
-0.000313239772242497 -0.0787039743526498 -0.996897981892803
-0.000334599733671666 -0.182273589105387 -0.983247795195931
-0.000320722042402364 0.672354508412589 -0.740229229465195
-0.00041537696917745 -0.642633659733457 -0.766173483513726
-0.999589437367135 0.0112839532514339 0.0263368392764613
-0.000305611667400796 0.744893511126009 -0.66718330590916
-0.000358662000718348 -0.380170546694265 -0.9249163350205
-0.000374237283122351 -0.472186971290817 -0.88149834037828
-0.000329801228828831 -0.0785078885502009 -0.996913437900472
-0.000331887290524989 0.672848303187672 -0.739780407113014
-0.000283234063184804 0.126102852093049 -0.99201713214665
-0.000359898342574644 -0.58779413688832 -0.809010459211065
-0.000384205330835431 -0.560745069556061 -0.827988417403789
-0.000239836276382284 0.996821904495201 -0.079661993429242
-0.000344513916389197 -0.996242883168329 -0.0866025348740791
-0.000262005338203442 -0.996261522944457 -0.0863881314394217
-0.000303022483634912 -0.996188349360503 -0.0872277523255685
-0.000325195841979167 0.59655881817433 -0.802569293398465
-0.000340827429475801 -0.284213033761547 -0.958761093952357
-0.00039457442842321 -0.560430644672938 -0.828201265890421
-0.000342167457353421 -0.183545802395345 -0.983011099298721
-0.000342100229547065 -0.282625057331111 -0.959230399818531
-0.000222284703785389 0.995893520770936 -0.0905320157512189
0.000134381406781013 0.0250973504393159 -0.999685002859683
-3.48261435554351e-05 0.0228372728601516 -0.999739194868067
-0.000351195982452005 -0.182974033772698 -0.983117683508098
-0.000348994143850619 -0.0820387145920666 -0.996629082212218
-0.000355226829074754 -0.28230121917626 -0.959325750444288
-0.000334890594701599 -0.996194051925519 -0.0871624847999695
-0.999939330145225 -0.00421765708963288 -0.0101758241628076
-0.000334620209310965 -0.284653895335692 -0.958630297820558
-0.000302197405377642 0.420938498579351 -0.907089129628665
-0.000232143351891651 0.99658088013374 -0.0826226086572232
-8.1522381324071e-05 0.0249452714991825 -0.999688814973906
-0.000272788101247394 0.228003028057541 -0.97366038472521
-0.00035945038989626 -0.473768592645353 -0.880649301037739
-0.000323705766124388 0.121388285458354 -0.992605047019235
0.000348304433336777 -0.216352899033698 0.976315165181683
-0.00026664877629081 0.227723498928218 -0.973725801719519
-0.000334905526010501 -0.186779864180458 -0.982401735633146
-0.000270857829013087 0.130906441998203 -0.991394689354047
-0.000184510704138458 0.128602749775986 -0.991696172578
-0.000323686109722302 0.221293697991859 -0.975207154637613
-0.000450977535705252 -0.786667201707669 -0.617377121682272
0.000374934982140082 -0.110701121586918 0.99385367187688
-0.000250089101767311 -0.969988615174182 -0.243150208488321
-0.000348504916701676 0.511609585751556 -0.859217964378914
-0.000340590361290789 -0.99625287228592 -0.0864875624599341
-0.000240380338964064 0.996774321945883 -0.0802551763228886
-0.000335950875024912 0.121806452940316 -0.992553814742107
-0.999598803560576 -0.0244860508499782 -0.014236054019172
-0.000392949421070084 -0.721325257232064 -0.692596360710803
-3.2280755800148e-05 0.0196005991800514 -0.999807889281604
-0.00037371852346882 -0.496855902139713 -0.867832975199374
-0.000269711950578425 -0.996418183923551 -0.0845619891083188
-0.000362529267515259 -0.931374955011047 -0.364061206050164
-0.000291033012008604 -0.705419459411342 -0.708790026441961
-3.48796207421492e-05 0.0192428975751909 -0.999814837695622
-0.000291650186809468 0.328957810945636 -0.944344573531306
-0.000379005493826164 -0.566684035282529 -0.823935106977938
-0.000334585722631145 0.221736140605371 -0.975106646476081
-0.000354051339803576 -0.386064238083294 -0.922471830854912
0.000332179431266384 -0.317885307675752 0.948129116112736
-0.000270767976313274 -0.99631148698296 -0.0858099504166345
-0.000342230773632646 -0.473368434484126 -0.880864466369342
-0.000270908673314359 -0.996390833806799 -0.0848836433848245
-0.999627039786663 0.00799178343753969 0.0261134586916637
-0.000366218216553181 0.1107766077947 -0.993845264138093
-0.000279095606451466 -0.899006175310624 -0.437935861581357
-0.000349527110322002 0.119712325246148 -0.992808560103588
-0.000260345652731106 0.945677599444129 -0.325105844502573
-0.000297666197380695 0.912799895304095 -0.408406981487424
-0.000316641626776871 -0.890884834628409 -0.454229139495908
-0.000273771879287813 0.967912941758476 -0.251285618819325
-0.000325725031417751 -0.969610847424646 -0.244652198967564
-0.999920070193892 0.00260110905272078 0.0123728515362807
-0.000342396085662061 -0.60893491071815 -0.793220119054982
-0.000354935764961149 -0.996935071328429 -0.0782325864073427
-0.000257350354785792 -0.995401307130764 -0.0957923354614599
-0.000300680139302817 0.975202059030214 -0.221316184800582
-0.000265163902249745 0.936971075874475 -0.349406829731093
-0.000230502791230846 0.970857356852006 -0.239657963595622
-0.000340427674438288 0.215934639082574 -0.97640776100627
-0.000353830332075818 0.120007929228729 -0.992772870160304
-0.000394857214359481 0.860046181761367 -0.510216041815106
-0.999614095693173 -0.00339639441069025 -0.0275703499529215
-0.000327055460637565 0.997012918011259 -0.0772342822417574
-0.000402220365020028 0.861195258701048 -0.50827410381566
-0.000281954222790673 -0.752974291553793 -0.658049874067976
-0.99961199988829 -0.0193602785896861 -0.0200257157740741
-8.49991085865926e-05 0.0161473443313884 -0.999869619523563
-0.99959253856499 -0.012089496480612 -0.0258573185006726
-0.000279091678879026 -0.92351793856189 -0.383555131972228
-0.000412461183657813 0.411805755323453 -0.911271556539681
-9.13148712077664e-05 0.0161933935383364 -0.999868874236671
-0.000330681713998857 0.92393776939064 -0.38254266290579
-0.000236501191360838 0.201514577219466 -0.979485486995722
-0.000184965374837712 0.996623963827236 -0.0821014038436525
-0.000429565823742522 -0.50285234318468 -0.864372220994451
-0.000185619324126082 0.996184106541111 -0.0872765227329482
-0.999893432574181 -0.00370852393828846 -0.0141198564164635
-0.000351092757556127 -0.313659291642374 -0.949535531457501
-0.000434086871384347 -0.934224236924486 -0.356685977733144
-0.000308463927473396 0.91089291086914 -0.412642714437502
-0.000226136012502408 0.971652040580971 -0.236415441325938
-0.000386079654194687 0.995838892942597 -0.0911304024207206
-0.000272659616064351 -0.0921023907270345 -0.995749504282628
-0.000364703860988236 -0.996605422920047 -0.0823255610211527
-0.000329370974573192 0.915758191574619 -0.401729792371371
-0.000280141522618304 -0.995726649830479 -0.0923491220212658
-0.000384044006175111 -0.923082736220725 -0.384601241029538
-0.000264682490638461 -0.996855213154004 -0.0792440152368841
-0.0004071854273215 -0.551081964196016 -0.834451018896788
-0.000282047454582035 -0.99452098625337 -0.104536732065137
-0.000301798518403442 -0.70489291812252 -0.709313670316858
-0.000295297227975797 -0.994522808653035 -0.104519356429443
-0.000247554655339422 -0.997136555038544 -0.0756216194124251
-0.000304810373787113 0.974812830681572 -0.223024331025155
-0.000350163717520588 -0.997334337514654 -0.0729664073363699
-0.000238405547223249 0.997042921004277 -0.076846319612933
-0.000335199255008568 -0.981177162883427 -0.193109457762916
-0.000280057750639307 -0.996914390354679 -0.0784959863395302
-0.000255170570145482 -0.923459187230243 -0.383696578572235
-0.000289915076532093 0.97434169813975 -0.225073701741001
-0.999706068093071 0.0234528537114782 0.00614337616297948
-0.000235196164314718 0.913330538311316 -0.407218949056556
-0.00041287433222462 -0.974450767703548 -0.224600825592319
-0.000245427502465221 0.907539429565623 -0.419966812437654
-0.000248327547866498 0.996487897102127 -0.0837365467547461
-0.999497137111627 0.0286633388879755 0.0135604538808815
-0.000294933291086716 0.997384933457722 -0.0722717616077582
-0.000201101133303292 0.997384106020595 -0.0722835016849135
-0.000376738253173537 -0.996994691644345 -0.0774689802520104
-0.000303014666529141 0.926943792153788 -0.375200099106686
-0.000354090818738245 0.809122479528189 -0.58763993035008
-0.999482624446635 0.00316865309675803 0.0320069221703517
-0.000274547695976558 -0.997064984486792 -0.0765593974239352
-0.999999965546159 -0.000261826529769538 1.88294883430272e-05
-0.000264352688867463 0.971364400897083 -0.237594467081007
-0.00023787461075153 0.910070965153783 -0.414452387856231
-0.000259509957668983 0.968644383964859 -0.248451182464323
-0.000313741896436226 0.970595028194303 -0.240718077448543
-0.000158863101250323 -0.968049713351859 -0.250758304432571
-0.000337407083956121 0.99762047399998 -0.0689440063567117
-0.000178074796326194 0.997018441969544 -0.0771634282674728
-0.000261169734546838 -0.870295859984083 -0.492529235563671
-0.999294777421665 0.0190023781108056 0.0323860686703151
-0.000304129300166087 -0.912350311413906 -0.409410328116327
-0.000341654776129584 -0.809576197281472 -0.587014705154211
-0.999608567680349 -0.0230819860678171 -0.0158092801609056
-0.00019327283286714 0.975176636847234 -0.221428294472343
-0.999513289704618 0.0229203458773725 0.0211622647349831
-0.000247071846514339 -0.971166068388767 -0.238403872799514
-0.000427862016138156 0.500756557453043 -0.865588058548564
0.000252348562175253 -0.00665970521568729 -0.999977792076726
-0.00034669377864769 0.103635803592519 -0.994615252254437
-0.000295037341171097 -0.103405853966538 -0.994639202082051
-0.000332352936065446 -0.638541239169473 -0.769587535905721
-0.000325330224328846 0.997398283726394 -0.0720871540559646
-0.000342202414438409 0.827758650094713 -0.561084218358427
-0.000338512984056593 -0.406726281082506 -0.913550008311397
-0.00027112806812508 -0.996677205583788 -0.081452282713632
-0.000301927066625729 0.975919660276182 -0.218130065617898
-0.00027970063603264 -0.966705598278758 -0.255891008095364
-0.000312996678275298 -0.970438843882666 -0.241346954231358
-0.00025753980875313 0.975872816694716 -0.218339596293406
-0.999395845422948 -0.0329126576714441 -0.011166965404854
-0.000338540276416334 -0.607345714391286 -0.794437580053348
-0.000271432856456632 0.97169816580734 -0.236225741380686
-0.000338655925760828 -0.962194633562906 -0.272362575356652
-0.000259831703005321 0.996583145942974 -0.0825951918085554
-0.00037452360559864 -0.439165738782377 -0.898405984848608
-0.000241490675367162 0.971948641926753 -0.235193067795364
-0.999776634620265 -0.0050452829824339 -0.0205237907561918
-0.000307791659406012 -0.970926415199324 -0.239377947047099
-0.000289567630972795 -0.996603129198824 -0.0823536217885937
-0.000288682119553833 -0.964051727511985 -0.265714477106144
-0.000285285868814518 -0.925177325988887 -0.379535023532778
-0.000362834382183654 -0.925486109437675 -0.378781374395742
-0.999819817870096 0.00419227171941828 0.0185136882343327
-0.000505078439839247 -0.975544462449601 -0.219801607545731
-0.000211215118348421 -0.973405593202193 -0.229088425091407
-0.00027435825245771 0.997561550288139 -0.0697916765400675
-0.000246576548766201 -0.924400380076412 -0.38142348710402
-0.999968239513172 0.00152937869676753 0.0078218262400649
-0.000274593263834838 0.938432331100183 -0.345463000253887
-0.000426213080955537 -0.935075138154912 -0.354449297286625
-0.000174157517985951 0.975809965471914 -0.218620403793564
-0.00022669389300329 -0.996577729280617 -0.0826606200785369
-0.000420976272024501 -0.968300815209942 -0.249786617020891
-0.000363278771293298 -0.997207917376484 -0.0746742094045215
-0.000304731330221652 -0.998360195583744 -0.0572435761706535
-0.999971438974215 -0.000814992616913204 -0.0075137888492693
-0.000359843041186142 0.736130290480837 -0.676839763865558
-0.000189967866079441 0.996995118654228 -0.0774641677929401
-0.000263270914483995 0.968690801591213 -0.248270138359408
-0.999971323449587 -0.00453003488986777 -0.00606886005589196
-0.000263298486664135 0.975785954362049 -0.218727460424273
-0.000442196187788173 -0.973627405585286 -0.228143550326972
-0.000228715907538716 -0.972520344007121 -0.232817800396156
-0.000384548674219625 -0.975221943131276 -0.221228419868641
-0.000215865249056133 -0.917807755210521 -0.397025034321033
-0.000193179292308252 0.973419616622729 -0.229028846776603
0 -0.000169399701305848 0.99999998565187
0 -0.000208699532779713 0.999999978222252
0 -0.000202900522170071 0.999999979415689
-0 -0.99999994413355 -0.000334264711795086
0 -0.000123756660248529 0.999999992342145
-0 -0.999999942120601 -0.000340233441097915
0 -0.000134807544466795 0.999999990913463
0 -0.000206777254006312 0.999999978621583
0 -0.000298935266359035 0.999999955318852
-0 -0.999999944289921 -0.000333796576732636
0 -0.000315875836690258 0.999999950111227
0 -0.000201022131963489 0.999999979795051
0 -0.000175701946334862 0.999999984564413
-0 -0.99999994477814 -0.000332330733364394
0 -0.00017581898738362 0.999999984543842
-0 -0.999999943034788 -0.000337535807356797
-0 -0.999999940288612 -0.000345576001527153
0 -0.000335639867634708 0.999999943672938
0 -0.000335961697756646 0.999999943564867
0 -0.000350699148176412 0.999999938505052
-0 -0.99999994258753 -0.000338858285264684
0 -0.000308283288265069 0.999999952480706
0 -0.00032616016897038 0.999999946809771
-0 -0.999999961088864 -0.000278966432292609
0 -9.78659295330499e-05 0.99999999521113
-0 -0.999999940991267 -0.000343536696368655
0 -0.000244985763780852 0.999999969990987
-0 -0.999999940097365 -0.000346128974239576
0 -0.000326599025585872 0.999999946666537
0 -0.000218796582195626 0.999999976064028
0 -0.000301521683186457 0.999999954542336
0 -0.000138005473268122 0.999999990477245
0 -0.000352475121895097 0.999999937880642
-0 -0.99999994306342 -0.000337450969700454
0 -0.000356503993729765 0.999999936452449
0 -0.000336968195414406 0.999999943226216
0 -0.000355134716892862 0.999999936939665
0 -0.000288958154429559 0.999999958251592
0 -0.000256756428547875 0.999999967038068
-0 -0.999999941795625 -0.000341187260824241
-0 -0.999999942845015 -0.000338097569429594
-0 -0.999999938327409 -0.000351205321932369
0 -0.000338486716703024 0.99999994271337
0 -0.000336620026329139 0.999999943343477
0 -0.000260238148540262 0.999999966138053
0 -0.000317177854635334 0.999999949699103
0 -0.000316300083188532 0.999999949977127
-0 -0.999999945050055 -0.00033151151883125
-0 -0.999999952839016 -0.000307118815000635
-0 -0.999999943064412 -0.000337448030213904
0 -0.000354297923667626 0.999999937236489
-0 -0.999999948580271 -0.000320685913617112
-0 -0.999999941119855 -0.000343162188322241
-0 -0.999999940953068 -0.000343647872987939
0 -0.000364163829832342 0.99999993369235
-0 -0.999999942601405 -0.000338817336179843
0 -0.000157959684505159 0.999999987524369
0 -0.000274738606639738 0.999999962259348
0 -0.000361714917460301 0.999999934581157
0 -0.000341927487562665 0.999999941542795
-0 -0.999999958564662 -0.000287872669000456
0 -0.000357188661251291 0.999999936208128
-0 -0.999999943210445 -0.000337014994368598
-0 -0.999999946622566 -0.000326733630788212
0 -0.000173235469575849 0.999999984994736
0 -0.000165186500018576 0.99999998635671
0 -0.000212985871883973 0.999999977318509
0 -0.00020584975864462 0.999999978812938
0 -0.000354900634814801 0.999999937022768
-0 -0.999999946537453 -0.000326994022733099
-0 -0.999999939514653 -0.000347808410572909
-0 -0.99999994929648 -0.000318444715154859
0 -0.000193605137620108 0.999999981258525
-0 -0.999999956779599 -0.000294008163135313
-0 -0.999999943184803 -0.000337091071772983
0 -0.000203631974143693 0.999999979267009
-0 -0.99999993652231 -0.000356307979457303
0 -0.000368160541888071 0.999999932228905
-0 -0.999999940967139 -0.000343606923903299
-0 -0.999999939680407 -0.000347331515265037
0 -0.000318210662171951 0.999999949370986
-0 -0.999999941938289 -0.000340768864205625
-0 -0.999999956356205 -0.000295444728019479
-0 -0.999999950086264 -0.000315954853582828
-0 -0.999999941591805 -0.000341784122110422
-0 -0.999999946923279 -0.000325811970777545
-0 -0.999999949546795 -0.000317657689444157
-0 -0.999999940406851 -0.000345233682314177
-0 -0.99999994767558 -0.000323494724024818
0 -0.000198892124603514 0.999999980220961
-0 -0.999999948196739 -0.000321879665317275
-0 -0.9999999573395 -0.000292097584223441
0 -0.000337222737487366 0.999999943140411
-0 -0.999999942467505 -0.000339212304218422
-0 -0.999999946966159 -0.000325680334165495
-0 -0.999999940956078 -0.000343639112736001
-0 -0.999999942139522 -0.000340177823684253
0 -0.000345695967501949 0.999999940247147
0 -0.000360044270507378 0.999999935184059
0 -0.000334384677771266 0.999999944093442
0 -0.000176120342982087 0.999999984490812
0 -0.000345558451919485 0.999999940294676
-0 -0.999999936852359 -0.000355380469605363
-0 -0.999999938514289 -0.000350672809213137
-0 -0.999999942281754 -0.000339759456169032
0 -0.000284563563884157 0.999999959511788
-0 -0.999999950204522 -0.000315580345526202
0 -0.000343800027795671 0.999999940900769
-0 -0.999999936693164 -0.000355828144667216
-0 -0.999999940237035 -0.000345725216848057
-0 -0.999999949625772 -0.000317408968131866
-0 -0.999999950127856 -0.000315823187865702
0 -0.000294245155595968 0.999999956709893
-0 -0.999999943749506 -0.000335411664525031
0 -0.000188013870089202 0.999999982325392
-0 -0.999999940436136 -0.000345148844658503
0 -0.000196779666849578 0.999999980638881
-0 -0.999999963012766 -0.00027198247420442
0 -0.000338826096431824 0.999999942598437
-0 -0.999999940085205 -0.000346164102558717
-0 -0.999999942311574 -0.000339671679026338
0 -0.000337497768654623 0.999999943047627
0 -0.000189105205465466 0.99999998211961
0 -0.000316894034106594 0.999999949789084
-0 -0.999999962001681 -0.000275674876759163
0 -0.000261771309068225 0.99999996573789
-0 -0.999999940369467 -0.000345341948550568
0 -0.000327769377801859 0.999999946283616
0 -0.000312505293279426 0.99999995117022
-0 -0.999999948717163 -0.000320258756737843
-0 -0.999999951189427 -0.00031244382599484
-0 -0.999999945536855 -0.000330039825590358
0 -0.00033237171155333 0.999999944764521
0 -0.0001570614530192 0.99999998766585
0 -0.000358645715226141 0.999999935686623
0 -0.000212994661240173 0.999999977316637
0 -0.000304599674951139 0.999999953609518
-0 -0.999999952687031 -0.000307613289039495
0 -0.000362428805219743 0.999999934322678
-0 -0.999999950409292 -0.000314930806296185
0 -0.000284092489341509 0.999999959645728
-0 -0.999999940188467 -0.000345865671917021
-0 -0.999999939377192 -0.000348203407711655
0 -0.000360524105295291 0.999999935011183
0 -0.000338258484490176 0.999999942790597
-0 -0.999999962184557 -0.00027501069831984
-0 -0.999999956148493 -0.000296146945148578
0 -0.000346000248012917 0.999999940141912
0 -0.000289862235705281 0.999999957989941
0 -0.000216397408102322 0.999999976586081
-0 -0.999999957877067 -0.000290251382973208
0 -0.000362346907052089 0.999999934352357
-0 -0.999999959873154 -0.000283290824428356
0 -0.000321987902452368 0.999999948161894
-0 -0.999999945569682 -0.000329940348708176
-0 -0.999999955745529 -0.000297504522244647
0 -0.000208164095093778 0.999999978333854
0 -0.00028297190469256 0.99999995996345
0 -0.000336704863985554 0.999999943314916
0 -0.000258441685682728 0.999999966603947
0 -0.000263553132695881 0.999999965269872
0 -0.000278138428412484 0.999999961319506
-0 -0.999999946910884 -0.000325850009480161
0 -0.000298865038825554 0.999999955339843
0 -0.000348139030046554 0.999999939399606
-0 -0.99999993972613 -0.00034719984955202
0 -0.000309202008804495 0.999999952197058
-0 -0.999999945630487 -0.00032975600506516
0 -0.000239520283180951 0.999999971315016
-0 -0.999999944908356 -0.000331938675705816
0 -0.000326034353123885 0.999999946850799
-0 -0.999999949583038 -0.000317543573335401
-0 -0.999999950250682 -0.000315434040583621
-0 -0.999999942002082 -0.000340581610181904
-0 -0.999999951948851 -0.000310003702850772
0 -0.000300831194861663 0.999999954750295
-0 -0.999999943327723 -0.000336666825283348
0 -0.000352984235136607 0.999999937701063
0 -0.000335628167896144 0.999999943676865
-0 -0.999999939212036 -0.000348677392636405
-0 -0.999999941032473 -0.000343416730393592
0 -0.000350687448438029 0.999999938509155
0 -0.000192253410290016 0.999999981519313
0 -0.000345959298928376 0.99999994015608
0 -0.000324220340654858 0.999999947440584
0 -0.000349403009248001 0.999999938958767
0 -0.000208418651730302 0.999999978280833
0 -0.000344449567007141 0.999999940677246
-0 -0.999999940399777 -0.000345254171408377
0 -0.000322587703236551 0.999999947968585
0 -0.000218542040112708 0.999999976119688
-0 -0.999999941641799 -0.00034163781717162
0 -0.000347893277332176 0.999999939485132
-0 -0.999999955416762 -0.000298607557271971
0 -0.000297156353167063 0.99999995584905
-0 -0.999999950291278 -0.000315305314353043
0 -0.000329062577272233 0.999999945858909
0 -0.000350892252067358 0.999999938437312
0 -0.000209966422436221 0.999999977957051
0 -0.000205609841233482 0.999999978862296
0 -0.000183156979457772 0.99999998322676
0 -0.000192826872133446 0.999999981408899
0 -0.000263360028800906 0.999999965320747
0 -0.000299570155087108 0.99999995512886
0 -0.000286187411906123 0.999999959048382
0 -0.000297211941475872 0.99999995583253
0 -0.000207736923649958 0.999999978422685
0 -0.000341055595110389 0.999999941840539
0 -0.000334340789199681 0.999999944108117
-0 -0.999999951501563 -0.000311443207286319
0 -0.000192033967420525 0.999999981561477
-0 -0.999999947862817 -0.000322915412335821
0 -0.000205323110313979 0.99999997892121
0 -0.000281260279523911 0.999999960446327
0 -0.00019527872419178 0.99999998093311
0 -0.000347410503051307 0.999999939652969
0 -0.000206118939955383 0.999999978757491
0 -0.000226588084482868 0.99999997432892
0 -0.000201200611192937 0.999999979759157
0 -0.000209992746849129 0.999999977951523
0 -0.000193072639416014 0.999999981361478
0 -0.00029466940207736 0.999999956584971
0 -0.000204588733406338 0.999999979071725
0 -0.000334124285828288 0.999999944180479
0 -0.000204650171588574 0.999999979059153
0 -0.000200144389593716 0.999999979971111
0 -0.000292949016674167 0.999999957090436
0 -0.000339472696160062 0.999999942379143
0 -0.000216622686286132 0.999999976537306
0 -0.000344657281020502 0.999999940605678
0 -0.000312832973278018 0.999999951067764
0 -0.000206777254006312 0.999999978621583
0 -0.000223238001020859 0.999999975082397
0 -0.000279443356706535 0.999999960955704
0 -0.000207748637940958 0.999999978420252
0 -0.000301855242161664 0.999999954441705
0 -0.000192180257816217 0.999999981533374
0 -0.000218544965047459 0.999999976119049
0 -0.000201405414835412 0.999999979717929
0 -0.000295754887500004 0.999999956264522
0 -0.000208600055893708 0.999999978243008
0 -0.000310173378167976 0.999999951896237
0 -0.000201095284436906 0.999999979780343
0 -0.000251513315791387 0.999999968370526
0 -0.000227670645028681 0.999999974083038
0 -0.000194316115054214 0.999999981120624
0 -0.000335587189707342 0.999999943690617
0 -0.000228094891532202 0.99999997398636
0 -0.000305688070811587 0.999999953277401
0 -0.00021714055980874 0.999999976424988
0 -0.000218261159065067 0.999999976181033
0 -0.000187674475788295 0.999999982389146
0 -0.000208769745766101 0.999999978207596
0 -0.000338802696954772 0.999999942606365
0 -0.000203134589712048 0.999999979368169
0 -0.00028752449991993 0.99999995866483
0 -0.000340262690444188 0.999999942110649
0 -0.000200469144666323 0.999999979906061
0 -0.000247782874463686 0.999999969301823
0 -0.000277848758021527 0.999999961400033
-0.000209006738241999 -0 0.999999978158091
-0.000181304928195083 0 0.999999983564261
-0.00018880969973875 -0 0.999999982175448
-0.000192499177572664 -0 0.999999981472033
-0.000217801798789808 -0 0.999999976281188
-0.000180383282689308 0 0.999999983730935
-0.000204269813652185 -0 0.999999979136921
-0.000206628038677123 0 0.999999978652427
-0.000176626516777772 0 0.999999984401537
-0.000223890465195037 -0 0.99999997493653
-0.000214694572204801 -0 0.99999997695312
-0.000212456298620928 -0 0.99999997743116
-0.000227828649711937 -0 0.999999974047053
-0.000207886153530958 -0 0.999999978391673
-0.000209790868142506 0 0.999999977993896
-0.000234976462586456 -0 0.999999972393031
-0.000229648512087569 -0 0.99999997363078
-0.000200984093259387 0 0.999999979802697
-0.000218155832310166 -0 0.999999976204016
-0.000195770258756177 -0 0.999999980837003
-0.000203596874926345 -0 0.999999979274156
-0.000206917694531168 -0 0.999999978592534
-0 9.10048471138487e-05 0.999999995859059
-0 7.34205675893627e-05 0.99999999730471
-0 5.67228197721007e-05 0.999999998391261
-0 8.41613142913745e-05 0.999999996458437
-0 5.62985768755439e-05 0.999999998415235
-0 0.000122314216236185 0.999999992519616
0 0.000113925844913957 0.999999993510451
-0 0.000106377184545834 0.999999994341947
-0 9.25789423161214e-05 0.99999999571457
-0 3.17391058910495e-05 0.999999999496315
-0 0.00012419260651489 0.999999992288098
-0 8.56505645556987e-05 0.99999999633199
-0 0.000136165121704899 0.99999999072953
-0 4.09496387530905e-05 0.999999999161564
-0 -0.000141031529399587 0.999999990055054
0 5.2301882461821e-05 0.999999998632257
0 2.25837993638713e-06 0.99999999999745
0 8.9760997067082e-06 0.999999999959715
0 7.58340183871064e-06 0.999999999971246
0 0.000255591926198271 0.999999967336383
-0 0.000106438630006842 0.999999994335409
-0 0.000180365733080399 0.999999983734101
0 0.000294549436103836 0.999999956620314
-0 1.97812132644183e-05 0.999999999804352
-0 2.25344247098375e-05 0.9999999997461
-0 3.18678430469007e-05 0.99999999949222
-0 4.73981817244382e-05 0.999999998876706
-0 8.17796823860762e-05 0.999999996656042
0 0.00016540300340447 0.999999986320923
-0 -1.04046393966026e-05 0.999999999945872
-0 7.71799022890923e-06 0.999999999970216
-0 2.12441318533175e-05 0.999999999774343
-0 -1.81054401734738e-05 0.999999999836097
-0 4.97355586042646e-06 0.999999999987632
-0 0.000147087265077586 0.999999989182668
-0 -1.62420485594125e-06 0.999999999998681
-0 -0.000100646203863578 0.999999994935171
-0 -3.63187718664114e-05 0.999999999340474
-0 -8.36909818442477e-05 0.99999999649791
-0 -6.30462817409644e-05 0.999999998012583
-0 4.81033093263322e-05 0.999999998843036
-0 0.000271540649003202 0.999999963132837
-0 -5.91933257954768e-06 0.999999999982481
-0 9.56978833693837e-05 0.999999995420958
-0 0.000142786286596308 0.999999989806038
-0 -1.58203620210981e-05 0.999999999874858
-0 -5.61797151013027e-06 0.999999999984219
-0 1.87045061433332e-05 0.999999999825071
-0 -1.04163427744231e-05 0.99999999994575
-0 7.35226058148465e-06 0.999999999972972
-0 -4.06724138547463e-05 0.999999999172877
-0 1.46785550880498e-05 0.99999999989227
-0 7.91756899408361e-05 0.999999996865605
-0 0.000188897476886711 0.999999982158872
-0 -1.22479159463091e-05 0.999999999924994
-0 -7.82723361556874e-05 0.999999996936721
0 2.45298451699324e-05 0.999999999699143
0 0.000235865919227015 0.999999972183634
-0 0.000236094136894479 0.999999972129779
-0 0.000480732067383825 0.999999884448333
0 1.12582520152642e-05 0.999999999936626
-0 -4.10498468790792e-05 0.999999999157455
-0 0.000151610611359649 0.999999988507111
-0 0.000211332774425644 0.999999977669229
-0 -1.88193444012866e-05 0.999999999822916
-0 6.68871797056342e-05 0.999999997763053
-0 0.000237685781592434 0.999999971752734
-0 0.000163167669244824 0.999999986688156
-0 7.3563933057031e-05 0.999999997294174
-0 2.21482150609764e-05 0.999999999754728
0 2.21365116831626e-05 0.999999999754988
-0 2.8318803731522e-05 0.999999999599023
-0 3.76375901129801e-05 0.999999999291706
0 1.4315751285164e-05 0.99999999989753
-0 0.000297431384328417 0.999999955767285
0 0.00019665094061494 0.999999980664204
-0 4.71465609210892e-05 0.999999998888601
-0 0.000373304148402322 0.999999930322004
-0 1.64691664372588e-05 0.999999999864383
-0 0.000406799130042391 0.99999991725723
-0 2.18205204821864e-05 0.999999999761932
-0 0.000267716609825016 0.999999964163908
-0 3.82637190061372e-05 0.999999999267944
-0 0.000147894809034918 0.999999989063563
-0 -1.12619090934593e-05 0.999999999936585
-0 2.06414097148491e-05 0.999999999786966
-0 -5.52434448755531e-06 0.999999999984741
-0 0.000260679973745466 0.999999966022975
-0 0.000367642668403199 0.999999932419432
-0 0.000159232424066843 0.999999987322517
-0 0.000431197681048872 0.999999907034276
-0 -8.46773582422084e-06 0.999999999964149
-0 0.000106754617564682 0.999999994301726
-0 4.28660604999984e-05 0.99999999908125
-0 2.35116549382426e-05 0.999999999723601
-0 4.88376935536165e-05 0.99999999880744
-0 -2.22835351395742e-05 0.999999999751722
-0 4.50516599355349e-05 0.999999998985174
0 0.000194035234002362 0.999999981175164
-0 1.72295176525694e-06 0.999999999998516
-0 -1.1908518899028e-05 0.999999999929094
-0 3.65989180618717e-05 0.99999999933026
-0 6.01222791363446e-06 0.999999999981927
-0 1.47926621122865e-05 0.999999999890589
-0 1.26743570934929e-05 0.99999999991968
-0.999999987905018 -0.000155531231877518 -0
0.99999999977935 2.1007139362067e-05 0
0.999999998969527 -4.53976389949855e-05 -0
-0.999999977404422 -0.000212582114471469 -0
-0.999999987612947 -0.000157397922390634 -0
0.999999999913368 1.3162971298467e-05 -0
-0.999999986065184 -0.000166941999343362 0
-0.999999979709678 -0.000201446378474287 0
0.999999998991458 -4.49119506358302e-05 -0
-0.999999980915968 -0.0001953664867875 0
-0.999999982305584 -0.000188119196846037 0
0.999999998898888 -4.69278529118903e-05 -0
-0.999999992856081 -0.000119531744586402 -0
0.999999999803831 1.98075449550085e-05 -0
-0.99999999125995 -0.000132212326870529 -0
0.999999998356346 -5.73350515845806e-05 -0
-0.999999975769933 -0.000220136624316444 0
3.27730231218143e-06 0.99999999999463 -0
4.94938103050541e-05 0.999999998775182 -0
-0.999999979639477 -0.000201794562128725 0
-0.999999990575512 -0.000137291570879223 -0
-0.999999989280566 -0.000146420176201237 -0
0.999999999871421 1.60361432769904e-05 -0
2.49548229398502e-05 0.999999999688628 -0
-6.28904816614985e-05 0.999999998022394 -0
-0.999999981472033 -0.000192499177572664 0
-3.63355938803821e-05 0.999999999339862 -0
4.94118866605977e-05 0.999999998779233 -0
0.99999999939742 -3.47154127457539e-05 0
-0.99999998768193 -0.00015695903664361 -0
0.999999999669581 -2.57067622357324e-05 -0
-0.999999987593138 -0.000157523723693104 0
5.65099652711e-05 0.999999998403312 -0
-0.999999987581151 -0.000157599801103085 0
-0.999999991668206 -0.000129087521433977 0
0.999999999938676 -1.10746559578304e-05 -0
-8.85676196212993e-05 0.999999996077888 -0
0.99999999905291 -4.35221808899576e-05 -0
0.999999999700792 2.44625516570088e-05 -0
-0.999999990814194 -0.000135541921400582 -0
-0.000112773064039655 0.999999993641118 -0
-0.000114554902369092 0.999999993438587 -0
8.83639131609079e-06 0.999999999960959 -0
8.59939882470862e-06 0.999999999963025 -0
-0.999999976649355 -0.00021610481276335 -0
0.999999998240815 -5.93158437234421e-05 -0
0.999999999930902 1.17556446631232e-05 -0
-0.999999989488182 -0.000144995296363198 -0
-0.000115265879829237 0.999999993356888 -0
-1.21974453568349e-05 0.999999999925611 -0
0.999999999982843 -5.8578898459832e-06 -0
-0.000105458478497181 0.999999994439255 -0
0.999999997761634 -6.69083891219371e-05 -0
-0.999999972364834 -0.000235096428565658 0
-0.999999989052743 -0.000147967946958455 0
0.99999999973281 2.31166668465529e-05 0
0.999999999984534 5.56164877698886e-06 -0
-0.999999987202033 -0.000159987290088554 -0
-7.82335698538751e-05 0.999999996939754 -0
0.999999999702632 -2.43872109349708e-05 -0
-0.999999989203313 -0.000146946839100185 0
0.999999999568016 -2.93933171506424e-05 -0
-0.999999990486932 -0.00013793526027915 -0
-0.99999998837008 -0.000152511767782741 0
-0.999999991720997 -0.000128677914134335 -0
-4.78809451484746e-05 0.999999998853708 -0
-8.88865393916781e-05 0.999999996049592 -0
0.999999999688993 -2.49401946270805e-05 -0
-0.9999999857449 -0.000168849638933816 0
0.999999999722275 -2.35679763070977e-05 -0
-0.999999985119164 -0.000172515717329004 0
0.999999999596346 -2.84131619877277e-05 -0
-0.99999998444182 -0.000176398299101911 0
-0.999999990015506 -0.000141311668311274 -0
4.51021296153718e-05 0.999999998982899 -0
0.999999997488361 7.08750883898329e-05 -0
-0.999999990343123 -0.000138973932302539 -0
-0.000105672064229375 0.999999994416708 -0
-3.32312811040766e-05 0.999999999447841 -0
0.999999998935783 -4.6134951795481e-05 -0
-0.999999988908538 -0.000148939330923582 -0
0.999999999998964 1.43914564887233e-06 -0
-1.22384071792042e-05 0.999999999925111 -0
0.999999999993217 3.68326209352065e-06 -0
-0.999999989081298 -0.000147774843049708 -0
0.999999998192634 6.01226419171536e-05 0
-6.70451698482058e-05 0.999999997752473 -0
-4.04025085697347e-05 0.999999999183819 -0
-0.99999998879451 -0.000149702971753481 -0
0.999999999437879 3.35297190570388e-05 0
-0.999999987353715 -0.000159036380672333 -0
0.999999999971157 7.59510521653204e-06 0
-0.999999983605083 -0.000181079635454612 -0
0.999999999452571 -3.30886468692222e-05 -0
-0.999999976044178 -0.000218887284276728 -0
0.999999999261183 -3.84400009068247e-05 -0
-0.999999973818579 -0.000228829282980535 -0
0.999999998507216 -5.46403570390948e-05 -0
0.999999999969467 7.81454309593542e-06 -0
3.86097017038613e-05 0.999999999254646 -0
4.24454737712584e-05 0.999999999099191 -0
-0.999999988842639 -0.000149381127055171 0
0.999999999934157 -1.14754957386769e-05 -0
-0.999999990968599 -0.000134397922616164 -0
5.07694748449092e-05 0.99999999871123 -0
4.60618065938188e-05 0.999999998939155 -0
-0.999999987530839 -0.000157918720865324 0
0.999999998741061 -5.01784560861252e-05 -0
-0.99999999065368 -0.000136721033954929 0
-0.999999989516586 -0.000144799267519331 -0
0.99999999984602 1.75488003124237e-05 0
-0.999999990231389 -0.000139775611841025 0
4.18632298166506e-05 0.999999999123735 -0
-0.999999988648621 -0.000150674341165939 -0
-0.999999989463986 -0.000145162075858365 -0
-0.999999991250665 -0.000132282539859664 -0
-0.999999985732051 -0.000168925716343375 -0
-0.999999988935104 -0.000148760851689238 -0
0.999999999394802 3.47907516487334e-05 -0
0.999999999324115 -3.67664251577273e-05 -0
-0.999999991273486 -0.000132109910493835 -0
0.999999999733148 2.31020367147919e-05 0
-0.999999988191355 -0.000153679180588978 0
2.80796157201881e-05 0.999999999605768 -0
-0.999999986201615 -0.000166122755653915 -0
0.999999999900183 -1.41292293832969e-05 0
0.999999999262757 -3.83990409035263e-05 -0
-0.999999979323569 -0.000203354032580095 0
-0.999999975966622 -0.000219241317796834 -0
0.999999998990275 -4.4938285964335e-05 0
-0.999999989179654 -0.000147107754173562 0
0.999999998017606 6.29665590738605e-05 0
0.999999999982429 -5.92811011291403e-06 -0
-7.55418002545494e-05 0.999999997146718 -0
-0.999999989515315 -0.000144808042323937 0
0.999999998638982 5.21731453063014e-05 0
-0.99999999184141 -0.000127738718996738 -0
3.27785091764222e-05 0.999999999462785 -0
0.999999999808024 -1.95946904531083e-05 -0
-0.999999985594816 -0.000169736170675247 -0
0.999999998061894 -6.22592341345148e-05 0
-0.999999973874119 -0.000228586440638257 -0
0.999999997857871 -6.54542453465509e-05 -0
-0.999999971410944 -0.000239119450710422 -0
0.999999996720808 8.09838527020583e-05 0
-0.999999989585529 -0.000144322357616501 -0
-1.1463060217622e-05 0.999999999934299 -0
0.999999999929407 -1.18821862989332e-05 -0
-0.999999988821213 -0.000149524492519198 -0
-0.999999991237501 -0.000132382016749552 -0
-9.0290937437502e-05 0.999999995923773 -0
-6.26622712522786e-05 0.99999999803672 -0
0.999999998238385 -5.93568037266149e-05 0
-0.99999997688586 -0.000215007627535432 -0
0.999999999506363 -3.14209209890996e-05 -0
-0.999999990266938 -0.000139521055195382 -0
0.999999999245155 3.88547377658616e-05 -0
0.9999999999311 -1.17388208301333e-05 -0
-0.999999986741571 -0.000162839974678856 0
-0.999999989523364 -0.000144752454009513 -0
0.999999999950546 -9.94528272663885e-06 -0
0.99999999995764 9.20431466472229e-06 0
-0.999999987911388 -0.000155490268237636 -0
-0.999999980553575 -0.000197212702717736 -0
0.999999999965474 -8.30974022363494e-06 -0
-0.999999986761575 -0.000162717083759637 0
-0.999999983518079 -0.000181559470283689 -0
-0.999999974460017 -0.000226008772782127 -0
0.999999998269334 -5.88330803002894e-05 -0
-0.999999984393784 -0.000176670405352046 -0
-0.999999973919581 -0.000228387472316921 0
0.999999998232301 -5.94592091915136e-05 -0
-0.999451748452412 0.00946491556814415 -0.0317272420595488
-0.999483312409924 -0.00935756627554279 0.0307497019088976
-0.999424183816804 0.00927562449780275 -0.0326383760669925
0.99953933466792 0.0290935349944698 -0.00864202945714798
-0.999990493822983 0.00299745834643375 -0.00316662393227449
-0.999999304375468 -0.000899352940175316 0.000763159792492114
-0.999571839764414 -0.00886162978597035 0.0278856355050687
-0.99975780751998 0.0077935130858162 -0.0205812404053607
-0.99999940816209 0.000826051056318434 -0.000708036101627593
-0.999824562831372 -0.00819634639033682 0.0168423117447199
-0.999951273590095 0.00805075493975539 -0.00571277432140394
0.999504086709335 -0.0300664984281943 0.0093587565203247
-0.999766512643049 0.011622349081817 -0.0182165089788574
-0.999993000058899 -0.00237872594571836 0.00288816482869276
-0.999829192450262 -0.00432319901219526 0.0179693036748037
-0.999885497498086 0.00307284634069583 -0.0148172031224632
0.999897519463801 -0.0138416170865606 0.00365516163336326
-0.999677384178444 -0.0101958356806289 0.0232631145145687
-0.999606704000749 -0.015871325721498 0.023120085133942
-0.999606683414865 0.0154191562154506 -0.0234249459751084
-0.99961495588513 -0.0178535439578984 0.0212412555870238
-0.999618729689882 0.0173646202473322 -0.0214677715856495
-0.999563952757599 0.0137251602609252 -0.0261442981052477
-0.999918598979663 0.00279731829354963 -0.0124487117772642
-0.999604277751788 -0.0261900109663338 0.0102650487533644
-0.999596119298575 0.0178808429278064 -0.0220878640755557
0.999912605172417 0.0128950353572666 -0.00291548974374496
-0.999585061474388 -0.0205566319997342 0.0201774566799345
-0.999617416727555 0.0253971193338152 -0.0109547480333598
-0.999720604408468 0.0205579559152292 -0.0116654862631369
-0.999680577268024 -0.0223991869613144 0.0117055481094127
-0.999610265995976 -0.0233518160663785 0.0152973462357697
-0.999619133043362 0.0242003463774375 -0.0132639394166903
-0.999614612058132 -0.0156213906676116 0.0229477561753054
-0.999588970704579 0.0200878286615797 -0.0204540652541941
-0.999655828331256 0.0100234157916475 -0.0242436799850833
-0.999597736746689 -0.0182832144243016 0.0216815304167315
-0.999615202643541 0.0229243464662253 -0.0156179698747698
-0.999582258495019 -0.0242345203282358 0.0157479054625762
-0.999544838043465 0.0264775363222602 -0.0144587970096815
-0.999612742955639 -0.0112393893295302 0.025456634659795
-0.99967001758504 -0.0247334191946441 0.00693641957123747
-0.999508828555043 0.00859963838605012 -0.0301354917025609
-0.999598134605567 0.0233783669912117 -0.0160318822942255
-0.999612330072506 0.0153211534936238 -0.0232476197198567
0.999700590614377 -0.0214932844436917 0.0116947787105297
-0.999596256248963 0.021789017547164 -0.0182363156198576
-0.999603695208114 0.0132121551444289 -0.0248574230909563
-0.999590725473894 -0.0136722408226787 0.0251286962944799
-0.999593506264258 -0.0162424119750206 0.0234308832006089
-0.999594856221991 -0.0222098825868819 0.0178001272471187
-0.999607788474564 -0.0248869313550155 0.0128417237441844
-0.999597666352427 0.0178742949888955 -0.0220230561328915
-0.999587122578549 0.020160477455303 -0.0204728973013299
-0.999644386736006 0.0101638666309844 -0.0246535166315661
-0.99959177719218 -0.0222693305567229 0.0178984883812972
-0.999616537679469 -0.0245077938226561 0.0128897494023941
-0.999645542711684 -0.0221903553789609 0.0147097608688517
-0.999595905505961 -0.0181937596070658 0.0218406228637934
-0.999601919121904 0.0216923650588071 -0.0180400827592715
-0.999618883940126 0.0152605111942304 -0.0230044271475799
-0.999585915983935 -0.0205664802206435 0.0201250206929678
-0.999606536760664 0.0197380904330271 -0.0199293615404151
-0.999700718559158 0.0115613876311864 -0.0215593976804854
-0.999599427689779 -0.0220659160343574 0.0177222885607389
-0.999592331358268 0.0180616047310124 -0.0221122030626234
-0.999648680174501 0.0219222706827341 -0.0148973243735487
-0.999591024445747 -0.0204824949854551 0.0199562332786562
-0.999653676406922 -0.0129428846748608 0.0229130744863757
-0.9995785765103 -0.0140290081115757 0.0254137032533351
-0.999708256586383 -0.0188027949507618 0.0151610228894328
-0.999653577691823 0.0202319377331625 -0.0168342895157646
0.999999965187319 2.02374017997582e-05 0.000263088975741026
-0.999675439695636 -0.0124270561280866 0.0222392343691719
0.999999948740596 3.09348840992163e-05 0.000318687682681789
0.999999922668183 3.03252533862453e-05 0.000392102036753752
-0.999999969760458 -0.000244799197363455 -2.35039755025152e-05
0.999999965675831 1.90787575696239e-05 0.000261312722248359
-0.99999999000558 -0.000140827290830385 -1.251059392738e-05
0.999999965491603 1.9073953629419e-05 0.000262017131005396
-0.999999990071656 -0.000140566377662351 -9.88848039555815e-06
0.999847929907102 0.0173934116069138 -0.00125948130431475
0.99999456144241 0.00329801581207267 1.33155937627179e-05
0.999857050084797 -0.0168087673168678 0.00182886221901896
-0.999554326368639 -0.0114875059742225 0.0275533272805259
0.999999951230117 0.000188982039641427 0.000248647445594043
-0.99991572743415 -0.00314925735005411 0.0125944514758502
0.999664348795106 -0.0248602814236008 0.00729082681154666
-0.999665197212393 -0.00750808036248778 0.0247613047228719
0.99995758745419 -0.0089694711095202 0.00209090430452135
-0.000406067660624865 0.0707691096811746 0.997492640686631
-0.999999941067633 -0.000342238923276166 -2.7152354841956e-05
-0.999942533340809 0.0033577121606989 -0.0101811485114307
-0.999547147767026 -0.0116623569928605 0.0277396615007087
-0.999715729680803 -0.0196411117594999 0.0135161591301399
-0.999458435053516 -0.0183936356470962 0.0272857246203747
-0.999547602887376 -0.0213903678348728 0.0211433612746355
-0.999729517064105 0.0212300186592177 -0.00949626339678347
0.999972111678547 0.00708365508006457 -0.00236594502330763
0.999476984394618 0.0297689496069735 -0.0126319952794121
-0.999583677197204 0.0109139553543688 -0.0267087599756831
-0.999724831145142 0.0132649230823643 -0.0193469327655732
-0.99992897163334 -0.00258207609967313 0.0116354875835773
-0.999622861105467 0.0192742309849711 -0.0195611752013452
-0.999954518353375 0.00888091028308635 -0.0034771622356403
-0.999805607317309 -0.0181945694798369 0.00759639508650781
-0.000401924844813666 0.0740262602358688 0.997256211438119
-0.999891859090716 -0.00159727123545011 0.014619126126835
-0.999691597276558 0.00192983399031925 -0.0247585556003321
-0.999842274685801 -0.00158947154377873 0.0176889607194511
-0.000522879780387643 0.0980018884144298 0.99518609137384
-0.999617570308082 0.00225211876430119 -0.0275615872626685
-0.999891120484982 0.00106440678485285 -0.0147178195900084
-0.999999984120763 -0.000150158927348638 9.59727573028894e-05
-0.000402708784980468 0.068806213484046 0.997629962867807
-0.999999939372096 -0.00034734174134332 -2.46884346802911e-05
-0.999525477575294 -0.0272060170962865 0.0144448022360115
-0.000358943027106488 0.207354710264916 0.978265759030161
0.999530260475258 -0.0304926740711834 0.00307493451182802
-0.999527199275194 -0.00310366348837234 0.0305899523052515
0.99999996657672 1.74738889283545e-05 0.000257955854908944
-0.99999999029916 -0.000138973017564923 -9.39040170646456e-06
-0.999540702681128 0.0138447789263977 -0.0269574809690529
-0.999371163538718 0.0273878463335328 -0.0225207317927168
-0.99939448690806 -0.0224364033925512 0.026594498314152
0.999999959246656 -0.000178001372024719 0.0002232088668544
0.9989536587183 -0.0420753403870948 0.0179235449795188
-0.999999983996368 -0.000178496798282403 -1.20895081242681e-05
-0.999713348852183 0.00965101320932535 -0.0219106839415579
-0.999736782021464 -0.0212130399850184 0.00873919950344248
-0.99999998973657 -0.000142920164516966 -1.00342778493317e-05
-0.999781745677859 -0.00541559649258088 0.0201775202629537
-0.999748707641275 0.0204255268093471 -0.00923685142030535
0.999821505322768 0.0185027196863679 -0.00382189198200826
-0.99982618370834 0.00378915605715716 -0.0182549902106851
0.999975067125785 0.00637329398903757 -0.00304076479036002
-0.999871060746685 -0.0152830090507425 0.00492864237441658
-0.000443434047089339 0.20712465116458 0.978314459796132
-0.999860054231685 -0.00398424633640869 0.0162480070452664
0.999987290502191 -0.00489636295153359 0.0012018585331436
-0.999996039144369 -0.000684900984040472 0.00272994619288821
-0.999999986757209 -0.000114748922795096 -0.000115404793859132
0.999899271017929 -0.0134018354409899 0.00467318142457217
-0.999819346926529 0.0155535967756663 -0.0109251608111648
-0.000407878086342939 0.0694684162265059 0.997584068027576
-0.999962852741682 -0.00100771394128369 0.00856023652297492
0.999993486111992 0.00346817151903048 -0.000999759920955767
0.999988636058459 0.00476692560229361 -6.46083926153648e-05
-0.999996697577465 4.16033153883842e-05 -0.00256965042925321
0.999999963005552 0.000268133936000912 4.5750275075273e-05
-0.999861243116294 -0.00561540302144426 0.0156831681380663
0.999997237427893 -0.00225569935183142 0.000661027243182521
0.999999970754114 -9.75982893188185e-05 0.000221283406817916
-0.000394442547511344 0.213330547610235 0.976980000753032
-0.999973758854317 0.00109416504074132 -0.00716131312201814
-0.000324747185904126 0.20335245594722 0.979105547527691
0.999994768891031 -0.00312385379569252 0.000838884995885679
-0.999744674103976 0.00474796884479764 -0.0220917041575404
-0.000284543683827076 0.228781205593057 0.97347782666185
0.999631013329732 0.0264604006881105 -0.0061387608519782
-0.000366671269992567 -0 0.999999932776088
0.999999952175341 -0 0.000309272236341499
0.999999960797751 -0 0.000280008029158781
0.999999958018771 -0 0.000289762758825313
0.999999939469863 -0 0.000347937165903152
0.999999959009025 -0 0.000286324898384301
0.999999940205668 -0 0.000345815933476729
0.999999950920286 -0 0.000313304047836612
0.999999935179847 -0 0.000360055970245644
-0.000358391173158871 -0 0.999999935777882
0.999999956184013 -0 0.000296026979175211
0.999999957734277 -0 0.000290742917503572
0.999999949263861 -0 0.000318547131524757
0.999999959597502 -0 0.000284262193756345
-0.000385929126143178 -0 0.999999925529352
0.999999957218911 -0 0.000292510130967292
0.999999929651958 -0 0.000375094761301804
0.999999941866483 -0 0.000340979517706311
0.99999995581079 -0 0.000297285079392116
0.999999938355157 -0 0.000351126305042586
0.999999931515021 -0 0.000370094520245753
0.999999950597093 -0 0.000314333915890403
0.999999958306523 -0 0.000288767990025157
-0.000356524482823721 -0 0.999999936445145
0.999999943029846 -0 0.000337550446581887
0.999999953326578 -0 0.000305527155745944
0.999999958120439 -0 0.000289411679362676
0.999999928139286 -0 0.000379106083429436
0.999999957056146 -0 0.000293066043161363
0.999999951791816 -0 0.000310509847523332
0.999999935161937 -0 0.000360105708685185
0.999999956001933 -0 0.000296641419162879
0.999999941116838 -0 0.00034317097767801
0.999999954607593 -0 0.000301305179808289
0.999999935456616 -0 0.00035928646507182
-0.000382526394148378 -0 0.999999926836776
-0.000389168032690401 -0 0.999999924274118
0.999999960564735 -0 0.000280838972524137
0.999999963286806 -0 0.000270973037060452
0.999451763268443 -0.00951191955892306 0.0317127148933225
0.999483334960382 0.00925607703390182 -0.0307796714475007
0.999424204143354 -0.00937483416777318 0.0326093952220733
-0.999539194051355 -0.0292000713489448 0.00829188690133171
0.9999904677132 -0.00290320660586133 0.00326126879273815
0.999999291716346 0.000962029762825501 -0.000700760687629957
0.999571853200934 0.00882009502121329 -0.0278983191656327
0.999757824447493 -0.00782953614333537 0.0205667406216274
-0.000254907155101785 0.566307599939257 0.824193931834845
0.999824547074926 0.00822883490647257 -0.0168273985660774
-0.00021524840386837 0.571738805242137 0.820435672218376
-0.999503946740402 0.029961053916303 -0.00970544685135957
0.999766511345042 -0.0116193649530483 0.0182184837748029
0.999992995982874 0.00238974126516456 -0.00288047250999893
0.999829217932714 0.0042040217070724 -0.0179961431852255
0.999885520865945 -0.00318922448844787 0.0147910111148798
-0.999897436134054 0.013765524673302 -0.00395316873081152
0.999677366337527 0.0102501127896754 -0.0232400176477006
0.999606661294118 0.0159749545231839 -0.0230504560564308
0.999606639429843 -0.0153082541879412 0.0234994417272778
0.99961489841353 0.0179803878468094 -0.0211367103066096
0.99961867386204 -0.0172371767787376 0.0215728209327243
0.999563891214291 -0.0135804819430005 0.0262220878409911
0.999918645306012 -0.00294677497210302 0.0124104507031162
-0.999604068207436 -0.0263231251170575 0.00993981424452533
0.999596075079803 -0.0177824593992052 0.0221691412275747
-0.999912445356033 -0.012981610922526 0.00256503410774212
0.999585006732432 0.0206660272734635 -0.0200681247867257
-0.999617199985551 0.025255161367529 -0.011297358866001
-0.999720480571274 0.0204403884495793 -0.0118807090012264
-0.999680455497604 -0.0225140563599875 0.0114936574823646
0.999610190983249 0.0234670184707998 -0.0151249835214695
-0.999619048794013 0.0240907959486453 -0.0134681416206217
0.999614598686531 0.0156662660687312 -0.0229177267683537
0.999588911504769 -0.0199643919333331 0.020577440352075
0.999655809494618 -0.00996229357761509 0.0242696363865279
0.999597698702724 0.0183692989728448 -0.0216104049814844
0.999615128181266 -0.0228058275778631 0.0157952442095407
0.999582130870654 0.0243816239933659 -0.0155273969334517
-0.000355045637665233 0.474982068692422 0.879995402467117
0.999612693019435 0.0113522165136914 -0.0254084854853401
-0.999669673303893 -0.0248638186077616 0.00650651986305938
0.999508883201632 -0.00871363155024399 0.0301009140431396
-0.999598012722571 0.023233990510358 -0.016247912052079
0.999612312276043 -0.0152556684716792 0.0232914088372547
-0.000357262933641458 0.471404418999592 0.881917085734738
0.999596181581428 -0.0216640436195813 0.0183886644941207
0.999603644922671 -0.0131066287155496 0.0249152431459814
0.999590735275059 0.0136257194122785 -0.0251535628244841
0.999593463299958 0.0163430628041559 -0.0233626288369797
0.00051779864442913 -0.634381794636855 -0.773019709009988
-0.99960759789878 -0.0250438582356562 0.0125481228756762
0.999597664935844 -0.0178673932928522 0.0220287201563371
0.999587062666762 -0.0200386952861075 0.0205950197976578
0.999644343177921 -0.0100626169041378 0.0246967790090722
0.999591703484189 0.0223919976174942 -0.0177489371026865
0.999616453167395 0.0246166179428475 -0.0126873432244216
0.999645492258451 0.0222962217997741 -0.0145522610206741
0.999595875405447 0.0182815332974292 -0.0217685877519379
0.999601861500154 -0.0215797615178919 0.0181777990487813
0.999618841995655 -0.0151604759559198 0.0230722928218385
0.99958585939445 0.0206795976781583 -0.0200115951020496
0.999606493523684 -0.0196421739276894 0.020026060737953
0.99970068502358 -0.0114564617906135 0.021616887995859
0.999599371255316 0.0221719858505474 -0.0175926129219025
0.999592297410033 -0.0179758065011998 0.0221835375710061
0.999648630356544 -0.0218170729722472 0.0150542735862092
0.999590977942306 0.0205801823781234 -0.019857817343003
0.999653624871193 0.0130487933319 -0.0228551804732836
0.999578516950536 0.0141650902998325 -0.0253404551609475
0.999708212311916 0.0188947081651683 -0.015049260429221
0.999653539595264 -0.0201345070572668 0.0169529466530634
-0.999999893984741 -3.53176471669714e-05 -0.000459111282514738
0.999675406933147 0.0125253354514653 -0.0221855075415245
-0.99999985283608 -5.24161145866749e-05 -0.000539981823576205
-0.999999781141795 -5.10160385533461e-05 -0.000659631508073334
0.999999994154927 0.000107626042691015 1.03335300854214e-05
-0.000467659416104667 0.0728225534191194 0.997344803469788
0.999999998821224 -4.83641514330958e-05 -4.29649860942455e-06
-0.000449416835764418 0.0726062705058757 0.997360580486183
0.999999997896001 -6.47091673246444e-05 -4.55212222968183e-06
-0.999847885802048 -0.0174084353845523 0.00107314241175304
-0.000460313096409002 0.074984279959961 0.997184609724167
-0.999856931358318 0.0167887735738879 -0.00206249766392854
0.999554333161119 0.0114485876433792 -0.0275692745606936
-0.000443442288307383 0.0727141575801867 0.997352723286171
0.999915752966301 0.00293148345060445 -0.0126448951998102
-6.87921576303642e-05 0.29028639286873 0.956939812831977
0.999665193515359 0.00742864062699568 -0.0247854024041206
-0.000373244313534242 0.210892281857624 0.977509235834407
-0.999999765414004 -4.84741030132344e-05 -0.000683243879108023
0.999999985174636 0.000171654481441368 1.36186245143922e-05
0.999942546698946 -0.00345525140648609 0.010147144373855
0.999547164221062 0.0116304831222113 -0.0277524478195612
-0.000317001047831247 0.572216136649102 0.820102793842767
0.999458436992746 0.0183894905928127 -0.0272884473679575
0.999547600694476 0.0214063640498577 -0.0211272696788091
-0.999729401005521 0.0211248086451057 -0.00973998074176404
-0.000309620484565368 0.326625752481627 0.945153702818206
-0.000241643170275475 0.391328105253815 0.920251191603161
0.999583684469953 -0.0109585485796033 0.026690222076658
0.999724821718067 -0.0132420464293855 0.0193630846494552
0.999928976523897 0.00237737800538079 -0.0116786121475251
0.99962284531053 -0.0192054553103125 0.0196295088986657
-0.999954334113014 0.00876560562408791 -0.00380707849156136
-0.000511137939541949 0.401799972560823 0.915727317921732
-0.9999855889614 0.00526178386327671 -0.00106559846916752
0.999891896225856 0.00143859007380858 -0.0146330557458909
0.999691610358732 -0.00202731951880821 0.0247502354319062
0.999842289896113 0.00139687217357567 -0.0177043521041343
-0.999570926606999 -0.0292232136470508 0.00199159889624353
0.999617636917439 -0.00243122639512206 0.027543948551547
0.999891124236528 -0.001266901253575 0.0147015180925851
0.999999991932757 -6.19676407837032e-05 -0.00011088055609556
-0.999999762317601 -4.74396172840813e-05 -0.000687832991137562
0.999999986417058 0.000164405988184151 1.16856859317729e-05
-0.000373323111124874 0.474086072845806 0.880478424587165
-0.999939457423586 -0.010887638953425 0.00159399041545904
-0.00027721243021691 0.0980255984279244 0.995183854976615
0.999527196593405 0.00289794252914848 -0.0306102139689653
-0.000434325416486083 0.0675849978232239 0.99771342550387
0.999999997586861 -6.93133652381762e-05 -4.68350155028693e-06
0.999540708239254 -0.0138547463937105 0.0269521534378208
-0.000210975633744443 0.634399048410303 0.773005693941115
0.999394449090577 0.0225296568784588 -0.0265169698095454
-0.00031396819868092 0.446258657234076 0.894903968181844
-0.000187928241041653 0.39180920504015 0.920046472483201
0.99999999993933 1.09902289096886e-05 7.44363276931369e-07
0.99971333091143 -0.00961329790727566 0.0219280756410293
-0.999736676120098 -0.0213047685235425 0.00852556499577929
0.999999997481046 -7.08039296456041e-05 -4.97107112414629e-06
0.999781795234994 0.0052598381596927 -0.0202162315782534
-0.000503956770460371 0.399030538821016 0.916937497933083
-0.000298565627845855 0.205984740276143 0.978555158195968
0.999826171470706 -0.00397992143352897 0.0182150231296713
-0.000310074952677776 0.444440284445205 0.895808426738546
-0.9998708839049 -0.0153934519971759 0.00461054821520385
-0.999843068428965 0.0171479664087437 -0.00444811899529501
0.999860137566311 0.00375807521176622 -0.0162966921975296
-0.000349217133501234 0.213628274776192 0.97691495958632
0.999996038370471 0.000499680715813618 -0.00277011959048017
0.999999994779089 -6.47778904173387e-05 7.90294051314976e-05
-0.000448102254470669 0.316177059552121 0.948700092873056
-0.000248520138239671 0.570005233039578 0.821641024137207
-0.999998084327026 0.00178012266919565 -0.000813944445603941
0.999962906226312 0.000814738634987824 -0.00857451878445447
-0.000416527710483998 0.320562217989556 0.947227370224426
-0.000438580445517912 0.069441792436523 0.997585908636642
0.999996703916476 -0.000248655284888547 0.00255545039721604
-0.00036025785554803 0.323584668757148 0.946199150474996
0.999861257631719 0.0055223892954836 -0.015715237942426
-0.000438914822037633 0.201403686217185 0.979508224841379
-0.000414502846248897 0.204218500546827 0.978925243428627
-0.999997789206945 -0.00207993871479512 -0.000308927442556148
0.999973834807371 -0.00131155572364417 0.00711403698510786
-0.99999141041038 -0.0041406785509452 0.000184083122881024
-0.000426754095884636 0.201911694561209 0.979403637669558
0.999744690139751 -0.00496145943862776 0.0220440118311713
-0.999734779526075 0.0222586827117491 -0.0059094542800485
-0.000487577617746468 0.232355050317518 0.972630912967509
0 -0.000353247537457196 -0.999999937608087
0 -3.08964663270542e-05 -0.999999999522704
0 3.61344427565765e-05 -0.999999999347151
0 -0.000108902181900671 -0.999999994070157
0 4.54005675679161e-05 -0.999999998969394
-0 -1.12699553930843e-05 -0.999999999936494
0 -0.0239811577644906 -0.99971241068233
0 -5.27027222410866e-05 -0.999999998611212
0 -3.36467491970861e-05 -0.999999999433948
-0 -0.000302931938285905 -0.999999954116119
0 -5.40749387374238e-05 -0.999999998537951
0 -5.16816070777269e-05 -0.999999998664506
-0 -5.75713128410798e-05 -0.999999998342772
0 -0.00230584052506925 -0.999997341546203
0 -3.42114362665477e-05 -0.999999999414789
0 -1.69811883072798e-05 -0.99999999985582
0 -5.38024733024429e-06 -0.999999999985526
0 -2.08579203854345e-05 -0.999999999782474
0 -0.000149299199775176 -0.999999988854874
0 -0.000110356325659396 -0.999999993910741
0 -0.000140849383082101 -0.999999990080726
0 -3.67891006795859e-05 -0.999999999323281
0 -3.61132297021939e-05 -0.999999999347917
-0 -0.0215263303275047 -0.999768281704631
-0 -9.38955704849848e-05 -0.999999995591811
0 -5.9906131247598e-05 -0.999999998205628
0 -2.18088171043723e-05 -0.999999999762188
0 -0.000741763478870864 -0.999999724893433
0 -0.02200345900333 -0.999757894588429
0 -0.000125427307389335 -0.999999992133995
-0 -0.0234800646211463 -0.999724305278904
0 -6.69252111358281e-05 -0.999999997760508
-0 -0.0215360818864379 -0.999768071693121
0 -0.000499764629132796 -0.99999987511765
0 -0.000118291193839495 -0.999999993003597
-0 -3.1335341175768e-05 -0.999999999509048
-0 -0.001092764082181 -0.999999402933152
0 -0.000950802666593391 -0.999999547987042
0 -0.000137426161539361 -0.999999990557025
0 -0.999999997102565 7.61240442056867e-05
-0 -8.59724092612496e-05 -0.999999996304372
0 -0.00382437145425434 -0.99999268706475
0 -0.00251618980640977 -0.999996834389418
-0 -0.0222126071912293 -0.99975326960294
0 0.000101731689411451 -0.999999994825332
0 -0.000121521318772858 -0.999999992616285
0 -8.91791201957808e-05 -0.999999996023542
0 -9.36702777363915e-05 -0.99999999561294
0 -5.58479950125167e-05 -0.999999998440501
-0 -7.07138042326333e-06 -0.999999999974998
0 -8.89157960168979e-05 -0.999999996046991
0 -5.21965520618506e-05 -0.99999999863776
0 -2.53724865533699e-05 -0.999999999678119
0 -9.59582826128508e-05 -0.999999995396004
0 4.38323185823747e-05 -0.999999999039364
0 -0.0023085613693813 -0.999997335268651
0 -9.52326804737652e-05 -0.999999995465368
0 -8.70695945533177e-05 -0.999999996209443
0 -4.79248300866735e-05 -0.999999998851605
-0 -0.0215140150920957 -0.999768546792015
0 -1.33034118322991e-05 -0.99999999991151
0 -0.0233030450982603 -0.999728447174106
0 -9.83691711341677e-05 -0.999999995161753
0 -6.96872010066275e-05 -0.999999997571847
0 -0.0231863646103933 -0.999731160110634
0 -0.00836919871213452 -0.999964977643176
-0 -0.999999997289436 7.36283034535207e-05
-0 -0.999999997343878 7.28851371487904e-05
-0 -0.000143128620391561 -0.999999989757099
0 -5.23925845490666e-05 -0.999999998627509
0 -0.00112561260324946 -0.999999366497933
0 -0.0229853477831358 -0.999735801993351
-0 -0.999999996047251 8.89128710819717e-05
0 -0.000128426282422444 -0.999999991753345
0 3.48412249666113e-05 -0.999999999393045
0 -0.0188179353718798 -0.999822926976742
0 -0.000112717475724543 -0.999999993647385
0 -0.00733350769657089 -0.999973109470882
0 -0.0207159160963514 -0.999785402384076
-0 -0.0168177217014762 -0.999858572117463
0 -8.77717972146127e-05 -0.999999996148056
0 -0.000105631100588693 -0.999999994421035
-0 -9.86412773930625e-05 -0.999999995134949
0 -4.725481625609e-05 -0.999999998883491
0 -0.0016432246719996 -0.999998649905427
-0 -5.08565207634893e-05 -0.999999998706807
0 -4.22253032944452e-05 -0.999999999108512
-0 5.8405177597226e-05 0.999999998294418
-0 -0.00967828756254071 -0.999953164278136
0 -7.64751382613356e-05 -0.999999997075777
0 -0.000113051020167117 -0.999999993609733
0 -5.50170588289341e-05 -0.999999998486562
0 -0.00756023849319527 -0.999971420988583
0 -0.00457312434208802 -0.999989543212204
-0 0.999999991308238 -0.000131846593594657
0 -0.000130006242026877 -0.999999991549189
0 -0.000113323126424743 -0.999999993578935
0 -0.0178777571948972 -0.999840180127644
0 7.41432520734902e-05 0.999999997251389
0 -0.0162917518147171 -0.999867280604185
-0 -8.12822906525725e-05 -0.999999996696595
0 -0.00877070783329659 -0.999961536602335
-0 -9.0475266545441e-05 -0.999999995907113
0 -8.04952430492132e-05 -0.999999996760258
0 5.85024607880078e-05 -0.999999998288731
-0 -0.0225517305098593 -0.999745677385509
0 -0.000106064121922866 -0.999999994375201
-0 -0.00016645337515419 -0.999999986146637
-0 -0.0193080069005236 -0.999813583059127
0 -0.000128713027904909 -0.999999991716478
-0 0.999999989238542 -0.000146706907129658
0 -9.37463551482033e-05 -0.999999995605811
-0 -0.99999999468909 0.0001030622146556
-0 -0.000312367777692457 -0.999999951213185
-0 -0.0215445251900485 -0.999767889779591
0 -0.0233882307902458 -0.999726457917616
-0 -0.999999996772729 8.03401705660864e-05
-0 -0.0200686270298767 -0.99979860482456
-0 -0.999999997055604 7.67384697169901e-05
-0 -8.58261115831204e-05 -0.999999996316939
-0 -0.000661185916295199 -0.999999781416568
0 -0.0183854057250105 -0.999830974143293
-0 -0.00384168331343125 -0.999992620707433
-0 -0.00253219998845161 -0.99999679397647
-0 6.56202899741944e-05 0.999999997846989
0 -2.58493982896693e-05 -0.999999999665904
0 -0.0128262386925061 -0.999917740417182
-0 -0.0112281000037725 -0.999936962898314
-0 -0.999999996791272 8.01090279468305e-05
0 -0.0160859573794568 -0.999870612617046
-0 -0.999999996248066 8.66248662010975e-05
-0 -0.999999995843868 9.11716193362478e-05
-0 -0.999999993241389 0.000116263588221068
0 -0.0187754999008233 -0.999823724765258
0 1.57739145833861e-06 -0.999999999998756
0 2.99609291552902e-05 -0.999999999551171
0 -0.000113393339414367 -0.999999993570975
0 7.59901811386625e-05 -0.999999997112746
-0 -0.00241498557085854 -0.999997083918095
0 -7.11234224563869e-06 -0.999999999974707
-0 -0.000105777390990032 -0.999999994405572
-0 -0.0170071343291972 -0.99985536823178
0 -0.00938420421698847 -0.999955967386171
-0 -4.52184321595e-05 -0.999999998977647
0 -0.000116556169022703 -0.99999999320733
-0 -1.0415611540683e-05 -0.999999999945758
-0 -0.0001233119246255 -0.999999992397085
0 -0.0200595280841776 -0.99979878742327
0 -9.20639936985188e-05 -0.999999995762111
0 -0.000123466989830632 -0.999999992377951
0 -0.000838708021048735 -0.999999648284366
0 -5.77995305264671e-05 -0.999999998329607
0 -0.00353654405902387 -0.999993746408506
0 1.10340602077418e-06 -0.999999999999391
-0 -0.0232755111461714 -0.999729088593947
0 3.53027753370154e-05 0.999999999376857
0 -1.16704291030976e-06 -0.999999999999319
-0 -8.83569660989262e-05 -0.999999996096523
0 -3.41763261331421e-05 -0.999999999415989
0 8.52819063393425e-05 0.999999996363498
0 -0.000134026339470847 -0.99999999101847
0 -0.0233883964749797 -0.999726454041469
0 -0.000107395382036913 -0.999999994233116
-0 6.80545852689853e-05 0.999999997684287
0 -0.000339659950183994 -0.999999942315557
-0 -0.999999998538742 5.40603104247047e-05
0 -0.0131432478053733 -0.999913623788138
-0 -0.999999998858186 4.77873181262166e-05
0 -0.016786984998908 -0.999859088639317
0 -8.54457536270654e-05 -0.999999996349512
-0 -0.999999997129009 7.57758678089878e-05
0 -0.0144105813456614 -0.999896162181494
0 -0.000114423236642694 -0.999999993453661
0 -2.52291192656882e-05 -0.999999999681746
-0 -0.999999996790568 8.01178100275862e-05
0 -0.000117966424202227 -0.999999993041961
-0 -0.999999995373797 9.6189425231138e-05
0 5.43477725948377e-05 -0.99999999852316
0 -5.99174700244634e-06 -0.999999999982049
-0 -0.999999996525098 8.33654846078261e-05
-0 -0.000323082177268181 -0.999999947808952
0 -2.92287386276005e-05 -0.999999999572841
-0 -0.000120371462836531 -0.999999992755355
-0 -4.44606411762682e-05 -0.999999999011626
0 -5.23896596141177e-05 -0.999999998627662
0 -0.000312663268857408 -0.999999951120839
-0 -0.999999994851269 0.00010147641244251
0 -0.000115912486893493 -0.999999993282148
0 -3.59347541002442e-05 -0.999999999354347
-0 -3.50160407619085e-05 -0.999999999386938
0 -0.0102521912401554 -0.999947444906369
0 -2.63643450943396e-05 -0.999999999652461
0 -0.999999996609221 8.23502193206712e-05
0 -0.000122454656766899 -0.999999992502429
0 -0.000110763015302784 -0.999999993865777
0 -0.00723669384990426 -0.999973814788229
0 -0.00015865309779164 -0.999999987414597
0 0.999999989427854 -0.000145410768081744
0 -0.0136375230018737 -0.99990700465912
-0 -2.33741393394479e-05 -0.999999999726825
0 -0.0240457430830778 -0.999710859318624
-0 -0.0051784753005449 -0.999986591606888
-0 -0.0232193857795151 -0.999730393718237
0 -0.0234311128206115 -0.999725453788183
-0 -8.2803722478167e-05 -0.999999996571772
0 -3.14670032665807e-05 -0.999999999504914
0 -0.00012246635650648 -0.999999992500996
0 -6.41515215237258e-05 -0.999999997942291
0 -0.00424488676501716 -0.99999099042759
-0 -3.32839481231795e-05 -0.99999999944609
0 -0.0217568199981327 -0.999763292376535
-0 -0.999999998520177 5.44026333150054e-05
0 -0.000136469416795757 -0.999999990688049
-0 -0.999999999031429 4.40129878853696e-05
0 -0.023833525280995 -0.999715941191637
0 -0.000105724727609704 -0.999999994411141
0 -0.0151058423640731 -0.99988590025386
-0 -0.999999996880182 7.89913608323676e-05
0 -0.000117199858427724 -0.999999993132097
-0 -0.999999999123153 4.18771268956572e-05
0 -1.37510642148941e-05 -0.999999999905454
0 -0.000115113732282595 -0.999999993374414
0 -7.89533221263165e-05 -0.999999996883187
0 -3.42260682172842e-05 -0.999999999414288
-0 -0.999999996665845 8.16597236740928e-05
-0 8.02992069251149e-05 0.999999996776019
0 -0.0242962660918709 -0.999704802156113
0 -2.98022023211599e-05 -0.999999999555914
0 5.75771663489513e-05 0.999999998342435
-0 -8.3172380694754e-05 -0.999999996541178
0 -7.06673598015086e-05 -0.999999997503062
0 -0.0168825573236305 -0.999857479473057
0 -0.000131530598763693 -0.999999991349851
-0 -0.999999994589723 0.000104021891621604
0 -8.76079499269888e-05 -0.999999996162424
0 -0.000141042501543342 -0.999999990053506
-0 -0.00763382210462725 -0.999970861955525
0 2.60227534366205e-05 -0.999999999661408
0 9.10194717884715e-05 0.999999995857728
0 -8.49629938446214e-05 -0.999999996390645
-0 -9.22892864472131e-05 -0.999999995741344
-0 -8.91644955211507e-05 -0.999999996024846
-0 -0.99999999514764 9.85125366009137e-05
-0 -8.22273356737734e-05 -0.999999996619333
0 -9.03114192579354e-05 -0.999999995921924
0 -0.000158246415432068 -0.999999987479036
0 -0.000102049874308922 -0.999999994792912
-0 -0.000160197943605301 -0.999999987168309
0 -7.87046298973818e-05 -0.999999996902791
0 -0.0083929840864252 -0.999964778288778
0 -0.013819393622541 -0.999904507620555
0 -0.0216476966004513 -0.999765661158601
0 -0.000106102160628631 -0.999999994371166
0 -0.0208046749586702 -0.999783559326649
-0 -0.99999999623259 8.68033454393603e-05
-0 -9.27544966191752e-05 -0.999999995698302
0 -0.0225496794366454 -0.999745723650421
-0 -8.7765940068801e-05 -0.99999999614857
-0 -0.999999997927625 6.43797319328808e-05
-0 -9.44679356961875e-07 -0.999999999999554
0 -1.37920260372609e-05 -0.99999999990489
-0 -0.000135012348116128 -0.999999990885833
-0 -0.000133195396029728 -0.999999991129493
-0 -6.75571935339523e-05 -0.999999997718013
-0 -3.09608330859957e-05 -0.999999999520713
0 -0.000111196036636235 -0.999999993817721
0 -5.49556170051397e-05 -0.99999999848994
0 -4.39954346376764e-05 -0.999999999032201
-0 -0.999999996043608 8.89538347228536e-05
0 -0.0114729263298814 -0.999934183814829
0 -9.63737543387726e-05 -0.99999999535605
0 -1.22354813347492e-05 -0.999999999925147
0 -0.000116389396801621 -0.999999993226754
0 -0.0232547632814868 -0.999729571426554
-0 6.37272749897596e-05 0.999999997969417
0 -6.80867668292891e-05 -0.999999997682096
0 1.4509587343419e-05 -0.999999999894736
0 -0.0156648935758434 -0.999877298026742
0 -2.82046948883955e-05 -0.999999999602248
0 -0.0247080308688375 -0.999694710004302
-0 -6.03859697357132e-05 -0.999999998176767
0 -7.52550693193347e-05 -0.999999997168337
-0 -4.54418932344962e-06 0.999999999989675
-0 -0.999999997041892 7.69169416797282e-05
0 -0.00178075051541999 -0.999998414462544
0 -2.07584416740086e-05 -0.999999999784544
0 -6.4394363883552e-05 -0.999999997926683
-0 -0.0232337291912107 -0.999730060480263
0 -0.0125357031667428 -0.999921424986041
0 -0.0234468277039974 -0.999725085346276
0 -0.0215741974676582 -0.999767249915512
-0 0.999999998840079 -4.81647511501917e-05
0 -0.0238800360676236 -0.999714831278104
-0 -0.0234290692244713 -0.999725501682974
-0 -4.16430629778e-05 -0.999999999132928
0 -3.08847629492486e-05 -0.999999999523066
0 -2.87693819581449e-05 -0.999999999586161
0 5.35073267344897e-05 0.999999998568483
-0 8.67155682876939e-05 0.999999996240205
0 -0.000100031050760419 -0.999999994996895
0 -0.000122978380184138 -0.999999992438159
-0 -0.000340877101338686 -0.999999941901399
-0 -4.02766963489561e-05 -0.999999999188894
0 -7.21390531849589e-05 -0.999999997397979
0 0.999999999739998 -2.28036023995455e-05
-0 -0.00533444691205337 -0.99998577173685
0 -8.36990290532844e-05 -0.999999996497236
0 0.999999999664314 -2.59108401136805e-05
0 -7.8514450919025e-05 -0.99999999691774
-0 2.59459502471124e-05 0.999999999663404
0 -0.000117931317707471 -0.999999993046102
0 -2.97758688115999e-05 -0.999999999556699
-0 -4.54817599786813e-05 -0.999999998965705
0 2.18234472361346e-05 0.999999999761869
-0 -0.999999998769999 4.95984094713304e-05
0 -0.000109171363223765 -0.999999994040807
-0 3.0571331990216e-06 0.999999999995327
0 -5.15909049904713e-05 -0.999999998669189
0 -0.0237552759104483 -0.99971780361581
-0 -0.999999997850827 6.55617694474812e-05
0 -0.000107532890357482 -0.999999994218339
0 -0.0121720415403823 -0.999925917958295
-0 -1.3023628753206e-06 0.999999999999152
-0 -0.0230898225222688 -0.999733394508701
0 -4.0300103104544e-05 -0.999999999187951
0 -0.0233002387008055 -0.999728512585535
0 0.999999999282536 -3.78804361117706e-05
-0 -0.999999997581013 6.95555425545561e-05
-0 -0.999999997767747 6.68169594391704e-05
0 -0.0243048945611606 -0.999704592417365
-0 -0.000148684774278948 -0.999999988946419
-0 0.999999999759308 -2.19404810142747e-05
0 -0.00010389607576458 -0.999999994602803
0 -0.000102073281064201 -0.999999994790523
0 -3.29825852352539e-05 -0.999999999456075
-0 -0.999999997367496 7.25603747832577e-05
0 -0.0230052245209791 -0.999735344801183
-0 3.86411520305782e-05 0.999999999253431
0 2.01059810893018e-05 0.999999999797875
0 7.99861442998656e-05 0.999999996801108
0 -3.02995940589494e-05 -0.999999999540967
0 -1.70104467518232e-05 -0.999999999855322
0 -8.46821127799149e-05 -0.99999999641447
0 -0.0238163943205436 -0.999716349451968
0 -9.57212901247069e-05 -0.999999995418717
0 -0.0235108316089111 -0.999723582195127
0 -0.0243956052789531 -0.999702382933578
-0 -0.00847046641933829 -0.99996412495581
0 -0.00683546394273298 -0.999976637943451
0 -0.023282130173846 -0.999728934469023
-0 -2.71952812808583e-05 -0.999999999630208
0 -0.0240715550144143 -0.999710238138626
-0 -3.05073281055145e-05 -0.999999999534652
0 -3.42348430221514e-05 -0.999999999413988
0 -0.000112919354440652 -0.99999999362461
0 -3.76054085525209e-05 -0.999999999292917
0 -0.023360743433096 -0.999727100596084
0 -9.50275079915468e-06 -0.999999999954849
-0 -7.78649116368483e-05 -0.999999996968528
0 -0.00683998669929102 -0.999976607017361
0 -0.0235342596105378 -0.999723030956366
0 -0.0113252252586964 -0.999935867579936
0 -0.000116234331596095 -0.99999999324479
0 -9.28071599997066e-05 -0.999999995693416
0 -0.015319427680786 -0.999882650682335
0 -8.55364557136894e-05 -0.999999996341757
0 -0.011584718824324 -0.999932894893333
-0 -0.0241979240442322 -0.999707187366355
0 -3.86762621639668e-05 -0.999999999252073
0 -7.98574107830313e-05 -0.999999996811397
0 -0.000113068577052503 -0.999999993607748
-0 -0.000163711867196813 -0.999999986599212
0 -4.14996938713629e-05 -0.999999999138888
0 -6.7890737980607e-05 -0.999999997695424
-0 -1.71274787110068e-05 -0.999999999853325
0 -7.30138779417881e-05 -0.999999997334487
0 -0.0236166635880604 -0.99972108770445
0 -0.0191152426347279 -0.999817287057498
-0 -0.0231305574712177 -0.999732452864801
0 -0.023913447626453 -0.999714032622638
-0 7.19049856303318e-05 0.999999997414837
0 -4.8840618488567e-05 -0.999999998807297
0 -0.000106380116756702 -0.999999994341635
0 -0.0109228371616128 -0.999940344034753
0 -0.0230329839011591 -0.999734705635755
-0 7.73060817173367e-05 0.999999997011885
0 -0.0052018119060707 -0.999986470484923
0 -3.95306087430434e-05 -0.999999999218665
0 -3.53759205387737e-05 -0.999999999374272
0 -0.00383713387374387 -0.999992638174719
0 -0.0238472890667322 -0.999715612964091
0 -0.0237743034133397 -0.999717351303462
0 -3.35004587935426e-05 -0.99999999943886
-0 -3.73918228172071e-05 -0.999999999300926
-0 -2.22067319500453e-05 -0.999999999753431
0 -1.86342858764354e-05 -0.999999999826382
-0 -0.000139436217532076 -0.999999990278771
-0 -0.000102117169639843 -0.999999994786042
0 -2.74907924800375e-05 -0.999999999622128
0 -3.71138666850087e-05 -0.99999999931128
0 -0.0236337648424594 -0.999720683570852
0 -0.00424691421768367 -0.99999098181915
0 -5.46513291831278e-05 -0.999999998506616
0 -0.013370337366628 -0.999910613044337
0 -0.0223944403919885 -0.999749213072723
0 5.65070403361531e-05 -0.999999998403477
0 1.9515693562347e-05 -0.999999999809569
0 -0.024334290830083 -0.999703877300572
0 -9.03553078337269e-05 -0.999999995917959
0 -8.10452981635051e-05 -0.99999999671583
0 -2.42343357896747e-05 -0.999999999706348
0 7.19049856303318e-05 0.999999997414837
0 -0.0236804903808879 -0.999719577869375
-0 -1.24549187593746e-05 -0.999999999922438
0 -0.0236317342849758 -0.999720731571915
-0 -5.65560475484285e-05 -0.999999998400707
0 -6.45903927323703e-05 -0.999999997914041
0 -4.53266874945298e-05 -0.999999998972746
0 -7.58577878150596e-05 -0.999999997122798
0 -0.0232437894433595 -0.999729826629331
-0 -0.0051817110939823 -0.999986574844952
-0 -0.000149190948081409 -0.99999998887103
0 -0.000145627286021549 -0.999999989396347
-0 -3.25203036310018e-05 -0.999999999471215
0 -6.80224037086812e-05 -0.999999997686476
0 -0.0192135087970241 -0.99981540350192
0 -0.0209795899696633 -0.999779904181268
-0 -0.000145960830459864 -0.999999989347718
0 -0.000133856635040021 -0.999999991041201
-0 -0.000125351229978316 -0.999999992143535
0 -0.0246954117884166 -0.999695021812453
-0 -0.000106128492318792 -0.999999994368372
0 -6.52165252609025e-05 -0.999999997873402
-0 -9.58032174063157e-05 -0.999999995410872
0 -5.06487848984494e-05 -0.99999999871735
-0 -6.92658794080712e-05 -0.999999997601119
-0.999999852562948 0 -0.000543023095039029
-0.999999855596072 0 -0.000537408444063492
-0.999999858536994 0 -0.000531907880017715
-0.999999847509252 0 -0.000552251276341187
-0.999999876887924 0 -0.000496209771764083
-0.999999860605443 0 -0.000528004824701832
-0.000509615923906812 -0 0.999999870145797
-0.000500063059734002 -0 0.99999987496846
-0.000493099620796903 0 0.999999878426375
-0.99999985124766 0 -0.000545439876334525
-0.000500224003875225 0 0.999999874887965
-0.999999855087742 0 -0.000538353503348612
-0.999999869732433 0 -0.000510426407157752
-0.999999863978852 0 -0.000521576721765759
-0.999999858286314 0 -0.000532378954473548
-0.000493184429338027 -0 0.999999878384552
-0.999999867755165 0 -0.000514285574016759
-0.000502336475760683 -0 0.999999873829025
-0.000478341653912668 0 0.999999885594624
-0.000484740449717832 -0 0.999999882513341
-0.000473908995993846 -0 0.999999887705125
-0.000504753199003076 -0 0.999999872612096
-0.999999844057987 0 -0.000558465756916712
-0.999999845062909 0 -0.000556663415529796
-0.999999853020152 0 -0.000542180481211318
-0.999999866209845 0 -0.000517281637900875
-0.999999848956805 0 -0.000549623841618269
-0.999999843650897 0 -0.000559194225538643
-0.999999858680153 0 -0.00053163866966809
-0.000506833482046162 -0 0.999999871559902
-0.999999851212543 0 -0.000545504253986437
-0.000494343052542915 -0 0.999999877812466
-0.999999868255779 0 -0.0005133112362504
-0.999999844190327 0 -0.000558228735404055
-0.999999860467936 0 -0.000528265187491202
-0.999999847701485 0 -0.000551903078231285
-0.00049483461611756 -0 0.999999877569344
-0.000491262180013466 -0 0.999999879330728
-0.999999856639818 0 -0.000535462737190047
-0.999999843984448 0 -0.000558597422599783
-0.999999852451698 0 -0.000543227927731567
-0.999999844193577 0 -0.000558222914639991
0.999999730136098 0.000455876470519549 0.00057611142553529
6.50065543324272e-05 -0.709419278346535 0.704786693464363
-0.999995361652512 0.00201272658382698 0.00228595825854289
0.999995371517207 0.00191711296012987 0.0023625456741248
-0.99999504481178 -0.00215224700893386 -0.00229743002058113
0.999995029857437 -0.00222401700450925 -0.00223472790002526
0.999975556126337 0.00441058811110022 0.00542529836380958
-0.999982092652762 0.00388890284712372 0.00454871503262217
-2.90063644213527e-05 -0.728197060139818 0.685367814215372
3.13974833190657e-05 -0.734030486855591 0.679116516792768
-7.94557573999467e-05 -0.745916370469996 0.666039609896927
-3.40445438763522e-05 -0.746314220743586 0.665593782089995
0.999990480855361 0.00288147650468655 0.00327647551763479
-6.76302746135882e-05 -0.711263836191594 0.70292513879656
2.64937462110275e-05 -0.711263807212265 0.702925170873824
0.999991161915808 -0.00289784176558464 -0.00304608000111418
1.89625492184696e-05 -0.747046594117503 0.664771679494442
0.99999969189702 0.000473224645117938 0.000626310068047046
-0.999998627082313 0.00110669502968878 0.00123331245052126
0.999999297465665 0.000717815948792476 0.000943296581332314
-0.999999965990499 0.00012320550789627 0.000229868231566888
-0.999970369880537 -0.00498631417391465 -0.00586481303544908
0.999961941171852 -0.00575087472670436 -0.00656076578604158
0.999866176612414 -0.0103521014871923 -0.0126673936258479
0.999999641262597 -0.000656581778029651 -0.00053514021274597
-2.52701775853954e-05 -0.71545235194011 0.6986615285421
-0.999998504858426 -0.00113978833495206 -0.00130044740950374
0.999991612321433 -0.00274846600076308 -0.00303664641055371
-2.57791273540764e-05 -0.710108169925304 0.704092597845462
0.999998831139741 -0.00111320330947323 -0.00104809233547518
-7.26446896342337e-06 -0.709917539638673 0.704284805217747
0.999996364872831 0.00165290485273779 0.00213029262576523
0.999939062569006 0.00669107581381738 0.00878069775532862
4.6477224544267e-05 -0.71889504673878 0.695118629885802
0.999999888526701 -0.000386244002789596 -0.000271591891698149
5.70746514840883e-05 -0.711058863237742 0.703132483784908
-0.999941634548998 0.00609457750413472 0.00892096522376134
0.999999746445519 0.000425692570445699 0.000570871905517936
4.85838584833752e-05 -0.721003577556636 0.692931337716906
-0.999954010095222 -0.00522588749977959 -0.00804162883527964
-0.999999533050207 0.000613130934824366 0.000746973777478716
0.999998996553951 -0.000903886036804746 -0.001090816722883
-0.99999899220064 -0.000381499819951298 -0.00136749975928578
-0.999998941000974 -0.00106542852340857 -0.000991392450894863
-0.999980392523443 0.00411299601821324 0.00472205806993708
0.999997957611803 -0.001460968273579 -0.00139654714406871
-0.000105742285328967 -0.748737506367352 0.662866604512076
-0.999997498358947 0.0013313206593861 0.00179745963809756
-4.55080913775082e-05 -0.746912138395899 0.664922743967958
4.03826427062349e-05 -0.73603246183508 0.676946241214348
0.999999438441411 -0.000807886666663441 -0.000685883369339207
-0.999998789779893 -0.00111686388795478 -0.00108307608494093
0.999996440795318 -0.0019413106146251 -0.00183022124188392
-3.07734563655217e-05 -0.723544233028057 0.690278017833999
0.999954929004611 -0.00609366206544839 -0.00728060725598729
-0.999957701141063 -0.00577762222558959 -0.00715646631368177
0.999998469706737 0.00114989788217346 0.00131845327722176
-0.999999860546244 0.000320000327522947 0.000420127697583508
-0.999980150993708 -0.00413658116346823 -0.00475250616820329
-0.999991358464912 -0.00286050883792629 -0.00301670096111186
0.999991350783094 -0.00291622830070913 -0.00296546311769855
-0.999986399101238 0.00345256198986711 0.00390914674134591
0.999986389893562 0.00337232663173325 0.00398088441555755
0.999991823117173 -0.0027867567286799 -0.0029304753416478
-0.999991831039047 -0.00268642571801635 -0.00302009470634824
-0.999968649941221 -0.00343903371572128 -0.00713247375274366
0.999968649805349 -0.0039347231878057 -0.0068714889145536
-0.999999705792304 -0.00055258346116459 -0.000532040246657258
0.999996273434231 -0.00194786101801518 -0.00191283953991289
8.26001224881628e-06 -0.713395035841089 0.700762101407506
-0.999972504834699 0.0047268651052235 0.00571369590493846
0.999999759212429 0.000410805891519843 0.00055929741928347
5.26156699326418e-05 -0.720746538591563 0.693198690376627
0.999999024573504 -0.00102346255407553 -0.000950461173262579
-0.999960123641334 -0.00512471869970544 -0.00731357542230451
6.48692673347276e-06 -0.713393149698743 0.700764021565625
0.999955111807156 -0.00547446201643224 -0.00773334574221318
-6.38911308279738e-05 -0.71461393238561 0.699519065900493
1.97672945583703e-05 -0.714767372711693 0.699362282737694
0.999970289802938 0.00482401427224232 0.00601235375949952
0.999948102524906 0.00538742102944341 0.00864684633215317
-0.999948112845285 0.00569991833627819 0.00844289927173428
0.999922001843909 0.00518366073178278 0.0113630933239044
-0.999921951688844 0.00571729833902065 0.0111086916635431
-1.25924309081955e-05 -0.710839702086055 0.703354048669402
-3.70200373814847e-05 -0.716446802066736 0.697641726416837
0.999998460071901 0.0011210067899147 0.00135025834736681
-5.34308782125215e-05 -0.713772152917808 0.700377977141072
1.75202741301002e-05 -0.714854669211722 0.699273052247289
0.999942838362798 0.00570680460595998 0.00904170272350843
-0.999999931168455 -0.000301338139385761 -0.000216468038428283
0.999999157807359 0.000827938475529914 0.000999451076099685
-0.000106739811839061 -0.748054181784415 0.663637649415297
0.999998959524743 0.000633578491670953 0.00129596594311424
1.2259593920728e-05 -0.747438038257632 0.664331527789616
0.999961344871589 0.00513262772445043 0.00713897018096187
0.999998108420395 0.00095664434397284 0.0016935132801672
-0.999951283764364 0.00503920220809085 0.00848743418866473
0.999951272455043 0.00458400982615493 0.00874297257535685
-0.999994835252092 0.00196310025268868 0.0025447409572922
9.7375746943775e-06 -0.714404307118322 0.699733153334876
-0.99995706736509 0.00496985474408826 0.0078207397623995
0.999956372741687 0.00460125434471108 0.00812902649428225
0.999967671834881 -0.00502214524513809 -0.00627959730111222
-0.999994732533327 0.00217604273599116 0.0024082656853016
0.999994727147912 0.00213589220287067 0.00244614817014465
-0.999999774497443 -0.000519373375268376 -0.000425742128204817
-0.999971997902681 -0.00471362724733472 -0.00581249762953274
-0.999959245905478 -0.00451493033522436 -0.00781805168921888
0.999959231330972 -0.00492288525735821 -0.00756973425652107
-0.999993130829913 -0.00202653582978491 -0.00310345702715964
0.999958458764804 -0.0054889908928808 -0.00727679350378171
-0.999970149183157 -0.00479074598092439 -0.00606213622091071
0.999995670295297 -0.00185997103145713 -0.00228032857776289
0.999875131873178 0.00923345865206283 0.0128243480503148
-0.999897640339257 0.00860627608060577 0.0114298230961592
-0.999981814389413 -0.0028368766947602 -0.00532193771820924
0.999981981503775 -0.003269488765489 -0.00503459144279052
-0.999954051131065 0.00582867656433839 0.00761066068617685
-1.79962013607063e-05 -0.723656905866204 0.690159896160512
-0.999967708477599 -0.00338416422067793 -0.00728899407238769
0.999967711048352 -0.00392861082817622 -0.00701019811987562
-0.999987458001604 0.00313390332590514 0.0039067236189769
0.999997806942502 -0.00153203074344889 -0.00142793276729491
-0.999999994212593 -7.63337922446875e-05 7.58153378899342e-05
0.999999993651013 -8.00007106074825e-05 7.93590591601328e-05
2.44808134649056e-05 -0.726521654553565 0.687143569325538
-8.42753636532559e-05 -0.72638579726282 0.687287179010725
0.999969215019416 0.00520428314611835 0.00587234624217891
-0.999977134763228 0.00340484690750174 0.00584268502154643
0.999977139775483 0.00290250333812271 0.00610699605503381
-0.999997270628498 -0.00168344553673427 -0.00162010699635552
0.999997280436443 -0.00170458211937854 -0.00159170333838289
-4.89720844168761e-05 -0.712032769823181 0.702146232845882
-9.5203365765501e-06 -0.712195935890409 0.701980732506632
-0.999846293762986 -0.00721131772250065 -0.015980793006783
0.99984628469423 -0.00778359119107325 -0.0157105916920556
-0.999969816864793 0.00495095394954127 0.00598777207158929
0.999980124363354 0.00385375911153686 0.00498993175924858
-0.999987038674645 0.00341736558427434 0.00377413502383462
0.999999944153102 -0.000303099401469428 0.000140799668497088
-0.999999945949373 0.000298185086115821 -0.000138516806936414
0.999956206690075 -0.00518976531075969 -0.00778787763229659
-0.999955792564018 -0.00482876051138812 -0.00806820857385212
-0.999994938034273 0.00215292216224987 0.00234282564324396
0.999994893411234 0.00212469837408005 0.00238721768476206
-4.58502502645402e-05 -0.729406961330787 0.684080026502705
0.999918417344522 0.00547629778921752 0.0115398794512943
-0.999918408540032 0.00604015387883954 0.0112557897941019
0.999999995414235 -6.74877429820076e-05 6.79480280778806e-05
-0.999999995475881 -6.69115248114357e-05 6.76098010163615e-05
0.999999995066019 -6.99674814494801e-05 7.0516058151511e-05
-0.999999994694139 -7.24459490759028e-05 7.32345948958307e-05
-1.76804597726398e-05 -0.718974229384318 0.695036730805378
0.9999999948664 -7.12606497521145e-05 7.20355483970278e-05
-0.999999993465959 -8.03951151328301e-05 8.1269355453796e-05
0.999949513516718 -0.00511297748560822 -0.00865031091408224
-0.999949539566204 -0.00460079834100675 -0.00893034019293184
0.9999635218447 0.00404244206376054 0.00752420375225852
-0.999962743040974 0.0045458562863672 0.0073381006122247
0.999997522790587 0.00140712621974275 0.00172464735271156
-0.999992715345121 0.00257515777247789 0.00281741355480028
0.999999995845202 -6.40678609182713e-05 6.4845243158446e-05
-0.999999996115308 -6.19983914801994e-05 6.26544736961855e-05
0.99999832537032 -0.00135360261750573 -0.00123167224132111
-0.999998329100397 -0.00132814242333579 -0.00125611867140999
-0.999940225913644 -0.00659718629709656 -0.00871904425563329
0.999999994023226 -7.68627382052008e-05 7.77538967837878e-05
-0.999999992030075 -8.87584073655745e-05 8.97875008967214e-05
0.999999996208679 -6.12177992262805e-05 6.19275679414812e-05
7.99605435289379e-05 -0.702833977866957 0.711353915545575
-9.09842450804009e-05 -0.727578590758127 0.686024333382049
1.41965170522303e-05 -0.726891449052683 0.686752372469546
0.999990951222303 -0.00290163460626817 -0.00311094682151531
7.04868154951676e-06 -0.725670202927465 0.688042699644091
-0.999998946437719 0.000947026951714177 0.00110011972280124
0.999998956032918 0.000928369507334057 0.00110727735104964
-5.59004799355182e-05 -0.729193997675893 0.684307029503998
0.999998605758114 -0.00122423358177912 -0.0011356645481801
3.72491536185504e-05 -0.71195145863753 0.702228680101002
0.999999138672503 -0.00096925963140258 -0.000884980236446855
3.44989349809073e-05 -0.712022105067299 0.702157048462347
0.999999996904172 -5.52972758176666e-05 5.59809480853419e-05
7.10162626601251e-05 -0.702749186681447 0.711437682144582
-3.46063841838353e-05 -0.709306531167359 0.704900165729677
3.57891247580747e-05 -0.718944266611712 0.695067723481163
6.37455606561434e-05 -0.703300191865616 0.710892984955043
0.999999997267851 -5.19885731953629e-05 5.25498391040336e-05
0.999999992591375 -8.55758482620943e-05 8.65680279980676e-05
-0.999999990900344 -9.48407336085266e-05 9.59403318706792e-05
0.999998976143942 0.000908014083935218 0.00110599344117335
5.89618180689828e-05 -0.703470299794979 0.710724654018605
0.999999997645698 -4.82716240335183e-05 4.87694058918563e-05
5.61530148205639e-05 -0.703019576053325 0.711170494700562
0.999999997862895 -4.59616184891155e-05 4.64945122810622e-05
4.29223832869561e-05 -0.703921677574417 0.71027760065941
0.999999997892631 -4.56993026873918e-05 4.6111941285644e-05
3.50167761846197e-05 -0.703238899846863 0.710953619103243
-5.85719507424822e-05 -0.703238897916945 0.710953619461837
2.5736020466546e-05 -0.705343321320976 0.708865853603875
-5.58509231216534e-05 -0.705343320454468 0.70886585273304
2.51011147790475e-05 -0.705084389005416 0.709123405163582
-4.13475530883391e-05 -0.703363599776741 0.710830250340743
2.11980492383829e-05 -0.704632229287813 0.709572703110492
-3.30059907490795e-05 -0.703008090930405 0.711181849456939
7.3763990469566e-06 -0.704158858285594 0.710042465098756
-1.90435368950965e-06 -0.702762199690482 0.711424831364894
-2.639360278652e-05 -0.704638228611732 0.709566745332881
-1.67295653821014e-05 -0.70338557509025 0.710808506192125
-2.01410913177361e-05 -0.702865359979245 0.711322912140177
0.999999913827689 -0.000362722193727939 -0.00020193371381748
-0.999999850695994 -0.000447840719923671 -0.000313124065455317
4.17221673781946e-05 -0.725244558363309 0.688491342591663
0.999985741127262 -0.00374191777054414 -0.00380993353724889
0.999998889020663 -0.00103933267638212 -0.00106852469645044
5.22792015187345e-05 -0.711168854594768 0.703021235469634
0.999999174062893 0.000845350184955666 0.000968120135218824
-0.999980875829849 0.00285318479744537 0.00548701294688323
0.999980860529846 0.00227104465511588 0.00575507864093062
-0.999999994191799 -0.000107440101935809 8.54553234770106e-06
-0.999999973959945 -0.000215177545278963 -7.60179777459957e-05
0.999999742495881 -0.000576228057333298 -0.000427749223072487
0.999998848937489 -0.00114654106353822 -0.000993764200514884
-0.999999994722476 -6.83420067793635e-05 7.67099559071908e-05
0.999996284072078 -0.00193336666214263 -0.00192196133827035
0.999995066733081 0.0021599438523801 0.00228060344088838
-0.999999993911263 -1.40507533333242e-05 0.00010945341175261
0.999999259178309 0.000228909136244923 0.00119550969891002
-0.999999251114402 0.000790699774893924 0.000934111610706939
0.999999715285307 0.000476456569482053 0.000585165312761227
4.02539489119372e-05 -0.709719839515942 0.704484029469146
-0.999999764963316 0.000411382515659331 0.000548486772129706
0.999999850160376 0.000283056440128337 0.000468570461349631
5.19865943612705e-05 -0.709629412645718 0.70457511594257
0.999999896127659 -0.000371084931862348 -0.000264651930780301
0.999999957081019 -0.000265589345754089 0.000123694216120888
-0.999999924580108 0.000352069901547736 -0.000163971225457318
-0.999999948982938 0.000290836963946422 -0.000132090809247746
0.999999932649436 -0.000334166182338287 0.000151769846753131
-0.999999931075114 0.000176270158663098 0.00032676994663087
0.999999930280614 0.000170033389556075 0.000332456633041118
-0.999999940599676 -0.000310653245247681 -0.000149315793192923
0.999999941106588 -0.000307420453682061 -0.000152576163812338
-7.98114399082192e-06 -0.725246549610274 0.688489246259296
-4.37115514055825e-05 -0.717088444315965 0.696982181348856
0.999997634660642 0.00139231289514331 0.00167096915685782
-0.9999997882546 0.000403260305856903 0.000510756184874695
0.999999977432546 -0.000199930138608621 -7.18529493185786e-05
0.999999288493652 0.000763866097498048 0.000916253663404929
-0.999999995331538 -7.30277393852529e-05 6.3276169568061e-05
0.999999336292229 -0.000878387600306786 -0.00074555370412145
0.999996269797686 0.00184512353306743 0.00201392896122576
-0.999969285862369 -0.00534663232944977 -0.00573069407989806
0.999998144870695 -0.00141228338912887 -0.00130985144070184
0.99999992750861 0.000203036817061194 0.000322116169561001
7.03433133297062e-05 -0.702789501203513 0.711397857777162
0.999999859670724 -0.000429027384397612 -0.000310795811189233
6.7329703259847e-05 -0.709598304316608 0.704606444746077
0.999999993395952 -8.07955652203066e-05 8.17323216088917e-05
-0.999999992318498 -8.7087117543523e-05 8.8197717762079e-05
5.61032593241133e-05 -0.711429601747375 0.702757368236005
0.99999996057791 0.000130882935296604 0.000248422696980137
-0.999998764543707 -0.00111880430408395 -0.00110416846058473
0.999999815754946 -0.000482925807709852 -0.000367794424777718
6.53839790901014e-05 -0.703098145203123 0.711092816682086
6.14341523960432e-05 -0.703389784125598 0.710804338628845
0.999999974123188 -0.000206075951680839 -9.63655867350908e-05
0.999999818028527 0.000374089255166044 0.000473286532041502
5.42189840949755e-05 -0.703265361586958 0.710927442326056
4.35163388428321e-05 -0.703526755379123 0.710668771349953
0.999999233867653 -0.000928544779046211 -0.000818577241626961
-0.999997682085433 -0.0012411056313693 -0.00175939778706213
0.999999482761498 0.000676894412538045 0.000759138123471827
3.72257340781967e-05 -0.70359839401711 0.710597845866977
3.26379322116746e-05 -0.704622231676946 0.709582630538097
-5.70151352510035e-05 -0.704622172186503 0.709582688072679
-4.70293679564304e-05 -0.704510880225823 0.709693185420063
2.01623018279099e-05 -0.705211770111952 0.708996726994596
1.95068717574168e-05 -0.70487028708294 0.709336223526683
-3.84860733480164e-05 -0.703174078119899 0.71101773140974
4.73435761527471e-06 -0.704385447696432 0.709817681557091
-2.95506223196209e-05 -0.704134491611593 0.710066628457952
-3.44341120231897e-06 -0.703418798071109 0.710775628808655
-6.25505985382446e-06 -0.703173060601919 0.711018738715517
-2.47785489445678e-05 -0.703987744756962 0.710212119453075
-2.13582273840044e-05 -0.703078190047146 0.711112549617749
-0.999999700857353 0.000508168495406707 0.000583138048842373
-0.99999941372915 0.000702591705403012 0.00082395767581184
-1.34028884326586e-05 -0.710555722348966 0.703640934893289
0.999999805626089 0.000310906532650447 0.000540448806809306
-0.999999799351863 0.000389308554945047 0.000499735012563977
-0.999999960663355 0.000121834610064721 0.000252645236660395
-4.81852006439108e-06 -0.710491056408927 0.70370623042553
0.999997146557433 -0.00173114594322594 -0.00164621101799829
-0.999999653268486 -0.000646438348315997 -0.000524957492955637
0.999984488969291 -0.00347898833452521 -0.00434953572165562
-0.999992102346581 -0.00233293641786083 -0.0032175537502291
-1.50676551401345e-05 -0.718890987655541 0.695122829175252
-3.86645359754535e-05 -0.709462500062054 0.704743186920422
-0.999999987740984 -0.000110080455996067 0.000111356745977225
-0.999984732139717 0.0038049724789221 0.00400720250210333
0.999999991298978 -9.2740098827632e-05 9.38153420024017e-05
0.99998473219395 0.00380528865044244 0.00400688872826578
-0.999993044234813 0.00254767277260953 0.00272412287464097
0.999993042108967 0.00253445624065969 0.00273720025157234
-0.999999792382646 -0.000504270042133712 -0.00040118124195039
0.999999975159951 7.84333891668194e-05 0.00020863436941014
