0 -0.0012329713208600879 0.23007935285568237 -0.97317111492156982
1 -0.0012005759635940194 0.22917555272579193 -0.97338438034057617
2 -0.0007957425550557673 -0.99511080980300903 -0.098761864006519318
3 -0.00086548482067883015 0.96466916799545288 -0.26346290111541748
4 -0.0012631382560357451 -0.81966853141784668 -0.57283675670623779
5 -0.0008968281326815486 0.96737724542617798 -0.25333878397941589
6 -0.0011248169466853142 -0.95526236295700073 -0.29575756192207336
7 -0.00066567450994625688 0.99688553810119629 -0.078859366476535797
8 -0.00094611378153786063 -0.99648427963256836 -0.083774760365486145
9 -0.00085742201190441847 0.97434645891189575 -0.22505173087120056
10 -0.00103138224221766 0.85171639919281006 -0.5240020751953125
11 -0.0010114642791450024 0.84967517852783203 -0.52730560302734375
12 -0.0011197230778634548 -0.95643872022628784 -0.29193115234375
13 -0.0010675616795197129 -0.40816581249237061 -0.9129071831703186
14 -0.0010916296159848571 -0.41962003707885742 -0.90769916772842407
15 -0.0010587053839117289 -0.59759879112243652 -0.80179452896118164
16 -0.0010732471710070968 -0.58035331964492798 -0.81436413526535034
17 -0.001069827820174396 -0.95441693067550659 -0.29847484827041626
18 -0.0013036851305514574 -0.8216395378112793 -0.57000601291656494
19 -0.00107724335975945 -0.86921107769012451 -0.49444013833999634
20 -0.0012316411593928933 -0.90506541728973389 -0.42527064681053162
21 0.99977624416351318 -0.021153608337044716 -9.0181580162607133e-05
22 -0.0011140746064484119 -0.041475139558315277 -0.99913895130157471
23 -0.0010060993954539299 -0.95344668626785278 -0.30155995488166809
24 -0.0011106575839221478 -0.73145598173141479 -0.68188786506652832
25 -0.00099455507006496191 0.29954349994659424 -0.95408213138580322
26 -0.0010694541269913316 -0.93786096572875977 -0.34700965881347656
27 -0.00090717303100973368 0.96557611227035522 -0.26011922955513
28 -0.00095083680935204029 0.29917252063751221 -0.95419859886169434
29 -0.00081881188089028001 0.95396280288696289 -0.29992386698722839
30 -0.001171502866782248 0.16882556676864624 -0.98564529418945312
31 -0.00098220841027796268 0.96246844530105591 -0.27139180898666382
32 -0.0007177880615927279 0.95475500822067261 -0.2973925769329071
33 -0.0010342736495658755 0.8073575496673584 -0.5900617241859436
34 -0.00087594205979257822 0.96745193004608154 -0.25305354595184326
35 -0.0012630349956452847 0.89625585079193115 -0.44353571534156799
36 -0.0010923469671979547 -0.73488253355026245 -0.67819356918334961
37 -0.00098866899497807026 0.66799688339233398 -0.7441633939743042
38 -0.00094955012900754809 0.96835064888000488 -0.24959199130535126
39 -0.0011016593780368567 0.72096937894821167 -0.6929660439491272
40 -0.00091132131638005376 0.96917420625686646 -0.24637489020824432
41 -0.0009685415425337851 0.86827999353408813 -0.49607354402542114
42 -0.0011815644102171063 0.50658106803894043 -0.86219155788421631
43 -0.0010210637701675296 0.56575000286102295 -0.82457619905471802
44 -0.00087252858793362975 0.49566659331321716 -0.86851239204406738
45 -0.0013010910479351878 -0.74788928031921387 -0.66382229328155518
46 -0.0010329806245863438 0.83214747905731201 -0.55455350875854492
47 -0.00100976403336972 -0.92682963609695435 -0.37548080086708069
48 -0.00094153668032959104 0.9667741060256958 -0.25563076138496399
49 0.99957019090652466 0.029316738247871399 0.00020073576888535172
50 -0.0011107617756351829 0.20788003504276276 -0.97815370559692383
51 -0.00086484727216884494 0.98126804828643799 -0.19264550507068634
52 -0.0011267383815720677 -0.20799100399017334 -0.97813010215759277
53 -0.0010408785892650485 0.38723582029342651 -0.92198014259338379
54 -0.0013105025282129645 -0.80934602022171021 -0.58733075857162476
55 -0.00099780445452779531 -0.97384566068649292 -0.2272084653377533
56 -0.0012312690960243344 -0.74661582708358765 -0.66525429487228394
57 -0.0013271520147100091 -0.41057732701301575 -0.91182482242584229
58 -0.0012122583575546741 -0.23827660083770752 -0.97119665145874023
59 -0.0013695964589715004 -0.41140410304069519 -0.91145205497741699
60 -0.0013222951674833894 -0.74674850702285767 -0.66510516405105591
61 -0.0013049201807007194 -0.67251795530319214 -0.74007964134216309
62 -0.0011869267327710986 0.4375443160533905 -0.8991960883140564
63 -0.00091863656416535378 0.91615259647369385 -0.40082865953445435
64 -0.0011417024070397019 -0.95181912183761597 -0.30665796995162964
65 -0.00089547003153711557 0.96814680099487305 -0.25038173794746399
66 -0.0010114727774634957 0.54931861162185669 -0.83561235666275024
67 -0.001334992004558444 -0.59388720989227295 -0.80454725027084351
68 -0.0012644833186641335 -0.74686914682388306 -0.664969801902771
69 -0.00092370598576962948 -0.99356842041015625 -0.11322961747646332
70 -0.0010843463242053986 0.89593392610549927 -0.4441860020160675
71 -0.0011908301385119557 -0.86546343564987183 -0.50097078084945679
72 -0.0010934756137430668 0.092229388654232025 -0.99573719501495361
73 -0.001125078764744103 -0.91177576780319214 -0.41068679094314575
74 -0.0013614633353427052 0.31479015946388245 -0.94916033744812012
75 -0.0010628587333485484 0.84089356660842896 -0.5411994457244873
76 -0.0009989480022341013 0.66762381792068481 -0.74449819326400757
77 -0.0013988905120640993 -0.31167685985565186 -0.95018714666366577
78 -0.0011064406717196107 -0.91191035509109497 -0.41038799285888672
79 -0.0013478402979671955 -0.31081044673919678 -0.95047104358673096
80 -0.0010313753737136722 0.89478474855422974 -0.44649660587310791
81 -0.001276171300560236 -0.59403640031814575 -0.80443716049194336
82 -0.0012670709984377027 -0.67304754257202148 -0.73959821462631226
83 -0.0011638003634288907 -0.91233760118484497 -0.40943723917007446
84 -0.0010760051663964987 0.78200393915176392 -0.6232725977897644
85 -0.001178072183392942 -0.95339614152908325 -0.30171915888786316
86 -0.0012024275492876768 -0.86561429500579834 -0.50071001052856445
87 -0.00111800292506814 0.84191983938217163 -0.53960138559341431
88 -0.0011401301017031074 -0.91162896156311035 -0.41101253032684326
89 -0.0010379854356870055 0.89111608266830444 -0.45377424359321594
90 -0.0013898797333240509 -0.50162851810455322 -0.8650820255279541
91 -0.0011237460421398282 0.67053139209747314 -0.74188035726547241
92 -0.0010686966124922037 0.55745381116867065 -0.83020728826522827
93 -0.0011232573306187987 -0.85749757289886475 -0.51448690891265869
94 -0.00077598198549821973 0.91416811943054199 -0.40533444285392761
95 -0.0011013767216354609 0.67135709524154663 -0.74113327264785767
96 -0.00098203960806131363 0.91473531723022461 -0.40405237674713135
97 -0.0010617651278153062 -0.67051267623901367 -0.74189728498458862
98 -0.0013407407095655799 -0.5096171498298645 -0.86040025949478149
99 -0.001172010088339448 -0.86312484741210938 -0.50498932600021362
100 -0.0011671491665765643 -0.81039649248123169 -0.5858805775642395
101 -0.0013120905496180058 -0.58781695365905762 -0.80899292230606079
102 -0.001369569799862802 -0.40677398443222046 -0.91352784633636475
103 -0.0010691594798117876 0.80756384134292603 -0.58977919816970825
104 -0.0012226500548422337 -0.80901229381561279 -0.58779048919677734
105 -0.0010468602413311601 0.78395241498947144 -0.62082004547119141
106 -0.0010936390608549118 -0.95106637477874756 -0.30898472666740417
107 -0.0011425728444010019 -0.80938810110092163 -0.5872730016708374
108 -0.0010619028471410275 0.91153782606124878 -0.41121494770050049
109 -0.0010315146064385772 -0.10656613111495972 -0.9943050742149353
110 -0.0012906354386359453 -0.80940133333206177 -0.58725458383560181
111 -0.0010049777338281274 0.55752837657928467 -0.83015733957290649
112 -0.0012614948209375143 -0.8089556097984314 -0.58786845207214355
113 -0.0011165544856339693 0.71420043706893921 -0.69994038343429565
114 -0.0012304419651627541 0.11044646799564362 -0.99388134479522705
115 -0.0011112614301964641 -0.49848037958145142 -0.86690032482147217
116 -0.00076815654756501317 0.95106405019760132 -0.30899292230606079
117 -0.0011156194377690554 -0.80833637714385986 -0.58871984481811523
118 -0.0012109329691156745 -0.86576324701309204 -0.50045239925384521
119 -0.0012637035688385367 -0.7437935471534729 -0.66840827465057373
120 -0.0011326437816023827 -0.86600756645202637 -0.50002962350845337
121 -0.00089469255181029439 0.80818164348602295 -0.58893263339996338
122 -0.0010444688377901912 0.63942587375640869 -0.76885205507278442
123 -0.0010876248124986887 0.71457946300506592 -0.69955343008041382
124 -0.0011401900555938482 -0.30918523669242859 -0.95100116729736328
125 -0.0011140576098114252 -0.91202324628829956 -0.4101371169090271
126 -0.0011188648641109467 0.78354573249816895 -0.62133318185806274
127 -0.00099654507357627153 0.89465463161468506 -0.44675722718238831
128 -0.0013102585216984153 -0.50134623050689697 -0.86524581909179688
129 -0.0011485152645036578 0.78224641084671021 -0.62296807765960693
130 -0.0011422423413023353 -0.80968856811523438 -0.58685874938964844
131 -0.0010438846657052636 0.84142696857452393 -0.54036992788314819
132 -0.0010812471155077219 0.866008460521698 -0.50002819299697876
133 -0.001083110342733562 -0.94694650173187256 -0.32138952612876892
134 -0.0010174063500016928 0.78156942129135132 -0.62381744384765625
135 -0.0012426583562046289 -0.86845517158508301 -0.49576619267463684
136 -0.00067949085496366024 0.95105075836181641 -0.30903390049934387
137 -0.00089740793919190764 0.86603868007659912 -0.49997624754905701
138 -0.00093874684534966946 0.92803257703781128 -0.37249806523323059
139 -0.0012216244358569384 -0.8660433292388916 -0.49996751546859741
140 -0.0012609071563929319 -0.67166870832443237 -0.74085056781768799
141 -0.0012135241413488984 0.58781522512435913 -0.80899429321289062
142 -0.0013078599004074931 -0.67179018259048462 -0.74074041843414307
143 -0.0011433130130171776 -0.74583679437637329 -0.66612774133682251
144 -0.0013004076899960637 -0.74386721849441528 -0.66832625865936279
145 -0.0012723284307867289 -0.67172223329544067 -0.7408021092414856
146 -0.0011306012747809291 0.78229880332946777 -0.62290239334106445
147 -0.0010474413866177201 0.63898688554763794 -0.76921701431274414
148 -0.0010174924973398447 0.8920101523399353 -0.45201420783996582
149 -0.00082636933075264096 -0.99305325746536255 -0.11766276508569717
150 -0.0012006642064079642 -0.86300015449523926 -0.50520229339599609
151 -0.0012462071608752012 -0.59534287452697754 -0.80347084999084473
152 -0.0012641344219446182 -0.74316984415054321 -0.66910165548324585
153 -0.0010685129091143608 0.83994859457015991 -0.54266494512557983
154 -0.0010690465569496155 -0.30892056226730347 -0.95108723640441895
155 -0.0011348112020641565 0.71452361345291138 -0.69961041212081909
156 -0.0012145366054028273 -0.67485898733139038 -0.7379457950592041
157 -0.0011163034942001104 0.84140455722808838 -0.54040467739105225
158 -0.00095166033133864403 0.74312520027160645 -0.66915184259414673
159 -0.0013211242621764541 -0.67171287536621094 -0.74081039428710938
160 -0.0010451936395838857 0.84269595146179199 -0.53838872909545898
161 -0.0011212605750188231 -0.587757408618927 -0.80903643369674683
162 -0.0010572221362963319 0.78247702121734619 -0.62267863750457764
163 -0.0013043662765994668 -0.59254884719848633 -0.80553340911865234
164 0.99954211711883545 -0.030257618054747581 8.7064108811318874e-05
165 -0.0010584123665466905 0.84226220846176147 -0.53906691074371338
166 -0.0010519213974475861 0.84102755784988403 -0.54099124670028687
167 -0.0010639175307005644 0.8941916823387146 -0.44768300652503967
168 -0.0011731107952073216 -0.80873197317123413 -0.58817613124847412
169 -0.0012674437602981925 -0.41964122653007507 -0.90768921375274658
170 -0.0010411428520455956 0.4703444242477417 -0.88248234987258911
171 -0.0013332839589565992 0.20795638859272003 -0.97813719511032104
172 -0.001291357446461916 -0.51100659370422363 -0.85957586765289307
173 -0.0013486031675711274 -0.59247368574142456 -0.80558872222900391
174 -0.0013271631905809045 -0.32399314641952515 -0.94605851173400879
175 -0.0011249048402532935 0.78156077861785889 -0.62382811307907104
176 -0.0010962723754346371 -0.40670472383499146 -0.91355901956558228
177 -0.00081687717465683818 0.40671434998512268 -0.91355502605438232
178 -0.0010216961381956935 0.74316608905792236 -0.66910624504089355
179 -0.0010963053209707141 0.71374654769897461 -0.70040321350097656
180 -0.0011072232155129313 0.28130003809928894 -0.95961922407150269
181 -0.00138090830296278 -0.20795133709907532 -0.97813820838928223
182 -0.0013343512546271086 -0.50675827264785767 -0.86208713054656982
183 -0.0011011263122782111 -0.86379027366638184 -0.50385040044784546
184 -0.0011082058772444725 0.37713760137557983 -0.92615658044815063
185 -0.0012917317217215896 -0.50664490461349487 -0.86215388774871826
186 -0.0012913149548694491 -0.59325146675109863 -0.80501621961593628
187 -0.0010880907066166401 -0.91049891710281372 -0.41351011395454407
188 -0.0011074166977778077 -0.74312090873718262 -0.66915637254714966
189 -0.00095617666374891996 0.92696273326873779 -0.3751523494720459
190 -0.00093064975226297975 0.93272650241851807 -0.36058351397514343
191 -0.0013392540859058499 -0.41646718978881836 -0.90914976596832275
192 -0.0010827126679942012 0.63883483409881592 -0.76934319734573364
193 -0.0012809516629204154 -0.32390323281288147 -0.94608938694000244
194 -0.0013277615653350949 -0.66982340812683105 -0.74251925945281982
195 -0.0011059059761464596 0.63940644264221191 -0.76886814832687378
196 -0.0010699369013309479 -0.20787820219993591 -0.97815418243408203
197 -0.0011903763515874743 -0.74591267108917236 -0.66604268550872803
198 0.99955922365188599 0.029685113579034805 -0.00049862940795719624
199 -0.0012941421009600163 -0.41797152161598206 -0.90845924615859985
200 -0.0011384538374841213 0.080307215452194214 -0.99676954746246338
201 -0.0013097297633066773 -0.41970410943031311 -0.90766006708145142
202 -0.0010239275870844722 0.7173694372177124 -0.69669228792190552
203 -0.0010208395542576909 0.8396763801574707 -0.54308611154556274
204 -0.0010147360153496265 0.55825978517532349 -0.8296656608581543
205 -0.0011495167855173349 0.18095135688781738 -0.98349142074584961
206 -0.0013464933726936579 -0.5077439546585083 -0.86150699853897095
207 -0.0012994358548894525 -0.32544273138046265 -0.94556087255477905
208 -0.0010531714651733637 0.64033782482147217 -0.76809269189834595
209 -0.0011368468403816223 -0.74715334177017212 -0.66465079784393311
210 -0.0011939862743020058 -0.80894124507904053 -0.58788836002349854
211 -0.0011610784567892551 0.080061547458171844 -0.99678927659988403
212 -0.0010573435574769974 0.89187484979629517 -0.45228111743927002
213 -0.0012915743282064795 -0.50792193412780762 -0.86140215396881104
214 0.99955970048904419 -0.029662678018212318 0.00074553891317918897
215 -0.0013540323125198483 -0.32205986976623535 -0.94671839475631714
216 -0.0013480115449056029 -0.22443509101867676 -0.97448813915252686
217 -0.0011025399435311556 0.78127670288085938 -0.62418389320373535
218 -0.0010906350798904896 0.71552550792694092 -0.69858580827713013
219 -0.0013083600206300616 -0.41634747385978699 -0.90920466184616089
220 -0.0010545536642894149 0.47017982602119446 -0.88257008790969849
221 -0.0012938188156113029 -0.5901486873626709 -0.8072935938835144
222 -0.0008618328720331192 0.96175944805145264 -0.27389448881149292
223 -0.0010553610045462847 0.83881074190139771 -0.54442209005355835
224 -0.0011246801586821675 -0.91055351495742798 -0.41338977217674255
225 -0.0011423912364989519 -0.86395394802093506 -0.50356960296630859
226 -0.0013440062757581472 -0.12443318217992783 -0.99222707748413086
227 -0.0010220098774880171 0.6417611837387085 -0.76690387725830078
228 -0.0012211652938276529 -0.67367029190063477 -0.73903107643127441
229 -0.0010794408153742552 0.46926102042198181 -0.88305884599685669
230 -0.0013232136843726039 -0.59291326999664307 -0.80526524782180786
231 -0.0011431386228650808 -0.80917268991470337 -0.58756977319717407
232 -0.0013354192487895489 -0.12262824922800064 -0.99245178699493408
233 -0.0013274349039420485 -0.22275629639625549 -0.97487324476242065
234 -0.0010925435926765203 0.37906080484390259 -0.92537111043930054
235 -0.0010583437979221344 0.55663931369781494 -0.83075356483459473
236 -0.0010726351756602526 0.71427327394485474 -0.69986617565155029
237 -0.0011143733281642199 0.17923979461193085 -0.98380482196807861
238 -0.0010432351846247911 0.71577912569046021 -0.69832605123519897
239 -0.00099226983729749918 0.78712606430053711 -0.61679142713546753
240 -0.0012757934164255857 -0.67359209060668945 -0.73910224437713623
241 -0.001022614655084908 0.89729142189025879 -0.44143760204315186
242 -0.0013341553276404738 -0.22613777220249176 -0.9740944504737854
243 -0.0011432678438723087 0.88971143960952759 -0.45652192831039429
244 -0.0010487163672223687 0.47127637267112732 -0.88198500871658325
245 -0.0012730249436572194 -0.5096973180770874 -0.86035287380218506
246 0.99955928325653076 -0.029676428064703941 0.00075628591002896428
247 -0.001350170117802918 -0.50498640537261963 -0.86312621831893921
248 -0.0012892934028059244 -0.22605299949645996 -0.97411417961120605
249 -0.0010626092553138733 0.47111731767654419 -0.88207000494003296
250 -0.0010500394273549318 0.82972234487533569 -0.55817544460296631
251 -0.0013204915449023247 -0.32050463557243347 -0.9472460150718689
252 -0.0013087718980386853 -0.32188770174980164 -0.94677698612213135
253 -0.0010843208292499185 0.28324642777442932 -0.95904654264450073
254 -0.0011586471227928996 0.081875324249267578 -0.99664193391799927
255 -0.0014060017419978976 -0.31843894720077515 -0.94794237613677979
256 -0.0011594422394409776 -0.67474848031997681 -0.73804688453674316
257 -0.0010409512324258685 0.37731543183326721 -0.92608428001403809
258 -0.0010852840496227145 0.64019405841827393 -0.76821243762969971
259 -0.0012716222554445267 -0.66987425088882446 -0.7424735426902771
260 -0.0012893807142972946 -0.50470083951950073 -0.8632933497428894
261 -0.0011792863951995969 0.081513524055480957 -0.99667155742645264
262 -0.001053410698659718 0.55811125040054321 -0.8297654390335083
263 -0.0010572635801509023 0.64157783985137939 -0.76705724000930786
264 -0.001314345165155828 -0.22426067292690277 -0.97452831268310547
265 -0.0011115340748801827 0.37828195095062256 -0.92568981647491455
266 -0.0011066957376897335 0.75194817781448364 -0.65922129154205322
267 -0.0008288015378639102 -0.99624258279800415 -0.086602509021759033
268 -0.0010537791531533003 0.37843480706214905 -0.92562735080718994
269 -0.0012971194228157401 -0.12427221238613129 -0.99224734306335449
270 -0.0012930664233863354 -0.59543758630752563 -0.80340063571929932
271 -0.0011349192354828119 0.18254931271076202 -0.98319607973098755
272 -0.0010488192783668637 0.37916234135627747 -0.92532962560653687
273 -0.0010234378278255463 0.71376228332519531 -0.70038735866546631
274 -0.0013127524871379137 -0.4149639904499054 -0.90983694791793823
275 -0.0012544222408905625 -0.32523372769355774 -0.94563287496566772
276 -0.0013631575275212526 -0.22303108870983124 -0.97481042146682739
277 -0.0013347930507734418 -0.41778245568275452 -0.9085460901260376
278 -0.0011152463266626 0.36864984035491943 -0.92956769466400146
279 0.99956369400024414 -0.02952919527888298 0.00068974890746176243
280 -0.0012320732930675149 -0.74499160051345825 -0.66707277297973633
281 -0.0013641223777085543 -0.1229785829782486 -0.9924083948135376
282 -0.0010996736818924546 0.184184730052948 -0.9828910231590271
283 -0.00101042864844203 0.55932039022445679 -0.82895094156265259
284 -0.001133368699811399 0.17915740609169006 -0.98381978273391724
285 -0.00099153944756835699 0.47240397334098816 -0.88138163089752197
286 -0.001109531382098794 0.28299281001091003 -0.95912140607833862
287 -0.0011033402988687158 0.08352883905172348 -0.99650478363037109
288 -0.00086790823843330145 -0.99577462673187256 -0.091827474534511566
289 -0.0010276838438585401 0.46933895349502563 -0.88301748037338257
290 -0.0011185865150764585 0.28111809492111206 -0.95967257022857666
291 -0.0010288546327501535 0.55913639068603516 -0.82907509803771973
292 -0.00067705893889069557 0.9962427020072937 -0.08660251647233963
293 -0.0010956245241686702 -0.92948812246322632 -0.36885043978691101
294 -0.00084481167141348124 -0.99542206525802612 -0.095572933554649353
295 -0.0011609799694269896 -0.043405003845691681 -0.99905687570571899
296 -0.0011150456266477704 0.076111726462841034 -0.99709874391555786
297 -0.0011276492150500417 0.1811048835515976 -0.98346316814422607
298 -0.0011461529647931457 0.27839627861976624 -0.96046566963195801
299 -0.0011457565706223249 0.17030547559261322 -0.98539066314697266
300 -0.0013663389254361391 -0.41520273685455322 -0.90972793102264404
301 -0.0010195608483627439 0.55666983127593994 -0.83073323965072632
302 -0.0011278438614681363 0.27984446287155151 -0.96004468202590942
303 -0.00069291988620534539 0.99612599611282349 -0.087934777140617371
304 -0.0009984639473259449 0.46657869219779968 -0.88447916507720947
305 -0.0010575685882940888 0.18731899559497833 -0.98229855298995972
306 -0.0010492184665054083 -0.7470354437828064 -0.66478341817855835
307 -0.001090114121325314 -0.86926531791687012 -0.49434459209442139
308 -0.0011003458639606833 0.37593370676040649 -0.92664593458175659
309 -0.0010535507462918758 0.37598708271980286 -0.9266243577003479
310 -0.001048804959282279 0.71721941232681274 -0.69684672355651855
311 -0.0010381774045526981 0.36868521571159363 -0.92955374717712402
312 -0.0011002342216670513 0.27996033430099487 -0.96001094579696655
313 -0.0010691799689084291 0.076163150370121002 -0.99709481000900269
314 -0.0013630720786750317 -0.32071620225906372 -0.94717437028884888
315 -0.0011186739429831505 0.1838502436876297 -0.98295366764068604
316 -0.0011711016995832324 0.27846997976303101 -0.96044421195983887
317 -0.000860020169056952 -0.99645179510116577 -0.084161363542079926
318 -0.0013485770905390382 -0.59027653932571411 -0.80720001459121704
319 -0.00068730814382433891 0.99645400047302246 -0.084136888384819031
320 -0.0011196368141099811 0.083402067422866821 -0.99651533365249634
321 -0.0012161268386989832 -0.80879276990890503 -0.58809256553649902
322 -0.00085188634693622589 -0.9971650242805481 -0.075241245329380035
323 -0.0012318562949076295 -0.51079946756362915 -0.8596990704536438
324 -0.001137668383307755 0.082533903419971466 -0.99658763408660889
325 -0.0010091834701597691 0.78230994939804077 -0.62288856506347656
326 -0.0010893001453951001 0.63795983791351318 -0.7700689435005188
327 -0.0012354581849649549 -0.42131888866424561 -0.90691173076629639
328 -0.0011138372356072068 -0.59780204296112061 -0.80164295434951782
329 -0.0012344915885478258 -0.59682261943817139 -0.8023722767829895
330 -0.0010440659243613482 0.46912333369255066 -0.88313210010528564
331 0.99956327676773071 0.029547128826379776 -0.00047857451136223972
332 -0.0012785210274159908 -0.12597885727882385 -0.99203211069107056
333 -0.00068237516097724438 0.9962618350982666 -0.086382806301116943
334 -0.00099354039411991835 0.64287513494491577 -0.76597034931182861
335 -0.0012300221715122461 -0.80866950750350952 -0.58826202154159546
336 -0.00069812790025025606 0.99612337350845337 -0.087964445352554321
337 -0.00086672912584617734 -0.99672389030456543 -0.080875284969806671
338 -0.0010366372298449278 0.38045880198478699 -0.92479735612869263
339 -0.0010869362158700824 0.078662581741809845 -0.99690073728561401
340 -0.0011565479217097163 0.18231700360774994 -0.98323917388916016
341 -0.0011462412076070905 -0.67240381240844727 -0.74018365144729614
342 -0.0010198071831837296 0.64266538619995117 -0.76614636182785034
343 -0.0012575850123539567 -0.74486207962036133 -0.66721731424331665
344 -0.0010878390166908503 0.38020989298820496 -0.9248996376991272
345 -0.0010534776374697685 0.47222402691841125 -0.881477952003479
346 -0.0011372724547982216 0.078551225364208221 -0.99690943956375122
347 -0.0011723724892362952 -0.6728367805480957 -0.73979008197784424
348 -0.00129843654576689 -0.12605626881122589 -0.99202227592468262
349 -0.00091678008902817965 0.58776241540908813 -0.8090330958366394
350 -0.00098497909493744373 0.56071138381958008 -0.82801079750061035
351 -0.00087077554780989885 -0.99682247638702393 -0.079650744795799255
352 -0.0006711926544085145 0.9962427020072937 -0.08660251647233963
353 -0.00067901046713814139 0.9962613582611084 -0.08638811856508255
354 -0.00069425074616447091 0.99618810415267944 -0.087228812277317047
355 -0.0011922679841518402 -0.59659451246261597 -0.80254191160202026
356 -0.0010925910901278257 0.28425365686416626 -0.95874851942062378
357 -0.0010316853877156973 0.56046527624130249 -0.82817733287811279
358 -0.0011239417362958193 0.18350318074226379 -0.98301851749420166
359 -0.0010978523641824722 0.28258416056632996 -0.95924186706542969
360 -0.00082940311403945088 -0.99589407444000244 -0.090522564947605133
361 0.9995618462562561 -0.029592696577310562 0.00070879171835258603
362 -0.0011406326666474342 -0.91384416818618774 -0.40606352686882019
363 0.99956017732620239 0.029650669544935226 -0.00056679738918319345
364 -0.0011500295950099826 0.18301744759082794 -0.9831089973449707
365 -0.0011574942618608475 0.082082897424697876 -0.99662488698959351
366 -0.0011228325311094522 0.28234294056892395 -0.95931291580200195
367 -0.00070345238782465458 0.99619400501251221 -0.087161190807819366
368 -0.0010620567481964827 0.28461408615112305 -0.95864158868789673
369 -0.0012120077153667808 -0.42098063230514526 -0.90706878900527954
370 -0.00086441729217767715 -0.99658137559890747 -0.082612797617912292
371 -0.0010431141126900911 -0.93639451265335083 -0.35094767808914185
372 0.99956434965133667 0.029508568346500397 -0.00059239700203761458
373 -0.001299334573559463 -0.22795760631561279 -0.97367018461227417
374 -0.0010251266648992896 0.47373253107070923 -0.88066822290420532
375 -0.0013581647071987391 -0.12143728137016296 -0.99259823560714722
376 -0.0014208637876436114 -0.21630345284938812 -0.97632515430450439
377 -0.0012465922627598047 -0.22776852548122406 -0.97371453046798706
378 -0.0010220156982541084 0.18681919574737549 -0.98239374160766602
379 -0.0012794957729056478 -0.130859375 -0.99140012264251709
380 -0.0012780141551047564 -0.1286444365978241 -0.99168998003005981
381 -0.0013624747516587377 -0.22134178876876831 -0.97519534826278687
382 -0.0010582359973341227 0.78669536113739014 -0.6173405647277832
383 -0.0014634804101660848 -0.11065069586038589 -0.99385827779769897
384 -0.00099500664509832859 0.96998149156570435 -0.24317678809165955
385 -0.001208403380587697 -0.51157271862030029 -0.85923922061920166
386 -0.0006900759763084352 0.99625271558761597 -0.086487755179405212
387 -0.00087004364468157291 -0.99677509069442749 -0.08024173229932785
388 -0.0013775458792224526 -0.12175631523132324 -0.99255907535552979
389 -0.0011677121510729194 -0.51292181015014648 -0.85843455791473389
390 -0.0010405405191704631 0.72129559516906738 -0.69262659549713135
391 0.99957132339477539 -0.029271485283970833 0.00068311300128698349
392 -0.00091631070245057344 0.49689003825187683 -0.86781305074691772
393 -0.00068195658968761563 0.99641811847686768 -0.084561027586460114
394 -0.00095580518245697021 0.93138754367828369 -0.36402803659439087
395 0.99957013130187988 0.029318174347281456 -0.00041014680755324662
396 -0.0012202623765915632 -0.32891473174095154 -0.94435882568359375
397 -0.00099566031713038683 0.56665265560150146 -0.8239561915397644
398 -0.0013941294746473432 -0.22168643772602081 -0.975117027759552
399 -0.00098495383281260729 0.38602674007415771 -0.92248708009719849
400 -0.0010744831524789333 0.70546829700469971 -0.70874077081680298
401 -0.0013637343654409051 -0.31793227791786194 -0.94811242818832397
402 -0.00067689450224861503 0.99631142616271973 -0.085808508098125458
403 -0.0010810679523274302 0.47340360283851624 -0.88084495067596436
404 -0.00067875004606321454 0.996390700340271 -0.084883116185665131
405 -0.0010096776532009244 -0.95104753971099854 -0.30904304981231689
406 -0.0014213899848982692 -0.11082664877176285 -0.99383872747421265
407 -0.0011680590687319636 0.89898663759231567 -0.43797463178634644
408 -0.0013741222210228443 -0.11976201832294464 -0.9928017258644104
409 -0.0011234080884605646 -0.94568777084350586 -0.32507455348968506
410 -0.0010831649415194988 -0.91281741857528687 -0.40836659073829651
411 -0.0010028550168499351 -0.96792334318161011 -0.2512437105178833
412 -0.0010567371500656009 0.89086800813674927 -0.4542611837387085
413 -0.00082117540296167135 0.96961671113967896 -0.24462774395942688
414 -0.00096327177016064525 -0.97380280494689941 -0.22739225625991821
415 -0.0011004718253389001 0.60916638374328613 -0.79304170608520508
416 -0.00064100971212610602 0.99693495035171509 -0.078232578933238983
417 -0.00066363235237076879 0.99540114402770996 -0.095792323350906372
418 -0.0010114079341292381 -0.97520560026168823 -0.22129859030246735
419 -0.0010568657889962196 -0.93696469068527222 -0.34942251443862915
420 -0.0010084996465593576 -0.97086054086685181 -0.23964299261569977
421 -0.0013832127442583442 -0.21598313748836517 -0.97639614343643188
422 -0.0014305982040241361 -0.11995647847652435 -0.99277812242507935
423 -0.001099339104257524 -0.86005610227584839 -0.51019829511642456
424 -0.00060523010324686766 -0.99452346563339233 -0.10451170802116394
425 -0.00080670852912589908 -0.9970126748085022 -0.077234260737895966
426 -0.0011304209474474192 -0.86117774248123169 -0.50830268859863281
427 -0.0010568907018750906 0.75316953659057617 -0.65782558917999268
428 0.99960464239120483 0.028116283938288689 -0.00017311087867710739
429 -0.0011169401695951819 -0.91153264045715332 -0.41122636198997498
430 -0.0011372372973710299 -0.72744488716125488 -0.6861652135848999
431 -0.00092696433421224356 0.92351090908050537 -0.38357126712799072
432 -0.00098468048963695765 -0.41187092661857605 -0.91124171018600464
433 0.99962174892425537 -0.027494447305798531 0.0006868144846521318
434 -0.0010791068198159337 -0.92393553256988525 -0.38254675269126892
435 -0.0011644971091300249 -0.20155905187129974 -0.97947567701339722
436 -0.00081508368020877242 -0.99662429094314575 -0.082093670964241028
437 -0.0011665010824799538 0.50293713808059692 -0.86432218551635742
438 -0.00090058095520362258 -0.99618226289749146 -0.087293483316898346
439 -0.0010248665930703282 -0.97139495611190796 -0.23746748268604279
440 -0.0013041369384154677 0.31362786889076233 -0.94954514503479004
441 -0.0011044349521398544 0.93422937393188477 -0.35667127370834351
442 -0.0011131204664707184 -0.91087490320205688 -0.412680983543396
443 -0.0010153665207326412 -0.97165542840957642 -0.23639963567256927
444 -0.00068125996040180326 -0.99584120512008667 -0.091103382408618927
445 -0.0010718069970607758 0.092064306139945984 -0.99575251340866089
446 -0.00064944161567837 0.99660593271255493 -0.082318037748336792
447 -0.0010602070251479745 -0.91577714681625366 -0.40168550610542297
448 -0.00063767237588763237 0.99572724103927612 -0.092341452836990356
449 -0.0011545141460373998 0.92308962345123291 -0.3845832347869873
450 -0.0006745163700543344 0.99685502052307129 -0.079243995249271393
451 -0.0010236408561468124 0.55116736888885498 -0.83439409732818604
452 -0.00031766036408953369 0.99452286958694458 -0.10451913625001907
453 -0.0011263726046308875 0.70502138137817383 -0.70918518304824829
454 -0.0012717357603833079 0.99451696872711182 -0.10456757247447968
455 -0.00069569359766319394 0.99713635444641113 -0.075621604919433594
456 -0.0010017353342846036 -0.97481119632720947 -0.22302976250648499
457 -0.00070492754457518458 0.99733418226242065 -0.072966396808624268
458 -0.00087112083565443754 -0.99704259634017944 -0.076846294105052948
459 -0.00087354390416294336 0.98118060827255249 -0.19309051334857941
460 -0.0006742881378158927 0.99691420793533325 -0.078495964407920837
461 -0.00097459286917001009 0.9234653115272522 -0.38368082046508789
462 -0.00098831334616988897 -0.97434306144714355 -0.22506579756736755
463 -0.0012640603817999363 -0.24386122822761536 -0.96980929374694824
464 -0.0011640698648989201 -0.91331744194030762 -0.40724682807922363
465 -0.00093200989067554474 0.97444736957550049 -0.22461436688899994
466 -0.00094510708004236221 -0.99648576974868774 -0.083757184445858002
467 -0.0011981147108599544 -0.90758723020553589 -0.41986203193664551
468 -0.0010805029887706041 -0.41639348864555359 -0.90918385982513428
469 -0.00084235036047175527 -0.99738496541976929 -0.072267256677150726
470 -0.00083812320372089744 -0.99738377332687378 -0.072283484041690826
471 -0.00059367285575717688 0.99699634313583374 -0.07744666188955307
472 -0.0011188579956069589 -0.92693459987640381 -0.37522140145301819
473 -0.0011126649333164096 -0.80916476249694824 -0.58758085966110229
474 -0.0010072125587612391 -0.99451804161071777 -0.1045604795217514
475 -0.00079110724618658423 0.99706292152404785 -0.076583072543144226
476 -0.0008717586169950664 -0.99738359451293945 -0.072285965085029602
477 -0.0010433914139866829 -0.97136014699935913 -0.23760995268821716
478 -0.0011762356152758002 -0.91008174419403076 -0.41442707180976868
479 -0.0010261483257636428 -0.9686439037322998 -0.24845118820667267
480 -0.00089646375272423029 -0.97061616182327271 -0.24063146114349365
481 -0.0008963540312834084 0.96805143356323242 -0.25075003504753113
482 -0.0008375585894100368 -0.99762022495269775 -0.068943992257118225
483 -0.00082083453889936209 -0.99701815843582153 -0.077163554728031158
484 -0.0011556110111996531 -0.85754430294036865 -0.51440888643264771
485 -0.00083268765592947602 0.91236674785614014 -0.40937307476997375
486 -0.00092253444017842412 0.87037801742553711 -0.49238336086273193
487 -0.0011203893227502704 -0.66864705085754395 -0.74357908964157104
488 -0.0010915936436504126 -0.57715702056884766 -0.81663250923156738
489 -0.00092968990793451667 0.80972963571548462 -0.58680248260498047
490 -0.0010550483129918575 -0.9751700758934021 -0.22145470976829529
491 -0.00088501552818343043 0.97116583585739136 -0.23840343952178955
492 -0.0011618129210546613 -0.50070512294769287 -0.86561715602874756
493 0.99935621023178101 0.035878140479326248 0.00015301491657737643
494 -0.001117357169277966 -0.10358534753322601 -0.99461996555328369
495 -0.0012088234070688486 0.10345838963985443 -0.99463307857513428
496 -0.0010402774205431342 0.63850915431976318 -0.76961356401443481
497 -0.0008610254735685885 -0.99739748239517212 -0.072093620896339417
498 -0.0011061499826610088 -0.82787930965423584 -0.56090521812438965
499 -0.0013264734297990799 0.40677699446678162 -0.91352653503417969
500 -0.0006805828888900578 0.99667739868164062 -0.081447802484035492
501 -0.00099224899895489216 -0.97592008113861084 -0.21812626719474792
502 -0.00080796092515811324 0.96671253442764282 -0.25586369633674622
503 -0.0009733490296639502 0.97043812274932861 -0.24134807288646698
504 -0.001006395323202014 -0.97586756944656372 -0.21836085617542267
505 -0.0011536472011357546 -0.32853785157203674 -0.94449013471603394
506 -0.0010659536346793175 0.60751998424530029 -0.79430365562438965
507 -0.0010121607920154929 -0.97170478105545044 -0.23619671165943146
508 -0.00088505487656220794 0.96220427751541138 -0.27232721447944641
509 -0.00084241252625361085 -0.99658417701721191 -0.082578785717487335
510 -0.0011476910440251231 0.43930655717849731 -0.89833647012710571
511 -0.0009970497339963913 -0.97195261716842651 -0.23517458140850067
512 -0.00085036171367391944 -0.97498679161071777 -0.22226113080978394
513 -0.00094319257186725736 0.97092628479003906 -0.23937685787677765
514 -0.0006795274093747139 0.99660235643386841 -0.082360737025737762
515 -0.00094741169596090913 0.9640425443649292 -0.26574641466140747
516 -0.00094796094344928861 0.92518621683120728 -0.37951231002807617
517 -0.0011017727665603161 0.9254753589630127 -0.37880638241767883
518 -0.0010540850926190615 -0.9725494384765625 -0.23269416391849518
519 -0.00085034623043611646 0.97554975748062134 -0.21977695822715759
520 -0.00077024247730150819 0.97340089082717896 -0.22910727560520172
521 -0.00087132269982248545 -0.99756121635437012 -0.069791659712791443
522 -0.00093389954417943954 0.92439353466033936 -0.381439208984375
523 -0.000923658546525985 -0.97296535968780518 -0.23094959557056427
524 -0.0010362975299358368 -0.93843871355056763 -0.34544423222541809
525 -0.001112329657189548 0.93506485223770142 -0.35447487235069275
526 -0.00102008949033916 -0.97580808401107788 -0.21862664818763733
527 -0.00075320363976061344 0.99657577276229858 -0.082680985331535339
528 -0.00081166968448087573 0.96830868721008301 -0.24975527822971344
529 -0.00066159380367025733 0.99720817804336548 -0.074669182300567627
530 -0.00067104340996593237 0.9983600378036499 -0.057243566960096359
531 -0.00085590884555131197 -0.99719220399856567 -0.074880510568618774
532 -0.0011140594724565744 -0.73618930578231812 -0.67677479982376099
533 -0.00090153247583657503 -0.99699342250823975 -0.07748141884803772
534 -0.0010218912502750754 -0.96869266033172607 -0.2482609897851944
535 -0.0010860739275813103 -0.82853943109512329 -0.55992972850799561
536 -0.00093941541854292154 -0.97580558061599731 -0.21863812208175659
537 -0.00089325802400708199 0.97362560033798218 -0.22815005481243134
538 -0.00081315776333212852 0.97252368927001953 -0.23280264437198639
539 -0.00093652383657172322 0.97522008419036865 -0.22123511135578156
540 -0.00088693393627181649 0.91782432794570923 -0.39698585867881775
541 -0.0010634217178449035 -0.97341346740722656 -0.22905272245407104
542 -0.00041551725007593632 -0.22871242463588715 0.97349399328231812
543 -0.00036057419492863119 0.99513137340545654 0.098556928336620331
544 2.7216816306463443e-05 0.68152463436126709 0.73179513216018677
545 4.491538493311964e-05 0.67042660713195801 0.74197590351104736
546 -0.0002997869742102921 0.91377949714660645 0.40621054172515869
547 -0.00031630590092390776 0.82117366790771484 0.57067835330963135
548 -0.00051074993098154664 0.99649041891098022 0.083705633878707886
549 -0.00043946015648543835 0.95602178573608398 0.29329532384872437
550 -0.00030744646210223436 0.90497750043869019 0.42545947432518005
551 -0.00066732469713315368 -0.75660079717636108 0.65387678146362305
552 -0.00040937302401289344 -0.22827872633934021 0.97359579801559448
553 -0.00075206853216513991 -0.99685829877853394 0.079201877117156982
554 -0.00042412272887304425 -0.73295414447784424 0.68027794361114502
555 -0.00044883965165354311 -0.73400861024856567 0.67913997173309326
556 -0.00044018161133863032 0.95717120170593262 0.28952223062515259
557 -0.00035631697392091155 0.9685019850730896 0.24900588393211365
558 -0.0006764708086848259 -0.97371047735214233 0.2277882844209671
559 -0.00057439866941422224 -0.75257700681686401 0.65850400924682617
560 -0.0003353367792442441 0.82327699661254883 0.56763982772827148
561 -0.00049242365639656782 -0.89496928453445435 0.44612753391265869
562 -0.00057833932805806398 -0.86018359661102295 0.50998425483703613
563 -0.00011974216613452882 0.8709568977355957 0.49135947227478027
564 -0.00025028185336850584 0.92064803838729858 0.39039364457130432
565 -0.00029592518694698811 -0.2995695173740387 0.9540744423866272
566 -0.00067184848012402654 -0.96678483486175537 0.25559085607528687
567 -0.00055767508456483483 -0.78585654497146606 0.6184086799621582
568 -0.0002822415845002979 -0.30029898881912231 0.95384514331817627
569 -0.00043927406659349799 -0.6636471152305603 0.74804568290710449
570 -0.00062559440266340971 -0.96639364957809448 0.25706616044044495
571 -0.0006283964030444622 -0.96551245450973511 0.26035618782043457
572 -0.00037617300404235721 -0.49513670802116394 0.86881500482559204
573 -0.000227855343837291 0.80141109228134155 0.59811395406723022
574 -0.00035221874713897705 -0.56786465644836426 0.82312196493148804
575 -0.00058494461700320244 -0.9619673490524292 0.27316394448280334
576 -0.99969619512557983 -0.024602135643362999 -0.0015221093781292439
577 -0.0004566693096421659 0.04791562631726265 0.99885129928588867
578 -0.00072511303005740047 -0.96829581260681152 0.24980530142784119
579 -0.99957221746444702 0.029215717688202858 -0.0013723279116675258
580 -0.00020477804355323315 0.4366716742515564 0.89962095022201538
581 -0.0004626487207133323 -0.161086305975914 0.98694020509719849
582 -0.00038433022564277053 -0.38537979125976562 0.92275798320770264
583 -0.00070197612512856722 -0.96830177307128906 0.24978247284889221
584 -0.00037532937130890787 -0.20790112018585205 0.97814983129501343
585 -8.528185571776703e-05 0.81775486469268799 0.57556670904159546
586 -0.00039675642619840801 0.74952155351638794 0.66197991371154785
587 -0.00056621729163452983 -0.96844536066055298 0.2492254376411438
588 -0.00024100845621433109 0.92770159244537354 0.37332263588905334
589 -0.00050346413627266884 -0.50639104843139648 0.86230379343032837
590 -0.0005380836664699018 0.41070321202278137 0.91176891326904297
591 -0.00036530519719235599 0.96937566995620728 0.24558250606060028
592 -0.00040807871846482158 0.97406840324401855 0.22625352442264557
593 -0.0004527560668066144 0.8102232813835144 0.58612120151519775
594 -0.00035234339884482324 0.74808257818222046 0.66360563039779663
595 -0.00053511373698711395 0.41163578629493713 0.91134828329086304
596 -0.00056539388606324792 -0.96129995584487915 0.27550342679023743
597 -0.00028411493985913694 -0.09195294976234436 0.99576336145401001
598 -0.00026508749579079449 0.37650874257087708 0.92641305923461914
599 -0.00042096246033906937 0.74922889471054077 0.66231101751327515
600 -0.00039207626832649112 0.6758306622505188 0.73705685138702393
601 -0.00033927260665223002 0.59804606437683105 0.80146163702011108
602 -0.00036722890217788517 0.74918138980865479 0.66236484050750732
603 -0.00050573126645758748 -0.89392435550689697 0.44821754097938538
604 -0.000514805200509727 0.95199352502822876 0.3061177134513855
605 -0.00075601041316986084 -0.8114277720451355 0.58445227146148682
606 -0.00072771747363731265 -0.98079425096511841 0.19504408538341522
607 -0.00048994173994287848 -0.83735108375549316 0.54666537046432495
608 -0.00049660011427477002 0.50125455856323242 0.86529970169067383
609 -0.00059565628180280328 0.30973520874977112 0.95082271099090576
610 -0.0003898712748195976 -0.9510532021522522 0.30902698636054993
611 -0.00050376035505905747 -0.89255750179290771 0.4509333074092865
612 -0.00038676938856951892 0.67615699768066406 0.73675745725631714
613 -0.00036028932663612068 0.59796535968780518 0.80152183771133423
614 -0.00050925445975735784 0.58779770135879517 0.80900788307189941
615 -0.00035803031641989946 0.86581802368164062 0.50035899877548218
616 -0.00039598392322659492 0.80905914306640625 0.5877271294593811
617 -0.00058319047093391418 0.3095766007900238 0.95087432861328125
618 -0.00051866221474483609 -0.77854585647583008 0.62758761644363403
619 -0.0003717741637956351 0.91232234239578247 0.40947267413139343
620 -0.00056321505689993501 -0.83971202373504639 0.54303175210952759
621 -0.00046788781764917076 -0.43625849485397339 0.89982122182846069
622 -0.00035589750041253865 -0.80733102560043335 0.5900987982749939
623 -0.00057227921206504107 -0.8854215145111084 0.46478864550590515
624 -0.00042256887536495924 0.80924683809280396 0.58746868371963501
625 -0.00033084090682677925 0.86605715751647949 0.49994495511054993
626 -0.00056279537966474891 0.95355391502380371 0.30122184753417969
627 -0.0004199185932520777 -0.55208688974380493 0.8337864875793457
628 -0.00046617793850600719 0.5014529824256897 0.86518478393554688
629 -0.00059664057334885001 0.3199295699596405 0.94744116067886353
630 -0.00056133337784558535 -0.91209620237350464 0.40997588634490967
631 -0.00073677377076819539 -0.81143814325332642 0.58443790674209595
632 -0.00037101563066244125 0.51466089487075806 0.85739380121231079
633 -0.00032056559575721622 -0.80741703510284424 0.5899810791015625
634 -0.00059012917336076498 0.40675300359725952 0.91353797912597656
635 -0.00034150597639381886 0.91204917430877686 0.4100806713104248
636 -0.00027489953208714724 0.19388549029827118 0.98102414608001709
637 -0.00019632375915534794 0.30713266134262085 0.95166665315628052
638 -0.00055365479784086347 -0.78218322992324829 0.62304830551147461
639 -0.00038210526690818369 0.91239273548126221 0.40931582450866699
640 -0.00034018541919067502 0.95105975866317749 0.3090069591999054
641 -0.00042691238922998309 0.8104289174079895 0.58583682775497437
642 -0.00060607289196923375 -0.96921586990356445 0.24621196091175079
643 -0.00016525712271686643 0.30518892407417297 0.95229184627532959
644 -0.00042272635619156063 -0.55242455005645752 0.83356285095214844
645 -0.00055644911481067538 -0.85835176706314087 0.51306140422821045
646 -0.00044962353422306478 -0.67283165454864502 0.73979556560516357
647 -0.00046776011004112661 -0.70971828699111938 0.70448553562164307
648 -9.2042973847128451e-05 0.49709552526473999 0.86769586801528931
649 -0.00042139121796935797 0.74435019493103027 0.66778934001922607
650 -0.00040307804010808468 -0.11031568795442581 0.99389654397964478
651 -0.0006032109959051013 -0.95106160640716553 0.30900067090988159
652 -0.0004232583160046488 0.7446092963218689 0.66750049591064453
653 -0.00028382826712913811 0.81094950437545776 0.58511608839035034
654 -0.00048572150990366936 0.86601835489273071 0.50001204013824463
655 -0.00058471993543207645 -0.67339903116226196 0.73927903175354004
656 -0.00044090539449825883 -0.63511842489242554 0.7724146842956543
657 -0.00049672112800180912 -0.71110755205154419 0.70308315753936768
658 -0.00070443283766508102 -0.96918869018554688 0.24631853401660919
659 -0.0005439691012725234 -0.78163886070251465 0.62373107671737671
660 -0.00042965603643096983 0.67009025812149048 0.74227958917617798
661 -0.00047229186748154461 -0.8845018744468689 0.46653649210929871
662 -0.00051372166490182281 -0.77869397401809692 0.62740373611450195
663 -0.00038429538835771382 -0.7431369423866272 0.66913926601409912
664 -0.00035384015063755214 -0.86602002382278442 0.50000923871994019
665 -0.0004976157215423882 -0.8365904688835144 0.5478285551071167
666 -0.00027953452081419528 0.94818669557571411 0.31771364808082581
667 -0.00038077222416177392 -0.66498762369155884 0.74685430526733398
668 -0.0005382794770412147 -0.77722436189651489 0.62922340631484985
669 -0.00039732977165840566 0.93007427453994751 0.36737141013145447
670 -0.00069478177465498447 -0.86603629589080811 0.49998074769973755
671 -0.00046575008309446275 -0.92579048871994019 0.37803682684898376
672 -0.0003807617467828095 0.67283517122268677 0.7397923469543457
673 -0.00052015419350937009 -0.5877983570098877 0.80900728702545166
674 -0.00029848798294551671 0.74989277124404907 0.66155928373336792
675 -0.00040725991129875183 0.67408645153045654 0.73865234851837158
676 -0.00037351829814724624 -0.54356551170349121 0.83936667442321777
677 -0.00058119901223108172 -0.88871073722839355 0.45846807956695557
678 -0.00046093662967905402 -0.91209089756011963 0.40998786687850952
679 -0.00038454617606475949 0.67381203174591064 0.738902747631073
680 -0.00052609422709792852 -0.77946615219116211 0.62644410133361816
681 -0.000464106589788571 -0.63362038135528564 0.77364397048950195
682 -0.00051386753330007195 -0.89006823301315308 0.45582708716392517
683 -0.00033351022284477949 0.60036355257034302 0.79972720146179199
684 -0.00040127869579009712 0.74315285682678223 0.66912156343460083
685 -0.00012578816676978022 0.10596337914466858 0.99437004327774048
686 -0.00029348538373596966 0.86605548858642578 0.49994775652885437
687 -0.00050326104974374175 -0.83711707592010498 0.54702359437942505
688 -0.00054242456099018455 -0.84012031555175781 0.5423998236656189
689 -0.00048392664757557213 -0.7108687162399292 0.70332467555999756
690 -0.0004135372000746429 0.67307120561599731 0.73957759141921997
691 -0.00025928264949470758 0.68017220497131348 0.73305237293243408
692 -0.00054498587269335985 -0.84143131971359253 0.54036390781402588
693 -3.6117530726187397e-06 0.58778518438339233 0.80901706218719482
694 -0.00052520708413794637 -0.77980577945709229 0.62602138519287109
695 -0.00041673588566482067 0.5943143367767334 0.80423265695571899
696 -0.00055973872076719999 -0.84015995264053345 0.54233837127685547
697 -0.00051324168452993035 -0.8376237154006958 0.54624754190444946
698 -0.99954146146774292 -0.03025759756565094 -0.0011429176665842533
699 -0.00048742900253273547 -0.89159560203552246 0.45283231139183044
700 -0.00029718538280576468 0.81189721822738647 0.58380037546157837
701 -0.00041960563976317644 0.42533189058303833 0.90503740310668945
702 -0.00041460018837824464 -0.46537378430366516 0.88511419296264648
703 -0.00041740594315342605 0.59447050094604492 0.80411732196807861
704 -0.00032718104193918407 0.51721149682998657 0.85585761070251465
705 -0.00047179320245049894 0.32955121994018555 0.94413763284683228
706 -0.00037639771471731365 0.86603111028671265 0.49998998641967773
707 -0.00048419507220387459 -0.20792798697948456 0.97814404964447021
708 -0.00053160387324169278 -0.77705568075180054 0.62943160533905029
709 -0.00015946927305776626 0.40673226118087769 0.91354739665985107
710 -0.00021432808716781437 -0.40673086047172546 0.91354799270629883
711 -0.00068452890263870358 -0.74315911531448364 0.66911447048187256
712 -0.00051142909796908498 -0.70820814371109009 0.70600360631942749
713 -0.00040593362064100802 -0.27589976787567139 0.96118634939193726
714 -0.00064958038274198771 0.20793090760707855 0.97814333438873291
715 -0.00041710308869369328 0.50945419073104858 0.86049771308898926
716 -0.0004144232370890677 0.50910001993179321 0.86070734262466431
717 -0.00021876802202314138 0.86615431308746338 0.49977663159370422
718 -0.00041268349741585553 -0.37105035781860352 0.92861264944076538
719 -0.00038328539812937379 0.59607923030853271 0.80292558670043945
720 -0.00021855623344890773 0.91222560405731201 0.4096883237361908
721 -0.00048374736797995865 -0.92493963241577148 0.38011369109153748
722 -0.00049742375267669559 -0.93126755952835083 0.36433565616607666
723 -0.00017072442278731614 0.90671843290328979 0.42173662781715393
724 -0.00049013266107067466 0.41993555426597595 0.90755379199981689
725 -0.00045067130122333765 -0.63326573371887207 0.77393436431884766
726 -0.00047752205864526331 0.32919910550117493 0.94426041841506958
727 -0.0004440217453520745 -0.63488918542861938 0.77260315418243408
728 -8.1580867117736489e-05 0.20790916681289673 0.97814816236495972
729 -0.00030651513952761889 0.75022441148757935 0.66118329763412476
730 -0.99955850839614868 0.029635030776262283 -0.0021497460547834635
731 -0.00033341834205202758 -0.4946153461933136 0.86911195516586304
732 -0.00044316879939287901 0.42242449522018433 0.90639799833297729
733 -0.00042594404658302665 0.42564645409584045 0.90488946437835693
734 -0.00023258448345586658 0.81190800666809082 0.58378541469573975
735 -0.00046643451787531376 -0.71579432487487793 0.69831109046936035
736 -0.00040255847852677107 -0.074703045189380646 0.99720573425292969
737 -0.00041553089977242053 -0.5541456937789917 0.83241963386535645
738 -0.00051327637629583478 -0.8369748592376709 0.54724109172821045
739 -0.00036974257091060281 0.51160973310470581 0.85921788215637207
740 -0.00044519559014588594 0.33228611946105957 0.94317853450775146
741 -0.00042744033271446824 -0.17448733747005463 0.98465937376022339
742 -0.00043997782631777227 -0.63704866170883179 0.77082353830337524
743 -0.0004346170462667942 -0.58777499198913574 0.80902433395385742
744 -0.00020243537437636405 0.75060492753982544 0.66075122356414795
745 -0.00038395458250306547 -0.074186675250530243 0.99724435806274414
746 -0.00028000172460451722 0.81229424476623535 0.5832478404045105
747 -0.00044945639092475176 -0.91448003053665161 0.40463083982467651
748 -0.00052942446200177073 -0.88981515169143677 0.45632082223892212
749 -0.0003493090916890651 0.51154381036758423 0.85925710201263428
750 -0.99955898523330688 -0.029691258445382118 -0.00059569341829046607
751 -0.0004800381138920784 -0.71282821893692017 0.70133858919143677
752 -0.00026404779055155814 0.86592394113540649 0.50017565488815308
753 -0.00054125412134453654 0.32632476091384888 0.94525760412216187
754 -0.00056352082174271345 0.22949704527854919 0.9733092188835144
755 -0.00058115529827773571 -0.77592277526855469 0.63082766532897949
756 -0.00037017569411545992 -0.46497619152069092 0.88532310724258423
757 -0.00047534529585391283 0.41956478357315063 0.90772527456283569
758 -0.00047912320587784052 -0.83660906553268433 0.54780030250549316
759 -0.00021917995763942599 0.9123915433883667 0.4093184769153595
760 -0.00024237834441009909 0.86647331714630127 0.49922335147857666
761 -0.00042875780491158366 -0.63951343297958374 0.76877981424331665
762 -0.0005632919492200017 0.13027080893516541 0.9914783239364624
763 -0.00033659022301435471 0.67776143550872803 0.73528176546096802
764 -0.00039465390727855265 -0.46285796165466309 0.88643240928649902
765 -0.00037342586438171566 0.59596574306488037 0.8030097484588623
766 -0.00037066420190967619 -0.375496506690979 0.92682379484176636
767 -0.0005804325919598341 0.12685330212116241 0.99192130565643311
768 -0.00058909319341182709 0.22623340785503387 0.97407299280166626
769 -0.00048330757999792695 -0.7099376916885376 0.70426440238952637
770 -0.00041576291550882161 -0.17169015109539032 0.98515099287033081
771 -0.0005130149656906724 -0.7863539457321167 0.61777597665786743
772 -0.00040533760329708457 -0.55005526542663574 0.83512818813323975
773 -0.00043529935646802187 0.59078133106231689 0.80683165788650513
774 -0.00047600929974578321 -0.71323579549789429 0.70092403888702393
775 -0.00032975841895677149 0.67790353298187256 0.73515075445175171
776 -0.00049187469994649291 -0.8946567177772522 0.44675400853157043
777 -0.00054405967239290476 0.23252628743648529 0.97259002923965454
778 -0.00037779437843710184 -0.46752879023551941 0.88397777080535889
779 -0.00034528598189353943 0.51449704170227051 0.85749208927154541
780 -0.99955838918685913 -0.029710082337260246 -0.00059370388044044375
781 -0.00052862119628116488 0.23217479884624481 0.97267389297485352
782 -0.00036496191751211882 -0.46713665127754211 0.88418513536453247
783 -0.00041506762499921024 0.67008137702941895 0.74228751659393311
784 -0.00054231774993240833 0.32323074340820312 0.94632011651992798
785 -0.00051009590970352292 0.32589298486709595 0.94540655612945557
786 -0.00038647610927000642 -0.077626027166843414 0.99698251485824585
787 -0.00037440785672515631 -0.28045961260795593 0.95986580848693848
788 -0.00057428446598351002 -0.83221930265426636 0.55444628000259399
789 -0.00024456952814944088 0.67982953786849976 0.73337018489837646
790 -0.0003670982550829649 -0.076995901763439178 0.99703133106231689
791 -0.00041762564796954393 -0.63670200109481812 0.771109938621521
792 -0.00041395917651243508 -0.37147492170333862 0.92844295501708984
793 -0.00042280345223844051 0.50599205493927002 0.86253803968429565
794 -0.0003946262295357883 -0.55377846956253052 0.832663893699646
795 -0.0004423120990395546 0.50644773244857788 0.8622705340385437
796 -0.00015126900689210743 0.81573587656021118 0.57842457294464111
797 -0.00038434271118603647 -0.37344750761985779 0.92765128612518311
798 -0.00040889164665713906 -0.63912791013717651 0.76910042762756348
799 -0.00055114168208092451 0.22905749082565308 0.97341275215148926
800 -8.780936332186684e-05 0.75197410583496094 0.65919268131256104
801 -0.0004033791774418205 0.99624288082122803 0.086602531373500824
802 -0.00040977148455567658 -0.3738478422164917 0.92748993635177612
803 -0.00040632757009007037 -0.17768259346485138 0.98408776521682739
804 -0.00034555996535345912 0.60068380832672119 0.79948657751083374
805 -0.00038433866575360298 -0.37585747241973877 0.92667746543884277
806 -0.00057348678819835186 0.12984077632427216 0.99153470993041992
807 -0.00043470854870975018 0.33181178569793701 0.94334554672241211
808 -0.00050189148169010878 0.4170975387096405 0.90886163711547852
809 -0.00052167527610436082 -0.70840924978256226 0.70580178499221802
810 -0.0005751060089096427 0.22676891088485718 0.97394841909408569
811 -0.00077148736454546452 -0.99608927965164185 0.088349312543869019
812 -0.99956279993057251 -0.029558897018432617 -0.00069136626552790403
813 -0.00045950140338391066 0.42248612642288208 0.90636926889419556
814 -0.0004479444760363549 -0.36139237880706787 0.93241375684738159
815 -0.00032861233921721578 0.74824649095535278 0.66342073678970337
816 -0.00033082874142564833 -0.18200427293777466 0.98329770565032959
817 -0.00041339796734973788 -0.55633360147476196 0.83095896244049072
818 -0.00057913764612749219 0.12746818363666534 0.99184250831604004
819 -0.00042153798858635128 -0.17134074866771698 0.98521173000335693
820 -0.0003731433826033026 -0.46983045339584351 0.88275659084320068
821 -0.00035358822788111866 -0.27994576096534729 0.96001577377319336
822 -0.00027977695572189987 -0.082041576504707336 0.99662888050079346
823 -0.00040776090463623405 -0.27545928955078125 0.96131265163421631
824 -0.0004764431796502322 0.99585407972335815 0.090964421629905701
825 -0.00071572454180568457 0.10997803509235382 0.99393379688262939
826 -0.00039302313234657049 -0.5559312105178833 0.83122825622558594
827 -0.00041060513467527926 -0.46317067742347717 0.88626903295516968
828 -0.00076365785207599401 -0.99643701314926147 0.084337152540683746
829 -0.00040816576802171767 -0.067527249455451965 0.99771738052368164
830 -0.00044450137647800148 0.050598639994859695 0.9987189769744873
831 -0.00039473921060562134 0.99652558565139771 0.083286672830581665
832 -0.00043327338062226772 -0.27010750770568848 0.96283012628555298
833 -0.00041904477984644473 -0.1749066561460495 0.9845849871635437
834 -0.00043971117702312768 -0.162273108959198 0.98674583435058594
835 -0.00053169764578342438 0.41755619645118713 0.90865099430084229
836 -0.00045169921941123903 -0.55031245946884155 0.83495867252349854
837 -0.00076226511737331748 -0.99608993530273438 0.088341869413852692
838 -0.00040806835750117898 -0.27287974953651428 0.96204811334609985
839 -0.00031251716427505016 -0.18614132702350616 0.98252296447753906
840 -0.00019418248848523945 0.74928909540176392 0.66224300861358643
841 -0.00019576979684643447 0.87092238664627075 0.49142050743103027
842 -0.00040944540523923934 -0.36857825517654419 0.92959672212600708
843 -0.00039504875894635916 -0.45913654565811157 0.88836562633514404
844 -0.00049215927720069885 -0.71546560525894165 0.69864785671234131
845 -0.00042846801807172596 -0.36888003349304199 0.92947691679000854
846 -0.00042348119313828647 -0.27325433492660522 0.96194171905517578
847 -0.00042562102316878736 -0.067916058003902435 0.99769097566604614
848 -0.0003104364441242069 -0.18140797317028046 0.98340785503387451
849 -0.00046879454748705029 -0.27044576406478882 0.96273511648178101
850 -0.00055137928575277328 0.32370179891586304 0.9461590051651001
851 -0.00044273058301769197 -0.36120110750198364 0.9324878454208374
852 -0.00042015593498945236 0.99623709917068481 0.086668714880943298
853 -0.00075008487328886986 -0.99639332294464111 0.084851920604705811
854 -6.8518747866619378e-05 0.75197607278823853 0.65919047594070435
855 -0.00026545955915935338 -0.081656567752361298 0.99666053056716919
856 -0.00067082745954394341 0.21647681295871735 0.97628754377365112
857 -0.00028133991872891784 0.81126028299331665 0.58468508720397949
858 -0.00047325983177870512 0.99719130992889404 0.074895396828651428
859 -0.00027620367472991347 0.51676040887832642 0.85613006353378296
860 -0.00043008435750380158 0.59083056449890137 0.80679559707641602
861 -0.00033652046113274992 -0.07964952290058136 0.99682289361953735
862 -0.00048880482790991664 -0.63138413429260254 0.77547013759613037
863 -0.00063142657745629549 -0.77728360891342163 0.6291501522064209
864 -0.00024016790848691016 -0.18567311763763428 0.98261159658432007
865 -0.00036549006472341716 0.42846167087554932 0.90355992317199707
866 -0.00024645557277835906 0.60313928127288818 0.79763585329055786
867 -0.00014990833005867898 0.60747438669204712 0.79433929920196533
868 -0.00055886176414787769 0.13289858400821686 0.99112951755523682
869 -0.00076416984666138887 -0.99626004695892334 0.086402237415313721
870 -0.00038103444967418909 -0.46171334385871887 0.88702911138534546
871 -0.99956244230270386 0.029506200924515724 -0.002083254512399435
872 -0.00076662941137328744 -0.99627655744552612 0.086211465299129486
873 -0.00041240910650230944 -0.64402806758880615 0.76500177383422852
874 -0.00075405527604743838 -0.99547940492630005 0.094975084066390991
875 -0.00026433164021000266 0.81130146980285645 0.58462792634963989
876 -0.00037703942507505417 -0.37839516997337341 0.92564409971237183
877 -0.00045318860793486238 0.99628859758377075 0.086074806749820709
878 -0.00038106300053186715 -0.17718452215194702 0.98417758941650391
879 -0.00042167966603301466 -0.071700260043144226 0.99742615222930908
880 -0.00012826819147448987 0.68152314424514771 0.73179656267166138
881 -0.00033210488618351519 0.2491840273141861 0.96845614910125732
882 -0.00037047691876068711 -0.64389586448669434 0.76511305570602417
883 -0.0003368473844602704 0.74830067157745361 0.66335964202880859
884 -0.00037375363172031939 -0.37794047594070435 0.92582982778549194
885 -0.00036226221709512174 -0.46941614151000977 0.88297700881958008
886 -0.00039989428478293121 -0.071320042014122009 0.99745345115661621
887 -0.00010412013944005594 0.68234312534332275 0.73103207349777222
888 -0.00056767323985695839 0.1332448273897171 0.99108302593231201
889 -0.00038903666427358985 -0.55888807773590088 0.829243004322052
890 -0.00049566884990781546 0.99655038118362427 0.082988493144512177
891 -0.00076805829303339124 -0.99624264240264893 0.08660251647233963
892 -0.00079064571764320135 -0.99662685394287109 0.082062758505344391
893 -0.00033529516076669097 -0.28269702196121216 0.95920920372009277
894 -0.00020697682339232415 0.60266238451004028 0.79799628257751465
895 -0.00035931510501541197 -0.55838793516159058 0.82957994937896729
896 -0.00037324157892726362 -0.17998954653739929 0.98366850614547729
897 -0.00036236480809748173 0.96749871969223022 0.2528756856918335
898 -0.00039496243698522449 -0.27851870656013489 0.96043068170547485
899 -0.00048270352999679744 0.033016681671142578 0.99945467710494995
900 -0.00041870595305226743 0.99637860059738159 0.085027098655700684
901 -0.99955970048904419 0.029598459601402283 -0.0021078409627079964
902 -0.00035497493809089065 -0.17925252020359039 0.98380303382873535
903 -0.0003557451709639281 0.96796762943267822 0.25107493996620178
904 -0.00031685363501310349 -0.078935950994491577 0.99687963724136353
905 -0.0003792717179749161 -0.27801719307899475 0.96057605743408203
906 -0.00076255679596215487 -0.99617737531661987 0.087350867688655853
907 -0.00035481544909998775 -0.28315162658691406 0.95907515287399292
908 -0.00033709013951011002 0.42787382006645203 0.90383845567703247
909 -0.00043222206295467913 0.99626290798187256 0.086371779441833496
910 -0.00074659212259575725 -0.99593698978424072 0.090049982070922852
911 -0.00048620509915053844 0.032647412270307541 0.99946683645248413
912 -0.00044369098031893373 0.99373769760131836 0.11173716932535172
913 -0.0004936890909448266 0.23567585647106171 0.97183161973953247
914 -0.00060869392473250628 0.12430990487337112 0.99224328994750977
915 -0.00050356850260868669 -0.89722990989685059 0.44156351685523987
916 -0.0003542402118910104 -0.47290012240409851 0.88111603260040283
917 -0.00049385387683287263 -0.93033093214035034 0.36672079563140869
918 -0.00047288779751397669 0.23522260785102844 0.97194141149520874
919 -0.00061190500855445862 0.2236117422580719 0.97467809915542603
920 -0.00056533823953941464 0.13648472726345062 0.99064207077026367
921 -0.00052764680003747344 0.139333575963974 0.99024540185928345
922 -0.00077152246376499534 -0.99625164270401001 0.086499370634555817
923 -0.00019424708443693817 0.51922315359115601 0.85463875532150269
924 -0.00070199952460825443 0.10870210826396942 0.99407416582107544
925 -0.00061334692873060703 0.12488279491662979 0.99217134714126587
926 -0.0007912700530141592 -0.99599325656890869 0.089425161480903625
927 -0.00046134708099998534 0.99642384052276611 0.084494911134243011
928 -0.00052941701142117381 -0.88967603445053101 0.45659208297729492
929 -0.00014623069728258997 0.52098309993743896 0.85356700420379639
930 -0.00035654826206155121 0.96755993366241455 0.2526414692401886
931 -0.99957036972045898 -0.029303109273314476 -0.00070417416281998158
932 -0.00038264517206698656 -0.56749981641769409 0.82337349653244019
933 -0.9995691180229187 0.029287010431289673 -0.0019694049842655659
934 -0.00036494666710495949 0.33726587891578674 0.9414094090461731
935 -0.000601146777626127 0.22424589097499847 0.97453242540359497
936 -0.00034430055529810488 -0.4722629189491272 0.88145768642425537
937 -0.00058878574054688215 0.31923222541809082 0.94767636060714722
938 -0.00040466233622282743 0.99325829744338989 0.1159217432141304
939 -0.00035835668677464128 -0.38475719094276428 0.92301779985427856
940 -0.00013955113536212593 0.95105528831481934 0.30902078747749329
941 -0.00062808807706460357 0.12108002603054047 0.99264258146286011
942 -0.00052614917512983084 -0.31601116061210632 0.94875532388687134
943 -0.00039766432018950582 0.94699054956436157 0.32126116752624512
944 -0.00018857840041164309 0.91462969779968262 0.40429264307022095
945 -0.00077183847315609455 -0.99690288305282593 0.078638501465320587
946 -0.00015105739294085652 0.81678026914596558 0.57694894075393677
947 -0.00075754866702482104 -0.99660700559616089 0.082303881645202637
948 -0.00022694155632052571 0.938529372215271 0.34519937634468079
949 -0.00036979815922677517 0.96889156103134155 0.24748532474040985
950 -0.00036164646735414863 0.96807104349136353 0.25067567825317383
951 -0.00064111850224435329 0.21648268401622772 0.97628629207611084
952 -0.00072680902667343616 -0.98080348968505859 0.1949974000453949
953 -0.00042601532186381519 0.97556400299072266 0.21971496939659119
954 -0.00024491007206961513 0.91081541776657104 0.41281384229660034
955 -0.00064543640473857522 -0.97047924995422363 0.24118399620056152
956 -0.00064562773331999779 0.12169887870550156 0.99256688356399536
957 6.0874863265780732e-05 0.99452173709869385 0.10453014075756073
958 -0.00038671362563036382 0.9970129132270813 0.077234275639057159
959 -0.00025213768822140992 0.86111688613891602 0.50840699672698975
960 -0.00026684332988224924 0.79853183031082153 0.60195249319076538
961 -0.00033727911068126559 0.97022116184234619 0.24222058057785034
962 -0.00026562076527625322 0.86223411560058594 0.50650995969772339
963 -0.00031055969884619117 0.90392392873764038 0.42769321799278259
964 0.00013569774455390871 0.67315167188644409 0.73950445652008057
965 -0.00046709520393051207 -0.92159199714660645 0.38815972208976746
966 -0.99962043762207031 0.027498319745063782 -0.001697043189778924
967 -0.00050560897216200829 -0.60752683877944946 0.79429900646209717
968 -0.99963170289993286 -0.027129068970680237 -0.00074434158159419894
969 -0.00027558728470467031 0.19083777070045471 0.98162156343460083
970 -0.00028029113309457898 -0.092127151787281036 0.99574726819992065
971 -0.00036771665327250957 0.97203749418258667 0.2348255068063736
972 -0.00049267243593931198 -0.50423228740692139 0.86356794834136963
973 -0.00025782102602533996 0.97143369913101196 0.23731093108654022
974 -0.00048139214050024748 -0.31349661946296692 0.94958919286727905
975 -0.0007621437544003129 -0.99658769369125366 0.082537539303302765
976 -0.00053663970902562141 -0.9227454662322998 0.38540950417518616
977 -0.00037199835060164332 0.99676448106765747 0.080376766622066498
978 -0.00066669529769569635 -0.70426845550537109 0.70993345975875854
979 -0.00039806452696211636 0.99691152572631836 0.078532062470912933
980 -0.00077642907854169607 -0.99661684036254883 0.082184627652168274
981 -0.00031196331838145852 0.91630131006240845 0.40048956871032715
982 -0.0002526876050978899 0.99586325883865356 0.090864382684230804
983 -0.00075667095370590687 -0.99687999486923218 0.078928731381893158
984 -0.00010759558063000441 0.49744006991386414 0.86749833822250366
985 6.4019332057796419e-05 0.67912584543228149 0.73402190208435059
986 -0.00030062199220992625 0.92476910352706909 0.38052868843078613
987 -0.00062690372578799725 -0.93454599380493164 0.35584184527397156
988 -0.00020025586127303541 0.9126894474029541 0.4086538553237915
989 -0.00075258652213960886 -0.99683886766433716 0.079446665942668915
990 -0.00052762532141059637 -0.99452352523803711 0.10451216250658035
991 -0.00042482413118705153 0.97508758306503296 0.22182005643844604
992 -0.0010835188440978527 -0.99451786279678345 0.10456144064664841
993 -0.00035844693775288761 -0.54825061559677124 0.83631402254104614
994 -0.00074207986472174525 -0.99727976322174072 0.073706217110157013
995 -0.00056165957357734442 -0.70417100191116333 0.71003025770187378
996 -0.00079485599417239428 -0.99727326631546021 0.073793157935142517
997 -0.00045708430116064847 -0.92089611291885376 0.38980796933174133
998 -0.00038730600499548018 0.97452294826507568 0.22428770363330841
999 -0.00038048613350838423 0.25298929214477539 0.96746903657913208
1000 -0.00013230618787929416 0.9104001522064209 0.41372892260551453
1001 -0.00046497970470227301 0.99711644649505615 0.075885355472564697
1002 -0.00019437466107774526 0.4343535304069519 0.90074253082275391
1003 -0.00055797799723222852 0.99654912948608398 0.083003193140029907
1004 -0.00043881696183234453 0.99737650156021118 0.072387881577014923
1005 -0.00047220836859196424 0.99742192029953003 0.071759037673473358
1006 -0.00066738208988681436 -0.99697810411453247 0.077680587768554688
1007 -0.00087043066741898656 -0.99700069427490234 0.077387899160385132
1008 -0.00082395155914127827 0.99451881647109985 0.10455489158630371
1009 -0.00070857541868463159 -0.97409194707870483 0.22615131735801697
1010 -0.00054824620019644499 0.99736779928207397 0.072506926953792572
1011 -0.00036919960984960198 0.92763382196426392 0.37349089980125427
1012 -0.00011030537280021235 0.82031130790710449 0.57191723585128784
1013 -0.00028648268198594451 0.85560899972915649 0.51762264966964722
1014 -0.00066468387376517057 -0.95801126956939697 0.28672993183135986
1015 -0.00031929055694490671 0.91517853736877441 0.40304857492446899
1016 -0.00028327640029601753 0.85397523641586304 0.520313560962677
1017 -0.00046222357195802033 0.99763822555541992 0.068685576319694519
1018 -0.00065485259983688593 -0.97105872631072998 0.23884004354476929
1019 -0.00041501104715280235 0.97207939624786377 0.23465213179588318
1020 -0.00049415486864745617 -0.92825943231582642 0.37193310260772705
1021 7.6248164987191558e-05 0.74314671754837036 0.66912859678268433
1022 -0.00065584667026996613 -0.95869171619415283 0.28444656729698181
1023 -0.00011192954116268083 0.53528493642807007 0.84467160701751709
1024 -0.00039702720823697746 0.99733227491378784 0.072995133697986603
1025 -0.00070745177799835801 -0.96949774026870728 0.24509938061237335
1026 -0.00017542885325383395 0.9151117205619812 0.40320035815238953
1027 -0.00010294763342244551 0.6072232723236084 0.79453128576278687
1028 -0.00046887013013474643 0.99741888046264648 0.071800932288169861
1029 -0.99938458204269409 0.035063408315181732 -0.0010279148118570447
1030 -0.0005315698217600584 -0.83656585216522217 0.54786616563796997
1031 -0.00040994564187712967 0.97625696659088135 0.21661551296710968
1032 -0.00011526119487825781 0.10329702496528625 0.99465060234069824
1033 -0.00041751872049644589 0.97548776865005493 0.22005358338356018
1034 -0.000356674863724038 -0.10316368192434311 0.99466437101364136
1035 -0.00043489853851497173 -0.43845674395561218 0.89875221252441406
1036 -0.00058787933085113764 -0.40675413608551025 0.91353744268417358
1037 -0.00049315008800476789 -0.63229608535766602 0.7747267484664917
1038 -0.00074830855010077357 -0.99666851758956909 0.081555724143981934
1039 -0.00061484077014029026 -0.96313625574111938 0.26901331543922424
1040 -0.00033206105581484735 0.33622345328330994 0.94178217649459839
1041 -0.0006420520949177444 -0.97066158056259155 0.24044899642467499
1042 -0.00070315686753019691 -0.9704328179359436 0.24137070775032043
1043 -0.00043301514233462512 0.97603309154510498 0.21762195229530334
1044 -0.00064945081248879433 -0.97008335590362549 0.24277123808860779
1045 -0.00050547189312055707 -0.60475564002990723 0.79641097784042358
1046 -0.00076193927088752389 -0.99665242433547974 0.081752300262451172
1047 -0.00054487021407112479 -0.96191734075546265 0.27334001660346985
1048 -0.00041345137287862599 0.99666136503219604 0.081645146012306213
1049 -0.00039786551496945322 0.97246938943862915 0.23303045332431793
1050 -0.00062092195730656385 -0.93571829795837402 0.35274770855903625
1051 -0.00033604833879508078 0.97330236434936523 0.22952660918235779
1052 -0.00063183729071170092 -0.97481715679168701 0.22300474345684052
1053 -0.00024664777447469532 0.37785997986793518 0.92586278915405273
1054 -0.00034668255830183625 0.97234231233596802 0.23356014490127563
1055 -0.00046926565119065344 -0.92280519008636475 0.38526657223701477
1056 -0.00054276961600407958 -0.92506223917007446 0.37981525063514709
1057 -0.00046928608207963407 -0.92322683334350586 0.38425511121749878
1058 -0.00052782997954636812 -0.91490358114242554 0.40367209911346436
1059 -0.00030059041455388069 0.97258263826370239 0.23255744576454163
1060 -0.00067879515700042248 -0.97431653738021851 0.2251816987991333
1061 -0.00055798370158299804 -0.96827083826065063 0.24990260601043701
1062 -0.00051322969375178218 0.99760627746582031 0.06914808601140976
1063 -0.00040751299820840359 0.97144800424575806 0.23725230991840363
1064 -0.00047059895587153733 -0.92546796798706055 0.37882557511329651
1065 -0.00031268477323465049 0.85683256387710571 0.5155947208404541
1066 -0.00050933216698467731 -0.92350608110427856 0.38358354568481445
1067 -0.00045852395123802125 0.97695678472518921 0.21343684196472168
1068 -0.0007544473628513515 -0.99831050634384155 0.058100286871194839
1069 -0.00076119316508993506 -0.99704951047897339 0.076757423579692841
1070 -0.00077934976434335113 -0.99715489149093628 0.07537580281496048
1071 -0.00058106344658881426 -0.86499148607254028 0.50178629159927368
1072 -0.00048648566007614136 0.99707692861557007 0.076403334736824036
1073 -0.00020263450278434902 0.94047081470489502 0.33987459540367126
1074 -0.00045597905409522355 0.99698758125305176 0.077560439705848694
1075 -0.00015434525266755372 0.53915417194366455 0.84220707416534424
1076 -0.00066861917730420828 -0.97305434942245483 0.23057512938976288
1077 -0.00029005494434386492 0.92173540592193604 0.38781920075416565
1078 -0.00063709868118166924 -0.97253310680389404 0.2327638566493988
1079 -0.00071212794864550233 -0.97503215074539185 0.22206276655197144
1080 -0.00050424231449142098 -0.92216086387634277 0.38680624961853027
1081 -0.00049503246555104852 0.97389906644821167 0.22698099911212921
1082 -0.0003636794863268733 0.91635429859161377 0.40036824345588684
1083 -0.00064916984410956502 -0.97114360332489014 0.23849476873874664
1084 -0.00028784913592971861 0.85755068063735962 0.51439946889877319
1085 -0.00060899509117007256 -0.86831122636795044 0.49601945281028748
1086 -0 -0.00071381038287654519 0.9999997615814209
1087 0 -0.00072809722041711211 0.9999997615814209
1088 0 -0.00066809420241042972 0.99999982118606567
1089 -0 -0.00067196798045188189 0.9999997615814209
1090 -0 -0.00067048752680420876 0.9999997615814209
1091 0 -0.00072812061989679933 0.9999997615814209
1092 0 -0.00070086063351482153 0.9999997615814209
1093 -0 -0.00070379814133048058 0.9999997615814209
1094 0 -0.00071075576124712825 0.9999997615814209
1095 0 -0.00071665720315650105 0.9999997615814209
1096 -0 -0.00070819567190483212 0.9999997615814209
1097 0 -0.00071240885881707072 0.9999997615814209
1098 0 -0.00071545469108968973 0.9999997615814209
1099 0 -0.0007604101556353271 0.99999970197677612
1100 0 -0.00070717750350013375 0.9999997615814209
1101 0 -0.00068771484075114131 0.9999997615814209
1102 -0 -0.00076357589568942785 0.99999970197677612
1103 0 -0.00073901651194319129 0.9999997615814209
1104 0 -0.00072216946864500642 0.9999997615814209
1105 0 -0.00073497591074556112 0.9999997615814209
1106 -0 -0.00071039883187040687 0.9999997615814209
1107 0 -0.00075598334660753608 0.99999970197677612
1108 0 -0.00074923061765730381 0.9999997615814209
1109 0 -0.00067490845685824752 0.9999997615814209
1110 -0 -0.00071182666579261422 0.9999997615814209
1111 0 -0.00073532410897314548 0.9999997615814209
1112 0 -0.00074423616752028465 0.9999997615814209
1113 0 -0.00077261676779016852 0.99999970197677612
1114 0 -0.00062343128956854343 0.99999982118606567
1115 0 -0.00076204864308238029 0.99999970197677612
1116 0 -0.00072972982889041305 0.9999997615814209
1117 0 -0.0007328078499995172 0.9999997615814209
1118 0 -0.00068674929207190871 0.9999997615814209
1119 0 -0.00072618958074599504 0.9999997615814209
1120 0 -0.00071641436079517007 0.9999997615814209
1121 -0 -0.00074837333522737026 0.9999997615814209
1122 0 -0.0006969546084292233 0.9999997615814209
1123 -0 -0.00069920165697112679 0.9999997615814209
1124 0 -0.00068886176450178027 0.9999997615814209
1125 -0 -0.00063099747058004141 0.99999982118606567
1126 0 -0.00072676886338740587 0.9999997615814209
1127 -0 -0.00072451599407941103 0.9999997615814209
1128 -0 -0.00074679922545328736 0.9999997615814209
1129 0 -0.0007543449173681438 0.99999970197677612
1130 0 -0.0007576189236715436 0.99999970197677612
1131 0 -0.00067575107095763087 0.9999997615814209
1132 0 -0.00068508158437907696 0.9999997615814209
1133 0 -0.00067859498085454106 0.9999997615814209
1134 0 -0.00072711415123194456 0.9999997615814209
1135 -0 -0.00073189201066270471 0.9999997615814209
1136 0 -0.00077586149564012885 0.99999970197677612
1137 0 -0.00073201197665184736 0.9999997615814209
1138 0 -0.00064859644044190645 0.99999982118606567
1139 0 -0.00077110994607210159 0.99999970197677612
1140 -0 -0.00063286419026553631 0.99999982118606567
1141 0 -0.00071547518018633127 0.9999997615814209
1142 -0 -0.00075260695302858949 0.99999970197677612
1143 -0 -0.00062294560484588146 0.99999982118606567
1144 -0 -0.00072261126479133964 0.9999997615814209
1145 0 -0.00070002966094762087 0.9999997615814209
1146 -0 -0.00072853901656344533 0.9999997615814209
1147 0 -0.00076408206950873137 0.99999970197677612
1148 0 -0.00070958543801680207 0.9999997615814209
1149 -0 -0.00069046218413859606 0.9999997615814209
1150 0 -0.0007527561392635107 0.99999970197677612
1151 -0 -0.00066387810511514544 0.99999982118606567
1152 0 -0.00073767354479059577 0.9999997615814209
1153 0 -0.00071542250225320458 0.9999997615814209
1154 -0 -0.00070982536999508739 0.9999997615814209
1155 0 -0.00074072222923859954 0.9999997615814209
1156 0 -0.00076539575820788741 0.99999970197677612
1157 -0 -0.00074722932185977697 0.9999997615814209
1158 0 -0.00077034044079482555 0.99999970197677612
1159 0 -0.00073130975943058729 0.9999997615814209
1160 -0 -0.00072886672569438815 0.9999997615814209
1161 0 -0.00071208993904292583 0.9999997615814209
1162 -0 -0.00068964000092819333 0.9999997615814209
1163 -0 -0.00072851852746680379 0.9999997615814209
1164 0 -0.00067933520767837763 0.9999997615814209
1165 0 -0.00070517329731956124 0.9999997615814209
1166 0 -0.00064986333018168807 0.99999982118606567
1167 0 -0.00072869117138907313 0.9999997615814209
1168 -0 -0.0007078065536916256 0.9999997615814209
1169 -0 -0.00069303106283769011 0.9999997615814209
1170 0 -0.00071246444713324308 0.9999997615814209
1171 -0 -0.00068597099743783474 0.9999997615814209
1172 -0 -0.00071779533755034208 0.9999997615814209
1173 0 -0.00068452564300969243 0.9999997615814209
1174 0 -0.00075225590262562037 0.9999997615814209
1175 0 -0.00071775732794776559 0.9999997615814209
1176 -0 -0.00065831898245960474 0.99999982118606567
1177 0 -0.00075649539940059185 0.99999970197677612
1178 -0 -0.00065648742020130157 0.99999982118606567
1179 0 -0.00077242654515430331 0.99999970197677612
1180 -0 -0.00069495628122240305 0.9999997615814209
1181 -0 -0.00071239424869418144 0.9999997615814209
1182 0 -0.0007060276111587882 0.9999997615814209
1183 -0 -0.00071626808494329453 0.9999997615814209
1184 0 -0.00076311070006340742 0.99999970197677612
1185 0 -0.00074258603854104877 0.9999997615814209
1186 -0 -0.00069784699007868767 0.9999997615814209
1187 -0 -0.00066973554203286767 0.9999997615814209
1188 0 -0.00074472185224294662 0.9999997615814209
1189 0 -0.00072953087510541081 0.9999997615814209
1190 0 -0.0007367050857283175 0.9999997615814209
1191 -0 -0.00067767919972538948 0.9999997615814209
1192 0 -0.00069002620875835419 0.9999997615814209
1193 -0 -0.00067843991564586759 0.9999997615814209
1194 -0 -0.00070830975892022252 0.9999997615814209
1195 -0 -0.00071504799416288733 0.9999997615814209
1196 0 -0.00070424872683361173 0.9999997615814209
1197 0 -0.00076364906271919608 0.99999970197677612
1198 0 -0.00071029935497790575 0.9999997615814209
1199 -0 -0.00067591492552310228 0.9999997615814209
1200 -0 -0.00072925002314150333 0.9999997615814209
1201 0 -0.00068338168784976006 0.9999997615814209
1202 0 -0.00070953572867438197 0.9999997615814209
1203 0 -0.00071304966695606709 0.9999997615814209
1204 0 -0.00071464420761913061 0.9999997615814209
1205 0 -0.00074914866127073765 0.9999997615814209
1206 0 -0.00067595881409943104 0.9999997615814209
1207 0 -0.00067048752680420876 0.9999997615814209
1208 0 -0.0006936162244528532 0.9999997615814209
1209 0 -0.00071763148298487067 0.9999997615814209
1210 0 -0.00072673964314162731 0.9999997615814209
1211 0 -0.00070042174775153399 0.9999997615814209
1212 -0 -0.00070268049603328109 0.9999997615814209
1213 -0 -0.00076510902727022767 0.99999970197677612
1214 0 -0.00072517723310738802 0.9999997615814209
1215 -0 -0.00071058317553251982 0.9999997615814209
1216 0 -0.00072753545828163624 0.9999997615814209
1217 0 -0.0007754869875498116 0.99999970197677612
1218 -0 -0.00068898173049092293 0.9999997615814209
1219 -0 -0.00073975673876702785 0.9999997615814209
1220 -0 -0.00074943830259144306 0.9999997615814209
1221 0 -0.0006887944764457643 0.9999997615814209
1222 0 -0.00077251141192391515 0.99999970197677612
1223 0 -0.00073935295222327113 0.9999997615814209
1224 0 -0.00071102497167885303 0.9999997615814209
1225 0 -0.00071219529490917921 0.9999997615814209
1226 0 -0.00072489341255277395 0.9999997615814209
1227 0 -0.00068010471295565367 0.9999997615814209
1228 0 -0.00071566534461453557 0.9999997615814209
1229 0 -0.00071395374834537506 0.9999997615814209
1230 -0 -0.00074554694583639503 0.9999997615814209
1231 -0 -0.00071839516749605536 0.9999997615814209
1232 -0 -0.00068690144689753652 0.9999997615814209
1233 0 -0.00072616030229255557 0.9999997615814209
1234 -0 -0.0007239747210405767 0.9999997615814209
1235 0 -0.00067817367380484939 0.9999997615814209
1236 -0 -0.00073135364800691605 0.9999997615814209
1237 -0 -0.0006874105310998857 0.9999997615814209
1238 -0 -0.00065162469400092959 0.99999982118606567
1239 -0 -0.00068374443799257278 0.9999997615814209
1240 0 -0.0007220582920126617 0.9999997615814209
1241 0 -0.00073181302286684513 0.9999997615814209
1242 -0 -0.00073525094194337726 0.9999997615814209
1243 0 -0.00070289993891492486 0.9999997615814209
1244 -0 -0.00073945830808952451 0.9999997615814209
1245 -0 -0.00074521632632240653 0.9999997615814209
1246 0 -0.00074318872066214681 0.9999997615814209
1247 -0 -0.00069248687941581011 0.9999997615814209
1248 0 -0.00073223141953349113 0.9999997615814209
1249 -0 -0.0007184536661952734 0.9999997615814209
1250 0 -0.0007520481594838202 0.9999997615814209
1251 0 -0.00072911247843876481 0.9999997615814209
1252 0 -0.0007075900211930275 0.9999997615814209
1253 0 -0.00072919734520837665 0.9999997615814209
1254 0 -0.00069392053410410881 0.9999997615814209
1255 0 -0.00074236362706869841 0.9999997615814209
1256 -0 -0.00075276201823726296 0.99999970197677612
1257 0 -0.00074936519376933575 0.9999997615814209
1258 -0 -0.00070353480987250805 0.9999997615814209
1259 -0 -0.00068911339621990919 0.9999997615814209
1260 -0 -0.00073062512092292309 0.9999997615814209
1261 0 -0.00075145420851185918 0.9999997615814209
1262 0 -0.00071490462869405746 0.9999997615814209
1263 -0 -0.00073293951572850347 0.9999997615814209
1264 0 -0.00075227051274850965 0.9999997615814209
1265 0 -0.0007299902499653399 0.9999997615814209
1266 0 -0.00072368507971987128 0.9999997615814209
1267 -0 -0.00072574778459966183 0.9999997615814209
1268 -0 -0.0007209025789052248 0.9999997615814209
1269 0 -0.00066282774787396193 0.99999982118606567
1270 -0 -0.00073243334190919995 0.9999997615814209
1271 -0 -0.00073054904351010919 0.9999997615814209
1272 -0 -0.00072502216789871454 0.9999997615814209
1273 0 -0.00072957476368173957 0.9999997615814209
1274 0 -0.00070906465407460928 0.9999997615814209
1275 0 -0.00071211630711331964 0.9999997615814209
1276 0 -0.00072621006984263659 0.9999997615814209
1277 0 -0.00066736567532643676 0.99999982118606567
1278 0 -0.00072106934385374188 0.9999997615814209
1279 -0 -0.00071833370020613074 0.9999997615814209
1280 -0 -0.00068542681401595473 0.9999997615814209
1281 0 -0.00068516639294102788 0.9999997615814209
1282 0 -0.00068134232424199581 0.9999997615814209
1283 0 -0.00071605737321078777 0.9999997615814209
1284 0 -0.00072892522439360619 0.9999997615814209
1285 0 -0.00072176865069195628 0.9999997615814209
1286 0 -0.00070462614530697465 0.9999997615814209
1287 0 -0.00069745787186548114 0.9999997615814209
1288 -0 -0.00067005743039771914 0.9999997615814209
1289 0 -0.0007042516372166574 0.9999997615814209
1290 0 -0.00067136524012312293 0.9999997615814209
1291 -0 -0.00071204022970050573 0.9999997615814209
1292 0 -0.00072814110899344087 0.9999997615814209
1293 0 -0.00072644412284716964 0.9999997615814209
1294 0 -0.00072875258047133684 0.9999997615814209
1295 0 -0.00069043878465890884 0.9999997615814209
1296 -0 -0.00071501289494335651 0.9999997615814209
1297 -0 -0.00076489255297929049 0.99999970197677612
1298 0 -0.00070646649692207575 0.9999997615814209
1299 0 -0.00071817863499745727 0.9999997615814209
1300 0 -0.00071155745536088943 0.9999997615814209
1301 -0 -0.00069562043063342571 0.9999997615814209
1302 0 -0.00067906605545431376 0.9999997615814209
1303 0 -0.00069829169660806656 0.9999997615814209
1304 0 -0.00072886672569438815 0.9999997615814209
1305 0 -0.00069649523356929421 0.9999997615814209
1306 0 -0.00068798690335825086 0.9999997615814209
1307 0 -0.0007030198466964066 0.9999997615814209
1308 0 -0.0007221840787678957 0.9999997615814209
1309 0 -0.0007254580850712955 0.9999997615814209
1310 0 -0.00070976978167891502 0.9999997615814209
1311 0 -0.00069804303348064423 0.9999997615814209
1312 0 -0.000709175830706954 0.9999997615814209
1313 0 -0.00071385427145287395 0.9999997615814209
1314 0 -0.0006884901667945087 0.9999997615814209
1315 0 -0.00071723648579791188 0.9999997615814209
1316 0 -0.00071255519287660718 0.9999997615814209
1317 0 -0.00067663466325029731 0.9999997615814209
1318 0 -0.00070506503107026219 0.9999997615814209
1319 0 -0.00070665375096723437 0.9999997615814209
1320 0 -0.00073422398418188095 0.9999997615814209
1321 0 -0.00069379765773192048 0.9999997615814209
1322 0 -0.00069390295539051294 0.9999997615814209
1323 -0 -0.00073011312633752823 0.9999997615814209
1324 -0 -0.00070983415935188532 0.9999997615814209
1325 0 -0.00067987648071721196 0.9999997615814209
1326 -0 -0.00072505144635215402 0.9999997615814209
1327 0 -0.0007202940178103745 0.9999997615814209
1328 0 -0.00073298340430483222 0.9999997615814209
1329 0 -0.00070227379910647869 0.9999997615814209
1330 0 -0.00072117469971999526 0.9999997615814209
1331 0 -0.00072776072192937136 0.9999997615814209
1332 -0 -0.00072985270526260138 0.9999997615814209
1333 -0 -0.00069907878059893847 0.9999997615814209
1334 -0 -0.00069401710061356425 0.9999997615814209
1335 0 -0.0007014721049927175 0.9999997615814209
1336 0 -0.0007197615341283381 0.9999997615814209
1337 -0.0011074814246967435 -0 -0.99999940395355225
1338 -0.0010140714002773166 0 -0.9999995231628418
1339 -0.00099163304548710585 0 -0.9999995231628418
1340 -0.0010826234938576818 0 -0.99999940395355225
1341 -0.0011245859786868095 0 -0.99999940395355225
1342 -0.0010651007760316133 0 -0.99999946355819702
1343 -0.00097608513897284865 0 -0.9999995231628418
1344 -0.0010721930302679539 0 -0.99999946355819702
1345 -0.0010573063045740128 0 -0.99999946355819702
1346 -0.0011068056337535381 0 -0.99999940395355225
1347 -0.001058485358953476 0 -0.99999946355819702
1348 -0.0011287728557363153 0 -0.99999940395355225
1349 -0.0010826849611476064 0 -0.99999940395355225
1350 -0.00099529617000371218 0 -0.9999995231628418
1351 -0.0010264416923746467 0 -0.99999946355819702
1352 -0.0010499946074560285 -0 -0.99999946355819702
1353 -0.0010235889349132776 0 -0.99999946355819702
1354 -0.0011268886737525463 0 -0.99999940395355225
1355 -0.0011395281180739403 0 -0.99999934434890747
1356 -0.001044540898874402 -0 -0.99999946355819702
1357 -0.0010972644668072462 0 -0.99999940395355225
1358 -0.000999038340523839 0 -0.9999995231628418
1359 0 0.001193176256492734 -0.9999992847442627
1360 0 0.0012147220550104976 -0.9999992847442627
1361 0 0.0012310337042436004 -0.9999992847442627
1362 0 0.0012223469093441963 -0.9999992847442627
1363 0 0.0012003065785393119 -0.9999992847442627
1364 0 0.0012034664396196604 -0.9999992847442627
1365 0 0.0011980682611465454 -0.9999992847442627
1366 0 0.0012221303768455982 -0.9999992847442627
1367 0 0.0012107165530323982 -0.9999992847442627
1368 0 0.0011770374840125442 -0.99999934434890747
1369 0 0.0012192248832434416 -0.9999992847442627
1370 0 0.0011597397970035672 -0.99999934434890747
1371 0 0.0012327336007729173 -0.9999992847442627
1372 0 0.0011724585201591253 -0.99999934434890747
1373 0 0.0011309584369882941 -0.99999940395355225
1374 0 0.0012070474913343787 -0.9999992847442627
1375 0 0.0011790738208219409 -0.99999934434890747
1376 0 0.0012174196308478713 -0.9999992847442627
1377 0 0.0011560708517208695 -0.99999934434890747
1378 0 0.001202875399030745 -0.9999992847442627
1379 0 0.0012082179309800267 -0.9999992847442627
1380 0 0.0012029455974698067 -0.9999992847442627
1381 0 0.0012149034300819039 -0.9999992847442627
1382 0 0.0012041452573612332 -0.9999992847442627
1383 0 0.0011370090069249272 -0.99999934434890747
1384 0 0.0012109915260225534 -0.9999992847442627
1385 0 0.0012279088841751218 -0.9999992847442627
1386 0 0.0011189273791387677 -0.99999940395355225
1387 0 0.0012135253055021167 -0.9999992847442627
1388 0 0.0012177121825516224 -0.9999992847442627
1389 0 0.0012026648037135601 -0.9999992847442627
1390 0 0.0011927168816328049 -0.9999992847442627
1391 0 0.0011992737418040633 -0.9999992847442627
1392 0 0.0011803290108218789 -0.99999934434890747
1393 0 0.0012129636015743017 -0.9999992847442627
1394 0 0.0012126797810196877 -0.9999992847442627
1395 0 0.0011898847296833992 -0.9999992847442627
1396 0 0.0012320869136601686 -0.9999992847442627
1397 0 0.0012143211206421256 -0.9999992847442627
1398 0 0.0012190493289381266 -0.9999992847442627
1399 0 0.0012039199937134981 -0.9999992847442627
1400 0 0.001233950606547296 -0.99999922513961792
1401 0 0.0012334649218246341 -0.99999922513961792
1402 0 0.001233423943631351 -0.99999922513961792
1403 0 0.0012747514992952347 -0.99999922513961792
1404 0 0.0012235990725457668 -0.9999992847442627
1405 0 0.0012237102491781116 -0.9999992847442627
1406 0 0.0011814467143267393 -0.99999934434890747
1407 0 0.0012386231683194637 -0.99999922513961792
1408 0 0.0012475294061005116 -0.99999922513961792
1409 0 0.0012200938072055578 -0.9999992847442627
1410 0 0.0012184114893898368 -0.9999992847442627
1411 0 0.001204425934702158 -0.9999992847442627
1412 0 0.0011884364066645503 -0.9999992847442627
1413 0 0.0012079720618203282 -0.9999992847442627
1414 0 0.0012104708002880216 -0.9999992847442627
1415 0 0.0012145699001848698 -0.9999992847442627
1416 0 0.0012446386972442269 -0.99999922513961792
1417 0 0.0012269872240722179 -0.9999992847442627
1418 0 0.0011977171525359154 -0.9999992847442627
1419 0 0.00121537153609097 -0.9999992847442627
1420 0 0.0012275753542780876 -0.9999992847442627
1421 0 0.0012170714326202869 -0.9999992847442627
1422 0 0.0012157752644270658 -0.9999992847442627
1423 0 0.0012055231491103768 -0.9999992847442627
1424 0 0.0012546099023893476 -0.99999922513961792
1425 0 0.0012645460665225983 -0.99999922513961792
1426 0 0.0012757257791236043 -0.99999922513961792
1427 0 0.001250680536031723 -0.99999922513961792
1428 0 0.0012399164261296391 -0.99999922513961792
1429 0 0.0012243451783433557 -0.9999992847442627
1430 0 0.0012283740798011422 -0.9999992847442627
1431 0 0.001240747282281518 -0.99999922513961792
1432 0 0.00121567293535918 -0.9999992847442627
1433 0 0.0012700174702331424 -0.99999922513961792
1434 0 0.0012332045007497072 -0.99999922513961792
1435 0 0.001259150798432529 -0.99999922513961792
1436 0 0.0012647187104448676 -0.99999922513961792
1437 0 0.0012149502290412784 -0.9999992847442627
1438 0 0.0012141192564740777 -0.9999992847442627
1439 0 0.0012311448808759451 -0.9999992847442627
1440 0 0.0012248132843524218 -0.9999992847442627
1441 0 0.0012524857884272933 -0.99999922513961792
1442 0 0.0012400919804349542 -0.99999922513961792
1443 0 0.0012152164708822966 -0.9999992847442627
1444 0 0.0012271364685148001 -0.9999992847442627
1445 0 0.0011679321760311723 -0.99999934434890747
1446 0 0.0012035776162520051 -0.9999992847442627
1447 0 0.0011942529818043113 -0.9999992847442627
1448 -0.00063247210346162319 -0.99999982118606567 -0
1449 -0.00071932264836505055 -0.9999997615814209 -0
1450 -0.00088679167674854398 -0.99999964237213135 -0
1451 -0.00068169052246958017 -0.9999997615814209 -0
1452 -0.00074337015394121408 -0.9999997615814209 0
1453 -0.0007489643176086247 -0.9999997615814209 0
1454 -0.00086887378711253405 -0.99999964237213135 -0
1455 -0.00063680822495371103 -0.99999982118606567 -0
1456 -0.00088728609262034297 -0.99999964237213135 -0
1457 -0.00075427466072142124 -0.99999970197677612 0
1458 -0.00065395660931244493 -0.99999982118606567 -0
1459 -0.00089847150957211852 -0.99999958276748657 0
1460 -0.00071879889583215117 -0.9999997615814209 -0
1461 -0.00076623255154117942 -0.99999970197677612 -0
1462 -0.00087997439550235868 -0.99999964237213135 0
1463 -0.00072300038300454617 -0.9999997615814209 0
1464 -0.00075238756835460663 -0.9999997615814209 0
1465 -0.00086418952560052276 -0.99999964237213135 -0
1466 -0.00075746676884591579 -0.99999970197677612 0
1467 -0.00080787303159013391 -0.99999970197677612 -0
1468 -0.00087186106247827411 -0.99999964237213135 0
1469 -0.00060182396555319428 -0.99999982118606567 0
1470 -0.00088279787451028824 -0.99999964237213135 0
1471 -0.00088422570843249559 -0.99999964237213135 0
1472 -0.00075270934030413628 -0.99999970197677612 0
1473 -0.00072728970553725958 -0.9999997615814209 -0
1474 -0.00070882763247936964 -0.9999997615814209 0
1475 -0.00067472993396222591 -0.9999997615814209 0
1476 -0.00088044843869283795 -0.99999964237213135 0
1477 -0.00067812687484547496 -0.9999997615814209 -0
1478 -0.00070790603058412671 -0.9999997615814209 -0
1479 -0.00077717809472233057 -0.99999970197677612 0
1480 -0.00087884499225765467 -0.99999964237213135 0
1481 -0.00086196878692135215 -0.99999964237213135 0
1482 -0.00083304691361263394 -0.99999964237213135 -0
1483 -0.00070538982981815934 -0.9999997615814209 0
1484 -0.00090468308189883828 -0.99999958276748657 0
1485 -0.00065891002304852009 -0.99999982118606567 -0
1486 -0.00066291843540966511 -0.99999982118606567 -0
1487 -0.00071489583933725953 -0.9999997615814209 0
1488 -0.00088177673751488328 -0.99999964237213135 0
1489 -0.00062022748170420527 -0.99999982118606567 -0
1490 -0.0007613757043145597 -0.99999970197677612 -0
1491 -0.00079657346941530704 -0.99999970197677612 -0
1492 -0.00069331488339230418 -0.9999997615814209 -0
1493 -0.00068854575511068106 -0.9999997615814209 -0
1494 -0.00085710606072098017 -0.99999964237213135 0
1495 -0.00074253918137401342 -0.9999997615814209 0
1496 -0.00076566787902265787 -0.99999970197677612 0
1497 -0.000858270563185215 -0.99999964237213135 -0
1498 -0.00073171942494809628 -0.9999997615814209 -0
1499 -0.00084680126747116446 -0.99999964237213135 -0
1500 -0.00076775107299908996 -0.99999970197677612 -0
1501 -0.00074612337630242109 -0.9999997615814209 -0
1502 -0.00087824231013655663 -0.99999964237213135 -0
1503 -0.00088311388390138745 -0.99999964237213135 0
1504 -0.00070290867006406188 -0.9999997615814209 0
1505 -0.00073102890746667981 -0.9999997615814209 0
1506 -0.0007382645271718502 -0.9999997615814209 -0
1507 -0.00071035203291103244 -0.9999997615814209 0
1508 -0.00087465229444205761 -0.99999964237213135 0
1509 -0.00069094495847821236 -0.9999997615814209 -0
1510 -0.00059772486565634608 -0.99999982118606567 -0
1511 -0.00075168244075030088 -0.9999997615814209 0
1512 -0.00059517356567084789 -0.99999982118606567 -0
1513 -0.0008205916965380311 -0.99999970197677612 -0
1514 -0.00076479889685288072 -0.99999970197677612 0
1515 -0.00068635429488494992 -0.9999997615814209 0
1516 -0.00079321465454995632 -0.99999970197677612 -0
1517 -0.00085532129742205143 -0.99999964237213135 0
1518 -0.00076780084054917097 -0.99999970197677612 -0
1519 -0.0008628377690911293 -0.99999964237213135 0
1520 -0.00071833661058917642 -0.9999997615814209 0
1521 -0.00086733768694102764 -0.99999964237213135 0
1522 -0.00086671154713258147 -0.99999964237213135 -0
1523 -0.00082348822616040707 -0.99999970197677612 -0
1524 -0.00085867138113826513 -0.99999964237213135 -0
1525 -0.00074254506034776568 -0.9999997615814209 0
1526 -0.0009017747943289578 -0.99999958276748657 0
1527 -0.00079289573477581143 -0.99999970197677612 0
1528 -0.00076356128556653857 -0.99999970197677612 -0
1529 -0.00069398782216012478 -0.9999997615814209 0
1530 -0.00076806120341643691 -0.99999970197677612 0
1531 -0.00090596749214455485 -0.99999958276748657 0
1532 -0.00075691082747653127 -0.99999970197677612 0
1533 -0.00075177900725975633 -0.9999997615814209 0
1534 -0.00062523357337340713 -0.99999982118606567 0
1535 -0.00089754990767687559 -0.99999958276748657 0
1536 -0.00086912832921370864 -0.99999964237213135 0
1537 -0.00088960339780896902 -0.99999964237213135 0
1538 -0.00088371656602248549 -0.99999964237213135 0
1539 -0.00074231100734323263 -0.9999997615814209 -0
1540 -0.00074894679710268974 -0.9999997615814209 0
1541 -0.00063970772316679358 -0.99999982118606567 0
1542 -0.00073112547397613525 -0.9999997615814209 0
1543 -0.00070651917485520244 -0.9999997615814209 0
1544 -0.00075409619603306055 -0.99999970197677612 0
1545 -0.00067455146927386522 -0.9999997615814209 -0
1546 -0.00073547620559111238 -0.9999997615814209 0
1547 -0.0007082746597006917 -0.9999997615814209 0
1548 -0.00073094404069706798 -0.9999997615814209 -0
1549 -0.00085115781985223293 -0.99999964237213135 0
1550 -0.00069113512290641665 -0.9999997615814209 -0
1551 -0.00072334858123213053 -0.9999997615814209 0
1552 -0.0007180352695286274 -0.9999997615814209 0
1553 -0.00074806320481002331 -0.9999997615814209 0
1554 -0.00071847997605800629 -0.9999997615814209 0
1555 -0.00086055562132969499 -0.99999964237213135 0
1556 -0.00068109075073152781 -0.9999997615814209 0
1557 -0.00073535920819267631 -0.9999997615814209 0
1558 -0.0008378364727832377 -0.99999964237213135 0
1559 -0.00072680984158068895 -0.9999997615814209 -0
1560 -0.00086792284855619073 -0.99999964237213135 0
1561 -0.00083091104170307517 -0.99999964237213135 -0
1562 -0.00074337894329801202 -0.9999997615814209 -0
1563 -0.00090405985247343779 -0.99999958276748657 -0
1564 -0.00075295218266546726 -0.99999970197677612 -0
1565 -0.00088101899018511176 -0.99999964237213135 0
1566 -0.00087634637020528316 -0.99999964237213135 -0
1567 -0.00089551066048443317 -0.99999964237213135 0
1568 -0.00074531580321490765 -0.9999997615814209 0
1569 -0.00088190549286082387 -0.99999964237213135 -0
1570 -0.00071278633549809456 -0.9999997615814209 0
1571 -0.00083739467663690448 -0.99999964237213135 0
1572 -0.00089403893798589706 -0.99999964237213135 0
1573 -0.00083192629972472787 -0.99999964237213135 -0
1574 -0.0008067816961556673 -0.99999970197677612 -0
1575 -0.00074578105704858899 -0.9999997615814209 -0
1576 -0.0007105597760528326 -0.9999997615814209 0
1577 -0.00073056371184065938 -0.9999997615814209 0
1578 -0.00066985259763896465 -0.9999997615814209 0
1579 -0.00087027234258130193 -0.99999964237213135 -0
1580 -0.00084116315701976418 -0.99999964237213135 0
1581 -0.00074997084448114038 -0.9999997615814209 0
1582 -0.00088482548017054796 -0.99999964237213135 0
1583 -0.00088244973449036479 -0.99999964237213135 0
1584 -0.00074916623998433352 -0.9999997615814209 -0
1585 -0.00088000070536509156 -0.99999964237213135 0
1586 -0.00081485119881108403 -0.99999970197677612 -0
1587 -0.00087182008428499103 -0.99999964237213135 0
1588 -0.00070480169961228967 -0.9999997615814209 0
1589 -0.00073806854197755456 -0.9999997615814209 0
1590 -0.00084712018724530935 -0.99999964237213135 0
1591 -0.00081162108108401299 -0.99999970197677612 -0
1592 -0.00074337015394121408 -0.9999997615814209 0
1593 -0.00070287357084453106 -0.9999997615814209 -0
1594 -0.00074968702392652631 -0.9999997615814209 0
1595 -0.0008526851306669414 -0.99999964237213135 0
1596 -0.00070068507920950651 -0.9999997615814209 -0
1597 -0.00085276993922889233 -0.99999964237213135 0
1598 -0.00089039921294897795 -0.99999964237213135 0
1599 -0.00087132852058857679 -0.99999964237213135 -0
1600 -0.00073677825275808573 -0.9999997615814209 -0
1601 -0.00089003931498154998 -0.99999964237213135 0
1602 -0.00089679798111319542 -0.99999964237213135 0
1603 -0.0008966487948782742 -0.99999964237213135 0
1604 -0.00088910892372950912 -0.99999964237213135 -0
1605 -0.00075380655471235514 -0.99999970197677612 -0
1606 -0.00074631063034757972 -0.9999997615814209 0
1607 -0.00088572374079376459 -0.99999964237213135 -0
1608 -0.00081386225065216422 -0.99999970197677612 -0
1609 -0.00075349054532125592 -0.99999970197677612 0
1610 -0.0007478349725715816 -0.9999997615814209 0
1611 -0.00075006845872849226 -0.95539975166320801 -0.29531461000442505
1612 -0.0009374711662530899 -0.9590686559677124 -0.28317221999168396
1613 -0.00095222069649025798 -0.95987236499786377 -0.28043580055236816
1614 -0.0010752523085102439 -0.29198452830314636 -0.95642244815826416
1615 -0.0011808824492618442 -0.70562893152236938 -0.70858055353164673
1616 -0.001184506225399673 -0.70867568254470825 -0.70553338527679443
1617 -0.00074614898767322302 -0.95640867948532104 -0.29203060269355774
1618 -0.00078907370334491134 -0.92765998840332031 -0.3734251856803894
1619 -0.0012237709015607834 -0.56630593538284302 -0.82419425249099731
1620 -0.0008592521189711988 -0.90883499383926392 -0.41715499758720398
1621 -0.001251351204700768 -0.57172656059265137 -0.82044333219528198
1622 -0.0011115499073639512 -0.29036471247673035 -0.95691543817520142
1623 -0.00093164946883916855 -0.8339158296585083 -0.55189090967178345
1624 -0.00099396088626235723 -0.81987738609313965 -0.57253831624984741
1625 -0.00095606723334640265 -0.9755709171295166 -0.21968291699886322
1626 -0.00096364831551909447 -0.97559303045272827 -0.21958447992801666
1627 -0.0011989548802375793 -0.24053286015987396 -0.97064024209976196
1628 -0.00092230329755693674 -0.92016506195068359 -0.39152958989143372
1629 -0.00089937582379207015 -0.830055832862854 -0.55767965316772461
1630 -0.00092395191313698888 -0.83008700609207153 -0.5576331615447998
1631 -0.00094354344764724374 -0.77169704437255859 -0.63598960638046265
1632 -0.00097087258473038673 -0.77162188291549683 -0.63608080148696899
1633 -0.00092323101125657558 -0.88074207305908203 -0.47359541058540344
1634 -0.00080617482308298349 -0.96875536441802979 -0.24801701307296753
1635 -0.00078468827996402979 -0.3788239061832428 -0.92546844482421875
1636 -0.00096822134219110012 -0.7709229588508606 -0.63692766427993774
1637 -0.0011089850449934602 -0.23887225985527039 -0.97105038166046143
1638 -0.00093617732636630535 -0.70733767747879028 -0.7068752646446228
1639 -0.00083443638868629932 -0.38274809718132019 -0.92385238409042358
1640 -0.0008334461017511785 -0.47936856746673584 -0.87761330604553223
1641 -0.00080276263179257512 -0.47661778330802917 -0.87911033630371094
1642 -0.00097995728719979525 -0.55571228265762329 -0.83137416839599609
1643 -0.0010221287375316024 -0.47271177172660828 -0.88121652603149414
1644 -0.0009702807292342186 -0.83110606670379639 -0.55611306428909302
1645 -0.00096806237706914544 -0.70725655555725098 -0.70695632696151733
1646 -0.00093076832126826048 -0.92042946815490723 -0.39090782403945923
1647 -0.00094798445934429765 -0.77093148231506348 -0.63691747188568115
1648 -0.0010193871567025781 -0.55575865507125854 -0.83134305477142334
1649 -0.0008587572374381125 -0.55498814582824707 -0.83185786008834839
1650 -0.0011339647462591529 -0.47494226694107056 -0.8800162672996521
1651 -0.00085532345110550523 -0.91976344585418701 -0.39247223734855652
1652 -0.00061090313829481602 -0.29029965400695801 -0.95693564414978027
1653 -0.00024077750276774168 -0.95693814754486084 -0.29029190540313721
1654 -0.00090604799333959818 -0.55561745166778564 -0.83143758773803711
1655 -0.0010261315619572997 -0.8312537670135498 -0.5558922290802002
1656 -0.0011732628336176276 -0.4713711142539978 -0.88193422555923462
1657 -0.0009688561549410224 -0.63419491052627563 -0.77317267656326294
1658 -0.00089920643949881196 -0.87696689367294312 -0.48055008053779602
1659 -0.0010393639095127583 -0.88193482160568237 -0.47137027978897095
1660 -0.00093869457487016916 -0.82766574621200562 -0.56122058629989624
1661 -0.00086374586680904031 -0.63441210985183716 -0.77299457788467407
1662 -0.00072377856122329831 -0.4714144766330719 -0.88191145658493042
1663 -0.0011813603341579437 -0.77298867702484131 -0.634418785572052
1664 -0.00096321449382230639 -0.7060924768447876 -0.70811903476715088
1665 -0.00086102768545970321 -0.91955965757369995 -0.39294949173927307
1666 -0.00094891467597335577 -0.63421696424484253 -0.773154616355896
1667 -0.00097901595290750265 -0.47357967495918274 -0.88075041770935059
1668 -0.0010681131388992071 -0.55788648128509521 -0.82991665601730347
1669 -0.00098588911350816488 -0.77302789688110352 -0.63437134027481079
1670 -0.0010229035979136825 -0.6329607367515564 -0.77418321371078491
1671 -0.00093863363144919276 -0.82751458883285522 -0.56144344806671143
1672 -0.00093239947455003858 -0.70617026090621948 -0.70804142951965332
1673 -0.0010185767896473408 -0.70420068502426147 -0.71000027656555176
1674 -0.00096493266755715013 -0.87697231769561768 -0.4805399477481842
1675 -0.00099423946812748909 -0.63316500186920166 -0.77401614189147949
1676 -0.0010219842661172152 -0.76891911029815674 -0.63934522867202759
1677 -0.0010987069690600038 -0.55673801898956299 -0.83068746328353882
1678 -0.00097633240511640906 -0.70450127124786377 -0.70970213413238525
1679 -0.00089204171672463417 -0.87747389078140259 -0.47962361574172974
1680 -0.00092292862245813012 -0.8805614709854126 -0.47393104434013367
1681 -0.0010522447992116213 -0.63521134853363037 -0.77233767509460449
1682 -0.0010952376760542393 -0.63456511497497559 -0.77286863327026367
1683 -0.0013049781555309892 -0.076695643365383148 -0.99705374240875244
1684 -0.00093008455587550998 -0.87745970487594604 -0.47964957356452942
1685 -0.0012058040592819452 -0.096615411341190338 -0.99532109498977661
1686 -0.0011126543395221233 -0.077109895646572113 -0.99702203273773193
1687 -0.00091076001990586519 -0.99542194604873657 -0.095573730766773224
1688 -0.0013229545438662171 -0.072817325592041016 -0.99734443426132202
1689 -0.00096805085195228457 -0.99607682228088379 -0.088487908244132996
1690 -0.0013363929465413094 -0.07260439544916153 -0.99735993146896362
1691 -0.00094756128964945674 -0.99753433465957642 -0.070173963904380798
1692 -0.0012592988787218928 -0.088874779641628265 -0.99604201316833496
1693 -0.0013312950031831861 -0.074985958635807037 -0.99718374013900757
1694 -0.001153928111307323 -0.087786257266998291 -0.99613869190216064
1695 -0.0011044261045753956 -0.92534279823303223 -0.37913006544113159
1696 -0.0013410098617896438 -0.072710923850536346 -0.99735218286514282
1697 -0.0010879272595047951 -0.97420936822891235 -0.22564348578453064
1698 -0.0018395802471786737 -0.29023858904838562 -0.95695257186889648
1699 -0.0013755421387031674 -0.95694977045059204 -0.29025039076805115
1700 -0.0013413861161097884 -0.21087533235549927 -0.97751206159591675
1701 -0.001092395861633122 -0.070769071578979492 -0.99749213457107544
1702 -0.00080006988719105721 -0.99686729907989502 -0.079088889062404633
1703 -0.0010693460935726762 -0.9442591667175293 -0.32920128107070923
1704 -0.0007279108976945281 -0.92812031507492065 -0.37227967381477356
1705 -0.0011345125967636704 -0.57224416732788086 -0.82008248567581177
1706 -0.00089275056961923838 -0.8358343243598938 -0.54898101091384888
1707 -0.0012642781948670745 -0.70503032207489014 -0.70917612314224243
1708 -0.00094991998048499227 -0.39624395966529846 -0.9181448221206665
1709 -0.0013568622525781393 -0.32663726806640625 -0.94514882564544678
1710 -0.0014324444346129894 -0.39137715101242065 -0.92022925615310669
1711 -0.0011115096276625991 -0.92337530851364136 -0.38389682769775391
1712 -0.00095950957620516419 -0.81688839197158813 -0.57679492235183716
1713 -0.0010260207345709205 -0.97852271795272827 -0.20613652467727661
1714 -0.001255859388038516 -0.7093544602394104 -0.70485085248947144
1715 -0.00093056081095710397 -0.32983216643333435 -0.94403910636901855
1716 -0.0009539384045638144 -0.40182629227638245 -0.91571539640426636
1717 -0.0010945134563371539 -0.074018284678459167 -0.99725633859634399
1718 -0.0008557027904316783 -0.99617016315460205 -0.087431438267230988
1719 -0.001007513958029449 -0.99637472629547119 -0.0850667804479599
1720 -0.00090585096040740609 -0.99682313203811646 -0.079642564058303833
1721 -0.00081367715029045939 -0.098040834069252014 -0.9951820969581604
1722 -0.00056532165035605431 -0.99518305063247681 -0.098032698035240173
1723 -0.0010162894614040852 -0.99677354097366333 -0.080258995294570923
1724 -0.00094724231166765094 -0.99753916263580322 -0.070104807615280151
1725 -0.0010887297103181481 -0.068806171417236328 -0.99762946367263794
1726 -0.00082340918015688658 -0.99748313426971436 -0.070899330079555511
1727 -0.0011070378823205829 -0.47412601113319397 -0.88045632839202881
1728 -0.0010253880172967911 -0.20736949145793915 -0.97826212644577026
1729 -0.001704328809864819 -0.097965002059936523 -0.99518841505050659
1730 -0.0011445342097431421 -0.99518752098083496 -0.097982034087181091
1731 -0.0013562095118686557 -0.067584894597530365 -0.99771261215209961
1732 -0.00094177096616476774 -0.99772453308105469 -0.067416206002235413
1733 -0.00076656218152493238 -0.88191008567810059 -0.47141709923744202
1734 -0.0014838367933407426 -0.63435190916061401 -0.77304297685623169
1735 -0.0010087555274367332 -0.76899087429046631 -0.63925904035568237
1736 -0.0012291523162275553 -0.44625800848007202 -0.89490354061126709
1737 -0.0014533904613927007 -0.39173996448516846 -0.92007488012313843
1738 -0.00090971845202147961 -0.99771380424499512 -0.06757470965385437
1739 -0.00088539381977170706 -0.90808653831481934 -0.41878169775009155
1740 -0.00092303089331835508 -0.3947092592716217 -0.91880565881729126
1741 -0.00095646444242447615 -0.99754399061203003 -0.070036545395851135
1742 -0.00076884141890332103 -0.97048139572143555 -0.24117489159107208
1743 -0.00097765924874693155 -0.39899992942810059 -0.91695040464401245
1744 -0.0014611674705520272 -0.20601688325405121 -0.97854739427566528
1745 -0.0011128177866339684 -0.97874540090560913 -0.20507608354091644
1746 -0.0012441192520782351 -0.44444981217384338 -0.89580291509628296
1747 -0.0009346812148578465 -0.32804116606712341 -0.94466298818588257
1748 -0.00095147325191646814 -0.20710040628910065 -0.97831922769546509
1749 -0.00057814340107142925 -0.97761040925979614 -0.21042245626449585
1750 -0.00138111412525177 -0.21361880004405975 -0.97691613435745239
1751 -0.0010705181630328298 -0.97727698087692261 -0.21196368336677551
1752 -0.0010334694525226951 -0.98008358478546143 -0.19858281314373016
1753 -0.0012432348448783159 -0.31615301966667175 -0.94870740175247192
1754 -0.0012246036203578115 -0.56998187303543091 -0.82165634632110596
1755 -0.0010831687832251191 -0.069465652108192444 -0.99758374691009521
1756 -0.00079786934657022357 -0.997272789478302 -0.073799699544906616
1757 -0.0013037759345024824 -0.32056650519371033 -0.94722515344619751
1758 -0.0013505355454981327 -0.069449611008167267 -0.99758452177047729
1759 -0.00094253738643601537 -0.99765592813491821 -0.068423710763454437
1760 -0.0013125794939696789 -0.32358530163764954 -0.94619816541671753
1761 -0.0010574873303994536 -0.94539117813110352 -0.32593616843223572
1762 -0.0012884789612144232 -0.20139342546463013 -0.97950959205627441
1763 -0.0012969351373612881 -0.20421534776687622 -0.97892516851425171
1764 -0.00099018006585538387 -0.21333314478397369 -0.97697907686233521
1765 -0.00062334770336747169 -0.97715860605239868 -0.21251064538955688
1766 -0.0010668736649677157 -0.20335793495178223 -0.97910386323928833
1767 -0.0012966680806130171 -0.20190058648586273 -0.97940516471862793
1768 -0.0011302689090371132 -0.97593790292739868 -0.21804565191268921
1769 -0.0010710781207308173 -0.22875070571899414 -0.97348445653915405
1770 -0.001234527793712914 -0.23239533603191376 -0.97262060642242432
1771 -0.0013151953462511301 0 -0.99999916553497314
1772 -0.0011160512221977115 0 -0.99999940395355225
1773 -0.0012848397018387914 0 -0.99999916553497314
1774 -0.0012669423595070839 0 -0.99999922513961792
1775 -0.0012676152400672436 0 -0.99999922513961792
1776 -0.0011860635131597519 0 -0.9999992847442627
1777 -0.0013365041231736541 0 -0.99999910593032837
1778 -0.0011233922559767962 0 -0.99999940395355225
1779 -0.0013126701815053821 0 -0.99999916553497314
1780 -0.0011560795828700066 0 -0.99999934434890747
1781 -0.0012019684072583914 0 -0.9999992847442627
1782 -0.0012890060897916555 0 -0.99999916553497314
1783 -0.0011789655545726418 0 -0.99999934434890747
1784 -0.0011622296879068017 0 -0.99999934434890747
1785 -0.0011448356090113521 -0 -0.99999934434890747
1786 -0.0013149817241355777 0 -0.99999916553497314
1787 -0.0011754340957850218 0 -0.99999934434890747
1788 -0.0012968004448339343 -0 -0.99999916553497314
1789 -0.0012270106235519052 0 -0.9999992847442627
1790 -0.0011422930983826518 0 -0.99999934434890747
1791 -0.0012975904392078519 0 -0.99999916553497314
1792 -0.0012166120577603579 0 -0.9999992847442627
1793 -0.0011192931560799479 0 -0.99999940395355225
1794 -0.0011426910059526563 0 -0.99999934434890747
1795 -0.0011038826778531075 0 -0.99999940395355225
1796 -0.0011058780364692211 0 -0.99999940395355225
1797 -0.0013506065588444471 -0 -0.99999910593032837
1798 -0.001338865258730948 0 -0.99999910593032837
1799 -0.0012840145500376821 0 -0.99999916553497314
1800 -0.0013211728073656559 0 -0.99999916553497314
1801 0 -0.0011052022455260158 0.99999940395355225
1802 0 -0.0010667919414117932 0.99999946355819702
1803 0 -0.00077756139216944575 0.99999970197677612
1804 0 -0.0010178047232329845 0.9999995231628418
1805 0 -0.00099780363962054253 0.9999995231628418
1806 -0 -0.0011195740662515163 0.99999940395355225
1807 -0 -0.001013021101243794 0.9999995231628418
1808 0 -0.00098306033760309219 0.9999995231628418
1809 -0 -0.0011647166684269905 0.99999934434890747
1810 0 -0.0011345249367877841 0.99999934434890747
1811 -0 -0.001006461214274168 0.9999995231628418
1812 0 -0.00097796937916427851 0.9999995231628418
1813 0 -0.0010892358841374516 0.99999940395355225
1814 -0 -0.0011316343443468213 0.99999940395355225
1815 0 -0.00110732635948807 0.99999940395355225
1816 -0 -0.0011508422903716564 0.99999934434890747
1817 0 -0.0011742227943614125 0.99999934434890747
1818 0 -0.00088439247338101268 0.99999964237213135
1819 -0 -0.0011041576508432627 0.99999940395355225
1820 -0 -0.0010652822675183415 0.99999946355819702
1821 0 -0.00085741037037223577 0.99999964237213135
1822 -0 -0.001142810913734138 0.99999934434890747
1823 0 -0.0010048490948975086 0.9999995231628418
1824 0 -0.00092640158254653215 0.99999958276748657
1825 0 -0.001024715369567275 0.99999946355819702
1826 0 -0.0010735827963799238 0.99999946355819702
1827 0 -0.00091317680198699236 0.99999958276748657
1828 0 -0.0010379957966506481 0.99999946355819702
1829 0 -0.00082957395352423191 0.99999964237213135
1830 0 -0.0011548829497769475 0.99999934434890747
1831 0 -0.0009984414791688323 0.9999995231628418
1832 0 -0.0010614580241963267 0.99999946355819702
1833 -0 -0.0011638154974207282 0.99999934434890747
1834 0 -0.0010587048018351197 0.99999946355819702
1835 0 -0.00083311129128560424 0.99999964237213135
1836 -0 -0.00094570335932075977 0.99999958276748657
1837 0 -0.0010646326700225472 0.99999946355819702
1838 0 -0.0010747590567916632 0.99999946355819702
1839 -0 -0.00080360722495242953 0.99999970197677612
1840 -0 -0.00092768599279224873 0.99999958276748657
1841 -0 -0.00095549318939447403 0.99999958276748657
1842 -0 -0.0010578534565865993 0.99999946355819702
1843 -0 -0.00094601936871185899 0.99999958276748657
1844 0 -0.0010705633321776986 0.99999946355819702
1845 0 -0.00089578569168224931 0.99999964237213135
1846 0 -0.00093443592777475715 0.99999958276748657
1847 0 -0.0011432527098804712 0.99999934434890747
1848 0 -0.0010328872594982386 0.99999946355819702
1849 0 -0.0011031628819182515 0.99999940395355225
1850 0 -0.00096751825185492635 0.9999995231628418
1851 -0 -0.00088309630518779159 0.99999964237213135
1852 -0 -0.0011330854613333941 0.99999934434890747
1853 -0 -0.00092105899238958955 0.99999958276748657
1854 -0 -0.0010262777796015143 0.99999946355819702
1855 0 -0.0010549568105489016 0.99999946355819702
1856 -0 -0.00081101543037220836 0.99999970197677612
1857 0 -0.0012017402332276106 0.9999992847442627
1858 -0 -0.0010205169674009085 0.9999995231628418
1859 0 -0.0010522124357521534 0.99999946355819702
1860 0 -0.001168780610896647 0.99999934434890747
1861 0 -0.0010898152831941843 0.99999940395355225
1862 0 -0.0010310966754332185 0.99999946355819702
1863 0 -0.0011111650383099914 0.99999940395355225
1864 0 -0.0011420823866501451 0.99999934434890747
1865 -0 -0.00092725298600271344 0.99999958276748657
1866 0 -0.0010755372932180762 0.99999946355819702
1867 0 -0.00096115173073485494 0.99999958276748657
1868 0 -0.0010506821563467383 0.99999946355819702
1869 0 -0.0011087775928899646 0.99999940395355225
1870 -0 -0.0011850716546177864 0.9999992847442627
1871 0 -0.0010928668780252337 0.99999940395355225
1872 0 -0.00084284553304314613 0.99999964237213135
1873 -0 -0.0011347356485202909 0.99999934434890747
1874 0 -0.001181809464469552 0.99999934434890747
1875 -0 -0.00096625724108889699 0.9999995231628418
1876 0 -0.0011837083147838712 0.9999992847442627
1877 0 -0.0010441488120704889 0.99999946355819702
1878 -0 -0.00095139996847137809 0.99999958276748657
1879 -0 -0.00097689568065106869 0.9999995231628418
1880 0 -0.0011810604482889175 0.99999934434890747
1881 0 -0.00099520257208496332 0.9999995231628418
1882 0 -0.0011507370509207249 0.99999934434890747
1883 0 -0.0010421123588457704 0.99999946355819702
1884 0 -0.00095884321490302682 0.99999958276748657
1885 0 -0.0010065899696201086 0.9999995231628418
1886 0 -0.00098780612461268902 0.9999995231628418
1887 0 -0.000799511035438627 0.99999970197677612
1888 -0 -0.0010938324267044663 0.99999940395355225
1889 0 -0.0011674728011712432 0.99999934434890747
1890 -0 -0.0010305641917511821 0.99999946355819702
1891 0 -0.0011292439885437489 0.99999940395355225
1892 0 -0.0011841998202726245 0.9999992847442627
1893 0 -0.00095468276413157582 0.99999958276748657
1894 0 -0.0010147326393052936 0.9999995231628418
1895 0 -0.0012003357987850904 0.9999992847442627
1896 0 -0.0011968627804890275 0.9999992847442627
1897 0 -0.0010577656794339418 0.99999946355819702
1898 0 -0.0010070084827020764 0.9999995231628418
1899 0 -0.0010883172508329153 0.99999940395355225
1900 0 -0.001035201596096158 0.99999946355819702
1901 0 -0.0010481893550604582 0.99999946355819702
1902 0 -0.0011976206442341208 0.9999992847442627
1903 0 -0.0011550760827958584 0.99999934434890747
1904 0 -0.00081357260933145881 0.99999970197677612
1905 0 -0.0011678999289870262 0.99999934434890747
1906 0 -0.0010520661016926169 0.99999946355819702
1907 0 -0.0011741759954020381 0.99999934434890747
1908 0 -0.0010265937307849526 0.99999946355819702
1909 0 -0.0011222540633752942 0.99999940395355225
1910 0 -0.0011884920531883836 0.9999992847442627
1911 0 -0.0010750398505479097 0.99999946355819702
1912 0 -0.0010368371149525046 0.99999946355819702
1913 0 -0.0010891716228798032 0.99999940395355225
1914 -0 -0.0010406319051980972 0.99999946355819702
1915 -0 -0.0011962279677391052 0.9999992847442627
1916 0 -0.0010259061818942428 0.99999946355819702
1917 0 -0.0010487803956493735 0.99999946355819702
1918 0 -0.0010334226535633206 0.99999946355819702
1919 -0 -0.00080871273530647159 0.99999970197677612
1920 0 -0.0010398770682513714 0.99999946355819702
1921 0 -0.0010088721755892038 0.9999995231628418
1922 0 -0.0010522650554776192 0.99999946355819702
1923 -4.7003559302538633e-05 0 1
1924 -0.00020953961939085275 0 1
1925 -6.6709064412862062e-05 0 1
1926 -0.00020877596398349851 -0 1
1927 -0.00024977573775686324 0 1
1928 -8.304986113216728e-05 0 1
1929 -0.00021265271061565727 0 1
1930 -0.00012397937825880945 0 1
1931 6.8054951043450274e-06 0 1
1932 -0.00017624652537051588 0 1
1933 -4.8972648073686287e-05 0 1
1934 -2.4811091861920431e-05 0 1
1935 -0.00020836928160861135 0 1
1936 -0.00022303064179141074 0 1
1937 -0.00010647703311406076 0 1
1938 -0.00018390343757346272 -0 1
1939 -0.00017543022113386542 -0 1
1940 -0.00023613254597876221 0 1
1941 4.497595364227891e-05 0 1
1942 -6.0187376220710576e-05 0 1
1943 -0.0001545777777209878 -0 1
1944 1.0176058822253253e-05 0 1
1945 -0.00015025339962448925 0 1
1946 -7.9006356827449054e-05 0 1
1947 -0.00011207123316125944 0 1
1948 -0.00013871096598450094 -0 1
1949 -0.00013143441174179316 0 1
1950 -0.00016982723900582641 0 1
1951 -0.00013963261153548956 -0 1
1952 -0.00017097708769142628 0 1
1953 -3.4794044040609151e-05 0 1
1954 -0.0002378178178332746 0 1
1955 -0.00012955603597220033 0 1
1956 -0.00010356582788517699 0 1
1957 -0.0001071031583705917 -0 1
1958 3.358567482791841e-05 -0 1
1959 -0.00015594706928823143 -0 1
1960 -0.000183373864274472 -0 1
1961 -0.0002099229022860527 0 1
1962 -0.00018832730711437762 -0 1
1963 0.00012254864850547165 -0 1
1964 -0.00022489148250315338 0 1
1965 9.6356561698485166e-05 -0 1
1966 -0.00022101767535787076 0 1
1967 -0.00020332806161604822 -0 1
1968 -0.00023642805172130466 0 1
1969 7.0015259552747011e-05 -0 1
1970 -5.5704997066641226e-05 0 1
1971 -0.00028613218455575407 0 1
1972 -0.00022551175788976252 0 1
1973 0.00011607377382460982 0 1
1974 -0.00021913051023148 0 1
1975 -0.00016544725804124027 0 1
1976 4.2901538108708337e-05 0 1
1977 -0.00022245717991609126 0 1
1978 -0.00020505431166384369 0 1
1979 -7.2584145527798682e-05 0 1
1980 -0.00022716193052474409 0 1
1981 8.7271844677161425e-05 0 1
1982 -0.00023849662102293223 0 1
1983 -1.5214348422887269e-05 -0 1
1984 -0.00025244118296541274 0 1
1985 0.00011393791646696627 -0 1
1986 -0.00025234461645595729 0 1
1987 -9.2310132458806038e-05 0 1
1988 3.2216383260674775e-05 0 1
1989 -0.0002257370506413281 0 1
1990 -0.00018608903337735683 0 1
1991 -6.6829023126047105e-05 0 1
1992 -0.00018879544222727418 -0 1
1993 -0.00024030185886658728 0 1
1994 1.8321587049285881e-05 0 1
1995 0.00010036788444267586 0 1
1996 -0.00024314284382853657 0 1
1997 -0.00020227183995302767 0 1
1998 -0.00015583296772092581 0 1
1999 -0.00021366504370234907 -0 1
2000 4.6058514271862805e-05 -0 1
2001 -0.00023687569773755968 0 1
2002 0.00012006753968307748 -0 1
2003 -0.00026482332032173872 0 1
2004 6.4754611230455339e-05 0 1
2005 -0.00024093968386296183 0 1
2006 -0.00021587405353784561 0 1
2007 -0.00026252068346366286 0 1
2008 -1.5047576198412571e-05 0 1
2009 1.0430606380396057e-05 0 1
2010 -0.00024794123601168394 -0 1
2011 7.2788956458680332e-05 0 1
2012 -0.00024464968009851873 -0 1
2013 -5.1202132453909144e-06 0 1
2014 -0.00010354534606449306 -0 1
2015 -0.00019461785268504173 0 1
2016 -0.00017572280194144696 -0 1
2017 -0.00020898370712529868 0 1
2018 -0.00010984759865095839 0 1
2019 4.0423354221275076e-05 0 1
2020 -0.00023264787159860134 0 1
2021 4.2266630771337077e-05 0 1
2022 -3.4413686080370098e-05 0 1
2023 -0.00025252017076127231 0 1
2024 -0.00021517770073842257 0 1
2025 -0.00024676506291143596 0 1
2026 7.2970353357959539e-05 0 1
2027 6.3739345932845026e-05 -0 1
2028 -0.0002239025488961488 0 1
2029 -0.00025405918131582439 0 1
2030 0.00010704172018449754 0 1
2031 -0.00072987080784514546 -0.95539999008178711 -0.29531398415565491
2032 -0.00085806113202124834 -0.95906800031661987 -0.28317469358444214
2033 -0.0008758827461861074 -0.95987313985824585 -0.28043335676193237
2034 -0.00087937316857278347 -0.29197958111763 -0.95642417669296265
2035 -0.00095671298913657665 -0.70562976598739624 -0.70858007669448853
2036 -0.00097582110902294517 -0.70867574214935303 -0.70553368330001831
2037 -0.00070342671824619174 -0.95640838146209717 -0.29203182458877563
2038 -0.00074155500624328852 -0.92766040563583374 -0.37342420220375061
2039 -0.00096603436395525932 -0.56630629301071167 -0.82419431209564209
2040 -0.00070101564051583409 -0.90883380174636841 -0.41715776920318604
2041 -0.00099822611082345247 -0.57172864675521851 -0.82044214010238647
2042 -0.00088506226893514395 -0.29037198424339294 -0.95691347122192383
2043 -0.00076000153785571456 -0.83391797542572021 -0.5518878698348999
2044 -0.00078478566138073802 -0.81987708806991577 -0.57253909111022949
2045 -0.00082292052684351802 -0.9755704402923584 -0.21968533098697662
2046 -0.00083363906014710665 -0.97559356689453125 -0.21958257257938385
2047 -0.00093171896878629923 -0.24053941667079926 -0.97063899040222168
2048 -0.000765488191973418 -0.92016363143920898 -0.39153331518173218
2049 -0.00066946045262739062 -0.83005237579345703 -0.55768501758575439
2050 -0.00069363595684990287 -0.83009076118469238 -0.55762791633605957
2051 -0.00067954172845929861 -0.77169257402420044 -0.63599538803100586
2052 -0.00070051441434770823 -0.77162683010101318 -0.63607513904571533
2053 -0.00073426356539130211 -0.88074487447738647 -0.47359055280685425
2054 -0.00077122281072661281 -0.96875548362731934 -0.2480165958404541
2055 -0.00045492791105061769 -0.3788154125213623 -0.9254721999168396
2056 -0.00071381457382813096 -0.7709277868270874 -0.63692224025726318
2057 -0.00084075325867161155 -0.23886901140213013 -0.97105145454406738
2058 -0.00068128196289762855 -0.70733261108398438 -0.70688056945800781
2059 -0.00045619736192747951 -0.38275787234306335 -0.92384862899780273
2060 -0.00067956966813653708 -0.4793718159198761 -0.87761163711547852
2061 -0.00064814655343070626 -0.47661438584327698 -0.87911224365234375
2062 -0.00073676009196788073 -0.5557066798210144 -0.83137810230255127
2063 -0.00083166506374254823 -0.47271648049354553 -0.8812142014503479
2064 -0.00077734660590067506 -0.83110326528549194 -0.55611759424209595
2065 -0.00069957820232957602 -0.70726215839385986 -0.7069510817527771
2066 -0.00078122474951669574 -0.92043107748031616 -0.39090424776077271
2067 -0.00071901286719366908 -0.77092748880386353 -0.63692259788513184
2068 -0.00073933758540078998 -0.55576533079147339 -0.83133894205093384
2069 -0.00053205748554319143 -0.55498039722442627 -0.83186328411102295
2070 -0.00094019301468506455 -0.47494751214981079 -0.88001370429992676
2071 -0.00066195387626066804 -0.91976147890090942 -0.39247727394104004
2072 -0.00028769619530066848 -0.29029175639152527 -0.95693820714950562
2073 -0.00038657640106976032 -0.95693677663803101 -0.29029625654220581
2074 -0.00054014381021261215 -0.55562621355056763 -0.831432044506073
2075 -0.00079820083919912577 -0.83125752210617065 -0.55588704347610474
2076 -0.0008818373316898942 -0.47137749195098877 -0.8819311261177063
2077 -0.00066680955933406949 -0.63420164585113525 -0.77316743135452271
2078 -0.00072232203092426062 -0.87696933746337891 -0.48054578900337219
2079 -0.00098264648113399744 -0.88193410634994507 -0.47137171030044556
2080 -0.00073780352249741554 -0.82766264677047729 -0.56122541427612305
2081 -0.00054217473370954394 -0.63440513610839844 -0.77300053834915161
2082 -0.00044403798528946936 -0.47140765190124512 -0.88191533088684082
2083 -0.00097288761753588915 -0.77299255132675171 -0.63441431522369385
2084 -0.00068672309862449765 -0.70609825849533081 -0.70811355113983154
2085 -0.00069706665817648172 -0.91956150531768799 -0.3929455578327179
2086 -0.00065345276379957795 -0.63421052694320679 -0.77316015958786011
2087 -0.0007779389270581305 -0.47357487678527832 -0.88075321912765503
2088 -0.00088161631720140576 -0.55788248777389526 -0.82991951704025269
2089 -0.00075235543772578239 -0.77302378416061401 -0.63437658548355103
2090 -0.00076633994467556477 -0.63296651840209961 -0.77417880296707153
2091 -0.00074382970342412591 -0.82751774787902832 -0.56143903732299805
2092 -0.00068246119190007448 -0.70616531372070312 -0.70804667472839355
2093 -0.00078652083175256848 -0.70420545339584351 -0.70999586582183838
2094 -0.00076881126733496785 -0.87697476148605347 -0.4805358350276947
2095 -0.00076025177258998156 -0.6331600546836853 -0.77402055263519287
2096 -0.00077725620940327644 -0.76892381906509399 -0.63934004306793213
2097 -0.00085106637561693788 -0.55674362182617188 -0.83068388700485229
2098 -0.00077175104524940252 -0.70449721813201904 -0.70970636606216431
2099 -0.00070539419539272785 -0.87747162580490112 -0.47962799668312073
2100 -0.00072815013118088245 -0.88055890798568726 -0.47393611073493958
2101 -0.00082247878890484571 -0.63520723581314087 -0.77234137058258057
2102 -0.00088632357073947787 -0.63456952571868896 -0.77286535501480103
2103 -0.00098650995641946793 -0.076699472963809967 -0.99705380201339722
2104 -0.00074588117422536016 -0.87745755910873413 -0.4796537458896637
2105 -0.00088202254846692085 -0.096615992486476898 -0.99532139301300049
2106 -0.00079809490125626326 -0.077109917998313904 -0.99702233076095581
2107 -0.00076515000546351075 -0.99542206525802612 -0.095573738217353821
2108 -0.0010224039433524013 -0.072822526097297668 -0.99734437465667725
2109 -0.00081471074372529984 -0.99607694149017334 -0.088487923145294189
2110 -0.0010393621632829309 -0.072606243193149567 -0.99736016988754272
2111 -0.00080235203495249152 -0.99753445386886597 -0.070173963904380798
2112 -0.00094417581567540765 -0.088870532810688019 -0.99604272842407227
2113 -0.0010001301998272538 -0.074989043176174164 -0.99718391895294189
2114 -0.00080434075789526105 -0.087792553007602692 -0.99613851308822632
2115 -0.0010036934399977326 -0.92534166574478149 -0.37913283705711365
2116 -0.0010281240101903677 -0.072714388370513916 -0.99735230207443237
2117 -0.00087678158888593316 -0.97420895099639893 -0.22564619779586792
2118 -0.0015046789776533842 -0.29024705290794373 -0.9569506049156189
2119 -0.0013270715717226267 -0.95694947242736816 -0.29025158286094666
2120 -0.0010792365064844489 -0.21087910234928131 -0.97751152515411377
2121 -0.00076172675471752882 -0.070769093930721283 -0.99749243259429932
2122 -0.00073139171581715345 -0.99686735868453979 -0.079088889062404633
2123 -0.00096643291180953383 -0.9442596435546875 -0.32920032739639282
2124 -0.00065135600743815303 -0.92811954021453857 -0.37228181958198547
2125 -0.00088371988385915756 -0.57223939895629883 -0.82008612155914307
2126 -0.00075108528835698962 -0.83583188056945801 -0.54898494482040405
2127 -0.0010152151808142662 -0.70502513647079468 -0.70918160676956177
2128 -0.00078901619417592883 -0.3962475061416626 -0.91814345121383667
2129 -0.0010670750634744763 -0.32663530111312866 -0.94514983892440796
2130 -0.0011279865866526961 -0.39136865735054016 -0.92023330926895142
2131 -0.0010375286219641566 -0.92337626218795776 -0.38389492034912109
2132 -0.00076058419654145837 -0.81689125299453735 -0.57679122686386108
2133 -0.00089702982222661376 -0.97852253913879395 -0.20613804459571838
2134 -0.0010321115842089057 -0.70935899019241333 -0.70484662055969238
2135 -0.00071653688792139292 -0.32983419299125671 -0.94403862953186035
2136 -0.00067795411450788379 -0.40182140469551086 -0.91571778059005737
2137 -0.00077425589552149177 -0.07401999831199646 -0.99725645780563354
2138 -0.00071389996446669102 -0.99617010354995728 -0.087433516979217529
2139 -0.0008677195874042809 -0.99637520313262939 -0.085063338279724121
2140 -0.00074397539719939232 -0.9968230128288269 -0.079645439982414246
2141 -0.00041160860564559698 -0.098029136657714844 -0.99518346786499023
2142 -0.00046708030276931822 -0.99518334865570068 -0.098029986023902893
2143 -0.00086719641694799066 -0.99677389860153198 -0.080256819725036621
2144 -0.00082948908675462008 -0.99753928184509277 -0.070104822516441345
2145 -0.0007541780942119658 -0.068806193768978119 -0.99762976169586182
2146 -0.00071677129017189145 -0.99748325347900391 -0.070899337530136108
2147 -0.0009012972004711628 -0.47412049770355225 -0.8804594874382019
2148 -0.00076584704220294952 -0.20736673474311829 -0.97826302051544189
2149 -0.0013915316667407751 -0.097974598407745361 -0.99518799781799316
2150 -0.0010942481458187103 -0.99518740177154541 -0.097983583807945251
2151 -0.0010473583824932575 -0.067584969103336334 -0.99771296977996826
2152 -0.00077569764107465744 -0.99772465229034424 -0.06741621345281601
2153 -0.00065590225858613849 -0.8819117546081543 -0.47141417860984802
2154 -0.00097497133538126945 -0.63436627388000488 -0.77303206920623779
2155 -0.00078238319838419557 -0.76898592710494995 -0.63926523923873901
2156 -0.0010384316556155682 -0.44625815749168396 -0.89490371942520142
2157 -0.0011660173768177629 -0.39175188541412354 -0.92007017135620117
2158 -0.00078430544817820191 -0.99771392345428467 -0.067574717104434967
2159 -0.000701987708453089 -0.90808850526809692 -0.41877779364585876
2160 -0.000785128737334162 -0.39470642805099487 -0.91880697011947632
2161 -0.00084790721302852035 -0.99754410982131958 -0.070036552846431732
2162 -0.0007407069206237793 -0.970481276512146 -0.24117545783519745
2163 -0.00069393921876326203 -0.39900588989257812 -0.91694813966751099
2164 -0.0011546212481334805 -0.20601150393486023 -0.97854894399642944
2165 -0.0010138921206817031 -0.97874587774276733 -0.20507431030273438
2166 -0.0010471421992406249 -0.44444864988327026 -0.89580374956130981
2167 -0.00072093255585059524 -0.32803797721862793 -0.94466423988342285
2168 -0.00064482935704290867 -0.20710580050945282 -0.97831839323043823
2169 -0.00063779868651181459 -0.97761058807373047 -0.21042145788669586
2170 -0.0011077277595177293 -0.21362099051475525 -0.97691601514816284
2171 -0.00094833585899323225 -0.97727704048156738 -0.21196405589580536
2172 -0.00088350882288068533 -0.98008370399475098 -0.19858281314373016
2173 -0.00094839907251298428 -0.31615820527076721 -0.94870603084564209
2174 -0.00097601121524348855 -0.56998592615127563 -0.82165390253067017
2175 -0.00075102865230292082 -0.069466285407543182 -0.99758404493331909
2176 -0.00070655148010700941 -0.997272789478302 -0.073800496757030487
2177 -0.00099108251743018627 -0.32056695222854614 -0.94722539186477661
2178 -0.001041939714923501 -0.069448791444301605 -0.9975849986076355
2179 -0.00079413654748350382 -0.99765610694885254 -0.068423338234424591
2180 -0.0010259209666401148 -0.32358485460281372 -0.94619864225387573
2181 -0.00095682626124471426 -0.94539076089859009 -0.32593780755996704
2182 -0.0010192882036790252 -0.2014002650976181 -0.97950851917266846
2183 -0.0010283931624144316 -0.20421820878982544 -0.97892487049102783
2184 -0.00071792560629546642 -0.21333266794681549 -0.97697937488555908
2185 -0.00064881652360782027 -0.97715854644775391 -0.2125108391046524
2186 -0.00080353027442470193 -0.20335690677165985 -0.97910439968109131
2187 -0.0010312492959201336 -0.20190700888633728 -0.97940415143966675
2188 -0.00091891374904662371 -0.97593915462493896 -0.21804104745388031
2189 -0.00080507906386628747 -0.22875677049160004 -0.97348326444625854
2190 -0.00096825521904975176 -0.23239344358444214 -0.9726213812828064
2191 0 0.0013416477013379335 -0.99999910593032837
2192 0 0.0013105168472975492 -0.99999916553497314
2193 0 0.0014256132999435067 -0.99999898672103882
2194 0 0.0015411631902679801 -0.99999880790710449
2195 0 0.0013759998837485909 -0.99999904632568359
2196 0 0.0014489000895991921 -0.99999898672103882
2197 0 0.0014182869344949722 -0.99999898672103882
2198 0 0.0014801946235820651 -0.99999892711639404
2199 0 0.0013728545745834708 -0.99999904632568359
2200 0 0.0013333880342543125 -0.99999910593032837
2201 0 0.0011167445918545127 -0.99999940395355225
2202 0 0.0013124712277203798 -0.99999916553497314
2203 0 0.0014395869802683592 -0.99999898672103882
2204 0 0.0015644002705812454 -0.99999880790710449
2205 0 0.0013926594983786345 -0.99999904632568359
2206 0 0.0015554558485746384 -0.99999880790710449
2207 0 0.0014341450296342373 -0.99999898672103882
2208 0 0.001465893117710948 -0.99999892711639404
2209 0 0.0014133305521681905 -0.99999898672103882
2210 0 0.0015601021004840732 -0.99999880790710449
2211 0 0.0013923435471951962 -0.99999904632568359
2212 0 0.0014243960613384843 -0.99999898672103882
2213 0 0.0013773281825706363 -0.99999904632568359
2214 0 0.0015022027073428035 -0.99999886751174927
2215 0 0.0014644361799582839 -0.99999892711639404
2216 0 0.0014458806253969669 -0.99999898672103882
2217 0 0.0014036198845133185 -0.99999904632568359
2218 0 0.0014373516896739602 -0.99999898672103882
2219 0 0.0012957617873325944 -0.99999916553497314
2220 0 0.0013389851665124297 -0.99999910593032837
2221 0 0.0015085196355357766 -0.99999886751174927
2222 0 0.0014185707550495863 -0.99999898672103882
2223 0 0.0014449560549110174 -0.99999898672103882
2224 0 0.0014398767380043864 -0.99999898672103882
2225 0 0.001476982026360929 -0.99999892711639404
2226 0 0.0013189667370170355 -0.99999916553497314
2227 0 0.0014105219161137938 -0.99999904632568359
2228 0 0.0014495379291474819 -0.99999898672103882
2229 0 0.0014401926891878247 -0.99999898672103882
2230 0 0.0014831877779215574 -0.99999892711639404
2231 0 0.001319990842603147 -0.99999916553497314
2232 0 0.0015145029174163938 -0.99999886751174927
2233 0 0.001494981930591166 -0.99999892711639404
2234 0 0.001460050349123776 -0.99999892711639404
2235 0 0.0015029312344267964 -0.99999886751174927
2236 0 0.001469249022193253 -0.99999892711639404
2237 0 0.0014266168000176549 -0.99999898672103882
2238 0 0.0014719875762239099 -0.99999892711639404
2239 0 0.0014798493357375264 -0.99999892711639404
2240 0 0.001585931284353137 -0.99999874830245972
2241 0 0.0015570563264191151 -0.99999880790710449
2242 0 0.0014017472276464105 -0.99999904632568359
2243 0 0.0015715070767328143 -0.99999880790710449
2244 0 0.0013485584640875459 -0.99999910593032837
2245 0 0.001514769159257412 -0.99999886751174927
2246 0 0.0014006266137585044 -0.99999904632568359
2247 0 0.0013037289027124643 -0.99999916553497314
2248 0 0.0015180256450548768 -0.99999886751174927
2249 0 0.0014586108736693859 -0.99999892711639404
2250 0 0.0014017325593158603 -0.99999904632568359
2251 0 0.0015499143628403544 -0.99999880790710449
2252 0 0.0014958360698074102 -0.99999886751174927
2253 0 0.0014729092363268137 -0.99999892711639404
2254 0 0.0015603273641318083 -0.99999880790710449
2255 0 0.0014114669756963849 -0.99999904632568359
2256 0 0.001328320475295186 -0.99999910593032837
2257 0 0.0014518639072775841 -0.99999898672103882
2258 0 0.0014421062078326941 -0.99999898672103882
2259 0 0.0014879306545481086 -0.99999892711639404
2260 0 0.0016075357561931014 -0.99999874830245972
2261 0 0.0014892237959429622 -0.99999892711639404
2262 0 0.0012118049198761582 -0.9999992847442627
2263 0 0.0014984137378633022 -0.99999886751174927
2264 0 0.0015391999622806907 -0.99999880790710449
2265 0 0.001420238520950079 -0.99999898672103882
2266 0 0.0014187843771651387 -0.99999898672103882
2267 0 0.0014741761842742562 -0.99999892711639404
2268 0 0.0014537159586325288 -0.99999898672103882
2269 0 0.0015444137388840318 -0.99999880790710449
2270 0 0.0015116590075194836 -0.99999886751174927
2271 0 0.0014611094957217574 -0.99999892711639404
2272 0 0.0014138718834146857 -0.99999898672103882
2273 0 0.0013788173673674464 -0.99999904632568359
2274 0 0.0014403740642592311 -0.99999898672103882
2275 0 0.0013514052843675017 -0.99999910593032837
2276 0 0.0013467270182445645 -0.99999910593032837
2277 0 0.0014396865153685212 -0.99999898672103882
2278 0 0.0014016565401107073 -0.99999904632568359
2279 0 0.0014052290935069323 -0.99999904632568359
2280 0 0.0013526458060368896 -0.99999910593032837
2281 0 0.001584149431437254 -0.99999874830245972
2282 0 0.0015963970217853785 -0.99999874830245972
2283 0 0.0015175985172390938 -0.99999886751174927
2284 0 0.0012349687749519944 -0.99999922513961792
2285 0 0.001449169241823256 -0.99999898672103882
2286 0 0.0014051618054509163 -0.99999904632568359
2287 0 0.0014112007338553667 -0.99999904632568359
2288 0 0.0013937070034444332 -0.99999904632568359
2289 0 0.0014807095285505056 -0.99999892711639404
2290 0 0.0013435173314064741 -0.99999910593032837
2291 0 0.0014431682648137212 -0.99999898672103882
2292 0 0.0013152831234037876 -0.99999916553497314
2293 0 0.0015409408370032907 -0.99999880790710449
2294 0 0.0014385015238076448 -0.99999898672103882
2295 0 0.0014734388096258044 -0.99999892711639404
2296 0 0.0014741410268470645 -0.99999892711639404
2297 0 0.0014369362033903599 -0.99999898672103882
2298 0 0.0014105364680290222 -0.99999904632568359
2299 0 0.0014649509685114026 -0.99999892711639404
2300 0 0.0014663729816675186 -0.99999892711639404
2301 0 0.0014296888839453459 -0.99999898672103882
2302 0 0.0014851422747597098 -0.99999892711639404
2303 0 0.0015281960368156433 -0.99999886751174927
2304 0 0.0014138396363705397 -0.99999898672103882
2305 0 0.001398002146743238 -0.99999904632568359
2306 0 0.0014137460384517908 -0.99999898672103882
2307 0 0.0014028094010427594 -0.99999904632568359
2308 0 0.001389616634696722 -0.99999904632568359
2309 0 0.001455673249438405 -0.99999892711639404
2310 0 0.0013978558126837015 -0.99999904632568359
2311 0 0.0014015423366799951 -0.99999904632568359
2312 0 0.0014560975832864642 -0.99999892711639404
2313 0 0.0014290306717157364 -0.99999898672103882
2314 0 0.001390611520037055 -0.99999904632568359
2315 0 0.0014156624674797058 -0.99999898672103882
2316 0 0.0014164495514705777 -0.99999898672103882
2317 0 0.001433352124877274 -0.99999898672103882
2318 0 0.0014303326606750488 -0.99999898672103882
2319 0 0.0014511061599478126 -0.99999898672103882
2320 0 0.0014513139612972736 -0.99999898672103882
2321 0 0.0014793724985793233 -0.99999892711639404
2322 0 0.0013919485500082374 -0.99999904632568359
2323 0 0.0014301834162324667 -0.99999898672103882
2324 0 0.0015242635272443295 -0.99999886751174927
2325 0 0.0013512999285012484 -0.99999910593032837
2326 0 0.0013480318011716008 -0.99999910593032837
2327 0 0.0014387766132131219 -0.99999898672103882
2328 0 0.0014949585311114788 -0.99999892711639404
2329 0 0.0014621804002672434 -0.99999892711639404
2330 0 0.0013964573154225945 -0.99999904632568359
2331 0 0.0013895025476813316 -0.99999904632568359
2332 0 0.0014500118559226394 -0.99999898672103882
2333 0 0.0014712708070874214 -0.99999892711639404
2334 0 0.001396436826325953 -0.99999904632568359
2335 0 0.0013972852611914277 -0.99999904632568359
2336 0 0.0013949446147307754 -0.99999904632568359
2337 0 0.0014807007974013686 -0.99999892711639404
2338 0 0.0015485831536352634 -0.99999880790710449
2339 0 0.0014445405686274171 -0.99999898672103882
2340 0 0.0015160946641117334 -0.99999886751174927
2341 0 0.0015016819816082716 -0.99999886751174927
2342 0 0.0014908857410773635 -0.99999892711639404
2343 0 0.0014035555068403482 -0.99999904632568359
2344 0 0.0014387093251571059 -0.99999898672103882
2345 0 0.0014418340288102627 -0.99999898672103882
2346 0 0.0014343790244311094 -0.99999898672103882
2347 0 0.0014259876916185021 -0.99999898672103882
2348 0 0.0013281800784170628 -0.99999910593032837
2349 0 0.0015796261141076684 -0.99999874830245972
2350 0 0.0014024581760168076 -0.99999904632568359
2351 0 0.0014777252217754722 -0.99999892711639404
2352 0 0.001479743979871273 -0.99999892711639404
2353 0 0.0014148314949125051 -0.99999898672103882
2354 0 0.0013958252966403961 -0.99999904632568359
2355 0 0.0014976003440096974 -0.99999886751174927
2356 0 0.0014257507864385843 -0.99999898672103882
2357 0 0.0014384050155058503 -0.99999898672103882
2358 0 0.0014394026948139071 -0.99999898672103882
2359 0 0.0013983737444505095 -0.99999904632568359
2360 0 0.001524559105746448 -0.99999886751174927
2361 0 0.0015870314091444016 -0.99999874830245972
2362 0 0.0014237085124477744 -0.99999898672103882
2363 0 0.0014539852272719145 -0.99999898672103882
2364 0 0.0015247288392856717 -0.99999886751174927
2365 0 0.001499469974078238 -0.99999886751174927
2366 0 0.001368123572319746 -0.99999910593032837
2367 0 0.0014016857603564858 -0.99999904632568359
2368 0 0.0014697025762870908 -0.99999892711639404
2369 0 0.0013785101473331451 -0.99999904632568359
2370 0 0.0015075365081429482 -0.99999886751174927
2371 0 0.0013913429575040936 -0.99999904632568359
2372 0 0.0014588800258934498 -0.99999892711639404
2373 0 0.0013833232223987579 -0.99999904632568359
2374 0 0.0014703609049320221 -0.99999892711639404
2375 0 0.0015229060081765056 -0.99999886751174927
2376 0 0.0015735813649371266 -0.99999874830245972
2377 0 0.0014339518966153264 -0.99999898672103882
2378 0 0.0013735713437199593 -0.99999904632568359
2379 0 0.0013949241256341338 -0.99999904632568359
2380 0 0.0014259439194574952 -0.99999898672103882
2381 0 0.0015011494979262352 -0.99999886751174927
2382 0 0.001481970539316535 -0.99999892711639404
2383 0 0.0015350042376667261 -0.99999880790710449
2384 0 0.0013917232863605022 -0.99999904632568359
2385 0 0.0013482512440532446 -0.99999910593032837
2386 0 0.0014013727195560932 -0.99999904632568359
2387 0 0.0014435398625209928 -0.99999898672103882
2388 0 0.0015043093590065837 -0.99999886751174927
2389 0 0.001418020692653954 -0.99999898672103882
2390 0 0.0014152089133858681 -0.99999898672103882
2391 0 0.0013796541607007384 -0.99999904632568359
2392 0 0.0011698544258251786 -0.99999934434890747
2393 0 0.0015852348878979683 -0.99999874830245972
2394 0 0.0015038704732432961 -0.99999886751174927
2395 0 0.0014304291689768434 -0.99999898672103882
2396 0 0.0014100244734436274 -0.99999904632568359
2397 0 0.001443495973944664 -0.99999898672103882
2398 0 0.0014278163434937596 -0.99999898672103882
2399 0 0.0014540291158482432 -0.99999898672103882
2400 0 0.0013729131314903498 -0.99999904632568359
2401 0 0.0015349253080785275 -0.99999880790710449
2402 0 0.0013718334957957268 -0.99999904632568359
2403 0 0.0015386381419375539 -0.99999880790710449
2404 0 0.0014275384601205587 -0.99999898672103882
2405 0 0.0015053831739351153 -0.99999886751174927
2406 0 0.0013516597682610154 -0.99999910593032837
2407 0 0.0014289282262325287 -0.99999898672103882
2408 0 0.0013988271821290255 -0.99999904632568359
2409 0 0.001455304678529501 -0.99999892711639404
2410 0 0.0013558905338868499 -0.99999910593032837
2411 0 0.0013877353630959988 -0.99999904632568359
2412 0 0.0013452991843223572 -0.99999910593032837
2413 0 0.0014658668078482151 -0.99999892711639404
2414 0 0.0013777260901406407 -0.99999904632568359
2415 0 0.0014351631980389357 -0.99999898672103882
2416 0 0.0014529991894960403 -0.99999898672103882
2417 0 0.0013824922498315573 -0.99999904632568359
2418 0 0.0014513519126921892 -0.99999898672103882
2419 0 0.0014334457227960229 -0.99999898672103882
2420 0 0.0014461147366091609 -0.99999898672103882
2421 0 0.0013415160356089473 -0.99999910593032837
2422 0 0.0014699746388942003 -0.99999892711639404
2423 0 0.0013265650486573577 -0.99999910593032837
2424 0 0.0013384615303948522 -0.99999910593032837
2425 0 0.0014006909914314747 -0.99999904632568359
2426 0 0.001345878466963768 -0.99999910593032837
2427 0 0.0014346512034535408 -0.99999898672103882
2428 0 0.0014389170100912452 -0.99999898672103882
2429 0 0.0015239095082506537 -0.99999886751174927
2430 0 0.0015100731980055571 -0.99999886751174927
2431 0 0.0013840107712894678 -0.99999904632568359
2432 0 0.001481660408899188 -0.99999892711639404
2433 0 0.0014440810773521662 -0.99999898672103882
2434 0 0.0014908534940332174 -0.99999892711639404
2435 0 0.0013905821833759546 -0.99999904632568359
2436 0 0.001454081735573709 -0.99999898672103882
2437 0 0.0014388965209946036 -0.99999898672103882
2438 0 0.0013339879224076867 -0.99999910593032837
2439 0 0.0014114055084064603 -0.99999904632568359
2440 0 0.0014467203291133046 -0.99999898672103882
2441 0 0.0014307451201602817 -0.99999898672103882
2442 0 0.0013607650762423873 -0.99999910593032837
2443 0 0.0014490814646705985 -0.99999898672103882
2444 0 0.0013262958964332938 -0.99999910593032837
2445 0 0.001437670667655766 -0.99999898672103882
2446 0 0.0013548050774261355 -0.99999910593032837
2447 0 0.0013616428477689624 -0.99999910593032837
2448 0 0.0014112446224316955 -0.99999904632568359
2449 0 0.0014207387575879693 -0.99999898672103882
2450 0 0.0015604590298607945 -0.99999880790710449
2451 0 0.0013873755233362317 -0.99999904632568359
2452 0 0.0014361696084961295 -0.99999898672103882
2453 0 0.0015339072560891509 -0.99999886751174927
2454 0 0.0014506117440760136 -0.99999898672103882
2455 0 0.001381942187435925 -0.99999904632568359
2456 0 0.0014415503246709704 -0.99999898672103882
2457 0 0.0013337596319615841 -0.99999910593032837
2458 0 0.0013429058017209172 -0.99999910593032837
2459 0 0.0014154927339404821 -0.99999898672103882
2460 0 0.0014369537821039557 -0.99999898672103882
2461 0 0.0014877317007631063 -0.99999892711639404
2462 0 0.001438416657038033 -0.99999898672103882
2463 0 0.0013584828702732921 -0.99999910593032837
2464 0 0.0014061711262911558 -0.99999904632568359
2465 0 0.0014234627597033978 -0.99999898672103882
2466 0 0.0013511565048247576 -0.99999910593032837
2467 0 0.0014335978776216507 -0.99999898672103882
2468 0 0.0013319251593202353 -0.99999910593032837
2469 0 0.0014929748140275478 -0.99999892711639404
2470 0 0.0014390310971066356 -0.99999898672103882
2471 0 0.0013689311454072595 -0.99999910593032837
2472 0 0.0014247823273763061 -0.99999898672103882
2473 0 0.0012933304533362389 -0.99999916553497314
2474 0 0.00142923544626683 -0.99999898672103882
2475 0 0.0013220066903159022 -0.99999916553497314
2476 0 0.0013475432060658932 -0.99999910593032837
2477 0 0.0014173447852954268 -0.99999898672103882
2478 0 0.0013613268965855241 -0.99999910593032837
2479 0 0.0014424982946366072 -0.99999898672103882
2480 0 0.0014147262554615736 -0.99999898672103882
2481 0 0.0015188332181423903 -0.99999886751174927
2482 0 0.0013345320476219058 -0.99999910593032837
2483 0 0.001523020095191896 -0.99999886751174927
2484 0 0.0013273842632770538 -0.99999910593032837
2485 0 0.0014019549125805497 -0.99999904632568359
2486 0 0.0013300058199092746 -0.99999910593032837
2487 0 0.0013223255518823862 -0.99999916553497314
2488 0 0.0013981015654280782 -0.99999904632568359
2489 0 0.0013263367582112551 -0.99999910593032837
2490 0 0.0012925667688250542 -0.99999916553497314
2491 0 0.0012946705101057887 -0.99999916553497314
2492 0 0.0012996385339647532 -0.99999916553497314
2493 0 0.0013491464778780937 -0.99999910593032837
2494 0 0.0013068624539300799 -0.99999916553497314
2495 0 0.0013089894782751799 -0.99999916553497314
2496 0 0.0013487309915944934 -0.99999910593032837
2497 -0.00082020548870787024 0 -0.99999970197677612
2498 -0.0008112260838970542 0 -0.99999970197677612
2499 -0.00088342692470178008 0 -0.99999964237213135
2500 -0.00082905607996508479 0 -0.99999964237213135
2501 -0.0010018646717071533 0 -0.9999995231628418
2502 -0.0010130093432962894 0 -0.9999995231628418
2503 -0.00092408724594861269 0 -0.99999958276748657
2504 -0.00086036545690149069 -0 -0.99999964237213135
2505 -0.00099922565277665854 0 -0.9999995231628418
2506 -0.00096056947950273752 0 -0.99999958276748657
2507 -0.00098283798433840275 0 -0.9999995231628418
2508 -0.00092557060997933149 0 -0.99999958276748657
2509 -0.000985128921456635 0 -0.9999995231628418
2510 -0.00091137737035751343 0 -0.99999958276748657
2511 -0.0010070172138512135 0 -0.9999995231628418
2512 -0.0010209090542048216 0 -0.9999995231628418
2513 -0.00096836092416197062 0 -0.9999995231628418
2514 -0.00092695746570825577 0 -0.99999958276748657
2515 -0.00079168146476149559 0 -0.99999970197677612
2516 -0.00083364086458459496 0 -0.99999964237213135
2517 -0.0010061276843771338 0 -0.9999995231628418
2518 -0.00088434270583093166 0 -0.99999964237213135
2519 -0.0010255989618599415 0 -0.99999946355819702
2520 -0.00087858462939038873 0 -0.99999964237213135
2521 -0.00093477527843788266 0 -0.99999958276748657
2522 -0.00098018720746040344 0 -0.9999995231628418
2523 -0.00099263375159353018 -0 -0.9999995231628418
2524 -0.00085849582683295012 0 -0.99999964237213135
2525 -0.00081711576785892248 0 -0.99999970197677612
2526 -0.00094673910643905401 0 -0.99999958276748657
2527 -0.00098024285398423672 0 -0.9999995231628418
2528 -0.00090679846471175551 0 -0.99999958276748657
2529 -0.00091426813742145896 0 -0.99999958276748657
2530 -0.00095206120749935508 0 -0.99999958276748657
2531 -0.00085384666454046965 0 -0.99999964237213135
2532 -0.00078045506961643696 0 -0.99999970197677612
2533 -0.00078245630720630288 0 -0.99999970197677612
2534 -0.00091857934603467584 0.6671181321144104 -0.74495136737823486
2535 -0.00070143799530342221 0.75396192073822021 -0.6569177508354187
2536 -0.00057565770111978054 0.86655080318450928 -0.4990885853767395
2537 -0.0010428579989820719 0.86655688285827637 -0.49907726049423218
2538 -0.00096332951216027141 0.67730563879013062 -0.73570114374160767
2539 -0.00048762187361717224 0.82774466276168823 -0.56110471487045288
2540 -0.001252379734069109 0.82773643732070923 -0.56111574172973633
2541 -0.00065230962354689837 0.75554823875427246 -0.65509277582168579
2542 -0.0010457265889272094 0.84397011995315552 -0.53638911247253418
2543 -0.00064788165036588907 0.84260457754135132 -0.53853243589401245
2544 -0.00059421325568109751 0.8820950984954834 -0.4710710346698761
2545 -0.0010091136209666729 0.88209056854248047 -0.47107881307601929
2546 -0.001140440464951098 0.84563368558883667 -0.53376251459121704
2547 -0.00060489820316433907 0.84441179037094116 -0.53569424152374268
2548 -0.00047611197805963457 0.7966572642326355 -0.60443115234375
2549 -0.0012586542870849371 0.79837751388549805 -0.60215592384338379
2550 -0.0010451343841850758 0.75510972738265991 -0.65559756755828857
2551 -0.0010116057237610221 0.78347146511077881 -0.62142699956893921
2552 -0.00076592742698267102 0.78345757722854614 -0.62144482135772705
2553 -0.00088322552619501948 0.66428792476654053 -0.74747633934020996
2554 -0.0010644665453583002 0.70971494913101196 -0.70448815822601318
2555 -0.00058678037021309137 0.80014026165008545 -0.59981268644332886
2556 -0.0011687125079333782 0.80257856845855713 -0.59654527902603149
2557 -0.0010688496986404061 0.6845695972442627 -0.7289467453956604
2558 -0.0011071532499045134 0.7739441990852356 -0.63325285911560059
2559 -0.00077391153899952769 0.82727009057998657 -0.56180387735366821
2560 -0.0010048553813248873 0.82727789878845215 -0.56179207563400269
2561 -0.00086222647223621607 0.70241814851760864 -0.71176409721374512
2562 -0.00075530406320467591 0.74100738763809204 -0.67149651050567627
2563 -0.0010219528339803219 0.71647292375564575 -0.69761419296264648
2564 -0.00084991927724331617 0.62181752920150757 -0.78316175937652588
2565 -0.00096489943098276854 0.67717587947845459 -0.73582053184509277
2566 -0.00081293185940012336 0.62107205390930176 -0.78375309705734253
2567 -0.00096488685812801123 0.70829272270202637 -0.70591819286346436
2568 -0.00075977324740961194 0.68458402156829834 -0.72893357276916504
2569 -0.00066648441134020686 0.76812231540679932 -0.64030283689498901
2570 -0.00072164501762017608 0.79997926950454712 -0.60002732276916504
2571 -0.0010688961483538151 0.80322098731994629 -0.59568029642105103
2572 -0.00087615358643233776 0.6831742525100708 -0.73025494813919067
2573 -0.00084100523963570595 0.62247258424758911 -0.78264123201370239
2574 -0.00068057613680139184 0.76811689138412476 -0.64030927419662476
2575 -0.00088523305021226406 0.62484556436538696 -0.78074795007705688
2576 -0.00091628695372492075 0.62656617164611816 -0.77936774492263794
2577 -0.00082077801926061511 0.62180823087692261 -0.78316915035247803
2578 -0.00063267338555306196 0.86680656671524048 -0.49864423274993896
2579 -0.0010706783505156636 0.86679720878601074 -0.49865972995758057
2580 -0.00065121176885440946 0.90108472108840942 -0.43364271521568298
2581 -0.00089963304344564676 0.90109091997146606 -0.43362924456596375
2582 -0.00062784639885649085 0.90562838315963745 -0.42407184839248657
2583 -0.000877762446179986 0.9056282639503479 -0.42407172918319702
2584 -0.00079818855738267303 0.62247258424758911 -0.78264123201370239
2585 -0.0011143912561237812 0.73637330532073975 -0.67657458782196045
2586 -0.00090212002396583557 0.74531972408294678 -0.6667066216468811
2587 -0.00084628135664388537 0.66359871625900269 -0.74808824062347412
2588 -0.00064407719764858484 0.73638778924942017 -0.6765594482421875
2589 -0.00079109601210802794 0.74209177494049072 -0.67029780149459839
2590 -0.00098493020050227642 0.62905007600784302 -0.77736419439315796
2591 -0.00086920894682407379 0.65854436159133911 -0.75254148244857788
2592 -0.00094356731278821826 0.62029558420181274 -0.78436750173568726
2593 -0.00095014058751985431 0.71099984645843506 -0.70319157838821411
2594 -0.001025926205329597 0.74524152278900146 -0.6667938232421875
2595 -0.0011247779475525022 0.7575075626373291 -0.65282541513442993
2596 -0.00078087468864396214 0.62906640768051147 -0.77735120058059692
2597 -0.0009761670371517539 0.74538034200668335 -0.66663873195648193
2598 -0.00094267644453793764 0.68219876289367676 -0.73116624355316162
2599 -0.00080327660543844104 0.61998409032821655 -0.78461402654647827
2600 -0.00083274178905412555 0.66181796789169312 -0.74966418743133545
2601 -0.00099288544151932001 0.70938950777053833 -0.70481604337692261
2602 -0.00086379697313532233 0.71443319320678711 -0.6997031569480896
2603 -0.00078949879389256239 0.74483144283294678 -0.66725224256515503
2604 -0.0008486106526106596 0.69899499416351318 -0.7151261568069458
2605 -0.0010510857682675123 0.77344602346420288 -0.63386130332946777
2606 -0.0010345929767936468 0.66128885746002197 -0.75013071298599243
2607 -0.001023636432364583 0.88390088081359863 -0.46767324209213257
2608 -0.00060812046285718679 0.88389313220977783 -0.46768859028816223
2609 -0.00089950696565210819 0.71406155824661255 -0.70008236169815063
2610 -0.00076554465340450406 0.66085302829742432 -0.7505149245262146
2611 -0.00087779143359512091 0.6550331711769104 -0.75559967756271362
2612 -0.00098379759583622217 0.66393744945526123 -0.74778753519058228
2613 -0.00074916693847626448 0.70916205644607544 -0.70504510402679443
2614 -0.00097850861493498087 0.62271648645401001 -0.78244692087173462
2615 -0.00080724252620711923 0.66301220655441284 -0.74860811233520508
2616 -0.00078272027894854546 0.73393142223358154 -0.67922317981719971
2617 -0.00053401780314743519 0.90710532665252686 -0.42090350389480591
2618 -0.0009695693152025342 0.90710538625717163 -0.42090252041816711
2619 -0.00085918023250997066 0.74501520395278931 -0.66704696416854858
2620 -0.00056404003407806158 0.78419530391693115 -0.62051385641098022
2621 -0.0012072455137968063 0.7841794490814209 -0.62053292989730835
2622 -0.00056506803957745433 0.90116345882415771 -0.43347904086112976
2623 -0.00099453795701265335 0.90115338563919067 -0.43349942564964294
2624 -0.00080488447565585375 0.62090539932250977 -0.78388518095016479
2625 -0.0010006963275372982 0.88182300329208374 -0.47157955169677734
2626 -0.0006066427449695766 0.88182634115219116 -0.47157388925552368
2627 -0.00082752155140042305 0.70107120275497437 -0.71309083700180054
2628 -0.00076278857886791229 0.73445910215377808 -0.67865252494812012
2629 -0.00099920574575662613 0.71284794807434082 -0.70131790637969971
2630 -0.001009459956549108 0.74516421556472778 -0.66688024997711182
2631 -0.00079656526213511825 0.70634818077087402 -0.70786416530609131
2632 -0.00095400091959163547 0.90609276294708252 -0.42307808995246887
2633 -0.0005640245508402586 0.90609061717987061 -0.42308324575424194
