0 -0.99935251474380493 0.034710831940174103 0.0094725573435425758
1 -0.99917876720428467 -0.03969854861497879 -0.0081143137067556381
2 -0.99999970197677612 0.0007918522460386157 7.8589044278487563e-05
3 -0.99999862909317017 -0.0012176408199593425 -0.0011733610881492496
4 -0.99917256832122803 -0.022252852097153664 0.034044701606035233
5 -0.99987012147903442 -0.0049447352066636086 -0.015341956168413162
6 -0.99898850917816162 0.014368347823619843 -0.042608752846717834
7 -0.99999964237213135 -0.00062520784558728337 0.00053783721523359418
8 -0.9997747540473938 0.0027189727406948805 -0.021050646901130676
9 -0.99999958276748657 -0.00093130790628492832 -0.00022214889759197831
10 -0.9994397759437561 -0.018407927826046944 -0.027953188866376877
11 -0.99960887432098389 0.013877417892217636 0.024278836324810982
12 -0.9993751049041748 -0.0092433532699942589 0.034116696566343307
13 -0.99996680021286011 -0.0069403364323079586 0.0042724325321614742
14 -0.99994349479675293 0.010060575790703297 -0.0034483352210372686
15 -0.99986737966537476 -0.012400764040648937 0.010562863200902939
16 -0.99997848272323608 0.0058939005248248577 -0.0028823970351368189
17 -0.99917584657669067 0.013131856918334961 -0.038409672677516937
18 -0.99911350011825562 0.025055050849914551 -0.033830683678388596
19 -0.99965488910675049 0.013913725502789021 -0.022281955927610397
20 -0.99971812963485718 -0.0089693339541554451 0.021983947604894638
21 3.0823081033304334e-05 0.0057198889553546906 -0.99998366832733154
22 -0.99968552589416504 -0.024984352290630341 0.0021518068388104439
23 -0.99921596050262451 -0.010977040976285934 0.038039978593587875
24 -0.99985331296920776 0.012468816712498665 -0.011746644973754883
25 -0.99947512149810791 0.030595423653721809 0.0106476079672575
26 -0.9998706579208374 0.0065725031308829784 -0.014681948348879814
27 -0.99999958276748657 -0.00082196976291015744 0.00043633126188069582
28 -0.99947828054428101 -0.031089678406715393 -0.0087516764178872108
29 -0.99927377700805664 0.010645356960594654 0.036587592214345932
30 -0.99979299306869507 -0.020218893885612488 -0.0022748606279492378
31 -0.99964761734008789 0.0062548033893108368 0.025800015777349472
32 -0.99925237894058228 -0.012180769816040993 -0.036693591624498367
33 -0.99969077110290527 -0.015494278632104397 -0.019447911530733109
34 -0.99998563528060913 -0.0021878432016819715 -0.004902929998934269
35 -0.99956744909286499 0.01190143171697855 0.026895727962255478
36 -0.99994397163391113 0.0079459156841039658 -0.0069995182566344738
37 -0.99961477518081665 -0.021301258355379105 -0.017792977392673492
38 -0.99986326694488525 -0.005040725227445364 -0.01575278677046299
39 -0.99967581033706665 0.016832601279020309 0.019102079793810844
40 -0.99986094236373901 -0.0049858801066875458 -0.015914738178253174
41 -0.99956387281417847 0.013801338151097298 0.026108115911483765
42 -0.99955689907073975 0.025045672431588173 0.016085410490632057
43 -0.99967855215072632 0.020311413332819939 0.015173756517469883
44 -0.99956119060516357 -0.026148291304707527 -0.013918844051659107
45 -0.99948549270629883 0.022247720509767532 -0.023106200620532036
46 -0.99965673685073853 -0.01537748146802187 -0.021212931722402573
47 -0.99970358610153198 -0.0081979949027299881 0.022924235090613365
48 -0.9999651312828064 0.0012126176152378321 0.0082690780982375145
49 0.00020064949057996273 5.884918209630996e-06 -1
50 -0.99957859516143799 -0.028604583814740181 -0.0049440367147326469
51 -0.99986368417739868 -0.0040253419429063797 -0.016014961525797844
52 -0.99968695640563965 0.024682203307747841 -0.0040968894027173519
53 -0.99957317113876343 0.0265157800167799 0.012265224009752274
54 -0.99953979253768921 -0.016739422455430031 0.02529730461537838
55 -0.99999439716339111 0.00024485599715262651 0.0033420717809349298
56 -0.99950885772705078 -0.019913505762815475 0.024198872968554497
57 -0.99953782558441162 -0.027148690074682236 0.013679353520274162
58 -0.99996775388717651 -0.0074256090447306633 0.0030699942726641893
59 -0.9995536208152771 0.027765234932303429 -0.011030471883714199
60 -0.999522864818573 0.02151201106607914 -0.022165516391396523
61 -0.99955815076828003 0.022855376824736595 -0.019006477668881416
62 -0.99963217973709106 -0.024883722886443138 -0.010788792744278908
63 -0.99992966651916504 0.0038994946517050266 0.011204547248780727
64 -0.9996076226234436 -0.0074962247163057327 0.026988713070750237
65 -0.99983662366867065 0.0036537905689328909 0.017703885212540627
66 -0.99962896108627319 -0.023301076143980026 -0.014107758179306984
67 -0.99956351518630981 0.024537123739719391 -0.016453821212053299
68 -0.99951714277267456 -0.019701316952705383 0.02402842603623867
69 -0.99920421838760376 0.0054322518408298492 -0.039515655487775803
70 -0.99942982196807861 0.014019151218235493 0.030716774985194206
71 -0.99955266714096069 -0.013941491954028606 0.026460921391844749
72 -0.99961698055267334 0.02743588387966156 0.0036389636807143688
73 -0.99958467483520508 0.012851638719439507 -0.02579386904835701
74 -0.99958580732345581 0.026857443153858185 0.010341097600758076
75 -0.99958318471908569 0.014720656909048557 0.024835428223013878
76 -0.99950504302978516 0.02274337038397789 0.021736076101660728
77 -0.99956339597702026 0.028480041772127151 -0.0078703342005610466
78 -0.99958771467208862 -0.010766236111521721 0.026618296280503273
79 -0.99955117702484131 -0.028027612715959549 0.010582657530903816
80 -0.99948418140411377 -0.015254320576786995 -0.028261108323931694
81 -0.99955767393112183 -0.023144980892539024 0.018677117303013802
82 -0.99955374002456665 -0.02122311107814312 0.021025829017162323
83 -0.99958181381225586 0.012892122380435467 -0.02588590607047081
84 -0.99956440925598145 -0.019223529845476151 -0.022393638268113136
85 -0.99937301874160767 0.011799043975770473 -0.033381473273038864
86 -0.99954921007156372 0.016061399132013321 -0.025366159155964851
87 -0.99957066774368286 0.014858285896480083 0.025253843516111374
88 -0.99955230951309204 0.013327603228390217 -0.02678801491856575
89 -0.99949365854263306 0.013506593182682991 0.028810366988182068
90 -0.99954640865325928 0.026723394170403481 -0.013889973983168602
91 -0.99958539009094238 0.020592520013451576 0.020126171410083771
92 -0.999561607837677 0.023969534784555435 0.017381368204951286
93 -0.99959290027618408 -0.013704727403819561 0.025024093687534332
94 -0.99951422214508057 -0.013337858021259308 -0.028167949989438057
95 -0.99955731630325317 -0.022774729877710342 -0.019145121797919273
96 -0.99957692623138428 -0.012643096968531609 -0.026193298399448395
97 -0.99950909614562988 -0.022518891841173172 0.021782597526907921
98 -0.99956285953521729 0.026094231754541397 -0.013898083008825779
99 -0.99961680173873901 -0.012954863719642162 0.024462349712848663
100 -0.99956440925598145 0.01822386123239994 -0.023216187953948975
101 -0.99953985214233398 -0.023745965212583542 0.018875034525990486
102 -0.99954694509506226 -0.026910826563835144 0.013481332920491695
103 -0.9995841383934021 0.01613239012658596 0.023901572450995445
104 -0.99954140186309814 -0.016795581206679344 0.02519591897726059
105 -0.99957132339477539 -0.018985867500305176 -0.022289235144853592
106 -0.99952322244644165 -0.0084944292902946472 0.029683941975235939
107 -0.99966555833816528 0.016096461564302444 -0.020239474251866341
108 -0.99953138828277588 0.011612629517912865 0.028322795405983925
109 -0.99950575828552246 -0.03113207034766674 0.004373535979539156
110 -0.9995684027671814 0.018279414623975754 -0.022997355088591576
111 -0.99956285953521729 -0.025090344250202179 -0.015640454366803169
112 -0.99954742193222046 0.018689176067709923 -0.023572945967316628
113 -0.99956727027893066 0.019778020679950714 0.021775487810373306
114 -0.99943077564239502 -0.03364364430308342 -0.0025013848207890987
115 -0.99950981140136719 -0.02657080814242363 0.01655985414981842
116 -0.99946141242980957 0.0094070816412568092 0.031439170241355896
117 -0.99954169988632202 -0.016907939687371254 0.025109414011240005
118 -0.99958121776580811 -0.013421535491943359 0.025637395679950714
119 -0.99954801797866821 -0.019137855619192123 0.023186048492789268
120 -0.99953460693359375 0.016223292797803879 -0.025833230465650558
121 -0.99951714277267456 -0.01901514083147049 -0.024575695395469666
122 -0.99956655502319336 -0.023288978263735771 -0.018010696396231651
123 -0.99956732988357544 -0.021339111030101776 -0.020243389531970024
124 -0.99959731101989746 0.027317412197589874 -0.0076828603632748127
125 -0.9994734525680542 -0.012284053489565849 0.03003096766769886
126 -0.99957758188247681 0.017168238759040833 0.023450372740626335
127 -0.99956482648849487 -0.014062273316085339 -0.025930788367986679
128 -0.99954104423522949 -0.025530993938446045 0.016306953504681587
129 -0.99955284595489502 0.01771722175180912 0.024089893326163292
130 -0.99958360195159912 -0.015995852649211884 0.024015026167035103
131 -0.99954485893249512 -0.017170196399092674 -0.024805335327982903
132 -0.99953824281692505 -0.016120042651891708 -0.025757243856787682
133 -0.99958717823028564 0.010252515785396099 -0.026839461177587509
134 -0.99956798553466797 -0.01911957748234272 -0.022324336692690849
135 -0.9995124340057373 0.016546392813324928 -0.026479711756110191
136 -0.99965626001358032 -0.0087455175817012787 -0.024716300889849663
137 -0.9995417594909668 0.014351259917020798 0.026652753353118896
138 -0.99985438585281372 -0.0072188847698271275 -0.015465180389583111
139 -0.99953997135162354 -0.014093782752752304 0.026855522766709328
140 -0.99954283237457275 -0.021532483398914337 0.021222935989499092
141 -0.99952107667922974 0.024302966892719269 0.019157856702804565
142 -0.99955636262893677 0.022919448092579842 -0.019021214917302132
143 -0.99956619739532471 -0.018752191215753555 0.022711697965860367
144 -0.99955141544342041 0.020964745432138443 -0.021389495581388474
145 -0.99956673383712769 -0.020930202677845955 0.020695215091109276
146 -0.99956977367401123 0.017372855916619301 0.023632723838090897
147 -0.99956196546554565 -0.023420220240950584 -0.018094027414917946
148 -0.99956059455871582 -0.014298079535365105 -0.025965968146920204
149 -0.99906826019287109 -0.0042572463862597942 0.042947079986333847
150 -0.99963945150375366 0.014587817713618279 -0.022543558850884438
151 -0.99956053495407104 -0.023054894059896469 0.018633192405104637
152 -0.99953955411911011 -0.019346263259649277 0.023376284167170525
153 -0.99960321187973022 0.014377130195498466 0.024221464991569519
154 -0.99951684474945068 -0.029213873669505119 0.010612376034259796
155 -0.99956852197647095 0.019724838435649872 0.021766666322946548
156 -0.99956262111663818 0.02262580394744873 -0.019046414643526077
157 -0.99964100122451782 0.013528299517929554 0.023128366097807884
158 -0.99954169988632202 -0.020953821018338203 -0.021848686039447784
159 -0.99954414367675781 0.023232579231262207 -0.019283071160316467
160 -0.9996107816696167 -0.015889354050159454 -0.022929729893803596
161 -0.9995415210723877 0.025138361379504204 -0.016877502202987671
162 -0.99956858158111572 -0.019104810431599617 -0.022310560569167137
163 -0.99954378604888916 -0.023536169901490211 0.018931681290268898
164 8.7024243839550763e-05 -2.6343525405536639e-06 -1
165 -0.99956589937210083 -0.016763906925916672 -0.024230116978287697
166 -0.99957275390625 -0.016687804833054543 -0.02399933896958828
167 -0.9994623064994812 0.013720552437007427 0.02978033572435379
168 -0.99958294630050659 -0.016022996976971626 0.024025002494454384
169 -0.99955934286117554 -0.026388866826891899 0.013595779426395893
170 -0.99956297874450684 -0.026561614125967026 -0.012977505102753639
171 -0.99940782785415649 0.033354990184307098 0.0084536978974938393
172 -0.99955904483795166 0.026159202679991722 -0.014049645513296127
173 -0.99955081939697266 0.024917839094996452 -0.016652623191475868
174 -0.99955713748931885 0.028555704280734062 -0.0083771543577313423
175 -0.99957031011581421 0.017394499853253365 0.023595087230205536
176 -0.99949765205383301 0.029381832107901573 -0.011881014332175255
177 -0.99955737590789795 -0.02749980241060257 -0.011349123902618885
178 -0.99949586391448975 0.020473890006542206 0.024266224354505539
179 -0.99956244230270386 0.019921023398637772 0.021865103393793106
180 -0.99956023693084717 -0.028748989105224609 -0.0072740893810987473
181 -0.99956405162811279 -0.028561336919665337 0.0074832718819379807
182 -0.9995611310005188 0.026188302785158157 -0.013847061432898045
183 -0.99958467483520508 -0.013558610342442989 0.025429101660847664
184 -0.99956029653549194 0.027027135714888573 0.012201681733131409
185 -0.99955898523330688 -0.024924786761403084 0.016144655644893646
186 -0.99955105781555176 -0.023333212360739708 0.018798625096678734
187 -0.99956816434860229 -0.011152718216180801 0.02718714252114296
188 -0.99949723482131958 0.022026164457201958 -0.022806689143180847
189 -0.99985766410827637 0.0054344921372830868 0.015976475551724434
190 -0.99960970878601074 -0.010935156606137753 -0.025706179440021515
191 -0.99956214427947998 0.027431948110461235 -0.011093704961240292
192 -0.99956297874450684 0.022036625072360039 0.019705122336745262
193 -0.99955660104751587 -0.027730826288461685 0.010847271420061588
194 -0.99954968690872192 0.023147886618971825 -0.019094228744506836
195 -0.99956446886062622 0.021968111395835876 0.019706856459379196
196 -0.99949073791503906 0.031419515609741211 -0.0055840280838310719
197 -0.99956446886062622 0.020527172833681107 -0.021202277392148972
198 0.00012967579823452979 -0.021159982308745384 -0.99977612495422363
199 -0.99955940246582031 -0.026398872956633568 0.013569734059274197
200 -0.99955958127975464 -0.0296495221555233 -0.0012471466325223446
201 -0.99956148862838745 0.027401179075241089 -0.011228027753531933
202 -0.99956172704696655 -0.021346811205148697 -0.020511308684945107
203 -0.99960786104202271 -0.016054598614573479 -0.022943371906876564
204 -0.99956470727920532 -0.025028388947248459 -0.015618396922945976
205 -0.99955904483795166 0.028974473476409912 0.0064992737025022507
206 -0.9995606541633606 0.026192909106612206 -0.013874978758394718
207 -0.99955964088439941 0.028455164283514023 -0.0084200408309698105
208 -0.99956566095352173 -0.023296000435948372 -0.018050681799650192
209 -0.99956357479095459 0.020469587296247482 -0.021300762891769409
210 -0.99957752227783203 0.018038304522633553 -0.022790804505348206
211 -0.99955737590789795 0.029539329931139946 0.0035368851386010647
212 -0.99956727027893066 0.012353227473795414 0.026696708053350449
213 -0.99956166744232178 -0.024822130799293518 0.016134986653923988
214 0.00010281801951350644 -0.02166328951716423 -0.99976533651351929
215 -0.99956250190734863 0.028409251943230629 -0.0082348035648465157
216 -0.99956095218658447 0.029147818684577942 -0.0053303609602153301
217 -0.99955135583877563 0.017822325229644775 0.024073375388979912
218 -0.99957096576690674 0.019667072221636772 0.021704506129026413
219 -0.99956071376800537 -0.02637784369289875 0.013517455197870731
220 -0.9995618462562561 0.025612803176045418 0.014839291572570801
221 -0.99954915046691895 -0.023454358801245689 0.018747571855783463
222 -0.99962478876113892 -0.0083276266232132912 -0.026096412912011147
223 -0.99962854385375977 0.013942156918346882 0.023418961092829704
224 -0.99960196018218994 0.012677270919084549 -0.025204060599207878
225 -0.99958336353302002 0.015510261058807373 -0.02434268407523632
226 -0.99955976009368896 0.029576966539025307 -0.0023552489001303911
227 -0.99956256151199341 -0.02332460880279541 -0.018186459317803383
228 -0.99956142902374268 -0.021044524386525154 0.020834984257817268
229 -0.99956101179122925 0.02563941664993763 0.014846740290522575
230 -0.99955618381500244 0.024749461561441422 -0.016580449417233467
231 -0.99948513507843018 0.019765540957450867 -0.025275614112615585
232 -0.99955940246582031 -0.029264312237501144 0.004960908554494381
233 -0.99956125020980835 -0.028550665825605392 0.0078848125413060188
234 -0.99956178665161133 0.026960738003253937 0.012224094942212105
235 -0.99956190586090088 0.023984821513295174 0.017344223335385323
236 -0.99956893920898438 -0.021299431100487709 -0.020205924287438393
237 -0.99955993890762329 -0.029364904388785362 -0.0042177843861281872
238 -0.99956697225570679 -0.021282395347952843 -0.020321041345596313
239 -0.99951201677322388 -0.020037567242980003 -0.023963216692209244
240 -0.99956172704696655 0.022719759494066238 -0.018980616703629494
241 -0.99944466352462769 -0.015619978308677673 -0.029434792697429657
242 -0.99955892562866211 0.029201690107584 -0.005410192534327507
243 -0.99965947866439819 0.010884721763432026 0.023716580122709274
244 -0.99956190586090088 -0.026582803577184677 -0.013015629723668098
245 -0.99956482648849487 -0.024708105251193047 0.016116788610816002
246 7.2175753302872181e-05 -0.023046610876917839 -0.99973440170288086
247 -0.99955689907073975 0.026347910985350609 -0.013851701281964779
248 -0.99955940246582031 -0.028594689443707466 0.0079586571082472801
249 -0.99956321716308594 0.025552116334438324 0.014851643703877926
250 -0.99965775012969971 0.01371968537569046 0.022274734452366829
251 -0.99956095218658447 -0.027616333216428757 0.010737521573901176
252 -0.99956262111663818 -0.027550704777240753 0.010748500004410744
253 -0.99956268072128296 -0.028649093583226204 -0.0073311426676809788
254 -0.99955898523330688 -0.029670240357518196 -0.001275407150387764
255 -0.99957072734832764 0.028189003467559814 -0.007986854761838913
256 -0.99956369400024414 -0.021001102402806282 0.020770221948623657
257 -0.999561607837677 -0.027794420719146729 -0.010200767777860165
258 -0.99956643581390381 0.021909667178988457 0.019670665264129639
259 -0.99954724311828613 -0.021468816325068474 0.021081496030092239
260 -0.9995502233505249 -0.025216368958353996 0.016234949231147766
261 -0.99955946207046509 0.029462091624736786 0.0035922820679843426
262 -0.99956512451171875 0.023866424337029457 0.01732185110449791
263 -0.99956345558166504 0.021970614790916443 0.019754279404878616
264 -0.9995618462562561 -0.028522877022624016 0.0079118572175502777
265 -0.99956297874450684 0.026925468817353249 0.012203297577798367
266 -0.99965965747833252 0.016350423917174339 0.020328516140580177
267 -0.99999970197677612 0.00082568771904334426 7.1776325057726353e-05
268 -0.99956232309341431 -0.027765179052948952 -0.010213606059551239
269 -0.99955952167510986 -0.02926008403301239 0.0049713044427335262
270 -0.99956208467483521 0.024521211162209511 -0.016565022990107536
271 -0.99955803155899048 -0.029415437951683998 -0.0043077371083199978
272 -0.99955964088439941 -0.027838947251439095 -0.010274310596287251
273 -0.99952900409698486 -0.022212540730834007 -0.021176164969801903
274 -0.99955832958221436 -0.026468899101018906 0.013514305464923382
275 -0.99956053495407104 -0.027600906789302826 0.010818803682923317
276 -0.99956285953521729 0.029094070196151733 -0.0052587869577109814
277 -0.99956363439559937 0.027369046583771706 -0.011116769164800644
278 -0.99950617551803589 0.028781207278370857 0.012613262981176376
279 8.8536944531369954e-05 -0.020356381312012672 -0.99979281425476074
280 -0.99956327676773071 -0.018777644261717796 0.022817187011241913
281 -0.99956053495407104 0.029555298388004303 -0.0022885194048285484
282 -0.99956172704696655 -0.02927975170314312 -0.0043684309348464012
283 -0.99956250190734863 -0.025069111958146095 -0.015696560963988304
284 -0.99955761432647705 0.029037108644843102 0.0064392690546810627
285 -0.99955987930297852 -0.026602147147059441 -0.013133763335645199
286 -0.99956339597702026 0.028006710112094879 0.0094198137521743774
287 -0.99956893920898438 -0.029329853132367134 -0.0013517487095668912
288 -0.99999964237213135 0.00086424133041873574 7.9697849287185818e-05
289 -0.99956279993057251 -0.026574615389108658 -0.012961541302502155
290 -0.99955874681472778 0.028171764686703682 0.0094174668192863464
291 -0.99956381320953369 0.0238962322473526 0.017356280237436295
292 -0.9999997615814209 -0.00067451520590111613 5.8635021559894085e-05
293 -0.99999547004699707 0.0020562421996146441 -0.0022112841252237558
294 -0.99999964237213135 0.00084094447083771229 8.0741163401398808e-05
295 -0.99943983554840088 0.033466208726167679 -0.00029254739638417959
296 -0.9995543360710144 0.029662817716598511 0.0033820490352809429
297 -0.99956101179122925 -0.029320620000362396 -0.0042532887309789658
298 -0.99955594539642334 0.028281712904572487 0.0093904109671711922
299 -0.99955451488494873 0.029195044189691544 0.0062080160714685917
300 -0.99956035614013672 0.027511755004525185 -0.011055191978812218
301 -0.99951249361038208 -0.026490960270166397 -0.016524745151400566
302 -0.99955970048904419 0.028150049969553947 0.009379751980304718
303 -0.9999997615814209 -0.00069023569812998176 6.0931772168260068e-05
304 -0.9995768666267395 -0.026177672669291496 -0.012680800631642342
305 -0.99953395128250122 -0.030167168006300926 -0.0046765902079641819
306 -0.99956381320953369 -0.018838111311197281 0.022746505215764046
307 -0.99953311681747437 -0.014147710055112839 0.02708175964653492
308 -0.99955874681472778 0.027092913165688515 0.012178331613540649
309 -0.99956208467483521 -0.027800478041172028 -0.010143842548131943
310 -0.99956279993057251 0.019839651882648468 0.021924089640378952
311 -0.9995771050453186 -0.027396222576498985 -0.0097496723756194115
312 -0.9995608925819397 -0.028736993670463562 -0.0072347801178693771
313 -0.99956780672073364 -0.029374418780207634 -0.0011719345347955823
314 -0.99956244230270386 0.028423836454749107 -0.0081859370693564415
315 -0.99956375360488892 0.028805878013372421 0.0065253875218331814
316 -0.99953800439834595 -0.029495807364583015 -0.0073332064785063267
317 -0.99999964237213135 0.00085696892347186804 7.2380498750135303e-05
318 -0.99955755472183228 0.02478109672665596 -0.016451587900519371
319 -0.9999997615814209 -0.00068487110547721386 5.7827983255265281e-05
320 -0.9995722770690918 0.029027819633483887 0.0035525171551853418
321 -0.99957400560379028 -0.016166357323527336 0.024300334975123405
322 -0.99999964237213135 0.0008494716021232307 6.4097017457243055e-05
323 -0.99956047534942627 -0.024836098775267601 0.01618889719247818
324 -0.99956327676773071 -0.029522843658924103 -0.00130391342099756
325 -0.99956899881362915 -0.019065387547016144 -0.022325489670038223
326 -0.99949443340301514 0.023775046691298485 0.021110154688358307
327 -0.99955958127975464 0.027411645278334618 -0.011372804641723633
328 -0.99955391883850098 0.024591360241174698 -0.016949471086263657
329 -0.99956309795379639 0.024432789534330368 -0.016635783016681671
330 -0.99955040216445923 0.025975316762924194 0.014979892410337925
331 0.00011094724322902039 -0.019947053864598274 -0.99980103969573975
332 -0.99956083297729492 -0.029210204258561134 0.004997648298740387
333 -0.9999997615814209 -0.00067982450127601624 5.8945497585227713e-05
334 -0.99956071376800537 -0.023327892646193504 -0.018282454460859299
335 -0.99959087371826172 0.01780392974615097 -0.022384537383913994
336 -0.9999997615814209 -0.00069542170967906713 6.1410450143739581e-05
337 -0.99999964237213135 0.00086388993076980114 7.0096990384627134e-05
338 -0.99956125020980835 -0.027770446613430977 -0.010304235853254795
339 -0.99956083297729492 -0.029608737677335739 -0.0012465041363611817
340 -0.99955946207046509 0.028950879350304604 0.0065439576283097267
341 -0.99962782859802246 -0.01940457709133625 0.019175680354237556
342 -0.99957627058029175 0.021632181480526924 0.019476212561130524
343 -0.99956166744232178 0.020672164857387543 -0.021193811669945717
344 -0.99956274032592773 0.026917776092886925 0.012241078540682793
345 -0.99956208467483521 0.025571923702955246 0.014893955551087856
346 -0.99955976009368896 0.029466986656188965 0.0034621390514075756
347 -0.99961906671524048 0.021188193932175636 -0.017686463892459869
348 -0.99956029653549194 0.02955121174454689 -0.0024467692710459232
349 -0.99953246116638184 -0.025264913216233253 -0.01722230389714241
350 -0.99956238269805908 -0.02503364160656929 -0.015763198956847191
351 -0.99999964237213135 0.00086800893768668175 6.935794954188168e-05
352 -0.9999997615814209 -0.00066867092391476035 5.8126988733420148e-05
353 -0.9999997615814209 -0.00067647203104570508 5.8658450143411756e-05
354 -0.99999916553497314 -0.00078647333430126309 -0.0010228861356154084
355 -0.99956411123275757 -0.022964064031839371 0.0185560192912817
356 -0.99955976009368896 0.028117865324020386 0.00947559904307127
357 -0.99956339597702026 0.023877078667283058 0.017403891310095787
358 -0.99956440925598145 -0.029197528958320618 -0.0043075350113213062
359 -0.99956506490707397 -0.028579551726579666 -0.0072752814739942551
360 -0.99994885921478271 -8.6797874246258289e-05 0.010116838850080967
361 -3.4232623875141144e-05 -0.025100314989686012 -0.99968492984771729
362 -0.99959045648574829 0.012653130106627941 -0.025667961686849594
363 0.00011047290900023654 -0.022835029289126396 -0.99973928928375244
364 -0.99956506490707397 0.028761442750692368 0.0065235639922320843
365 -0.99956595897674561 0.029243329539895058 0.003569415770471096
366 -0.99956357479095459 0.028001263737678528 0.009411216713488102
367 -0.99999898672103882 -0.00059272930957376957 0.0012962000910192728
368 -0.9995606541633606 -0.028697893023490906 -0.0074128154665231705
369 -0.99952465295791626 -0.02743389829993248 0.014067919924855232
370 -0.99999570846557617 0.00063013471662998199 0.0028619430959224701
371 -0.9999387264251709 -0.0028919014148414135 0.010688233189284801
372 0.00014389498392120004 -0.024943433701992035 -0.99968886375427246
373 -0.99956274032592773 0.029060056433081627 -0.0054697110317647457
374 -0.99956750869750977 -0.026368504390120506 -0.013020722195506096
375 -0.99956685304641724 -0.029016587883234024 0.0049176714383065701
376 -0.99959295988082886 0.028125671669840813 -0.0047764768823981285
377 -0.99952930212020874 -0.029563525691628456 0.0081950575113296509
378 -0.99956250190734863 0.028849417343735695 0.0065260929986834526
379 -0.99953198432922363 0.030469190329313278 -0.0027317751664668322
380 -0.99958533048629761 -0.028364304453134537 0.004967675544321537
381 -0.99956828355789185 -0.028319794684648514 0.0078243203461170197
382 -0.99953168630599976 0.0180475153028965 0.024711862206459045
383 -0.99961990118026733 0.027522759512066841 -0.0015922676539048553
384 -0.9997556209564209 -0.0063356733880937099 -0.021180979907512665
385 -0.99956458806991577 0.025950981304049492 -0.014044907875359058
386 -0.9999997615814209 -0.00070476788096129894 -0.00013933877926319838
387 -0.99999910593032837 0.00078415428288280964 0.0011018889490514994
388 -0.99956679344177246 0.029349310323596001 -0.0022129816934466362
389 -0.99959814548492432 -0.0237149428576231 0.015529612079262733
390 -0.99956321716308594 -0.02120719850063324 -0.020583342760801315
391 0.00010922393994405866 -0.019602851942181587 -0.99980783462524414
392 -0.99953079223632812 0.026114972308278084 0.016008229926228523
393 -0.99999958276748657 -0.00062104943208396435 0.0007465789676643908
394 -0.9996374249458313 0.0089064156636595726 0.025412281975150108
395 0.00015405946760438383 -0.019239403307437897 -0.99981492757797241
396 -0.99954056739807129 0.029000313952565193 -0.0088090766221284866
397 -0.9996219277381897 -0.023204311728477478 -0.014750178903341293
398 -0.99956780672073364 0.028943169862031937 -0.0051509523764252663
399 -0.9995427131652832 -0.028259024024009705 -0.010758129879832268
400 -0.99964487552642822 -0.019630422815680504 -0.018024273216724396
401 -0.99956768751144409 -0.027412449941039085 0.010630012489855289
402 -0.99999892711639404 -0.00056223530555143952 0.0013603821862488985
403 -0.99959999322891235 0.024382114410400391 0.014330803416669369
404 -0.9999997615814209 -0.00067630037665367126 5.7614433899288997e-05
405 -0.99962663650512695 0.0093987146392464638 -0.025657668709754944
406 -0.99960100650787354 -0.027879243716597557 0.0045385491102933884
407 -0.99954962730407715 -0.014183188788592815 -0.02644665353000164
408 -0.99957609176635742 -0.028709622099995613 0.0048467507585883141
409 -0.99971663951873779 -0.006667332723736763 0.022851079702377319
410 -0.99949193000793457 -0.012020078487694263 0.029519433155655861
411 -0.99999499320983887 0.0017270836979150772 -0.0026620947755873203
412 -0.99965196847915649 -0.012916042469441891 -0.023004651069641113
413 -0.9997592568397522 0.0045680436305701733 0.021462118253111839
414 -0.9999193549156189 0.0038183031138032675 -0.012115980498492718
415 -0.99967044591903687 0.019669920206069946 0.016496438533067703
416 -0.99999982118606567 -0.00063904508715495467 5.014785347157158e-05
417 -0.99999982118606567 -0.00066058052470907569 6.3570892962161452e-05
418 -0.99990594387054443 -0.0020408655982464552 0.013563469052314758
419 -0.99991762638092041 0.0054621160961687565 -0.011622121557593346
420 -0.99992316961288452 -0.0019818074069917202 0.012236872687935829
421 -0.99958086013793945 -0.02793554775416851 0.0075955232605338097
422 -0.99957937002182007 0.028928576037287712 -0.0020550144836306572
423 -0.99990653991699219 -0.0060077961534261703 0.012282045558094978
424 -0.99961405992507935 -0.0023010615259408951 0.027685472741723061
425 -0.99999970197677612 0.00080429884837940335 6.2305553001351655e-05
426 -0.99975961446762085 0.012103539891541004 -0.018282705917954445
427 -0.99961471557617188 -0.019042558968067169 -0.020196525380015373
428 0.00028087111422792077 -0.016141833737492561 -0.999869704246521
429 -0.99959307909011841 -0.01070368941873312 0.026441030204296112
430 -0.99961107969284058 -0.018292434513568878 0.02104964479804039
431 -0.99989336729049683 -0.0064472686499357224 -0.013106448575854301
432 -0.99948185682296753 -0.028911985456943512 0.014147922396659851
433 0.00024147369549609721 -0.016197521239519119 -0.99986881017684937
434 -0.99999397993087769 0.0022586097475141287 -0.0026342128403484821
435 -0.99947178363800049 -0.031576134264469147 0.0076860906556248665
436 -0.99996906518936157 0.00016982773377094418 0.0078666731715202332
437 -0.99948763847351074 -0.02823396772146225 -0.015080033801496029
438 -0.99988251924514771 0.0022329417988657951 -0.01516655832529068
439 -0.9998929500579834 -0.0024707820266485214 0.014422447420656681
440 -0.99941051006317139 -0.032984022051095963 -0.0095217591151595116
441 -0.99994838237762451 0.0025727592874318361 0.0098351761698722839
442 -0.99955636262893677 0.013297007419168949 -0.026653233915567398
443 -0.99991482496261597 -0.00208999402821064 0.012885104864835739
444 -0.99967694282531738 -0.0016364743933081627 0.025363584980368614
445 -0.99959582090377808 -0.028386086225509644 -0.001548548461869359
446 -0.99997216463088989 -3.485725392238237e-05 0.0074671925976872444
447 -0.99939936399459839 -0.012944027781486511 0.032148074358701706
448 -0.99996465444564819 0.00013967446284368634 0.0084114708006381989
449 -0.99992060661315918 0.0037602554075419903 0.012027241289615631
450 -0.9999997615814209 -0.00067239516647532582 5.3451385610969737e-05
451 -0.99960148334503174 0.022974804043769836 0.016402555629611015
452 -0.9995652437210083 0.0027659055776894093 0.029356138780713081
453 -0.99960637092590332 0.019086491316556931 0.020562067627906799
454 -0.99951934814453125 -0.004503175150603056 -0.030672602355480194
455 -0.9999997615814209 -0.00069370155688375235 5.2609477279474959e-05
456 -0.99999010562896729 0.0019432532135397196 -0.0040020644664764404
457 -0.9999997615814209 -0.00070304848486557603 5.1436032663332298e-05
458 -0.99999964237213135 0.00086854491382837296 6.6942433477379382e-05
459 -0.99987298250198364 0.0022165528498589993 0.015786750242114067
460 -0.9999997615814209 -0.00067220756318420172 5.2928913646610454e-05
461 -0.99991834163665771 0.0039903926663100719 0.012144215404987335
462 -0.99997979402542114 -0.00045071920612826943 0.0063423612155020237
463 -0.99970537424087524 0.023819293826818466 -0.0046863998286426067
464 -0.99963730573654175 0.012020708993077278 -0.024101048707962036
465 -0.99994570016860962 -0.0032402048818767071 -0.0099078686907887459
466 -0.99984866380691528 0.0023969078902155161 -0.017234586179256439
467 -0.99999898672103882 0.001409652060829103 -0.00019356014672666788
468 -0.99949663877487183 0.029276914894580841 -0.012220583856105804
469 -0.99999183416366577 0.00055404938757419586 0.0040093264542520046
470 -0.99999964237213135 0.00083593081217259169 6.0582482547033578e-05
471 -0.99973416328430176 0.0011934866197407246 0.023027678951621056
472 -0.99986666440963745 0.0071493638679385185 -0.014680090360343456
473 -0.99943596124649048 -0.018822627142071724 0.027813432738184929
474 -0.99948775768280029 0.0043459893204271793 -0.031708613038063049
475 -0.99975103139877319 -0.0024963680189102888 -0.022173641249537468
476 -0.99999964237213135 0.00086947804084047675 6.3015933847054839e-05
477 -0.99992400407791138 0.0039330562576651573 -0.01168765127658844
478 -0.99996942281723022 -0.0021333398763090372 0.0075229480862617493
479 -0.99996727705001831 0.0029887764248996973 -0.0075223860330879688
480 -0.99965947866439819 -0.0054056886583566666 0.025528699159622192
481 -0.99997764825820923 -0.0025290213525295258 -0.0061889863573014736
482 -0.99999964237213135 0.00083556555910035968 5.7744640798773617e-05
483 -0.99999970197677612 0.00081838719779625535 6.3338535255752504e-05
484 -0.99929559230804443 0.020286319777369499 -0.03157336637377739
485 -0.99939298629760742 0.013498889282345772 0.032117698341608047
486 -0.99943625926971436 -0.017328197136521339 -0.0287582166492939
487 -0.99950778484344482 0.024061750620603561 -0.020130986347794533
488 -0.99960505962371826 -0.022303136065602303 0.017098970711231232
489 -0.99945825338363647 0.018553625792264938 0.027185650542378426
490 -0.99976170063018799 0.0058574089780449867 -0.021029911935329437
491 -0.99999946355819702 -0.00099892052821815014 -0.00035696860868483782
492 -0.99930864572525024 0.032748907804489136 -0.01760193333029747
493 -8.6231215391308069e-05 0.0066666556522250175 -0.99997782707214355
494 -0.99940097332000732 0.034520454704761505 -0.002472427673637867
495 -0.9993823766708374 0.034806657582521439 0.0048350673168897629
496 -0.99952954053878784 -0.024254361167550087 -0.01877155527472496
497 -0.99998462200164795 0.0012539718300104141 -0.0054054181091487408
498 -0.99999922513961792 0.00056339951697736979 0.0011405176483094692
499 -0.99943625926971436 0.030108124017715454 0.014857824891805649
500 -0.99998867511749268 -0.00029468417051248252 0.0047499146312475204
501 -0.99999523162841797 0.00032744091004133224 0.0030839391984045506
502 -0.99973917007446289 0.0050596911460161209 0.022273644804954529
503 -0.99999904632568359 -0.0011819885112345219 -0.00071970175486057997
504 -0.99984973669052124 0.004761264193803072 -0.01667020283639431
505 -0.99939525127410889 -0.032446738332509995 0.012507203035056591
506 -0.99962222576141357 -0.022462101653218269 -0.015838559716939926
507 -0.99973064661026001 -0.004493239801377058 0.02276911772787571
508 -0.99955159425735474 0.0072998199611902237 0.029040712863206863
509 -0.99988853931427002 -0.00039162987377494574 0.014926481992006302
510 -0.99961423873901367 0.024426482617855072 0.013222175650298595
511 -0.99988311529159546 -0.0026199584826827049 0.015067139640450478
512 -0.99978262186050415 -0.0038016960024833679 0.020501924678683281
513 -0.99999922513961792 -0.000716386828571558 0.0010344902984797955
514 -0.99997252225875854 -0.0012851724168285728 -0.0073007750324904919
515 -0.9996379017829895 -0.0080595621839165688 -0.025673693045973778
516 -0.99980401992797852 0.0066274320706725121 0.018653899431228638
517 -0.99982649087905884 -0.0080635221675038338 -0.016792241483926773
518 -0.99981927871704102 0.005441740620881319 -0.0182147566229105
519 -0.99982637166976929 0.0032617200631648302 0.018346643075346947
520 -0.99980413913726807 -0.0052804891020059586 -0.01907377690076828
521 -0.99999964237213135 0.00086919806199148297 6.0811078583355993e-05
522 -0.99987643957138062 -0.0068505001254379749 -0.014153693802654743
523 -0.99997258186340332 0.0025971157010644674 -0.0069420789368450642
524 -0.99988538026809692 -0.0042459499090909958 0.014534161426126957
525 -0.99983924627304077 -0.0073835989460349083 -0.01633964478969574
526 -0.99998486042022705 0.0021774531342089176 -0.0050529176369309425
527 -0.99978190660476685 -0.0024760058149695396 -0.02073618583381176
528 -0.99965596199035645 0.005762060172855854 0.025588421151041985
529 -0.99998772144317627 -0.00029282589093782008 0.0049495287239551544
530 -0.9999997615814209 -0.00066994311055168509 3.841292709694244e-05
531 -0.99997508525848389 0.00032884115353226662 0.0070508294738829136
532 -0.99981093406677246 0.013958721421658993 -0.013538346625864506
533 -0.99987363815307617 0.0021286704577505589 -0.015756705775856972
534 -0.9999728798866272 0.0028011081740260124 -0.0068135946057736874
535 -0.99997055530548096 -0.0033562988974153996 0.0069059864617884159
536 -0.99999934434890747 0.0010849802056327462 -0.00054571928922086954
537 -0.99998682737350464 -0.0020232994575053453 -0.0047192191705107689
538 -0.99988889694213867 0.0026744278147816658 0.014664832502603531
539 -0.99998593330383301 -0.0020705342758446932 -0.0048939604312181473
540 -0.99979722499847412 -0.0088002905249595642 -0.01811240054666996
541 -0.99981009960174561 0.0054925265721976757 -0.018699973821640015
542 -0.99934250116348267 -0.035199780017137527 -0.0086963791400194168
543 -0.99999994039535522 -0.00035881871008314192 -3.5537086660042405e-05
544 -0.99991780519485474 -0.0093643376603722572 0.0087582450360059738
545 -0.99995428323745728 0.0071286209858953953 -0.0063806702382862568
546 -0.99999964237213135 -0.00058449967764317989 0.00057683634804561734
547 -0.999176025390625 0.022902226075530052 -0.033508807420730591
548 -0.99977916479110718 -0.0022674850188195705 0.020893335342407227
549 -0.9990079402923584 -0.013480141758918762 0.042442835867404938
550 -0.99972265958786011 -0.010296769440174103 0.02117941714823246
551 -0.99942135810852051 0.022741081193089485 0.025293728336691856
552 -0.99925422668457031 0.037687011063098907 0.0084163015708327293
553 -0.99999970197677612 0.00077674334170296788 0.00028073438443243504
554 -0.99941927194595337 0.023490142077207565 0.024685967713594437
555 -0.99937188625335693 -0.023735994473099709 -0.026314137503504753
556 -0.99937832355499268 0.009785803034901619 -0.033871658146381378
557 -0.9999995231628418 -0.00058277684729546309 0.00083573814481496811
558 -0.9999997615814209 0.00058874901151284575 -0.00045305036474019289
559 -0.99952900409698486 -0.019773224368691444 -0.023469865322113037
560 -0.99912190437316895 -0.024057965725660324 0.034302260726690292
561 -0.99958318471908569 -0.012437435798346996 -0.026053853332996368
562 -0.99976378679275513 0.01157816220074892 0.018394963815808296
563 -0.99965298175811768 -0.013048403896391392 0.022885274142026901
564 -0.99999970197677612 5.3848838433623314e-05 -0.00076809036545455456
565 -0.9994770884513855 0.030937915667891502 0.0094041777774691582
566 -0.99997860193252563 0.0023142944555729628 0.0061253798194229603
567 -0.99974101781845093 -0.013631180860102177 -0.018223680555820465
568 -0.99946397542953491 -0.031141769140958786 -0.010100101120769978
569 -0.99955564737319946 0.022587714716792107 0.019452277570962906
570 -0.99998724460601807 -0.00068376917624846101 -0.0050040674395859241
571 -0.99999982118606567 0.00055805244483053684 -0.00034410442458465695
572 -0.99962204694747925 0.02406960166990757 0.013284430839121342
573 -0.99997431039810181 -0.0044720452278852463 0.0056111328303813934
574 -0.99957019090652466 -0.023929670453071594 -0.016936592757701874
575 -0.99962949752807617 -0.0068712825886905193 -0.026338310912251472
576 0.0013268422335386276 0.0079513741657137871 -0.99996757507324219
577 -0.99961346387863159 0.027743590995669365 -0.001787898363545537
578 -0.9998587965965271 0.0048964312300086021 0.016077253967523575
579 0.0013717421097680926 -4.0093582356348634e-05 -0.99999904632568359
580 -0.99966549873352051 0.023176651448011398 -0.011477385647594929
581 -0.99971729516983032 0.023536624386906624 0.0033729602582752705
582 -0.9996148943901062 -0.025458227843046188 -0.011048691347241402
583 -0.99986332654953003 0.0048056254163384438 0.015819430351257324
584 -0.99958741664886475 0.028171103447675705 0.0056040794588625431
585 -0.99975502490997314 0.01267025712877512 -0.018149808049201965
586 -0.99948728084564209 -0.021491590887308121 0.023734642192721367
587 -0.99981504678726196 -0.0042426865547895432 -0.018757807090878487
588 -0.99970269203186035 0.008879772387444973 -0.022711493074893951
589 -0.99957752227783203 -0.02480342797935009 -0.015149516053497791
590 -0.99954140186309814 0.02738451212644577 -0.012925143353641033
591 -0.99999970197677612 -0.00018012861255556345 -0.0007764918846078217
592 -0.99999427795410156 0.00036402157275006175 -0.0033708128612488508
593 -0.99954241514205933 0.017360588535666466 -0.024770475924015045
594 -0.99950891733169556 0.020530126988887787 -0.02367430180311203
595 -0.99956041574478149 -0.027237262576818466 0.011715556494891644
596 -0.99961084127426147 0.0082270288839936256 0.026654725894331932
597 -0.99962460994720459 -0.027254575863480568 -0.0028020180761814117
598 -0.99977153539657593 -0.019901704043149948 0.0078022847883403301
599 -0.99952512979507446 -0.020722217857837677 0.022806389257311821
600 -0.99955874681472778 -0.022157451137900352 0.01978515088558197
601 -0.99956446886062622 -0.023853136226534843 0.017375942319631577
602 -0.99951785802841187 0.020289899781346321 -0.023503461852669716
603 -0.99940532445907593 -0.015001547522842884 -0.031046709045767784
604 -0.99961066246032715 0.0080502796918153763 -0.026716582477092743
605 -0.99950540065765381 -0.017761411145329475 -0.025952061638236046
606 -0.99986398220062256 0.0039283782243728638 0.016023619100451469
607 -0.99958533048629761 -0.015328997746109962 -0.024375956505537033
608 -0.99953645467758179 -0.026588831096887589 0.014828857034444809
609 -0.99952834844589233 -0.029378363862633705 0.0089439796283841133
610 -0.99963408708572388 0.0087292371317744255 0.025603720918297768
611 -0.99948054552078247 0.014980561099946499 0.02853529155254364
612 -0.99955427646636963 0.021733557805418968 -0.020470637828111649
613 -0.99955856800079346 0.023597577586770058 -0.018053987994790077
614 -0.999542236328125 0.02417418360710144 -0.018193334341049194
615 -0.99955499172210693 0.014615229330956936 -0.026005327701568604
616 -0.99954521656036377 0.017402665689587593 -0.024629779160022736
617 -0.99955058097839355 0.028320726007223129 -0.0098334364593029022
618 -0.99956423044204712 0.01892668753862381 0.022653184831142426
619 -0.99959045648574829 -0.012056160718202591 0.025954071432352066
620 -0.99957472085952759 -0.015359595417976379 -0.024787895381450653
621 -0.9995495080947876 0.027207987383008003 0.012671448290348053
622 -0.99950343370437622 -0.018306074663996696 -0.025647884234786034
623 -0.99965286254882812 -0.011736495420336723 -0.023588839918375015
624 -0.99954801797866821 -0.018001774325966835 0.024078734219074249
625 -0.99955499172210693 -0.015198968350887299 0.025667786598205566
626 -0.99937474727630615 -0.011185253039002419 0.033541053533554077
627 -0.99956035614013672 -0.024487502872943878 -0.016717664897441864
628 -0.99953901767730713 0.026030689477920532 -0.015625713393092155
629 -0.9995802640914917 -0.027633314952254295 0.0087016746401786804
630 -0.99959862232208252 0.012123946100473404 0.025604182854294777
631 -0.99953335523605347 0.01844543032348156 0.024349713698029518
632 -0.99956399202346802 -0.025505801662802696 0.014877627603709698
633 -0.99951410293579102 0.018647234886884689 0.024976538494229317
634 -0.99953854084014893 0.027504552155733109 -0.012892092578113079
635 -0.99958723783493042 0.011469373479485512 -0.02634115144610405
636 -0.99971133470535278 -0.023622946813702583 0.0043886038474738598
637 -0.99959862232208252 -0.027019865810871124 0.0085139451548457146
638 -0.99956971406936646 0.018704725429415703 0.022593922913074493
639 -0.99957853555679321 -0.012230134569108486 0.026328673586249352
640 -0.99952256679534912 0.0092233801260590553 -0.029488032683730125
641 -0.99957001209259033 -0.017522884532809258 0.0235122200101614
642 -0.9997401237487793 -0.005023585632443428 -0.02223634161055088
643 -0.99957537651062012 0.027698667719960213 -0.0090502863749861717
644 -0.99956071376800537 0.024935852736234665 0.016018752008676529
645 -0.99972450733184814 -0.01156228594481945 -0.020427972078323364
646 -0.99954146146774292 -0.022095317021012306 -0.02070280909538269
647 -0.99957025051116943 -0.020318146795034409 -0.021132752299308777
648 -0.99948173761367798 0.027886804193258286 -0.016082135960459709
649 -0.99955016374588013 0.019713450223207474 -0.022604299709200859
650 -0.99943459033966064 0.033461283892393112 0.0033086491748690605
651 -0.99959778785705566 -0.0081879217177629471 -0.027152646332979202
652 -0.9995531439781189 -0.020266769453883171 0.021974150091409683
653 -0.99963480234146118 0.015581250190734863 -0.022079948335886002
654 -0.99958556890487671 -0.014812442474067211 0.024684058502316475
655 -0.99949538707733154 0.023873519152402878 0.020955527201294899
656 -0.99956744909286499 0.022994916886091232 0.018337015062570572
657 -0.99956804513931274 0.021013656631112099 0.020547300577163696
658 -0.99975448846817017 0.0061380150727927685 0.021292084828019142
659 -0.99957621097564697 -0.017730087041854858 -0.023090502247214317
660 -0.99955052137374878 -0.022539449855685234 0.019768834114074707
661 -0.9996911883354187 0.012008886784315109 0.021755505353212357
662 -0.99955093860626221 -0.018397776409983635 -0.02365260012447834
663 -0.99953943490982056 0.020589964464306831 0.022292884066700935
664 -0.99954044818878174 0.015461975708603859 0.026072924956679344
665 -0.99956732988357544 0.016526954248547554 0.024330409243702888
666 -0.99960273504257202 -0.009219110943377018 0.026634093374013901
667 -0.9995262622833252 -0.022730795666575432 -0.020748747512698174
668 -0.99956834316253662 0.018902068957686424 0.022492967545986176
669 -0.99999558925628662 -0.0014560039853677154 0.0026046223938465118
670 -0.99949616193771362 -0.015264538116753101 -0.02782922238111496
671 -0.99985092878341675 0.006956133060157299 0.015803331509232521
672 -0.99954491853713989 0.022058889269828796 -0.020576834678649902
673 -0.99951440095901489 -0.02489970438182354 -0.018733954057097435
674 -0.9995688796043396 0.019199885427951813 -0.022214509546756744
675 -0.99955737590789795 -0.022249417379498482 0.019753472879528999
676 -0.99956196546554565 0.025042472407221794 0.01577245257794857
677 -0.99965119361877441 -0.01158942561596632 -0.023732606321573257
678 -0.99958837032318115 -0.011340745724737644 -0.026353312656283379
679 -0.99956786632537842 0.021459667012095451 -0.020089466124773026
680 -0.99957114458084106 -0.017932647839188576 -0.023152520880103111
681 -0.99956244230270386 0.023175837472081184 0.018381554633378983
682 -0.99956166744232178 0.013950986787676811 0.026114482432603836
683 -0.99956148862838745 0.023479372262954712 -0.018043056130409241
684 -0.99954140186309814 0.019962705671787262 -0.022770803421735764
685 -0.99951666593551636 0.030899312347173691 -0.0034191724844276905
686 -0.99964320659637451 -0.013607741333544254 0.022985758259892464
687 -0.9996039867401123 -0.014969975687563419 -0.023828376084566116
688 -0.99964022636413574 -0.014090866781771183 -0.022824959829449654
689 -0.99956917762756348 -0.020297333598136902 -0.021202806383371353
690 -0.9995461106300354 -0.022557558491826057 0.019970173016190529
691 -0.99956339597702026 -0.021835725754499435 0.019907014444470406
692 -0.99961179494857788 0.015511335805058479 0.023145420476794243
693 -0.99954211711883545 -0.024481138214468956 0.017782123759388924
694 -0.99956917762756348 0.018781926482915878 0.022557178512215614
695 -0.99954450130462646 0.024022579193115234 -0.01827022060751915
696 -0.99957138299942017 0.016344115138053894 0.024287739768624306
697 -0.99957305192947388 0.016388308256864548 0.024190891534090042
698 0.0011423943797126412 3.4581964428070933e-05 -0.99999934434890747
699 -0.99943464994430542 -0.014789330773055553 -0.0301949642598629
700 -0.9995846152305603 0.01658298447728157 -0.023570965975522995
701 -0.99956023693084717 0.026657383888959885 -0.012991350144147873
702 -0.99956357479095459 0.026338916271924973 0.013380219228565693
703 -0.99955219030380249 -0.0243087038397789 0.017452165484428406
704 -0.99956005811691284 -0.025552000850439072 0.015059457160532475
705 -0.99955809116363525 -0.028217853978276253 0.0093499543145298958
706 -0.99953526258468628 0.014914419502019882 -0.02658567763864994
707 -0.9994049072265625 -0.033636409789323807 -0.0076449448242783546
708 -0.99957072734832764 -0.018026538193225861 -0.023098621517419815
709 -0.99953848123550415 -0.027817204594612122 0.012210377492010593
710 -0.99955815076828003 0.027241380885243416 0.011893930844962597
711 -0.99950027465820312 -0.020637962967157364 -0.023944301530718803
712 -0.99956291913986206 -0.02050701342523098 -0.021295132115483284
713 -0.99956095218658447 0.028590938076376915 0.0077846264466643333
714 -0.99954193830490112 0.029461303725838661 -0.0069265901111066341
715 -0.99956232309341431 -0.025667272508144379 0.014711696654558182
716 -0.99955999851226807 0.025317192077636719 -0.015456154011189938
717 -0.99958705902099609 0.014171606861054897 -0.024998117238283157
718 -0.9995608925819397 -0.027361243963241577 -0.011377082206308842
719 -0.99955189228057861 0.023805547505617142 -0.018150005489587784
720 -0.99956810474395752 0.011840689927339554 -0.026898112148046494
721 -0.99985748529434204 -0.0059678205288946629 -0.015794096514582634
722 -0.9996105432510376 0.010628648102283478 0.025802815333008766
723 -0.9997025728225708 -0.010440079495310783 0.022041099146008492
724 -0.99956321716308594 -0.027024276554584503 0.011964620091021061
725 -0.99956256151199341 -0.022601183503866196 -0.019075298681855202
726 -0.99955743551254272 0.027928927913308144 -0.010242396965622902
727 -0.99956464767456055 -0.022510958835482597 -0.019072908908128738
728 -0.99949538707733154 -0.031088517978787422 0.0065246229059994221
729 -0.99956619739532471 -0.019701970741152763 0.021891836076974869
730 0.0013741801958531141 -0.026166146621108055 -0.99965667724609375
731 -0.99960166215896606 -0.024362316355109215 -0.014248175546526909
732 -0.99956041574478149 0.02668299525976181 -0.012924261391162872
733 -0.99956244230270386 -0.026945421472191811 0.012204215861856937
734 -0.99963957071304321 -0.015861906111240387 0.021661914885044098
735 -0.99956238269805908 0.02098844014108181 0.020846262574195862
736 -0.99956035614013672 0.029594959691166878 0.0018135195132344961
737 -0.99956530332565308 0.024770181626081467 0.015990661457180977
738 -0.9996064305305481 0.015778373926877975 0.023194579407572746
739 -0.999561607837677 -0.025626353919506073 0.014828735031187534
740 -0.9995606541633606 -0.028101358562707901 0.0094284294173121452
741 -0.99955976009368896 -0.029137084260582924 -0.0055971690453588963
742 -0.99956625699996948 0.022978605702519417 0.018420172855257988
743 -0.99957293272018433 0.023894313722848892 0.016822792589664459
744 -0.99960839748382568 -0.018640948459506035 0.020869625732302666
745 -0.9995582103729248 -0.029610523954033852 -0.0025876220315694809
746 -0.99957925081253052 -0.017144057899713516 0.023396803066134453
747 -0.99961197376251221 0.011679947376251221 0.025286741554737091
748 -0.99956953525543213 -0.012915895320475101 -0.026345403864979744
749 -0.99956268072128296 0.025229282677173615 -0.015426164492964745
750 0.0013919174671173096 -0.026803340762853622 -0.99963974952697754
751 -0.99957156181335449 -0.020183619111776352 -0.021198442205786705
752 -0.99962282180786133 0.013507486321032047 -0.023912407457828522
753 -0.99956351518630981 -0.02809828519821167 0.0091278292238712311
754 -0.99956190586090088 -0.028932273387908936 0.006243234034627676
755 -0.99955111742019653 -0.01844555139541626 -0.023609010502696037
756 -0.99956244230270386 -0.026014173403382301 -0.014080717228353024
757 -0.99956166744232178 0.026671038940548897 -0.01285120751708746
758 -0.99956649541854858 -0.015725303441286087 -0.024890176951885223
759 -0.99959838390350342 -0.01179872639477253 0.025764694437384605
760 -0.99958622455596924 -0.014569316059350967 0.024801816791296005
761 -0.99956321716308594 0.022992514073848724 0.018568970263004303
762 -0.99956071376800537 -0.029454199597239494 0.0033021175768226385
763 -0.99956279993057251 0.021511124446988106 -0.020285900682210922
764 -0.99956166744232178 -0.026059836149215698 -0.0140523761510849
765 -0.9995572566986084 -0.024113720282912254 0.017431532964110374
766 -0.99956262111663818 -0.027268169447779655 -0.011447272263467312
767 -0.99956041574478149 0.029329979792237282 -0.0043358094990253448
768 -0.99956220388412476 0.028681771829724312 -0.0072659957222640514
769 -0.99957114458084106 0.020963694900274277 0.020446604117751122
770 -0.99956059455871582 0.029270965605974197 0.0046794419176876545
771 -0.99960994720458984 0.017652951180934906 0.021639969199895859
772 -0.99956238269805908 -0.024479582905769348 -0.016608571633696556
773 -0.99954807758331299 0.023995688185095787 -0.018109485507011414
774 -0.99956810474395752 0.020935036242008209 0.020623937249183655
775 -0.99956274032592773 -0.021960703656077385 0.019802231341600418
776 -0.99929988384246826 0.017153317108750343 0.033250518143177032
777 -0.99955987930297852 -0.028975704684853554 0.0063683493062853813
778 -0.99956303834915161 0.026305794715881348 0.01348573062568903
779 -0.99956583976745605 0.025086412206292152 -0.015454394742846489
780 0.0014718490419909358 -0.029544010758399963 -0.99956244230270386
781 -0.99956035614013672 0.028712550178170204 -0.0073968465439975262
782 -0.99956434965133667 -0.025924904271960258 -0.014109349809587002
783 -0.99954831600189209 0.022028367966413498 -0.0204444769769907
784 -0.99956196546554565 0.027828633785247803 -0.010078143328428268
785 -0.99956369400024414 0.027755403891205788 -0.01010693795979023
786 -0.99955970048904419 0.029611779376864433 0.0019181268289685249
787 -0.99956321716308594 0.02847057580947876 0.0079288193956017494
788 -0.99944216012954712 -0.018036268651485443 -0.028107494115829468
789 -0.99956488609313965 0.021465320140123367 -0.020231559872627258
790 -0.99956017732620239 -0.029538033530116081 -0.0026491086464375257
791 -0.99956709146499634 -0.022419355809688568 -0.019052917137742043
792 -0.99956226348876953 0.027621006593108177 0.010605642572045326
793 -0.99954944849014282 0.025673067197203636 -0.015550593845546246
794 -0.9995657205581665 -0.02431681752204895 -0.016646072268486023
795 -0.99956083297729492 -0.025774305686354637 0.014625595882534981
796 -0.99955755472183228 0.017081886529922485 -0.024351505562663078
797 -0.99956357479095459 -0.027258843183517456 -0.01138781476765871
798 -0.99956411123275757 -0.02244245819747448 -0.019181260839104652
799 -0.99956285953521729 0.028649000450968742 -0.0073074535466730595
800 -0.99962413311004639 -0.018138706684112549 0.020558577030897141
801 -0.99999994039535522 -0.00040186365367844701 -3.4933662391267717e-05
802 -0.99956297874450684 0.027570506557822227 0.010671362280845642
803 -0.99955880641937256 0.029299445450305939 0.0048774648457765579
804 -0.99956315755844116 -0.023835400119423866 0.017476381734013557
805 -0.99956071376800537 0.027607714757323265 0.010783035308122635
806 -0.99956041574478149 0.029317764565348625 -0.0044172694906592369
807 -0.99956142902374268 0.027789520099759102 -0.01023528166115284
808 -0.99956166744232178 0.026693986728787422 -0.01280246302485466
809 -0.9995265007019043 0.022083692252635956 0.021426502615213394
810 -0.99956375360488892 -0.028889978304505348 0.0061363554559648037
811 -0.99999970197677612 0.00076847051968798041 -6.816039967816323e-05
812 0.0014050189638510346 -0.024129463359713554 -0.99970787763595581
813 -0.99956464767456055 -0.026934698224067688 0.012048328295350075
814 -0.99950134754180908 -0.029277833178639412 -0.01182791031897068
815 -0.99956375360488892 0.019347349181771278 -0.022316239774227142
816 -0.99956244230270386 0.029144393280148506 0.00505820382386446
817 -0.99956309795379639 0.024788321927189827 0.01609870046377182
818 -0.99956148862838745 -0.029437854886054993 0.0031996078323572874
819 -0.99955826997756958 -0.029204446822404861 -0.0055066985078155994
820 -0.99956047534942627 0.026343638077378273 0.013598386198282242
821 -0.99956411123275757 -0.028242239728569984 -0.0086037442088127136
822 -0.99957036972045898 0.029232913628220558 0.0021258238703012466
823 -0.99955952167510986 -0.028416348621249199 -0.0085665443912148476
824 -0.99999988079071045 -0.00047446787357330322 -4.3339376134099439e-05
825 -0.99963295459747314 -0.026998307555913925 0.0022675143554806709
826 -0.99956446886062622 -0.024310717359185219 -0.016731793060898781
827 -0.99956339597702026 0.026375195011496544 0.013320776633918285
828 -0.99999970197677612 0.00076093716779723763 -6.4404746808577329e-05
829 -0.99955546855926514 -0.029716799035668373 -0.0024202023632824421
830 -0.99945294857025146 -0.033050920814275742 0.0012296483619138598
831 -0.99999994039535522 -0.00039336775080300868 -3.2876519981073216e-05
832 -0.99955654144287109 -0.028551394119858742 -0.0084594655781984329
833 -0.99956178665161133 0.029216216877102852 0.0047646975144743919
834 -0.99955177307128906 -0.029468044638633728 -0.0052915196865797043
835 -0.9995654821395874 -0.027002811431884766 0.01182381808757782
836 -0.99950754642486572 0.026446055620908737 0.016889600083231926
837 -0.99999970197677612 0.00075928482692688704 -6.7339948145672679e-05
838 -0.99956041574478149 -0.028408914804458618 -0.0084820147603750229
839 -0.99953150749206543 0.030128659680485725 0.0053900200873613358
840 -0.9996265172958374 0.017953662201762199 -0.020606625825166702
841 -0.99953269958496094 0.014851432293653488 -0.026718715205788612
842 -0.99955940246582031 -0.027440533041954041 -0.011320230551064014
843 -0.99956905841827393 0.0262589231133461 0.013126975856721401
844 -0.99957495927810669 -0.020013315603137016 -0.021199217066168785
845 -0.99956256151199341 0.027645125985145569 0.010510700754821301
846 -0.99956154823303223 0.028596352785825729 0.0076831905171275139
847 -0.99956607818603516 0.029413631185889244 0.0015758598456159234
848 -0.99956458806991577 -0.028960127383470535 -0.0056577739305794239
849 -0.99953728914260864 0.02940651960670948 0.0077739879488945007
850 -0.99956411123275757 -0.028108354657888412 0.009033985435962677
851 -0.99954813718795776 0.02818659134209156 0.010443565435707569
852 -0.99999994039535522 -0.00041857495671138167 -3.6414377973414958e-05
853 -0.9999997615814209 0.0007473798468708992 -6.3646162743680179e-05
854 -0.99968063831329346 0.016606928780674934 -0.019048381596803665
855 -0.99957525730133057 -0.0290229432284832 -0.0026440904475748539
856 -0.99962121248245239 -0.027006935328245163 0.0053015132434666157
857 -0.99957472085952759 0.016821060329675674 -0.023820476606488228
858 -0.99999988079071045 -0.00047193065984174609 -3.5444987588562071e-05
859 -0.99956166744232178 0.02520168200135231 -0.015534223988652229
860 -0.99955344200134277 -0.024360693991184235 0.017306923866271973
861 -0.99956411123275757 0.029454268515110016 0.0020160500425845385
862 -0.99949121475219727 -0.024423696100711823 -0.020515670999884605
863 -0.99945628643035889 0.021230669692158699 0.025226360186934471
864 -0.99956429004669189 -0.028960669413208961 -0.005716684740036726
865 -0.99956107139587402 -0.026922853663563728 0.012362301349639893
866 -0.99956369400024414 -0.023708278313279152 0.017618371173739433
867 -0.99955254793167114 -0.023851806297898293 0.018052134662866592
868 -0.99956148862838745 0.02926984615623951 -0.0044883517548441887
869 -0.99999970197677612 0.00076131214154884219 -6.6026004788000137e-05
870 -0.99954676628112793 -0.026525719091296196 -0.014236443676054478
871 0.0013871677219867706 -0.023592054843902588 -0.99972075223922729
872 -0.99999445676803589 0.0010429623071104288 0.0031602957751601934
873 -0.99952667951583862 0.023798439651727676 0.01949622854590416
874 -0.9999997615814209 0.00075064669363200665 -7.1616479544900358e-05
875 -0.99959021806716919 -0.016948621720075607 0.023068035021424294
876 -0.99956190586090088 0.027538398280739784 0.01085030660033226
877 -0.99999994039535522 -0.00045150672667659819 -3.9008129533613101e-05
878 -0.99956023693084717 -0.029114570468664169 -0.0056286044418811798
879 -0.99956154823303223 0.029561059549450874 0.001702422508969903
880 -0.99954050779342651 0.022094607353210449 -0.020751934498548508
881 -0.99975049495697021 0.02154950238764286 -0.0058875298127532005
882 -0.99957031011581421 -0.022188398987054825 -0.019157085567712784
883 -0.99956226348876953 -0.019876979291439056 0.021914590150117874
884 -0.99956560134887695 -0.027144014835357666 -0.011484197340905666
885 -0.99956351518630981 -0.025914901867508888 -0.014187207445502281
886 -0.99956053495407104 -0.029537411406636238 -0.0025127266999334097
887 -0.99956333637237549 -0.021673291921615601 0.020087417215108871
888 -0.99956125020980835 -0.029427221044898033 0.0033837740775197744
889 -0.99956375360488892 0.024706797674298286 0.01618279330432415
890 -0.99999988079071045 -0.00049395905807614326 -4.1134815546683967e-05
891 -0.99999970197677612 0.00076517264824360609 -6.6515800426714122e-05
892 -0.99999970197677612 0.00078797899186611176 -6.4882588048931211e-05
893 -0.99956440925598145 -0.028213007375597954 -0.0086643053218722343
894 -0.99956315755844116 0.023460231721401215 -0.017976881936192513
895 -0.9995657205581665 -0.024244010448455811 -0.016751514747738838
896 -0.99956494569778442 0.029077960178256035 0.0049413489177823067
897 -0.99999994039535522 -0.00037471010000444949 6.5940548665821552e-07
898 -0.99956530332565308 0.028424052521586418 0.0078317346051335335
899 -0.99956178665161133 -0.029598230496048927 0.0004950133734382689
900 -0.9999958872795105 -0.00065988418646156788 0.0028084011282771826
901 0.0012435043463483453 -0.029190177097916603 -0.99957311153411865
902 -0.99956554174423218 -0.028932720422744751 -0.0056323106400668621
903 -0.99999600648880005 0.00036053435178473592 -0.0028068488463759422
904 -0.99956673383712769 -0.02931542694568634 -0.0026389923878014088
905 -0.99956411123275757 -0.028252720832824707 -0.008571782149374485
906 -0.99999850988388062 0.00062428810633718967 -0.001610219944268465
907 -0.99956101179122925 0.028513103723526001 0.0080482456833124161
908 -0.99951022863388062 0.028138848021626472 -0.013693598099052906
909 -0.99999982118606567 -0.00038595657679252326 -0.00055235374020412564
910 -0.99996137619018555 -4.50701336376369e-05 -0.0087890103459358215
911 -0.99956351518630981 0.029508169740438461 -0.0014501312980428338
912 -0.99924790859222412 -0.0047731394879519939 0.038482192903757095
913 -0.99956363439559937 -0.028818929567933083 0.0064810118637979031
914 -0.99956756830215454 0.029095886275172234 -0.0042583686299622059
915 -0.99950605630874634 0.014327214099466801 0.027972158044576645
916 -0.99956357479095459 0.026195060461759567 0.013657182455062866
917 -0.99962478876113892 -0.0095849176868796349 -0.025662070140242577
918 -0.99952268600463867 0.029912382364273071 -0.0077254977077245712
919 -0.99956738948822021 0.028524421155452728 -0.0071716355159878731
920 -0.99957460165023804 0.028811268508434296 -0.0045398795045912266
921 -0.99953162670135498 -0.030372641980648041 0.0037410212680697441
922 -0.99999970197677612 0.00078416476026177406 0.00011217589781153947
923 -0.99955254793167114 -0.025665126740932465 0.015365284867584705
924 -0.99963003396987915 0.026955032721161842 -0.0036534583196043968
925 -0.99956756830215454 -0.029247021302580833 0.0030633499845862389
926 -0.99993455410003662 0.001809197012335062 0.011302520520985126
927 -0.99999624490737915 -0.00023074175987858325 -0.0027389670722186565
928 -0.99964922666549683 0.012561323121190071 0.023316822946071625
929 -0.99956226348876953 0.025176772847771645 -0.01553813461214304
930 -0.99999982118606567 -0.00046953436685726047 0.00038692966336384416
931 0.0013496745377779007 -0.022014452144503593 -0.99975675344467163
932 -0.99956786632537842 0.024419389665126801 0.016366228461265564
933 0.0013391855172812939 -0.021522797644138336 -0.9997674822807312
934 -0.9995226263999939 -0.029207328334450722 0.010076235979795456
935 -0.99956953525543213 -0.028722474351525307 0.0059926263056695461
936 -0.99959170818328857 -0.025022044777870178 -0.013796627521514893
937 -0.99957144260406494 0.027549291029572487 -0.0099012237042188644
938 -0.99913704395294189 0.004413125105202198 -0.041301019489765167
939 -0.99955993890762329 0.027516851201653481 0.011082242242991924
940 -0.99958419799804688 -0.0090434784069657326 0.027381183579564095
941 -0.99957889318466187 0.028722099959850311 -0.0041359257884323597
942 -0.99952548742294312 -0.02905360609292984 -0.010231471620500088
943 -0.99972599744796753 0.0071435817517340183 -0.022294819355010986
944 -0.99950093030929565 0.012598967179656029 -0.028968801721930504
945 -0.99999970197677612 0.00076944823376834393 -6.0696238506352529e-05
946 -0.99957001209259033 -0.017041653394699097 0.023863976821303368
947 -0.99999970197677612 0.00075497850775718689 -6.2349216022994369e-05
948 -0.99991858005523682 -0.0046181147918105125 0.01189837884157896
949 -0.9999966025352478 -0.00099845998920500278 0.0024146989453583956
950 -0.99999576807022095 0.000374173978343606 -0.0028876829892396927
951 -0.99959921836853027 0.027491224929690361 -0.0067523596808314323
952 -0.99986976385116577 -0.0024318136274814606 -0.015958394855260849
953 -0.99990808963775635 0.0025617403443902731 -0.013313238508999348
954 -0.99999994039535522 -0.00018095801351591945 -0.00019401163444854319
955 -0.99999511241912842 0.0013662928249686956 0.0028216028586030006
956 -0.99959820508956909 -0.028206728398799896 0.0028082327917218208
957 -0.99961423873901367 0.0029637736734002829 -0.027615822851657867
958 -0.99999994039535522 -0.00038555849459953606 -2.9867549528717063e-05
959 -0.99991029500961304 0.0065931449644267559 -0.011663064360618591
960 -0.99970859289169312 0.014318090863525867 -0.019437110051512718
961 -0.9999578595161438 0.0018962138565257192 -0.0089877238497138023
962 -0.9997638463973999 -0.01123617310076952 0.018603099510073662
963 -0.99946236610412598 0.013742011040449142 -0.029769293963909149
964 -0.99944251775741577 0.024781845510005951 -0.022374873980879784
965 -0.9998936653137207 0.0060877646319568157 0.013250702060759068
966 0.0012369503965601325 -0.016740044578909874 -0.99985915422439575
967 -0.99974155426025391 -0.017747398465871811 -0.014210639521479607
968 0.001230891328305006 -0.017922347411513329 -0.99983865022659302
969 -0.99963861703872681 0.026334783062338829 -0.0054004094563424587
970 -0.99961006641387939 0.027829036116600037 0.0022933811414986849
971 -0.99992161989212036 0.0025818466674536467 -0.012253095395863056
972 -0.99951821565628052 0.027047948911786079 0.015222907066345215
973 -0.99989491701126099 0.0031889379024505615 -0.014140249229967594
974 -0.99940145015716553 0.032998610287904739 0.010387490503489971
975 -0.99997478723526001 0.00017709267558529973 -0.0070953923277556896
976 -0.99991881847381592 -0.0044122715480625629 -0.011956111527979374
977 -0.99994146823883057 0.00049837882397696376 -0.010808383114635944
978 -0.99966579675674438 0.018816230818629265 0.017727302387356758
979 -0.99996715784072876 -0.0010330631630495191 0.008045390248298645
980 -0.99999970197677612 0.00075621833093464375 -0.00027704614331014454
981 -0.99940609931945801 0.013514824211597443 -0.031699776649475098
982 -0.99967861175537109 0.0020517839584499598 -0.025267355144023895
983 -0.99999970197677612 0.0007543103420175612 -5.9723093727370724e-05
984 -0.9995189905166626 -0.026957755908370018 0.015334120020270348
985 -0.99952930212020874 -0.022475004196166992 0.020881319418549538
986 -0.99999374151229858 -0.0016219071112573147 0.0031515876762568951
987 -0.99994760751724243 -0.0030501242727041245 -0.0097721843048930168
988 -0.99957609176635742 -0.012080678716301918 0.026491217315196991
989 -0.9999997615814209 0.00075020769145339727 -5.9790501836687326e-05
990 -0.99951851367950439 -0.0027178560849279165 -0.030908778309822083
991 -0.99998956918716431 -0.0014225097838789225 0.004337984137237072
992 -0.99952983856201172 0.0042810356244444847 0.03036067821085453
993 -0.99951803684234619 -0.025764377787709236 -0.017318390309810638
994 -0.9999997615814209 0.00074006139766424894 -5.4695909057045355e-05
995 -0.99949729442596436 -0.022112654522061348 -0.022720815613865852
996 -0.99999970197677612 0.00079268886474892497 -5.8654950407799333e-05
997 -0.99991971254348755 -0.004516140092164278 -0.011841582134366035
998 -0.99998074769973755 0.0010121429804712534 -0.0061245225369930267
999 -0.99965816736221313 -0.025388559326529503 0.0062458612956106663
1000 -0.99957907199859619 0.01188227441161871 -0.026466302573680878
1001 -0.99999988079071045 -0.00046363897854462266 -3.5285152989672497e-05
1002 -0.99956196546554565 -0.026741640642285347 0.012679579667747021
1003 -0.99985402822494507 -0.0019734643865376711 0.016972329467535019
1004 -0.99999994039535522 -0.00043766575981862843 -3.1765030144015327e-05
1005 -0.99999135732650757 -0.00017414026660844684 -0.0041599352844059467
1006 -0.99973946809768677 -0.0011071426561102271 -0.022798554971814156
1007 -0.99974799156188965 0.002603764645755291 0.02229992114007473
1008 -0.99947923421859741 -0.0041916882619261742 0.031994588673114777
1009 -0.99993693828582764 0.0032256520353257656 0.010760718956589699
1010 -0.99999988079071045 -0.00054680317407473922 -3.9751652366248891e-05
1011 -0.99987322092056274 -0.0062894755974411964 0.014632692560553551
1012 -0.99953502416610718 -0.01752922311425209 0.024949705228209496
1013 -0.99989581108093262 -0.0077171493321657181 0.012202729471027851
1014 -0.99943399429321289 0.010280555114150047 0.032032165676355362
1015 -0.9998440146446228 -0.0074105504900217056 0.016034631058573723
1016 -0.99990642070770264 0.0068747112527489662 -0.011827641166746616
1017 -0.99999988079071045 -0.00046113194548524916 -3.1748095352668315e-05
1018 -0.9999651312828064 -0.0013517934130504727 -0.0082377325743436813
1019 -0.99992638826370239 -0.0032494724728167057 0.011692903004586697
1020 -0.99999719858169556 -0.00040614738827571273 -0.0023422590456902981
1021 -0.9993211030960083 -0.024595502763986588 0.027430100366473198
1022 -0.9995003342628479 -0.0083604119718074799 -0.030482269823551178
1023 -0.99996268749237061 0.0072420118376612663 -0.0047219120897352695
1024 -0.99999994039535522 -0.00039596806163899601 -2.8981057766941376e-05
1025 -0.99997806549072266 0.0022996310144662857 0.0062099327333271503
1026 -0.99982553720474243 0.0073703103698790073 -0.01716281846165657
1027 -0.99942374229431152 0.026906389743089676 -0.020692795515060425
1028 -0.99998533725738525 -0.00085511029465124011 0.0053486768156290054
1029 0.001351282699033618 0.0091999219730496407 -0.99995678663253784
1030 -0.99957257509231567 0.016459884122014046 0.024163629859685898
1031 -0.99999499320983887 0.00028335480601526797 -0.0031695361249148846
1032 -0.99942344427108765 -0.033783446997404099 0.0033926835749298334
1033 -0.99978029727935791 -0.0050190123729407787 0.02035212330520153
1034 -0.99939548969268799 -0.034542139619588852 -0.003940981812775135
1035 -0.99952089786529541 -0.027624772861599922 -0.013960419222712517
1036 -0.99946743249893188 -0.02956697903573513 -0.013807926326990128
1037 -0.99944335222244263 0.026154708117246628 0.020710067823529243
1038 -0.99998360872268677 0.00028286539600230753 -0.0057184617035090923
1039 -0.9996330738067627 0.007877240888774395 0.02591782808303833
1040 -0.99951291084289551 0.02927711233496666 -0.010804570280015469
1041 -0.99999642372131348 -5.9422454796731472e-06 -0.0026941997930407524
1042 -0.99999904632568359 0.00097661721520125866 0.0010133173782378435
1043 -0.99985158443450928 -0.0041706636548042297 0.016715940088033676
1044 -0.9999997615814209 0.00068093836307525635 4.5789507566951215e-05
1045 -0.99969607591629028 0.019934579730033875 0.014502851292490959
1046 -0.99999052286148071 0.0011099691037088633 0.0042117652483284473
1047 -0.9995231032371521 -0.007915787398815155 -0.029849063605070114
1048 -0.99989020824432373 0.00079758244100958109 -0.014799725264310837
1049 -0.99974650144577026 0.0048594051040709019 -0.021985912695527077
1050 -0.99986487627029419 0.0063763693906366825 0.015154307708144188
1051 -0.99970817565917969 0.0052172220312058926 -0.023587176576256752
1052 -0.99981480836868286 -0.0036738866474479437 -0.018892370164394379
1053 -0.99967879056930542 0.023370593786239624 -0.009804239496588707
1054 -0.99989086389541626 0.0031130530405789614 -0.014444237574934959
1055 -0.99979954957962036 0.0081440359354019165 0.018289120867848396
1056 -0.99981236457824707 0.007857227697968483 0.01770796999335289
1057 -0.999805748462677 -0.0071386853232979774 -0.01837274432182312
1058 -0.99920302629470825 -0.015629347413778305 -0.036729704588651657
1059 -0.99982064962387085 -0.0046959207393229008 0.018346581608057022
1060 -0.99979037046432495 0.0052691656164824963 0.019784832373261452
1061 -0.99966508150100708 -0.0059258062392473221 -0.0251921396702528
1062 -0.99999988079071045 -0.00051200122106820345 -3.5488854337017983e-05
1063 -0.99994152784347534 -0.0029613114893436432 0.010407785885035992
1064 -0.99976718425750732 -0.0077368784695863724 -0.020143104717135429
1065 -0.9998241662979126 -0.0099339112639427185 0.015902156010270119
1066 -0.99991875886917114 0.0053571546450257301 0.011570032685995102
1067 -0.99997144937515259 -0.0020587577018886805 0.0072752498090267181
1068 -0.99999970197677612 0.00075317284790799022 -4.3833617382915691e-05
1069 -0.99996376037597656 0.0014101943233981729 0.0084013752639293671
1070 -0.99998933076858521 0.00043326854938641191 -0.0046076532453298569
1071 -0.99991613626480103 -0.0059904744848608971 -0.011484418995678425
1072 -0.99994778633117676 0.0002948934561572969 -0.010215414687991142
1073 -0.99988383054733276 0.0049907518550753593 -0.01440610084682703
1074 -0.99987626075744629 -0.0016741650179028511 0.015641979873180389
1075 -0.99978256225585938 -0.01764480397105217 0.011112418957054615
1076 -0.99998855590820312 0.0017427224665880203 0.0044547384604811668
1077 -0.99999737739562988 -0.0011511488119140267 0.0019880402833223343
1078 -0.99996429681777954 -0.0013407125370576978 -0.0083387652412056923
1079 -0.99998730421066284 0.0018020821735262871 0.0047057368792593479
1080 -0.99997246265411377 0.0033288069535046816 0.0066324342042207718
1081 -0.99963659048080444 -0.0066000740043818951 0.026138542219996452
1082 -0.99977725744247437 -0.0087814759463071823 0.019190696999430656
1083 -0.9999726414680481 -0.0011284247739240527 -0.00731678307056427
1084 -0.9998660683631897 0.0081722456961870193 -0.01418338343501091
1085 -0.9997258186340332 0.012139609083533287 0.020023670047521591
1086 0 0.9999997615814209 0.00071381038287654519
1087 0 0.9999997615814209 0.00072809722041711211
1088 0 0.99999982118606567 0.00066809420241042972
1089 0 0.9999997615814209 0.00067196798045188189
1090 0 0.9999997615814209 0.00067048752680420876
1091 0 0.9999997615814209 0.00072812061989679933
1092 0 0.9999997615814209 0.00070086063351482153
1093 0 0.9999997615814209 0.00070379814133048058
1094 0 0.9999997615814209 0.00071075576124712825
1095 0 0.9999997615814209 0.00071665720315650105
1096 0 0.9999997615814209 0.00070819567190483212
1097 0 0.9999997615814209 0.00071240885881707072
1098 0 0.9999997615814209 0.00071545469108968973
1099 0 0.99999970197677612 0.0007604101556353271
1100 0 0.9999997615814209 0.00070717750350013375
1101 0 0.9999997615814209 0.00068771484075114131
1102 0 0.99999970197677612 0.00076357589568942785
1103 0 0.9999997615814209 0.00073901651194319129
1104 0 0.9999997615814209 0.00072216946864500642
1105 0 0.9999997615814209 0.00073497591074556112
1106 0 0.9999997615814209 0.00071039883187040687
1107 0 0.99999970197677612 0.00075598334660753608
1108 0 0.9999997615814209 0.00074923061765730381
1109 0 0.9999997615814209 0.00067490845685824752
1110 0 0.9999997615814209 0.00071182666579261422
1111 0 0.9999997615814209 0.00073532410897314548
1112 0 0.9999997615814209 0.00074423616752028465
1113 0 0.99999970197677612 0.00077261676779016852
1114 0 0.99999982118606567 0.00062343128956854343
1115 0 0.99999970197677612 0.00076204864308238029
1116 0 0.9999997615814209 0.00072972982889041305
1117 0 0.9999997615814209 0.0007328078499995172
1118 0 0.9999997615814209 0.00068674929207190871
1119 0 0.9999997615814209 0.00072618958074599504
1120 0 0.9999997615814209 0.00071641436079517007
1121 0 0.9999997615814209 0.00074837333522737026
1122 0 0.9999997615814209 0.0006969546084292233
1123 0 0.9999997615814209 0.00069920165697112679
1124 0 0.9999997615814209 0.00068886176450178027
1125 0 0.99999982118606567 0.00063099747058004141
1126 0 0.9999997615814209 0.00072676886338740587
1127 0 0.9999997615814209 0.00072451599407941103
1128 0 0.9999997615814209 0.00074679922545328736
1129 0 0.99999970197677612 0.0007543449173681438
1130 0 0.99999970197677612 0.0007576189236715436
1131 0 0.9999997615814209 0.00067575107095763087
1132 0 0.9999997615814209 0.00068508158437907696
1133 0 0.9999997615814209 0.00067859498085454106
1134 0 0.9999997615814209 0.00072711415123194456
1135 0 0.9999997615814209 0.00073189201066270471
1136 0 0.99999970197677612 0.00077586149564012885
1137 0 0.9999997615814209 0.00073201197665184736
1138 0 0.99999982118606567 0.00064859644044190645
1139 0 0.99999970197677612 0.00077110994607210159
1140 0 0.99999982118606567 0.00063286419026553631
1141 0 0.9999997615814209 0.00071547518018633127
1142 0 0.99999970197677612 0.00075260695302858949
1143 0 0.99999982118606567 0.00062294560484588146
1144 0 0.9999997615814209 0.00072261126479133964
1145 0 0.9999997615814209 0.00070002966094762087
1146 0 0.9999997615814209 0.00072853901656344533
1147 0 0.99999970197677612 0.00076408206950873137
1148 0 0.9999997615814209 0.00070958543801680207
1149 0 0.9999997615814209 0.00069046218413859606
1150 0 0.99999970197677612 0.0007527561392635107
1151 0 0.99999982118606567 0.00066387810511514544
1152 0 0.9999997615814209 0.00073767354479059577
1153 0 0.9999997615814209 0.00071542250225320458
1154 0 0.9999997615814209 0.00070982536999508739
1155 0 0.9999997615814209 0.00074072222923859954
1156 0 0.99999970197677612 0.00076539575820788741
1157 0 0.9999997615814209 0.00074722932185977697
1158 0 0.99999970197677612 0.00077034044079482555
1159 0 0.9999997615814209 0.00073130975943058729
1160 0 0.9999997615814209 0.00072886672569438815
1161 0 0.9999997615814209 0.00071208993904292583
1162 0 0.9999997615814209 0.00068964000092819333
1163 0 0.9999997615814209 0.00072851852746680379
1164 0 0.9999997615814209 0.00067933520767837763
1165 0 0.9999997615814209 0.00070517329731956124
1166 0 0.99999982118606567 0.00064986333018168807
1167 0 0.9999997615814209 0.00072869117138907313
1168 0 0.9999997615814209 0.0007078065536916256
1169 0 0.9999997615814209 0.00069303106283769011
1170 0 0.9999997615814209 0.00071246444713324308
1171 0 0.9999997615814209 0.00068597099743783474
1172 0 0.9999997615814209 0.00071779533755034208
1173 0 0.9999997615814209 0.00068452564300969243
1174 0 0.9999997615814209 0.00075225590262562037
1175 0 0.9999997615814209 0.00071775732794776559
1176 0 0.99999982118606567 0.00065831898245960474
1177 0 0.99999970197677612 0.00075649539940059185
1178 0 0.99999982118606567 0.00065648742020130157
1179 0 0.99999970197677612 0.00077242654515430331
1180 0 0.9999997615814209 0.00069495628122240305
1181 0 0.9999997615814209 0.00071239424869418144
1182 0 0.9999997615814209 0.0007060276111587882
1183 0 0.9999997615814209 0.00071626808494329453
1184 0 0.99999970197677612 0.00076311070006340742
1185 0 0.9999997615814209 0.00074258603854104877
1186 0 0.9999997615814209 0.00069784699007868767
1187 0 0.9999997615814209 0.00066973554203286767
1188 0 0.9999997615814209 0.00074472185224294662
1189 0 0.9999997615814209 0.00072953087510541081
1190 0 0.9999997615814209 0.0007367050857283175
1191 0 0.9999997615814209 0.00067767919972538948
1192 0 0.9999997615814209 0.00069002620875835419
1193 0 0.9999997615814209 0.00067843991564586759
1194 0 0.9999997615814209 0.00070830975892022252
1195 0 0.9999997615814209 0.00071504799416288733
1196 0 0.9999997615814209 0.00070424872683361173
1197 0 0.99999970197677612 0.00076364906271919608
1198 0 0.9999997615814209 0.00071029935497790575
1199 0 0.9999997615814209 0.00067591492552310228
1200 0 0.9999997615814209 0.00072925002314150333
1201 0 0.9999997615814209 0.00068338168784976006
1202 0 0.9999997615814209 0.00070953572867438197
1203 0 0.9999997615814209 0.00071304966695606709
1204 0 0.9999997615814209 0.00071464420761913061
1205 0 0.9999997615814209 0.00074914866127073765
1206 0 0.9999997615814209 0.00067595881409943104
1207 0 0.9999997615814209 0.00067048752680420876
1208 0 0.9999997615814209 0.0006936162244528532
1209 0 0.9999997615814209 0.00071763148298487067
1210 0 0.9999997615814209 0.00072673964314162731
1211 0 0.9999997615814209 0.00070042174775153399
1212 0 0.9999997615814209 0.00070268049603328109
1213 0 0.99999970197677612 0.00076510902727022767
1214 0 0.9999997615814209 0.00072517723310738802
1215 0 0.9999997615814209 0.00071058317553251982
1216 0 0.9999997615814209 0.00072753545828163624
1217 0 0.99999970197677612 0.0007754869875498116
1218 0 0.9999997615814209 0.00068898173049092293
1219 0 0.9999997615814209 0.00073975673876702785
1220 0 0.9999997615814209 0.00074943830259144306
1221 0 0.9999997615814209 0.0006887944764457643
1222 0 0.99999970197677612 0.00077251141192391515
1223 0 0.9999997615814209 0.00073935295222327113
1224 0 0.9999997615814209 0.00071102497167885303
1225 0 0.9999997615814209 0.00071219529490917921
1226 0 0.9999997615814209 0.00072489341255277395
1227 0 0.9999997615814209 0.00068010471295565367
1228 0 0.9999997615814209 0.00071566534461453557
1229 0 0.9999997615814209 0.00071395374834537506
1230 0 0.9999997615814209 0.00074554694583639503
1231 0 0.9999997615814209 0.00071839516749605536
1232 0 0.9999997615814209 0.00068690144689753652
1233 0 0.9999997615814209 0.00072616030229255557
1234 0 0.9999997615814209 0.0007239747210405767
1235 0 0.9999997615814209 0.00067817367380484939
1236 0 0.9999997615814209 0.00073135364800691605
1237 0 0.9999997615814209 0.0006874105310998857
1238 0 0.99999982118606567 0.00065162469400092959
1239 0 0.9999997615814209 0.00068374443799257278
1240 0 0.9999997615814209 0.0007220582920126617
1241 0 0.9999997615814209 0.00073181302286684513
1242 0 0.9999997615814209 0.00073525094194337726
1243 0 0.9999997615814209 0.00070289993891492486
1244 0 0.9999997615814209 0.00073945830808952451
1245 0 0.9999997615814209 0.00074521632632240653
1246 0 0.9999997615814209 0.00074318872066214681
1247 0 0.9999997615814209 0.00069248687941581011
1248 0 0.9999997615814209 0.00073223141953349113
1249 0 0.9999997615814209 0.0007184536661952734
1250 0 0.9999997615814209 0.0007520481594838202
1251 0 0.9999997615814209 0.00072911247843876481
1252 0 0.9999997615814209 0.0007075900211930275
1253 0 0.9999997615814209 0.00072919734520837665
1254 0 0.9999997615814209 0.00069392053410410881
1255 0 0.9999997615814209 0.00074236362706869841
1256 0 0.99999970197677612 0.00075276201823726296
1257 0 0.9999997615814209 0.00074936519376933575
1258 0 0.9999997615814209 0.00070353480987250805
1259 0 0.9999997615814209 0.00068911339621990919
1260 0 0.9999997615814209 0.00073062512092292309
1261 0 0.9999997615814209 0.00075145420851185918
1262 0 0.9999997615814209 0.00071490462869405746
1263 0 0.9999997615814209 0.00073293951572850347
1264 0 0.9999997615814209 0.00075227051274850965
1265 0 0.9999997615814209 0.0007299902499653399
1266 0 0.9999997615814209 0.00072368507971987128
1267 0 0.9999997615814209 0.00072574778459966183
1268 0 0.9999997615814209 0.0007209025789052248
1269 0 0.99999982118606567 0.00066282774787396193
1270 0 0.9999997615814209 0.00073243334190919995
1271 0 0.9999997615814209 0.00073054904351010919
1272 0 0.9999997615814209 0.00072502216789871454
1273 0 0.9999997615814209 0.00072957476368173957
1274 0 0.9999997615814209 0.00070906465407460928
1275 0 0.9999997615814209 0.00071211630711331964
1276 0 0.9999997615814209 0.00072621006984263659
1277 0 0.99999982118606567 0.00066736567532643676
1278 0 0.9999997615814209 0.00072106934385374188
1279 0 0.9999997615814209 0.00071833370020613074
1280 0 0.9999997615814209 0.00068542681401595473
1281 0 0.9999997615814209 0.00068516639294102788
1282 0 0.9999997615814209 0.00068134232424199581
1283 0 0.9999997615814209 0.00071605737321078777
1284 0 0.9999997615814209 0.00072892522439360619
1285 0 0.9999997615814209 0.00072176865069195628
1286 0 0.9999997615814209 0.00070462614530697465
1287 0 0.9999997615814209 0.00069745787186548114
1288 0 0.9999997615814209 0.00067005743039771914
1289 0 0.9999997615814209 0.0007042516372166574
1290 0 0.9999997615814209 0.00067136524012312293
1291 0 0.9999997615814209 0.00071204022970050573
1292 0 0.9999997615814209 0.00072814110899344087
1293 0 0.9999997615814209 0.00072644412284716964
1294 0 0.9999997615814209 0.00072875258047133684
1295 0 0.9999997615814209 0.00069043878465890884
1296 0 0.9999997615814209 0.00071501289494335651
1297 0 0.99999970197677612 0.00076489255297929049
1298 0 0.9999997615814209 0.00070646649692207575
1299 0 0.9999997615814209 0.00071817863499745727
1300 0 0.9999997615814209 0.00071155745536088943
1301 0 0.9999997615814209 0.00069562043063342571
1302 0 0.9999997615814209 0.00067906605545431376
1303 0 0.9999997615814209 0.00069829169660806656
1304 0 0.9999997615814209 0.00072886672569438815
1305 0 0.9999997615814209 0.00069649523356929421
1306 0 0.9999997615814209 0.00068798690335825086
1307 0 0.9999997615814209 0.0007030198466964066
1308 0 0.9999997615814209 0.0007221840787678957
1309 0 0.9999997615814209 0.0007254580850712955
1310 0 0.9999997615814209 0.00070976978167891502
1311 0 0.9999997615814209 0.00069804303348064423
1312 0 0.9999997615814209 0.000709175830706954
1313 0 0.9999997615814209 0.00071385427145287395
1314 0 0.9999997615814209 0.0006884901667945087
1315 0 0.9999997615814209 0.00071723648579791188
1316 0 0.9999997615814209 0.00071255519287660718
1317 0 0.9999997615814209 0.00067663466325029731
1318 0 0.9999997615814209 0.00070506503107026219
1319 0 0.9999997615814209 0.00070665375096723437
1320 0 0.9999997615814209 0.00073422398418188095
1321 0 0.9999997615814209 0.00069379765773192048
1322 0 0.9999997615814209 0.00069390295539051294
1323 0 0.9999997615814209 0.00073011312633752823
1324 0 0.9999997615814209 0.00070983415935188532
1325 0 0.9999997615814209 0.00067987648071721196
1326 0 0.9999997615814209 0.00072505144635215402
1327 0 0.9999997615814209 0.0007202940178103745
1328 0 0.9999997615814209 0.00073298340430483222
1329 0 0.9999997615814209 0.00070227379910647869
1330 0 0.9999997615814209 0.00072117469971999526
1331 0 0.9999997615814209 0.00072776072192937136
1332 0 0.9999997615814209 0.00072985270526260138
1333 0 0.9999997615814209 0.00069907878059893847
1334 0 0.9999997615814209 0.00069401710061356425
1335 0 0.9999997615814209 0.0007014721049927175
1336 0 0.9999997615814209 0.0007197615341283381
1337 -0.99999940395355225 0 0.0011074814246967435
1338 -0.9999995231628418 0 0.0010140714002773166
1339 -0.9999995231628418 0 0.00099163304548710585
1340 -0.99999940395355225 0 0.0010826234938576818
1341 -0.99999940395355225 0 0.0011245859786868095
1342 -0.99999946355819702 0 0.0010651007760316133
1343 -0.9999995231628418 0 0.00097608513897284865
1344 -0.99999946355819702 0 0.0010721930302679539
1345 -0.99999946355819702 0 0.0010573063045740128
1346 -0.99999940395355225 0 0.0011068056337535381
1347 -0.99999946355819702 0 0.001058485358953476
1348 -0.99999940395355225 0 0.0011287728557363153
1349 -0.99999940395355225 0 0.0010826849611476064
1350 -0.9999995231628418 0 0.00099529617000371218
1351 -0.99999946355819702 0 0.0010264416923746467
1352 -0.99999946355819702 0 0.0010499946074560285
1353 -0.99999946355819702 0 0.0010235889349132776
1354 -0.99999940395355225 0 0.0011268886737525463
1355 -0.99999934434890747 0 0.0011395281180739403
1356 -0.99999946355819702 0 0.001044540898874402
1357 -0.99999940395355225 0 0.0010972644668072462
1358 -0.9999995231628418 0 0.000999038340523839
1359 -0 0.9999992847442627 0.001193176256492734
1360 0 0.9999992847442627 0.0012147220550104976
1361 0 0.9999992847442627 0.0012310337042436004
1362 0 0.9999992847442627 0.0012223469093441963
1363 0 0.9999992847442627 0.0012003065785393119
1364 0 0.9999992847442627 0.0012034664396196604
1365 -0 0.9999992847442627 0.0011980682611465454
1366 0 0.9999992847442627 0.0012221303768455982
1367 0 0.9999992847442627 0.0012107165530323982
1368 0 0.99999934434890747 0.0011770374840125442
1369 0 0.9999992847442627 0.0012192248832434416
1370 0 0.99999934434890747 0.0011597397970035672
1371 0 0.9999992847442627 0.0012327336007729173
1372 0 0.99999934434890747 0.0011724585201591253
1373 -0 0.99999940395355225 0.0011309584369882941
1374 0 0.9999992847442627 0.0012070474913343787
1375 -0 0.99999934434890747 0.0011790738208219409
1376 0 0.9999992847442627 0.0012174196308478713
1377 0 0.99999934434890747 0.0011560708517208695
1378 -0 0.9999992847442627 0.001202875399030745
1379 -0 0.9999992847442627 0.0012082179309800267
1380 0 0.9999992847442627 0.0012029455974698067
1381 0 0.9999992847442627 0.0012149034300819039
1382 0 0.9999992847442627 0.0012041452573612332
1383 0 0.99999934434890747 0.0011370090069249272
1384 0 0.9999992847442627 0.0012109915260225534
1385 0 0.9999992847442627 0.0012279088841751218
1386 0 0.99999940395355225 0.0011189273791387677
1387 -0 0.9999992847442627 0.0012135253055021167
1388 0 0.9999992847442627 0.0012177121825516224
1389 -0 0.9999992847442627 0.0012026648037135601
1390 -0 0.9999992847442627 0.0011927168816328049
1391 0 0.9999992847442627 0.0011992737418040633
1392 -0 0.99999934434890747 0.0011803290108218789
1393 0 0.9999992847442627 0.0012129636015743017
1394 0 0.9999992847442627 0.0012126797810196877
1395 -0 0.9999992847442627 0.0011898847296833992
1396 -0 0.9999992847442627 0.0012320869136601686
1397 0 0.9999992847442627 0.0012143211206421256
1398 0 0.9999992847442627 0.0012190493289381266
1399 -0 0.9999992847442627 0.0012039199937134981
1400 -0 0.99999922513961792 0.001233950606547296
1401 -0 0.99999922513961792 0.0012334649218246341
1402 0 0.99999922513961792 0.001233423943631351
1403 -0 0.99999922513961792 0.0012747514992952347
1404 0 0.9999992847442627 0.0012235990725457668
1405 0 0.9999992847442627 0.0012237102491781116
1406 0 0.99999934434890747 0.0011814467143267393
1407 -0 0.99999922513961792 0.0012386231683194637
1408 0 0.99999922513961792 0.0012475294061005116
1409 -0 0.9999992847442627 0.0012200938072055578
1410 0 0.9999992847442627 0.0012184114893898368
1411 0 0.9999992847442627 0.001204425934702158
1412 -0 0.9999992847442627 0.0011884364066645503
1413 -0 0.9999992847442627 0.0012079720618203282
1414 -0 0.9999992847442627 0.0012104708002880216
1415 -0 0.9999992847442627 0.0012145699001848698
1416 0 0.99999922513961792 0.0012446386972442269
1417 -0 0.9999992847442627 0.0012269872240722179
1418 -0 0.9999992847442627 0.0011977171525359154
1419 -0 0.9999992847442627 0.00121537153609097
1420 0 0.9999992847442627 0.0012275753542780876
1421 -0 0.9999992847442627 0.0012170714326202869
1422 -0 0.9999992847442627 0.0012157752644270658
1423 0 0.9999992847442627 0.0012055231491103768
1424 -0 0.99999922513961792 0.0012546099023893476
1425 -0 0.99999922513961792 0.0012645460665225983
1426 -0 0.99999922513961792 0.0012757257791236043
1427 -0 0.99999922513961792 0.001250680536031723
1428 0 0.99999922513961792 0.0012399164261296391
1429 -0 0.9999992847442627 0.0012243451783433557
1430 -0 0.9999992847442627 0.0012283740798011422
1431 0 0.99999922513961792 0.001240747282281518
1432 0 0.9999992847442627 0.00121567293535918
1433 0 0.99999922513961792 0.0012700174702331424
1434 0 0.99999922513961792 0.0012332045007497072
1435 0 0.99999922513961792 0.001259150798432529
1436 -0 0.99999922513961792 0.0012647187104448676
1437 0 0.9999992847442627 0.0012149502290412784
1438 0 0.9999992847442627 0.0012141192564740777
1439 0 0.9999992847442627 0.0012311448808759451
1440 0 0.9999992847442627 0.0012248132843524218
1441 -0 0.99999922513961792 0.0012524857884272933
1442 0 0.99999922513961792 0.0012400919804349542
1443 -0 0.9999992847442627 0.0012152164708822966
1444 -0 0.9999992847442627 0.0012271364685148001
1445 0 0.99999934434890747 0.0011679321760311723
1446 -0 0.9999992847442627 0.0012035776162520051
1447 0 0.9999992847442627 0.0011942529818043113
1448 -0.99999982118606567 0.00063247210346162319 0
1449 -0.9999997615814209 0.00071932264836505055 0
1450 -0.99999964237213135 0.00088679167674854398 0
1451 -0.9999997615814209 0.00068169052246958017 0
1452 -0.9999997615814209 0.00074337015394121408 0
1453 -0.9999997615814209 0.0007489643176086247 0
1454 -0.99999964237213135 0.00086887378711253405 0
1455 -0.99999982118606567 0.00063680822495371103 0
1456 -0.99999964237213135 0.00088728609262034297 0
1457 -0.99999970197677612 0.00075427466072142124 0
1458 -0.99999982118606567 0.00065395660931244493 0
1459 -0.99999958276748657 0.00089847150957211852 0
1460 -0.9999997615814209 0.00071879889583215117 0
1461 -0.99999970197677612 0.00076623255154117942 0
1462 -0.99999964237213135 0.00087997439550235868 0
1463 -0.9999997615814209 0.00072300038300454617 0
1464 -0.9999997615814209 0.00075238756835460663 0
1465 -0.99999964237213135 0.00086418952560052276 0
1466 -0.99999970197677612 0.00075746676884591579 0
1467 -0.99999970197677612 0.00080787303159013391 0
1468 -0.99999964237213135 0.00087186106247827411 0
1469 -0.99999982118606567 0.00060182396555319428 0
1470 -0.99999964237213135 0.00088279787451028824 0
1471 -0.99999964237213135 0.00088422570843249559 0
1472 -0.99999970197677612 0.00075270934030413628 0
1473 -0.9999997615814209 0.00072728970553725958 0
1474 -0.9999997615814209 0.00070882763247936964 0
1475 -0.9999997615814209 0.00067472993396222591 0
1476 -0.99999964237213135 0.00088044843869283795 0
1477 -0.9999997615814209 0.00067812687484547496 0
1478 -0.9999997615814209 0.00070790603058412671 0
1479 -0.99999970197677612 0.00077717809472233057 0
1480 -0.99999964237213135 0.00087884499225765467 0
1481 -0.99999964237213135 0.00086196878692135215 0
1482 -0.99999964237213135 0.00083304691361263394 0
1483 -0.9999997615814209 0.00070538982981815934 0
1484 -0.99999958276748657 0.00090468308189883828 0
1485 -0.99999982118606567 0.00065891002304852009 0
1486 -0.99999982118606567 0.00066291843540966511 0
1487 -0.9999997615814209 0.00071489583933725953 0
1488 -0.99999964237213135 0.00088177673751488328 0
1489 -0.99999982118606567 0.00062022748170420527 0
1490 -0.99999970197677612 0.0007613757043145597 0
1491 -0.99999970197677612 0.00079657346941530704 0
1492 -0.9999997615814209 0.00069331488339230418 0
1493 -0.9999997615814209 0.00068854575511068106 0
1494 -0.99999964237213135 0.00085710606072098017 0
1495 -0.9999997615814209 0.00074253918137401342 0
1496 -0.99999970197677612 0.00076566787902265787 0
1497 -0.99999964237213135 0.000858270563185215 0
1498 -0.9999997615814209 0.00073171942494809628 0
1499 -0.99999964237213135 0.00084680126747116446 0
1500 -0.99999970197677612 0.00076775107299908996 0
1501 -0.9999997615814209 0.00074612337630242109 0
1502 -0.99999964237213135 0.00087824231013655663 0
1503 -0.99999964237213135 0.00088311388390138745 0
1504 -0.9999997615814209 0.00070290867006406188 0
1505 -0.9999997615814209 0.00073102890746667981 0
1506 -0.9999997615814209 0.0007382645271718502 0
1507 -0.9999997615814209 0.00071035203291103244 0
1508 -0.99999964237213135 0.00087465229444205761 0
1509 -0.9999997615814209 0.00069094495847821236 0
1510 -0.99999982118606567 0.00059772486565634608 0
1511 -0.9999997615814209 0.00075168244075030088 0
1512 -0.99999982118606567 0.00059517356567084789 0
1513 -0.99999970197677612 0.0008205916965380311 0
1514 -0.99999970197677612 0.00076479889685288072 0
1515 -0.9999997615814209 0.00068635429488494992 0
1516 -0.99999970197677612 0.00079321465454995632 0
1517 -0.99999964237213135 0.00085532129742205143 0
1518 -0.99999970197677612 0.00076780084054917097 0
1519 -0.99999964237213135 0.0008628377690911293 0
1520 -0.9999997615814209 0.00071833661058917642 0
1521 -0.99999964237213135 0.00086733768694102764 0
1522 -0.99999964237213135 0.00086671154713258147 0
1523 -0.99999970197677612 0.00082348822616040707 0
1524 -0.99999964237213135 0.00085867138113826513 0
1525 -0.9999997615814209 0.00074254506034776568 0
1526 -0.99999958276748657 0.0009017747943289578 0
1527 -0.99999970197677612 0.00079289573477581143 0
1528 -0.99999970197677612 0.00076356128556653857 0
1529 -0.9999997615814209 0.00069398782216012478 0
1530 -0.99999970197677612 0.00076806120341643691 0
1531 -0.99999958276748657 0.00090596749214455485 0
1532 -0.99999970197677612 0.00075691082747653127 0
1533 -0.9999997615814209 0.00075177900725975633 0
1534 -0.99999982118606567 0.00062523357337340713 0
1535 -0.99999958276748657 0.00089754990767687559 0
1536 -0.99999964237213135 0.00086912832921370864 0
1537 -0.99999964237213135 0.00088960339780896902 0
1538 -0.99999964237213135 0.00088371656602248549 0
1539 -0.9999997615814209 0.00074231100734323263 0
1540 -0.9999997615814209 0.00074894679710268974 0
1541 -0.99999982118606567 0.00063970772316679358 0
1542 -0.9999997615814209 0.00073112547397613525 0
1543 -0.9999997615814209 0.00070651917485520244 0
1544 -0.99999970197677612 0.00075409619603306055 0
1545 -0.9999997615814209 0.00067455146927386522 0
1546 -0.9999997615814209 0.00073547620559111238 0
1547 -0.9999997615814209 0.0007082746597006917 0
1548 -0.9999997615814209 0.00073094404069706798 0
1549 -0.99999964237213135 0.00085115781985223293 0
1550 -0.9999997615814209 0.00069113512290641665 0
1551 -0.9999997615814209 0.00072334858123213053 0
1552 -0.9999997615814209 0.0007180352695286274 0
1553 -0.9999997615814209 0.00074806320481002331 0
1554 -0.9999997615814209 0.00071847997605800629 0
1555 -0.99999964237213135 0.00086055562132969499 0
1556 -0.9999997615814209 0.00068109075073152781 0
1557 -0.9999997615814209 0.00073535920819267631 0
1558 -0.99999964237213135 0.0008378364727832377 0
1559 -0.9999997615814209 0.00072680984158068895 0
1560 -0.99999964237213135 0.00086792284855619073 0
1561 -0.99999964237213135 0.00083091104170307517 0
1562 -0.9999997615814209 0.00074337894329801202 0
1563 -0.99999958276748657 0.00090405985247343779 0
1564 -0.99999970197677612 0.00075295218266546726 0
1565 -0.99999964237213135 0.00088101899018511176 0
1566 -0.99999964237213135 0.00087634637020528316 0
1567 -0.99999964237213135 0.00089551066048443317 0
1568 -0.9999997615814209 0.00074531580321490765 0
1569 -0.99999964237213135 0.00088190549286082387 0
1570 -0.9999997615814209 0.00071278633549809456 0
1571 -0.99999964237213135 0.00083739467663690448 0
1572 -0.99999964237213135 0.00089403893798589706 0
1573 -0.99999964237213135 0.00083192629972472787 0
1574 -0.99999970197677612 0.0008067816961556673 0
1575 -0.9999997615814209 0.00074578105704858899 0
1576 -0.9999997615814209 0.0007105597760528326 0
1577 -0.9999997615814209 0.00073056371184065938 0
1578 -0.9999997615814209 0.00066985259763896465 0
1579 -0.99999964237213135 0.00087027234258130193 0
1580 -0.99999964237213135 0.00084116315701976418 0
1581 -0.9999997615814209 0.00074997084448114038 0
1582 -0.99999964237213135 0.00088482548017054796 0
1583 -0.99999964237213135 0.00088244973449036479 0
1584 -0.9999997615814209 0.00074916623998433352 0
1585 -0.99999964237213135 0.00088000070536509156 0
1586 -0.99999970197677612 0.00081485119881108403 0
1587 -0.99999964237213135 0.00087182008428499103 0
1588 -0.9999997615814209 0.00070480169961228967 0
1589 -0.9999997615814209 0.00073806854197755456 0
1590 -0.99999964237213135 0.00084712018724530935 0
1591 -0.99999970197677612 0.00081162108108401299 0
1592 -0.9999997615814209 0.00074337015394121408 0
1593 -0.9999997615814209 0.00070287357084453106 0
1594 -0.9999997615814209 0.00074968702392652631 0
1595 -0.99999964237213135 0.0008526851306669414 0
1596 -0.9999997615814209 0.00070068507920950651 0
1597 -0.99999964237213135 0.00085276993922889233 0
1598 -0.99999964237213135 0.00089039921294897795 0
1599 -0.99999964237213135 0.00087132852058857679 0
1600 -0.9999997615814209 0.00073677825275808573 0
1601 -0.99999964237213135 0.00089003931498154998 0
1602 -0.99999964237213135 0.00089679798111319542 0
1603 -0.99999964237213135 0.0008966487948782742 0
1604 -0.99999964237213135 0.00088910892372950912 0
1605 -0.99999970197677612 0.00075380655471235514 0
1606 -0.9999997615814209 0.00074631063034757972 0
1607 -0.99999964237213135 0.00088572374079376459 0
1608 -0.99999970197677612 0.00081386225065216422 0
1609 -0.99999970197677612 0.00075349054532125592 0
1610 -0.9999997615814209 0.0007478349725715816 0
1611 -0.99945151805877686 0.010493310168385506 -0.031409382820129395
1612 -0.99948292970657349 -0.0082027819007635117 0.031090684235095978
1613 -0.99942374229431152 0.010428654961287975 -0.032301530241966248
1614 -0.99953877925872803 -0.028712756931781769 0.0098893921822309494
1615 -0.99998980760574341 0.0039215432479977608 -0.0022386782802641392
1616 -0.99999862909317017 1.0175922398047987e-05 0.0016686570597812533
1617 -0.99957162141799927 -0.0078309020027518272 0.028200376778841019
1618 -0.99975764751434326 0.0089481836184859276 -0.020116453990340233
1619 -0.99999868869781494 0.0015846373280510306 0.00039599876618012786
1620 -0.99982428550720215 -0.007030886597931385 0.017377274110913277
1621 -0.99995052814483643 0.0088142845779657364 -0.0046171029098331928
1622 -0.99950355291366577 0.030454536899924278 -0.0080800494179129601
1623 -0.99976617097854614 0.012700528837740421 -0.017502987757325172
1624 -0.99999254941940308 -0.0013205665163695812 0.0036271046847105026
1625 -0.99982881546020508 -0.0031272084452211857 0.01823863573372364
1626 -0.99988508224487305 0.0042624077759683132 -0.014549471437931061
1627 -0.9998968243598938 0.014182542450726032 -0.0022794604301452637
1628 -0.99967700242996216 -0.0090956380590796471 0.02373126894235611
1629 -0.99960631132125854 -0.01489227544516325 0.023777889087796211
1630 -0.99960631132125854 0.016404375433921814 -0.022763123735785484
1631 -0.99961459636688232 -0.016918651759624481 0.022011764347553253
1632 -0.99961835145950317 0.018311277031898499 -0.020687434822320938
1633 -0.99956363439559937 0.014796437695622444 -0.025568271055817604
1634 -0.99991840124130249 0.00394402164965868 -0.012155147269368172
1635 -0.99960404634475708 -0.025733243674039841 0.011380988173186779
1636 -0.99959570169448853 0.018845630809664726 -0.021290799602866173
1637 -0.99991202354431152 -0.012570643797516823 0.0042342455126345158
1638 -0.99958467483520508 -0.019698414951562881 0.021035140380263329
1639 -0.99961715936660767 0.025869444012641907 -0.0098147336393594742
1640 -0.99972039461135864 0.021140962839126587 -0.010598176158964634
1641 -0.99968034029006958 -0.021833032369613647 0.012749842368066311
1642 -0.99960982799530029 -0.022663503885269165 0.016327140852808952
1643 -0.99961870908737183 0.024800881743431091 -0.012144493870437145
1644 -0.9996141791343689 -0.014631227590143681 0.023610321804881096
1645 -0.99958854913711548 0.020951086655259132 -0.019591206684708595
1646 -0.99965542554855347 0.011111044324934483 -0.023781782016158104
1647 -0.99959731101989746 -0.017332391813397408 0.022467097267508507
1648 -0.99961471557617188 0.023625997826457024 -0.01456842664629221
1649 -0.99958193302154541 -0.023563973605632782 0.016753008589148521
1650 -0.99954426288604736 0.027086498215794563 -0.013330519199371338
1651 -0.99961245059967041 -0.010134256444871426 0.025928230956196785
1652 -0.99967002868652344 -0.024398693814873695 0.0080398665741086006
1653 -0.99950897693634033 0.0093263657763600349 -0.029915044084191322
1654 -0.99959778785705566 0.024070557206869125 -0.01499611884355545
1655 -0.99961179494857788 0.016329590231180191 -0.022573262453079224
1656 -0.99969995021820068 0.022132307291030884 -0.010499216616153717
1657 -0.99959582090377808 0.02258165180683136 -0.017270013689994812
1658 -0.99960333108901978 0.014314921572804451 -0.024253165349364281
1659 -0.99959021806716919 -0.012568031437695026 0.025718895718455315
1660 -0.99959313869476318 -0.015222982503473759 0.024122163653373718
1661 -0.99959456920623779 -0.021452277898788452 0.018723262473940849
1662 -0.9996076226234436 -0.024354111403226852 0.013838549144566059
1663 -0.99959701299667358 0.018907099962234497 -0.021175429224967957
1664 -0.99958670139312744 0.021025391295552254 -0.01960553415119648
1665 -0.99964410066604614 0.011269209906458855 -0.024181198328733444
1666 -0.99959135055541992 -0.021486839279532433 0.018852431327104568
1667 -0.99961614608764648 -0.023924181237816811 0.013975180685520172
1668 -0.99964499473571777 -0.021498838439583778 0.015738502144813538
1669 -0.99959546327590942 -0.017270227894186974 0.022598529234528542
1670 -0.99960142374038696 0.022488906979560852 -0.017065858468413353
1671 -0.9996185302734375 0.016274778172373772 -0.022316299378871918
1672 -0.99958550930023193 -0.019714780151844025 0.020979003980755806
1673 -0.99960607290267944 0.020631352439522743 -0.01902877539396286
1674 -0.99970030784606934 0.012601292692124844 -0.020989598706364632
1675 -0.99959897994995117 -0.021275825798511505 0.018688173964619637
1676 -0.9995918869972229 0.019038908183574677 -0.02129962295293808
1677 -0.99964809417724609 0.02262844517827034 -0.013843708671629429
1678 -0.99959057569503784 -0.01960689015686512 0.020838335156440735
1679 -0.99965333938598633 -0.01183804590255022 0.023517001420259476
1680 -0.99957823753356934 -0.012944518588483334 0.025997418910264969
1681 -0.99970775842666626 -0.017985766753554344 0.016154462471604347
1682 -0.99965304136276245 0.021035995334386826 -0.015855023637413979
1683 -0.99999916553497314 0.0001000862248474732 0.0013011344708502293
1684 -0.99967503547668457 -0.011403082869946957 0.022798994556069374
1685 -0.9999992847442627 0.00011649933730950579 0.0012001630384474993
1686 -0.99999940395355225 8.5796709754504263e-05 0.0011093415087088943
1687 -0.99999958276748657 0.00090659089619293809 8.7044769315980375e-05
1688 -0.99999916553497314 9.6334108093287796e-05 0.001319442642852664
1689 -0.9999995231628418 0.00096425338415428996 8.5660823970101774e-05
1690 -0.99999910593032837 9.7028088930528611e-05 0.0013328660279512405
1691 -0.99999958276748657 0.00094522529980167747 6.6494154452811927e-05
1692 -0.99984723329544067 -0.017255637794733047 0.0028037945739924908
1693 -0.99999374151229858 -0.0031786521431058645 0.0015740736853331327
1694 -0.99985647201538086 0.016940463334321976 -0.00033466983586549759
1695 -0.99955379962921143 -0.010296118445694447 0.02804148942232132
1696 -0.99999910593032837 -7.2445451223757118e-05 0.0013498504413291812
1697 -0.99991518259048462 -0.0018691327422857285 0.012890961021184921
1698 -0.99966269731521606 0.025324847549200058 -0.0057592075318098068
1699 -0.99966424703598022 -0.0061942334286868572 0.025159832090139389
1700 -0.99995672702789307 0.0092844823375344276 -0.00063072389457374811
1701 -0.99999940395355225 7.7307886385824531e-05 0.0010896569583564997
1702 -0.99999970197677612 0.00079756375635042787 6.3276653236243874e-05
1703 -0.99994200468063354 0.0045384000986814499 -0.0097695300355553627
1704 -0.99954706430435181 -0.010525659658014774 0.028195628896355629
1705 -0.99971514940261841 -0.018903313204646111 0.014573532156646252
1706 -0.99945813417434692 -0.017317971214652061 0.027992261573672295
1707 -0.99954688549041748 -0.020438456907868385 0.022100910544395447
1708 -0.99972909688949585 0.021727850660681725 -0.0083427652716636658
1709 -0.99997121095657349 -0.0066151199862360954 0.0037217079661786556
1710 -0.99947595596313477 -0.029198257252573967 0.013973935507237911
1711 -0.99958306550979614 0.012102143839001656 -0.026214789599180222
1712 -0.99972444772720337 0.014312591403722763 -0.018607210367918015
1713 -0.99992847442626953 -0.0014527940656989813 0.011873390525579453
1714 -0.99962210655212402 0.020246656611561775 -0.018594957888126373
1715 -0.99995416402816772 0.009304385632276535 -0.0022651255130767822
1716 -0.99980521202087402 -0.017668727785348892 0.0087947752326726913
1717 -0.9999852180480957 0.0053926343098282814 0.00069725664798170328
1718 -0.99989157915115356 -0.00043315405491739511 0.014721308834850788
1719 -0.99969112873077393 0.0031160165090113878 -0.024657303467392921
1720 -0.99984192848205566 -0.00051157129928469658 0.017775090411305428
1721 -0.99957102537155151 -0.029056938365101814 0.0036798238288611174
1722 -0.99961751699447632 0.0032729506492614746 -0.027461040765047073
1723 -0.99989062547683716 0.0021971855312585831 -0.014626619406044483
1724 -0.99999958276748657 0.00093746220227330923 0.00017240837041754276
1725 -0.99999940395355225 7.491137512261048e-05 0.001086149481125176
1726 -0.99999970197677612 0.00082133710384368896 5.837918070028536e-05
1727 -0.99952489137649536 -0.026595568284392357 0.015578468330204487
1728 -0.9999392032623291 -0.010530173778533936 0.0032802680507302284
1729 -0.99952882528305054 0.030666757375001907 -0.0013070318382233381
1730 -0.99952656030654907 -0.001874156529083848 0.030711030587553978
1731 -0.99999910593032837 9.1659356257878244e-05 0.0013531085569411516
1732 -0.99999958276748657 0.00093962840037420392 6.3490653701592237e-05
1733 -0.99954050779342651 0.014960033819079399 -0.026361357420682907
1734 -0.9993700385093689 0.028351373970508575 -0.021346606314182281
1735 -0.99939405918121338 -0.021466908976435661 0.02740047313272953
1736 -0.99999922513961792 0.00078021298395469785 0.0009844356682151556
1737 -0.99895262718200684 0.042647439986467361 -0.016579996794462204
1738 -0.99999958276748657 0.0009076390415430069 6.1473983805626631e-05
1739 -0.99971306324005127 0.010828792117536068 -0.021367551758885384
1740 -0.99973642826080322 -0.020713299512863159 0.0099025499075651169
1741 -0.99999958276748657 0.00095411587972193956 6.6987500758841634e-05
1742 -0.99978154897689819 -0.0042916866950690746 0.020456839352846146
1743 -0.99974828958511353 0.020943194627761841 -0.0080472389236092567
1744 -0.99982047080993652 -0.018186945468187332 0.005321891512721777
1745 -0.99982553720474243 0.004912432748824358 -0.018019642680883408
1746 -0.99997431039810181 -0.0057720602490007877 0.0042525855824351311
1747 -0.99987071752548218 -0.0148591548204422 0.00614925567060709
1748 -0.99984300136566162 0.017510766163468361 -0.0027344475965946913
1749 -0.99986004829406738 -0.002953692339360714 0.016469836235046387
1750 -0.99998635053634644 0.0052187745459377766 0.00027255876921117306
1751 -0.99999547004699707 0.00044991547474637628 0.0029760808683931828
1752 -0.99999946355819702 0.0010308228665962815 0.00011670887761283666
1753 -0.99989855289459229 0.013856971636414528 -0.0033074629027396441
1754 -0.99981862306594849 0.016315018758177757 -0.0098275672644376755
1755 -0.99999773502349854 0.0019031831761822104 0.00095326389418914914
1756 -0.99996262788772583 0.00016015482833608985 0.0086466670036315918
1757 -0.99999266862869263 -0.0029974067583680153 0.0023908093571662903
1758 -0.99998778104782104 -0.0046546226367354393 0.0016778334975242615
1759 -0.99999630451202393 0.001115933177061379 -0.0024959694128483534
1760 -0.99999916553497314 0.00019868089293595403 0.0013192672049626708
1761 -0.99986076354980469 -0.0044295256957411766 0.016092026606202126
1762 -0.99999648332595825 0.0025541018694639206 0.00079028838081285357
1763 -0.99999916553497314 0.00040261965477839112 0.0012408640468493104
1764 -0.99999761581420898 -0.0017096562078222632 0.0013868300011381507
1765 -0.99997371435165405 0.0021456026006489992 -0.0069326525554060936
1766 -0.99999105930328369 -0.0037891489919275045 0.0018766317516565323
1767 -0.99999397993087769 0.003424196969717741 0.00061804114375263453
1768 -0.99974405765533447 0.0060296319425106049 -0.021805372089147568
1769 -0.99973446130752563 0.022654803469777107 -0.0042234957218170166
1770 -0.99963027238845825 -0.02613212913274765 0.0075127501040697098
1771 -0.99999916553497314 0 0.0013151953462511301
1772 -0.99999940395355225 0 0.0011160512221977115
1773 -0.99999916553497314 0 0.0012848397018387914
1774 -0.99999922513961792 0 0.0012669423595070839
1775 -0.99999922513961792 0 0.0012676152400672436
1776 -0.9999992847442627 0 0.0011860635131597519
1777 -0.99999910593032837 0 0.0013365041231736541
1778 -0.99999940395355225 0 0.0011233922559767962
1779 -0.99999916553497314 0 0.0013126701815053821
1780 -0.99999934434890747 0 0.0011560795828700066
1781 -0.9999992847442627 0 0.0012019684072583914
1782 -0.99999916553497314 0 0.0012890060897916555
1783 -0.99999934434890747 0 0.0011789655545726418
1784 -0.99999934434890747 0 0.0011622296879068017
1785 -0.99999934434890747 0 0.0011448356090113521
1786 -0.99999916553497314 0 0.0013149817241355777
1787 -0.99999934434890747 0 0.0011754340957850218
1788 -0.99999916553497314 0 0.0012968004448339343
1789 -0.9999992847442627 0 0.0012270106235519052
1790 -0.99999934434890747 0 0.0011422930983826518
1791 -0.99999916553497314 0 0.0012975904392078519
1792 -0.9999992847442627 0 0.0012166120577603579
1793 -0.99999940395355225 0 0.0011192931560799479
1794 -0.99999934434890747 0 0.0011426910059526563
1795 -0.99999940395355225 0 0.0011038826778531075
1796 -0.99999940395355225 0 0.0011058780364692211
1797 -0.99999910593032837 0 0.0013506065588444471
1798 -0.99999910593032837 0 0.001338865258730948
1799 -0.99999916553497314 0 0.0012840145500376821
1800 -0.99999916553497314 0 0.0013211728073656559
1801 0 0.99999940395355225 0.0011052022455260158
1802 0 0.99999946355819702 0.0010667919414117932
1803 0 0.99999970197677612 0.00077756139216944575
1804 0 0.9999995231628418 0.0010178047232329845
1805 0 0.9999995231628418 0.00099780363962054253
1806 0 0.99999940395355225 0.0011195740662515163
1807 0 0.9999995231628418 0.001013021101243794
1808 0 0.9999995231628418 0.00098306033760309219
1809 0 0.99999934434890747 0.0011647166684269905
1810 0 0.99999934434890747 0.0011345249367877841
1811 0 0.9999995231628418 0.001006461214274168
1812 0 0.9999995231628418 0.00097796937916427851
1813 0 0.99999940395355225 0.0010892358841374516
1814 0 0.99999940395355225 0.0011316343443468213
1815 0 0.99999940395355225 0.00110732635948807
1816 0 0.99999934434890747 0.0011508422903716564
1817 0 0.99999934434890747 0.0011742227943614125
1818 0 0.99999964237213135 0.00088439247338101268
1819 0 0.99999940395355225 0.0011041576508432627
1820 0 0.99999946355819702 0.0010652822675183415
1821 0 0.99999964237213135 0.00085741037037223577
1822 0 0.99999934434890747 0.001142810913734138
1823 0 0.9999995231628418 0.0010048490948975086
1824 0 0.99999958276748657 0.00092640158254653215
1825 0 0.99999946355819702 0.001024715369567275
1826 0 0.99999946355819702 0.0010735827963799238
1827 0 0.99999958276748657 0.00091317680198699236
1828 0 0.99999946355819702 0.0010379957966506481
1829 0 0.99999964237213135 0.00082957395352423191
1830 0 0.99999934434890747 0.0011548829497769475
1831 0 0.9999995231628418 0.0009984414791688323
1832 0 0.99999946355819702 0.0010614580241963267
1833 0 0.99999934434890747 0.0011638154974207282
1834 0 0.99999946355819702 0.0010587048018351197
1835 0 0.99999964237213135 0.00083311129128560424
1836 0 0.99999958276748657 0.00094570335932075977
1837 0 0.99999946355819702 0.0010646326700225472
1838 0 0.99999946355819702 0.0010747590567916632
1839 0 0.99999970197677612 0.00080360722495242953
1840 0 0.99999958276748657 0.00092768599279224873
1841 0 0.99999958276748657 0.00095549318939447403
1842 0 0.99999946355819702 0.0010578534565865993
1843 0 0.99999958276748657 0.00094601936871185899
1844 0 0.99999946355819702 0.0010705633321776986
1845 0 0.99999964237213135 0.00089578569168224931
1846 0 0.99999958276748657 0.00093443592777475715
1847 0 0.99999934434890747 0.0011432527098804712
1848 0 0.99999946355819702 0.0010328872594982386
1849 0 0.99999940395355225 0.0011031628819182515
1850 0 0.9999995231628418 0.00096751825185492635
1851 0 0.99999964237213135 0.00088309630518779159
1852 0 0.99999934434890747 0.0011330854613333941
1853 0 0.99999958276748657 0.00092105899238958955
1854 0 0.99999946355819702 0.0010262777796015143
1855 0 0.99999946355819702 0.0010549568105489016
1856 0 0.99999970197677612 0.00081101543037220836
1857 0 0.9999992847442627 0.0012017402332276106
1858 0 0.9999995231628418 0.0010205169674009085
1859 0 0.99999946355819702 0.0010522124357521534
1860 0 0.99999934434890747 0.001168780610896647
1861 0 0.99999940395355225 0.0010898152831941843
1862 0 0.99999946355819702 0.0010310966754332185
1863 0 0.99999940395355225 0.0011111650383099914
1864 0 0.99999934434890747 0.0011420823866501451
1865 0 0.99999958276748657 0.00092725298600271344
1866 0 0.99999946355819702 0.0010755372932180762
1867 0 0.99999958276748657 0.00096115173073485494
1868 0 0.99999946355819702 0.0010506821563467383
1869 0 0.99999940395355225 0.0011087775928899646
1870 0 0.9999992847442627 0.0011850716546177864
1871 0 0.99999940395355225 0.0010928668780252337
1872 0 0.99999964237213135 0.00084284553304314613
1873 0 0.99999934434890747 0.0011347356485202909
1874 0 0.99999934434890747 0.001181809464469552
1875 0 0.9999995231628418 0.00096625724108889699
1876 0 0.9999992847442627 0.0011837083147838712
1877 0 0.99999946355819702 0.0010441488120704889
1878 0 0.99999958276748657 0.00095139996847137809
1879 0 0.9999995231628418 0.00097689568065106869
1880 0 0.99999934434890747 0.0011810604482889175
1881 0 0.9999995231628418 0.00099520257208496332
1882 0 0.99999934434890747 0.0011507370509207249
1883 0 0.99999946355819702 0.0010421123588457704
1884 0 0.99999958276748657 0.00095884321490302682
1885 0 0.9999995231628418 0.0010065899696201086
1886 0 0.9999995231628418 0.00098780612461268902
1887 0 0.99999970197677612 0.000799511035438627
1888 0 0.99999940395355225 0.0010938324267044663
1889 0 0.99999934434890747 0.0011674728011712432
1890 0 0.99999946355819702 0.0010305641917511821
1891 0 0.99999940395355225 0.0011292439885437489
1892 0 0.9999992847442627 0.0011841998202726245
1893 0 0.99999958276748657 0.00095468276413157582
1894 0 0.9999995231628418 0.0010147326393052936
1895 0 0.9999992847442627 0.0012003357987850904
1896 0 0.9999992847442627 0.0011968627804890275
1897 0 0.99999946355819702 0.0010577656794339418
1898 0 0.9999995231628418 0.0010070084827020764
1899 0 0.99999940395355225 0.0010883172508329153
1900 0 0.99999946355819702 0.001035201596096158
1901 0 0.99999946355819702 0.0010481893550604582
1902 0 0.9999992847442627 0.0011976206442341208
1903 0 0.99999934434890747 0.0011550760827958584
1904 0 0.99999970197677612 0.00081357260933145881
1905 0 0.99999934434890747 0.0011678999289870262
1906 0 0.99999946355819702 0.0010520661016926169
1907 0 0.99999934434890747 0.0011741759954020381
1908 0 0.99999946355819702 0.0010265937307849526
1909 0 0.99999940395355225 0.0011222540633752942
1910 0 0.9999992847442627 0.0011884920531883836
1911 0 0.99999946355819702 0.0010750398505479097
1912 0 0.99999946355819702 0.0010368371149525046
1913 0 0.99999940395355225 0.0010891716228798032
1914 0 0.99999946355819702 0.0010406319051980972
1915 0 0.9999992847442627 0.0011962279677391052
1916 0 0.99999946355819702 0.0010259061818942428
1917 0 0.99999946355819702 0.0010487803956493735
1918 0 0.99999946355819702 0.0010334226535633206
1919 0 0.99999970197677612 0.00080871273530647159
1920 0 0.99999946355819702 0.0010398770682513714
1921 0 0.9999995231628418 0.0010088721755892038
1922 0 0.99999946355819702 0.0010522650554776192
1923 -1 0 -4.7003559302538633e-05
1924 -1 0 -0.00020953961939085275
1925 -1 0 -6.6709064412862062e-05
1926 -1 0 -0.00020877596398349851
1927 -1 0 -0.00024977573775686324
1928 -1 0 -8.304986113216728e-05
1929 -1 0 -0.00021265271061565727
1930 -1 0 -0.00012397937825880945
1931 -1 0 6.8054951043450274e-06
1932 -1 0 -0.00017624652537051588
1933 -1 0 -4.8972648073686287e-05
1934 -1 0 -2.4811091861920431e-05
1935 -1 0 -0.00020836928160861135
1936 -1 0 -0.00022303064179141074
1937 -1 0 -0.00010647703311406076
1938 -1 0 -0.00018390343757346272
1939 -1 0 -0.00017543022113386542
1940 -1 0 -0.00023613254597876221
1941 -1 0 4.497595364227891e-05
1942 -1 0 -6.0187376220710576e-05
1943 -1 0 -0.0001545777777209878
1944 -1 -0 1.0176058822253253e-05
1945 -1 0 -0.00015025339962448925
1946 -1 0 -7.9006356827449054e-05
1947 -1 0 -0.00011207123316125944
1948 -1 0 -0.00013871096598450094
1949 -1 0 -0.00013143441174179316
1950 -1 0 -0.00016982723900582641
1951 -1 0 -0.00013963261153548956
1952 -1 0 -0.00017097708769142628
1953 -1 0 -3.4794044040609151e-05
1954 -1 0 -0.0002378178178332746
1955 -1 0 -0.00012955603597220033
1956 -1 0 -0.00010356582788517699
1957 -1 0 -0.0001071031583705917
1958 -1 0 3.358567482791841e-05
1959 -1 0 -0.00015594706928823143
1960 -1 0 -0.000183373864274472
1961 -1 0 -0.0002099229022860527
1962 -1 0 -0.00018832730711437762
1963 -1 0 0.00012254864850547165
1964 -1 0 -0.00022489148250315338
1965 -1 0 9.6356561698485166e-05
1966 -1 0 -0.00022101767535787076
1967 -1 0 -0.00020332806161604822
1968 -1 0 -0.00023642805172130466
1969 -1 0 7.0015259552747011e-05
1970 -1 0 -5.5704997066641226e-05
1971 -1 0 -0.00028613218455575407
1972 -1 0 -0.00022551175788976252
1973 -1 -0 0.00011607377382460982
1974 -1 0 -0.00021913051023148
1975 -1 0 -0.00016544725804124027
1976 -1 0 4.2901538108708337e-05
1977 -1 0 -0.00022245717991609126
1978 -1 0 -0.00020505431166384369
1979 -1 0 -7.2584145527798682e-05
1980 -1 0 -0.00022716193052474409
1981 -1 0 8.7271844677161425e-05
1982 -1 0 -0.00023849662102293223
1983 -1 0 -1.5214348422887269e-05
1984 -1 0 -0.00025244118296541274
1985 -1 0 0.00011393791646696627
1986 -1 0 -0.00025234461645595729
1987 -1 0 -9.2310132458806038e-05
1988 -1 0 3.2216383260674775e-05
1989 -1 0 -0.0002257370506413281
1990 -1 0 -0.00018608903337735683
1991 -1 0 -6.6829023126047105e-05
1992 -1 0 -0.00018879544222727418
1993 -1 0 -0.00024030185886658728
1994 -1 0 1.8321587049285881e-05
1995 -1 0 0.00010036788444267586
1996 -1 0 -0.00024314284382853657
1997 -1 0 -0.00020227183995302767
1998 -1 0 -0.00015583296772092581
1999 -1 0 -0.00021366504370234907
2000 -1 0 4.6058514271862805e-05
2001 -1 0 -0.00023687569773755968
2002 -1 0 0.00012006753968307748
2003 -1 0 -0.00026482332032173872
2004 -1 -0 6.4754611230455339e-05
2005 -1 0 -0.00024093968386296183
2006 -1 0 -0.00021587405353784561
2007 -1 0 -0.00026252068346366286
2008 -1 0 -1.5047576198412571e-05
2009 -1 0 1.0430606380396057e-05
2010 -1 0 -0.00024794123601168394
2011 -1 0 7.2788956458680332e-05
2012 -1 0 -0.00024464968009851873
2013 -1 0 -5.1202132453909144e-06
2014 -1 0 -0.00010354534606449306
2015 -1 0 -0.00019461785268504173
2016 -1 0 -0.00017572280194144696
2017 -1 0 -0.00020898370712529868
2018 -1 0 -0.00010984759865095839
2019 -1 -0 4.0423354221275076e-05
2020 -1 0 -0.00023264787159860134
2021 -1 0 4.2266630771337077e-05
2022 -1 0 -3.4413686080370098e-05
2023 -1 0 -0.00025252017076127231
2024 -1 0 -0.00021517770073842257
2025 -1 0 -0.00024676506291143596
2026 -1 0 7.2970353357959539e-05
2027 -1 0 6.3739345932845026e-05
2028 -1 0 -0.0002239025488961488
2029 -1 0 -0.00025405918131582439
2030 -1 0 0.00010704172018449754
2031 -0.99945157766342163 0.010474002920091152 -0.031415354460477829
2032 -0.99948298931121826 -0.0082789808511734009 0.031068185344338417
2033 -0.99942386150360107 0.010355338454246521 -0.032322954386472702
2034 -0.99953901767730713 -0.028769658878445625 0.0097018890082836151
2035 -0.99999004602432251 0.0037633611354976892 -0.002397522097453475
2036 -0.99999886751174927 -0.00013771433441434056 0.0015214225277304649
2037 -0.99957168102264404 -0.0078717805445194244 0.028187893331050873
2038 -0.99975764751434326 0.0089040910825133324 -0.020134203135967255
2039 -0.99999898672103882 0.0014386794064193964 0.00018357351655140519
2040 -0.9998244047164917 -0.0071747228503227234 0.017311252653598785
2041 -0.9999508261680603 0.0086695598438382149 -0.0048247873783111572
2042 -0.9995037317276001 0.030388528481125832 -0.0082968352362513542
2043 -0.99976629018783569 0.01255735382437706 -0.017597740516066551
2044 -0.99999278783798218 -0.0014920657267794013 0.0035073428880423307
2045 -0.99982893466949463 -0.0032571244519203901 0.018209382891654968
2046 -0.9998852014541626 0.0041355574503540993 -0.014578022062778473
2047 -0.99989718198776245 0.014116143807768822 -0.0025383958127349615
2048 -0.99967712163925171 -0.0092399800196290016 0.023669850081205368
2049 -0.99960649013519287 -0.015083193778991699 0.023649618029594421
2050 -0.99960649013519287 0.016213119029998779 -0.022891605272889137
2051 -0.99961477518081665 -0.017122458666563034 0.021843794733285904
2052 -0.9996185302734375 0.018102580681443214 -0.020859465003013611
2053 -0.99956375360488892 0.014629933051764965 -0.025657802820205688
2054 -0.99991840124130249 0.0039101587608456612 -0.012163816019892693
2055 -0.99960428476333618 -0.025858212262392044 0.011075683869421482
2056 -0.99959594011306763 0.018649423494935036 -0.021452903747558594
2057 -0.9999123215675354 -0.012635071761906147 0.0039738439954817295
2058 -0.9995848536491394 -0.01987878605723381 0.020854884758591652
2059 -0.99961745738983154 0.025724617764353752 -0.010164304636418819
2060 -0.99972045421600342 0.021067176014184952 -0.010733256116509438
2061 -0.99968045949935913 -0.021906750276684761 0.012613874860107899
2062 -0.99961006641387939 -0.022798702120780945 0.016124872490763664
2063 -0.99961882829666138 0.02471080981194973 -0.012312397360801697
2064 -0.99961435794830322 -0.014791638590395451 0.023502986878156662
2065 -0.99958878755569458 0.020761119201779366 -0.019781090319156647
2066 -0.99965560436248779 0.010973353870213032 -0.023840261623263359
2067 -0.99959754943847656 -0.017508985474705696 0.022321203723549843
2068 -0.99961495399475098 0.023470297455787659 -0.014801332727074623
2069 -0.99958217144012451 -0.023745361715555191 0.016481125727295876
2070 -0.99954444169998169 0.026994422078132629 -0.013501118868589401
2071 -0.99961256980895996 -0.01031217910349369 0.025852307677268982
2072 -0.99967014789581299 -0.024492548778653145 0.0077304751612246037
2073 -0.99950891733169556 0.0094659542664885521 -0.029872698709368706
2074 -0.99959802627563477 0.023867167532444 -0.015300466679036617
2075 -0.99961203336715698 0.016140049323439598 -0.022700017318129539
2076 -0.99970024824142456 0.021994896233081818 -0.010756311938166618
2077 -0.99959605932235718 0.022390017285943031 -0.017503643408417702
2078 -0.9996035099029541 0.014159739017486572 -0.024338202551007271
2079 -0.99959027767181396 -0.012618072330951691 0.025692149996757507
2080 -0.99959331750869751 -0.015389320440590382 0.024009373039007187
2081 -0.99959480762481689 -0.021656367927789688 0.018474586308002472
2082 -0.99960780143737793 -0.024486035108566284 0.013591744937002659
2083 -0.99959719181060791 0.018745888024568558 -0.021307738497853279
2084 -0.99958693981170654 0.020830079913139343 -0.01980140246450901
2085 -0.99964421987533569 0.011118383146822453 -0.024245649576187134
2086 -0.99959158897399902 -0.021674303337931633 0.018623901531100273
2087 -0.99961632490158081 -0.024019442498683929 0.013798014260828495
2088 -0.9996451735496521 -0.021602919325232506 0.015583671629428864
2089 -0.99959564208984375 -0.017450828105211258 0.022450320422649384
2090 -0.99960166215896606 0.022326447069644928 -0.017264563590288162
2091 -0.99961870908737183 0.016113514080643654 -0.022425713017582893
2092 -0.99958574771881104 -0.019891351461410522 0.020801963284611702
2093 -0.99960625171661377 0.02046787366271019 -0.019193600863218307
2094 -0.99970042705535889 0.012429246678948402 -0.02108386904001236
2095 -0.9995991587638855 -0.021424036473035812 0.018506990745663643
2096 -0.99959206581115723 0.018850652500987053 -0.021456148475408554
2097 -0.9996483325958252 0.022490523755550385 -0.014049491845071316
2098 -0.99959075450897217 -0.019751075655221939 0.020693084225058556
2099 -0.99965351819992065 -0.012001881375908852 0.02342744916677475
2100 -0.99957835674285889 -0.013116104528307915 0.025905067101120949
2101 -0.99970793724060059 -0.018131757155060768 0.015976954251527786
2102 -0.99965322017669678 0.02090337872505188 -0.016016541048884392
2103 -0.9999995231628418 7.566482963738963e-05 0.00098360399715602398
2104 -0.9996752142906189 -0.011564766056835651 0.022710613906383514
2105 -0.99999964237213135 8.5217514424584806e-05 0.00087789620738476515
2106 -0.99999970197677612 6.1541053582914174e-05 0.00079571868991479278
2107 -0.99999970197677612 0.00076164741767570376 7.3128270742017776e-05
2108 -0.9999995231628418 7.4454081186559051e-05 0.0010196894872933626
2109 -0.99999970197677612 0.00081151485210284591 7.2092079790309072e-05
2110 -0.99999946355819702 7.5464224210008979e-05 0.001036618952639401
2111 -0.99999970197677612 0.00080037402221933007 5.6304241297766566e-05
2112 -0.99984759092330933 -0.017282057553529739 0.0024897502735257149
2113 -0.99999415874481201 -0.0032026651315391064 0.001243791775777936
2114 -0.99985682964324951 0.016910364851355553 -0.00068301614373922348
2115 -0.99955391883850098 -0.010389371775090694 0.028003280982375145
2116 -0.99999946355819702 -9.7879536042455584e-05 0.0010379890445619822
2117 -0.99991542100906372 -0.002074850257486105 0.012843313626945019
2118 -0.99966329336166382 0.025227336212992668 -0.0060797161422669888
2119 -0.99966436624526978 -0.0062406333163380623 0.025145759806036949
2120 -0.99995702505111694 0.0092292577028274536 -0.00088701501954346895
2121 -0.99999970197677612 5.3906729590380564e-05 0.00075981690315529704
2122 -0.9999997615814209 0.00072910072049126029 5.7844976254273206e-05
2123 -0.9999421238899231 0.0044412179850041866 -0.0098034106194972992
2124 -0.99954706430435181 -0.010596742853522301 0.028167113661766052
2125 -0.99971538782119751 -0.01904686912894249 0.014367802999913692
2126 -0.99945825338363647 -0.017436442896723747 0.027914447709918022
2127 -0.99954712390899658 -0.020614132285118103 0.021924199536442757
2128 -0.99972927570343018 0.02166406437754631 -0.0084905344992876053
2129 -0.99997156858444214 -0.0067100026644766331 0.0034478858578950167
2130 -0.99947637319564819 -0.029317189007997513 0.013693510554730892
2131 -0.99958312511444092 0.012033803388476372 -0.026243202388286591
2132 -0.9997246265411377 0.014150047674775124 -0.018721980974078178
2133 -0.99992859363555908 -0.0015790237812325358 0.011846799403429031
2134 -0.99962234497070312 0.020087879151105881 -0.018752725794911385
2135 -0.99995434284210205 0.0092337606474757195 -0.0024671719875186682
2136 -0.99980545043945312 -0.017779648303985596 0.0085420021787285805
2137 -0.99998551607131958 0.0053689293563365936 0.0003778733080253005
2138 -0.99989169836044312 -0.00057442905381321907 0.014708909206092358
2139 -0.99969124794006348 0.0029766857624053955 -0.02466919831931591
2140 -0.99984204769134521 -0.00067295809276401997 0.017762195318937302
2141 -0.99957126379013062 -0.029096372425556183 0.0032795201987028122
2142 -0.99961757659912109 0.0031751452479511499 -0.027470676228404045
2143 -0.99989080429077148 0.0020485573913902044 -0.014638586901128292
2144 -0.99999970197677612 0.00081999873509630561 0.00016415330173913389
2145 -0.9999997615814209 5.1892144256271422e-05 0.00075239076977595687
2146 -0.9999997615814209 0.00071496755117550492 5.0818620366044343e-05
2147 -0.99952512979507446 -0.026693161576986313 0.015397236682474613
2148 -0.9999394416809082 -0.010584024712443352 0.0030263590160757303
2149 -0.99952930212020874 0.030635979026556015 -0.0016184591222554445
2150 -0.99952661991119385 -0.0019242240814492106 0.030706100165843964
2151 -0.99999946355819702 7.0785725256428123e-05 0.0010449636029079556
2152 -0.99999970197677612 0.00077393290121108294 5.2294613851699978e-05
2153 -0.99954062700271606 0.014862397685647011 -0.026413550600409508
2154 -0.99937069416046143 0.028028368949890137 -0.021740227937698364
2155 -0.99939423799514771 -0.021641090512275696 0.027255674824118614
2156 -0.99999946355819702 0.00069510232424363494 0.00081375904846936464
2157 -0.99895304441452026 0.042534966021776199 -0.016844756901264191
2158 -0.99999970197677612 0.00078251271042972803 5.2999235776951537e-05
2159 -0.9997132420539856 0.010662195272743702 -0.021444382146000862
2160 -0.99973654747009277 -0.020767709240317345 0.0097757969051599503
2161 -0.99999964237213135 0.00084582512499764562 5.938451795373112e-05
2162 -0.99978154897689819 -0.0043189967982470989 0.020450051873922348
2163 -0.99974852800369263 0.020829960703849792 -0.0083074616268277168
2164 -0.99982082843780518 -0.018249958753585815 0.0050218403339385986
2165 -0.99982565641403198 0.0048155933618545532 -0.018039936199784279
2166 -0.99997454881668091 -0.0058596092276275158 0.0040761283598840237
2167 -0.9998708963394165 -0.014929275959730148 0.0059473072178661823
2168 -0.99984323978424072 0.017447246238589287 -0.0030344901606440544
2169 -0.99985998868942261 -0.0028953645378351212 0.016482388600707054
2170 -0.99998670816421509 0.00516161834821105 5.2031828090548515e-06
2171 -0.99999558925628662 0.00033050909405574203 0.0029501824174076319
2172 -0.99999964237213135 0.00088384887203574181 8.6929263488855213e-05
2173 -0.99989885091781616 0.01376335509121418 -0.0035870897118002176
2174 -0.99981886148452759 0.016173297539353371 -0.010031860321760178
2175 -0.99999809265136719 0.0018801107071340084 0.00062192551558837295
2176 -0.99996268749237061 6.9082656409591436e-05 0.0086399279534816742
2177 -0.99999302625656128 -0.0030959369614720345 0.0020940429531037807
2178 -0.9999881386756897 -0.0046775797381997108 0.0013700883137062192
2179 -0.99999642372131348 0.00096787966322153807 -0.0025061236228793859
2180 -0.99999946355819702 0.00010591995669528842 0.0010480317287147045
2181 -0.99986082315444946 -0.0045247022062540054 0.016059214249253273
2182 -0.99999672174453735 0.0024990481324493885 0.00052677013445645571
2183 -0.99999946355819702 0.00035002629738301039 0.00097751209978014231
2184 -0.99999785423278809 -0.0017677370924502611 0.0011208426440134645
2185 -0.99997365474700928 0.002170490100979805 -0.0069272397086024284
2186 -0.99999135732650757 -0.0038426995743066072 0.0016187883447855711
2187 -0.99999427795410156 0.0033687285613268614 0.00035845610545948148
2188 -0.99974429607391357 0.0058233099989593029 -0.021851470693945885
2189 -0.99973469972610474 0.022594017907977104 -0.0044825314544141293
2190 -0.9996306300163269 -0.026192169636487961 0.0072533739730715752
2191 -0 0.99999910593032837 0.0013416477013379335
2192 0 0.99999916553497314 0.0013105168472975492
2193 0 0.99999898672103882 0.0014256132999435067
2194 0 0.99999880790710449 0.0015411631902679801
2195 0 0.99999904632568359 0.0013759998837485909
2196 0 0.99999898672103882 0.0014489000895991921
2197 -0 0.99999898672103882 0.0014182869344949722
2198 -0 0.99999892711639404 0.0014801946235820651
2199 0 0.99999904632568359 0.0013728545745834708
2200 -0 0.99999910593032837 0.0013333880342543125
2201 0 0.99999940395355225 0.0011167445918545127
2202 0 0.99999916553497314 0.0013124712277203798
2203 -0 0.99999898672103882 0.0014395869802683592
2204 0 0.99999880790710449 0.0015644002705812454
2205 0 0.99999904632568359 0.0013926594983786345
2206 0 0.99999880790710449 0.0015554558485746384
2207 0 0.99999898672103882 0.0014341450296342373
2208 -0 0.99999892711639404 0.001465893117710948
2209 0 0.99999898672103882 0.0014133305521681905
2210 0 0.99999880790710449 0.0015601021004840732
2211 -0 0.99999904632568359 0.0013923435471951962
2212 0 0.99999898672103882 0.0014243960613384843
2213 0 0.99999904632568359 0.0013773281825706363
2214 0 0.99999886751174927 0.0015022027073428035
2215 -0 0.99999892711639404 0.0014644361799582839
2216 0 0.99999898672103882 0.0014458806253969669
2217 -0 0.99999904632568359 0.0014036198845133185
2218 0 0.99999898672103882 0.0014373516896739602
2219 0 0.99999916553497314 0.0012957617873325944
2220 0 0.99999910593032837 0.0013389851665124297
2221 0 0.99999886751174927 0.0015085196355357766
2222 -0 0.99999898672103882 0.0014185707550495863
2223 0 0.99999898672103882 0.0014449560549110174
2224 -0 0.99999898672103882 0.0014398767380043864
2225 0 0.99999892711639404 0.001476982026360929
2226 -0 0.99999916553497314 0.0013189667370170355
2227 -0 0.99999904632568359 0.0014105219161137938
2228 -0 0.99999898672103882 0.0014495379291474819
2229 0 0.99999898672103882 0.0014401926891878247
2230 0 0.99999892711639404 0.0014831877779215574
2231 0 0.99999916553497314 0.001319990842603147
2232 0 0.99999886751174927 0.0015145029174163938
2233 0 0.99999892711639404 0.001494981930591166
2234 -0 0.99999892711639404 0.001460050349123776
2235 0 0.99999886751174927 0.0015029312344267964
2236 -0 0.99999892711639404 0.001469249022193253
2237 -0 0.99999898672103882 0.0014266168000176549
2238 -0 0.99999892711639404 0.0014719875762239099
2239 0 0.99999892711639404 0.0014798493357375264
2240 0 0.99999874830245972 0.001585931284353137
2241 0 0.99999880790710449 0.0015570563264191151
2242 -0 0.99999904632568359 0.0014017472276464105
2243 -0 0.99999880790710449 0.0015715070767328143
2244 0 0.99999910593032837 0.0013485584640875459
2245 -0 0.99999886751174927 0.001514769159257412
2246 0 0.99999904632568359 0.0014006266137585044
2247 -0 0.99999916553497314 0.0013037289027124643
2248 0 0.99999886751174927 0.0015180256450548768
2249 -0 0.99999892711639404 0.0014586108736693859
2250 0 0.99999904632568359 0.0014017325593158603
2251 0 0.99999880790710449 0.0015499143628403544
2252 0 0.99999886751174927 0.0014958360698074102
2253 -0 0.99999892711639404 0.0014729092363268137
2254 0 0.99999880790710449 0.0015603273641318083
2255 0 0.99999904632568359 0.0014114669756963849
2256 -0 0.99999910593032837 0.001328320475295186
2257 0 0.99999898672103882 0.0014518639072775841
2258 -0 0.99999898672103882 0.0014421062078326941
2259 -0 0.99999892711639404 0.0014879306545481086
2260 0 0.99999874830245972 0.0016075357561931014
2261 -0 0.99999892711639404 0.0014892237959429622
2262 -0 0.9999992847442627 0.0012118049198761582
2263 -0 0.99999886751174927 0.0014984137378633022
2264 0 0.99999880790710449 0.0015391999622806907
2265 0 0.99999898672103882 0.001420238520950079
2266 -0 0.99999898672103882 0.0014187843771651387
2267 0 0.99999892711639404 0.0014741761842742562
2268 0 0.99999898672103882 0.0014537159586325288
2269 0 0.99999880790710449 0.0015444137388840318
2270 0 0.99999886751174927 0.0015116590075194836
2271 0 0.99999892711639404 0.0014611094957217574
2272 0 0.99999898672103882 0.0014138718834146857
2273 -0 0.99999904632568359 0.0013788173673674464
2274 -0 0.99999898672103882 0.0014403740642592311
2275 0 0.99999910593032837 0.0013514052843675017
2276 -0 0.99999910593032837 0.0013467270182445645
2277 -0 0.99999898672103882 0.0014396865153685212
2278 0 0.99999904632568359 0.0014016565401107073
2279 -0 0.99999904632568359 0.0014052290935069323
2280 0 0.99999910593032837 0.0013526458060368896
2281 0 0.99999874830245972 0.001584149431437254
2282 0 0.99999874830245972 0.0015963970217853785
2283 0 0.99999886751174927 0.0015175985172390938
2284 0 0.99999922513961792 0.0012349687749519944
2285 0 0.99999898672103882 0.001449169241823256
2286 0 0.99999904632568359 0.0014051618054509163
2287 0 0.99999904632568359 0.0014112007338553667
2288 -0 0.99999904632568359 0.0013937070034444332
2289 -0 0.99999892711639404 0.0014807095285505056
2290 0 0.99999910593032837 0.0013435173314064741
2291 -0 0.99999898672103882 0.0014431682648137212
2292 -0 0.99999916553497314 0.0013152831234037876
2293 0 0.99999880790710449 0.0015409408370032907
2294 -0 0.99999898672103882 0.0014385015238076448
2295 0 0.99999892711639404 0.0014734388096258044
2296 0 0.99999892711639404 0.0014741410268470645
2297 -0 0.99999898672103882 0.0014369362033903599
2298 0 0.99999904632568359 0.0014105364680290222
2299 -0 0.99999892711639404 0.0014649509685114026
2300 0 0.99999892711639404 0.0014663729816675186
2301 -0 0.99999898672103882 0.0014296888839453459
2302 -0 0.99999892711639404 0.0014851422747597098
2303 -0 0.99999886751174927 0.0015281960368156433
2304 0 0.99999898672103882 0.0014138396363705397
2305 0 0.99999904632568359 0.001398002146743238
2306 -0 0.99999898672103882 0.0014137460384517908
2307 0 0.99999904632568359 0.0014028094010427594
2308 -0 0.99999904632568359 0.001389616634696722
2309 0 0.99999892711639404 0.001455673249438405
2310 -0 0.99999904632568359 0.0013978558126837015
2311 -0 0.99999904632568359 0.0014015423366799951
2312 -0 0.99999892711639404 0.0014560975832864642
2313 0 0.99999898672103882 0.0014290306717157364
2314 0 0.99999904632568359 0.001390611520037055
2315 0 0.99999898672103882 0.0014156624674797058
2316 0 0.99999898672103882 0.0014164495514705777
2317 0 0.99999898672103882 0.001433352124877274
2318 -0 0.99999898672103882 0.0014303326606750488
2319 -0 0.99999898672103882 0.0014511061599478126
2320 0 0.99999898672103882 0.0014513139612972736
2321 0 0.99999892711639404 0.0014793724985793233
2322 0 0.99999904632568359 0.0013919485500082374
2323 -0 0.99999898672103882 0.0014301834162324667
2324 -0 0.99999886751174927 0.0015242635272443295
2325 -0 0.99999910593032837 0.0013512999285012484
2326 0 0.99999910593032837 0.0013480318011716008
2327 -0 0.99999898672103882 0.0014387766132131219
2328 -0 0.99999892711639404 0.0014949585311114788
2329 -0 0.99999892711639404 0.0014621804002672434
2330 0 0.99999904632568359 0.0013964573154225945
2331 -0 0.99999904632568359 0.0013895025476813316
2332 -0 0.99999898672103882 0.0014500118559226394
2333 -0 0.99999892711639404 0.0014712708070874214
2334 0 0.99999904632568359 0.001396436826325953
2335 0 0.99999904632568359 0.0013972852611914277
2336 -0 0.99999904632568359 0.0013949446147307754
2337 -0 0.99999892711639404 0.0014807007974013686
2338 -0 0.99999880790710449 0.0015485831536352634
2339 0 0.99999898672103882 0.0014445405686274171
2340 0 0.99999886751174927 0.0015160946641117334
2341 -0 0.99999886751174927 0.0015016819816082716
2342 -0 0.99999892711639404 0.0014908857410773635
2343 0 0.99999904632568359 0.0014035555068403482
2344 0 0.99999898672103882 0.0014387093251571059
2345 -0 0.99999898672103882 0.0014418340288102627
2346 -0 0.99999898672103882 0.0014343790244311094
2347 -0 0.99999898672103882 0.0014259876916185021
2348 -0 0.99999910593032837 0.0013281800784170628
2349 0 0.99999874830245972 0.0015796261141076684
2350 0 0.99999904632568359 0.0014024581760168076
2351 -0 0.99999892711639404 0.0014777252217754722
2352 0 0.99999892711639404 0.001479743979871273
2353 0 0.99999898672103882 0.0014148314949125051
2354 -0 0.99999904632568359 0.0013958252966403961
2355 0 0.99999886751174927 0.0014976003440096974
2356 -0 0.99999898672103882 0.0014257507864385843
2357 0 0.99999898672103882 0.0014384050155058503
2358 -0 0.99999898672103882 0.0014394026948139071
2359 0 0.99999904632568359 0.0013983737444505095
2360 0 0.99999886751174927 0.001524559105746448
2361 -0 0.99999874830245972 0.0015870314091444016
2362 0 0.99999898672103882 0.0014237085124477744
2363 -0 0.99999898672103882 0.0014539852272719145
2364 0 0.99999886751174927 0.0015247288392856717
2365 0 0.99999886751174927 0.001499469974078238
2366 0 0.99999910593032837 0.001368123572319746
2367 0 0.99999904632568359 0.0014016857603564858
2368 0 0.99999892711639404 0.0014697025762870908
2369 -0 0.99999904632568359 0.0013785101473331451
2370 0 0.99999886751174927 0.0015075365081429482
2371 0 0.99999904632568359 0.0013913429575040936
2372 -0 0.99999892711639404 0.0014588800258934498
2373 0 0.99999904632568359 0.0013833232223987579
2374 -0 0.99999892711639404 0.0014703609049320221
2375 0 0.99999886751174927 0.0015229060081765056
2376 0 0.99999874830245972 0.0015735813649371266
2377 -0 0.99999898672103882 0.0014339518966153264
2378 -0 0.99999904632568359 0.0013735713437199593
2379 0 0.99999904632568359 0.0013949241256341338
2380 -0 0.99999898672103882 0.0014259439194574952
2381 0 0.99999886751174927 0.0015011494979262352
2382 -0 0.99999892711639404 0.001481970539316535
2383 -0 0.99999880790710449 0.0015350042376667261
2384 0 0.99999904632568359 0.0013917232863605022
2385 -0 0.99999910593032837 0.0013482512440532446
2386 0 0.99999904632568359 0.0014013727195560932
2387 -0 0.99999898672103882 0.0014435398625209928
2388 0 0.99999886751174927 0.0015043093590065837
2389 0 0.99999898672103882 0.001418020692653954
2390 -0 0.99999898672103882 0.0014152089133858681
2391 0 0.99999904632568359 0.0013796541607007384
2392 -0 0.99999934434890747 0.0011698544258251786
2393 0 0.99999874830245972 0.0015852348878979683
2394 -0 0.99999886751174927 0.0015038704732432961
2395 -0 0.99999898672103882 0.0014304291689768434
2396 0 0.99999904632568359 0.0014100244734436274
2397 -0 0.99999898672103882 0.001443495973944664
2398 -0 0.99999898672103882 0.0014278163434937596
2399 -0 0.99999898672103882 0.0014540291158482432
2400 0 0.99999904632568359 0.0013729131314903498
2401 0 0.99999880790710449 0.0015349253080785275
2402 0 0.99999904632568359 0.0013718334957957268
2403 -0 0.99999880790710449 0.0015386381419375539
2404 -0 0.99999898672103882 0.0014275384601205587
2405 0 0.99999886751174927 0.0015053831739351153
2406 0 0.99999910593032837 0.0013516597682610154
2407 -0 0.99999898672103882 0.0014289282262325287
2408 0 0.99999904632568359 0.0013988271821290255
2409 0 0.99999892711639404 0.001455304678529501
2410 0 0.99999910593032837 0.0013558905338868499
2411 0 0.99999904632568359 0.0013877353630959988
2412 0 0.99999910593032837 0.0013452991843223572
2413 -0 0.99999892711639404 0.0014658668078482151
2414 0 0.99999904632568359 0.0013777260901406407
2415 0 0.99999898672103882 0.0014351631980389357
2416 -0 0.99999898672103882 0.0014529991894960403
2417 0 0.99999904632568359 0.0013824922498315573
2418 -0 0.99999898672103882 0.0014513519126921892
2419 0 0.99999898672103882 0.0014334457227960229
2420 -0 0.99999898672103882 0.0014461147366091609
2421 0 0.99999910593032837 0.0013415160356089473
2422 0 0.99999892711639404 0.0014699746388942003
2423 0 0.99999910593032837 0.0013265650486573577
2424 0 0.99999910593032837 0.0013384615303948522
2425 0 0.99999904632568359 0.0014006909914314747
2426 0 0.99999910593032837 0.001345878466963768
2427 -0 0.99999898672103882 0.0014346512034535408
2428 0 0.99999898672103882 0.0014389170100912452
2429 -0 0.99999886751174927 0.0015239095082506537
2430 0 0.99999886751174927 0.0015100731980055571
2431 -0 0.99999904632568359 0.0013840107712894678
2432 -0 0.99999892711639404 0.001481660408899188
2433 0 0.99999898672103882 0.0014440810773521662
2434 -0 0.99999892711639404 0.0014908534940332174
2435 0 0.99999904632568359 0.0013905821833759546
2436 0 0.99999898672103882 0.001454081735573709
2437 -0 0.99999898672103882 0.0014388965209946036
2438 0 0.99999910593032837 0.0013339879224076867
2439 0 0.99999904632568359 0.0014114055084064603
2440 -0 0.99999898672103882 0.0014467203291133046
2441 -0 0.99999898672103882 0.0014307451201602817
2442 0 0.99999910593032837 0.0013607650762423873
2443 -0 0.99999898672103882 0.0014490814646705985
2444 -0 0.99999910593032837 0.0013262958964332938
2445 0 0.99999898672103882 0.001437670667655766
2446 0 0.99999910593032837 0.0013548050774261355
2447 0 0.99999910593032837 0.0013616428477689624
2448 0 0.99999904632568359 0.0014112446224316955
2449 0 0.99999898672103882 0.0014207387575879693
2450 0 0.99999880790710449 0.0015604590298607945
2451 -0 0.99999904632568359 0.0013873755233362317
2452 -0 0.99999898672103882 0.0014361696084961295
2453 0 0.99999886751174927 0.0015339072560891509
2454 -0 0.99999898672103882 0.0014506117440760136
2455 0 0.99999904632568359 0.001381942187435925
2456 0 0.99999898672103882 0.0014415503246709704
2457 -0 0.99999910593032837 0.0013337596319615841
2458 0 0.99999910593032837 0.0013429058017209172
2459 -0 0.99999898672103882 0.0014154927339404821
2460 -0 0.99999898672103882 0.0014369537821039557
2461 -0 0.99999892711639404 0.0014877317007631063
2462 -0 0.99999898672103882 0.001438416657038033
2463 -0 0.99999910593032837 0.0013584828702732921
2464 0 0.99999904632568359 0.0014061711262911558
2465 0 0.99999898672103882 0.0014234627597033978
2466 0 0.99999910593032837 0.0013511565048247576
2467 -0 0.99999898672103882 0.0014335978776216507
2468 0 0.99999910593032837 0.0013319251593202353
2469 -0 0.99999892711639404 0.0014929748140275478
2470 -0 0.99999898672103882 0.0014390310971066356
2471 0 0.99999910593032837 0.0013689311454072595
2472 0 0.99999898672103882 0.0014247823273763061
2473 0 0.99999916553497314 0.0012933304533362389
2474 -0 0.99999898672103882 0.00142923544626683
2475 0 0.99999916553497314 0.0013220066903159022
2476 0 0.99999910593032837 0.0013475432060658932
2477 -0 0.99999898672103882 0.0014173447852954268
2478 0 0.99999910593032837 0.0013613268965855241
2479 0 0.99999898672103882 0.0014424982946366072
2480 0 0.99999898672103882 0.0014147262554615736
2481 0 0.99999886751174927 0.0015188332181423903
2482 0 0.99999910593032837 0.0013345320476219058
2483 -0 0.99999886751174927 0.001523020095191896
2484 -0 0.99999910593032837 0.0013273842632770538
2485 -0 0.99999904632568359 0.0014019549125805497
2486 -0 0.99999910593032837 0.0013300058199092746
2487 -0 0.99999916553497314 0.0013223255518823862
2488 0 0.99999904632568359 0.0013981015654280782
2489 0 0.99999910593032837 0.0013263367582112551
2490 0 0.99999916553497314 0.0012925667688250542
2491 0 0.99999916553497314 0.0012946705101057887
2492 0 0.99999916553497314 0.0012996385339647532
2493 0 0.99999910593032837 0.0013491464778780937
2494 0 0.99999916553497314 0.0013068624539300799
2495 0 0.99999916553497314 0.0013089894782751799
2496 0 0.99999910593032837 0.0013487309915944934
2497 -0.99999970197677612 0 0.00082020548870787024
2498 -0.99999970197677612 0 0.0008112260838970542
2499 -0.99999964237213135 0 0.00088342692470178008
2500 -0.99999964237213135 0 0.00082905607996508479
2501 -0.9999995231628418 0 0.0010018646717071533
2502 -0.9999995231628418 0 0.0010130093432962894
2503 -0.99999958276748657 0 0.00092408724594861269
2504 -0.99999964237213135 0 0.00086036545690149069
2505 -0.9999995231628418 0 0.00099922565277665854
2506 -0.99999958276748657 0 0.00096056947950273752
2507 -0.9999995231628418 0 0.00098283798433840275
2508 -0.99999958276748657 0 0.00092557060997933149
2509 -0.9999995231628418 0 0.000985128921456635
2510 -0.99999958276748657 0 0.00091137737035751343
2511 -0.9999995231628418 0 0.0010070172138512135
2512 -0.9999995231628418 0 0.0010209090542048216
2513 -0.9999995231628418 0 0.00096836092416197062
2514 -0.99999958276748657 0 0.00092695746570825577
2515 -0.99999970197677612 0 0.00079168146476149559
2516 -0.99999964237213135 0 0.00083364086458459496
2517 -0.9999995231628418 0 0.0010061276843771338
2518 -0.99999964237213135 0 0.00088434270583093166
2519 -0.99999946355819702 0 0.0010255989618599415
2520 -0.99999964237213135 0 0.00087858462939038873
2521 -0.99999958276748657 0 0.00093477527843788266
2522 -0.9999995231628418 0 0.00098018720746040344
2523 -0.9999995231628418 0 0.00099263375159353018
2524 -0.99999964237213135 0 0.00085849582683295012
2525 -0.99999970197677612 0 0.00081711576785892248
2526 -0.99999958276748657 0 0.00094673910643905401
2527 -0.9999995231628418 0 0.00098024285398423672
2528 -0.99999958276748657 0 0.00090679846471175551
2529 -0.99999958276748657 0 0.00091426813742145896
2530 -0.99999958276748657 0 0.00095206120749935508
2531 -0.99999964237213135 0 0.00085384666454046965
2532 -0.99999970197677612 0 0.00078045506961643696
2533 -0.99999970197677612 0 0.00078245630720630288
2534 -0.99999159574508667 0.0023666662164032459 0.0033524574246257544
2535 -0.99990940093994141 0.0083022145554423332 0.010596346110105515
2536 -0.99996829032897949 -0.0044621829874813557 -0.0065941587090492249
2537 -0.99996793270111084 0.0030596076976507902 0.0074019581079483032
2538 -0.9999580979347229 -0.0073517076671123505 -0.0054588248021900654
2539 -0.99997401237487793 0.003633004380390048 0.0062284437008202076
2540 -0.99996590614318848 -0.0056185061112046242 -0.0060563357546925545
2541 -0.99991053342819214 -0.0092454468831419945 -0.0096675287932157516
2542 -0.99993866682052612 -0.006796673871576786 -0.0087446356192231178
2543 -0.99992614984512329 0.0059915888123214245 0.01057758741080761
2544 -0.9999840259552002 0.0021246687974780798 0.0052398974075913429
2545 -0.99998372793197632 -0.0035389827098697424 -0.0044846129603683949
2546 -0.99991422891616821 0.005999924149364233 0.011642031371593475
2547 -0.9998968243598938 -0.0081995800137519836 -0.011795883998274803
2548 -0.99997413158416748 -0.0047180871479213238 -0.0054308902472257614
2549 -0.99996036291122437 0.0043072374537587166 0.0078009786084294319
2550 -0.9999346137046814 -0.0082573583349585533 -0.0079166637733578682
2551 -0.99991923570632935 0.0070820366963744164 0.010556504130363464
2552 -0.99991840124130249 -0.0085250819101929665 -0.0095152053982019424
2553 -0.99994391202926636 -0.008479132317006588 -0.0063539273105561733
2554 -0.99995326995849609 0.0060128113254904747 0.0075683295726776123
2555 -0.99998664855957031 0.0026092177722603083 0.0044589131139218807
2556 -0.99996113777160645 -0.0061523797921836376 -0.0063182143494486809
2557 -0.99994289875030518 -0.0084850257262587547 -0.0065022613853216171
2558 -0.99999094009399414 0.0017451376188546419 0.003881202545017004
2559 -0.99997150897979736 -0.004862422589212656 -0.0057825297117233276
2560 -0.99996501207351685 0.0038386122323572636 0.0074412222020328045
2561 -0.99996930360794067 0.0049420008435845375 0.0060884659178555012
2562 -0.99998748302459717 -0.0038852307479828596 -0.0031626226846128702
2563 -0.99999892711639404 -0.0014779828488826752 -5.3013500291854143e-05
2564 -0.99999850988388062 -0.0017008585855364799 -0.00026521424297243357
2565 -0.99992042779922485 0.0086038354784250259 0.0092293331399559975
2566 -0.99999970197677612 -0.000504889409057796 0.00063713808776810765
2567 -0.99992251396179199 -0.0094449715688824654 -0.0081099933013319969
2568 -0.99994319677352905 0.007233121432363987 0.0078352941200137138
2569 -0.99999451637268066 -0.0026004412211477757 -0.0020786665845662355
2570 -0.99998247623443604 0.002951331902295351 0.0051374942995607853
2571 -0.99998074769973755 -0.0045026238076388836 -0.0042770025320351124
2572 -0.99999332427978516 -0.0032011910807341337 -0.0017950218170881271
2573 -0.99999964237213135 -0.00052350282203406096 0.00065820553572848439
2574 -0.99999171495437622 0.002047419548034668 0.0035189683549106121
2575 -0.99998742341995239 -0.0044067157432436943 -0.0023929551243782043
2576 -0.99999958276748657 -0.00057411461602896452 0.00071412476245313883
2577 -0.99999850988388062 0.0006821591523475945 0.0015896297991275787
2578 -0.99994325637817383 0.0047553917393088341 0.0095351394265890121
2579 -0.9999428391456604 -0.0062319436110556126 -0.0086857108399271965
2580 -0.9999542236328125 -0.0047258068807423115 -0.008318302221596241
2581 -0.99995404481887817 0.0033283000811934471 0.0089908437803387642
2582 -0.99999982118606567 -0.00056859554024413228 0.00026625199825502932
2583 -0.99999964237213135 -0.00079492671648040414 0.00037223438266664743
2584 -0.99999970197677612 -0.00049685064004734159 0.00062469544354826212
2585 -0.99993288516998291 -0.0086251311004161835 -0.0077404612675309181
2586 -0.99999958276748657 -0.00067236809991300106 0.00060144969029352069
2587 -0.99999725818634033 0.0010764297330752015 0.0020861127413809299
2588 -0.99991989135742188 0.0080817406997084618 0.0097483256831765175
2589 -0.99998456239700317 0.0031025721691548824 0.0046150791458785534
2590 -0.99993139505386353 -0.0096953166648745537 -0.0065786107443273067
2591 -0.99998462200164795 0.003552835900336504 0.0042640776373445988
2592 -0.99999958276748657 -0.00058529101079329848 0.0007401040056720376
2593 -0.99997669458389282 -0.0054340767674148083 -0.0041432655416429043
2594 -0.99999904632568359 -0.00011525786976562813 0.0014097766252234578
2595 -0.99993091821670532 0.0067889238707721233 0.0096003655344247818
2596 -0.99992632865905762 0.0089278817176818848 0.0082292882725596428
2597 -0.9999995231628418 -0.00061770202592015266 0.00077364780008792877
2598 -0.99999171495437622 0.0022589035797864199 0.0033968882635235786
2599 -0.99999970197677612 -0.00049801886780187488 0.00063026230782270432
2600 -0.99999874830245972 -0.0015794620849192142 -0.00028356097755022347
2601 -0.9999995231628418 -0.00086405331967398524 0.00053905474487692118
2602 -0.99999231100082397 -0.0033044212032109499 -0.002139475429430604
2603 -0.99999970197677612 -0.00058804370928555727 0.00052679498912766576
2604 -0.99999767541885376 -0.0020090553443878889 -0.00077708082972094417
2605 -0.99999922513961792 -0.0012646338436752558 0.00011510227341204882
2606 -0.99997097253799438 0.0049799294210970402 0.0057693077251315117
2607 -0.99995160102844238 0.0036734307650476694 0.0091314511373639107
2608 -0.99995189905166626 -0.0051154927350580692 -0.0083676567301154137
2609 -0.9999992847442627 -0.0012073894031345844 5.3359486628323793e-05
2610 -0.99996870756149292 -0.0064186505042016506 -0.0046318382956087589
2611 -0.9999992847442627 7.293064845725894e-05 0.0012249380815774202
2612 -0.99997562170028687 -0.005823824554681778 -0.0038552151527255774
2613 -0.99995774030685425 -0.00699238246306777 -0.0059706773608922958
2614 -0.99995851516723633 0.0064793014898896217 0.0064071253873407841
2615 -0.99999427795410156 0.0019375963602215052 0.0027943695895373821
2616 -0.99998557567596436 0.0030395872890949249 0.004436771385371685
2617 -0.99999988079071045 -0.00048441046965308487 0.00022477000311482698
2618 -0.9999995231628418 -0.00087950192391872406 0.0004080943763256073
2619 -0.99999934434890747 -0.00010946375550702214 0.0011657760478556156
2620 -0.9998965859413147 0.008475801907479763 0.011620475910604
2621 -0.99990391731262207 -0.009515468031167984 -0.010079570114612579
2622 -0.99989348649978638 0.0058123632334172726 0.013386798091232777
2623 -0.9998931884765625 -0.0072183026932179928 -0.012711356393992901
2624 -0.99999445676803589 -0.0030429903417825699 -0.0013835300924256444
2625 -0.99998974800109863 -0.0029733548872172832 -0.0034379919525235891
2626 -0.99999004602432251 0.0015554705169051886 0.0041950829327106476
2627 -0.99998027086257935 -0.0050241760909557343 -0.0037790413480252028
2628 -0.99997246265411377 -0.0055715613998472691 -0.0049057751893997192
2629 -0.99995040893554688 0.0062386030331254005 0.0077658528462052345
2630 -0.9999992847442627 -0.00027890640194527805 0.0012020572321489453
2631 -0.99994534254074097 0.0068182675167918205 0.007928912527859211
2632 -0.99999332427978516 0.00062666984740644693 0.0035970087628811598
2633 -0.99999368190765381 -0.0020018620416522026 -0.0029541405383497477
