-0.0130197111196808 0.999740427759948 -0.0186966367220314
0.000867819614831092 0.999998866379395 0.00123049950897349
0.0135753394540431 0.999565228737426 0.0261737207482066
0.0171834885748374 0.999771360262222 0.0127261510215712
-0.000435224262735943 0.999999902089534 -8.00047687351541e-05
0.0177848065742837 0.999826290519339 0.0055757906572601
0.0206833512258086 0.999484193398948 0.0245671758190458
-0.0241054703550986 0.999688209164226 -0.00651235418125902
-0.00211225800831611 0.999967823334119 -0.00773890577082583
0.00217036647888567 0.999543341993743 -0.0301396248371839
-0.0107019134957557 0.999651249777958 -0.0241422423336447
0.0128449490827499 0.999692234084173 -0.0212236753380677
0.00260895930743228 0.999597076804935 -0.0282644188753368
0.0112953242648645 0.999873204086284 -0.0112245890784614
-0.0307605411496423 0.999520979651021 -0.00340592801513134
-0.013648543843734 0.999646197763901 -0.0228297294579384
-0.0281961730838113 0.999282297299846 -0.0252955752369768
0.0175852006808539 0.999834919088654 0.00457113640129595
-0.0104552658383295 0.999463581934082 -0.0310360404005462
-0.0280159334846319 0.999602145659165 0.00326463850666633
-0.0244540417601539 0.999410016306893 0.0241167814405047
0.0308170573783585 0.999095133154669 0.0293125208945369
-0.0278703516685488 0.999477502624415 0.0163696440258734
0.0195856357648416 0.999600500675487 0.0203774856398671
-0.0175572473184341 0.999835206609797 -0.00461548373886855
0.0152780083139236 0.999588311166973 0.0242856056197654
-0.0159294234841315 0.999402001200683 0.0306902828845358
-0.00635569246610324 0.999418611391708 -0.0334969308615888
-0.00530514061391196 0.99936966548238 -0.035101669429008
-0.00894935577173841 0.999365676557497 -0.0344696032766019
-0.0196380007497039 0.999424319194228 0.0276654862546918
0.00243867868257588 0.999661628120561 -0.0258975309563068
-0.0130892514128331 0.999790708304865 -0.0157229477105096
-0.0286049356215242 0.99955242315826 0.00875848254770083
0.0127231515297762 0.999849485387521 -0.0117952526662333
-0.00268481983330219 0.99947129132029 -0.0324026167001168
-0.0288812325465714 0.999473869850359 -0.0147600099233813
-0.00686641613771512 0.999613223991602 -0.0269491140956296
0.0135776103892312 0.999891987896625 0.00562681404107244
-0.0316964128000258 0.999491401201851 0.00350376071826856
-0.0271209201912179 0.999447812226278 0.0191970394615608
0.0102061598235835 0.999592156433821 0.0266712410217215
0.0234334550777683 0.999631300479887 0.0137162780668601
-0.00404983468027317 0.999566526383295 0.0291609014451739
-0.0218608087412684 0.999404517985104 0.0266967127590403
0.013883083854589 0.999522416018272 -0.0276079673225478
0.0162825767681166 0.999854666703185 0.00505204568989872
-0.0215654681737781 0.999599359769216 -0.0183316810854735
-0.0136919405970958 0.999495321560588 0.0286641403356723
-0.00530651501679817 0.999412072721337 -0.0338725522690235
0.0116037252435611 0.999905701937593 0.0073444396084567
-0.026304265959632 0.999650762932307 0.00253727436086676
0.0145065533599351 0.999814595596128 0.0126623197940475
-0.00698394660407803 0.999490851751286 -0.0311329689448442
0.0272821117210821 0.999399896178442 0.0213432401138808
-0.0307518068834176 0.999461943016446 0.0114083668942906
-0.00958062041766049 0.999425530026812 -0.0325087933187067
0.0306014661155008 0.999420591172175 0.0149007453720283
-0.0294462359679585 0.999539486448557 -0.00733036271097335
0.0255438162226955 0.999567249380279 -0.0145886057978312
-0.0123180989778402 0.999901548074019 -0.00672001463934101
-0.0269733463204002 0.999631891327856 0.00291897731647675
-0.0154877181301457 0.999809360346524 -0.0118900610004771
0.0228392556732904 0.999591452587626 0.0171841879077827
-0.0275026603009279 0.999621722137413 0.000127700447891137
0.0297809270680583 0.999529725913508 0.00730913115453046
-0.0344977654606027 0.999396391074319 -0.00409361525465172
0.0293515566843839 0.99946104572436 0.0147004829774925
-0.0316629385708309 0.999482605238846 0.00565509911754128
0.000837311409901773 0.99952594841356 0.0307762466453479
-0.0365550089741706 0.999111026572456 0.0209973307882589
0.0192625474923875 0.999609334831935 -0.0202517155065944
-0.00390725117112699 0.999526321317307 -0.0305264865678501
-0.017711912492702 0.999499955364239 0.0261940333422675
0.021369995686113 0.999589230740785 0.019096938797114
-0.0225560459860678 0.999612550879979 -0.0163086759945835
0.0314141334130016 0.999406157674853 0.0141592451598342
-0.0292730499923728 0.999553551148337 0.00598221789083166
-0.0220139059058867 0.999648034397022 -0.014805244778016
0.0185372039820599 0.9994344687433 -0.0280555655142513
-0.0300670022249938 0.999509382112699 0.00877328022417567
0.000526439060947369 0.999471276579575 -0.0325098470360745
-0.0177999300896681 0.999588039857167 -0.0225147299186366
-0.0309203168533416 0.999518201736642 0.00270155563317545
0.0201878291446931 0.999715103542579 0.0127343356040095
0.00645768335045597 0.999591877041915 0.0278276423285828
-0.0313044616766584 0.999509889168775 -0.000110149704706545
0.0149919470861159 0.999613650639398 -0.0234049349057402
0.0127451573618106 0.99949745691578 -0.0290240345698476
-0.0206033219127363 0.999573856296204 -0.0206787072926665
0.012150301281901 0.999577632754735 0.026399361264991
0.00825624972499885 0.99949342266009 -0.0307364994704569
0.0225327806402374 0.999379260142429 0.0270807716616436
-0.0276304665160754 0.999467292519112 0.0173691826123153
-0.0289991457940836 0.999492253700966 0.0132016792483613
0.0192629679289439 0.999573393480918 0.0219537949250521
-0.0100887976440178 0.999464564682106 0.0311255539212836
-0.0259516355085399 0.999489126749115 0.0186547078434165
0.00849908314204581 0.999483033669753 0.031006950705469
-0.00212392133873863 0.999489094614473 -0.0318910442740133
0.0245144522644328 0.999555092143217 -0.0169899794214355
-0.0230581112162672 0.999476598106215 0.0226903800136781
0.014013211824725 0.999530324971023 0.0272536118281083
-0.0236542192320205 0.99945169722062 0.0231685743054178
-0.0296367672143182 0.999430013340282 0.0161651001768464
0.0155394389275409 0.999621870140526 0.0226857350459637
-0.0139932607228278 0.999497083456889 -0.028456437154286
0.00471783166387214 0.99947868351465 -0.0319390554683962
-0.0102790499226015 0.999549305480707 -0.0282050890040246
0.0242108071122984 0.999564821039953 0.0168524585250117
-0.021574559108459 0.999469646779911 0.0243918749774533
-0.00406713399085756 0.999490303696174 -0.031663721171571
-0.027282157172314 0.999477521428063 0.0173311297970249
-0.00806635987829317 0.999478507799791 -0.0312673357454396
-0.0286306794828913 0.99948043461799 -0.0148035471486442
0.0224963407008233 0.999506492785103 -0.0219245418536996
-0.022940232279582 0.999678920368352 -0.0107611297791683
-0.000267359221760958 0.999452090801496 -0.0330975333154207
-0.0250570334725323 0.999465336421544 -0.0210044368009585
0.0176817687681649 0.999457702331111 -0.0277787023499216
0.016710493284648 0.999503601155178 -0.0267078769656795
-0.0327222831406981 0.999445385435634 0.00617848828410212
0.0144106047696522 0.999889500866758 0.00364972966103551
-0.0197337971096709 0.999484385668329 -0.0253286410380943
0.0117835005371888 0.999440614185715 -0.0312986873713666
-0.0200837771689715 0.99956257618947 -0.0217094029419869
-0.0202934455534825 0.999784394229788 -0.00439785426595171
-0.0298624743081271 0.999425650738435 -0.0160187788002796
0.00510944639547991 0.99946705581554 -0.0322412452760271
-0.00326469445618661 0.999542586428899 0.0300659223230342
0.0109135301301497 0.999465090533162 -0.0308290068869807
-0.0279302163111351 0.999512954684962 0.0139196420122781
0.0176698494732924 0.999543405498449 -0.02451034361559
-0.0128955253028725 0.999584213368152 -0.0257896454480491
-0.0170007749620382 0.99948954194067 0.0270486451032352
0.00658149150996231 0.999490891403482 -0.0312192564129554
0.00149433090140874 0.999497214509102 -0.0316715197567621
-0.0256231890725954 0.999431774079195 0.0218993411467614
-0.00400527668641892 0.999593667566736 -0.0282215789626765
-0.00317991134389852 0.999462904625468 -0.032615800487907
0.014377418506467 0.999569596324029 0.025571701971293
-0.00471403133085932 0.999514330633593 -0.0308039083022371
0.0171831922398281 0.999584616655028 0.0231372438088485
0.0228750994239369 0.999634038250905 0.01444020070959
-0.0162439500016399 0.999566562311632 -0.0245524254779583
0.0112672834496778 0.999481748616611 -0.0301543115648071
-0.000599465379809091 0.999489832566262 -0.0319329804109093
-0.0279142486511308 0.999607344521213 -0.00243956993986551
-0.000165500822541301 0.999998044514361 0.00197067930704003
-0.00053347254199143 0.999980232259375 -0.00626502175041517
-0.00250775032310938 0.999549167218111 -0.0299194502271817
0.0222949071261975 0.999517887148489 0.0216085720595779
-0.00618509643085174 0.999570508778991 -0.0286451140938623
-0.0294571203455384 0.999504514665883 0.011090681830569
-0.00468446231695429 0.999543966298414 -0.0298314473205014
0.00971468158220082 0.999582828510597 0.0271991527167769
0.0167459407271162 0.999552817303107 0.0247737540672637
-0.000151984534557962 0.999998286034099 0.00184521802669605
0.00311784218985789 0.99934124638041 -0.0361573276519066
-0.0138905094860443 0.999596682035252 -0.0247694773932383
-0.0110503497413302 0.999569373719144 -0.0271837615739981
0.00493609439267036 0.9995573475047 0.0293384393162915
-0.0081767700803109 0.999568728534843 -0.028204562862972
-0.000481799063884189 0.999982904299861 -0.0058274331979512
-0.000181877677397985 0.999997702940466 0.00213565781496971
-0.00429949532409334 0.999555113505058 -0.0295142237886829
-0.0251978098279712 0.999493315895432 -0.0194468984732316
-0.00013078899495319 0.999998744511315 0.00157919917461649
-0.000564395023903443 0.999976318802051 -0.00685881136609874
0.00874039264038958 0.999577068570082 0.0277360690317548
-0.0220854607863799 0.999424635377921 -0.0257416126449434
0.00576690111261479 0.999591952056612 0.0279762798672116
-0.00316857990471134 0.999520231480019 -0.030810176298053
-0.00357173997725551 0.999530458141538 0.0304319884480536
0.000838486405785933 0.99959752964621 0.0283562279886188
-0.00532313713125095 0.9995889852489 -0.0281695718845196
-0.0015738977945387 0.999997343159439 0.00168419707750863
-0.000206076263750314 0.99999750796797 0.00222296883084025
-0.000456524347902284 0.999984703173641 -0.0055122594500986
0.0115016388980439 0.999544131776178 0.0279148873267544
-0.0090857645696071 0.999546630303786 -0.0287050993820407
0.00152390722304153 0.999608283095644 0.0279456270882265
-0.00244399247401527 0.999979406779614 -0.0059340473100663
-0.00121867856595965 0.999997495181352 0.00187735281061194
0.00105495826159692 0.999561480291444 0.0295928062313103
-0.0144697338617198 0.999545394866328 -0.0264505274708745
-0.0248020056493861 0.999596490899293 -0.0138461510025994
0.0171862931638859 0.999606927415463 -0.0221499884944047
0.00027079765595938 0.999998738848124 0.00156491878116259
-0.00462826112670604 0.999597584312082 -0.0279865795765148
-0.0250230530695307 0.99948210550365 0.0202328345287916
-0.0172200203185622 0.999491221107289 0.0268471568269209
-0.00663891233277899 0.999976833355266 0.00150252980433491
-0.00820480396192624 0.999935380394589 -0.00786868648984643
-0.000339366703239187 0.999983661115291 -0.00570634144618858
0.0233231583303697 0.99965069221267 0.0124307620130661
-0.0289261601684576 0.999563178680368 0.00606045248365405
0.0202417990796366 0.99951747590062 -0.0235602406454878
-0.0134978607449659 0.999890115535749 -0.00612899740713013
-0.000753952353322778 0.999443722473301 -0.0333418230539519
0.0137119846222189 0.999900215974336 0.00339699458288789
-0.00767698656227046 0.999958724268396 -0.00485938646789409
0.0268668020942316 0.999436213954978 -0.020135272051023
-0.000178918045779371 0.999997263876716 0.0023324295089347
-0.000392054766889101 0.999985954866599 -0.00528548603208573
-0.0256005782471341 0.999654270596988 -0.00599580441783351
-0.0265701218156623 0.9996424555261 -0.00299828892040657
0.0240319796198634 0.999532507235114 0.0189005538499975
-0.0133966261472627 0.999897370440346 -0.00507730187723142
0.0219982457283558 0.999377629802052 -0.0275758995521121
0.0251586490941477 0.999621973886719 0.0110883586962964
-0.0142616384786013 0.999883714319493 -0.00540032467183948
0.00930132008080799 0.999647579097049 -0.0248636893916339
-0.0213839377595973 0.999760758433912 -0.00459925010656427
-0.00987857367918773 0.999950910366962 0.000768529992260575
0.00742289316181498 0.999944349984178 -0.00749650530766205
-0.00122950879762093 0.9998230387543 -0.0187717736038733
0.0223240237870699 0.999681033621872 0.0118096984999661
0.0228034189590788 0.999511000944852 -0.0213953984304131
0.00440021454968296 0.999987023402782 0.00256732116417557
-0.0168533596768315 0.999840897664973 -0.00584325458160796
-0.0265348264093871 0.999239690060038 -0.0285647474370575
-0.0260981298274419 0.999657504806252 -0.00193925347706704
-0.0312891879205281 0.99946213055541 0.00982019882253386
-0.0192642455264798 0.999800599167241 -0.00525839796154969
-0.0315120971961554 0.999492043578421 -0.00475841924725398
0.0307488070716118 0.999520299550144 0.00369887156624939
0.0201323388686953 0.999765661792066 -0.00795678535260559
-0.000446246021988562 0.999976371366856 -0.00685985221883927
-0.038485419416872 0.99925861362297 -0.00104670559747943
0.0364771695563572 0.999295932961608 -0.00877806741524637
-0.0173035602638614 0.999430466557042 -0.0289711808486905
-0.000109128804590887 0.99999857918075 0.00168217935596698
-0.00536158772394482 0.999434690515457 -0.0331896485572159
0.0148911672017289 0.999410066585517 -0.030947890831237
0.0169347919753676 0.999619508318557 -0.0217727216883473
0.0208001005586497 0.999289735536638 0.0314226075917633
-0.0116144059529628 0.999377362605862 -0.0333165527224984
0.0019144178018129 0.999399729226549 -0.0345906956620059
-0.0219335136846592 0.999710774145238 -0.00986352043512934
-0.00268101826704965 0.99937246094565 -0.0353199156919699
-0.000166926507501097 0.999996895201048 0.00248630726302811
-0.0003519250568719 0.99998643800961 -0.00519614718870832
-0.0270623225956127 0.999425623271711 0.0203974077687261
0.0090715354557689 0.999356356839277 -0.0347070495634875
-0.0314759025345184 0.999496674470273 0.00395793917372796
0.0156215484665638 0.999860887902229 0.00584568788701791
-0.0296862160552777 0.999415794803793 0.0169351018013541
0.0110119507333268 0.999387525222131 -0.0332161311930181
0.0172084592748343 0.99940473390632 -0.0299006149606502
0.00512392120550004 0.999443616617992 0.0329575883982474
-0.00297092861238737 0.999422757992545 0.0338426415894896
-0.0103666139324082 0.999904694367628 -0.0091178669192227
0.0123441990784004 0.999418070839476 0.0317984343736235
-0.0158283476146445 0.999409376657374 0.0305018238980765
0.0176734559014861 0.999705876037634 -0.0166075396228398
-0.0228891682481246 0.999362314370183 0.0274053022895496
-0.0298658260061211 0.999458651274231 0.0137998851468898
-0.000491441146591878 0.999961897267832 -0.00871564674125314
-0.0233191850896354 0.999712040338365 -0.0056614493956584
-0.000113594664351606 0.999998698784817 0.0016092000887234
-0.000489233397255058 0.999976388095857 -0.00685448039220466
-0.0260783339929225 0.999385498999912 0.0234210350934776
0.00100152325819018 0.999999059477422 0.000937014105638596
-0.0320890334771912 0.999484202565502 -0.00127387303196328
0.00874571469520305 0.999960313574061 0.00169816116328315
0.00486581816763943 0.999346944645541 -0.0358051398710076
-0.012929891524347 0.999909128547909 -0.0038147806922812
-0.0207586041231735 0.999363128160255 0.0290244453626071
-0.00114133919193225 0.999359853660154 -0.0357572403465876
0.0327796244159118 0.999405404578926 0.0106926854244017
0.00981613656490667 0.999912140705954 -0.00890810483638155
-0.0122416916821749 0.999379490020458 0.0330268967844218
-0.0318328050947112 0.999491823692378 -0.0016633976932073
-0.00205635599472851 0.999392567190195 -0.0347889069247006
0.0135054938027852 0.999770971210278 -0.0166014084463118
0.0232287489013111 0.999702659816519 0.00741735668941625
-0.0234932396776075 0.999723446981577 -0.00104749449840935
-0.0336329072257309 0.999165559486822 -0.0231735255610976
0.000864098163588403 0.999405031765743 0.034479498483573
0.0264955356426624 0.999512291659663 0.0165277164864564
-0.00788653932518467 0.999386942011545 -0.0341107407466459
-0.0349630991952508 0.999296579252328 -0.0135620201024098
0.00922448085057422 0.999410739909511 0.0330617892220245
0.018512391728195 0.999794795883038 0.00822541656677557
-0.0224684100660296 0.999254595842825 -0.031391451640508
0.0230591904131615 0.999346726680059 0.0278279286211141
-0.0266904562540644 0.999368941526675 -0.023437966140509
-0.0141379025159087 0.999388311267399 -0.0319862941671557
0.0158557401544355 0.999399703926026 0.0308030403812223
-0.0130143919208048 0.999910789645625 -0.00300638540368032
0.0117681982306721 0.999840412635866 -0.0134409363715858
0.0165234525601375 0.999746735293672 -0.015278769097595
-0.000357935063735756 0.999980459760605 -0.00624115209387455
-0.00958506405599657 0.999954021802657 -0.000284302188980169
0.0209619908037571 0.999142995579496 -0.035691306027855
-0.0100987746676034 0.999949006061904 -5.10124241589463e-06
0.00508679541218162 0.999958593592615 -0.00754556907824269
-0.0232816788202144 0.999726416370049 -0.00224852022734877
-0.0121822034123199 0.999921117530571 -0.00305820804303101
0.00391639898410292 0.999961206589053 -0.00788968541597013
-0.00840983266264303 0.999964628781398 0.000126097849155409
0.00874035963797392 0.999957472766987 0.00294257894699416
-0.00619274135204296 0.999969173439925 -0.00482722740504897
0.0130899800459929 0.999819338044767 -0.0137820061718407
0.00644923585171754 0.999972149278769 0.00375606492600622
-0.00544007558995953 0.999984454412834 0.00122331935404348
0.00552446222625298 0.999958476745073 -0.00724742042274116
0.00481104764491507 0.999988305432671 0.000492766124491087
-0.00747778470754664 0.999926017583357 -0.00959385718866151
-0.0191977894817752 0.999797669349917 -0.00600543432963914
0.765742684202359 -0.00302470102599454 0.643139948047288
-0.258091666625277 -0.000117318647133861 -0.96612042616587
0.921175608208405 -0.00309451900144855 0.389134838833564
-0.673120191517596 0.0030662700550294 -0.739526744451655
-0.253278281673912 0.000672326269762475 -0.967393229255662
-0.247893011433701 -0.00030686256335553 -0.968787366101405
0.813488022021152 -0.00336105499641494 0.581571957144965
-0.0249298719202682 0.99965126895375 0.00870872925264578
0.000574647898056115 0.999510520514024 0.0312792129309335
-0.00226080602942893 0.999964069202242 0.00817000982804004
0.876940605240675 -0.00297764700917148 0.480589542643623
0.0120028324998947 0.999658460442725 0.0232141008281536
0.000946494695775817 0.999558141381892 0.0297090246384474
0.0112355365852353 0.999867854784899 0.0117488589014845
-0.0312105377282629 0.999500065326472 0.00505190529317688
0.825997523567346 -0.0026093513072321 0.56366770560887
0.681151056897567 -0.000345082390266217 0.732142826643457
-0.243362697086412 0.000558054733082073 -0.969935196929023
0.918259973585341 -0.00371389277347161 0.395960639346281
-0.0296821725435955 0.999558381668911 -0.00141783938456172
0.95103369151946 0.0175103743199273 -0.308590836523129
0.680437714095 8.43788987209249e-05 0.732805915722146
-0.0295401521113211 0.999444694903399 -0.0154169141753952
0.76146946058147 -0.00254543223268424 0.648195789385055
-0.245224216504726 0.000844324223565873 -0.96946602351823
0.879909275579249 -0.00270361878772036 0.475134041292614
0.994394058217129 0.0134061996113448 -0.104884368684997
0.976945336281918 0.0146226590716504 -0.212988233850335
0.950049586233074 0.0179360470398098 -0.311583186187816
0.994291666991176 0.0134140097450785 -0.105849635306253
0.977082846130452 0.0143317279722354 -0.212376348426434
0.000518635961447928 0.999606058464787 0.0280616980461327
-0.665167552130233 0.00366042301580323 -0.746685160490296
-0.0301372941358354 0.999518300967976 -0.00741009664310726
0.0124512763308636 0.999835353751044 0.0131996631493486
-0.00419067127623719 0.999444038825257 0.0330764497930629
-0.448647420441308 0.000956297868761241 -0.893708329168832
0.956473809110707 -0.00221745540923688 0.29180975887856
-0.51723831872132 0.00271532442211225 -0.855837104044704
-0.0326439443582111 0.999465113973304 -0.00196439483501631
0.919108863490224 0.0195315020722172 -0.393519272057305
0.959740479702234 -0.00343395462298218 0.280867263269633
-0.540138362583534 0.00181654577230864 -0.841574268515285
0.999981374677573 0.00545564515770915 -0.0027360982920961
0.979284986016318 0.0176129770052273 -0.201719357534255
0.012851305166715 0.99949749124126 0.0289760065906287
-0.380972580130954 0.00216199154259084 -0.924583808521939
-0.0318390810571047 0.99947723585077 -0.00561497404649204
0.621558510333758 -0.00182275518714582 0.783365620764153
0.993614557452866 0.0109172343074405 -0.112298375824501
0.916791275595461 0.0208042062863772 -0.398824450094075
-0.675687782855837 0.00329979898087221 -0.737180528382329
-0.0285219523068933 0.9995928942903 -0.000737509962353963
-0.776710195977512 0.00411986443399364 -0.629844661945801
0.993555965025373 0.0109748856743018 -0.112810000651253
0.589850844176191 0.000484555504855569 0.807512072250686
0.978734468224169 0.0180472655799624 -0.204335843441723
-0.442718416246908 0.000802335766145229 -0.896660337125016
0.308975418811181 0.00143213018753019 0.951068945751874
0.0258363592835488 0.999552211171654 0.015095021723368
-0.375553579266899 0.00220384115000765 -0.926798064404543
-0.0275259622670608 0.999618997141555 -0.00204498288093383
-0.510182290378068 0.00289146072674988 -0.860061433875194
0.620824525450039 -0.001439423113294 0.783948235957474
-0.02805479745371 0.999605881847533 0.00100464702591465
-0.284678362881441 0.00214160767800494 -0.958620698307571
-0.0352565066705134 0.9993561635656 0.00665109621317752
0.404707900401563 0.000786529128948109 0.914445677295534
-0.0103546382639307 0.999488711369208 -0.0302505753985497
-0.0383328330583263 0.999070344996705 -0.0197240882650647
0.0188129917489996 0.999592987874599 0.0214459770909021
0.999981514771352 0.00542866685852879 -0.00273855650519927
0.954364137496543 0.000442510971221282 0.298645102495453
0.695202246367373 -0.00203360273668513 0.718811311197638
-0.54218418859804 0.00230454136153108 -0.840256505314536
-0.441717799955251 0.00180938008797992 -0.897152223062725
-0.0303359398556521 0.999529222577795 -0.0045895496623141
0.543685718723748 -0.00131098801923835 0.839287865137019
0.0174550534480207 0.999403062371169 0.029813420338092
-0.0313427388307134 0.999481255135794 -0.00740630506845421
-0.000527115099794561 0.999455734454571 0.0329841934196587
0.765371071798554 -0.00189124486024022 0.643586470994234
-0.0328029692287903 0.999461755068838 -0.000406650331902802
-0.634248995866524 0.00352334678181914 -0.773120816735497
0.98099419289181 -0.00158014541665596 0.194030659054204
-0.0322463291565805 0.999477945426165 0.00200271381331822
-0.0305495734762065 0.99947824609609 -0.0104861404294635
0.0145043513702356 0.999600947780354 0.0242398223579936
0.0115784680186621 0.999473902423477 0.0302961623432345
0.697554210839122 -0.00140168470767046 0.716530640112891
0.871778716589431 3.71965440970125e-05 0.489899854988856
0.922575451940971 -0.00172151056778515 0.385812871580612
0.00702453901189625 0.999468789927161 0.0318244216476395
-0.0281946001338865 0.999463066495669 -0.0166926101723254
0.0222734229347093 0.999509538849321 0.0220130956475954
-0.0302143917049004 0.999469839769872 -0.0121297124570207
0.764991145437913 -0.00142871788195324 0.644039211668672
0.00063343069925144 0.999521822991037 -0.0309147882124805
-0.0269752185570641 0.999472810441352 -0.0180676166735642
-0.0181766167489167 0.999490952211106 -0.0262192115003511
-0.0032063055397717 0.999486405250392 0.0318848761081972
0.0242907400709576 0.999546751845919 0.0177834423292489
-0.0240583137337876 0.999463128053333 -0.0222408003932843
-0.0243840488808214 0.99944539129716 -0.0226788001235514
0.885109982104362 0.0212564660801997 -0.464896205866426
0.885471143525819 -0.00387372294827298 0.464678220119685
0.749672302018069 0.000186390920859628 0.661809190662501
0.913540579684903 0.000372481550001384 0.406747428420224
0.00403876489611312 0.999472056415194 0.032238126857765
0.92229677788826 -0.00235445243363596 0.38647523859967
-0.61824789589741 0.00245921702348726 -0.785979320001523
-0.0225217871503521 0.99945626811619 -0.0240818858649633
-0.00452119732138079 0.999485149833672 0.0317646664824896
-0.0282044408541795 0.9994632532306 -0.0166647819610144
-0.00115526393809117 0.999464656004663 0.0326965864076669
0.499979910462066 0.000716348812978845 0.866036705907274
0.447363379258446 -0.000134323111572222 0.894352273355285
-0.007899619000886 0.999478314111643 0.0313160604193668
0.669121383683661 0.000376204995426249 0.743153034285041
0.0172018489552941 0.99945234270171 0.02826855250243
0.809018154263052 -6.02339132075127e-05 0.587783652753868
0.016235653172586 0.999494488165618 0.0273344415089896
-0.0340298794272243 0.999410785786947 -0.00447756171217869
-0.348980594717134 0.00224440910336372 -0.9371272630431
0.011013617622389 0.999431914996753 0.0318519624637269
0.696340814828293 -0.00254000037867443 0.717706777174597
-0.0221155782407735 0.999734945256421 0.00639847108433569
-0.442016144960635 0.00187579283679027 -0.897005133204584
0.00429196798272226 0.999455379794932 0.0327188448727068
0.999909771684137 0.00426003106053959 -0.012739726289824
0.00948143981207303 0.999431266217033 0.0323611867351573
-0.0292794163248777 0.999487301582834 -0.0129556842481825
0.0167264254751406 0.999510976854284 0.0264203300248049
0.879312419992391 -0.00175890766243993 0.476242138298324
-0.017373461285465 0.99948519180376 -0.0269724712987796
0.00544630937189875 0.999471725654138 0.0320407136650435
0.000278329682465503 0.999475929258008 0.0323695747026428
0.959394886381537 0.0207466317672007 -0.281302380464997
0.995191881081526 0.00139876726156233 0.0979344846290709
-0.00433083805753274 0.999446150113066 0.0329944975092963
0.879004010001625 -0.0013225832956146 0.476812543012964
-0.00510343030952542 0.999507194943291 0.0309729277865301
0.825633469502932 -0.00186324150801365 0.564203777342579
0.542336269470713 -0.000824994666855611 0.840161109669086
0.827641632669278 -0.00130035575557987 0.561255411508381
0.0103214711933376 0.999465996068926 0.031003063305998
-0.00126387420285206 0.999481981797655 0.0321585242794547
-0.0283590107764247 0.999591259246168 0.00361675910774096
-0.0836867793824596 -0.00235170737687458 -0.99648933382601
-0.000589513567999725 0.999975860879021 0.00692315917872012
0.999896842650308 0.00422643614336969 -0.0137273921583998
0.697265878854179 -0.000864729220665125 0.716812071905241
0.982019826734468 0.000496195624142802 0.188777153517868
-0.0305095290539239 0.999485001443019 -0.00994487442638656
0.996376358821907 0.00230908231712876 0.0850224659701876
0.956248412284168 -0.00219853324589339 0.292547672107597
0.82731414684912 -0.000618311790263653 0.561739192253703
-0.0820885141251953 -0.00225346393859779 -0.996622495104839
0.000952082881407801 0.99928800780086 0.0377169856109265
0.812864452915308 -0.00386454686316469 0.582440079719999
0.923881040174933 -0.000966530184590799 0.382678571943461
0.981874539693143 0.00046631937814067 0.189531450816521
0.95715019686861 -0.00111513551449194 0.289589808362046
-0.000543395955248513 0.999978233341705 0.00657552763196013
-0.0848549539242535 -0.00246883712347537 -0.9963902556919
0.995857558629656 0.00191898308587895 0.0909067677573994
0.613551176752289 -0.00067779241831302 0.789654667625868
-0.082537061616015 -0.00207592171870509 -0.996585833738776
-0.000653607009406449 0.999968240586617 0.00794296015240155
0.956919109127533 -0.000950019138617307 0.290353088583891
0.763366784979596 -0.000824989192581975 0.645964759861362
0.980855763064389 -0.000496689938528727 0.194735013190951
0.99996111751607 0.00474662915815922 -0.0074318885653017
0.99996629845238 0.00474236432810497 -0.00670163711528883
0.995409854556208 0.00113082801026763 0.095697140398243
0.98101137512179 -0.000525388659472915 0.193949493034682
-0.082953209395131 -0.00225705762511585 -0.996550887181344
-0.0923070977036791 -0.00248261203103988 -0.995727491008974
-0.000533004267160759 0.999979148561315 0.00643570889942686
0.923574719721829 -0.000614438482898522 0.383417995868864
0.958468964879684 3.61115764586304e-05 0.285196847911089
0.995164297691945 0.0011200446379695 0.0982179520215451
-0.00253639650998468 0.999974441661382 0.00668451320230401
-0.0843428656866693 -0.00235214787814191 -0.996434016083413
0.995792301517518 0.00186666618726927 0.0916199093854096
0.881455375302127 -0.000583282912478462 0.472266959602332
0.511225287961111 5.43822856860885e-05 0.859446741800588
0.0166134204531383 0.99959015026491 0.0233136388026949
-0.082308490968924 -0.00208215365577972 -0.996604724527519
0.980512197282714 -0.0015217922536927 0.196452322786371
-0.0263301992884015 0.999460117221638 -0.0196518367778609
0.995256647917539 0.0148974571020966 -0.096136728401972
-0.0889622911997786 -0.00245530918828814 -0.996031968463501
-0.53669165779895 0.00287923629127773 -0.843773532677693
-0.000378308709767134 0.999978050301831 0.00661481648035342
0.447019138652488 -7.57857599768168e-05 0.894524389793205
0.0199551202029263 0.999520805673994 0.0236633092042846
-0.381179317367423 0.00123536843496882 -0.924500298472713
-0.0293597752234306 0.999552821611377 -0.00567101468558548
0.026936175726159 0.999427190721842 0.0204873835102598
-0.00263824210853742 0.999403659812147 0.034429121868886
-0.0851628831332931 -0.00249807180671734 -0.996363910914919
-0.00754879708825263 0.999954538477887 0.0058255162857854
-0.0764838932141158 -0.00273794601043367 -0.997067057790225
-0.000455295344188065 0.999981178614101 0.00611842493649688
-0.273398755459809 -0.000563943347687472 -0.961900619856817
-0.0280798963542281 0.999590571336605 0.00549628198843605
0.611798212570331 -0.000362011582063761 0.791013790046268
-0.386981596606276 0.000278999968143489 -0.922087396100324
-0.470305548163735 0.00263832066055717 -0.882499705739611
-0.0146090043826548 0.99987409319061 0.00619473624971032
0.00764600677737952 0.999588550126681 0.02764541618425
-0.248963263201887 6.19324109634978e-05 -0.968512926986648
-0.0768829129272579 -0.00199552059154106 -0.997038131466088
0.00732581207882758 0.999934785456341 0.00876112502865176
-0.00268455792204817 0.999775343668881 0.0210251121408066
-0.541662328351687 0.00271926217125107 -0.840591772299654
0.0225135629094507 0.999505227486705 0.0219645102807167
0.0213763042915362 0.999392251392674 0.0275350952625689
-0.241593020088715 -0.000615707003332972 -0.970377469621641
-0.017124550783154 0.99982721140728 0.00723167269839804
0.749741917016723 2.14349048412829e-05 0.661730350980392
-0.0274784129415258 0.999614163687187 0.00405716380983309
0.872341847654157 -3.97918984445704e-05 0.488896409526533
-0.0320780763195206 0.999446680921129 -0.00879369179457137
-0.0193479104151811 0.99979232978067 0.0063996620461629
-0.0316725537836493 0.999477746590092 0.0064096339999389
-0.0970240565916079 -0.00120530381340587 -0.995281306809902
0.0200858648516767 0.999761428713596 0.00858159016205276
-0.000540809077743286 0.999965295944044 0.00831350907150673
-0.104404162607945 -0.00323949208132864 -0.994529676038472
0.0371016480849811 0.999270690549518 0.0090307650876228
-0.0647372536986536 -0.00199743332635744 -0.997900344845949
0.95404082570746 0.000473566816935746 0.299676289715916
0.0141871998342843 0.999404875435717 0.0314423013817468
0.0160847442825371 0.999580362941469 0.0240910569125952
0.821387442968877 6.89122872645775e-05 0.570370637203693
-0.0032463361259457 0.99938453175602 0.0349287702125119
-0.00552610696130858 0.999432029766475 0.0332427438505986
-0.342953792214343 0.00235626248811266 -0.939349319706407
-0.066987224344866 -0.00297489095539506 -0.99774939829517
-0.000385268850030007 0.999983294868938 0.00576728280692758
-0.0277530216155998 0.999417380792917 -0.0198662719257911
0.00192337979715655 0.999373141888013 0.0353500195620413
0.00830471363807542 0.999349669274369 0.0350894607054378
-0.0316988244559666 0.999491892479973 -0.0033378728125303
-0.37830636688231 0.00118196361553078 -0.925679693921347
-0.030597136521451 0.999401698370671 -0.0161263923586934
0.0101820149341471 0.999376818908601 0.0337979348482413
0.0163295193270125 0.999390800678087 0.0308443563486246
0.981651210741709 0.00113089841707465 0.190681990544744
-0.00430906274588038 0.999424795969148 -0.0336379128406899
-0.0108402468783538 0.999879219876421 0.011137087004083
0.0172528003955922 0.999685902533352 0.0181779304264244
0.922158985470735 4.99809267009481e-05 0.386811068892156
-0.0161820777775202 0.999389686316564 -0.0309579592816179
-0.023731034588976 0.999352396823849 -0.0270485666859496
-0.0306016714352018 0.999447237279269 -0.0129906735856199
-0.000638315710773238 0.999955269713138 0.00943669041449714
-0.0241203789023779 0.999680798454122 0.0075172151582306
-0.0704153906482449 -0.002060552377869 -0.99751562738824
-0.000583661373520031 0.999966393530152 0.0081774781994177
-0.0267987741756092 0.999376135107434 -0.023003614507585
-0.232973687956637 0.000164562097910566 -0.972483024859149
-0.032358358096125 0.999473741413074 0.00227527736219973
-0.220500124322593 0.000958231823973553 -0.975386475693349
0.0040192442517719 0.999331847286258 0.0363277397463728
-0.0133145535622896 0.999903445226749 0.00397779928036171
-0.0213831687419497 0.999352778852393 -0.028927210279466
-0.00128743857035568 0.999353645697073 0.0359253856471664
-0.275924760175123 -0.000669047519609896 -0.961179004711254
0.010297932578783 0.999901094772507 0.00957879206079869
-0.0126980233950898 0.999374129652293 -0.0330168015346825
-0.00339302625106287 0.999396922095768 0.0345583488952305
-0.0334164063047525 0.999430753937126 0.00463808951445619
0.0131617426028383 0.999761523858426 0.0174259560407887
0.212525422518821 0.00181574481558811 0.977153850657081
-0.0249810953709143 0.999687054292817 0.0013184663138043
0.589036383585488 0.000250094336422621 0.808106475821938
0.996277225495362 0.00232365107009954 0.0861759282222533
0.511168993671835 0.000123630250696302 0.859480217703749
0.981697276238119 0.0010931379912132 0.190444907718716
0.401529798314336 0.000727655810245689 0.915845670177389
0.958432186508426 4.92203049145796e-05 0.285320418901345
-0.382715034246654 0.000152748464329853 -0.923866429322707
0.82198362360774 -0.00043494241041461 0.569510959811827
0.765000090952679 -0.000496432856301 0.644029979423949
-0.620780102443383 0.00263805715044812 -0.783980296349885
0.922295404429033 -2.8337422230654e-05 0.386485686883843
0.880750796044585 -0.000245279957570025 0.473579956400788
-0.191283347904141 0.00114041583717702 -0.981534197196563
0.011286552757827 0.999810147332623 0.0158834195802832
0.016038927282532 0.999719597341288 0.0174206631159111
-0.000408246502652332 0.999974580464298 0.00711840993797288
-0.222178609462258 -0.00128818676393093 -0.975005131305615
0.0195724243497322 0.999105383304108 0.0374880415309515
-0.22184160929055 -0.00164692967923496 -0.975081323793052
0.0062294498337693 0.999945678207974 0.00835670915870724
-0.0228457521421661 0.999734879945409 0.00287078902009703
-0.211583176627463 0.00107696684018546 -0.977359401402911
0.00367321650087052 0.999957922971186 0.00840593645521183
-0.222225304589339 -0.00142814830586758 -0.97499429454361
-0.0709486976788056 -0.00281172562169127 -0.997476002967846
-0.00725459367601292 0.999957991665221 0.00560230090706655
0.0126178951327133 0.999822332471985 0.0140032929233967
0.353632430363386 0.000360139437934687 0.935384399321942
-0.0667291839141943 -0.00199856663743573 -0.997769122465484
0.00542577651109163 0.999947325327104 0.00871249220501895
-0.195628281929995 0.0010809405008588 -0.980677524406852
-0.00796578306391761 0.999896054887993 0.0120177252259663
0.347756443819776 0.000292618212200395 0.937584860242743
-0.751503630961385 0.65972779249897 0.00123792418640783
-0.935884500240261 0.352304314013968 0.00136840680530951
0.761918106306964 0.647672527768705 -0.00104692659995362
-0.0978973994365927 0.995196314260779 0.000628701291425716
-0.892140509755361 0.451756672660328 0.00110433704715664
0.904625722204437 0.426205172865197 -0.00120554927219207
0.0146979309946601 -0.0111078646768683 -0.999830278680735
0.000876073569274871 0.0200132344414608 0.99979933133719
-0.912528523355885 0.409010474618433 0.00145798296689575
-0.310486707275232 0.950577619946717 0.000439388005408606
0.00522896215562545 -0.0122474722150993 -0.999911324757908
-0.308071414579732 0.951363124298832 0.000457431097028837
-0.976788108427813 0.214204652066543 0.00116544715303134
0.000398249496133598 -0.0174922186305733 0.999846920125636
-0.00809704738285607 0.000507892199557624 -0.999967089393043
-0.254986357411324 0.966944439940308 0.000638437646890504
-0.909214531020895 0.416325226095886 0.00149756357563819
0.00653508671055162 -0.00459777120973815 -0.999968076061225
-0.264835333863266 0.964293398696161 0.000697974597508423
-0.555030695893315 0.831829416056529 0.000865562958860697
-0.64686210809485 0.76260616183348 0.00112028777326367
0.25344666475366 0.967348596280959 -0.00121712715196148
-0.798071679460371 0.602561319760438 0.00120431385512202
0.262636496978835 0.96489380812882 -0.00141756458413718
-0.000534151508307934 -0.0113198442424444 0.999935785842518
-0.236165561444432 0.97171257179786 0.000710913233336284
-0.857222348372908 0.514945164512667 0.00115021522298909
-0.00923168105844266 0.000743552625721739 -0.999957110677417
-0.946769492598352 0.32190862924382 0.00153697866700349
-0.414090816521534 0.910235174618494 0.000850035156903738
0.00960937220680935 -0.00368680235434709 -0.999947032324308
0.740237331152948 0.672344898301737 -0.00101552704924527
0.880480909783176 0.474079528400329 -0.00140294658210801
-0.107965565365231 0.994154504890371 0.000507051819585451
0.298027947572113 0.95455582551337 -0.00158696075642392
-0.00181615816724602 0.00759686464596067 0.999969494143228
-0.252441055174649 0.967612113912111 0.000557380342890801
-0.479132785678399 0.877741624571984 0.00118919375683172
-0.895236738411957 0.445589320181274 0.00115755687184983
0.877739378327206 0.479136389142925 -0.00137997566964599
0.796720410632042 0.604346399103944 -0.0014202719481379
-0.759662549460802 0.650316431261685 0.00116197150571429
-0.0169480501605535 0.00923968821235874 -0.9998136785209
-0.959426799537811 0.281955223455136 0.00121173223009711
-0.964742495560034 0.263192098245089 0.0013552423936237
-0.00662000056292692 0.0108059545248931 -0.999919700245651
-0.545874745343224 0.837866230780727 0.000970419377136267
0.872545602329526 0.488531149688091 -0.00121968841774538
-0.00122060352055596 -0.00131714435389672 -0.999998387627599
-0.00087277042660475 -0.00152098793679424 -0.999998462432557
-0.853384494962567 0.52128074997126 0.00113290197547668
-0.916649192181489 0.399691288080974 0.00106428623802223
-0.00601874845372699 0.0220700591064882 -0.999738309338042
0.261719769931797 0.965143030005573 -0.00130140635780266
0.812987821828902 0.582279759308066 -0.0010408929038445
-0.540827734153549 0.841132946884177 0.000853015989431705
-0.429794609245524 0.90292635884094 0.000764443411683642
-0.0161968955170512 0.00559322121395601 -0.9998531774476
-0.0891939842194477 0.996014181360568 0.000428611360182277
-0.531462517708821 0.847081594638933 0.000603568193127991
-0.78966855491165 0.613532899894166 0.000976796396887872
0.912667137497713 0.408701305025293 -0.00139262426851714
0.929503874731734 0.368810436171023 -0.00118702570859785
0.877681905516858 0.47924204350405 -0.00123954280280707
-0.636615001458745 0.771180960978067 0.00112487449408664
-0.224129626599318 0.974559089236299 0.00070147513585525
-0.011679041859834 0.0278651145852412 0.999543463472393
0.00140697800312513 0.00648427610040249 0.999977987045891
0.912421328635919 0.409250197899832 -0.00126276253199843
0.87319033340707 0.487377947493439 -0.00117385754382373
-0.0105977219577773 0.0171814358563335 -0.999796222512978
-0.929133793172703 0.36974202225428 0.0011096683377931
0.835400808017078 0.549639503184747 -0.00138076183231733
-0.89515440660995 0.445754548033883 0.0012129443088809
-0.413947925854609 0.910300227032884 0.00078188525207972
-0.259935287389947 0.965625819031639 0.000651144363146037
-0.224743458485144 0.974417708843525 0.000711730476945356
0.00420108041825272 -0.00930183574451472 0.999947912030973
-0.967666400773547 0.252231649497484 0.000965300858063013
-0.436673792024819 0.899619580105572 0.000781312574898361
0.260992260149517 0.965339834530163 -0.00142968924028155
-0.947185681234754 0.320683323599742 0.00122115882572017
-0.00119556305215879 -0.0230074440559861 -0.999734578849306
-0.464799687508623 0.885414796948198 0.00137398583203171
-0.936869428458541 0.349676759526483 0.00135567946953078
0.402505237756406 0.915416541909633 -0.00144512174881689
0.258916727291984 0.965898554804188 -0.00145263745984927
-0.761132238677963 0.648594757560877 0.00159865869374004
-0.913953637708377 0.405817371176115 0.00100467473930694
-0.978142589693281 0.20793328567593 0.000907158273817374
-0.0018207685417393 0.00827786525449305 0.999964080229258
-0.890612911263359 0.454760398086773 0.00127382218698884
0.262144822644485 0.965027471529825 -0.00143915025051925
0.889976867164842 0.45600355353804 -0.00139106870186314
-0.551944428123283 0.833880146069004 0.00111814828976174
-0.711665692806931 0.702517624298716 0.000963966451282635
-0.869871713071231 0.493276524516886 0.0012137376425488
0.000978854053629692 -0.00312590103314771 0.999994635279346
2.6866493328861e-05 -0.0202219227306614 -0.999795515652709
0.893245337925834 0.449567948961567 -0.00119395990437813
-0.0132325905804712 0.00199073325700648 -0.999910463755445
0.769292636362261 0.63889506364812 -0.00139186381059164
-0.918482063362909 0.39546056938737 0.00127958603877084
-0.932126735679319 0.362128871469256 0.00155855067902491
-0.732665639296678 0.680587657943772 0.00122509126286579
-0.249017760563036 0.968498680207213 0.000679235641883563
-0.517386861870626 0.85575123185561 0.000815071328923948
-0.850377260925572 0.52617157857578 0.00140854527558513
0.300038490193742 0.953925841990732 -0.00154673350413359
-0.846024721972787 0.533142190009786 0.00125500694772479
-0.99405524971088 0.108869431030281 0.00126787593377003
-0.248640346386346 0.968595636119784 0.000686905079157934
-0.545018696807813 0.838423498865698 0.000810357769126966
0.584940939027408 0.811073995730155 -0.00175251249792931
-0.99343807683455 0.114364270384715 0.00126536739478264
-0.00379776265415962 0.0117839324231821 -0.999923355030509
0.00182285238292796 -0.000795613740417048 0.999998022102027
-0.809529231721773 0.587078712474812 0.00100416476392632
-0.942277424656487 0.334831161641393 0.00116111007839397
-0.228795415438959 0.9734742514697 0.000734574449429861
-0.939074395355437 0.343712105700581 0.00112622497439569
0.25185566115318 0.967763666750276 -0.00148703165937676
-0.0217288020305673 0.00778626415093673 -0.999733581136939
-0.912767811694577 0.408477121141138 0.00116766371076249
0.00157386130231126 -0.00954016924684496 -0.999953252973029
-0.749563457196477 0.661930982572997 0.00141348704023707
-0.89289606267134 0.450260868331018 0.00133105815654748
-0.841160613285957 0.5407835374385 0.00141006804606979
-0.246540588682175 0.969132354031494 0.000467441570858444
-0.834477347683941 0.551041100232765 0.00112341294282534
-0.522762553851313 0.85247791653285 0.000845053054032256
-0.000670367354688722 0.0137592651128127 -0.999905112113727
0.89065127656637 0.454684893012782 -0.00139700273825036
-0.000292416900952454 0.0326137803476633 -0.999467986392656
0.00228235926606591 -0.00310838109137253 -0.999992564373941
0.668856441345606 0.743389682511333 -0.00168546913092718
-0.818102730466461 0.575071110060662 0.00106807158914249
0.0246644813138398 -0.00868901675819591 -0.999658023700753
0.00302846129961131 -0.00246868336904107 -0.999992366983159
0.272494339753992 0.962156334312767 -0.00142237261490142
0.00611749622038869 -0.0150717959561733 -0.99986769985166
0.00177800423403534 -0.00188060989893818 -0.999996650998068
-0.0175409165419571 0.0294712702744811 0.999411707193425
-0.760088768249145 0.64981727912856 0.00160253781611142
-0.243845686151161 0.969813813249309 0.000670056940386185
-0.000424216794765471 -0.00606202062086107 -0.999981535802588
-0.920431858487057 0.390900160048518 0.00150291586751266
0.0173807388933195 -0.0228842288963511 0.999587025717792
-0.968052839277984 0.250740893662454 0.00164457021391641
0.000371012241515191 -0.00589230377430233 0.999982571401196
-0.916362618750284 0.400347706398411 0.00112469491601312
-0.623403794913411 0.78189968783704 0.000765929434051194
-0.000758477232640214 -0.00663811413240211 -0.999977679827431
-0.264297517920618 0.964440974165205 0.000655265039254284
0.662474165776574 0.74908276814221 -0.00172804833176762
-0.00843034932127327 0.00722352781367992 -0.999938373029181
-0.39515907909149 0.918612470717653 0.000656394373742931
-0.257263069386775 0.966341277309397 0.000498896519638537
-0.966236183632338 0.25765313908381 0.0015803037281566
-0.100062938247366 0.994981017984756 0.000426894977918843
-0.000148496307759661 -0.00144134233420281 -0.99999895024001
0.863405237332831 0.504509648216167 -0.00118785648833218
0.868740477944143 0.495266165289944 -0.00118638121059139
0.839114851599669 0.543952601132259 -0.00135408504677378
-0.0102506286645011 0.000930190660846551 -0.999947028275657
0.738042935551293 0.674752349615192 -0.00137548958860774
-0.00327033960935096 0.013222712951075 -0.999907228067211
-0.000823969467193554 -0.0102926982438458 -0.999946689297574
0.0100403705023222 -0.00610539384958081 0.999930955179465
-0.816140288585003 0.577852959886636 0.000993024995783186
-0.642059429689015 0.766654137409214 0.00105940584795956
-0.265032888054354 0.964239149868009 0.000655828779725409
-0.00365775941460477 0.00744980544823955 -0.999965560004368
-0.49748110607984 0.867473069571399 0.00173858044238923
0.841125111749871 0.540839096533691 -0.00127202373711884
0.839370288516029 0.543558682239513 -0.00121561447953042
-0.0862082299346897 0.996277064603054 0.000389406534955511
-0.817420043599693 0.576041106345841 0.00105646643846379
-0.823796865247435 0.56688321873429 0.00146325867530237
-0.00284844311619681 -0.00120256009351108 -0.999995220099094
-0.0841283404148689 0.996454839960667 0.00041744221285029
-0.5172776929904 0.855817194151607 0.000847660899263102
0.00104266875768158 -0.0133286675879485 -0.999910625737216
0.020117304831932 -0.0378763085590499 0.999079916371177
-0.657945428496656 0.753064778402155 0.00111921868527401
-0.871603593053984 -0.490207284156483 0.00199878345760924
-0.0146261118299313 0.0214509731275562 -0.999662909487303
-0.0029523446216257 -0.00543698722161025 -0.999980861232447
0.713026966785755 0.70113531127492 -0.00134904400492017
0.00559409160631971 -0.0113553356898449 -0.999919878035471
-0.538956396130777 0.842333453407839 0.000596941998523612
-0.302777266125433 0.953060066542395 0.0015609868076798
-0.253507126255489 0.967333275227963 0.000686712767712283
-0.00445479626885535 0.0231229926564851 -0.999722702553469
0.822647071568476 0.568550785798927 -0.0013414944029521
-0.297685758470626 0.954662634761742 0.00156300784955902
0.917868646726528 0.396882475239517 -0.00120341354748356
-0.739512930952584 0.673141688904271 0.00094425262737708
-0.874918948850868 0.484267675794708 0.00128495995400607
-0.771140032321819 0.636664815347539 0.000981554475181466
0.00596373327102939 -0.0168643203600053 0.999840001492372
-0.397291268559876 0.917692277484523 0.00072922654474632
-0.976249253121558 0.21664594536356 0.00138929375193382
0.912592082362738 0.408869165892099 -0.00130245596507825
0.917554036635411 0.397609148059625 -0.00124708995756463
-0.853117834014859 0.521716771987794 0.0012534402386679
-0.829896328944682 0.557915628594328 0.00149484926878457
-0.00249685679414053 -0.00919671819245461 -0.999954592009376
-0.847542714950863 0.53072565850214 0.00127347602611488
-0.766525180538466 0.642213523050492 0.000968716443173459
0.0883860681719492 0.996085288916904 -0.00141426886842556
-0.860105537986917 0.510114648300167 0.00122845994368685
-0.969495821069344 0.245105304921242 0.00111464278732718
0.799931761423929 0.60008937058715 -0.00138721790909501
0.821201215443886 0.570637636324149 -0.00111882253874571
0.00280261796965747 -0.0169180055040698 -0.999852952399642
0.00729048774255244 -0.014176490436985 -0.999872929880275
-0.514947034648299 0.857221723340327 0.000684500082977931
-0.0244645030901354 0.0197957169879405 0.999504686170848
0.0271285530570502 -0.0161515406625194 -0.999501460400763
0.00557355984472651 -0.0100261604183761 -0.999934203604378
-0.97727356204707 0.211977241663872 0.00142616282685318
-0.520562762326843 0.853821964355447 0.00156960595485093
-0.0754664367200623 0.997148169113948 0.000588014861767654
0.751651958807314 0.659558451877222 -0.00140761445385138
-0.384379478877204 0.923174853755244 0.000778210814575293
-0.244587159364791 0.969627171857074 0.000518719881459357
-0.716858974715986 0.697217499682646 0.000984126731989823
-0.792639671602789 0.609689571800649 0.000988452813228092
0.786644868718594 0.617404404891649 -0.00128504439388823
-0.00124645182641617 -0.00101724125579393 -0.999998705788198
-0.79019253541995 0.61285735579382 0.00127216979902596
-0.0110397481767161 -0.000323524137584374 -0.999939007786139
-0.928962293691149 0.370172022384248 0.00131557745297419
0.00229156532696121 -0.0108518874154351 0.999938490742243
0.818340314886683 0.574732199297136 -0.00142412156823552
-0.959214729585112 0.282676176111004 0.00113225713556518
-0.840675163988462 0.541538355071093 0.00121599336598678
0.863067609082664 0.50508676006053 -0.00129110955792367
0.930285333558919 0.366835017068483 -0.00112624044399286
-0.00216802790996807 0.0218229311039555 -0.999759500746561
-0.972672100843653 0.232179487524255 0.00129221258666637
-0.50025277096955 0.865878960216841 0.00088960164622802
-0.088425371010491 0.996082690847986 0.000476187665832092
0.715340037176246 0.698775350981186 -0.00128065366419737
-0.781346724870141 0.624096046737982 0.0011916294421503
-0.693659461301205 0.720302516854064 0.000914309041048018
-0.536942690536627 0.843618299983805 0.000843215109990515
0.715087064067712 0.699033989586066 -0.00140435266507358
0.714964824330214 0.699159069956953 -0.00137654182433271
-0.785002410838218 0.6194915716311 0.00118644688682642
-0.00321763777971075 0.00119718333804946 -0.999994106762222
0.766764358540512 0.641927129407284 -0.00140677037278701
0.691091015750792 0.722766797934456 -0.00116779797557674
-0.90925354465738 0.416240422831083 0.00137910456152376
-0.807659092956103 0.589648673244955 0.00110982241330801
0.82055417091229 0.571567080235574 -0.00138758402449324
-0.932407427354695 0.361407039244153 0.00115818762443231
-0.021754780576982 0.0139669036594363 -0.999665771707832
-0.682270543696479 0.73109924836482 0.000891203964291525
-0.522158817092058 0.852847920657579 0.000770689993585569
0.000475827684040661 0.0167003506370564 -0.999860426197884
0.726319687729994 0.687356025297084 -0.00118562371669626
-0.905180319740633 0.425026086082592 0.00118949718714451
0.0091495193694739 -0.01770380572011 0.999801411060383
-0.0107401432524663 0.0124940163718817 -0.999864265226944
-0.244403575586487 0.969673465885899 0.000511661380458809
-0.863298834916306 0.504691554631689 0.00124752378653003
0.0119239783796808 -0.00973159148090301 -0.999881550418273
0.251688475159584 0.96780743187115 -0.00129857106543442
-0.721387892899134 0.692530410240432 0.0010671788822147
3.51514390714844e-05 0.0112027182323013 -0.99993724696532
-0.00252953899764418 -0.0129306897103008 -0.999913195580534
-0.993837259946845 -0.110838282010861 0.0015414221444351
0.00745517684480128 -0.00333791658245039 -0.999966638769065
-0.894145951760348 0.44777380448426 0.00127944060920687
0.928684988555249 0.370868093431352 -0.00102435674004017
-0.0028809976708306 -0.00832820743122876 -0.999961169652804
0.911784866536434 0.410666533678517 -0.00116416133316974
-0.754026052926112 -0.656842227689169 0.00173188712049955
-0.752004627548183 0.659156254084233 0.00143973878224129
-0.739621061407098 0.673022531253489 0.00116531033814795
-0.399598768700404 0.916689880717824 0.000697597779626804
0.00809805032989261 -0.00329314589399014 -0.999961787655396
-0.92828102165318 0.371877961894174 0.00106127091931331
0.00103947549318451 -0.00150948402213177 -0.999998320472933
-0.843356975513454 0.537352315534485 0.00122508878317474
-0.00234476538291761 0.00276559710122989 -0.999993426752383
-0.0841683625221297 0.996451476340972 0.000376892877451267
-0.390566378691507 0.920574480813501 0.000727399996823392
0.646201926785974 0.76316553628273 -0.00119751759410335
-0.000323843232870278 -0.00161914178932881 -0.999998636751784
-0.682640275094183 0.73075405900421 0.000871818909208373
-0.967356298631815 0.253418484484613 0.000929095730154519
-0.00734845540686687 0.0158554004545379 -0.999847291579849
-0.646719641340347 0.762727265052458 0.000908102532971794
-0.511946391041491 0.859017114467983 0.000699821900488785
-0.0224967360715281 0.00950530134100497 -0.99970172857335
-0.00942619048856676 0.0116344472014456 -0.999887887000933
0.824764262459468 0.565475227230693 -0.00129566897239773
-0.975732516557352 0.218963015980052 0.00111971673980327
-0.00554660985755859 0.00732608214644353 -0.999957780928511
-0.89364705500374 0.448768645775757 0.00128204981806422
-0.806793795181637 0.590831785086744 0.00125450692399098
-0.936889190635145 0.349623919519943 0.00132641265642369
0.000437210398619186 0.00729631151687819 0.999973285985839
0.867060793747824 0.49820043608342 -0.00138037374781907
-0.00218733008558949 0.0182927159605684 0.999830281662784
-0.000225127398718098 -0.00162623543671649 -0.999998652337071
0.000712414675948822 -0.00155083452445033 -0.999998543687743
-0.498752849174788 0.8667438008889 0.000882644149021142
-0.735558252343768 0.677460815803045 0.000948925947832483
-0.00481931551966083 0.017165777363984 -0.999841042508964
0.00335812912643144 -0.00859920183222735 -0.999957387440394
-0.000466203593109808 -0.00148894884076911 -0.999998782842039
0.85131901286844 0.524646301688575 -0.00148204359128867
-0.246482455398265 0.969147108219724 0.00053085797302005
0.0959417668169996 0.995385981673536 -0.00138739606615405
-0.393820666235348 0.919187005571637 0.000729132494408915
-0.00859438209231356 0.0236039187292099 0.999684446021381
-0.00759044212414386 0.0153144044231372 -0.999853916432558
-0.405325981449446 0.914171912562649 0.000750362307325392
0.00220632501301354 -0.00822131695931279 -0.999963770382403
0.77115933438104 0.636638728977164 -0.0020999436498566
-0.000469869596168303 0.00438051174674552 0.999990295122607
-0.251330531129007 0.967901061125911 0.000707102359271323
-0.623012801094914 0.782211052592684 0.000958579007878625
-0.866223656009256 0.499655525670012 0.000966145632142483
-0.000123012684581824 -0.00144811279856395 -0.999998943918043
-0.0882730101084983 0.996096257081368 0.000349735434953527
-0.00691921592162535 0.00859800553420131 -0.999939097521376
0.747763782538782 0.663962377863173 -0.00181281702704935
-0.960834163615943 0.277121164091893 0.00125317229651105
-0.391815372388077 0.920043651118767 0.000627691358047505
-0.00311797718979494 0.0153167590914775 -0.999877830091845
-0.508025504488195 0.861341719221408 0.000727680028552667
-0.804610793438139 0.593801510262243 0.00111242668487458
-0.626101902619926 0.779740719348602 0.000904502865861732
0.0168440982679596 -0.00312442555617806 -0.999853246390931
0.000784082149001878 0.0205569379813198 0.999788376365727
0.0181342585138643 -0.0139044099296979 -0.999738873932918
-0.494427378750536 0.869218453604502 0.000920356057007365
-0.0109048750390678 0.0292359797817878 0.99951305203413
0.000700629588032542 0.0173515721028551 -0.999849204662253
-0.00543451145571403 0.0202144178605754 0.999780897694988
-0.717241903119517 0.696823747536265 0.000846923260919742
-0.000124135603536247 -0.00142800914257991 -0.999998972689593
-0.0846872838082419 0.99640750217391 0.000391883569214439
-0.947739541333239 0.319043265179206 0.00107551720229153
-0.952443993750868 -0.304708505678097 0.00177913892565897
0.795334690506244 0.606168554618191 -0.00155353449584015
-0.0843816883240255 0.996433424521314 0.000401462716836267
-0.99364712774646 -0.112530225365474 0.00152771083806674
-0.0872615510302042 0.996185277841576 0.000560288768948693
-0.000146463069608817 -0.00143773608151176 -0.999998955731219
-0.60780679468771 0.794084524680869 0.000817308883016473
-0.727383331713575 0.686230557391177 0.00105396767212936
-0.000133775942921485 -0.00159405714466615 -0.99999872054209
-0.0866025183870197 0.996242693507334 0.000706712302006839
0.103964658122134 0.994580099254606 -0.00133267709726941
-0.0932425871231381 0.995643322206364 0.000441466259054582
-0.629971060433855 0.776617919852096 0.00103420522547153
0.944826900396471 0.327567411238561 -0.00131125194524618
-0.800431200470812 0.59942354112438 0.00114527671944694
0.00107370171672702 0.00174192221030835 0.999997906433627
-0.717982504957428 0.696060164589226 0.00117040466397548
-0.967657808425255 0.252262875619863 0.00134438745551452
-0.878102637710999 0.478470695409017 0.00124550383297997
-0.881123917511869 0.472883721338197 0.00127596311641408
-8.62243596842636e-05 -0.00157262580039287 -0.999998759705957
0.717867947556186 0.696177878845105 -0.00140387969559116
0.640118708459473 0.768273732984999 -0.0018735755844767
-0.00177543324278174 0.0106069863755364 0.999942168166154
-0.502247187890952 0.864723761061902 0.000761124555638489
0.678385249699782 0.734705448162567 -0.00116508798206054
-0.0203496685193909 0.0193192879503459 -0.9996062505328
-0.666575736897889 0.745436488052252 0.00110871969462187
0.0183524203233469 -0.021613300129185 0.999597946139247
-0.000508377190319855 0.0260180805118817 -0.999661343175333
-0.999999546710334 2.78815075262933e-05 0.000951736175601737
-0.913568664888069 -0.406679985228669 0.00191941372301391
-0.000123243153595578 -0.00136609087464811 -0.999999059302981
-0.959655556828451 0.28117562722181 0.00121610225566536
-0.0073214572118861 0.0173747166344914 0.99982224194412
-0.809052502371145 -0.587733008328224 0.00198980613230634
-0.809050542807976 0.587735758341384 0.00197422111158874
-0.0156246569017802 0.019502172227205 -0.999687718927827
-0.809002174069501 0.58780521465942 0.000715520798655266
-0.00016622592313402 -0.0176602374130676 -0.999844032028724
-0.953040188532775 -0.30284014692533 0.00149814941131544
-0.974034218983981 0.226396967630611 0.0013241208142376
0.94526258334735 0.326308010841585 -0.00131551666720239
0.876924513019105 0.480626469767671 -0.00126294294074231
-0.823691468878255 0.567036823171345 0.00126699050202256
-0.995362216600166 0.0961898680179583 0.00125182087051774
0.247628129718243 0.968854524317766 -0.00110457287707827
-0.686328743267396 0.727290925317673 0.000875280274574778
0.779138344836433 0.626850654381665 -0.00130257699329216
-0.913536536152222 -0.406753707202299 0.0015552466639736
0.000311554077518202 0.0224065336352823 0.999748893565033
-0.396739270866794 0.917931030552236 0.000757694789824128
0.00166256365603346 -0.0223534191017379 -0.999748748704669
0.0162894554687765 -0.0186251973703779 -0.999693830961983
-0.505239794434866 0.862978679680463 0.000740632418253004
0.0125685992711472 -0.0117317527503131 -0.999852187220575
-0.243944907415954 0.969788835543795 0.000704698823365509
-0.0845771322857428 0.996416812655119 0.000494117934201539
-0.916965738585539 0.398963175745109 0.00148951658386998
-0.912780768358414 0.408447629628997 0.00134267102378433
-0.897329189365665 0.441360564753836 0.00108526150441678
-0.976587107459563 -0.215116941112865 0.00152420143290078
-0.95077690108942 0.309874599838736 0.00100833009612263
-0.997086286234713 0.076272894170847 0.00117618768512705
0.095395692577993 0.995438653561836 -0.00124452101821405
0.00688923238859243 -0.0113411367735672 -0.9999119546709
0.81430562914315 0.580435357373529 -0.00106689101769619
-0.401586552895605 0.915820745966572 0.000775751672734374
-0.083650105444146 0.99649511987577 0.000368677309664734
-0.743830818087801 0.668367362147201 0.000885030635092449
-0.708490003308145 0.705720087847314 0.00103577082592734
-0.000869348505606451 -0.00205911710512392 -0.999997502131842
-0.240139931033204 0.970738024379831 0.000708199484968085
-0.000121400592582203 -0.00145194545100168 -0.999998938557588
-0.92380465473823 0.382861885524889 0.0013177618550286
0.00709769481235729 -0.012512081227969 -0.999896529922819
-0.618121679467367 0.78608202199089 0.000802542931316223
3.68540823966787e-05 -0.00531484095208132 -0.999985875453964
-0.875411606477901 0.483376580858116 0.00126503822046369
-0.805540131476686 0.592540073807921 0.00116512326691165
-0.884884847000245 0.465808064801798 0.00128620175624549
-0.993545589607811 -0.113427457832609 0.00117182784559165
-0.591365960235533 -0.806402243545149 0.00131250906916283
-0.596835827699084 0.802362931463451 0.000849110197620789
-0.588795933502493 0.808280357297744 0.00148751388561904
-0.00349080434454791 -0.00139818803774272 -0.999992929652625
0.086756640226141 0.99622849852223 -0.00143670067016295
-0.731771568790191 0.681549152309043 0.00106023448642077
-0.988684473494664 0.150004911090499 0.00124037063416993
-0.934472070564664 0.356034283822997 0.00124019241869974
-0.966144792861999 0.257995217056625 0.00164535757509675
-0.413276952687591 0.910604979706062 0.000855167691898259
-0.0825793789468374 0.996584387389804 0.000452751193428555
0.000838553393401865 0.00201527790638228 0.999997617738746
-0.00198769555276807 0.00376072107458458 -0.99999095298077
-0.586612620771971 0.80986639580186 0.00143321385178717
0.00387388868746061 -0.0137107983283976 -0.999898498346525
-0.000329072231713205 0.00834629152703038 -0.999965114956123
-0.00453118029674178 0.0216551388041397 0.999755231728493
-0.947000541262074 0.321228648471706 0.00145953772806664
-0.94047144998245 0.339870836287677 0.00112534840086559
-0.0795296871884469 0.996832298715067 0.000630154063696832
-0.000533354730246379 0.0107600385047922 0.999941966868131
-0.978157545500684 -0.207857204992399 0.0017884386555937
0.0859005502010344 0.996303078949617 -0.00112709834179464
-0.0860082569409247 0.99629427972358 0.000536589282086064
0.650051479563085 0.759889240000226 -0.00119031496816086
-0.590999174930013 0.806671660240059 0.000898775606538974
-0.995830788149395 0.0912106119698047 0.00129059592776171
-0.651900109922841 0.758304333757218 0.000885487215898025
-0.669160983982098 -0.743115926056079 0.0015159016876757
-0.669156247854684 0.743120480314094 0.00136663630512861
-0.669098685013523 0.743172465998046 0.00127886494929427
-0.991440340063352 0.130554018655551 0.00130395856953183
-0.502188065142512 0.864758081380829 0.000779689019997746
-0.839918184873577 0.542711474483118 0.00130314352114031
0.000822665344040755 -0.00349673246282293 0.999993548021094
-8.75565203647343e-05 -0.00574118354361325 0.999983515436817
0.861890170692949 0.50709333421479 -0.00129771252874848
0.0164917501438642 -0.00604532065732868 -0.999845726237474
-0.84428923382314 0.535886182133578 0.00129978791858076
0.645381978040712 0.763857781938284 -0.00184157339900117
-0.945634647578077 0.325228487538278 0.00124265580555323
-0.895735725178737 0.444585084741735 0.00127006444978069
0.740782596338113 0.67174303891216 -0.00156033189424712
0.000521555937215436 0.00793962866257862 0.999968344637021
0.946673928174147 0.322190664168975 -0.00128438221922674
-0.0024262326798224 0.00910384592396413 -0.999955615707205
-0.92466382049553 0.38078246947148 0.00123693565400325
-0.264259899773606 0.964451368688886 0.000512645860888838
0.946652550147763 0.322254417454249 -0.00101967149567727
-0.00269570594335419 -0.00545228921499182 -0.999981502684816
-0.000153154372956144 -0.00174052609453142 -0.999998473555161
-0.687443886616636 0.726236576282852 0.0011567291706056
-0.00478954799763349 0.00188510856379268 -0.999986753210102
-0.0821376634041324 0.996620685732246 0.000782956637475113
-0.000140398700256829 -0.00166942066064329 -0.999998596660447
0.086602481719944 0.996242271703131 -0.00116027226582716
-0.0866025305918539 0.996242833907142 0.00046645873812806
-0.011450610074025 0.0230341288676078 0.999669101471203
0.000479750560720654 0.00537111482296771 0.999985460376779
-0.778804635018156 0.627265842123621 0.000950673015323278
-0.977036161145568 0.213070668400505 0.00110909029995918
0.00238565023738282 0.00877177646786002 0.99995868145166
-0.382202330518041 0.924078332489618 0.000783562241517318
0.0128487848011166 -0.0178126824559136 0.999758779442751
-0.000136832710809018 -0.00163151214430306 -0.999998659721568
-0.00429914808679379 0.00962823572935081 -0.999944405655868
-0.000611095780503055 0.0130522277434585 -0.999914629312363
0.00535227398942114 -0.0117095968439288 -0.999917115817554
-0.525702285277026 0.85066796715332 0.0010568414026449
-0.766665138808337 0.642046048081407 0.00119878231563446
-0.488961858992032 0.872304743475931 0.000857298341527001
0.753488629724467 0.65745945528421 -0.00139625690164483
0.0116934047282596 -0.00238963576994948 -0.999928774426833
-0.00260771785594477 -0.0105166030472954 -0.999941298711044
0.00280111733489182 -0.00417261105044891 -0.999987371449609
0.792920187998861 0.609323306396029 -0.00163821441270887
0.00018383638783305 0.0148792995655607 0.999889280194873
-0.916792419452001 0.399362666469062 0.00105842622158978
-0.468897978116244 0.883251232745361 0.0013949811103798
-0.0273523115541197 0.0140517405009723 -0.999527087997889
-0.499944814964922 0.866054963992468 0.00199532796681824
-0.500027023159622 -0.866009218031168 0.00100518414769392
-0.500017977735256 0.866014771351593 0.000661621034123774
-0.906306564810945 0.422619295198395 0.00115840692182574
-0.0218125602812796 0.0179422216717593 -0.999601064873111
-0.686949525566105 0.72670460926693 0.000871891450403582
-0.84921566937365 0.528044834084422 0.00118325272797829
-0.408091566482112 0.912940708672512 0.000731993652045201
0.00110786463591461 -0.0111993854007659 -0.999936671196028
-0.0811072085981735 0.99670506781613 0.000792781845943188
-0.24863727447372 0.968596514728554 0.000545342073773349
0.00384420005024323 -0.0135930659163316 -0.999900220364496
-0.735921734169264 0.677065610370627 0.00116637504860753
0.906650551801733 0.421881103186872 -0.00105436779258655
0.693215308272331 0.720729592109957 -0.00117959056939959
-0.00961114721085279 -0.000769807953883951 -0.9999535155421
0.00111838464323744 0.00596599465880818 0.999981577892073
-0.0817902084654731 0.996649303956801 0.000725755881358472
-0.0916221176002253 0.995793534709703 0.00078980808138847
3.28490456984896e-05 -0.00327291453425896 -0.99999464346135
0.000200788169888259 -0.00179057456583895 -0.9999983767621
0.679961932050796 0.733245889447348 -0.00149551673871982
0.00224659613946261 -0.0187333827495777 0.999821990744625
0.085240102913554 0.996359807048875 -0.00112238710582579
-0.0854467339935106 0.996342572539464 0.000577750192681367
-0.977255899462345 -0.212058099643545 0.00150643340772587
-0.799627932859347 0.600495087849586 0.0009046875730544
0.00250454730260039 -0.00490333607192325 0.999984842154207
0.00271560140222596 -0.00682221439449088 0.999973041086498
0.000586700906207353 0.0137558470998977 0.999905211733898
-0.00231219227637365 -0.00960099782233707 -0.999951236114888
0.944628018927763 0.32814062175117 -0.00127992709399505
0.0853847968162426 0.99634733376009 -0.00119456343830171
-0.876876863143808 0.480713484450796 0.00122993912434396
-0.94896314215448 0.315384445359652 0.00126746103701568
-0.00080154558139151 0.0155463555640138 -0.999878826835211
0.727861563843252 0.685723148618903 -0.00114338437725114
0.777138681754817 0.629328239097375 -0.00119866383172195
0.00407445329562791 -0.0218026721346641 0.999753990898826
0.0859510649876664 0.996298749052618 -0.00110320608924833
-0.0860476206462723 0.996290798051394 0.000672829274552168
0.505020415695996 0.863105407783743 -0.00185331721570116
-0.910894077464199 0.412637991192218 0.00136669875832665
-0.000622067464000164 0.0130215478843183 -0.9999150225508
-0.975560379275405 0.21972561988275 0.0016119414286848
-0.0800457570855471 0.996790854044277 0.00081857576443446
0.869094702969402 0.494644338848536 -0.00117273851413257
0.000586697986378672 -0.00725087370732358 0.99997353995791
-0.383899609128151 0.923374545073664 0.000734589175337892
0.595498574484084 0.803354210514196 -0.00186017110416005
-0.720768994577583 0.693174822145676 0.000849940545238016
0.00184427446901242 0.011741170145691 0.999929369293298
0.00176226161812874 -0.0151018531051922 -0.999884407552582
-0.819386559374865 0.573239948856373 0.00127567666893446
-0.819640183510877 0.572877244682087 0.00127753658080916
0.00533895335427381 -0.00987357055037862 0.999937002106467
-0.799033571449499 0.6012851244281 0.0012453265202745
-0.87173886940336 -0.489967035814398 0.0019098132378743
-0.00196888151683169 0.0125995046716645 -0.999918684687711
-0.00835245946504074 0.00203898661563918 -0.999963038794168
-0.00412481084280308 0.0174309811334427 -0.999839560545709
-0.977404554129785 0.211373899820778 0.00118829327661802
0.0041391852594698 -0.00976168916424015 0.999943786705057
0.683393176323531 0.730048304462049 -0.00179991847668902
0.00573985766837337 -0.00568919552322718 -0.999967343010883
-0.37946742219978 0.925204761587041 0.000790332663920466
-0.655711600859363 0.755010833942438 0.000968053715671459
-0.729426104167608 0.684058653505805 0.00114765965788104
-0.647894400744758 0.76172946727699 0.00103158397800612
-0.000157740765109877 -0.00180102690965707 -0.999998365708625
-0.100116032155065 0.994975343121849 0.000920154924692496
0.0866024858210673 0.996242318880906 -0.00111871372852258
-0.0866025160584099 0.996242666719886 0.000743787068762038
-6.97746384897521e-06 -0.00225570938289478 -0.999997455860011
-0.703043809393739 0.711145839641156 0.000998415853586428
-0.677539115788982 0.735485935215518 0.0010888875241497
0.0047248751674688 -0.0177892912117737 0.999830593987219
-0.00615604284993415 0.0025029315225489 -0.999977918991326
0.764130549503994 0.645058377664083 -0.00204761327016463
-0.583844769813657 0.811864637924161 0.00104615940927233
0.00010052481186373 -0.0104620451600413 -0.999945266255024
0.0293613779641102 -0.0152732666143504 -0.999452168345727
-0.849458094656597 0.527655125962082 0.00100671163892967
-0.0122267753171319 0.00186593974947472 -0.999923509191676
-0.0132772002224609 0.0183178878539056 0.999744052714906
-0.70180070960648 0.712372630307891 0.000999792007309527
0.939253145802889 0.343223672879114 -0.00101905581232175
-0.976561928829994 0.215230763859412 0.00158664688457966
-0.00173989505062227 0.0112383925316 -0.999935333558385
0.879014111458645 0.476794397670899 -0.0011376318443093
-0.998714478479519 0.0506750165468176 0.00119715218878977
-0.983438190257761 0.18123882308638 0.0013472003574358
-0.482374292673964 0.875964788798971 0.000854723152954991
-0.0803555933214188 0.996766101342093 0.00056377056319286
-0.00327861156507521 -0.0165070682079299 -0.999858373673684
-0.0130996154810119 0.0202433848883717 0.999709260456514
-0.000443648434037395 0.0122677886261006 -0.999924649430292
0.247637101552108 0.968852092587563 -0.00122009162393896
-0.384213209805724 0.923244056893275 0.000787922604521593
-0.000586308796230439 -0.0167116758270507 -0.999860178291469
-0.989189125851917 0.146639948464924 0.00126444079525089
-0.000569968048185437 -0.0118201919285837 -0.999929976647963
-0.247351242244496 0.968925737499169 0.00052741994236776
-0.902836699110343 0.429981590376355 0.00131403080676855
-0.373651621996519 0.927568825201718 0.000734774302089372
0.00617074708290861 -0.00961894825207026 -0.999934696725223
-0.00123424130278326 0.00175033568474194 -0.999997706484069
-0.873762607634387 0.486350820666649 0.00133594043002551
-0.967599011987478 0.252490160710378 0.000933137344353373
-0.00410334257404885 0.0367003848757267 -0.999317889527498
-0.619792270460647 0.784765597938902 0.000705527344716456
-0.604582518499298 0.796542044367943 0.000865955648203175
-0.835233091015704 0.549894821828548 0.0011698711474251
-0.913048613423348 0.407848957885836 0.00120709450307703
-0.00114039705337368 -0.00751644547608402 -0.999971100853403
0.720616546647007 0.693331146504967 -0.0019271701144833
-0.0063416054095955 0.00546570988235652 -0.999964954414059
-0.308941939019532 0.951078042598479 0.0023313519463179
-0.30903228337717 0.951051379781084 0.000566433746832201
-0.0320165545035429 0.00769192113822986 -0.999457740270655
0.309042198479719 0.951047888292161 -0.000913090271683102
0.381142063934094 0.924515531682824 -0.00132618900751582
-0.836512328334243 0.5479468236195 0.00118449572612524
-0.0041051487499507 0.0154891644663834 -0.999871608526752
-0.747236453605181 0.664557733464046 0.00083743458347542
-0.946118976749145 0.323817118119675 0.00116440878541735
0.0157932991204543 -0.00835766688478247 -0.999840347809156
0.005693843942862 -0.0108305246783029 -0.999925137135949
0.00144076644941072 -0.00890806306334607 0.999959284473372
-0.00933436155350786 0.00782753358404415 -0.999925796953144
0.73769261098355 0.675134873857819 -0.00158549716450353
0.838135997187606 0.545459817939437 -0.00127954359557701
0.403077821849752 0.915164465839413 -0.00150665116100347
-0.491663722896837 0.870783361063906 0.00176682808145289
0.660251498194851 0.751043173046005 -0.00145304936046715
-0.007653254598488 0.0117924535758417 -0.999901177983461
-0.38591842664185 0.922532599700172 0.000755293798006821
-0.00902803658919406 0.00947414302594272 -0.999914363917865
-0.824998822655586 0.565133550594881 0.00100628471139409
0.546014052725037 0.837774112893953 -0.00178605473921527
-0.871270633274301 0.490801284767983 0.0012579602125761
-0.76183375792274 0.647771467094799 0.001204868111844
-0.999038121395804 0.0438315280526201 0.00127638023919726
-0.00163941471099768 -0.000341722871756445 -0.999998597771459
-0.00591586127427894 0.00891212016797764 0.999942786713067
-0.00308687474027492 -0.0130698866070826 -0.999909820568043
0.00289303777796734 -0.00850619895097268 0.999959636641311
-0.782604088006291 0.622518944537509 0.00100256059539353
-0.0791166592057274 0.996865070896968 0.000764631746271618
-0.92397841423786 0.382443157638134 0.00105886649961352
-0.0098180780691118 0.00884853112901773 -0.999912650604986
0.00738382174066514 -0.0174262271512146 0.999820886851128
-0.6569745662618 0.753912032484928 0.00103274370705851
-0.882309751971132 0.470666746982222 0.00152146699363561
-0.806283461687113 0.591528052449407 0.00124200453206765
-0.0834232899343878 0.996514033747591 0.000578999678689353
-0.845016911463815 0.534738155059825 0.00123485358232992
0.500242109997125 0.865883666432457 -0.00181867839658763
0.903327299886923 0.428950428289296 -0.00114862937050722
-0.614077941817858 0.789244755214132 0.000998869225300274
0.591325761087419 0.806430535395989 -0.00190679189301607
-0.609188810849552 0.793024790842761 0.00082088032252674
-0.0088282105185463 0.00255035649925848 -0.999957778299048
-0.511624343889166 0.859208813452434 0.00086349617289966
-0.734179049418524 0.678955107085513 0.0010420928043026
-0.0109346226031309 0.0106918845958947 -0.999883051977738
-0.252243951146799 0.967663443482765 0.000670266312268036
0.00277756419601871 -0.00876256769114277 -0.999957750379782
-0.000452765807963775 0.0185417724223667 0.999827984044536
0.608989313235326 0.793177508525105 -0.00120678708722434
-0.00629967827867848 0.014693392704761 -0.999872200965908
0.00177606584198717 -0.00671034882887737 -0.99997590811415
0.00184675189514073 -0.00475126618648286 0.999987007404128
0.913083161714125 0.407772174446936 -0.00099676524564181
0.678680512122398 0.73443139058235 -0.00181521143537789
-0.793654427455194 0.60836760968491 0.00122526202806966
4.13478209944222e-05 -0.00226829527575993 -0.999997426560139
-0.648903888983511 0.760869736867243 0.000993167481632819
0.00125703097656292 0.0114146609044221 -0.999934060520773
0.510551861844839 0.859845043282535 -0.00181601465413703
-0.680214188949346 0.733012550566825 0.0011215451402214
0.000127282177480848 -0.00358095332326052 0.999993580265666
-7.97914108755721e-05 -0.00375826075118987 -0.999992934529768
-0.00275383225903201 -0.00504097460906197 -0.999983502355354
0.00184075763685688 -0.0020532173867695 0.999996197947615
-0.893055562872898 0.449944355136054 0.00135606156641992
-0.769816285621621 0.638264455583518 0.00117095277701483
0.00551219080145549 -0.00678274736176128 -0.999961804315942
0.454412372299242 0.890789789020476 -0.00171688037739383
-0.999648586539575 -0.0264746098065207 0.00134106861218874
-0.0103144047100874 0.0106495868802307 -0.999890093637674
-0.558774453055414 0.829318924441061 0.00111003447940202
-0.998967058735165 -0.0454218983433858 0.00129101235365455
-0.84985660134095 0.527012523154301 0.00124803675687091
0.00985382499428714 -0.016162733642374 0.999820818034005
-0.912676211521339 0.408682046380158 0.00105730297533403
-0.965712351000545 0.259610998092739 0.00133596193511024
-0.00243093250152862 0.0116975683720226 -0.999928626183567
-0.370093161294162 0.928994120788276 0.000987676116604179
-0.993882325551308 -0.110438269721954 0.0011452237968048
-0.00838316008692195 0.011599962429011 -0.999897576504015
-0.50618343009743 0.862425462516001 0.000810369583682559
-0.378281162084679 0.925690460795962 0.000730207658379577
-0.00304503570961253 0.0183463230977818 0.999827055138197
-0.698253498398197 0.715849879644393 0.00100089349451628
-0.411325406814222 0.911486396127412 0.00198982003654047
0.027157380974828 -0.0137054253341969 -0.999537211901086
-0.42108618649388 0.907020411279315 0.000630132322733381
0.414566793997 0.910018193386287 -0.00112295191648202
-0.966242504859704 0.257629622674708 0.00154897480063447
0.401400461566214 0.915900835193461 -0.00182470445571722
0.252795576333543 0.967518668203584 -0.00142241476212751
0.00226549011352094 -0.0236114249953766 -0.999718644501658
-0.0018303960103368 0.00557862390516892 -0.999982764154348
-0.712796588406081 0.701369866287964 0.00115508435012665
-0.793633894151692 0.608394506531739 0.00116896348211443
0.676714763734847 0.736243678942822 -0.00154070114860295
0.966928242546712 0.25504515335552 -0.00132042242733787
0.965713602508728 0.259607986652379 -0.000964984928733433
0.873196343011555 0.487367200192336 -0.00116564485574433
0.548117759835124 0.836398980788941 -0.00191475547941218
0.00943285794196392 -0.00617069170591891 -0.999936469859419
-0.948012101113385 0.318231920402468 0.00122514470287368
0.947722479915215 0.319093948389923 -0.00107385487090807
-0.946460301396632 0.322818276340097 0.00112175799771076
0.947501317255445 0.319749652612847 -0.00118888736241168
-0.873780805333853 0.486318419747476 0.00122427302509382
-0.802324799403387 0.596887001976068 0.000907267510330387
-0.00269948260217492 -0.00762821413836922 -0.99996726103545
-0.00897346074092083 0.00965738738140457 -0.999913102160031
-0.920730356802624 0.390197318989046 0.00128930829284606
-0.0123562654276123 0.00692104610881209 -0.999899705883266
0.0063275734903925 -0.0081600927505353 -0.999946685928818
-0.852877013659987 0.522110229554631 0.0013068147661513
0.657511974284338 0.753442674747501 -0.00146271734915917
-0.955186998842716 0.295998770704373 0.00158901961753794
0.00239051714698123 -0.00789702516657535 0.999965960631305
-0.895328734135228 0.445404213538411 0.00124273651269088
-0.00106445611012119 0.0131673453786218 -0.999912740167296
0.00396701604006081 -0.00751642744390127 -0.999963882398869
0.00391478068747984 -0.00809388464390706 0.99995958094492
-0.00214928471810425 0.00484994634723885 -0.999985929198821
0.0025558062602808 -0.00337704037614653 -0.999991031686114
0.765844035100235 0.643024390269363 -0.00159606394095587
-0.950561280352648 0.310534376174968 0.00128588800386837
-0.867401832825178 0.497606100261909 0.00149311541972542
0.00015611515741338 -0.00832478202367593 -0.999965336215369
0.00180846240376998 0.0054804423995978 0.999983346968758
-0.912555356554246 0.408951022487662 0.00133507694506093
-0.0022147471658643 -0.011172537560966 -0.999935132545827
0.00185418065788969 -0.0125028822383602 0.999920116784247
-0.739371650091673 0.673296737850694 0.00103239543268131
-0.774511527705835 0.632558602484165 0.00122795523242413
0.00607128552083392 -0.00839865458249926 -0.999946299604798
0.000667787608665316 0.0132378854684952 -0.999912152365413
-0.860395552025886 0.509625408090801 0.00119895052279625
-0.552797547632347 0.833315069145589 0.000931056682484387
-0.0122699268116307 0.0245235934399816 -0.999623950423772
0.00496818899083777 -0.0075045297762563 -0.999959498745319
-0.000159815257394876 -0.00808732594284833 0.99996728427393
0.406282627995974 0.91374567574701 -0.00180727483379011
0.00160198027842483 0.00795122442047714 0.999967105303671
0.769623790303302 0.63849640065019 -0.00125210060767255
-0.968403099336437 0.249388318809309 0.000950598258243181
0.00718883229491087 -0.0102129360993221 -0.999922005271645
-0.023802071917894 0.00477966032548931 -0.999705264675338
-0.913562332136734 0.406694921536277 0.00176241240731494
0.285147384755376 0.958482788084124 -0.00130916525109242
0.00706203651592944 -0.0139665878174702 0.99987752353225
-0.0100041356199427 0.0196555383083761 0.999756758959051
-0.00600962162573714 0.0185733073112741 0.999809440195199
-0.910833285545412 0.412772161937356 0.00136684750827017
-0.00399789910183161 0.00958862790052066 -0.999946036052825
0.787173350859709 0.616730419898627 -0.00130570592448985
0.460067105285362 0.887882591985516 -0.00166177117216599
0.00411708926723349 -0.00383322850401655 -0.999984177842431
-0.822997973725941 0.56804294683534 0.00124329948842292
-0.00996922081449319 0.00751072587451073 -0.999922098782295
-0.887054860535714 0.461661470089945 0.00153669592190991
-0.0040148399988066 -0.0096645929589742 -0.99994523685186
-0.438744790048874 0.898611383000232 0.000769121173946585
-0.827748705363087 0.561097987794291 0.00106247961511784
0.00040914766006155 -0.0102187675716678 0.999947703326283
-0.988253725276667 0.152818394449717 0.00105489080038847
-0.000974941885462018 0.0102343648531548 -0.999947152235743
0.00660804994196384 -0.0101868529050599 -0.999926278134471
-0.00276933333379957 0.0152445649912604 0.999879959810733
-0.606786577985101 0.794864176730153 0.000994649801121098
-0.603547479975264 0.797326647627025 0.000810184768448758
-0.00391318270909965 0.0100780781672499 -0.999941557963034
0.284335581790912 0.958723991748597 -0.00125879833959865
-0.000442490607467419 -0.0108873649961163 -0.99994063298053
-0.876548023642533 0.481312752757994 0.00126344010227946
-0.853170564217414 0.521630552338096 0.0012470847574435
-0.958312345092119 0.285719429258645 0.00136271352697983
-0.000207978057644353 0.00491003704114245 -0.999987924067777
-0.948498587282455 0.316779278107651 0.00114842709047276
-0.00888069531635097 0.0270073562280633 -0.999595786285771
-0.934612259832207 0.355665579828196 0.00138531469663386
-0.921729913268532 0.387830714295942 0.00114194338000808
-0.698099510342331 0.716000049644728 0.00100128344894095
-0.928052641312435 0.372446790325429 0.00129743180883225
-0.691644592357089 0.722237360210424 0.000976411529274008
0.00193110356065063 -0.00834199841697282 -0.999963340278757
-0.762761955193679 0.646678336806235 0.00115256871304149
-0.00942365468310549 0.00617485597542636 -0.999936530928887
0.00682413148467647 -0.00831574124204852 -0.999942138164542
0.541352148149082 0.840794710303749 -0.00145148875572726
-0.00412719971995359 0.0120988392255545 -0.999918288817574
-0.92366230399178 0.383205298571611 0.00128348402354083
0.00858221532201542 -0.0100551198816352 -0.999912616254207
0.60393542842848 0.797032335606983 -0.00120593772062691
0.0841711018921223 0.996450591614475 -0.00120169772803645
-0.00753316423706452 0.025244131738032 -0.999652932396725
-0.0074142452201196 0.000424661082910586 -0.999972423935171
0.929049324158025 0.369954282467231 -0.00108727442453599
-0.429537618911599 0.903048611844884 0.000799114999638557
0.516237524533235 0.856443550971481 -0.00180617362339295
-0.748833051388347 -0.662756450214802 0.00171722074637386
0.443160664227316 0.896440636761061 -0.00167643819698243
-0.00340631045239883 0.00991286062209598 -0.999945064612746
-0.908823308488646 0.417179152062641 0.00132250975303635
-0.999248575523037 0.0387380975097159 0.00128223106665232
-0.00366221242402864 0.00698895369696835 -0.99996887087868
0.562715444824213 0.826648942453222 -0.00168940736873276
-0.00821101845528604 0.00440478358136638 -0.999956587586445
0.00482897981588692 -0.0182526386052032 -0.999821745181553
0.000327782765234973 -0.00804847508664478 -0.999967556777338
-0.76714321784157 0.641474805698811 0.00116489199257496
-0.902861728676726 0.429928950619623 0.00134026489322926
-0.720869940584607 0.693069565613371 0.00105165680655838
-0.897862866153887 0.440273317742657 0.00129586488509979
-0.955893452414552 0.293710562606165 0.00134649343069525
-0.62577507245961 0.780002974153419 0.000958644872229749
-0.826582365168303 0.562814355609901 0.0012628191424902
-0.0107630890580326 0.00319044408338045 -0.99993698650489
-0.00674855158615138 0.00119454503236892 -0.99997651478105
-0.944321107997939 0.329022419733359 0.00137560981047951
0.864676039467345 0.502327996642389 -0.001389446044401
-0.904788960573011 0.425858626558578 0.00116919239290983
-0.93150720454485 0.363720308228636 0.00136574635468595
0.00103246985778292 0.00480854559085534 0.999987905874513
-0.947450629251374 0.319899093374263 0.00136937558732937
0.426111640644387 0.904669159061519 -0.00160696928205881
-0.00469481922141397 0.00639597191498349 -0.999968524612521
-0.00199481333536258 -0.0176485858487033 -0.999842261627952
-0.00444664532320036 -0.0129787590040729 -0.99990588515124
-0.594114547603335 0.804379853923207 0.000977204463811475
-0.00599229106856462 0.0036945715202174 -0.999975220987516
-0.867699332178642 0.497087953475986 0.00119810091128424
0.00128545885073432 0.00354234937258193 0.999992899653025
-0.378108429922879 0.925760942421277 0.000832291130155712
0.615562854760096 0.788086264956084 -0.00155268386017504
0.638052203919874 0.769991522912054 -0.00156195920760017
-0.967506506715554 0.252844454613217 0.000917188317926577
0.434505302608353 0.900667631903443 -0.00172012983999773
-0.91663413761406 0.399725453229008 0.00119155419183388
0.900518844285101 0.434815533990902 -0.00112360474975983
0.00653105301997136 -0.00410649825929155 -0.999970240566436
-0.652346442774595 0.757920455550331 0.000837650112702234
-0.000346481209310602 0.0119028643514974 -0.99992909837198
0.00161074606736602 -0.00990707368385799 -0.999949626425316
0.00324855345459835 -0.00558271829755136 0.999979139860859
0.593903894011163 0.804534159337603 -0.00171788745657623
0.247374912795919 0.968919142563144 -0.00116090219783534
0.634048708361303 0.773292025513116 -0.00129564778605412
0.512338299616587 0.858782904971921 -0.00117850497393393
-0.00219628811760578 0.00131994570010475 -0.999996717025538
0.881358866613771 0.472445971180492 -0.0011629946736125
-0.00422519602127176 0.000774318652516192 -0.999990774032044
0.000300111166536576 -0.00594796967384133 -0.99998226563777
0.903537702580617 0.428506866096991 -0.00121890240653838
0.90492752598794 0.425564330347334 -0.00108325683546504
-0.74154520599925 0.670901799507168 0.00121773460686337
0.00101549529312247 -0.00959516072503827 -0.999953449746522
-0.00819981495395851 0.00623535359282055 -0.99994694029248
-0.000622198710452161 0.00637152602114328 0.999979508052503
0.000290554405131598 0.020165592710273 -0.999796611540958
0.00552075502076165 -0.0167548934550979 0.999844385296687
-0.772061372688381 0.635547112821159 0.00105080313123531
-0.880020949422483 0.474933271269832 0.00123142944910208
-0.619599133052963 0.78491807682835 0.000725939461417293
0.000321122312199737 0.00738646240057329 0.999972668153318
0.879160577752137 0.476524301862101 -0.00112617110838405
-0.6316468288143 0.7752556445158 0.000984527922443856
-0.905189060596285 0.425006971258187 0.00135608213548415
0.0015266090850581 -0.00856495809973892 -0.999962154762595
0.00227594683428912 0.00775726450233836 0.999967321922796
-0.000585816318610339 0.0090686843384599 0.999958707039251
-0.541522912559315 0.840685186519267 0.00116290169020391
-0.00109048816832025 0.0104093255108391 -0.999945226888935
0.541705326013596 0.840566354127818 -0.0018825718500813
0.397015050430941 0.917810903671809 -0.00148149669421084
0.000391600575770864 -0.00542892753202528 -0.999985186587702
2.67131330706949e-05 0.0124440935704453 -0.999922568913023
0.394697742201064 0.918809814743617 -0.00148883584798529
-0.000534100911318486 -0.0169944468244191 -0.999855441308067
-0.944732643056746 0.327840222253031 0.00101084919680331
-0.874520030614372 0.484987761578819 0.00125983054579123
-0.856161478272754 0.516706978453583 0.00119228318026028
-0.980944285663989 0.194283016537574 0.00155496245220058
-0.00296521891883809 0.00855026829151921 -0.999959049355976
0.53926150107192 0.842137250129994 -0.00137310056134528
0.00510057394739619 -0.00787813951628566 -0.99995595856176
-0.849989806853457 0.526797593318717 0.00127433073795009
0.640586914101013 0.767883540588805 -0.00180930244638971
-0.25153370044469 0.967848249147348 0.000751107857881136
-0.956685114083895 0.291120457792297 0.00157211484571709
0.612216532070326 0.790688583074079 -0.00157558119085518
-0.227763205595509 0.973716174790916 0.000856228593781764
-0.916548769231914 0.399921049737309 0.00122784220157923
0.915166493913806 0.403074676034865 -0.00104592394573544
-0.346123664920155 0.938188316036376 0.00104510050725283
-0.651751882951848 0.758431562502352 0.0010237523932052
0.00289856025756905 -0.00609804335635626 -0.999977205848042
-0.00771867345062185 0.00544703117657818 -0.999955374970065
-0.417387534318125 0.908728374101934 0.000623135532421203
0.00149178702882934 -0.00705975426536617 0.999973966881725
-0.00244122426171616 0.029979429408666 0.999547534755819
-0.00282424071552146 0.00528575802584715 -0.999982042051993
-0.945380069678914 0.325968467769266 0.00104013174560908
0.00645727643599274 -0.0146701945669566 -0.999871536234729
-0.998910437581447 0.046652288399562 0.00122542969075907
-0.104482705590698 0.994525599309953 0.001482076120265
-0.0315728445400659 0.000994350722509174 -0.999500958856113
-0.104537556512276 0.994520894180604 0.000300527294387413
0.104546594973754 0.9945198148283 -0.000589400777820733
0.00967787172589655 -0.00731191220358932 -0.999926434663463
-0.91472369412975 0.404078518187952 0.00105571618046185
0.00129840615341875 -0.00722353038584454 -0.99997306701242
-0.00254341553619309 0.0139131936985703 0.999899972036461
0.000863525667645057 -0.000941580754126654 0.999999183874219
-0.896744226200999 0.442547732398349 0.00113900142679176
-0.377235234249999 0.92611719201928 0.000724352587819341
0.542125467328038 0.840295652197389 -0.00178733671183389
-0.00395469065706884 0.00679875036445352 -0.999969068229257
-0.843532148530251 0.537077283685749 0.00122708788392982
-0.00575793760882848 0.00504151716423103 -0.999970714200759
0.00761345031683332 -0.0120696031273968 -0.999898174843129
-0.0134902298202985 0.0186607019816169 -0.999734860801077
-0.000138579165142814 -0.00187553319488536 -0.999998231583961
-0.074916814375806 0.997189248670288 0.00103598270625615
0.0742160841059393 0.997241591415594 -0.00108683525638363
-0.074903384253625 0.99719053339238 0.000723284158574765
-0.862840454868652 0.505474175720439 0.00148563851647534
-0.984427046511299 0.17578826637273 0.00136948994524293
-0.89382200072808 0.448419793272527 0.00138564637470477
0.000108850617774884 -0.0151180748825405 -0.99988570945053
0.00286642843977561 -0.00677741705649661 0.999972924736486
-0.00969152152737588 0.00583473238242533 -0.999936013107094
-0.510199800050848 0.860055621724124 0.000701119679933628
-0.886620656797299 0.462495657422454 0.00125610735967252
0.678782389170713 0.734338533339125 -0.00117754194891581
-0.0100629217343743 0.00415948860575111 -0.999940716373079
0.542238401498297 0.840223553996629 -0.0013766807349987
0.762390665848475 0.647116176776701 -0.00106131099382015
-0.794947010818858 0.606677839778664 0.00111745767549069
-0.732741884245796 0.680505907938427 0.00101996706704574
-0.521534096620477 0.853229043268989 0.00154459850730657
0.841942011730019 0.539566508497099 -0.00127741624349964
-0.918045048342366 0.396474143583477 0.00124204823237019
-0.808916421445875 0.58792232072765 0.00125216029883431
-0.541637632261438 0.840611226933299 0.00120019661592535
-0.906619376483966 0.421947731460289 0.00119083976274554
-0.028012921418668 0.0132699370713491 -0.999519477050705
-0.229430003240493 0.973324746414829 0.000900904865413179
-0.964397138124392 0.264454936645895 0.00132153739935472
-0.00212811843033098 -0.00991527073010581 -0.999948577937033
-0.00172502474279124 -0.009288306293417 -0.999955374832215
-0.775498566796326 0.631348225831997 0.00117925215021718
-0.000901220546993239 -0.013991648101745 -0.999901705961602
-0.916514784750388 0.39999810651995 0.00147109292881817
-0.00285966004273463 -0.0108987937592517 -0.99993651730449
-0.000931202834144886 0.00652864275623595 -0.999978254606091
0.85926032351147 0.511537142522366 -0.00120343633647076
0.00341103663497284 -0.0049190614007778 -0.999982083671508
-0.920854160933577 0.389904717361583 0.00138768530355657
0.535095209532248 0.844790622083694 -0.00138620888893669
-0.000757100731854842 -0.008155832801889 -0.999966454032229
-0.822574757074104 0.568655552004094 0.00127757559398873
0.00313761356936222 -0.0174585642587739 0.999842664580339
-0.805875904316073 0.592083178610281 0.001239536001048
-0.0144679222548707 0.00455071874889066 -0.999884978477272
-0.0113657554312507 0.0095221051747142 -0.999890068515794
-0.00474173168886812 -0.0184191684198941 -0.999819108746832
0.700747128644447 0.713407837374232 -0.00164902079545496
-0.0109328179920927 0.0133467383799848 -0.999851157955707
-0.00456655528779733 0.00813640689813774 -0.999956471780443
0.00184165695080415 -0.00486068231500941 0.999986490942307
-0.00910375538989077 0.0161773072166216 -0.999827693339718
0.000503864738310793 -0.0119186455721138 -0.9999288434724
0.562681728295475 0.826673001057619 -0.0010109227509225
-0.00447826891115402 0.0170950357169992 -0.999843840237761
-0.800338421252608 0.599547192413071 0.00125520376270222
0.00780923014052543 -0.00742422667239002 -0.999941946706372
0.00685255938110758 -0.0176467090704414 -0.999820801988492
0.428437891885122 0.903569850984288 -0.00158024974708424
0.000741040324834641 0.00847838795521985 -0.999963783242632
0.919815891065699 0.392348711431041 -0.00110235267334698
-0.893283022097725 0.449493026472263 0.00120896019790111
-0.0709024077453712 0.997483075822774 0.000601683511186803
-0.981972872712369 0.189015614759828 0.00154098474436939
0.869634166360177 0.493695353945972 -0.00114638178711946
-0.00975011208390995 0.0069981378122047 -0.999927978097179
-0.850042637798191 0.526712435649983 0.00123452693631478
-0.000244481890211692 0.00678966710639567 0.999976920058253
0.00228733676230503 -0.00976872267173148 -0.999949668807335
0.397937598361678 0.917411196270059 -0.00153778037405051
-0.990982277290566 0.133986868068598 0.00128268514114218
-0.737332845265502 0.675528683198818 0.00112848054955227
-0.966059593284725 0.258317325058275 0.00101083989318804
-0.999977411964108 -0.00667832103211939 0.000758676318290354
-0.000714971455792869 -0.0113446129745353 -0.999935392199054
-0.608618473997413 0.793462578743299 0.000830206658311676
-0.00167674757353577 0.00119712446413356 -0.999997877703044
0.0109962568479306 -0.0130422312521929 0.999854480681713
0.009203386717386 -0.00972840903036585 -0.999910323844428
-0.00238119132029078 0.0158632227109203 -0.999871335769318
-0.736903090938355 0.67599729544563 0.00122111248078815
0.566837145108419 0.823828298429702 -0.00160798997493698
-0.617462213811138 0.786600022206579 0.000905306609872558
-0.000222146338720796 -0.00930554072682772 -0.999956677842988
-0.999995867839679 -0.0027846381202434 0.000714208728197001
0.703346495601526 0.710845302779304 -0.00163176029231564
-0.971146556981867 0.238477706216019 0.00165786013001772
0.891629349873133 0.452764507408859 -0.00118459935269543
-0.00136220833554672 0.000136508333143886 -0.999999062876524
-0.238743466650213 0.971082028819912 0.00111822843920655
-0.00103737648174226 0.0167780191611929 0.999858700978824
-0.965654750938387 0.259823806839772 0.00157841357415017
0.227240197273886 0.97383789140514 -0.00128608184674845
-0.40452828686987 0.914525171498262 0.000758826858801286
0.635080294940173 0.772445083679634 -0.00126951875318361
0.00277174075308516 -0.00403257454533779 -0.999988027826201
-0.491862561071487 0.870672170877802 0.00109173033942147
0.00124079274028779 0.0153206806826483 -0.999881861610058
-0.795984386563472 0.605315930187108 0.00121696708583915
0.859225326088018 0.511595944543936 -0.00119521342719371
0.587726442342306 0.809058556294731 -0.00137166247395328
-0.989014294142556 0.147816236772232 0.0010421747438094
-0.999710273716914 -0.0240600480366488 0.000694775738144872
0.382192413879029 0.924081452372691 -0.00155825354131255
-0.862763575182579 0.505606696179133 0.000939210836799626
-0.0760462231234242 0.99710401268453 0.000748222608401372
-0.00207619177550942 0.0104791548583494 -0.999942936742475
0.6330900239834 0.774076562813154 -0.00158001141494624
0.00366888336424893 -0.00522599801503795 0.999979613912007
-0.00137757031759731 0.000122062405722742 -0.999999043699937
0.00239418098061652 -0.00387690553524192 0.999989618696566
-0.67310537972007 0.739545866193745 0.00102936273723633
-0.972208641461948 0.234110349941602 0.00164362919601421
-0.381536323151154 0.924353498717804 0.000802199759026898
-0.877470424455099 0.479629032392425 0.00128276766963428
-0.774993844229724 0.63196779773994 0.00111535902945897
-0.00132238291313555 -0.000961397468812274 -0.999998663508276
-0.9968501034757 0.0793000972298457 0.0011686658303617
0.735118144485654 0.67793760155792 -0.00138637724399835
0.271844045041852 0.962340267799422 -0.00142272520894889
0.355941455761395 0.934506775525564 -0.00166330011505592
0.00804740083855076 -0.00802633503665153 -0.999935406556655
-0.0100451958982507 0.0043993896879808 -0.999939867896935
0.761436099491088 0.648238000097307 -0.00160050668280795
-0.00453222301460823 0.00657762706059042 -0.999968096379478
0.00116994378326453 -0.00941523384265446 -0.999954991288724
0.589919194989294 0.807461125035091 -0.00136928457574124
0.00357756185579126 -0.00961483736055608 -0.999947376592238
0.427331157914223 0.904093711976123 -0.00162525103441625
-0.941250774326328 0.337706415170246 0.00116489611140264
-0.00891924625856809 0.00559803275104012 -0.999944553000564
-0.647232497508529 0.762292062786495 0.000951410312915922
0.00158074519592848 -0.000753118750548828 0.999998467027212
0.00154304148508238 0.0140179599519322 -0.999900552966024
-0.665167364798607 0.746693583407105 0.0010340723061228
-0.00074287326263873 0.0107378308223664 0.99994207188644
0.00601305116091103 -0.0132623044984284 0.999893971626556
0.00235442251970785 0.0098807567706061 0.999948412339476
-0.00399612728040295 0.0309272708523195 -0.99951364917363
0.377666329208888 0.925940434510473 -0.00156701003168704
-0.000107849787698568 -0.00150952425147284 -0.999998854851823
0.0019345138087156 -0.0113132180573551 0.999934132207472
-0.0066234463855538 0.0150569677786575 -0.999864699686558
-0.00261973533701313 -0.000445904913190458 -0.999996469071553
0.00955584533247776 -0.0136582643842211 0.999861059164718
-0.474422741399958 0.880296335223697 0.00119358044476733
0.0139634446842622 -0.00691270203406148 -0.999878611013926
-0.855866849526844 0.51719562420979 0.000788783392886211
-0.940263628689579 0.340444887133397 0.00125991596328889
-0.414811415684947 0.909905215535976 0.00199703727537883
-0.343296444940649 0.93922664831471 0.000924113969680141
0.0180214832727142 -0.0149617883631313 -0.999725647880271
0.825980849972663 0.563696950696519 -0.00117611814169869
0.0113637044799032 -0.0201628802616095 -0.999732126361882
-0.880526444246705 0.473995347538051 0.00126154450452068
-0.699720512001467 0.714416088857674 0.000925778434717095
-0.225939160693406 0.974141111296453 0.000768730947799263
-0.597418914403567 0.801928821159092 0.000898057487955283
0.00210219481556591 -0.00780703140814578 -0.99996731498462
0.00143358029147252 -0.00228078149439311 -0.999996371435078
-0.842488162289618 0.538713427021883 0.00124094649366836
-0.841962953200578 0.539533443590747 0.00143132276988752
-0.656051637748208 0.754715520346246 0.000855544498290887
-0.387284249097536 0.921960063292723 0.000743030441040625
0.241977138393143 0.970280866398158 -0.0014507917514845
0.719114920998301 0.694888531380268 -0.00191294374785834
-0.93272030268005 0.360598789509683 0.00116188320747635
0.390630062082684 0.92054670827833 -0.00138292270573592
0.366850113172461 0.930278989486682 -0.00141286410871052
-0.00799678820042822 0.00168869150466484 -0.999966599291936
-0.511368016557449 0.859361539594489 0.000704207277465328
-0.91353715321183 0.406754939068368 0.000537815130142134
-0.233282576197317 0.972407091872821 0.00192023909576122
-0.233338569437765 0.972395301470284 0.000699779432002363
0.01988291560923 -0.00679766038040692 -0.9997792063652
0.230249981606513 0.973130894173043 -0.00109944357502108
0.829203426961771 0.558945544797463 -0.00124686243134737
-0.594857656031989 0.803830475622612 0.000967223062437797
0.000459934418727134 -0.0174314371766245 0.999847955170329
0.770397076536549 0.637563182325799 -0.00123814641236663
0.481811197983705 0.876273589035483 -0.00160207876863622
0.890797720096953 0.454398628921179 -0.00114363657841157
0.411659785049125 0.911336898472521 -0.00113086506449385
-0.84172538101932 0.539904456505666 0.0012493170944262
0.0144352527626234 -0.0207740976300322 0.999679978965937
-0.00408281150929683 0.00758307817253384 -0.999962913100085
-0.852861818594257 0.522134775301107 0.00141237578564886
0.508785420053024 0.860891836665581 -0.00162539350032231
0.00493795858541714 0.0339253323257123 -0.999412171424582
0.910985094631543 0.41243715112758 -0.00132428430602343
-0.221457778764204 0.975169786317083 0.000583163030577514
-0.00043984277257503 -0.00798546822806659 -0.999968018906362
-0.693871538768367 0.720098231980805 0.000907736381238747
-0.00261590865451355 0.0116274663092192 -0.999928977002437
0.518203529448431 0.855256667039748 -0.00106562247110811
0.00341035260095853 -0.00543044972293833 -0.999979439644108
-0.561851863600868 0.827237387966833 0.000887309440216963
-0.226814555718523 0.973937531958265 0.000917146255084378
-0.723734228298528 0.690078054326707 0.0010226073536173
-0.610807651833316 0.791778483855871 0.000919219651918454
-0.761659161133299 0.647977181994349 0.000945450359265644
-0.767983993568572 0.640467945317257 0.0011817967498889
-0.828603111967492 -0.559833354090829 0.00187042380233441
0.92421454621166 0.38187129265257 -0.00133731770012833
-0.696717584132629 0.717344979882553 0.000887579682653179
-0.0068785692666443 0.0125174942127258 0.999897993609087
0.000597986438818862 -0.0116254878904004 0.999932242926254
-0.880370018939678 0.474285823169898 0.00126003658824164
-0.987093820378734 0.160136503303909 0.00144571079816831
-0.564235060124911 0.825613657849476 0.000940690303352023
-0.953372393331275 0.3017921472899 0.00160607221112543
-0.640666250770266 0.767818979089013 0.000877766868591659
-0.379734067245038 0.925095342861639 0.000802987700206678
-0.692168856496023 0.72173498930433 0.000937715770329673
-0.00865277001125955 0.00311136590410213 -0.999957723593024
-0.0124721439506179 0.000765469815010723 -0.999921926792906
-0.237461894612799 0.971395017271872 0.00188918667121172
0.237868319632032 0.971296727034933 -0.00115350191186468
-0.241066066464666 0.970508422628112 0.000743778963857677
0.933628990801279 0.358239115086829 -0.00128216893990502
0.779087771264218 0.626913469884069 -0.00132134192044845
-0.362611130190666 0.931939936425251 0.0010597912751879
0.000672486084226313 0.0097338200697298 0.999952399121737
-0.0019852487686465 0.011088633945425 -0.999936548479228
-0.00563633389970379 0.00936842595591772 -0.999940230381436
0.358478073931527 0.93353657847501 -0.00171089436113927
-0.872767027434884 0.488135351382388 0.00126275621887901
-0.875078129691342 0.483980012936039 0.001270438638764
-0.611918265340491 0.79092021378909 0.00111891130338479
-0.013690321322961 0.0236185905576917 0.999627299188124
-0.969479132369487 0.24517196766726 0.00095821201769046
-0.953505295805604 0.301372145225358 0.00157510410248618
-0.949591010040105 0.313489767277535 0.00103897222789909
-0.94713659822488 0.320826870356759 0.00154387826229382
-0.971758584749416 0.235974895247908 0.00104965639703175
-0.867337250426275 0.497719457009573 0.00119838937105338
-0.906546475254139 0.422104478105704 0.00113919594766393
0.0140900842651009 -0.00299211130978023 -0.999896253015938
-0.0853217440930343 0.996352807562153 0.00113262877340153
0.0789964302877658 0.996874296117481 -0.00109623996806932
-0.0793709358022335 0.996844886383478 0.00072597588637862
0.483468384270839 0.87536035077219 -0.00160552375667003
-0.999099513099898 -0.0424081337645947 0.00130885986687051
-0.000804505732088825 0.0121259317353276 -0.999926154548463
-0.787831416342092 0.615889566209772 0.00130447627494233
-0.0146436788410866 0.00990239212626156 -0.999843740441564
-0.00544672606294955 0.0154689490460724 0.999865513351973
0.501445313350992 0.865187909917015 -0.0015742464074813
-0.00261987663528205 -0.0125202794896779 -0.999918186077199
-0.92731233737281 0.374285799301367 0.0014033522412814
-0.000788505433179721 0.0139382867502357 -0.999902546462229
0.79206124007537 0.61044057140764 -0.00114050417819599
-0.970324806148809 0.241802951815328 0.00105026933233118
-0.891979714722715 0.452073460154549 0.00133234645550369
-0.871736680062732 0.489972903264509 0.00130946544636409
0.00320064363361069 -0.0112369183207779 -0.999931741443876
0.00360846168872825 -0.0149267143552016 0.999882079148736
-0.522957865737473 0.852357857638785 0.00107386439025175
-0.000429037516361213 0.00926083108224122 -0.999957025543836
0.00459996660637832 -0.0109421909432188 0.999929551900824
-0.987266623492052 0.159067652705272 0.00144775738244258
-0.593828384084079 0.804591248085941 0.000879636060747703
-0.387556247607415 0.92184575756153 0.000744450313789177
0.00552205014820015 -0.0036423240348196 -0.999978119979526
0.0217163692527155 -0.0225546192100933 0.999509724044127
-0.928048203859628 0.372457373990125 0.00142684031952115
0.000509743887936504 -0.00173675044397463 -0.99999836192819
0.503730035002587 0.863859900701277 -0.00145732517753018
0.822052573758489 0.569410167516754 -0.00127558048975209
0.00626837387363816 -0.0220049477036031 -0.99973821061593
0.002689072665073 -0.0205867890899848 -0.999784453271387
0.380132344470369 0.924931226078192 -0.00127581854238764
0.00102811876866888 0.00150203399907665 0.999998343431459
0.50117554302897 0.865344444201054 -0.00143804032809483
0.898006630448221 0.439980572231054 -0.00108983038408517
-0.638351643125879 0.7697443511432 0.000901998683199588
-0.00355366236740064 -0.000110956541513433 -0.999993679566238
-0.0310332417046316 0.017994215988098 -0.999356365917722
0.00136403305553849 0.00634867383488836 0.999978916654927
-0.00402549250731362 0.00808431664712965 -0.999959218785658
-0.75879557629407 0.651328237452887 0.000894702780520128
-0.848365328904197 0.529409716961332 0.00127291012863091
0.00665832375424841 -0.0303241021136057 -0.999517941587737
0.00371044725446955 -0.0129234190128657 0.999909604825451
0.482318679265282 0.875994844614691 -0.00131295098065734
-0.371551852251224 0.928411355480589 0.00125542955973434
0.00281070247055435 -0.0110741517422899 0.999934729427282
0.917832247181465 0.396967012772685 -0.00107554830334365
0.819247327195776 0.573438918345339 -0.00127428784246705
-0.851241888837456 0.524772922768081 0.000791339298624182
0.00244461082828159 -0.00277433206865024 -0.999993163456366
0.0051723221543171 -0.0108243387502501 0.999928037797797
0.0049575776133999 -0.00778484398099082 0.999957408407178
0.834376154352206 0.551194215838781 -0.00117024539938146
-0.00124172389260129 0.00783630887307056 0.999968524697163
0.838644087458734 0.54467838878681 -0.00124392890174072
0.484690816539765 0.874684589168356 -0.00129685519652082
0.00119605131249824 0.00637310396663092 0.999978976282546
-0.905960529847899 0.423360104391277 0.00131922989668272
-0.00614300060784458 0.0179109820849645 -0.999820714060418
-0.00354761615095843 0.000548685953446621 -0.999993556660927
-0.604629556739048 0.796506317654699 0.00088603255763038
0.0139873037447486 -0.0161256692277091 -0.999772133101294
-0.375294041418821 0.926905037843979 0.00119720298232024
-0.759254129207875 0.650793196574512 0.00117582869519459
0.832387582383328 0.554192685262991 -0.00117485958021634
-0.235880072490876 0.971781962683306 0.000639065786970444
-0.00483634951073229 0.0227080464118211 0.999730440844715
-0.930949519869377 0.365144774258125 0.00151171656061629
0.00106215296574198 -0.00784847061403686 -0.999968636178204
-0.00494140714075779 0.00855466071591927 -0.999951198946981
-0.00329098792738265 -0.0158151719611598 -0.999869516354159
0.913378086169433 0.407110832827003 -0.00111422635416688
-0.347010484885339 0.937860869273237 0.000844550584054249
-0.8476510440124 0.530552833054117 0.00118276072755386
-0.0105837093841727 0.0219575329179416 -0.999702881782297
0.796297925511752 0.604903402469289 -0.00121963386213669
0.0166774168443887 -0.0121474740295051 -0.999787128663948
-0.950157815564862 0.311767698346624 0.00101379912090416
0.88933475609389 0.457255241906933 -0.00115557433893485
-0.0131496022756897 0.00552867947009313 -0.999898255655698
-0.000407980362457366 0.010113007333324 0.999948779005555
-0.911245827434445 0.411861380117678 0.00111604250605038
0.791500088517638 0.611167944657529 -0.00116331408571679
0.371138991796858 0.928576242908725 -0.00141770008396798
-0.230079170972455 0.973171326619093 0.00106964062314823
0.798438053092346 0.602075839170493 -0.00116587360035771
0.423731619109704 0.905786476124763 -0.0015409854484353
0.382072456335373 0.92413144073187 -0.00131086257560374
0.896778885543112 0.442478111208239 0.000866917322277934
0.736758543985722 -0.676154657924877 0.00131393703458263
0.987360107832138 -0.158490605540054 0.000863375501010159
0.848446287121453 0.529280894252984 0.000795517808099298
-0.00567696170920799 -0.00438073447183612 -0.999974290305126
0.00714375044070125 0.0104001803048418 -0.999920398371424
0.989383173962798 -0.145326612277306 0.00105396551294056
0.00191540205751267 -0.000242743614088349 -0.999998136153511
-0.00295252847854254 -0.00845717586741598 -0.999959878571101
0.00399228890360747 -0.000856117479424397 -0.999991664311344
0.00388099286594793 -0.000780790380442169 -0.999992164099678
0.00790777494410092 0.00821602274839574 -0.99993497991901
0.999958156020275 0.00908763432270307 0.00104933833804495
0.916200956726026 0.40071783185254 0.00101298060935701
0.987905627856987 -0.155053962137316 0.000859810451230419
0.997886851453234 -0.0649706269184751 0.000805812988015493
-0.005361280763027 -0.0101844902567119 -0.999933764219806
0.991055499879353 -0.133446453693872 0.00101988009871928
-0.00136599082985784 -0.00224418957446404 -0.999996548835148
0.967460862259699 -0.2530185430509 0.00104731471895027
-0.00905864747277247 -0.013880884840327 -0.999862621534585
-0.00368216557938839 -0.00268793228127835 -0.999989608284355
0.784266093301676 -0.62042360501009 0.00111590483940347
0.839021331135895 0.544098003459249 0.000754009687833692
0.957008489234196 0.29005846386874 0.000916008618482368
0.953761314075827 0.300562744422085 0.00118001602370001
0.898318988256006 0.439342957697158 0.000872273247901274
-0.00790331864827081 -0.0165051067730783 -0.999832545481869
0.473937461923759 0.880558394738454 0.000442313127978059
0.00254934309137436 -4.68108763314842e-05 -0.999996749323989
0.99999720921966 -0.002183461820504 0.000902245737166673
0.971883797074219 -0.235459012928249 0.000968615224758219
0.00493977632035124 0.0038202437044168 -0.999980501983886
0.840990363179342 0.541049520206008 0.000791027386536707
-0.0955780054208437 0.995420762814106 -0.00153291824859803
0.978227263701921 0.207532593508111 0.00128186662679479
0.994607635050689 0.103705716032367 0.000881340506567332
0.870942011249244 -0.491384651904376 0.00106626166487486
0.966540851597627 -0.25651074321213 0.00101035127319388
0.988346947660858 0.152215557667192 0.00085735262928344
-0.261340677723799 0.96524534194 -0.00157481109926296
0.999646470178838 -0.0265443646195652 0.00152688111294391
0.934910194869255 0.354883432605905 0.000822673314063152
-0.770854623496154 0.637009971520222 -0.00120233872420224
0.000711148370218278 -0.00170407719096794 -0.999998295193008
0.00675301003627725 0.00605261093847367 -0.999958880532733
-0.0111326321164564 -0.00588613551285124 -0.999920705811658
0.984313780334543 -0.176419245528619 0.00162223630655443
0.0062216717174334 0.0107019848341933 -0.999923376225223
0.940585378410082 -0.33955661407392 0.000672130804072085
-0.250960285145991 0.967996437215776 -0.00135381572110926
0.0139387052613243 0.00690390280649322 -0.999879016992394
0.849391368358161 0.527763018956705 0.00070652696738936
0.249913972584336 0.968267965118485 0.000392469647450036
-0.237344330634626 0.971424618312815 -0.00137100379419153
0.796279952191782 0.604927734122005 0.000821113554874157
-0.00451988921700247 -0.00875838857546363 -0.999951429435964
0.00488867298935104 0.000912176346198496 -0.999987634328903
0.855241700861055 0.518228676168478 0.000819942044488302
0.999971422303444 0.00750951382566741 0.000872799249414859
0.608787836613046 0.793332805216481 0.000655865348588268
-0.00571958461606385 -0.00976096362223432 -0.99993600292268
0.957575217292324 0.288182050485551 0.000899447331686256
0.0178225025343864 0.00579180413115225 -0.999824391284949
0.972430004029008 -0.233188547966948 0.00172868771307849
0.914872106261033 0.403743303057918 0.000611899814894128
0.00671363067083914 0.0103867650924068 -0.999923518212333
-0.0108423643095369 -0.0117734269029254 -0.999871906573607
0.998884317622625 -0.0472140796843226 0.000975031869402824
0.999999370300488 0.000692599208716143 0.00088300903967123
0.949494982473026 0.313780932996582 0.00089685357924553
0.00235038479453227 -0.000367209973787282 -0.999997170420073
0.0224848224055142 0.0230918310944104 -0.999480465090789
0.934233740763157 0.356660422647265 0.000812734121829731
0.772941813264182 0.634476449219908 0.000767263432915469
0.00509671681572749 0.0037546657483006 -0.999979962780664
-0.00159375915742024 -0.00680530700249019 -0.99997557356585
0.0145397172985095 0.0125601773465623 -0.999815402244786
0.922322803985521 -0.386419073777671 0.000971940889821846
0.995830477362095 -0.091218403730455 0.000929073544152982
0.998211319701728 0.0597763665841677 0.000973250907526648
0.894228189082869 0.447610857372477 0.000682797077644764
0.0102328335520556 0.00911907216317152 -0.99990606140796
0.0149844206773965 0.00230747805369279 -0.99988506473594
-0.00244989594289309 -0.00322987642780591 -0.999991782920305
0.00407115042942774 0.0082096597306446 -0.999958012729179
0.255519595676461 0.966803794977203 0.000397797708744358
-3.48906020672889e-05 -0.00265913325178461 -0.999996463890246
0.00317381579899501 -0.000561123579945452 -0.999994806003312
0.971576984270531 0.236720589333995 0.00123540323241369
-0.00261840753123626 -0.00304226710690257 -0.999991944243978
0.926324794513284 -0.376724383068096 0.00105559077476284
0.0891506975619483 0.996018013407346 0.000519704052594264
-0.00517118578356395 -0.00969949757382381 -0.999939587467367
-0.0104210868349422 -0.00473494476526198 -0.999934488477745
0.909079459849651 0.416622333225814 0.000605918267267176
0.946517714491785 0.322650504579975 0.000931690686754172
0.97310853062932 -0.23034076321788 0.00170892265797152
-0.00261592489192681 -0.0101009739876476 -0.999945562148991
0.984871334058473 -0.17327900996522 0.00168524637854613
0.0085449867117567 0.00331198529380214 -0.999958006096011
0.583105554343553 0.812396190235293 0.000585307507755959
0.999136946978685 -0.0414957573699189 0.00186099500519372
0.932790204813213 0.360418890788897 0.000810535024413057
0.874070259429757 0.485798914997248 0.000771860021469991
-0.103886312075863 0.99458803186583 -0.00151030875328698
0.236136137092334 0.971719708195976 0.000730385267403797
0.846198623445289 0.532867071824031 0.000757261501013097
0.910650307097982 0.413177085139718 0.000845279715777801
-0.00157565582421854 -0.00202887862773701 -0.999996700474675
0.0113704606064447 0.0155923500337195 -0.999813778283748
0.925357022248379 0.379095065632907 0.001145682501462
0.997886043290784 -0.06498286054875 0.00082002461315204
-0.00406082360207781 -0.00990960376228945 -0.999942653088139
0.966988365394609 0.254819315239019 0.000785985101196122
-0.0284134049270698 -0.0151632317107611 -0.999481242857782
0.995901322589302 0.0904390771049553 0.00115282144423193
0.995889247459015 0.0905707043888919 0.00124671649420415
0.888437947808891 0.45899592993412 0.000865561689716259
0.999525585755632 0.0307798104939869 0.00109849251971146
0.952260795895854 -0.305285325989572 0.000496321706791917
-0.00157450881962834 -0.00989811810604042 -0.999949772828584
-0.00265389734422948 -0.00230569796653894 -0.999993820273792
0.996256735797467 0.0864336637511035 0.00131838868945986
0.760870851632696 0.648902955726334 0.000707944463820036
0.969532396965975 -0.244961002160111 0.0010191438192503
0.994732436892337 -0.102492949438534 0.00160446552570101
-0.0241311509737554 -0.032020917068708 -0.99919585088348
0.895597936507006 0.444863593228028 0.000848259771503432
-0.00161815524932718 -0.00564221232798179 -0.999982773358439
0.996798430988304 -0.079937239267398 0.00171048459862033
0.874092010661597 0.485759842210497 0.000729789832469986
0.566286582683528 0.824208014676316 0.000809206980530475
0.968420843145672 -0.249314850676962 0.00178207546120057
0.999993750115264 -0.00343070237790836 0.000854407165927685
0.779885303801131 0.625921901470839 0.000828356292441864
0.995914097457965 0.0903015909172705 0.000856248968564982
0.00204645228039396 -0.00144958453278823 -0.999996855363929
0.925279550766206 -0.379284666439238 0.000945905895681008
-0.244715607675774 0.969593893031416 -0.00139783978327627
0.939620176563833 0.342218082795963 0.000841190588425565
0.91211110090715 0.409942296376098 0.000808235014714513
0.809826351685211 0.586668848855197 0.000970514884083233
-0.00198628362722952 -0.0103270170551771 -0.999944702169122
0.0880070387197783 0.99611974255144 0.000468652354042806
0.99620826956084 -0.0869977947122361 0.000683647427801029
0.99463898963893 -0.103383138678959 0.00228186917597032
-0.00257140517779833 -0.00819564348108915 -0.999963108971197
0.81090690829482 0.585174269479191 0.00102976659028332
-0.0024710263214428 -0.00892359003943491 -0.999957130865982
0.858573282660793 0.512689929459243 0.000977001610050401
0.954669154750545 -0.297668546025371 0.000491604537943264
-0.00221148988171155 -0.00338060882383167 -0.999991840364952
0.818807261163809 0.574067883040243 0.000857162246260546
0.00638559649095085 0.005690114127493 -0.999963422710386
0.867177539290133 0.497998482198852 0.000791882787414495
0.009126766096176 0.0112309734767867 -0.999895278204368
0.944084822865043 0.329701721536503 0.000788702571375117
0.509414842181498 0.860520889910355 0.000562666056197519
0.0423212071068645 0.018320764334253 -0.998936066534404
0.00431321358265716 0.00405359753029605 -0.999982482114388
0.643907827330833 0.765102627869672 0.000823850112900452
0.314978304481141 0.949098348682543 0.000996109560573302
-0.780962465577314 0.624576525444211 -0.00133836595858892
0.00464254757341609 -0.00124995278446613 -0.99998844211824
0.831817338287531 0.555048959907725 0.000753544689683613
0.415023690666453 0.909810479657488 0.000476750467987532
0.0081098011971868 0.01761901467217 -0.999811883029265
0.0122399082580124 0.00873903135235767 -0.999886900592691
0.823273139359167 0.567644662474426 0.000935507347570876
0.305653410751582 0.952142402555496 0.000915287808120745
0.00397476868169927 0.00631029474426389 -0.999972190310394
-0.00470352568208719 -0.00867101684550033 0.999951343972807
0.0171875008726584 0.0214858803923403 -0.999621401710427
0.998434355794137 0.055928522737844 0.000915158078396296
0.00235125165482361 -0.0012835262357075 -0.999996412081593
0.997516155198431 0.0704309759715391 0.000998870280394627
0.868412671592135 0.495841231345851 0.000951375657239496
-0.00539731518505956 -0.00738080026700891 -0.999958195514298
0.0734361203905953 0.9972998796399 0.000293755372431679
0.788201480683851 0.615416796204526 0.000769933205986713
0.353723007664791 0.9353501664438 0.000316199510848419
0.00268376582187569 -0.00137268339802959 -0.99999545656033
0.784275629991986 0.620412099970781 0.000749940344247521
-0.857671750016339 0.514196500885758 -0.00106193255632133
0.999814409248642 0.019232817114726 0.00111615618076797
0.08866506370671 0.996061395204704 0.000451066230092097
0.01174792153008 0.0146892574280894 -0.99982309037946
0.241990733138955 0.970278506955472 0.000322513770142887
0.835608734889062 0.549324479144971 0.000811658306972924
-0.00277530555986728 -0.00298491076524631 -0.999991693958891
0.766790544600786 0.641896958711721 0.000745055349302985
-0.0018838684082692 -0.00606754171055681 -0.999979817785045
0.841539082190209 0.540195467956348 0.000910794094550191
-0.00882558210886225 -0.0121471590841337 -0.99988727145945
0.846613252371123 0.532208067270094 0.000757655740610323
0.815340726740823 0.578980865363924 0.000810469116110484
0.015361113928789 0.023892170861151 -0.999596518776655
0.650601873606757 0.759418525768959 0.000839510737810305
0.00427221108038336 0.00296252263599713 -0.99998648574474
-0.0168781642690887 -0.0292608339801853 -0.999429302735161
0.785986784726809 0.618242718268088 0.000845897924681256
0.996704616088604 -0.0811112971915048 0.000930449128519378
0.864559957344482 0.502529047896567 0.000797606843524221
-0.00124941956226551 -0.00200923227410933 -0.999997200964296
0.00347667707176165 7.62384956442374e-05 -0.999993953433835
-0.00407440471126565 -0.0026713952588315 -0.999988131366378
-0.00787811642408265 -0.0117595317975144 -0.999899819328673
0.989992970811535 0.141114057044738 0.000860609159230989
0.995317155822608 0.0966594139666016 0.000846768461071004
0.910857343001803 0.412720452643498 0.000853621368885307
0.855188511663682 0.51831640874977 0.00084257889724859
0.00541776467791548 0.00970740234906205 -0.999938205173464
0.863267767262113 -0.504744426851679 0.00135113598752327
0.78919360238957 0.614143911714277 0.000844779059624397
0.782482356526454 0.622672264038671 0.000783148621340597
0.247372905091383 0.968920080750415 0.000723149540617193
0.00816151657778473 0.00645177211713125 -0.999945880677399
0.939648526574733 0.342139561798982 0.00108016569752708
0.941522916019841 0.336948181647472 0.000722145385009285
0.0120591777417473 0.0117724792329444 -0.999857982397952
-0.00489639916566559 -0.00970933422607304 -0.999940875304184
-0.0841800079815659 0.996449801181005 -0.00123287572724152
0.916129576717184 0.400881661014853 0.000701801942321509
0.80215530452946 0.597114917464368 0.000801721130244663
-0.0096074276086288 -0.0124273065773737 -0.999876622081933
0.999146896311969 -0.0412554629896766 0.00186181730228319
0.823578323345514 0.567201789728647 0.000935437871698025
0.00278764672455636 0.00131328897017525 -0.999995252137639
0.019069377479598 0.00296435738643269 -0.999813768372804
0.738650792629396 0.674087790963041 0.000810322486496003
0.996646183460922 0.0818209983646904 0.00130737117289931
0.994164947794496 -0.107847585627044 0.00222594950156009
0.965536259419308 0.2602663136567 0.00108522906483013
-0.653251581809912 0.757139847601171 -0.00127359229030325
0.85630715957073 0.516465937035113 0.000992144319776757
0.00758210673097328 0.00848901759159632 -0.999935222020832
0.701376300629957 0.712790764658994 0.000781493110944517
-0.00419948834407348 -0.0129510065010767 -0.999907313568741
0.0147326249888447 -0.000323357805584639 -0.999891416705168
-0.251550786977792 0.9678428362312 -0.00156394590716487
0.276717040631772 0.960951129788649 0.000778191437380641
0.0990646273501643 0.99508093469386 0.000364714637374353
0.011030282776376 0.00118565325782127 -0.999938461650629
-0.237671084755682 0.971344795841522 -0.00132025097985646
0.977358929869638 -0.211585916579198 0.000960265284343668
0.00812810953321496 0.00738163618636439 -0.999939720824525
0.933173580328756 -0.359421366327995 0.00183041069919835
0.754708935727507 0.656058764525912 0.00114883496977537
0.00938474098187056 0.00872879966017419 -0.999917863973435
-0.000482329222908123 -0.00431180864137364 -0.999990587788086
0.989835512242236 0.142210488362189 0.00135488152159691
0.479069731673783 0.877776721241335 0.000468871860846493
0.237788709882335 0.971316786266092 0.000479760570853962
0.876690371751919 0.48105455757852 0.000710429740993921
0.996603267271673 -0.0823457878657586 0.00104827677335726
0.0091422160464108 0.00688110042085534 -0.999934533028417
0.999022696299766 0.0441910557336828 0.00089603074006466
0.915855495513259 0.401507226666059 0.000811340306210795
-0.00430393002523805 -0.0103082954478232 -0.999937605669123
-0.00874165853925334 -0.0126869148910057 -0.999881305754104
0.689276892675108 0.724497664275165 0.000706883285077936
-0.00364401476478375 -0.00877205894585055 -0.999954885051443
0.967312688955869 0.253584169461748 0.0011094067610794
0.999864846844019 0.0163088524193363 0.00207590422484251
0.870618296144118 0.491958513068987 0.000777070179666462
0.0174048176722184 0.000203761662099265 -0.999848503925961
0.993961789055752 0.109721184095419 0.00110619066559788
0.968044333538556 -0.250776947909621 0.00104436632871192
0.902792045758084 0.430076452288083 0.000875958464010019
-0.660444522167548 0.750873739585096 -0.00128854195584885
0.807236793829447 0.590227148560646 0.000819627917838321
0.937166942512385 0.348880327115084 0.00079950863671653
-0.00470505546506169 -0.0157054983234324 -0.999865590854833
0.756498104663183 0.653995367591096 0.000822684872669073
0.976396560730386 0.215983625378623 0.000910912828390402
0.814372049644243 0.580342564583536 0.000820055388088517
-0.394193612421177 0.919026199659044 -0.00149675201632698
0.744986420165544 0.667079018255223 0.000903975981672678
0.736835486796107 -0.676070724243114 0.00135691537536711
0.982223907032577 0.187708548121541 0.00130284909468896
0.946874614584249 0.321601546528948 0.000953690787654076
0.951466694329858 0.307749554909224 0.00115803030507874
0.00451999026651473 -0.0011829733884797 -0.999989085071409
0.828780408975935 0.559573548905574 0.000690697403265801
0.906073137400008 0.423120441849498 0.00074924708384547
0.0830052459512029 0.996548986497642 0.000496643839561106
0.817375767668037 0.576104328430359 0.000810674344188102
0.0779880543444352 0.996954233837193 0.000344983572502489
-0.00928659877824613 -0.00237296269309701 -0.999954063010491
0.011828123733423 0.00889024471207151 -0.999890523526404
0.983539440459142 0.180689451093546 0.00122119811335031
0.0107560849242897 0.00489765855096978 -0.999930157349912
-0.00032296273485991 -0.00434046514368277 -0.999990527983845
0.934853506357803 0.35503271017674 0.00083447892752562
-0.000420717914948016 -0.00567221163046661 -0.999983824375002
0.0912660482710317 0.995826380685703 0.000572680891975649
0.980836447406127 0.194830711461658 0.000925910941338581
0.999885393844566 -0.0150682307443508 0.00146546870715865
0.963332855995555 -0.268303704488829 0.00171193370721808
0.989223865783786 0.146405498029959 0.00125439642122812
0.71366210670555 0.700489762659942 0.000699900860356305
0.98984009054729 0.142178595521831 0.00135724749843914
0.253173060877104 0.967420967659538 0.000269404529515605
0.00322526713350244 -0.00107243840337011 -0.999994223747212
0.489950891781766 0.871749782467822 0.000663633602093142
0.979394387528859 0.201955386526351 0.000809648049332203
-0.771482523093172 0.636249406413389 -0.00118718170624555
0.890468808653096 0.455043481378596 0.000854909810543272
0.00810215340711931 0.01322576444357 -0.999879709897671
0.0168513934514932 0.011124486174042 -0.999796117388994
0.00817338021511235 0.00661235853910024 -0.999944734758081
0.785672418202477 0.618642304837712 0.000741580039602593
0.704734770607953 0.709470420460706 0.000790940872550516
0.0114753235393936 0.00766162534821708 -0.999904803692176
0.95261149291462 0.30418738216775 0.00117477525977441
0.00819511231355492 0.011873441277032 -0.999895925347438
-0.660036342638994 0.751232688217193 -0.00121431038434828
0.090572988069264 0.995889721393802 0.00044345730472523
0.000120973559715554 -0.00154796080186961 -0.99999879459065
0.833879128166643 0.551945994722771 0.00110386481529093
0.893418118945707 0.449225597496157 0.000653677087398986
0.083820423569152 0.996480826478411 0.000314727805312442
0.871465328073886 0.490456475852869 0.000791996880482788
0.934895636393659 -0.354918012882854 0.00183116994875969
-0.00783940402398115 -0.0146152176496788 -0.999862460120191
0.883148890718412 0.469092104001194 0.000796734944119974
-0.00864384924264926 -0.0146983439435187 -0.999854610708771
0.0231083336325577 0.0146231717653493 -0.999626013949341
0.594101678306525 0.804389779101339 0.000528309255610708
-0.00570244786439083 -0.0043284227975733 -0.999974373093851
0.827671906847932 0.561211752574692 0.000763797584452646
0.0125403540615282 0.0145108632365234 -0.999816070268998
0.969545318330373 0.24490914541206 0.0011773687573038
-0.0081535044142901 -0.0141518735332576 -0.999866613524657
0.993422706648974 -0.114492805682987 0.00165026090768117
0.000122868000441906 -0.00142692937039899 -0.999998974387487
0.0920578348749376 0.995753559655095 0.000451079091649069
0.736395117475145 0.676551338082979 0.000719650538855115
0.994048922930455 -0.10891011597317 0.00230769571494733
0.953187367802293 0.302377871246802 0.00121030673309317
0.343962389379513 0.938983221074579 0.000620671205517
0.720366276198749 0.693593484882704 0.00071122697823902
-0.00168523357774494 -0.00284482048133562 -0.999994533477167
0.974033962616891 -0.226400049075462 0.000925984592194646
0.0736230588747431 0.997286106297468 0.000259591913363359
0.000137433218247626 -0.00158097988458633 -0.999998740806565
0.994077513265662 0.108667240401663 0.0011525983887496
0.976756463517109 0.214349428514485 0.00106464691974734
0.00132613501364895 -0.00141708833029097 -0.999998116611521
-0.0112873491378717 -0.0146688959892979 -0.999828694947237
0.0936778261289195 0.995602485417143 0.000394870822299995
-0.086602459015267 0.996242010517094 -0.00136768906087793
0.0972483394023061 0.995259982620383 0.000572256908156428
0.000168104981086464 -0.00167607448493468 -0.999998581256512
0.860385106291332 -0.509642772221485 0.00130904333459082
0.99340443924084 -0.114651192294647 0.00165051567928652
0.941631662821269 -0.336643101817682 0.00111066242479715
-0.0106396238776178 -0.0204093349389151 -0.999735093637857
0.731512506428185 0.681827360054737 0.000950799633195736
-0.00685098686749144 -0.010415594067074 -0.999922286669905
0.000129549935798708 -0.00159868909447038 -0.999998713704169
-0.00841319223099928 -0.0115908730722949 -0.999897429668617
-0.0041475199227487 -0.0129385818768981 -0.999907691328307
0.620182101917809 0.784457406792366 0.000858713808325301
0.0105640175178285 0.0164217061094984 -0.999809346376766
0.086127502230765 0.99628407859029 0.000296828210795357
-0.00493111812523305 -0.0131206653855215 -0.999901761281515
-0.768878920620998 0.639393262396799 -0.00120889464692626
0.0125674476543258 0.0106728058290291 -0.99986406599857
0.77743023036774 0.62896837468749 0.00101022440069462
-0.86141884454501 0.507894130457213 -0.00106137168419546
0.906075427889111 0.423115248696703 0.000897382800768741
0.999999653380666 -2.64397993130839e-05 0.000832189573054708
0.999998261461478 5.52561593913639e-05 0.00186387252202118
0.913559616707791 0.406703013085681 0.00121896174787652
0.853255352675148 0.521492829219042 0.000729523356825493
0.911519854474074 0.411255252116642 0.000820064656403722
-0.409850823312705 0.912151576490135 -0.00134318146930842
0.517503852587168 0.855680741304355 0.000481163452693381
-0.246589114646677 0.969118926973378 -0.00152115736742219
0.631473972422791 0.775396800849334 0.000650680565197499
0.713161235328755 0.700999740289818 0.000645397530794581
-0.0157296991890808 -0.0255383124675874 -0.999550084367826
0.809033915015491 0.587761267140672 0.000903993307196556
0.808990748632747 -0.587819599955677 0.00144448418966836
0.809006161113697 0.587799858217343 0.000598297376868402
0.999818710609354 0.0189861117978168 0.00143995633589945
-0.00918998009388987 -0.0144089076358852 -0.999853953158467
0.744150993519523 0.668010995814489 0.000779945410080771
-0.00652522949367848 -0.0130867839312397 -0.999893073016506
0.965389773238304 -0.260808832289401 0.0011570335928577
0.0217825696639935 0.0213110008350035 -0.999535572604719
0.742950064560557 0.669346553443686 0.000626867229689957
-0.0336103963417205 -0.0107340278212637 -0.999377367116389
-0.00205732815713021 -0.00189867104675364 -0.999996081216877
0.986961763924882 0.160952859564997 0.000808423240031452
0.742438519080344 0.669913815121959 0.000725047948393934
0.880374587174836 0.474278292965204 0.000828902134276742
0.226660094007782 0.973973894593916 0.000233310830619736
0.996628249854977 0.0820342106384721 0.00158741170749951
0.759863469965904 0.650082173947867 0.000821052124536115
0.978420129540904 -0.206622895678289 0.00101444106785407
0.891055663695962 0.453893260302362 0.000844066017312187
0.000125017316981125 -0.00149788258423844 -0.999998870358579
0.875200412693207 0.483759800917009 0.000832248986610855
-0.0031572627706983 -0.0125547031012481 -0.99991620204987
0.0732210716723071 0.997315681122304 0.000326880275207782
0.0848660778231437 0.996392249606122 0.000483487092250795
0.985356608563875 0.170504318411554 0.000794583230292982
0.936403451671031 0.350923738186245 0.00105151127945227
0.783169775494479 0.621807020762744 0.00106380547528459
-0.00818957278237594 -0.0128935986505927 -0.999883336200519
0.933341905053038 -0.358983911709583 0.00185456346696516
0.242639827965067 0.970116196048406 0.00069285615617512
0.000138842336036354 -0.00154571432324623 -0.999998795744293
-0.00793252073076237 -0.0175253045487031 -0.999814952286337
-0.0111354557862588 -0.0144560179731432 -0.999833498723059
0.997174742280684 -0.0751108297166282 0.000946898480152076
0.7321539253014 0.681138855682609 0.00069924612072627
-0.00345628258267505 -0.0116146838923413 -0.9999265739187
0.579432807764108 0.815019822263633 0.000557318543988819
-0.583042138933057 0.812440770734148 -0.00136318643956613
0.915538741335368 0.402228746826909 0.000921053800536829
0.967438625389335 -0.253099709582316 0.00174445239000761
0.832507642546981 0.554013066706247 0.000739607739776255
0.086418908033294 0.996258788800012 0.000445054003548881
0.968049985031468 -0.250751145902897 0.00175764301198722
0.966441731080515 0.256883678318346 0.00107528588494185
0.000136928407338993 -0.00162234921564806 -0.999998674615939
0.791660104765497 0.610961273181618 0.000775367640772016
0.964984109501602 -0.262306325262089 0.00102962949553492
0.71986670304506 0.694111995017067 0.000684266368341284
0.965289993312993 0.261179239170791 0.00079613815966953
-0.00166068440923737 -0.0079238943624476 -0.999967226475661
0.983769242140486 0.179433918981382 0.00124375934848146
0.98403470657897 -0.177967797178699 0.00177747444444089
0.0205658587327763 0.0110760914640126 -0.999727145601471
-0.0144782722278824 -0.0132032903206021 -0.999808007948529
-0.243761823501323 0.969834019465797 -0.00146563642340781
0.733242587126278 0.679966509826405 0.000924088123551094
0.893799386392644 0.448466212810937 0.000844305127266082
-0.00621362185726579 -0.0119354711632615 -0.999909463617345
0.0483087435813421 0.0123030151141764 -0.99875667763109
0.00466653464460348 0.00513488532524303 -0.999975927913821
0.0832282120898348 0.99653021569462 0.000770662029746097
-8.80443452888283e-05 -0.00177301124773641 -0.999998424338413
0.942698479984474 0.333645116683835 0.000715505410307357
0.978154493872269 0.207876043167451 0.00115619830913912
-0.524352444489277 0.851500222441216 -0.00137300425289784
0.965660950336615 0.259803365039816 0.00106794614708156
-0.251378108579923 0.967887988679728 -0.00137400738375894
0.913534697960856 -0.406759736475239 0.00093402578276627
-0.641252438101747 0.767329118122728 -0.00115546941172064
0.747181037235928 0.664619595476421 0.00113617947581104
0.669144645344041 0.743131873182644 0.000680196627891757
0.669101464361688 -0.743169982109543 0.00126810107874514
0.00613832561636013 0.00668368181064708 -0.999958823830302
0.946299309663036 0.323290833219277 0.000808509521926887
-0.392636444535311 0.919692547178815 -0.00149702585560949
0.98532793423153 -0.170669735957922 0.000838600667512668
0.90853487490289 0.417808318119304 0.000768371985562146
-0.263705519121681 0.964602379862118 -0.00128372469892264
0.0969905693414215 0.995285231565323 0.000370522318752022
0.0133193699869137 0.0103910972080626 -0.999857299559274
0.665310245921387 0.746566545018269 0.000818859883388742
0.937721819366931 0.347386162644282 0.000802176073639903
0.00147887431981186 -0.00118671296452144 -0.999998202319927
0.946639389263494 0.322293941129507 0.000694410577201054
0.625537626520619 0.780193497790542 0.000885331751552494
-0.0110354357450131 -0.0133429867272495 -0.999850080693658
-0.774026669692236 0.633151908610565 -0.00117270113197242
0.928804033901854 0.370569958996494 0.000985949785767787
-0.0195675637077749 -0.0166951793321938 -0.999669135983305
0.984622122941882 0.174693632906277 0.00118728068602392
0.92871812529559 -0.370785356767933 0.000928953131480849
-0.858198809132813 0.513316362124134 -0.00105658821992332
0.997219988291558 -0.0745063653911838 0.00104712367037364
-0.00145353447984318 -0.00807597519971407 -0.99996633236429
0.905040114378245 0.425325429200465 0.00081892713508993
0.984379680317638 0.176057081748205 0.000740907586090488
0.945527228177643 0.32554188877435 0.000859899954836631
-0.0105426283915863 -0.0112806951127115 -0.999880792346953
-0.00969842694113277 -0.00605434760176574 -0.999934640559064
0.0799981523590677 0.996794944304368 0.000366917412946245
-0.0856957556628607 0.996320661849211 -0.00117312988274414
0.0811071800054393 0.996705110547075 0.000740243817495163
0.000148942464811748 -0.00171337791423762 -0.999998521075039
0.984337094784478 -0.176294698451845 0.000814327345466764
0.850448902141705 0.52605690993765 0.000890142022296077
0.01263971334436 0.0110209934877508 -0.999859377787254
-0.661790481921782 0.749687874774935 -0.00120351700359629
0.0757868923329977 0.997123977088233 0.000348233042950403
-0.0117160925302533 -0.00965222266103808 -0.999884777248621
0.995532500095138 0.0944100760615558 0.00133371375316358
0.996693438168655 -0.0812353775083995 0.00173313375531266
0.998933880844929 -0.0461257897483326 0.00187435860568841
0.343256218172527 0.939241689034792 0.000467188361845794
-0.000848267240883382 -0.00195389650632119 -0.999997731362992
0.499976245501298 0.866038690465688 0.000860552672159469
-0.499960616496465 0.866046635076931 -0.00161487597059487
0.500018349042211 0.866014531187547 0.000694545257991071
-0.0263817528554962 -0.0171578853908612 -0.999504682372817
-0.0229173452203741 -0.0229347948717824 -0.999474257033286
0.669117707088605 0.743156250569046 0.00053037783279158
0.0827544789968702 0.996569858628587 0.000461604760252064
-0.0043763550608886 -0.00369606690675333 -0.999983593168309
0.99295867673359 -0.118442948503638 0.00208188598199801
0.831275044199084 0.555860252872025 0.00108635577018243
0.914898136516418 0.403684350232125 0.000587517193139263
0.0790333091151209 0.996871897451689 0.000395121984922113
0.916467804506093 0.400107867987768 0.000676223383532732
0.9239325429643 -0.382554056504468 0.00102464798743657
0.0121440808985926 0.0146370264760243 -0.999819123019293
0.00910700601151262 0.00233837224636963 -0.999955796251386
0.475323135985438 0.879811172735789 0.000465538660375784
0.928889647243739 0.37035608869663 0.000625146972216603
0.9068340535356 0.421487413586712 0.00059961335638255
0.99687798776122 -0.0789499621300806 0.00108673676615121
0.981947699562975 0.189149836184797 0.00102703176515324
0.280440308948173 0.959871178202402 0.000744562547117621
0.00445437190757519 0.00617741639790473 -0.999970998628238
0.907023471948267 0.421079244269969 0.000831492599486176
0.0907001553290073 0.995878107021335 0.000527047337608998
0.740506605966404 0.672048599117141 0.000804328791058573
0.292264806395137 0.95633700666415 0.000901458521781567
-0.0102106550120107 -0.0116016262424754 -0.99988056526405
0.0849503605192845 0.99638487302321 0.000788072436703886
0.000154486690124939 -0.00177162140061712 -0.999998418744488
0.837856421789363 0.545890138578738 0.0007570130854385
0.906729152312785 -0.421712088292996 0.00107653782974742
0.00476943538972153 0.00554429992759601 -0.999973256254574
0.874145222728137 0.485663992805848 0.000784648619632935
-0.524708789473442 0.851280675911968 -0.00137734098088224
0.997918356402458 0.0644832865881587 0.000927203217182663
0.776746171307073 0.629813209479751 0.000840550188338602
0.99995693305492 0.00921759561646411 0.00108072496491466
0.00605551688486532 0.00939790215387758 -0.999937503122252
0.484368680591027 0.874863480363924 0.000933802993280956
0.990519892340116 0.137363217579612 0.00129974409060244
0.00757511312469742 0.00997061147819011 -0.999921599210608
0.572015775991623 0.820242185206602 0.000842391951545284
0.954169900504975 0.299263064023733 0.00119141993139581
0.853067994127362 0.52179910179649 0.000833522582571049
0.983458576558347 -0.181125840864547 0.00163032663644767
0.875527208418757 0.483168196720602 0.000775239460253143
0.0920142407923442 0.995757360623393 0.000811329614476804
0.000384836409059725 -0.00180797884043389 -0.999998291555266
0.999999669418759 -0.000198058696092453 0.000788628636745567
0.0122851248342289 0.0119539104296829 -0.999853079073744
0.956569706027926 -0.291501967319676 0.00100027916371808
0.0780672477562167 0.996948011695165 0.000408417466157873
0.661067300558232 0.750326085692994 0.000888403783094396
0.995616816557003 0.0935229511125957 0.000782434719731201
0.409052768376885 0.912510625764755 0.000436519899162878
0.930384440403902 -0.36658418896144 0.00090854708241633
-0.00889186125195817 -0.0152356262773441 -0.999844393140959
0.00949024280505007 0.010474524567594 -0.999900104823769
-0.00940026832819711 -0.0120379238396868 -0.999883354869451
0.999995024709838 0.00304178842739143 0.000835511061123651
0.78042666184756 0.625246568183671 0.000976960600961171
-0.401643417239398 0.915794615820977 -0.00166943750022085
0.00539104445424985 0.0111025497588789 -0.999923832113499
0.978144489867793 -0.207925790485257 0.000471796944907332
0.805616370025395 0.592437003433338 0.000813209710483467
0.995887023580453 -0.0906017564560951 0.000598323604748154
0.0152082452873689 0.00853159083655832 -0.999847949056794
0.0995617305865064 0.995031177266557 0.000646583444086512
-0.0925408278287127 0.99570820596197 -0.00116780339576407
0.0967865658614346 0.995304798393322 0.000847917436858566
0.000158180341910842 -0.00181964696662664 -0.999998331930557
-0.013174231982564 -0.00531869336299296 -0.999899070462904
0.780287351825557 0.625420282120573 0.00105796657920536
0.743825783481244 0.668372802580437 0.00100029959765749
0.285831266450603 0.958279489567352 0.000952362209949473
0.583187268515513 0.812337474530036 0.000661298403460791
-0.0091205156120962 -0.0113973603992943 -0.999893452509265
0.991254577287174 0.131957365787863 0.00127146433447385
0.995018816109519 -0.0996752133233899 0.00155159174677724
0.0165351703426584 0.00703933309176435 -0.999838504925352
0.58009005150993 0.814552149012236 0.000573305114266179
0.262107318733077 0.965038691485687 0.000278212419661136
0.978330252379559 0.207049077573759 0.000772499063509245
-0.530531499953305 0.847664085532268 -0.00138768009287129
0.870666412505561 0.491873463865955 0.000702623086977357
0.010684033315287 0.00974838822637319 -0.999895404709465
0.975138723030942 -0.221593539285227 0.000879882168218622
-0.002343546973972 -0.00712942498402032 -0.999971839146972
0.214691752162797 0.976681829079365 0.000237275059100241
0.995980205869201 -0.0895704891642286 0.000746316035850689
-0.0011702970782868 -0.00682416226111502 -0.999976030319819
0.0822523864099138 0.99661148474356 0.000305625771065453
0.470310468427696 0.882500806915267 0.000623763756365317
0.995892294941249 -0.0905424540787524 0.000775168400396907
0.701335679713017 0.712830583355673 0.000907631143132819
-0.664276381141628 0.747486107316657 -0.00118693975127947
0.476375029020566 0.87924195705814 0.000642397249791137
0.999914543098877 0.0130032022423616 0.00135027064289323
0.987707769988915 -0.156308220412737 0.00104944505740004
0.0067291169688354 0.0092229091852134 -0.999934826341688
0.0139241720096371 0.00610422327920209 -0.99988442126678
0.998202971274453 0.0599153623707772 0.000988681359896241
0.235380330715879 0.971903266941682 0.000373657824421902
-0.000556987162162523 -0.00395161319572384 -0.999992037227524
-0.0820579895681551 0.996626760531632 -0.00125957939715052
0.220576006644105 0.975369696398174 0.000425018910079736
0.0033883408706123 0.00197379401126329 -0.999992311612117
0.904536925872502 0.426394694684853 0.000716992144147126
0.00673296506860318 0.0109399505895774 -0.999917488927203
-0.0842026797855536 0.996447775532373 -0.00131884552421408
0.888906019658456 0.458088595295473 0.000962847434385564
0.798527160424528 0.601958243981688 0.000804093789598392
0.00027912685343635 -0.00233546538415156 -0.999997233840994
-0.00940160463530043 -0.0112598199566466 -0.999892407354324
0.00420314976200236 0.00446351931573419 -0.999981205087074
-0.308962657348791 0.951072611308134 -0.00172173851119534
0.308959150581988 0.951073592110994 0.00180711392748536
-0.0264744375457505 -0.0104057245871327 -0.999595330647584
0.309041646302787 0.951048190406767 0.000774838355055532
-0.00735585155341377 -0.00714686586770406 -0.999947405495006
0.980581900837263 0.196107565120929 0.00097910812476502
0.99649674951897 0.0836173873095104 0.00153646921817684
0.0122921359658199 0.0132935409329339 -0.999836079146408
0.354809915429223 0.934938403703784 0.000324334591951899
0.999068391311239 -0.043144577462898 0.000946001226713216
-0.0104959260580296 -0.011964838383894 -0.999873331066807
0.633065921141163 0.774097574439593 0.00069623015614005
0.828727008876016 0.559652529197505 0.000768974802402278
0.693428404121826 0.720525218160339 0.000677017026426846
0.791741659189403 0.610855639334369 0.000730066716607809
0.645429555352491 0.763819514596773 0.000661965736074241
0.999932779024706 -0.0115046493455816 0.00144238530368332
0.000258651843607085 -0.00183926237553736 -0.999998275105081
0.863214106709798 -0.50483694146464 0.0010336874932511
0.244796592343322 0.969574298821612 0.000554474233758872
-0.705430303980971 0.708778107822105 -0.00129618572410791
0.656859806963728 0.754012375438333 0.000729164876231127
0.630932439624906 0.775837504806511 0.000650203484188814
0.992522231292086 -0.12205332931102 0.00161406167004812
0.727577501144964 0.686024823353177 0.000959984840017586
-0.010489066373443 -0.0126598278639043 -0.999864844989097
0.479454105998185 0.877566475246937 0.000917477055600801
0.874129186404467 0.485692842175196 0.000792802399522378
0.999828756470176 -0.0184474738803414 0.00146575671132061
0.567861268351484 0.823123756126567 0.000928442963515974
0.523507746470238 0.852020480492073 0.000860353247507707
0.00950968554393389 0.0134794714412905 -0.999863925607139
0.999786917528104 -0.0206166745982919 0.00103550382005439
-0.00309646140955397 -0.0093274634467867 -0.999951704009943
0.779056845346653 0.626952810041266 0.000778267229908424
-0.00946876091079657 -0.00775467593871077 -0.999925100979018
0.937996834917427 0.346642880050827 0.000807090427370344
0.66164042325573 0.74982080169216 0.000845969092047372
-0.394239896253447 0.919006388482747 -0.00147041829791249
-0.0129202095142157 -0.00974561002715043 -0.999869037060008
0.999526237685117 -0.0307632345585697 0.000961029931711103
0.917997191561644 0.396586096513024 0.000790150299576865
0.000125599680598844 -0.00160149004794511 -0.999998709726341
0.680975962700743 0.732305395697017 0.000738685881565406
0.0143867378007915 0.0054764707913561 -0.999881508001385
0.0128023540771337 0.00359825327315966 -0.999911572241999
0.736298344686995 0.676656665736568 0.000710158757647601
0.959264759028204 0.282506324443098 0.00113962108299525
0.672229536682794 0.740342433730375 0.000728580415915888
-0.00268384945443774 -0.00986327820728332 -0.999947754982785
-0.525294622571183 0.850919354437776 -0.00134600928565762
0.975563713223448 -0.219708052216225 0.00195275011968566
0.656429239245123 0.754387051133463 0.000911562518821949
-0.393531505970697 0.919310108740963 -0.00137031934742036
-0.00391587356541365 -0.0111175170985358 -0.999930530960918
0.0779545727122497 0.996956864863132 0.000306912895394777
0.0108492824220783 0.0110455055952097 -0.999880137755057
0.703654185393975 0.710542178401833 0.000774654452260443
0.993218025114261 0.116263933477131 0.000807688400115449
-0.0812721458910538 0.996691266257286 -0.0011653620515499
0.00143601813486566 -0.000804244261104303 -0.999998645520625
-0.0080202682096647 -0.0040276593412974 -0.999959725818033
0.982787908518036 -0.184735509638673 0.000847554885974413
0.982791110296169 0.184719019103078 0.000719377800266134
0.982619470290162 -0.185622703855149 0.00178561479174632
0.982632053096092 0.185560388434844 0.00126113919515587
0.242905615504429 0.970049867703654 0.000340770507452017
0.0132631418953087 0.00973230085364536 -0.99986467653736
-0.0103657238464565 -0.0104515797764388 -0.999891652255041
0.999737061581098 -0.0228798431761435 0.00152331133630644
0.420275186998312 0.90739658913249 0.000444099377614872
0.913817589803846 0.406123874776895 0.000900500577929308
0.96997369783605 0.243207323502493 0.00110602939011481
0.97298222398985 -0.230878114892769 0.000942264998124967
0.628694611175076 0.777651933051713 0.000746257565518425
-0.00689582470791732 -0.00465891158692053 -0.999965370472609
0.0123552345725233 0.00937400648147617 -0.999879730858238
0.0121987376239014 0.0147995044472264 -0.999816065818358
-0.0155072326290328 -0.0102750434396638 -0.999826959637768
0.533182155676944 0.846000302741565 0.00052595519444515
-0.536096967864163 0.84415530356037 -0.00136547345275962
-0.0105205122685123 -0.00606698113703196 -0.999926252561403
0.997778484950117 0.0666075023015499 0.00123919643206896
0.966855268988782 -0.255318712411371 0.00180108890129837
0.430722169382869 0.902484175828808 0.000851575429060997
0.878385745595591 0.477951651978291 0.000836842697897595
0.874145714488035 0.485663162297415 0.000750086313521053
0.00546729790674968 0.00749605842921411 -0.999956957954503
0.9945253115616 0.104486548506179 0.00140208579221015
-0.393182193704131 0.919459386407052 -0.00148300437426971
0.343743415040063 0.939063469629396 0.000514416363061657
0.731998337637766 0.681305822351485 0.00090006972739623
0.936304090502626 -0.35118952897443 0.000751562883209003
0.491992022918676 0.870599284034697 0.000857917631352266
0.0775011778427607 0.996992045644798 0.000654487575333362
0.378877640867221 0.925446328928959 0.000908582854346322
0.983207651499825 -0.182483179481224 0.00161345549104452
0.0135291097993129 0.0111045415925937 -0.99984681443912
-0.395076517266901 0.91864662220142 -0.00171143862828882
0.415352244037846 0.909660193249083 0.000919886279425526
0.026210142070441 0.0102894042541628 -0.999603499700127
0.401647464946822 0.915793976168907 0.00084090102507209
0.00180873744939618 3.78971250712495e-05 -0.999998363514985
0.966778570490721 0.25561339879226 0.000992974212822037
-0.00984128809809114 -0.0130218595385565 -0.999866781237745
0.52594483473939 0.850518257883154 0.000850775152731903
0.966938383484726 0.255008971289288 0.000766228375661762
-0.00710819227538839 -0.00843557247166009 -0.9999391555088
-0.00506922394297645 -0.0119098696476009 -0.999916225477711
0.9781373165799 0.207953955525852 0.00159445759572455
-0.00898665368038587 -0.00856705712210628 -0.999922919823271
0.00375740130393621 0.00984655011174442 -0.999944462150943
0.986948516461122 0.161033939026582 0.000834467958634492
0.642493600269768 0.766290741539296 0.000687781613684519
0.96582321102599 0.259200352438431 0.000838056823809878
0.239601174130961 0.970871348264221 0.000320116663367415
0.0116483731102033 0.0158377887720046 -0.999806721247011
0.928265165314545 0.371917711587835 0.000999335193240065
0.781456221580408 0.623959546908881 0.000810909696237811
0.946134444226053 0.323772599235646 0.000957827360740071
0.0040304066370101 0.00802470842597543 -0.999959679125623
0.947500097926067 0.319754837932274 0.000638787130457243
-0.00171979990244728 -0.0105232475613454 -0.999943150158577
0.993860887812546 0.110628658070984 0.00135487633073438
0.99389138723985 -0.11034712803411 0.00184978514144167
0.990070685836367 0.140564783822318 0.00125642209892127
0.913183230125196 0.407548895402028 0.000534859514271673
0.723163545548371 0.690676503603269 0.000673617304191471
0.00704447626262975 0.0120114618211388 -0.999903045369452
0.639441723535835 0.768839243911419 0.000706557314303371
0.817895352991358 0.57536644835106 0.00080104121586352
-0.0260591422033377 -0.00871176387384933 -0.999622441863843
0.985380851648877 0.17036200045893 0.00116876146620814
0.966726200239408 -0.255807401969255 0.00173978976197403
0.677154338744956 0.735840665605762 0.000718581763975153
-0.0148176037325178 -0.00889198643779535 -0.999850674449348
0.982501627794481 -0.186246675113353 0.00165148127952375
0.999782342103853 -0.0208032104654132 0.00157950994477635
-0.535205545362184 0.844720734567273 -0.00138014698244981
0.969813543808854 0.243846374945703 0.000797289628706872
0.635570152299202 0.772042856869648 0.000639267487664948
0.986818926399232 -0.161826160727053 0.000836782295084894
-0.00218725132729911 -0.00744892240740506 -0.999969864289219
-0.00736783335732932 -0.00838363139378794 -0.999937712938297
-0.00130895817748485 -0.00697705440232521 -0.999974803352743
0.595804605632923 0.803129169926363 0.000638999208673807
0.0165731794907669 0.00688050241415062 -0.999838981240528
0.663858205447692 0.747858092211429 0.000746306674063678
0.0122067356413266 0.0124662105158895 -0.999847783015173
0.00549646198688188 0.00821226621011501 -0.999951172602603
0.0128043798653746 0.014009238440795 -0.999819878325377
0.993907559862717 0.11021428662981 0.000757278299362357
-0.536632202664039 0.843815177048363 -0.00135131298414526
0.999282592606968 -0.0378379522711291 0.00160918632381381
0.999276100344494 0.038020360826398 0.00131432223288994
-0.00519349245339027 -0.0134805515237447 -0.99989564573847
0.969104379532759 0.246648695567993 0.0010595022579607
0.372870250052068 0.927883437012135 0.000322404491057219
0.383751964636335 0.923435775863442 0.000893024767509992
0.687715143017378 0.725980237232275 0.000759745191612226
-0.00871623637767535 -0.0139799526322615 -0.999864284864605
0.993900979033569 -0.110274340406485 0.000643213827470067
0.988821212264044 -0.1490963732607 0.00169754445397789
-0.00649920113299102 -0.01472988328314 -0.999870387061792
0.486771339461263 0.873529185115729 0.000652556616759171
0.928710377224299 0.370805471007785 0.000581297337221205
-0.00980377243439265 -0.014236581245427 -0.999850591738834
0.904938374819909 0.425541348620895 0.00104804208469302
0.010586232610933 0.0076535876442289 -0.999914673497334
-0.00809927170473553 -0.0242165562460132 -0.999673926938898
0.958084433133034 -0.286484355108967 0.000966056909790965
-0.0165863620946206 -0.0101824280537652 -0.999810587437139
0.60513511433663 0.796122483869564 0.000695754374213142
0.918172497162277 0.396180005025387 0.000817968747562975
0.709466214000515 0.704738987572239 0.000806590001624731
0.999055939099738 0.0434311562441636 0.000982454495787582
0.850617430263852 0.52578434701019 0.000898760473767839
-0.0861718784364607 0.996279612783753 -0.00115780749150183
0.955520884607971 0.294922162764203 0.000870050852041139
0.920274393551308 0.391272805866335 0.000794961167220927
-0.840368377715244 0.542014642392591 -0.00105696181577737
-0.00230752448800044 -0.00939162725617757 -0.999953235240638
0.97325523391694 -0.22971811945227 0.00195837907360141
0.00409962902492266 0.00632040669146675 -0.999971622347911
0.436578873932058 0.899665606505062 0.000826624519102894
-0.00852388834035408 -0.0211344693825163 -0.999740305045006
0.995005595084496 -0.0998070563931422 0.00155474907434049
0.4398357576693 0.898078066809211 0.000540547595838998
0.999937853373995 -0.0110550608821533 0.00144049251939318
0.969620677246398 -0.244611612021295 0.000949484376130981
0.999280021652706 0.0379316441144821 0.000792906388091491
0.544392970199439 0.838829976076733 0.000751819486862257
-0.00921893424206634 -0.0148371895241517 -0.999847422889345
0.879577181324679 0.475755508517895 0.000823533734410687
0.893393234517747 0.449274519081608 0.00096696530827038
0.013526727437789 0.00832721724184127 -0.99987383459006
0.457675165450862 0.889119139488607 0.000773772941000758
-0.0262107394501799 -0.0149680897856674 -0.999544372914801
0.961775460018818 0.273837720953731 0.000931175846683412
0.748316583522513 0.663341292811046 0.000787449657758395
0.997656688078562 0.0684109175056472 0.00103879649140667
-0.0273136078906655 -0.00996641296084298 -0.999577229350834
0.959660413945744 -0.281155804673297 0.00181752688948281
0.999284042572295 -0.0378296905813872 0.000562824029797894
0.232616896425881 0.97256841142667 0.000254149946038597
0.611077406275543 0.791570545460553 0.000689274138603705
0.93415846025353 -0.356852950944892 0.00198558270453467
0.936957958718321 0.34944090621074 0.000914691759466124
0.827702867450982 0.561166180280324 0.000693774468738961
0.00372102433555065 0.0085496589058738 -0.999956527710324
0.966458341834807 -0.256813728990294 0.00223206183036234
0.616545701188463 0.787318813708989 0.000695647825202863
0.716456145175238 0.697631804778244 0.000676019592252031
0.241713171343866 0.970347421964292 0.000789611387386665
0.555884290615932 0.831259408390017 0.00067187015162209
0.750195076146172 0.661215829601761 0.000987122127526114
-0.0104660888702407 -0.00779899996168704 -0.999914814663408
0.00278375348832475 0.00208791785686149 -0.999993945639442
0.407358466958765 0.913268052176293 0.000737747330961755
0.0130983482863552 0.00822180037874396 -0.999880410484525
0.0128828905184966 0.00137131350145181 -0.999916071793613
0.00790242735333605 0.0107677058545999 -0.999910800097966
0.96814101797759 0.250403495872207 0.00102886553683635
-0.00879793397291398 -0.0127590206696266 -0.999879894662034
0.481018980378874 0.876710059805815 0.000459946250298104
0.905467331467866 0.424415531997053 0.00060650154210315
0.895076741829155 0.445911324143382 0.000846898577344277
0.582347429036426 0.812939755628111 0.000652390966212258
0.992506947237852 0.122185557240829 0.000805783064594879
0.497589148120811 0.867412437576098 0.000838338056657316
0.620899383385598 0.783889862275296 0.000799708323057036
0.984708752102222 0.17420490187952 0.0011513880453534
0.961181032505187 0.275916088437432 0.00115537597763437
0.405258621505649 0.914201626248564 0.000914472428678483
-0.00435557300040457 -0.0142752027941358 -0.999888617581491
0.974727017947349 0.223396008462204 0.00120991182465934
0.941658117853293 0.336569423761895 0.0010060166899009
0.987660883858699 0.156605132841838 0.000900479340882484
-0.0122427419626235 -0.0107809273931304 -0.999866934583688
-0.0214698416513466 -0.0118377287463808 -0.999699411862182
0.609982895472972 0.792414290605015 0.000677698576119907
0.957085850824328 -0.289798709066295 0.00183912353613103
0.416463621183614 0.909152238568376 0.000509251158406989
0.695364506089709 0.71865685668993 0.000725260756818279
0.0130886719437215 0.0129773596340355 -0.999830122972737
0.599157722176116 0.800630708734724 0.000701560875664641
0.944299939971687 -0.329080357185708 0.00193439499429992
0.90878676590641 0.417259533721981 0.0010467241671593
0.931496063614124 -0.363745747416723 0.00202847421508534
0.968695065771936 0.248251414180924 0.0010511452207069
0.947668514199144 -0.319250271224233 0.00191089477489073
0.0137055433026549 0.00789769308374371 -0.999874884436415
0.880656584018062 0.473754530500305 0.000791110658211152
0.0155283044535255 0.00506898015495652 -0.999866579700005
0.538203918780548 0.842814479592493 0.000542953493438396
0.868194768801958 0.496222753092695 0.000907049072519883
0.0113804021975819 0.00912148691577878 -0.999893636804569
0.999642923344059 -0.0266728468420198 0.00160780890816556
0.878625381091045 0.477511182095732 0.000714616087796338
0.574510711183341 0.818496700487977 0.000770730761108645
0.0101484221703603 0.00680866208446148 -0.999925323035711
0.0073335279064674 0.0111436767918423 -0.999911014958833
0.0154364342294966 0.00680382009890318 -0.99985770214083
0.639788314098014 0.768550928336297 0.000619432835242434
-0.0212267843189397 -0.00368835562083224 -0.99976788289097
0.419383991199303 0.907808572541206 0.000814583600025192
0.0149944839543333 0.00500730704063584 -0.999875038355866
0.993450113090544 -0.114247691210302 0.0020827514255995
0.905438238248743 0.424477207006445 0.000835134132860906
-0.0116744044525496 -0.0111442748398906 -0.999869748226723
0.0139208304115865 0.00354721575312789 -0.999896808546288
0.53939975267265 0.842049564482151 0.000661643487188026
0.780569376185623 -0.625068078188243 0.00116042718188609
0.825061281391324 0.565042705226477 0.000789442367252436
-0.00476884644300041 -0.0106398415493435 -0.99993202362731
0.595567978261608 0.803304588714968 0.000721816359293263
0.963300136697798 0.268424889691647 0.000961889822210648
0.014159398787771 0.00931631014520075 -0.999856348577758
0.411855003110502 0.911248997792046 0.000848784919083113
0.969976521391898 0.24319605061597 0.00110856360572046
0.242967065675614 0.970034498280056 0.000277747261976924
0.976415975682663 0.215894225585916 0.00123522885786588
0.531067321164229 0.847329411576025 0.000607181749354954
0.00477789570752723 0.00134629674037935 -0.99998767952295
0.957347130369195 0.288938884501572 0.000890503709055836
0.922043143351287 0.387086466519932 0.000713607729566584
0.949327412055512 0.314287726877502 0.000830333761952819
0.849005352961869 0.528383173158972 0.00106440807441711
0.520085434239755 0.854113824787018 0.000845812826420523
0.92254598836534 0.385886297982208 0.000815095457325214
0.00296076295407652 0.00321751197259981 -0.999990440704028
0.00830797723005535 0.0133490179502464 -0.99987638297647
0.965208021577797 -0.261477909435078 0.00166672113325165
0.0144413436932876 0.00741156088744366 -0.999868249499675
0.493641744578484 0.869665213192744 0.000494946390885299
0.853067879721825 0.52179877033858 0.0011116924284475
-0.397694759607415 0.917516699530509 -0.00140863886126601
0.994669725942346 -0.103107191733202 0.00102142384493126
0.399924913181271 0.916547738672802 0.000553670233089054
-0.00524292292177961 -0.012376952856001 -0.999909657317718
-0.0138431413490035 -0.0136822988776193 -0.999810563124343
0.970767074177427 0.240022033298737 0.000843341057119511
0.46306248331592 0.886325489308286 0.000513368990627948
0.973184092963729 0.230026056095537 0.00085715780179084
-0.0302291781279381 -0.0216947222906892 -0.999307528148587
0.997791049377132 0.0664212032230993 0.00111603999853958
0.950836650299471 0.309691650059344 0.000863904393963026
0.366740964775505 0.930323035026909 0.000339490577840662
0.612309228577206 0.790618109302792 0.000643305265826419
-0.398272332387941 0.917266024364596 -0.00147979749922834
0.0111381353822575 0.0139668316920946 -0.999840422043784
0.0093110546214259 0.0120046915223405 -0.999884589161814
0.988361970302548 -0.152116815877896 0.00104402434644005
0.726037667222887 0.687654385064509 0.000867453226004739
0.00309709286415907 0.00597776259754161 -0.999977336928252
0.81077814924458 0.585352893672319 0.000884633809512114
0.00445426621860731 0.00611453326775469 -0.999971385588293
0.989940381015003 0.141481834507016 0.000965681313595961
0.855678327617069 0.517506990126176 0.00105584894852622
0.999286938869333 0.0377448797666359 0.000968429945580198
-0.0123927152853869 -0.00950016852170119 -0.999878076270259
0.431409922514193 0.902155878725801 0.000499236193067063
0.689779045594543 0.724019556827747 0.000741343129174686
0.882325340715155 0.470639291808083 0.000806311522195321
-0.00181339535884898 -0.00940092250145245 -0.999954166076323
0.976214419459428 0.216805180109163 0.000959748574124083
0.011636185551463 0.00782382683990672 -0.999901688627133
0.987282471514944 0.158972248044344 0.00107041630783
0.548388067609852 0.836223789947988 0.000548113268392385
-0.00203310801232799 -0.00796447175543521 -0.999966216260063
-0.104476657317391 0.994525973231079 -0.00164822466887329
0.104489101758008 0.994525242132057 0.00125314643138434
-0.0299188062557716 -0.00456841697185263 -0.999541892367999
0.104542741405946 0.99452029014884 0.000455742906318175
0.756330287914268 0.654189454839937 0.000807935483499575
0.920339261239376 0.39111948652737 0.00109154932388485
0.0157071545868245 0.0076462422861864 -0.999847398493233
0.0763108216727576 0.99708404595032 0.000252600412312537
0.519737856387871 0.854325345988096 0.000873979211000359
0.713524416732475 0.70062992306082 0.00078589972088967
0.462285995876788 0.886730693115753 0.000579571102885429
0.985820127482168 0.167801788496912 0.00111176808723364
0.527430242002764 0.84959810404234 0.000633583906657054
0.760681025999545 0.649125356338935 0.000805259046027688
0.0736869877891422 0.997281167679304 0.000707405658794667
-0.0736869567385637 0.997280747440153 -0.00115896152629934
0.0736869745649842 0.997280988703285 0.000927011574244909
0.000137400531224737 -0.00182107270385393 -0.99999833240626
-0.00115779860167375 -0.006972517627648 -0.999975021438201
0.905870282363494 0.423554393102724 0.000841197994701428
0.938128155506017 0.346286977087117 0.000945170220500993
-0.00361148797276798 -0.0083711348014335 -0.999958439764753
0.00974026270085473 0.0125495154349578 -0.999873810510539
0.649475057224623 0.76038266359502 0.000595774467440447
0.970792822614757 0.239916970423873 0.00106904738109768
-0.866052364341778 0.499952145238149 -0.00107456492960454
0.965963121606408 -0.25867450403789 0.00165790746310396
0.634442279859494 0.772969926608002 0.00069719890080824
0.387761051872764 0.921759875763667 0.000313181541297024
0.015321535138192 0.0052579001009526 -0.999868793916251
0.995391315985535 0.0958857422522756 0.00143265254507556
0.991640484482853 -0.129027748503223 0.000994811942975217
0.974351047206074 -0.225024319184776 0.00202301355789183
0.964828742433639 -0.262873885941871 0.00167864938027556
0.544130890274518 0.839000085686033 0.000656100517552589
0.967981688947101 -0.251018801817944 0.00100548346681389
0.825462239247894 0.564456475526544 0.000989349283545914
0.868732723988023 0.495280358378394 0.00090602258163403
0.000632271663691189 -0.00293223694653255 -0.999995501099396
-0.0146440373090188 -0.011665759666605 -0.999824715749062
0.979549936007328 -0.201198595191941 0.00102379725991064
0.593028303931664 0.80518148366479 0.000457273769847114
0.589101898739473 0.808058497134854 0.000646614033698712
0.573374688083813 0.819293081359362 0.00056026910674129
0.516685736152172 0.856174991877397 0.000483053441624106
0.00894952420960495 0.00897696752954713 -0.999919656807683
0.589507700501076 0.807762461857782 0.00069011838696661
0.988176678958228 0.153316121195615 0.00100903152459442
0.954392083603239 0.298554981066341 0.000820996921696138
0.948661442620845 0.316292027003497 0.000906056596806283
0.713989761992618 0.700155815079255 0.000674077465528017
0.91642448188737 -0.400201577289207 0.00220602191655567
0.548427116054054 0.836198044048646 0.000727671527864716
-0.665512720042673 0.746385537057139 -0.00120396566753668
0.922224410444438 -0.386649027666969 0.00216013531881868
-0.000569470192912853 -0.00623052229471691 -0.999980427956285
-0.538321369254668 0.842738713888896 -0.00125040660180315
0.995294465687446 -0.0968914566842929 0.000985998751390747
-0.00988555294687359 -0.0110558665760698 -0.999890015780329
0.0125163510146305 0.00927442615243176 -0.999878655626182
0.965566316157491 0.26015595587534 0.000753475042940613
0.00902849469016014 0.0113768643558597 -0.999894521057626
0.357320975739359 0.933981605413593 0.000284685300579825
0.997659449255701 0.0683624849222964 0.00148120426008131
0.216962878392296 0.976179826435046 0.000236349262746127
0.994153303985009 -0.10795393591139 0.00227066002066398
0.00858209082997426 0.00279252820129746 -0.999959273922309
0.981946485771003 0.189154593658415 0.0012801483891657
0.215439733378632 0.976517056154006 0.000400402370531891
-0.00223104253627663 -0.0081172931936221 -0.999964565372399
0.58263559519274 0.812733242176258 0.00066353302149211
0.00841185323527083 0.00636642593439458 -0.999944353124698
0.516428401701812 0.856330187449448 0.000562119653069958
0.0152239852236838 0.00372671785724006 -0.999877163379543
0.687520033876873 0.726164899661362 0.00086111424697355
0.805899004412295 0.592052129088954 0.00103495338456033
0.738370196658801 0.674394919746693 0.00097206270163713
0.523144459658494 0.852243805097565 0.000609098880745998
0.00661644277970351 5.62292386321861e-06 -0.999978111087101
0.615686140247592 0.787991125475056 0.000750253007863806
0.997336674617217 0.0729081958783307 0.00198807375094879
0.563412040828137 0.826175797545616 0.000650999031690664
0.988006782638178 0.154408574509573 0.000767840398142826
0.00628725299792302 0.00759333525593888 -0.999951404673963
0.996711918986011 0.0810124203357507 0.00152915093021405
-0.00115345553636868 -0.00441413365430087 -0.999989592428045
0.262783573175849 0.964854773263688 0.000245314511866525
0.932290838208844 0.361708459451959 0.000885072167362769
0.0792093427618265 0.996857734651696 0.000732723909489838
-0.578782546877849 0.815480829905514 -0.00133397383995125
0.0125332348371794 0.00802289271055054 -0.999889269477911
-0.4018602540002 0.915699843835591 -0.00146022408203034
0.00588521967532552 1.73113233446021e-05 -0.999982681794886
0.75181800212173 0.659370025841727 0.000927743051674807
0.211645439043121 0.977346480531953 0.000255194140327474
0.00398761135707386 0.00660306567521634 -0.99997024879711
0.989246499080093 -0.146254559189596 0.000983856715672866
-0.00241386226986117 -0.00766505493972263 -0.999967709579521
0.9977277942956 0.0673597155082948 0.00138463593745366
0.987826462674663 -0.155550262633181 0.00173073233369221
-0.783820353949777 0.620986509612856 -0.00118642862783331
0.684591472880151 0.728926442507168 0.000869869892941431
0.912651045519888 0.408738827642634 0.000799930484627154
0.983954441550231 -0.178410395605759 0.00184056876282516
0.913536305402326 0.406756527137571 0.000739150086713066
0.012954873443478 0.00906823392085947 -0.999874961376481
0.215189068757606 0.976572377344269 0.000237687604435365
-0.0106851729321667 -0.011179273220736 -0.999880418314943
-0.0771900914155188 0.997015756887019 -0.00112707864384825
-0.00954382741328724 -0.0114167445671296 -0.999889280521496
-0.0238501770073989 -0.0289690538333736 -0.999295733492701
0.41816800579823 0.908369330881291 0.000823189533609714
-0.00478610887440945 -0.00958251041672593 -0.999942632682473
0.0126202202374642 0.0112978508062465 -0.999856534012914
0.500227461820626 0.865893895751788 0.00049773515553379
0.404962801429329 0.914333074784959 0.00039725658355577
-0.00813854121452656 -0.0104690300099299 -0.999912077913629
0.48011766707468 0.87720394418002 0.000515827279577394
-0.0140176745669889 -0.0121247632985527 -0.999828232705342
0.979920784986863 0.199384543965545 0.0010289695728451
0.871024191602264 0.491239568820067 0.000737339200903553
0.999313083201628 -0.0370214377833697 0.00166579905961961
-0.868696108843798 0.495344089615015 -0.00114164929629433
0.00590495655068435 0.0103151511863355 -0.999929362077211
-0.0149900341023233 -0.0137324124203964 -0.999793338508878
0.776353961240664 0.630296694762305 0.000776812489342152
0.0136644840916645 0.00763838957677834 -0.999877460931679
0.972465072319566 -0.233046759872983 0.000943838548407935
0.999824156221865 0.0187065653666696 0.00131188696821482
0.996679660910393 0.0814115724534641 0.00134513872812045
0.52317243112816 0.852226676048924 0.000547666005847295
0.916814353092606 0.399312472544848 0.000995607104420679
0.939150692735941 -0.343503634359825 0.00110883506170942
0.924724872446863 0.380635309221449 0.000819543790150824
0.746038290048556 0.665902319793173 0.000985025632729819
0.392392332903025 0.919797878567689 0.0003459209457013
0.930223222674144 0.366993232644263 0.000850406399524966
0.0106114061079188 0.00584082914651669 -0.999926638696707
-0.00816684123121123 -0.00973989769660032 -0.999919215285497
0.0117726205447585 0.00318285226366845 -0.999925634663387
0.82786393740479 0.560928441315037 0.000764766971987561
0.890020745850387 0.455919322928285 0.00080183323408207
0.974376696893671 0.224920714456222 0.000851327834008754
0.980377823090102 0.197124537127432 0.00111393689607389
0.410442281122773 0.911886288555345 0.000728430842610531
0.00445164981721981 0.0355647597763003 0.999357458908452
-0.0111886268406409 -0.0108820312001586 -0.999878190594424
0.830862226370105 0.556477246310042 0.00101741363521956
0.00839531269461499 0.000746392786618047 -0.999964480180455
0.0176561280906685 0.00415718201588846 -0.999835475955186
0.265359200077034 0.9641495387217 0.000402389374475113
0.992020258118755 0.126075423436382 0.000891676698675558
0.464953892153233 0.885334585845646 0.000741132295080497
0.989550645827557 0.144182558197953 0.000953547984315804
0.999601369158139 0.0282119840680934 0.00108937234925361
0.00925637068798039 0.0128264240206869 -0.999874893398433
0.0136379658316893 0.0035060375037762 -0.999900851879323
0.23037266569236 0.973102376955848 0.000445942456205732
0.850161406158296 0.526521399986124 0.00089377603514466
0.457914338672377 0.888996172850368 0.000512928491917901
0.0129220960364802 0.00570573896728503 -0.999900227011106
0.924385242896357 -0.381458780370537 0.00105905319336583
0.699744725894601 0.714392382653169 0.000917709005684611
-0.75516468047897 0.655533917000998 -0.00126056274081506
0.888279256015238 0.459303048849387 0.000820152834653718
0.368740325970861 0.929532212977948 0.000661089420577238
0.99519479123022 -0.0979100930510636 0.000970147911419588
0.999462536897747 0.0327636486028606 0.00108658554566948
-0.00376009799796326 -0.00452871118914363 -0.999982676068946
0.00141910271705945 -0.00087936488431656 -0.999998606431468
0.665077972623673 0.746773608100845 0.000684525259297323
0.846100742467329 0.533022070002783 0.00100323784998875
0.999520017680085 0.0309651481174142 0.000945441098108109
0.226422374883793 0.974029069204435 0.000529619414594026
0.660867262786674 0.750502498989673 0.000678223491668183
-0.0094424856220116 -0.0204324943173943 -0.99974664422605
0.964740162492354 -0.263198802984756 0.00167600167614401
0.258750360869398 0.965944140802316 0.000409389341044453
0.772743984645195 0.634717319361199 0.000811601872740632
0.00491099893137901 0.00783355238686948 -0.999957257859804
0.953494370633061 0.30140881794211 0.00109983535279564
0.383584574065103 0.923505460430259 0.000734230746724976
-0.00185890806766352 -0.00249860545402678 -0.999995150704033
0.0119341879622201 0.00798531062085317 -0.999896899671147
0.838041993211738 0.545605139025925 0.000806152714043874
-0.00786739765951944 -0.0080614826073649 -0.999936556263565
0.975434109857584 0.220289185766111 0.000985880746379321
-0.00781067657221728 -0.0162684058325588 -0.999837152891985
0.828352123746859 0.560207226522619 0.000788946072280619
0.982397448008651 -0.186793821499348 0.00182274401906394
0.856571529238838 0.516027635626462 0.000833406984133645
0.999917090181503 -0.0127944304923482 0.00145441099124597
0.866098105569511 -0.499872916105818 0.00106736721410072
0.964935333613014 0.26248596569459 0.000959040416520256
0.994750515355104 -0.102317659013205 0.00158393649286499
0.653874150859798 0.756603055292941 0.000641528460396939
0.985815082510676 0.167831040549938 0.00116829893199259
0.999720766956663 0.0236138070330711 0.000881040853859718
-0.223300862164163 0.974748904932351 -0.0011389863578812
0.232833060293739 0.972515886179607 0.00127167706067595
0.0225528925592701 0.00353970461228235 -0.999739384804094
0.227869565513839 0.973691260180051 0.000889360174111496
0.0103184890066681 0.0123847843931622 -0.999870064508461
0.00574396824315472 0.0117216372882727 -0.999914801394651
0.846822955081674 0.531874099190879 0.000908491404598579
0.847604173326833 0.530628447416516 0.000784953039306328
0.807039702334796 0.590496265565042 0.00103884989451714
0.997223431166183 0.0744553328883354 0.00135341702102455
0.0017530872736025 -0.00138185339618788 -0.999997508579998
0.222218378857953 0.974996826385024 0.000425013969922175
0.746071938360451 0.6658650150855 0.00066669053284005
0.474145664242349 0.880446182796262 0.000638967662429041
0.477823820726027 0.878455451350337 0.000645243874115721
0.0115448654909402 0.00633670882984843 -0.999913277340591
-0.535773990782393 0.844360417633833 -0.00130993676477092
0.980497231946186 -0.196530246398837 0.00101999817662514
0.00668436513589688 0.0107434927796311 -0.999919945108419
0.990929969618095 0.13437601185179 0.000939548556422949
0.00310725514059215 0.000212277032416866 -0.999995149940215
0.00229859194474456 0.00129167863599901 -0.999996524014645
0.995524408371073 -0.0944988664752662 0.00105667985466327
-0.00295772860767323 -0.0135082298478901 -0.999904385212836
0.394470115332306 0.918908604102423 0.00055264478099975
0.872732251641139 0.488198428209672 0.000843586980493211
0.0165749938226092 0.0170357465754685 -0.999717486552274
-0.0236200959073772 -0.0159546421527628 -0.999593687686704
0.965206286514141 -0.261484344109623 0.00166200455562005
0.00317537946758293 -0.00100205443387616 -0.999994456410708
-0.622989325523002 0.782229405644371 -0.0012071576738132
-0.0111342423049278 -0.00709050463173295 -0.999912872900616
0.406680352138188 0.913570284106732 0.000653591542666427
0.964987621088725 -0.262285579723611 0.00227284283929538
0.894365545759092 0.447335917388759 0.000920637278333444
0.236920483199379 0.971528127066747 0.00133527478540204
-0.227683584912688 0.97373450082761 -0.00114326694684098
0.232074039888555 0.972697732243965 0.000872752686954962
-0.011393811568796 -0.0047937035227531 -0.999923597813588
0.812195940755315 0.583383855165493 0.00101555543234938
0.995001936852045 -0.0998432120560676 0.00157437829220322
0.923312860509524 0.38404699521117 0.00112564958674996
0.00197920474403847 0.00096707116590119 -0.999997573758027
0.993621532894813 -0.112754837847949 0.00161118268491584
0.895313217459734 0.445436232853734 0.00089727530499323
0.952243445470642 0.30533867155761 0.000846291695494009
-0.00848950971340052 -0.00817181058325997 -0.999930572458217
-0.262002799851526 0.965066300860158 -0.00125212381620932
0.99483418667255 -0.10150131783712 0.001556761026886
0.405449148190531 0.914117458451135 0.000510280717671091
0.94444756775782 0.328660625080834 0.000992611613130168
-0.00299965807040221 -0.0101886101382248 -0.999943595546725
0.912633320144803 0.408778380433139 0.000811573738374874
0.0151407360223533 0.0109051224520508 -0.99982590305363
0.341782925553498 0.939778522881639 0.000871625204092147
0.998939094474432 -0.0460161850214603 0.00178780498719177
0.636485559994956 0.771288280074426 0.000721760168785736
0.364099923338068 0.931359667361617 0.000644854456732842
-0.00598100331667596 -0.00626419260424049 -0.999962493041786
0.34931260793099 0.937006120440601 0.000481868555651824
0.0842937277242073 0.99644053175483 0.000913314025319153
-0.0809861963671061 0.996714372383351 -0.00130226051580439
0.0828061458608653 0.996565391527283 0.000750078490711773
0.0123121546801619 -0.00084888325544872 -0.999923842222172
-0.646220384374616 0.763149746335969 -0.0012959498716772
0.0146625981994026 0.00362113208342995 -0.999885941303546
0.336546171254089 0.941666756123743 0.000628510621419049
0.713580385792088 0.700573051975574 0.000657159375291308
0.909238623599088 -0.41627378054573 0.00112471587597689
0.00176240138528937 -0.000203928904854376 -0.999998426175941
0.987338618557512 -0.158624174199987 0.000907559538430065
-0.00232938575851277 -0.00556989556888393 -0.999981774946594
0.569561182656644 0.82194877853098 0.000514472733712665
0.809843988837 0.58664437234993 0.00104600895502969
0.338010799176007 0.941141813000073 0.000887391307979949
0.0149482331297063 0.00708109799844919 -0.999863194830891
0.986767720625626 -0.162137355483118 0.000971333231864698
0.989098343518406 0.147253304996384 0.000964892111624637
0.571781870350634 0.820405513970561 0.00053421440439168
0.463853068170116 0.885912000350772 0.000508707837316801
-0.399273213579209 0.91683105684205 -0.00130924711965979
0.348719644261521 0.937227062449857 0.000207648089470659
0.736497032220453 0.676439999015938 0.00102433480001161
0.0043971286682889 0.000611969952123366 -0.999990145327569
0.954747248841132 0.297416195024148 0.0011391960529167
-0.00755756284149372 -0.0164584975255519 -0.999835987101434
0.0228410902391156 0.00365848122557175 -0.99973241425484
0.0062173774612422 0.00163311548538769 -0.999979338362206
0.963119120575111 -0.269070024026356 0.00169757270243434
-0.00163903187817305 -0.00732064062483258 -0.999971860501757
0.671120516522842 0.741347856387775 0.00077982777861244
0.262258172627402 0.964997716602701 0.000240503032890939
0.996074986678456 0.088506362127027 0.00111569554661188
0.00384252619410363 0.00376697082922825 -0.999985522356809
0.0120568475149417 0.00107068520181438 -0.999926740347112
0.939126277644669 0.343571074131305 0.000866981851021494
0.238263287387643 0.971200251439828 0.000823095649111808
0.983633125305569 -0.180175522154018 0.00162972946376491
0.22455901578056 0.974460233125853 0.000708863861646975
0.973549288670814 -0.22846839505769 0.00199373727318076
0.869794148562942 0.49341393177319 0.00091162371051004
0.999894404270419 -0.0145092249038865 0.00081406473454902
0.339675399921427 0.940542619460827 0.000451293678309303
0.00282676343511712 0.00291480181563475 -0.999991756635452
0.356699194875247 0.934219118685045 0.000568030534659862
0.0159905943161078 0.00907165797063305 -0.999830988675127
0.77480613995724 0.632198127910044 0.000986180306713223
0.678562751089312 0.734542095051479 0.000709529061279508
0.250450220043577 0.968129431641933 0.000301444507732584
0.322076271991746 0.946713679186373 0.000290966149297587
0.913543760644359 0.406739630420583 0.00081879978563204
0.557819677422106 0.829962026825906 0.0004914343617885
0.983459298283464 -0.181121967265046 0.00162529807589415
-0.0180421477936816 -0.00917889584928878 -0.999795093393631
-0.00335571992785198 -0.0076196342338469 -0.999965339558281
0.999732977449368 0.023011620658839 0.00210692070926611
-0.00467508349376664 -0.0139421616236966 -0.999891874016178
0.314967995992918 0.949102251786302 0.000277766766504967
0.871975560765116 0.489548544462757 0.000918717996307712
0.937081569552979 0.349109420714366 0.000862770308942014
0.00323712989753155 0.0039684710683276 -0.999986886027715
0.972198132484814 -0.234157860281712 0.000942157804955479
0.914762138559085 0.403991641761765 0.000991587334516781
0.00592978446462666 0.00755759423410849 -0.999953859148309
-0.00245020226520496 -0.00906749128271722 -0.999955887582396
0.965723747595974 0.259570308480016 0.000947778865258481
0.899685263348018 0.436538331869877 0.000843636576113547
0.982985789091012 -0.183674190606454 0.00165231661158663
0.376295890786244 0.9264992855057 0.000690315010605737
-0.00110600502447165 -0.00805537826886843 -0.999966943270542
0.210311695297805 0.97763436120342 0.00021590586931163
0.892836020757604 0.450381155508608 0.000809197416261477
0.356699139824223 0.934219088554003 0.00064670703400634
0.997609152595478 0.0690790841019985 0.00201464571594243
-0.0209808933468813 -0.0146210342060681 -0.99967296025906
0.00399999331282612 0.00558893531327437 -0.999976381648867
-0.0317926726327119 -0.01004268030739 -0.999444030718636
0.214105296746582 0.97681036510875 0.000657663416621155
-0.00179724262835709 -0.0100411312042333 -0.999947971448052
0.0114031330391637 0.00595309400959558 -0.999917261191447
0.012565107533606 0.00784301500166828 -0.999890296576756
-0.702765082901657 0.711420775781307 -0.00131074061146627
0.354411530378879 0.935089409815933 0.000512625196273759
-0.0150802738389541 -0.0121344092501945 -0.999812653177129
0.922191818690647 0.386732088320274 0.0007358012475552
0.224434834617835 0.974488988737741 0.000464584717607883
0.999839789747766 -0.0178418775654676 0.00143605086352923
0.759911285043716 0.650025921308371 0.00106793745662651
0.000151338991923394 -0.00267578280395192 -0.999996408634999
0.358649303028228 0.933472160123115 0.000635383705138578
0.012899686453888 0.00615629035545467 -0.999897843871288
-0.00146183511885782 0.999998931518472 -0
-0.00142217241510819 0.9999989887123 -0
-0.999999073135198 -0.00136151707457022 0
-0.00139971516191287 0.999999020398253 -0
-0.00136612082615875 0.999999066856509 -0
-0.99999870758203 -0.00160774197867535 -0
-0.999999115107956 -0.00133033202785034 -0
-0.999998743256944 -0.00158539727927276 -0
-0.00135456662720958 0.999999082574205 -0
-0.999998800962614 -0.00154857138493371 0
-0.999998759916615 -0.00157485403552596 0
-0.999998667544443 -0.00163245500337479 -0
-0.00154892097930409 0.999998800421181 -0
-0.00151463316409447 0.999998852942531 -0
-0.00131331822891083 0.999999137597243 -0
-0.999998523034342 -0.0017186998382848 -0
-0.00148505887710933 0.999998897299458 -0
-0.001315220219098 0.999999135097514 -0
-0.00135193483090541 0.999999086135689 -0
-0.00134238937404334 0.999999098994978 -0
-0.00137878081730727 0.999999049481277 -0
-0.00154488335637646 0.999998806666996 -0
-0.00138412194207677 0.999999042102766 -0
-0.999999090004064 -0.00134907043718727 -0
-0.00153762732298725 0.999998817850409 -0
-0.00157633890928516 0.99999875757705 -0
-0.00154557090362427 0.999998805604578 -0
-0.00157849386796175 0.999998754177778 -0
-0.99999866050931 -0.00163675886621686 0
-0.0015020344938625 0.999998871945553 -0
-0.00146231055801776 0.999998930823344 -0
-0.0014670736806929 0.999998923846829 -0
-0.00151118355321516 0.999998858161482 -0
-0.00151663876261946 0.999998849902771 -0
-0.00154109590930701 0.999998812510994 -0
-0.00151798615042717 0.99999884785836 -0
-0.00140242891407734 0.999999016596087 -0
-0.001425172897531 0.99999898444059 -0
-0.0014348178871329 0.999998970648286 -0
-0.00144852995337414 0.999998950879937 -0
-0.0014094934472573 0.999999006663618 -0
-0.00141598867845671 0.999998997487529 -0
-0.999998983114191 -0.00142610328688933 0
0.99999867814816 0.00162594647294087 0
-0.00116387542611106 0.999999322696767 -0
-0.999998249016403 -0.00187135355537032 -0
-0.999998810088484 -0.00154266704676049 -0
-0.00128572179092089 0.999999173459397 -0
-0.00136342616582386 0.999999070534113 -0
-0.999998864537042 -0.00150695873441795 -0
-0.00153672766749641 0.999998819233341 -0
-0.99999864854382 -0.00164405308115903 0
-0.00138706386800812 0.99999903802645 -0
-0.999999138711147 -0.00131246979553103 -0
-0.0016342938948507 0.999998664540841 -0
-0.00160046673852724 0.999998719252289 -0
-0.00140235138162779 0.999999016704818 -0
-0.999998811703705 -0.00154161966059778 -0
-0.999998944515289 -0.00145291717178795 0
-0.999998865758077 -0.00150614825278887 0
-0.00142127858007157 0.999998989983089 -0
-0.999998913809279 -0.00147389967827154 -0
-0.00143355827596073 0.999998972454807 -0
-0.00140144136487192 0.999999017980568 -0
-0.00148754585205679 0.999998893603057 -0
-0.0014413366658773 0.999998961273768 -0
-0.00139195586315953 0.999999031228968 -0
-0.00139456565673403 0.999999027592842 -0
-0.00146051997776798 0.999998933440128 -0
-0.00144468825592032 0.999998956437377 -0
-0.00142221199623763 0.999998988656007 -0
-0.00145384034330043 0.99999894317357 -0
-0.00145881414767883 0.999998935930075 -0
-0.00149715565507206 0.999998879261844 -0
-0.00150164834510914 0.999998872525488 -0
-0.0015115829732681 0.999998857557805 -0
-0.00153406225351376 0.999998823325809 -0
-0.00155658667683036 0.999998788518225 -0
-0.00155736793814559 0.999998787301817 -0
-0.00155292356122908 0.999998794213479 -0
-0.00156259054947506 0.999998779154642 -0
-0.00156258752268417 0.999998779159372 -0
-0.00158668180269475 0.999998741219636 -0
-0.00161060052896187 0.999998702982127 -0
-0.00160121156182545 0.999998718059946 -0
-0.00140405278815383 0.999999014317398 -0
-0.00137020816028597 0.999999061264358 -0
-0.999998728880399 -0.00159443958359684 0
-0.00163186687474783 0.999998668504365 -0
-0.00139373480221213 0.999999028751179 -0
-0.00152149268815891 0.99999884252933 -0
-0.00147900808778546 0.99999890626694 -0
-0.00163119387957701 0.999998669602379 -0
-0.00156535261255931 0.999998774834849 -0
-0.00147024377946604 0.99999891919103 -0
-0.00154838849690289 0.999998801245813 -0
-0.999998795181021 -0.00155230039152179 0
-0.999998527561716 -0.00171606363518644 0
-0.00136532792291127 0.999999067939397 -0
-0.999998805688243 -0.00154551677062905 0
-0.00147229047278943 0.999998916179795 -0
-0.0015736266718142 0.999998761848782 -0
-0.00139506309842692 0.999999026899002 -0
-0.00139628312859842 0.999999025196237 -0
-0.999998758174119 -0.00157596009476538 -0
-0.00128471538211744 0.999999174752853 -0
-0.0015664408602824 0.999998773130763 -0
-0.999999022320097 -0.00139834146383832 -0
-0.00144727616303034 0.999998952695306 -0
-0.0014219778854984 0.999998988988935 -0
-0.00159503062267087 0.999998727937847 -0
-0.00136307214750055 0.999999071016729 -0
-0.999998827108832 -0.00153159425459414 -0
-0.999998593609955 -0.00167713389834522 0
-0.00138558632759393 0.999999040074804 -0
-0.00143899742130789 0.999998964642675 -0
-0.999998560208281 -0.00169693292872118 -0
-0.99999879873245 -0.00155001085692132 -0
-0.999998515189515 -0.00172325818316751 0
-0.999999218815222 -0.00124994757726033 -0
0.999998590295693 0.00167910887864492 -0
-0.999998572136553 -0.00168988900706625 -0
-0.999998678090995 -0.00162598163027474 -0
-0.00159895415816366 0.999998721671983 -0
-0.999998340222096 -0.00182196406452409 -0
-0.999998885718002 -0.00149283714931602 -0
-0.00136333978581868 0.999999070651882 -0
-0.999998870688312 -0.00150287128531003 -0
-0.00148094942539679 0.999998903393798 -0
-0.00134783282816998 0.999999091672921 -0
0.999998456807895 0.00175681012898257 0
-0.999998866471943 -0.00150567421067407 -0
-0.00121030546975709 0.999999267580067 -0
-0.999998322964579 -0.00183141148561711 0
-0.00119568815039447 0.999999285164668 -0
-0.00165629607966337 0.999998628340708 -0
-0.00153229647013865 0.999998826033075 -0
-0.00159605612260844 0.999998726301616 -0
-0.999999188579734 -0.00127390732522273 -0
-0.999998834068968 -0.00152704312481496 0
-0.00145711867851871 0.999998938402015 -0
-0.9999991334517 -0.00131647098311097 0
-0.00150103099604564 0.99999887345234 -0
-0.00130224691813885 0.999999152076123 -0
-0.999998889196275 -0.00149050535570075 -0
-0.00133961566758751 0.999999102714529 -0
-0.00138936655861345 0.999999034829817 -0
-0.00157464786449985 0.999998760241283 -0
-0.00155617119156112 0.999998789164878 -0
-0.999998998862504 -0.00141501731094654 0
-0.00139520943219878 0.999999026694846 -0
-0.001425172897531 0.99999898444059 -0
-0.00148230263409365 0.999998901388847 -0
-0.00147361294796041 0.99999891423185 -0
-0.00141858392003629 0.999998993809325 -0
0.99999885020661 0.00151643841231488 -0
-0.00119269500031689 0.999999288739065 -0
-0.00132099277901916 0.999999127488658 -0
-0.999998306724292 -0.00184025773954935 -0
-0.00153313768524253 0.999998824743728 -0
-0.00155706944999032 0.999998787766629 -0
-0.00145562507308917 0.999998940577262 -0
-0.0014806949420673 0.999998903770643 -0
0.999998878238693 0.00149783889507137 0
-0.00136473688344586 0.999999068746186 -0
-0.00119049184346787 0.999999291364334 -0
-0.00150829285096841 0.999998862525691 -0
-0.0013603833078872 0.9999990746782 -0
-0.00156336599001666 0.999998777942644 -0
-0.0013869819117799 0.999999038140126 -0
-0.00138603685402122 0.999999039450458 -0
-0.999998333784443 -0.00182549399819292 -0
-0.0015678277125556 0.999998770957377 -0
-0.00145187711953981 0.999998946025859 -0
-0.999998437211002 -0.00176792973670413 -0
-0.00129398726504054 0.999999162798129 -0
-0.0013510965257203 0.999999087268672 -0
-0.00146643584251862 0.999998924782382 -0
-0.00154633167593198 0.999998804428459 -0
-0.999998476886264 -0.00174534384921264 0
-0.00151749161928875 0.99999884860893 -0
-0.00153029517911384 0.999998829097647 -0
-0.999998476089474 -0.00174580031228343 -0
-0.00152946281154241 0.99999883037107 -0
-0.00145420600303719 0.999998942641891 -0
-0.00151974308637414 0.999998845189809 -0
0.999999373959569 -0.00111896401640293 -0
0.999999438067043 -0.00106012527456822 -0
0.999999490883167 -0.00100907552058379 -0
0.0010664568637506 0.999999431334717 0
0.00102077874038454 0.999999479005246 -0
-0.00117272332750184 -0.999999312359762 -0
0.999999496362851 -0.00100363043241132 0
-0.999999365316333 0.00112666185317452 -0
0.000863933456655014 0.999999626809422 0
-0.999999378450041 0.00111494373480617 0
-0.999999369390704 0.00112303971156683 0
-0.999999429873382 0.00106782625557667 -0
-0.999999647101509 0.000840117169326382 0
-0.999999625397574 0.000865566122088519 0
0.00085638777041598 0.999999633299926 0
-0.00114095153365133 -0.999999349114587 -0
0.999999362504684 -0.0011291546511897 -0
0.000937263693530535 0.999999560768288 -0
0.999999482452017 -0.00101739652969559 -0
0.000966361093132772 0.99999953307301 0
0.000872883634296347 0.999999619037008 -0
-0.99999968251267 0.000796852908885318 0
0.00102275075833383 0.999999476990306 0
0.999999502367489 -0.000997629577968342 -0
-0.999999426813841 0.00107068762439966 0
-0.999999491998538 0.00100796957618639 0
-0.999999467790505 0.00103170669608609 0
-0.999999522407094 0.000977335962659598 0
-0.999999478784191 0.00102099527264788 0
-0.99999961328707 0.000879446251816133 -0
0.000910720557412666 0.999999585293947 0
0.000877474236049485 0.999999615019408 0
0.000951339922798831 0.999999547476073 0
0.0010656230981897 0.999999432223545 0
0.00108990736999954 0.999999406050786 0
0.00103413802749563 0.999999465279127 0
0.00100959042501091 0.999999490363457 -0
0.000999768358080964 0.99999950023149 -0
0.00102305495125552 0.999999476679146 0
0.00101317170576906 0.999999486741415 -0
0.0009803466928213 0.999999519460065 -0
0.000944891334881529 0.999999553590083 -0
0.00106516663424513 0.99999943270986 0
-0.999999584102043 0.000912028366054324 0
0.000778794633802388 0.999999696739413 0
0.00128910120571648 0.999999169108695 -0
0.00109639111359139 0.999999398963083 -0
0.00108382164979174 0.999999412665143 0
0.99999953284112 -0.00096660102488929 0
0.000777849574796902 0.999999697474974 0
0.00111469216161475 0.999999378730499 -0
0.999999312816082 -0.00117233415162838 -0
-0.999999638090006 0.000850776032161171 0
-0.999999746469116 0.000712082652324099 0
0.999999441965348 -0.00105644166516721 0
0.999999263935303 -0.00121331317153794 -0
0.00113311621047341 0.999999358023621 0
0.00107443270084941 0.999999422797019 0
0.00110152292757035 0.999999393323436 -0
0.00108291465907556 0.999999413647749 0
0.00088339325190692 0.999999609808105 0
0.0010920959754468 0.999999403663012 -0
0.00103605445447163 0.99999946329544 -0
0.00104105763034705 0.999999458099358 -0
0.000893282550703571 0.999999601023063 0
0.00106980997032554 0.99999942775315 0
0.000907961458348779 0.99999958780291 -0
0.00104734521496824 0.99999945153385 -0
0.000909128870237673 0.999999586742263 -0
0.00101641631373886 0.999999483448805 -0
0.000983272439854143 0.999999516587538 -0
0.000922605271181557 0.999999574399666 0
0.00100511973208007 0.999999494867034 -0
0.000962092321822093 0.999999537189075 -0
0.000990695306297576 0.999999509261284 -0
0.000983105733275518 0.999999516751442 -0
0.00101358719161076 0.999999486320371 -0
-0.999999599573768 0.000894903516280685 0
0.000974003402618792 0.999999525658573 -0
-0.999999534059219 0.000965340015286936 0
-0.999999587980838 0.000907765473315013 0
-0.99999957850629 0.000918143366742043 0
-0.999999543182217 0.000955842746768611 0
-0.999999605981227 0.000887714701530556 0
-0.999999577331545 0.000919421955136133 0
0.00101673238099839 0.999999483127499 -0
0.000911551471084192 0.999999584536871 -0
-0.999999450788867 0.00104805627896463 0
-0.999999590547809 0.00090493326546612 0
0.00101578441204929 0.999999484090881 -0
0.999999329049692 -0.00115840414629356 -0
0.00110886383585972 0.999999385210308 0
-0.999999695726854 0.00078009371158196 0
-0.999999733780256 0.000729684464836478 0
0.00112821250322893 0.999999363568071 0
-0.999999664783577 0.000818799568620042 -0
-0.999999422347393 0.00107485109701572 0
-0.00119106530453365 -0.999999290681469 -0
0.00105015990148555 0.999999448581939 -0
0.00109381042184125 0.999999401789202 0
0.00110939643529175 0.999999384619585 0
-0.999999679608052 0.000800489721143286 -0
0.000966454749172636 0.9999995329825 -0
0.00107941242458696 0.999999417434239 -0
-0.999999413758683 0.00108281221371148 -0
0.000877263582692537 0.999999615204229 -0
-0.999999639574576 0.000849029279732742 0
0.999999474446757 -0.00102523470948128 -0
0.0011181534175552 0.999999374866272 0
0.000833437495617423 0.99999965269091 0
-0.999999657628241 0.000827492236248902 0
0.00083061698712034 0.999999655037651 -0
-0.999999374778014 0.00111823234704241 -0
-0.999999529080635 0.000970483646883287 0
0.00101503842346505 0.999999484848367 0
0.000849614440924018 0.999999639077586 0
-0.999999486655427 0.00101325657244845 0
-0.999999406975141 0.00108905893613896 0
-0.00106641006484596 -0.999999431384625 0
0.999999518487209 -0.000981338550404891 0
-0.999999600756383 0.000893581039338094 0
-0.999999548319045 0.000950453420955611 0
0.999999230750093 -0.00124036253660191 -0
-0.00113752834553287 -0.999999353014422 -0
0.000797689701670143 0.999999681845519 -0
0.00111686016139676 0.999999376311495 -0
0.999999332874134 -0.00115509795562187 0
0.999999466192493 -0.00103325443614518 0
0.00118357806358764 0.999999299571238 0
0.000831278225699942 0.999999654488196 0
-0.999999606412258 0.000887229017207992 0
0.00109750578895035 0.99999939774034 -0
0.00110520071589358 0.999999389265502 0
0.00127100497963433 0.999999192272845 -0
-0.999999663810218 0.00081998746972164 0
0.00126828377595794 0.999999195727808 -0
0.00107694889859789 0.999999420090367 -0
0.999999511178304 -0.000988758390095415 -0
0.00109783349768435 0.999999397380624 0
0.999999312342697 -0.00117273787939659 -0
0.999999254922807 -0.00122071857183417 0
0.999999404902204 -0.00109096069458058 0
0.999999488332016 -0.00101160056625196 -0
0.0009569808800757 0.999999542093693 0
0.999999334373852 -0.00115379887879088 -0
0.00107447658937329 0.999999422749863 0
0.00109852989329482 0.999999396615855 0
-0.99999972117274 0.000746762640866532 0
-0.999999774311069 0.000671846567823589 0
0.999999451567501 -0.00104731308437505 -0
0.00110206716853326 0.999999392723794 -0
0.00112631365540217 0.999999365708574 0
-0.999999607703937 0.000885771964236535 0
-0.999999608323067 0.000885072716178199 -0
0.000827234725744688 0.999999657841296 0
-0.999999614451799 0.000878120864438456 0
0.000792958586070063 0.999999685608291 0
0.000809258350106332 0.999999672550408 -0
-0.00124795513214536 -0.999999221303691 -0
0.00110660223821729 0.999999387715556 -0
-0.999999766861473 0.000682844783990951 0
0.00114468194136175 0.999999344851412 0
0.00110782226927374 0.999999386364722 -0
-0.99999961328963 0.000879443341435423 0
0.00101502084477024 0.99999948486621 0
0.00077176094071823 0.999999702192481 0
-0.999999618229589 0.000873808145847533 0
0.000951851975110009 0.999999546988806 -0
-0.999999761401618 0.0006907942587199 0
0.00105592385040439 0.999999442512256 -0
0.00107414597025431 0.999999423105051 -0
-0.00120208108858204 -0.999999277500267 0
-0.999999734134534 0.000729198780385658 -0
0.000828814704532045 0.999999656533034 0
-0.00115883127352933 -0.999999328554814 -0
0.000823273173416941 0.999999661110584 0
0.000809972324785887 0.999999671972363 -0
-0.999999611849896 0.000881078917183344 0
-0.999999608188439 0.00088522481267181 0
-0.00109003030443359 -0.999999405916791 -0
0.00112269151379023 0.999999369781684 0
0.00110434343452216 0.999999390212603 -0
-0.00110401875258985 -0.999999390571111 0
0.999999294332342 -0.00118799613530801 -0
0.00112627267726244 0.999999365754727 0
0.00110738629443591 0.999999386847609 -0
0.0133530110301679 0.999741227904879 -0.0184166860122212
-0.000402828116598202 0.999995505140944 0.00297109868853664
0.921185724054913 0.0023698669720465 0.389115979533043
-0.0167195273008474 0.99977260889513 0.0132358569749327
0.000904829228492538 0.999998122340742 0.00171365079777642
-0.0172948094160169 0.999822375261635 0.00749049353816484
-0.020325929681892 0.999485213002733 0.024822682599759
0.351439048694015 -0.0126235126903081 -0.936125655016678
0.813660358206449 -0.0122867649523222 -0.581210682016737
0.24704004852221 -0.00616492783908417 -0.968985659383503
0.01077737954542 0.999651437025415 -0.0241008826219346
0.389557547896502 -0.0125418572757881 -0.920916727339089
0.754699960184307 -0.0130959196198876 -0.655939377524413
0.238124474574306 -0.00629764322454976 -0.971214226779307
0.263776519591706 -0.00956663973141866 -0.964536379363856
0.0137899274545544 0.999646456307091 -0.0227332420361556
0.0276088946193907 0.999323599009737 -0.0242918381379685
-0.0171320609961048 0.999832899722532 0.00637692076628992
0.918252777109403 0.00298374198293269 0.395983502957698
0.669891958967985 -0.0133529718290785 -0.742338508669305
0.951164321952617 -0.0119317514028434 -0.308454317448919
-0.0273943715399711 0.999254031544098 0.0272200082806104
0.868552954289868 -0.0125212193761872 -0.495438174406935
-0.0192847688931355 0.999601096942303 0.0206335813779997
0.0180342017213193 0.999833644420979 -0.00272966154295579
-0.0150936074361294 0.999588688602714 0.0243851723813927
0.99444669738338 -0.00988762149348036 -0.104775956232762
0.976969855241978 -0.0100543945298898 -0.213140355397814
0.950075308045427 -0.0120131078114537 -0.311789342799104
0.994321761758759 -0.00961274476503088 -0.105980324735495
0.977160792793766 -0.0101379199391361 -0.212259293332391
0.663520528823279 -0.0146387782545044 -0.748014848783961
0.0135997254181998 0.999792742664993 -0.0151498905263783
0.750746412876979 -0.0125012142301847 -0.660472212280819
0.190020934256498 -0.00769346981159795 -0.981749894355251
0.912667427513283 -0.0119647665214413 -0.408527858436085
0.0294179983003406 0.9994734350336 -0.0136906551390573
0.956469762913133 0.00157481740064385 0.291827196441746
-0.0129869392416694 0.999893856867155 0.00660412056661192
0.525071447712577 -0.0112727855332841 -0.850983489324757
0.919276385753872 -0.013129030653614 -0.393393638928483
0.959747868554386 0.00276041994964687 0.280849441671181
-0.0229307540999669 0.99963190523025 0.0144994676505054
0.999990795256111 -0.00335481504553937 -0.00267481196732631
0.979406071789492 -0.0117149877245082 -0.201560178617927
0.603307200760222 -0.0111699220069577 -0.79743065802189
-0.0156901590738906 0.99985584103188 0.00648968895000956
0.405221094339134 -0.00613117885671586 -0.914198158687941
0.0220525026618063 0.999599803007623 -0.0177178145794681
0.993648333510205 -0.00830160071591505 -0.112223316373851
0.916821661618783 -0.0136267109281112 -0.399064347613083
-0.0111865811660137 0.999907009524576 0.0077995323856849
0.776453295372741 -0.014807045334965 -0.630000818660785
-0.0140433721800719 0.999816381531052 0.0130379032043144
0.993572998450619 -0.00819371916136908 -0.112896234286852
-0.0267856221510581 0.999400691491433 0.021926885151024
0.978788482533876 -0.0116306001749183 -0.20454299205449
-0.0300758995636295 0.99942010991504 0.015965092008772
0.0298867151279744 0.999535438027839 -0.00597431045016811
0.309138831856064 -0.00449236650381789 -0.951006309801288
0.0128745317571949 0.999902824542722 -0.00534676570653241
0.523197094681939 -0.00958529262563193 -0.85215780362657
0.016002475829925 0.999811197614529 -0.0110222453209437
-0.0223222895299458 0.999591696041798 0.0178369446493148
0.444123211552477 -0.00970419336331656 -0.895913166323323
-0.0292415221432169 0.999530722089834 0.00912518390620805
0.284486601747352 -0.0122758358436231 -0.958601417316177
-0.0289448075233782 0.99945916772824 0.0156067344889296
0.813027288444588 -0.0139875963687557 -0.582057536152798
0.352213790793515 -0.0100599355184503 -0.935865504905607
0.999990537220947 -0.00332717827740537 -0.00280274031483618
-0.00817333745233915 0.999482370248008 0.0311157214011443
0.950150698896852 -0.00632437723631045 -0.31172688629375
-0.0209790678099698 0.999589708441387 0.0195011151447115
0.0231699479559065 0.999613580408007 -0.0153571929598274
-0.0308141896074992 0.999406831280621 0.0153776236285705
0.604709091880393 -0.0106597695104147 -0.796375089710355
0.0225826767869799 0.999647966460564 -0.0139271626828506
0.524110144813808 -0.011777438505424 -0.85156905066207
0.682314032027351 -0.0115451859841829 -0.730968036496241
0.911903091290668 -0.0100172812811121 -0.41028332426539
0.0179699815583744 0.999588208003625 -0.0223717273113315
0.634259948951736 -0.0148287140828162 -0.772977636412847
-0.0196519467344228 0.999717247662383 0.0133875209018663
0.980995636158417 0.0013736980557599 0.19402493342814
0.44559815916875 -0.0116656638736334 -0.895157077183557
0.588390701358588 -0.00708032692419585 -0.808545763408229
0.519763130356194 -0.00993067556971354 -0.854252696808771
0.675798293018186 -0.0103160767618611 -0.737014413504885
0.0209056555002201 0.999573955714574 -0.0203681276808671
-0.013873094043897 0.99952934021741 0.0273612007448259
0.864853132580056 -0.00690278870123382 -0.501977500068092
-0.0121241941061587 0.999577661370533 0.0264102784213354
0.749386844402166 -0.0113053814267019 -0.662035909741882
0.500159250062399 -0.00646416355037022 -0.865909313477233
0.749957985553041 -0.0105568814045427 -0.661401218747164
-0.0190789202282078 0.999573508387691 0.0221087343022588
-0.000984308572380986 0.999524389863028 0.0308224789005564
0.00892708151502273 0.999473483339072 0.0311939628403556
0.867486228633775 -0.0104845712294439 -0.497350698096307
0.00180177142650446 0.999489884231381 -0.0318861245507627
0.265347415804575 -0.00769342161567667 -0.964122170780072
0.912113580721687 -0.00913325400702974 -0.409835820218665
0.885314690399126 -0.0141325288026966 -0.464777549579517
0.885481819181869 0.0031991525928887 0.464663010493687
-0.0222857133191523 0.999377294215106 0.0273563665195134
0.742548378108689 -0.00731348867233404 -0.669752505819572
0.0141851851381915 0.999496502255948 -0.0283817282898989
0.913607607343243 -0.00638422430937506 -0.406546899489497
0.0102346466402521 0.999549235874155 -0.0282236969857195
-0.0236437812184197 0.999565981760865 0.0175732670876218
0.950108342875414 -0.010151033886766 -0.311754860923714
0.976265985092791 -0.00837156941452864 -0.216413130785403
0.81055101312891 -0.00950950588437292 -0.585590833614677
0.0291037100941569 0.999478608785901 -0.0139815821048485
0.0234054753863139 0.999677716070789 -0.00983095689303091
0.00825049128327587 0.999477776598056 -0.0312426548198402
-0.00131033233157139 0.999462334545845 -0.0327616369149934
0.0254201949596361 0.999464815222983 -0.0205887546855684
0.669280136281855 -0.00717412119487639 -0.742975525279011
0.0198712073471537 0.999484447486362 -0.0252185319050911
0.80912685594503 -0.00696255378927603 -0.587592761896572
0.593947592540194 -0.00921359425654531 -0.804450972400794
0.609510537951654 -0.0125373643833724 -0.792678824379839
-0.0139065742708649 0.999890781958293 0.00500313370631235
0.0204774306070463 0.999563319500857 -0.0213036415704172
0.673330779343713 -0.0139826646240338 -0.739209135954366
0.0304849808374693 0.999426308329587 -0.0147553435077676
0.863678191745541 -0.00913055131052938 -0.503960925207419
0.999915749700606 -0.00270064558532598 -0.0126964567536256
0.682711651671064 -0.0124262494758868 -0.730582226033819
0.813665893518162 -0.0116876515379564 -0.581215289309236
0.442757132102693 -0.012134561002374 -0.896559465067141
0.0129747420503841 0.999584294356331 -0.0257467385290198
0.976413085563846 -0.00841886230321071 -0.215746631716951
0.810023790910844 -0.0103328640582405 -0.586305969676908
0.867172591036864 -0.0112316482095295 -0.497881057515657
0.95957346627038 -0.0134074291861447 -0.281138762308696
0.995197959796248 0.000471021900844798 0.097881555748536
0.949865997333865 -0.0102640952861442 -0.312488776529493
-0.0142163551625759 0.999569661237467 0.0256590642757606
0.992927672847979 -0.00669119656567639 -0.118532123836603
-0.0169566715174723 0.9995848901471 0.0232920304108139
-0.0223834965373383 0.99963387633118 0.01520172272678
0.0164356840936287 0.999566613558929 -0.0244223943688971
0.743978213889774 -0.00934942569642859 -0.668138462817797
0.948106158142031 -0.00839367128551936 -0.317843136115143
0.354493734774588 -0.0100117054869464 -0.93500479023308
0.00037678530330534 0.999989864527419 0.00448652151100541
0.0848427403365947 -0.00526311173288006 -0.996380453976825
0.999901493469963 -0.00270332215492546 -0.0137729955297791
-0.0220422933101589 0.999517519431935 0.0218829992062534
0.00598047379388836 0.999570625954243 -0.0286844498403445
0.676484820508276 -0.00965299403851161 -0.736393310214031
0.00411606050341629 0.999545073858819 -0.0298781420188686
0.956256052344644 0.00144858073892471 0.292527373023588
-0.0165983398875467 0.999552719874962 0.0248768025184767
0.000369992577085757 0.999989842396931 0.00449201607892545
0.81129324796065 -0.0143062098702458 -0.584464368608222
0.0142499808454526 0.999597971795645 -0.024511891561786
0.0111685693934562 0.999569390383574 -0.0271347906922773
-0.00495595757132313 0.999557463149673 0.0293311497616692
0.008123631800715 0.999568707997904 -0.0282206413422345
0.0823574281865945 -0.00485141927162373 -0.996591048401269
0.000386358604154898 0.999989634353813 0.00453672921355076
0.995862765424264 -0.000605044638414205 0.0908679611443095
0.0256099002951594 0.999492844721347 -0.0189258119429809
0.000370175969455681 0.999989942529801 0.00446965423686065
0.082008857495703 -0.00612771728991817 -0.996612762497583
-0.00843510033931815 0.999577117005186 0.027828694577103
0.0221584377709649 0.999424385260203 -0.0256885535368509
0.980856870163801 0.000310955101114077 0.19472982195698
0.9999673591279 -0.00304379064942224 -0.00748438489491056
0.999973175809596 -0.00306856391772882 -0.00665068242771058
0.995403312901434 0.0012364086509868 0.0957638551777099
0.981011048260015 0.000461026023703954 0.193951309989887
0.00179543431855554 0.999988945823187 0.00434564690692394
0.000420396709172791 0.999989629062841 0.00453486861646142
0.0825363874539107 -0.00454370982399493 -0.996577693633112
-0.0112400928029644 0.999544218521745 0.0280181286586824
0.00913467583668275 0.999546728736264 -0.0286861424731754
0.995160629095205 0.00041152597717155 0.0982606378221009
0.0836582819543923 -0.00509556241845498 -0.996481473537807
0.00142903201549851 0.999989463113878 0.0043625140361775
0.995790518497275 -0.000643900940901657 0.0916560345122235
0.0145408224061673 0.999545403919444 -0.026411171637541
0.0299195727464014 0.9994279644235 -0.0157658838944037
0.441254690267985 -0.0102341523413622 -0.897323553932671
-2.80008742074464e-05 0.99998985326574 0.00450472879493495
0.980512101454007 0.00149836865578218 0.196452981126831
0.913744315276706 -0.0112498944496286 -0.406133926401595
0.99531605211646 -0.0111068307064799 -0.096034341310606
0.0068569877756677 0.999968711695577 0.00394428048346744
0.00880860757575734 0.999937263386945 -0.00691937300648113
0.0824402698380276 -0.00471948012251369 -0.996584832523758
-0.0216407512206243 0.999685827470568 0.0126461156523489
0.509159103228282 -0.00793244958260055 -0.860635860189076
0.0140680399097122 0.999889776709319 -0.00474601783463992
0.511734735217559 -0.00761850907681509 -0.859109724709982
0.403903267253033 -0.00603523841799496 -0.914781791794941
0.865994227424843 -0.0131079667135915 -0.499882165390489
-0.0135131030579482 0.999892313158231 0.005723472095363
0.0784372926063775 -0.00443955730466699 -0.996909164096469
0.000356252623259962 0.999989152109986 0.00464421644841561
0.07420796573136 -0.00425361641606267 -0.997233716121451
0.0261095662144216 0.999650244180836 -0.00420474271386865
0.517280222520892 -0.0138548734399492 -0.855703928862489
-0.0256059561172246 0.999450104411085 0.021067126144655
0.0139094206899969 0.999895826679293 -0.00385536060588798
-0.0246947145431116 0.999623507721044 0.0119588412946071
0.37194808848212 -0.00828615705427264 -0.928216547512362
0.511252082186361 -0.0142247382802913 -0.85931307756892
0.0218391601002596 0.999757497191457 -0.00282805508948628
0.0101086707804922 0.999941863635853 0.0037528820270147
0.0765299790748379 -0.00624029650326608 -0.997047752618879
0.542382051160343 -0.013471394014411 -0.840023947350555
-0.0217156407087462 0.999682835798211 0.0127537743063191
0.417930042319498 -0.00784006424479547 -0.908445382573691
0.587361996459396 -0.00748072851562781 -0.80928976505088
-0.00397402115633381 0.999982948083599 0.00427910012533604
0.191725666337763 -0.00768382414005864 -0.98141847736525
0.0263550325770862 0.999256241593795 -0.0281491721672866
0.546021485876593 -0.0132096168358639 -0.83766702393264
0.0174338948165928 0.999429738920229 -0.0289180959498792
0.596532718561438 -0.0087319932192014 -0.802541256248001
0.0731365567729067 -0.00589198753488433 -0.997304531497923
0.0967637407978781 -0.00709408641510024 -0.995282096897526
-0.03044672181382 0.999513282918673 0.00679664622658659
0.0741457177715767 -0.00530177012617314 -0.997233324638556
0.064913430318714 -0.00609452740127798 -0.99787228807098
0.0386913602776319 0.999250789531258 0.000915565958484065
0.104649313057835 -0.00322308689217347 -0.994503963283912
0.000300467543304446 0.999989228970897 0.00463159383427408
0.0116904035888317 0.999377648730007 -0.0332813714082325
0.344154416239725 -0.0126900580789662 -0.938827300523715
-0.0199835224072889 0.999326376935181 0.0307806951481191
0.949580936015971 -0.00678725527846593 -0.31344852706755
0.742458582104535 -0.00765445622505561 -0.669848238901336
0.00508222404148039 0.999432726301816 -0.0332925907029134
0.0224587376479196 0.99971227264795 -0.00842478607047866
0.00148477695914462 0.999381712993234 -0.0351281535536692
0.865549751110326 -0.00747188506980474 -0.500767210674138
0.000315894262649759 0.999988880939689 0.00470512569473032
0.0666534178729729 -0.00392463201127523 -0.997768469710998
0.807551714299681 -0.00794778688040684 -0.58974321650643
0.426363316253779 -0.00781868131506433 -0.904518209200663
-0.0150216938706742 0.999860421911458 0.0073133718828449
0.744313858004866 -0.00882717764158658 -0.667771638898206
0.807518000001051 -0.00861401915443916 -0.589780025389389
0.670306234569715 -0.00862111276003394 -0.742034519622739
-0.00496907805460899 0.999443221650198 0.0329932562921582
0.00285190463717441 0.999422629833127 0.0338566628210229
0.228372302805528 -0.00982782723022243 -0.97352427043358
0.976128453614938 -0.00695970747374274 -0.217082483206707
0.25867711912017 -0.00958438873255257 -0.965916294270012
-0.0121784578039635 0.999418141971542 0.0318600480801165
0.911073511297414 -0.00735790483481203 -0.41217826028145
0.671142179468296 -0.00802175773266577 -0.741285253017638
0.231811016064628 -0.0066349656397553 -0.972738212502235
0.396393638802861 -0.0123606747030382 -0.917997438361084
0.000320399825278748 0.99998964810726 0.0045388349022243
0.0711917721713821 -0.00620189767242371 -0.997443365831043
0.864279365890232 -0.00861425674374108 -0.502938338444317
-0.000585010242755948 0.99999624941811 0.00267561445828204
0.264726715032807 -0.0077958806038059 -0.964291963356301
0.910860649390977 -0.00807580707422786 -0.412635018789182
-0.00831090809821573 0.999958906278246 0.00362140323603021
0.35201374314158 -0.006500204101555 -0.935972260265277
0.9483695009558 -0.00809224652421794 -0.317064354986552
0.976042472520713 -0.00686107276298147 -0.217471877529475
-0.0332205704542869 0.999367809319076 0.0126639407564453
0.21913054557727 -0.00490068870668472 -0.975683241244415
0.992995665820872 -0.00685324195181384 -0.117951857703526
0.469968284746105 -0.0140943581652764 -0.882570767927826
0.00187166837062071 0.999393498117706 -0.0347725865814505
0.365459984985369 -0.00839799388023547 -0.930789166822047
-0.0228899882184691 0.999697706067487 0.00897468232100131
0.212185722865918 -0.00453564836318636 -0.977218832660215
0.0323787152096553 0.999245760186124 -0.0214366403950786
-0.00156068929379523 0.999406905365796 0.0344006069145837
-0.0296893439906466 0.999364759137434 0.0197134737573967
0.0078084539590989 0.9993871258138 -0.0341233176054169
0.0367641064694979 0.999235619119419 -0.0132882639397272
-0.00877189371558501 0.999410538164641 0.033190813278752
-0.01801857240289 0.999793300479225 0.00941739695561637
0.022240425327972 0.999275227493684 -0.0308930930577923
-0.0232975709662744 0.999326933296773 0.0283355531927268
0.0272729042057515 0.999370198227826 -0.022702325657529
0.0143019075941291 0.999387813323889 -0.0319288900349677
-0.0157709155141705 0.999399268893968 0.0308606474016304
0.0134598247252877 0.999909152921524 -0.000720431901682585
0.193429853124174 -0.0100163052134331 -0.981062977361918
0.220580642778342 -0.0098752282096556 -0.975318747845698
0.0572558852229792 -0.00538395578869395 -0.998345018832367
0.00976196947782455 0.999951175571957 0.00153310931629616
0.61160456662608 -0.0126342097914398 -0.79106272243424
0.0104633097508328 0.999943982358593 0.00159727702548368
0.221795635724598 -0.00464929910572799 -0.975082088847573
0.239204295539472 -0.00595122802879229 -0.970951022390117
0.0126212389042025 0.999919818524707 -0.00102997574707101
0.215017171027446 -0.00521766017881376 -0.976596330213058
0.00988530020149828 0.999949830343746 0.00161791082586168
-0.00857698219757737 0.999949491114159 0.00523933172428545
0.0695367710531102 -0.00416782485969693 -0.997570682562116
0.348822402674803 -0.0065187361661772 -0.937166173883252
-0.00683077358117513 0.999963257145658 0.0051792751354923
0.00563829184856384 0.999975337345117 0.00418740570644073
0.0671970447260012 -0.00620218159675755 -0.997720446880554
-0.00436498232254079 0.999986750266089 0.00272877657415468
0.19737180090122 -0.00995522191556727 -0.980278157343935
0.0188071973983268 0.999813334095032 -0.00442564026974766
0.0112987581954859 0.999733282608931 0.0201420383082449
-0.0262007855995308 0.999631491523367 -0.00709929494642956
-0.0165791947001735 0.999552342802652 -0.024904704391419
-0.0187934510141593 0.999763343485434 -0.0109573364375031
-0.000286506044041606 0.999999361215542 0.00109338135854987
-0.0225727326917248 0.999475597659344 -0.0232164041643924
0.0235463941861941 0.999710126175562 0.00502304119741047
0.0161433158263879 0.999867823386257 0.00193109061348801
-0.00456710447107567 0.99958541542062 0.0284277828037295
0.00169022397146138 0.99998102721418 0.0059235424029357
0.00820239219259035 0.999640864886344 0.025511997405164
-0.0135009377316622 0.999715308064736 0.0196730145477539
-0.0048380422138856 0.999641671322123 0.0263272160292359
-0.0118055041279118 0.999885636688301 0.00945217523736282
0.0304110668528273 0.999535210419519 0.00212841360676453
0.011655265268268 0.999639435680678 0.0241899446783509
-0.017010293766059 0.999849476122378 -0.00341687046865532
0.00740531029065347 0.999449131186087 0.0323511290510207
0.0262590095385518 0.999641586969106 -0.00521171948029887
0.0244491172302949 0.99940015597552 0.0245269016136563
0.0210989033872471 0.999459624491795 -0.0252050647008986
0.0250072622421821 0.999525151541893 -0.0180030072572818
-0.0266437100548946 0.999367609145839 -0.0235477069932692
-0.0211456087503019 0.999594906792061 -0.0190495550066404
0.0173046904522942 0.999834501927763 0.00561395076680222
-0.0177089291897692 0.999579231258755 -0.0229729028010795
0.0119520946574905 0.999444520972648 -0.0311094347594376
0.00280020588199982 0.999460588207022 0.0327214221556984
0.00193623471225815 0.99942008159263 0.0339963454582904
0.00502044111142315 0.99940748790257 0.0340509661437275
0.0160967630667444 0.999466033509733 -0.0284348743463759
-0.00400983766691624 0.999700873596807 0.0241264280751756
0.011370260413005 0.999779527986778 0.0176525521292339
0.0265685061645833 0.999591320277392 -0.0105502088265185
-0.0129697927603687 0.999860539275087 0.0105207640542796
-0.000336084233926422 0.999517756899967 0.0310506149543997
0.0256174697923318 0.999556780521119 0.0151653471999506
0.0036666200166064 0.99960328907496 0.0279252639768338
-0.0148324726785808 0.999883689317081 -0.00355043545239569
0.0306723311235589 0.999516173247271 -0.00516018609920682
0.0237086811134203 0.999505459911573 -0.0206575421291573
-0.013700325689838 0.999577135750756 -0.0256486015273369
0.0252654051769902 0.999662841280677 0.00598857778489854
-0.0245153122338852 0.999627062078855 -0.0120306369603542
0.00369748612195812 0.999567864224552 -0.0291618484658665
0.0179767943682977 0.99946024779562 -0.0274963259465137
-0.0152950330138178 0.999551487030153 0.025746586976063
-0.0168991758667846 0.999850876641544 -0.00355560601847446
0.405159620851923 -9.95278493416022e-05 -0.914245958003279
0.0311499718038156 0.999489006474103 -0.00716974155961142
0.0203461346377884 0.999595558417659 0.0198684271393161
0.0101397667042511 0.999526082748313 -0.0290653580228576
0.00221494472687069 0.99946839587916 0.0325272141228747
-0.0133712104332564 0.99989593300563 -0.00541607702598789
0.0238551522916582 0.999705186271077 -0.00452462726116615
-0.0164796939622643 0.999803003793654 -0.011062246250053
0.0034863155840861 0.999521469777785 0.0307355991792168
0.00573497424352909 0.99948080281943 0.0317054390578803
-0.0271614990754918 0.999565034167873 -0.0114889267101408
0.308964189036533 -0.001814811771841 -0.951071940681266
-0.0265413494112153 0.99956413730831 0.0129264139855347
0.0116969240857236 0.999897530160705 0.00825294768273536
0.0259900699513502 0.999651851271104 -0.00454890252465334
0.0142587323159453 0.999800858273041 0.0139618175475932
-0.0239945531205966 0.999588403236157 -0.0157253151425759
0.0266174630477501 0.999643890741071 -0.00189798971416098
-0.030158814855114 0.999526890518455 -0.00603663954900101
0.0342486054572062 0.999408047217983 0.00325394839774863
0.0340368698641547 0.99916046444106 -0.0228003900794629
-0.0199019337691281 0.999629772908446 0.0185534403078887
0.00356725808693598 0.999527621504489 0.0305255388047557
-0.954341085197097 -0.00123002145332011 0.298716554867739
0.0147755833019966 0.999521680993021 -0.0271678369210927
-0.0227441233554083 0.999585043389648 -0.0176761388461725
0.0214969971725084 0.999607762548071 0.0179499349916417
-0.0322219912432016 0.999402337829148 -0.0125184033309325
0.0279621910031865 0.999579198540113 -0.00771632815576117
0.0231005677260517 0.999583554191074 0.0172939862806408
-0.0197207763658796 0.99946394342725 0.026132676257468
0.0283346898784754 0.999541977264869 -0.0106292537333386
-0.00342586077840041 0.999507119523575 0.0312054722703257
0.0162372641878248 0.999584184578271 0.0238287471909106
0.0295915195337863 0.9995527349608 -0.00432111143866236
-0.0218377219697691 0.999704020503777 -0.0107231193108485
-0.00988356428287355 0.999582511190597 -0.0271499259477273
0.0304088801432898 0.999536115798862 -0.0016891483522307
0.591143034702725 0.000583669635862312 -0.806566532811899
0.0289566010490637 0.999505532752369 -0.0122558252716073
-0.0161783315819287 0.999638147571557 0.0214903584644702
-0.0143470887794655 0.999524946905737 0.0272771251534687
0.0192809262467834 0.999571214601449 0.0220370783737371
0.0161818588444839 -0.999530675813143 0.0260110659692856
0.0210489501498946 0.999487654228106 -0.0241116308694703
-0.0149824955415837 0.999569774737038 -0.0252148817069068
-0.0104754734809759 0.999530989957164 0.0287761111097399
-0.0258894003916042 0.999622713609969 -0.00917438730407787
0.499997022099698 -0.000109622694383565 -0.866027116131071
-0.0229977380393323 0.999519965086446 0.0207591772154776
0.027186661027939 0.99952080407753 -0.0148002594018043
-0.0207464381291204 0.999570354650592 -0.0207048643715284
-0.00319781503739203 0.999526359556974 -0.0306076874292946
0.00738184040887997 0.999480686132056 -0.0313666459981246
0.023224881101163 0.999525803275745 -0.0202181473882834
0.00198799741417825 0.999489531533459 0.031886113298853
-0.0249794873238304 0.999571178519241 0.0152801926262463
0.0200157951071518 0.999510259862594 -0.0240542797779966
0.0267923542054009 0.999485037769189 -0.0176586814811991
-0.01821133898091 0.999607603025118 -0.0212834937662995
0.749955256855184 0.000873066355038818 -0.661487982105808
0.0256100323309993 0.999499178783428 -0.0185881105887275
-0.913561870383864 -0.00133647321607934 0.406697581527205
-0.00734106901424041 0.999499422003885 0.0307735945191361
0.00740165602823372 0.999540005660002 0.0294107560807822
-0.0254925993396328 0.999559098382499 -0.0152228847356145
0.0183373081208747 0.999507791956771 -0.025454212786498
0.000776944348149755 0.999521113401529 0.0309344504080546
0.0246977012664701 0.999519442324767 -0.0187325376534835
0.0246417406483085 0.999609041193213 0.0132117138406101
-0.978152983734875 -0.000855277226061858 0.207884604796574
-0.00217221136736089 0.999466816440169 0.0325785870278241
0.669141422112336 0.000450863653333689 -0.74313495001611
-0.018784991550161 0.999488779137994 0.025870919382634
-0.0180244044385809 -0.999485386798849 -0.0265345514412759
-0.0134416790935077 0.999479789132368 0.0293167593547364
-0.0180454852813834 0.999527476174702 0.0248834248605554
0.0256245939314288 0.999610427515223 0.0110622506156414
0.0313981115020932 0.99947573096273 -0.00790074747210401
-0.0149897515313697 0.99988545361303 -0.00209451715055582
0.0186355069197806 0.999557092083741 0.0232021022094527
0.0186507494272632 0.99982269369522 0.00259436270325555
0.0290950504448696 0.999422111900996 0.0175761282131266
-0.00772898768458704 0.999505469021023 0.0304808160395495
0.00333993793358468 0.99954237101367 -0.0300648193570137
-0.0125129911626842 0.999497670735547 0.0291175419014006
0.0255204111179797 0.999551931071403 -0.0156411542988095
-0.0185339744938207 0.999569129249989 0.0227606599175168
0.010534840144997 0.999578076819244 0.0270681636883889
0.0137284939594562 0.999520014111468 -0.0277717454297613
-0.00873409766255039 0.99952184717207 0.0296612974051114
-0.00427394448527328 0.999538483487718 0.0300757946796026
0.0220498688267014 0.999493499905871 -0.022946610438955
0.000160689995625251 0.999590932496623 0.0285996826775636
0.000103144828158871 0.999500471872956 0.0316037353311667
-0.0167074825514218 0.999564902550169 -0.0243077275092849
0.00171362751743338 0.999534954472346 0.0304456609173771
-0.0190467937328122 0.99957951063829 -0.0218637041833261
-0.025406579446682 0.999579005625381 -0.0140113251976199
0.0144452013571919 0.99956346923652 0.0257722161562056
-0.013175763527007 0.999515614495168 0.0281946029556625
-0.00248941813671128 0.999519500119634 0.0308961434152913
0.0272533601432084 0.999628313007631 0.000700138858982339
0.000257480827589319 0.999995735724558 -0.00290899232099344
0.000322049037469768 0.999992795464982 0.00378223512611755
0.00260376949143287 0.999548882138009 0.0299207720671238
-0.0237103807250384 0.999513341601259 -0.0202706143705306
0.00353181664247658 0.999568661104764 0.0291550683146875
0.0278683939498067 0.999529386825975 -0.0128201985143957
0.00205494841690113 0.999546155967529 0.0300542722011421
-0.0128433511234464 0.999573114018333 -0.0262419142520502
-0.0184247433786661 0.999550817429579 -0.0236366708165642
0.000237093895655207 0.999995874165847 -0.00286276750164888
-0.00583048494493599 0.999397883489471 0.0342034489791933
0.0119864401483867 0.999586590462908 0.026133760144826
0.00847227075502048 0.999564940174318 0.0282515663736649
-0.00748726353659783 0.999555928430557 -0.0288424483021141
0.00534290800796735 0.999563334443527 0.0290618955017943
0.000284449324248379 0.999994035308347 0.00344215576497027
0.0013022774656491 0.999555400845261 0.0297876604397178
0.0243306714325962 0.999479703259971 0.0211740690232231
0.000223080751761718 0.99999634745885 -0.00269356713981187
0.000416547602684623 0.999987100756134 0.00506209536018741
-0.0114234522772356 0.99957226662434 -0.0269218969158874
0.0206530812953592 0.999424001421235 0.0269279708885466
-0.00855696613964435 0.999587313892665 -0.0274222580275832
0.00304588344916396 0.99952064118215 0.0308092590764238
0.00347014868884258 0.999530795411253 -0.0304326648952223
-0.00659223369157077 0.99959169225732 -0.0278027197428951
0.0025168919093853 0.999584204028814 0.0287242808647824
0.00474619982950902 0.999985820365277 -0.00241508914189725
0.000293724341786596 0.999994226175682 -0.00338546028047534
0.000266051255966249 0.999994804804673 0.00321241037120864
-0.0140054874732148 0.999540818314784 -0.026870036160202
0.00654715866998358 0.999544635672612 0.0294560012808182
0.0302860894545067 0.999357124279163 0.0191856961832402
-0.00550158279493607 0.999605208941313 -0.0275528373156736
0.00227568585817821 0.999990971870317 0.00358851386141474
-0.00418649740105998 0.999561763244562 -0.0293045166985104
0.0123336753172224 0.999543129968008 0.0275936910711075
-0.0180513058086999 0.999629082615886 0.0203923404032702
0.000221616590849881 0.999996395247531 -0.00267588826932045
0.00128010698197703 0.999588475794794 0.0286572919927214
0.0216650118266816 0.999529202629751 -0.0217255691038002
0.0123179835138763 0.999550834021534 -0.027320276151751
0.00694167207275063 0.999927348118364 0.00985452554969436
0.000113954013328588 0.999994063849345 0.00344373061586254
-0.0257436339363976 0.999601717147758 -0.0115616775167713
-0.0210174921484519 0.999539602137177 0.0218826137205605
0.0122308660646627 0.999898579702696 0.00729631577170778
0.0282460689179145 0.999572692966431 -0.00752270340510019
-0.0276471997777766 0.999439485605662 0.0188771543601529
-0.00215455815132591 0.99949627264312 0.031663209750147
-0.00877926282722585 0.999952885384819 -0.00414144356306454
0.00730063638503612 0.999969781769859 0.00267137708190391
0.000271537585388084 0.999993546238904 -0.00358242206905535
0.000226501117760045 0.999995341964391 0.00304380465282123
0.0255995782334644 0.999671307022252 0.00139266316503211
-0.0284806852545527 0.999392206103333 -0.0201014662983688
-0.0263141263075408 0.999613924895502 -0.00892008473506229
0.0136314615045542 0.99990009607953 0.00373913324149971
-0.0102124596923676 0.99967560086482 0.023332353130221
0.0270406545139965 0.999605133626129 0.00764066958733706
0.00997052073151097 0.999948370375769 -0.0019609434428661
-0.00754261976628969 0.999953931389932 0.00593666445743367
6.78040018871348e-05 0.999855952226348 0.0169726309145192
-0.0235082291518942 0.999673908958968 -0.00997190597826309
-0.0235203153417841 0.999527657556791 0.0197802058952042
-0.0228435427111053 0.999405267986531 0.0258318190837585
0.0166262669776224 0.999850784935307 0.00468776179419554
-0.0226312197933102 0.999732428287258 -0.00478536534959872
0.750008669137496 0.000812711169382775 -0.661427498460079
0.0250260093139203 0.999686757045379 0.000294356776865252
0.0153117269686581 0.999430547689064 0.0300687772145087
-0.0143318180823507 0.999888127603601 -0.00428150298612655
0.0301193856627363 0.999480589079388 -0.0114618785903448
0.0191340348969831 0.999810864303463 0.00348200076438152
0.0314389322576916 0.999497647410564 0.0040057907140398
-0.030640421242059 0.999518895219702 -0.00481068445196552
0.0197241827639247 0.999803352000073 -0.00205278925233823
-0.0203193974255273 0.999778957690281 0.0053998007369617
0.000362725936746143 0.999984388473694 0.00557595182794113
0.104373024452165 -0.0040441316121408 -0.994529997921738
-0.0374029101120457 0.999281229085846 0.0061682665174669
0.000188588003872406 0.999995756846168 -0.00290701293839403
0.00912346821502774 0.999377202658698 0.0340876683538984
-0.0174134370461771 0.999638869182278 0.0204671304831629
-0.0223789372294428 0.999295956073777 -0.0301127106563931
-0.00497088090291637 0.999423237757957 0.0335928887184782
-0.0172065392069443 0.999407124672954 0.029821706213054
0.00296984132961254 0.999434454983184 0.0334955255958529
0.0213693371246503 0.999706552597312 0.011408774029234
2.06390607269077e-05 0.999388500502969 0.0349660497691093
-0.0115390064621247 0.999373399264021 0.0334613235443864
0.000248120252571994 0.999993113539528 -0.00370287859105692
0.000195725628901789 0.999995688634946 0.00292991518611604
0.0250986261396498 0.999438437530347 -0.0222006430717838
0.0306752063820967 0.999514202016088 -0.005512865095243
-0.0200385820022008 0.999781323465987 -0.00598000668399297
0.0279905420791506 0.999431855074622 -0.0187748932410901
-0.0131833493544561 0.99941117554458 0.0316780917417386
-0.0190888827680338 0.999411642907047 0.0284953079735266
-0.00751680412798814 0.99944352126176 -0.0324983917078314
0.00319847962661467 0.999421736620201 -0.0338520619628913
0.0101593530598071 0.999914488206313 0.00823430753088769
0.012794222339841 0.999432658880943 -0.0311555490544949
-0.0180305942248446 0.999720760787352 0.0152740997331071
-0.0148073712301818 0.999417483181257 -0.030747944140926
0.0200943296300869 0.999389335504896 -0.0285862553651224
0.0290185365473536 0.999449261499614 -0.0160965283376981
6.28553741165796e-05 0.999975362237628 0.00701932809656452
0.0225557768039834 0.999738004909838 0.0038933881986573
0.000203288981701494 0.999995832634806 -0.00287982405914745
0.000380755539073342 0.999985698247527 0.00533463453526435
0.0236778121359528 0.999404676837437 -0.025092889987273
-0.00349881077994797 0.999993717463722 -0.000568644187536807
0.0316452307500054 0.999499108906039 -0.000332666218348245
-0.00756239177126603 0.999375682252194 0.0345116785111913
-0.00895718182200357 0.999959592744129 -0.000762740325372069
0.0125859755216814 0.999918712798112 0.00203985693950905
0.0176282209404228 0.999392220821537 -0.0300738223023302
-0.0323890811039948 0.999428138276674 -0.0097130760349221
-0.0017363909686885 0.999382480364442 0.0350947700807249
-0.0108790980583474 0.999916374118222 0.00699213813539608
0.0091994133256136 0.99940012262208 -0.0333881071256769
0.0310222897755119 0.999518682973438 0.000141152852382724
0.0022915701619281 0.999392423897862 0.0347783231589703
-0.0141583391369108 0.999788753735318 0.0148993066034619
0.0351289031941863 0.999268451051186 0.0151169737096341
0.212645596308141 -0.00241396287882911 -0.977126411041056
0.024435758918318 0.99970069006827 -0.00119329925422764
-0.00345752690602812 0.999407766767873 -0.034236840271065
-0.0309689524078513 0.999365440252838 -0.0175966137370793
0.00546376119488775 0.999387059414892 0.0345782126151723
0.0297380751052747 0.999297831292918 0.0227923509604455
-0.011660461146097 0.999409200428329 -0.0323308481959269
0.0207410297655087 0.999257112090257 0.0324812810908987
-0.024493415930397 0.999345617804622 -0.0266159491801118
0.0253120845959008 0.999362463254227 0.0251786697792674
0.000215359173068374 0.999993748377532 -0.00352942293867124
0.0117177527101497 0.999386465538426 0.0330058596318426
-0.0181174057704121 0.999397548725942 -0.0296023514053964
0.0129238712338868 0.999910459229613 0.00347088973538527
-0.0118797263030333 0.999846537611151 0.0128752992181935
-0.0167097601814062 0.999755887729945 0.0144550636107201
0.000228618836653125 0.999992028375946 0.00398634142912181
0.00692925156617231 0.999975892928015 -0.00044613400742643
-0.0223910840009475 0.999176301930353 0.0338431236449279
0.00941842346621074 0.999955612294921 -0.000258339508322926
-0.00681537876962807 0.99996006533806 0.00578085991259221
0.0223033063076728 0.99975102284697 0.000674421369658203
0.0120254788475403 0.999920538352908 0.0037821737821211
-0.00423632298704004 0.999973925180803 0.00584829257537278
0.0101835017384936 0.9999481418783 9.92294194715089e-05
-0.00784298096519759 0.999960664595163 -0.00414209029121351
0.00704397988807039 0.999971860708225 0.00258072452364902
-0.013405999248643 0.999839494304739 0.0118854874779502
-0.00831632125277933 0.999960110332034 -0.00325830409380569
0.00552579606415654 0.999981594908075 -0.00250507943181155
-0.00561244335683956 0.99996660131886 0.00594110481090793
-0.00490402393056304 0.999987974846328 -2.66838639573538e-05
0.0073684112557636 0.999931894015878 0.00905062679515349
0.0186541055195069 0.999801833777193 0.00695108070939694
0.999998008884025 -0 0.00199555205016052
0.999997957976472 -0 0.00202090150345182
0.999997831029904 -0 0.00208277110765681
0.999997722652373 -0 0.00213417198662729
0.99999772187764 -0 0.00213453496794256
0.00192770208579616 0 -0.999998141980608
0.00192612804008798 0 -0.999998145013666
0.999997858462014 -0 0.00206955825853914
-0.00218708299326429 -0 0.99999760833113
0.00197630005875414 0 -0.999998047117132
0.00196485426418415 -0 -0.999998069671997
-0.00207316851501137 -0 0.999997850983845
0.0020658658131186 0 -0.999997866096944
0.00198857088396488 0 -0.999998022790965
-0.00222495191259416 -0 0.99999752479143
0.0019653399470199 0 -0.999998068717581
0.999997890638783 -0 0.00205395179692401
0.999997989698746 -0 0.00200514300416351
0.00205854552597194 0 -0.999997881192914
-0.00220747875731228 -0 0.9999975635158
0.999997929793681 -0 0.00203479933984078
-0.00218722036268587 -0 0.999997608030682
-0.00217833465632076 -0 0.999997627426248
0.999997778220113 -0 0.00210797410724839
0.999997750515502 -0 0.00212107612708002
0.00200278490497109 0 -0.999997994424301
0.00201897623474091 0 -0.999997961865405
0.00207052357025441 0 -0.999997856463775
-0.00209397103568192 -0 0.999997807640248
-0.00209651074121974 -0 0.999997802318941
0.0020732504710454 0 -0.999997850813933
0.00202671805464383 0 -0.999997946204854
0.00203836874013095 -0 -0.999997922524282
-0.00207799623756954 -0 0.999997840963488
0.999997918980404 -0 0.00204010658084037
0.00201486259969357 0 -0.999997970162292
0.999997860532529 -0 0.00206855755671148
-0.00213325929466984 0 0.999997724599802
0.999997828420672 -0 0.00208402349822225
0.999997771109615 -0 0.00211134454857787
0.999997792665827 -0 0.00210111005750756
0.999997782017771 -0 0.00210617177326397
0.999997768810864 -0 0.00211243302695539
0.999997960659945 -0 0.0020195732100698
0.999998105651482 -0 0.00194645663925464
0.00198852990593406 0 -0.999998022872452
0.999998150599966 -0 0.00192322558404895
0.999997551435992 -0 0.00221294419714933
-0.00206112597695576 0 0.999997875877598
0.999998077379187 -0 0.00196092782341307
0.00209696126653781 -0 -0.999997801374306
-0.00217829367832144 -0 0.999997627515511
-0.0022820552343514 -0 0.999997396108564
0.999997850838068 -0 0.0020732388295633
-0.00212396101222031 -0 0.999997744392265
0.00204076199637644 -0 -0.999997917643069
0.00193968641602797 0 -0.999998118806534
0.999997702011816 -0 0.00214382160828437
0.00200084799467934 0 -0.999997998301648
0.00200133367744003 0 -0.99999799732975
-0.00213943277090554 -0 0.999997711411091
-0.00213143926581938 -0 0.999997728480748
0.999997846456187 -0 0.00207535129289203
0.999997965549624 -0 0.00201715061711679
0.999997904450104 -0 0.00204721650049547
0.999997888511116 -0 0.00205498742323062
-0.00214781253982195 -0 0.999997693447987
-0.00214014080563375 0 0.999997709896044
0.999997832881949 -0 0.00208188169847443
-0.00213030422159145 -0 0.999997730899387
0.999997850061314 -0 0.00207361345245697
-0.00212020418027846 -0 0.999997752364591
0.999997842386168 -0 0.002077311485611
0.999997782153114 -0 0.00210610751229218
0.999997849867224 -0 0.00207370704997284
0.999997826310408 -0 0.00208503584143474
0.0020595811522492 0 -0.999997879060489
0.00207722976240868 0 -0.99999784255593
0.00200497327131398 0 -0.999997990039071
0.00202386821932444 0 -0.999997951976618
0.00206246614439083 -0 -0.99999787311444
0.00204138830820064 0 -0.999997916364717
0.00206259489918378 0 -0.999997872848878
0.00204520345519379 -0 -0.999997908569226
0.002049059812948 0 -0.999997900674738
0.0020351562677237 -0 -0.999997929067339
0.999997803386354 -0 0.00209600154283546
-0.00216617477108812 -0 0.999997653840678
0.00199747708619868 0 -0.999998005040655
0.999997946062816 -0 0.00202678813637778
0.999997827896599 -0 0.00208427495421859
0.99999804720962 -0 0.00197625325997688
0.00199463330411901 0 -0.999998010717013
0.99999802031129 -0 0.00198981745428411
0.00193958106056159 0 -0.999998119010886
0.00199219906946103 0 -0.999998015569465
0.99999774762281 -0 0.00212243947080643
0.00199445192977317 0 -0.999998011078772
0.00199213457562982 0 -0.999998015697948
0.999997921546029 -0 0.00203884860209717
0.00205519813406782 0 -0.999997888078085
-0.00216283343423555 -0 0.999997661073033
0.00199277252904936 0 -0.999998014426852
-0.00209191735368151 -0 0.999997811938499
0.999997725835888 -0 0.00213267978184
-0.00216320805698293 -0 0.999997660262714
-0.00223044948226307 0 0.99999751254446
0.999997844427701 -0 0.00207632847888404
0.999997978713315 -0 0.0020106141561456
0.00205484120620752 -0 -0.99999788881158
-0.00219552073513258 0 0.999997589841446
-0.00214433080654413 -0 0.999997700920053
0.00198905074601826 0 -0.999998021836608
0.99999797235484 -0 0.00201377412085337
-0.00216135310394212 -0 0.999997664273652
0.99999798198236 -0 0.00200898760782794
0.00198504234951272 0 -0.999998029801495
0.00199926219156158 -0 -0.999998001473348
0.00207649821168976 -0 -0.999997844075264
0.00188338747662638 0 -0.999998226424234
0.00198395410337242 0 -0.999998031961121
0.999998050388526 -0 0.00197464405595483
0.999998060589104 -0 0.00196947151068381
0.00198703793307772 0 -0.999998025838178
0.00202259254547554 -0 -0.999997954557606
0.00206151806207863 -0 -0.999997875069382
0.00206278209421711 0 -0.999997872462753
-0.00207624070211064 0 0.999997844609951
0.999998053148388 -0 0.00197324591344468
-0.00209041932793213 0 0.99999781507113
0.00205082699008069 0 -0.999997897052117
0.999997947592422 -0 0.00202603330255076
0.999997739617108 -0 0.00212620805063027
0.999998129845889 -0 0.00193398674341198
0.999998079936916 -0 0.00195962304551816
0.00197553951907849 0 -0.9999980486199
-0.00206420398484254 -0 0.999997869528685
-0.00225161218445341 -0 0.999997465118073
-0.002259959487746 0 0.999997446288296
-0.00221767808651652 -0 0.999997540948929
0.00190359908299833 -0 -0.999998188153624
0.999997731398335 -0 0.00213006999502769
0.00197401797682058 0 -0.999998051624615
0.0019712563834082 -0 -0.999998057072248
0.00190282667015361 0 -0.999998189623693
0.999997720653404 -0 0.00213510842719645
0.00207636363615931 0 -0.999997844354702
0.999997732731733 -0 0.00212944391626858
0.999997702626223 -0 0.0021435349950885
0.00197646979163272 0 -0.999998046781674
0.999997820120286 -0 0.00208800255648832
0.999997917499571 -0 0.00204083231093824
-0.00215569464720206 0 0.999997676487595
-0.00213977782433153 -0 0.999997710672811
0.999997521971995 -0 0.00222621873780978
-0.00226581398431725 -0 0.9999974330402
0.999997667396647 -0 0.00215990769806783
0.999998116751565 -0 0.00194074555860234
-0.00209113900427696 -0 0.999997813566442
0.999997756679958 -0 0.00211816785269581
0.00206375928022712 0 -0.999997870446549
0.0019864409576677 -0 -0.999998027024214
-0.00215806741324952 -0 0.999997671369809
0.99999774541136 -0 0.00212348115042328
0.00200329387069614 -0 -0.999997993404821
-0.0021742006381627 -0 0.999997636422999
0.999997456645529 -0 0.00225537191445996
-0.00213896757741909 -0 0.999997712406235
-0.00217004300111863 0 0.999997645453915
-0.00216020036481892 0 0.99999766676447
-0.00215058613369934 -0 0.999997687486967
0.999998084647184 -0 0.00195721791421883
-0.00210990519598244 -0 0.999997774147555
0.999998064943363 -0 0.00196725939537536
0.999997697518304 -0 0.00214591660870408
-0.0022166364073522 -0 0.999997543258501
-0.00223450457353422 -0 0.999997503491539
0.999998016711748 -0 0.00199162560987074
0.00199146751849329 0 -0.999998017026595
0.00198738298672639 -0 -0.999998025152482
-0.00211845469875067 0 0.999997756072327
0.999998032646096 -0 0.00198360881688698
0.999998022814115 -0 0.00198855924247885
0.999997992771362 -0 0.00200361005342848
-0.00209837733628892 0 0.999997798403854
0.00197974081658052 0 -0.999998040311229
-0.999999760205619 0 0.000692523432874088
-0.000713934702708284 -0 -0.999999745148588
-0.999999751110403 0 0.000705534643090844
-0.999999744567547 0 0.000714748096133224
0.000668022519177667 0 0.999999776872932
-0.000799527083484363 -0 -0.99999968037817
-0.000812652378269911 -0 -0.999999669798002
-0.999999741054842 0 0.000719645918941892
-0.000714511074663043 -0 -0.99999974473693
-0.999999768024798 0 0.000681139009271262
-0.000824463984886386 -0 -0.999999660129511
-0.000825824471560914 -0 -0.999999659006913
-0.000712982309460535 -0 -0.999999745828081
-0.000721533068496446 -0 -0.999999739694982
-0.000730451059300587 -0 -0.999999733220589
-0.000774989601319351 -0 -0.999999699695514
-0.000797830098456081 -0 -0.999999681733516
-0.999999772601623 -0 0.000674386166948745
-0.999999754203343 0 0.000701137114731115
-0.999999764706813 0 0.000685992943869997
-0.999999744388744 -0 0.00071499821432007
0.000665368775003755 0 0.999999778642172
-0.000795577230621648 -0 -0.999999683528385
-0.00083103683869394 -0 -0.999999654688827
-0.999999752960697 0 0.000702907208812969
-0.000807943207113541 -0 -0.999999673613834
-0.999999769590563 0 0.000678836373461247
-0.000723690883518517 -0 -0.999999738135718
-0.999999746111703 0 0.000712584402098903
-0.999999744545621 0 0.000714778771554331
-0.999999744922928 0 0.000714250711933012
-0.000719995572172607 -0 -0.999999740803154
-0.999999751694245 0 0.000704706639534458
-0.999999756638465 0 0.00069765536701048
-0.99999974347478 -0 0.000716275347931565
-0.000803187295183008 -0 -0.999999677445032
-0.000812664078001652 -0 -0.999999669788494
-0.000757896873452357 -0 -0.999999712796123
-0.000737440922279934 -0 -0.999999728090406
-0.000731090353680719 -0 -0.999999732753412
-0.000751957438635298 -0 -0.999999717279965
-0.000801502068109322 -0 -0.999999678797166
-0.000798049541193542 -0 -0.999999681558414
-0.000724464753946269 -0 -0.999999737575376
-0.000771793129535549 -0 -0.999999702167638
-0.000804161632565438 -0 -0.999999676661982
-0.000763050751437685 -0 -0.999999708876733
-0.999999755113331 0 0.000699838036801277
-0.999999747480654 0 0.000710660698115993
-0.99999975073663 0 0.000706064216120382
-0.999999747416202 0 0.000710751385604608
-0.999999754449457 0 0.000700786006295548
-0.999999750643657 0 0.000706195881782283
-0.999999744015166 0 0.000715520511385164
0.000658794455681479 0 0.999999782994909
-0.999999768638215 0 0.000680237838676462
-0.000844189956484259 -0 -0.999999643671595
-0.00071754369218745 -0 -0.999999742565492
-0.00075757940904854 -0 -0.999999713036678
-0.999999729469541 0 0.000735568382905509
-0.999999733632938 0 0.000729886328891388
-0.999999698525478 0 0.000776497877316969
-0.000706639132894028 -0 -0.999999750330537
-0.000835165214222645 -0 -0.999999651249472
-0.999999758488366 0 0.000694998712457539
0.9999996303235 -0 -0.000859856304131385
-0.000805270487759215 -0 -0.999999675769668
-0.999999742665179 0 0.000717404750575007
-0.000809027207642957 -0 -0.999999672737435
-0.000769411506293249 -0 -0.999999704002923
-0.999999741946809 0 0.000718405397938761
-0.999999737681337 -0 0.000724318478174655
-0.999999751310608 -0 0.000705250822680397
-0.999999746377465 -0 0.000712211349395159
-0.000714677839523583 -0 -0.99999974461776
-0.999999734561062 0 0.00072861361909733
-0.999999750390503 0 0.000706554266167741
-0.999999748923704 0 0.00070862721453324
-0.999999754624745 0 0.000700535829893523
-0.999999748836623 0 0.000708750090842154
-0.999999743493625 -0 0.000716249038082806
-0.999999743566954 0 0.000716146650861626
-0.99999974108852 0 0.000719599120007712
-0.999999730660516 -0 0.000733947475098216
-0.999999743439132 0 0.000716325115455209
-0.999999721978389 0 0.000745683005816295
-0.00075878779940728 -0 -0.999999712120496
-0.000792677734287254 -0 -0.999999685830955
-0.00080422304160643 -0 -0.999999676612597
-0.000808462535510151 -0 -0.999999673194111
-0.000790887093164803 -0 -0.999999687248754
-0.000798994600153875 -0 -0.999999680803764
-0.000783995310468797 -0 -0.999999692675629
-0.000798722479518497 -0 -0.999999681021149
-0.000804041666656894 -0 -0.999999676758447
-0.000810589674813532 -0 -0.999999671472136
-0.999999749553571 -0 0.00070773780193152
-0.000804960357550986 -0 -0.999999676019359
-0.000822200872656778 -0 -0.999999661992806
-0.999999744358403 0 0.000715040647682452
-0.99999971775388 0 0.000751326933636281
-0.000798892212945846 -0 -0.999999680885565
-0.999999711060569 0 0.000760183385493758
-0.000788894646202656 -0 -0.99999968882257
-0.000814726839655219 -0 -0.999999668110033
-0.000816994317497915 -0 -0.999999666260087
-0.000822137950220378 -0 -0.999999662044538
-0.000830586311703812 -0 -0.99999965506313
-0.999999758179197 0 0.000695443418770533
-0.000801200669041609 -0 -0.999999679038692
-0.9999997640641 0 0.000686929213657217
-0.99999974608665 0 0.000712619559507698
-0.000815499254775939 -0 -0.999999667480427
-0.999999755406054 0 0.000699419640342073
-0.999999746583709 -0 0.000711921708225686
-0.999999743114178 -0 0.000716778611100239
-0.000784943279841891 -0 -0.999999691931976
-0.999999752365974 0 0.000703752791077231
-0.999999758976159 0 0.000694296495577124
-0.999999754191059 0 0.000701154635228307
-0.999999770947073 0 0.000676835136773487
-0.000829393986783313 -0 -0.999999656052748
-0.000816970918034682 -0 -0.999999666279204
-0.000803655459085969 -0 -0.999999677068899
-0.000816684187298533 -0 -0.999999666513414
0.999999659765169 -0 -0.000824905780713683
0.999999630065546 -0 -0.000860156247982578
-0.000764405359340993 -0 -0.999999707842181
-0.000819615872278235 -0 -0.999999664114855
-0.000849544242535854 -0 -0.999999639137225
0.999999653638826 0 -0.000832299362000788
-0.000726186652023113 -0 -0.999999736326438
-0.000740792459240349 -0 -0.999999725613229
-0.99999976971766 0 0.000678649119500843
-0.000727785615582028 -0 -0.999999735164014
-0.000737382365406857 -0 -0.999999728133587
-0.999999781829137 0 0.000660561639429256
-0.99999976891874 -0 0.000679825321171365
-0.999999764114318 0 0.000686856104869421
-0.999999740880052 0 0.000719888761172408
0.999999638160967 -0 -0.000850692620643805
-0.999999779023571 0 0.000664795313406385
-0.999999758990384 0 0.000694276006490412
-0.00085388321303371 -0 -0.999999635441663
-0.999999739315889 0 0.000722058275935646
-0.999999725529785 0 0.000740905090998342
-0.999999741644051 0 0.00071882670476255
-0.000768873143954743 -0 -0.999999704417001
-0.000713015953470909 -0 -0.999999745804093
-0.999999743573249 0 0.000716137861509494
-0.000832989879011052 -0 -0.999999653063871
-0.999999742455258 -0 0.000717697302122565
-0.000783375050020663 -0 -0.999999693161718
-0.000831301625163742 -0 -0.999999654468744
-0.000791893619391708 -0 -0.999999686452199
-0.999999715493987 0 0.000754328804042495
-0.000845151080696389 -0 -0.999999642859762
-0.999999740445965 0 0.000720491501175933
-0.999999731966757 0 0.000732165564986155
-0.000834215789718153 -0 -0.999999652041948
-0.999999748288875 0 0.000709522506103992
-0.000781047559933861 -0 -0.999999694982308
-0.000709996549049287 -0 -0.999999747952418
-0.000712866767314162 -0 -0.999999745910454
-0.000779155986740125 -0 -0.999999696457928
-0.000814876025786034 -0 -0.999999667988476
-0.999999745006528 0 0.000714133656388567
-0.000769680658358438 -0 -0.999999703795798
-0.000717489559091698 -0 -0.999999742604333
-0.000780342432764058 -0 -0.999999695532797
-0.000788268506791663 -0 -0.999999689316332
-0.999999757531729 0 0.000696373809568529
-0.999999751284827 0 0.000705287377072892
-0.000794363019604162 -0 -0.999999684493647
-0.000710404700956124 -0 -0.999999747662549
-0.000714392563927907 -0 -0.9999997448216
-0.000800492631524402 -0 -0.999999679605722
-0.000824920390826013 -0 -0.999999659753117
-0.000800144433527583 -0 -0.999999679884392
-0.999999743717833 0 0.000715935939240934
-0.999999719126123 0 0.000749498282869663
-0.000833946579471083 -0 -0.999999652266491
