3168 2
-6.46922434335364 -1.32918763015416
-6.70766375483886 -0.777033507961854
-7.11807396825924 -1.38427483354744
-7.28394288271843 -0.815385985753828
-0.865257569355041 -3.26207351113949
-1.52888432790468 -3.36006583388232
-1.17823842796126 -3.84579538611672
-6.85679728658164 -3.80691068408952
-6.49268326421833 -3.35123378351032
-7.17199177992127 -3.24898583085552
-0.899701320818481 -2.59126086368423
-0.92082075805119 -2.00056519246013
-1.49536632631523 -2.32653566059372
-0.759383837880479 0.334008728132073
-0.81388710215956 0.899891256619683
-1.4471559941574 0.671821316355242
-6.57891828700544 0.673160001712214
-7.21191060482423 0.901629242624893
-7.25820233995724 0.335741657091852
-0.614608395924711 -3.74590650385062
-7.41186321834019 -3.74457105133739
-0.833031574197675 -0.291539924187298
0 0
-1.23364936919041 -0.830071869395008
-1.55866683735098 -1.32560572243076
-0.933055301213367 -1.36489156476212
-0.406576166249122 -5.21733984013277
-0.958428628321918 -5.48826892804971
-0.497226497612636 -5.85189177025818
-7.54081392162561 -5.85338672155042
-7.07138675148594 -5.489947410895
-7.62565265009505 -5.21987779066842
-1.29372858276821 0.136137174919778
-6.73581274390302 0.143964852416874
-1.37247699264218 -1.78554568131566
-0.23399851207239 -0.541411495708382
-6.78695815021863 -4.90274290448926
-6.51340882641144 -4.38689135390085
-7.24108281119367 -4.34836183196573
-7.1916991486951 -0.271691710237207
-6.48459420564311 -0.297939036034233
-1.51038677267575 -4.387769055607
-1.23471015675094 -4.90082828850154
-0.779877592224332 -4.34946203712907
-1.29163744463886 1.28178453223125
-6.73691770875627 1.28276124112821
-0.89412876419835 -6.03747526263551
-7.14000614353686 -6.03826934877057
-1.32725757140247 -2.8743874303157
-6.71925572675957 -1.87742706490266
-0.870822750413873 1.55268491745611
-1.31380003582845 1.88653438436187
-6.71783814977191 1.88732401317037
-7.16177126294868 1.55400168108176
-0.710039789839553 -0.826356182604588
-3.40587834646368 2.49941152886312
-3.83399106668383 2.06817982513528
-3.40411453357601 1.78581240780668
-2.97456473251659 2.07415926829189
-1.62968303499719 1.60146084520391
-6.39887763583405 1.60219917438111
-6.71364647534257 -2.78433315536988
-7.62902637997935 1.21906802545017
-0.40407770892628 1.21660194931499
-6.18799903815996 -3.88093268471351
-7.29424791021481 -4.93486706188628
-0.729925533544117 -4.93297731581073
-5.86786852637963 -4.40246291721139
-2.4764264960556 -4.92699735458836
-2.77806249918972 -4.40995573180711
-3.0920890760894 -4.93211400800175
-2.79259525375587 -5.45191776965098
-2.15425118349222 -4.40280030174861
-1.87267004604297 1.2493333085138
-2.48350255554739 1.23389792487608
-2.16202351554526 0.730084768192029
-6.16523725994818 -4.91770203604994
-2.46337637219972 -3.88978940302122
-8 -1.77635683940025e-15
-3.70009266242269 1.2238464230524
-4.31976498721031 1.24143065909839
-4.01339665389192 0.743934640723639
-3.08674192045129 0.222308841036474
-2.78074102856719 0.727153070274603
-3.39824053415433 0.742723127708427
-1.85717200806158 -4.91773508126095
-0.378605568071784 -2.89109310060374
-3.10121394422241 1.21673415158548
-3.70475578218594 0.224729057708876
-3.39521988029645 -0.29321565043129
-7.78469090312097 -0.544272082695941
-7.7743396641372 -4.60878730704409
-8 -4
-0.24653851407437 0.605163145781904
-4.01324266754464 -0.292176895656806
-7.7756362765949 0.608530025402749
0 -4
-0.247358339890148 -4.60557351890735
-3.08927064373107 -1.83709061863949
-2.78154929654418 -2.35042640479037
-2.47553976896993 -1.83798321148346
-4.62857171463567 0.742768423089856
-4.93225498174065 1.26227652712615
-5.24478045085594 0.738979307060459
-7.64923308827909 -1.11167211174431
-0.242068513095594 -3.46073708767194
-0.447264855762649 -2.30001027770568
-2.77532524046913 -0.296375759585669
-1.83262029044473 -3.88161682586279
-2.4651747192081 0.216985428728464
-3.39650406645127 -4.41394790189457
-3.08544269617768 -3.89459632688381
-3.70422408198976 -3.89692522020484
-3.08655646514593 -0.809694979328008
-3.70450633562323 -0.808259812280651
-3.70449693457088 -2.86537361935364
-3.39678160154062 -2.35083438187047
-4.01309131163649 -2.35110277941115
-4.32168348987256 0.224788688946119
-4.32130076566432 -1.83710807709558
-4.62926956315741 -2.35087621458284
-3.39653309943315 -1.32325338822073
-4.01326757222884 -1.32288114848465
-7.77835943220109 -3.45738242113827
-7.65005859590928 -2.8888632415089
-7.18283737440209 -2.580131235076
-2.16987767315755 -2.35056460514124
-4.63104874258679 -0.293139821792414
-4.32208223258983 -0.808308031538138
-0.446663447270818 -1.70106357945983
-6.42570139474336 -2.35606744254794
-6.15508738605467 -2.86168958709382
-5.8515640163073 -2.35045494510187
-5.54413864228456 1.25766094835722
-3.39510824362148 -3.37980402868601
-4.0130027145464 -3.38084668169145
-3.70506828253312 -1.83705319929909
-6.15777489761538 -1.83806373396042
-4.32154702806139 -2.86537644556884
-5.24380654426183 -2.3498769839798
-5.55188633217463 -2.86275281701871
-4.93830263351815 -2.8641868547308
-7.58470805478437 -2.2993081936646
-0.37928094549064 -1.10977987577398
-2.77593490669526 -3.37720904033863
-2.15388814817806 -3.37265718143257
-3.08740662376717 -2.86423207059242
-6.15492917920117 1.24961855381314
-5.86406485751399 0.731743055307328
-4.93677313537079 -1.83732522777453
-1.86317599729955 -2.8623862586719
-2.47040288675723 -2.86200443039669
-4.32150368978416 -3.89732262887023
-4.62981755067186 -1.32325567129501
-5.86733986500334 -3.37404142089539
-1.8675794563181 -1.83722567039924
-4.93937743449976 0.222395168206652
-4.93951763244128 -0.809796720696238
-5.24550757195624 -1.32454273596465
-4.63048407577208 -3.38014290663262
-5.54768887531018 -4.92663102126148
-5.24529874168759 -4.40991876577759
-4.62158133497913 2.4998484066377
-4.32183270284687 2.0004668693546
-4.0136464564851 2.49963763383805
-3.40554429332924 -6.50045608336213
-3.70872895324367 -5.97773446831035
-4.01307807934896 -6.50045345871172
-6.16483772202641 -0.809525334383584
-5.85843571275324 -1.32349476960647
-5.55796743786872 -0.813049371431487
-6.19001173696146 0.207487754185736
-5.56042416528792 0.216978955686199
-5.87435513123525 -0.30234366846167
-5.25017782399988 -0.29642890023952
-4.01285319462697 -4.41535931309552
-5.55915623009965 -3.89007219670114
-1.84618754256581 0.200755876355877
-2.78019140768753 -1.32454809560898
-5.227501081646 2.49967775863262
-4.92616590372967 1.97608265636666
-4.62075209559278 -6.50044815480646
-4.92525518990485 -5.97675750088587
-5.22628937239338 -6.50044335982103
-2.16627791505293 -1.32561349088508
-2.46743538350904 -0.812716147196363
-3.10116476203278 -5.97675563441285
-2.80047783253894 2.4995834986252
-2.49674163480637 1.97351764586964
-2.20137284933596 2.49959199237419
-5.53017130998064 -5.97437198838898
-5.82636240509777 -6.50044321130223
-4.31737820463035 -5.97774599850622
-2.20150775546195 -6.50043728606483
-2.49697540923617 -5.9744735617437
-2.80050007181747 -6.50044719364998
-5.82772003547071 2.49970608532503
-5.53132189548024 1.97375259912722
-3.70619986622868 -4.93453562779541
-5.2484375937406 -3.3773581366632
-4.93888079651782 -3.89476992123452
-4.31977143343106 -4.93466798723001
-4.01304217403323 -5.45580013341069
-3.40233782190368 -5.45492697222106
-5.84154050226237 -5.44633450846837
-6.44234096890877 -5.44178526001097
-1.89953013976523 1.96922602292348
-1.61484266790111 2.49965287614901
-6.41634524349072 2.49971656977179
-6.12981335302259 1.96957455985208
-5.23340092616856 -5.45190002291581
-1.53129627521839 -0.316529696521
-1.58456740992098 -5.44138890094135
-6.12610631529572 -5.97175352839187
-6.41518856859502 -6.50045209944712
-2.15255600346812 -0.302657906199251
-1.61467490268535 -6.50043993215984
-1.90217136816529 -5.97162995845721
-1.0504619597563 2.49920571556263
-6.69583538019105 -5.97430212188927
-6.98307118826596 -6.50048888381274
-6.9845468937332 2.49970566680703
-1.05015458823931 -6.50036463253914
-1.33487644752362 -5.97377975485126
-5.55041811848378 -1.83773510129279
-4.62372106362968 -5.45496517447201
-2.18495324622993 -5.44709906575867
-4.62834166017451 -4.41422598614764
-4.93314014899296 -4.93213177934061
-1.84949048258238 -0.817085061117088
-7.58549156801165 -1.70153440765136
-6.86003102068211 -2.27770212342201
-7.20951466137791 -2.00028533969946
-2.79182977145426 1.62730049483738
-7.51219585616041 -6.50056743232188
-0.527678815771962 -6.50032770293374
-4.0156095777067 1.63158149338996
-0.527960038031725 2.49954422687521
-0.891651841011184 2.03929913690678
-0.497635923353736 1.85133508543206
-7.5415113082768 1.85252764589864
-7.14376044220877 2.04014633942025
-7.51343266113364 2.49968951586509
-4.62219597460657 1.62000672375647
-2.18965039938204 1.61254702352025
-5.23188983348652 1.61773321806774
-5.83860897105606 1.61273821083717
-21.9394297295553 -1.93799209347234
-21.6331895657763 -1.45076227106029
-22.3527193977234 -1.39071903013494
-13.912285716281 -11.0409433935195
-21.9876004087446 -3.66437196123778
-13.5361105895299 -10.4387360338117
-22.5111812267387 -1.82956693230114
-14.0755878282636 -10.6072160298114
-16.5181054817931 -3.41076014058271
-16.1569740087144 -3.87950931959151
-15.8512767561805 -3.29295235370022
-21.6074275016624 -3.5438423431366
-22.2852723318203 -3.3411190966338
-22.2840582195678 -3.84477636089487
-15.8880371177669 -2.62709011269842
-15.9109527729396 -2.04005773322568
-16.4917083535852 -2.3773254597927
-15.7626052210001 -1.70441159551272
-15.8149880067139 -1.14739229874897
-16.4606742545256 -1.39416258849562
-22.1892579528973 -2.19772844373964
-22.241467665343 -2.7510195321269
-21.6021244564585 -2.47362141397446
-15.5959782782425 -3.76624373863572
-21.7148752333534 -4.05182005355225
-22.1291777381299 -1.54819656876115
-22.6719308771358 -1.92856489633303
-14.6696049438251 -2.83551805537671
-15 -2
-14.1181696035413 -3.23617497225746
-16.560479159333 -1.38592564163689
-15.9273804299673 -1.40757319487467
-13.7591330788202 -4.37810861738881
-13.4806667456316 -4.93234756841922
-15.4620585865063 -3.87701459016777
-14.5678142437996 -9.28754981990982
-21.8537661820579 -0.989000510780013
-21.5949254599506 -2.46926439186861
-16.3038504020274 -1.92014035044542
-21.7148038660448 -1.95391588657667
-16.3699585375016 -1.83653818882716
-14.4345649391913 -2.22802999544615
-22.7847859588856 -3.10510285401923
-22.6764775190394 -1.33218695670513
-14.5713001379464 -5.49451646817658
-14.0644222647108 -5.21637893724331
-15.7638578056349 -4.37385742556642
-16.301231496127 -0.784604255967385
-15.8631764910416 -4.06774782935038
-21.7943863434981 -3.00689935675799
-21.859219824163 -1.05323872052413
-14.5497309700213 -11.1118719977976
-21.4436644408005 -4.4925312729871
-21.5972372542953 -4.05275465588091
-16.3192737506742 -2.91869408754835
-15.8694061537644 -0.50263662318364
-16.3224357107727 -0.185266460175877
-14.1366907016301 -2.7058813579168
-18.469984600827 0.342118863791225
-18.9145770861909 -0.094741995039298
-18.4673704125526 -0.361918712341286
-18.025785939044 -0.0600852306689265
-22.3424864038282 -1.01481218272503
-16.6463619423553 -0.478903759526981
-15.393069912048 -0.822375551814718
-16.820209078381 -3.92552012669913
-22.3389013705367 -0.739400253142238
-21.6536048610173 -0.625131722757647
-21.9724326129462 -0.245931675504959
-21.2933753617706 -1.96166939728737
-14.0403098356483 -4.70907091255225
-13.9850055919023 -10.1085499672775
-20.84273313726 -4.50542456353518
-14.0038282341425 -7.07377700855343
-17.7707428322883 -3.50957188594237
-14.0181388136098 -6.45896900978254
-17.5192910673274 -0.871970289768019
-17.8228566984973 -1.37675791340646
-17.1906941274795 -1.36158995101004
-18.1528509433383 -0.911568481876286
-18.4118207855939 -2.44233882256762
-18.10768095259 -1.92734947810117
-18.7308513190364 -1.94119893814967
-17.7905066538153 -2.42847432853905
-17.4958086628597 -1.87794482007304
-14.5276471830779 -6.76500043064883
-23 -4
-18.7685529583599 -0.92593727627141
-19.4081013684347 -0.93084041081079
-19.0851981672553 -1.40750433582008
-16.8949906255952 -0.8362284300061
-15.3608155644809 -2.91452859432176
-14.2721187878133 -11.6185950627255
-23.0247890835242 -1.63125232266908
-22.9782144809919 -1.07664987985823
-19.6131773238424 -4.50241264139098
-13.9825127010118 -8.90414433557064
-13.9863385430551 -8.29598550941526
-13.658135881676 -11.4522320537485
-18.0930960736199 -2.94423169400268
-14.4946231832805 -9.22726575115497
-18.7614305142855 -1.90801211170535
-14.5750234662472 -6.06832346225476
-14.5906054029762 -5.43850056305021
-15.2393937063731 -1.42122877868582
-18.1299469767979 -1.8918397391672
-15 -4
-14.3761134620578 -4.22956715938193
-19.7183927185417 -1.42771364435701
-20.0439707261061 -0.932152777616489
-20.3546690472656 -1.44877924073808
-18.4538573822023 -1.38877467476301
-17.1410868324497 -4.45441125705047
-14.2709362071972 -9.74491706236693
-23 -2
-15.428382353754 -2.32846261832538
-15.2285662147246 -3.47622285681053
-17.4716292210022 -2.92942218000361
-17.8072158091242 -2.39499493650564
-13.983033867607 -9.508967399663
-22.896154344497 -3.6434551955773
-18.7458913312969 -0.925497371366224
-14.088968152545 -5.11799015525797
-20.8984489901745 -3.50244811735196
-21.2217641911192 -3.00033363143489
-16.8654202113259 -1.87391527525452
-18.4257768460098 -1.42620112431342
-19.3927204917015 -1.92553458353593
-21.1879301708602 -3.99703352135067
-14.0376758094253 -5.84071989105066
-20.683671706489 -0.957152181600872
-17.486765028699 -1.91359179305639
-14.5586665134068 -6.69790051791389
-19.3731773091003 -0.940436042934751
-15.4298359695768 -1.73188017565344
-17.7738660799337 -3.44664696532364
-19.0341877687868 -2.45576322355924
-20.918443307306 -1.48581713914857
-20.2986165005463 -1.47018556438918
-14.0284787757152 -7.62471619712948
-19.0509902609139 -1.44062552905454
-19.3542320397313 -1.95495066635474
-19.0164784435391 -3.4726895114429
-19.336353439115 -2.9696012458974
-19.6371630268443 -3.48246558771264
-18.7147082622039 -2.9575515402135
-21.3299012551666 -0.983678532272052
-20.9917639114608 -1.47123247946468
-22.7086647675013 -2.52350712663384
-15.36694352254 -1.14005979710092
-20.5976185178366 -1.98391575854731
-18.3958253497095 -3.46078980555268
-13.4669039487936 -9.18826754983281
-14.5142560429006 -7.38341387665828
-18.0785868113358 -3.9655790491139
-18.6982776554533 -3.97802768033561
-20.899031193175 -2.49294810713693
-19.5890822800192 -3.53202558753307
-19.3165274588092 -3.98763428751259
-18.9988740645501 -4.49570321326301
-17.4551055581746 -3.94975278677282
-19.9352018808699 -3.994188561285
-20.0252450919175 -1.9437855438896
-16.8599045830028 -2.91719160213664
-17.1729345951503 -2.41557762636747
-21.2027740541926 -1.99382211900519
-19.9584606686467 -2.98057020444842
-19.6755076468764 -1.45542133201042
-19.9767698059198 -1.96916403608975
-17.1488770104625 -3.42996930709848
-19.6564562167768 -2.46864208451464
-16.871215143765 -1.89918641063261
-18.3768405829753 -4.56294398082221
-18.6793748288486 -4.04403619556731
-18.9790132242256 -4.56760936545544
-21.2464587278824 -0.985956610629954
-19.9996603230222 -0.95606875373877
-19.7308572112851 0.284369922336777
-19.4133214543923 -0.211799602534427
-19.0981077068225 0.314365757616632
-13.4724484961461 -7.98506298743912
-19.2816345416266 -4.04875481863233
-20.9564889893597 -2.47377060726069
-20.6590450911314 -1.9625993709212
-14.6175188249015 -4.17175899510643
-20.5855115920609 -2.99095470864144
-19.5780710582899 -4.57024432256359
-19.8794466960401 -4.05091035926078
-20.1706752215754 -4.57062624656017
-16.8587907706986 -0.885206962729053
-16.542209380291 -2.37784685281945
-21.0077912470925 0.21821909757471
-20.6868385410428 -0.269484492048106
-20.3673993476645 0.252141740856736
-20.3275572669822 -2.45793146506137
-17.8009776250969 -1.41200369380213
-20.4693449286361 -4.05015502233712
-20.7520916823311 -4.56879551395479
-20.0481703702493 -0.239615296623421
-18.0754978539909 -4.03688259099857
-21.5149281908874 -1.49379649894147
-13.9934422847644 -7.68591872993904
-17.8468393505004 0.368330883706367
-17.53489755558 -0.141135529172796
-17.2319247614337 0.392297423443933
-20.2608230993713 -3.49143468262592
-20.5568214670208 -3.99797520989945
-17.4894186819877 -0.897327598382062
-21.6506342501697 0.18378205669148
-21.329211281332 -0.26528840643422
-17.176245559453 -4.54904642650573
-17.4728287621782 -4.02722974794893
-17.7746043593912 -4.556603144431
-13.479758784671 -7.37842867469692
-22.2921364474575 0.15099862264676
-21.3152786309619 -4.56527987242385
-21.8508292012968 -4.5613135198255
-21.0453206051788 -4.04804186958715
-16.9225990898729 -0.123368087162836
-16.6306155962856 0.414189954957964
-17.1781903294019 -1.39897738552854
-16.5879408499885 -4.540836102684
-16.8776270213585 -4.01604549120587
-16.0516992580355 0.433099803038948
-16.0196035311669 -4.53256666415397
-16.307888644151 -4.01016518263497
-13.5039741398661 -6.16367759453899
-13.5184223442962 -5.56224397493466
-20.2785224938363 -2.48162476012107
-20.7903594875783 -3.52402393421151
-22.9391531357868 -0.482722781442475
-22.3699534916708 -3.94922510558952
-17.837008642578 -0.494852145647086
-22.4681083600386 -0.288473245104428
-22.9221365934511 0.122614970427581
-22.343975747176 -4.55880369351227
-21.9998161251054 -4.11792861144938
-15.4900995719595 -4.52512146932163
-19.0983846915571 -0.533273952465852
-15.5138733152301 0.449525008553297
-15.8889870855274 -0.0197675301804563
-15.4841655113639 -0.195095245340728
-21.0061866038789 -0.62729324153266
-19.7280801336489 -0.572912052997009
-20.3651191721602 -0.599639019077485
-17.2196488838621 -0.487277717290621
-13.1735404277168 -2.40252906480554
-13.4568520857721 -2.18837908595008
-13.4576319338434 -2.52324078881007
-10.4977317050399 -1.63129478856194
-10.1720397962726 -1.5264580742069
-9.28283612247576 2.49802453925246
-13.7054371221771 -1.0916461852535
-13.3828814792479 -1.02081841974886
-13.4656346649207 -0.709096670968035
-13.7874793019001 -0.771463216173514
-13.7484945052924 -0.0712177081956132
-13.4321842010466 -0.374009656565998
-13.3591014319866 -0.0639974563954907
-9.70739597729338 -2.45777240992448
-10.7812144457951 -0.499598664744627
-10.4837329773031 -0.68325050590031
-9.20125126166607 2.23515075342719
-10.7889149248889 -0.158137278519762
-10.0096585974905 -2.56178231982901
-10.1938895531617 -2.80488441761322
-13.7466917611961 -0.45692853500698
-13.7399242954275 -2.32049401730386
-12.0086294401992 -4.50511852681865
-11.8053889857283 -4.24891472313926
-12.2226769675594 -4.24917135510317
-13.7227783067582 -3.27045006011415
-13.4614903386929 -3.48152809714866
-13.4230540070642 -3.14030771961067
-9.90799613020752 -3.24598220169988
-9.44376823083702 -2.41594072018005
-9.60158774507124 -3.08531259769735
-9.29062949764221 -3.24383916792891
-11.0821288985987 -0.0227210692635103
-10.2187081222617 -4.51241127811769
-12.6802730343437 -0.0554690505050848
-12.3093049554723 -0.0556474685107894
-12.0077333340519 -4.01528126683608
-10.1744731311005 -0.514879867707787
-13.1547083337771 -3.3661004388855
-9.5682587842845 -2.08829930379375
-9.92918548152176 -2.06038239536102
-9.75291344683455 -2.40238007134283
-12.515244884903 -0.264491664376295
-9.30292868956104 -2.59973410023662
-9.30316385525535 -2.28621658639108
-9.60981926487392 -2.43590580308502
-12.5078126691526 -4.22733775482107
-12.3219517113257 -3.93690152930789
-8.99350960612313 -2.44760948319839
-9.304670446758 -2.9019817701891
-11.6798344684776 -3.93366333680289
-11.5044279342094 -4.23095037690045
-10.2141763271128 -2.19548989401357
-10.2209159604467 -1.86865149969868
-9.60721547254049 -2.755611912078
-11.1083712972941 -3.90342290534021
-10.21510210082 -0.864079476776386
-10.8227208897632 -4.04941881958965
-13.4556935577984 -1.86707587662524
-13.1710587075389 -2.07177733912245
-13.1514743773158 -1.75573044090996
-12.6364127953554 -3.98768821849635
-8.98024479422157 -1.85093536143107
-9.30104887293729 -1.98751746323739
-8.98001989091913 -2.15134459621296
-13.1431277673266 -1.16317241210421
-13.4399288423241 -1.2876344901849
-13.1486138028435 -1.45649811713791
-9.99064637276493 -1.72826212580573
-9.88708350182414 -0.700497123803906
-10.1891591187876 -0.852376989453946
-11.3643304733285 -3.99801457119807
-13.7186552017891 -2.92470436937032
-13.4387663516399 -2.8336766096265
-13.7346694000893 -2.62618807508899
-9.60201984600536 -1.52255770303076
-9.5981947973395 -1.2105181084995
-9.89666044663663 -1.3526815388427
-13.547660086886 0.195188429009006
-10.2538598035627 -2.12638247771637
-10.0108960679553 -2.27126646194351
-9.98435900070543 -1.91407478395333
-9.87856343889215 -0.367541017653561
-9.30054946895345 -1.39117306912469
-10.2139325322133 -1.49293885081592
-10.5246420582897 -3.88234043427776
-13.4365668433721 -1.58213016411065
-10.7854683018063 -0.83803030056574
-11.0848390075729 -0.671594862220499
-11.0848114215864 -0.998708969524521
-11.3825304978715 -0.83346356847295
-11.3830227687805 -1.1575975413378
-11.3969128283952 -3.72840592446822
-11.6944838215905 -3.57869541808327
-9.79221553102638 -1.5697514454054
-10.3105035056094 -1.1755120326438
-11.9983296481679 -3.73602577667276
-11.9948835364195 -3.41029099632875
-9.29872226436962 -1.08487626934713
-9.01419391139796 -1.26938568260833
-8.99373730654351 -1.55443274938208
-9.29941143888918 -1.69078028296319
-9.78257123033339 -3.04796009702733
-9.29470766861185 -5.96849847210387
-8.9321893087673 -6.14110962714146
-11.6796669794704 -0.993934986812207
-9 -1
-9.58113023151283 -0.550855026435973
-9.60722573157041 -1.27088264947229
-9.25075664548182 -1.28828193391308
-11.695682522079 -3.2509462628145
-10.5117932798163 -3.57559706604356
-10.8071023152362 -3.41442083049446
-10.8112929903708 -3.73968945335846
-9.42003429639863 -3.01740011841826
-9.61054602036487 -2.72660836308393
-12.8813088635778 -3.86766986969186
-12.5911328377632 -3.72783790057199
-12.8870832013247 -3.55618878174931
-9.41717032348816 -0.981938250261733
-13.7480642664707 -3.62365692982996
-9.2496999041269 1.95027651081812
-11.9888263193995 -2.76270766806841
-11.9919286075891 -3.08548988497389
-11.6938168702648 -2.92695973254065
-9.90269576456021 -1.66468989170905
-14.0504364032853 -3.78904757982052
-13.7273986514548 -3.96635310462631
-14 -3
-11.6806771339137 -1.31713975296914
-13.7242978040634 -1.70568953423748
-13.7132992563329 -1.40963425908529
-10.5085483587933 -3.24994042921833
-8.95209747314321 1.77983460709701
-8.93250000952551 2.13840481808137
-14.0125083582916 -1.56199954223396
-12.287033722357 -2.91962171994754
-13.9905100801803 -1.27430134944628
-9.59133358843076 -0.88829640057254
-14.0255245436045 -2.16057198669362
-13.7162919045423 -2.00868339218982
-14.0697717027054 -4.1492595983542
-12.2713711590579 -0.670194400172349
-12.260492534948 -0.364224655188789
-12.557259916968 -0.524767404123287
-14.0218190342217 -0.589821157006548
-14.0551806082611 -0.233631689312387
-14.0201712719075 -3.42346884938393
-11.3984389793749 -3.09012229372408
-11.4005234746184 -3.41411505921214
-10.2110449368519 -3.40893834482717
-13.1969249410697 -3.72317319346121
-9 -3
-12.5888154583604 -3.39989651475165
-10.1261514044239 -3.36031962785965
-11.3769505319632 -0.187498466884005
-12.2937278827602 -3.56932778085087
-12.2906027223229 -3.24370905577843
-9.76393204450481 -2.13932368665393
-9.8924999882723 -1.03159996271575
-13.9873036458734 -2.73728617560647
-11.9757483607956 -0.83132378570524
-11.9736886477165 -0.506773342722013
-10.4878937072312 -1.00899233522804
-9.7239524669308 -1.77632172389207
-11.1055921872431 -3.57748306400819
-11.1029916712466 -3.25265853865321
-12.5851894944525 -3.07439021611965
-11.9772463987818 -1.15489820917311
-12.2728243803751 -0.994523105527104
-14.0260480670105 -1.85999003548826
-11.6745582480086 -0.347936772020004
-11.978373378718 -0.200963394119477
-14 -1
-10.1925809913706 -1.17915532089965
-11.6787768497981 -0.669167197454301
-11.9789176937785 -1.47747332677464
-12.2748979662138 -1.31704523030385
-11.6909051387274 -2.60424131382554
-11.3840492514308 -1.48067135487698
-11.6826432362017 -1.63955804092281
-14.0107211657069 -2.45574385082323
-9.01450339250431 -2.73183040639966
-11.98589947836 -2.44084084085289
-11.6879932892737 -2.28262444727729
-10.4916316407259 -1.33179003702353
-10.7868547496501 -1.16524162435595
-11.3817270322441 -0.508745852248605
-11.0847987694309 -0.349172512511156
-10.7901568673993 -1.4869300130736
-13.1612062880003 -2.72377620115431
-13.1400794516603 -3.04314266285713
-11.68515904728 -1.96124786449549
-11.3903467268139 -2.12389058130402
-11.3867712874828 -1.80235415823521
-10.211080882068 -3.08199498735472
-11.9831074081315 -2.11990545198312
-11.3960407724237 -2.76709922129552
-11.0854379836059 -1.32253036085713
-12.2769504719548 -1.63791626061385
-11.1008103939018 -2.92895116979334
-12.5686086307451 -0.835937908956312
-11.0921374185752 -1.96508854057268
-10.8051447250102 -3.08987515541811
-11.0884574399132 -1.64399868101951
-12.8751950941555 -3.22760275380758
-10.5074539331061 -2.92563510828694
-12.2838252389817 -2.59746788780257
-10.5056974672848 -2.60407675332124
-10.8015210262681 -2.44542791775696
-10.8032708959292 -2.7667138495309
-10.7939303904235 -1.80688632115698
-12.5792070740319 -2.43219367737578
-12.5763008807937 -2.1136589498935
-12.8754109431163 -2.26809560128882
-12.5818384839818 -2.75203108917829
-11.9808856285652 -1.79905038578291
-11.0986216491227 -2.60660304514675
-10.4953150221616 -1.65107807929553
-11.0959830879476 -2.28585401922951
-10.5030808999058 -2.28501108732777
-10.7977954957099 -2.12620397220643
-12.8620569267965 -0.681906949414485
-12.8557892694065 -0.349157385222553
-13.1588456512914 -0.540899588503147
-11.3936481113417 -2.44537940051824
-13.1539392451384 -0.851758643900769
-10.4930023003803 -4.01041711310866
-10.2531595857928 -3.85719373472037
-10.4937616476874 -3.67188636664054
-12.5725311634865 -1.47878619608918
-10.1968213834807 -1.49854683922959
-10.5038732546773 -1.0058761577898
-10.5043886992279 -0.667622374979032
-10.4992748985335 -1.96802668304412
-12.8776859909413 -2.58460120896255
-10.2075725836384 -2.44174069722641
-10.2041980026505 -2.12615778318937
-12.2810398504331 -2.27698569745533
-9.90824516567877 -2.28137207367178
-9.90645634317998 -1.97254489247509
-10.4951623272927 -2.99502489439016
-10.4957697746561 -2.6561487256167
-11.6704713903879 -4.50473635952252
-12.8731249932772 -1.94734186985781
-10.4910316040212 -4.6894781532745
-10.4921016265364 -4.34943655544663
-12.8678489561382 -2.90249696583483
-10.5028934735365 -1.68417271302402
-10.5034649684006 -1.34457665003799
-9.60773029027953 -2.12446588896345
-10.4897247684017 -5.031228135069
-12.8594590483449 0.205493463591816
-12.3471793019596 -4.50554406403674
-12.6866027886902 -4.50599046136979
-9.60745812125058 -1.82728160622582
-10.4965211465231 -2.3164283368364
-10.4971181940351 -1.97524433247274
-12.570020236318 -1.15872635817191
-12.8653265382807 -1.00433778332425
-12.574852351697 -1.79627667338556
-12.2782641015256 -1.95768875427666
-10.5024589084387 -2.02527430045676
-10.4878224782413 -5.37598615544679
-13.2015358994993 0.205005826213833
-9.91324286101689 -2.91325047718972
-12.8672149125879 -4.18860412296301
-13.0275412494569 -4.50647575565878
-10.2095633661977 -2.76014961209415
-9.91130631687303 -2.59544205690947
-10.4851592100696 -5.72575489380135
-9.63080276109977 -6.50199031783197
-13.2113295876276 -4.23530855975445
-13.3711961037023 -4.50724806847295
-13.0262813238852 -0.0612104443350313
-12.8562521071308 -1.32159096364124
-10.2573443233225 -3.11512750764553
-10.4944031853306 -3.33350242402534
-12.8572714193465 -1.6307669750118
-10.2010355033349 -1.81293305274168
-11.583717116966 0.272270603585053
-14.0768415321069 0.121979436014222
-11.6952536983058 -0.00590197560152579
-9.28228185963796 -6.50183039308372
-10.2439013146967 -2.52616305654204
-13.530877994574 -4.22711536742759
-13.7194830051155 -4.5083414936108
-12.0255684519184 0.0512731729686814
-10.2683785855118 -2.47110829053691
-13.3789089780021 -3.97818650983456
-8.92631422206306 2.49862844302816
-10.2558559995695 -4.17969189590512
-10.280923140212 -1.83477670885454
-10.029547709872 -2.36659024191257
-14.0762888230411 -4.51003678168726
-13.8163391451533 -4.2615236805445
-9.19389336420962 -6.24432182161665
-8.92537734829661 -6.50139431177057
-10.2334665246108 -5.82103900986917
-14.0844183231779 0.481185461625769
-13.1794438149971 -0.276923259863263
-13.107265503706 -3.99871839645316
-13.5178322752197 -3.76311276779406
1.6376192052095 -2.52117846172921
1.16968035257215 -5.94445707220705
1.97953646932186 -2.47519783575282
1.60760419577226 -2.82976828407765
1.49184768385068 -3.2940250202676
2.15086874921938 -2.23241667157887
2.24418878173485 -0.219508181871331
2.4894355091826 -0.0873688788996064
1.24824723373316 -2.79692422063008
1.47351187871799 -1.71041254955098
1.48391548866913 -1.41552278269113
1.18758711638603 -1.67227331877546
1.20095295936674 -1.39222994332328
1.48913586249116 -2.98007750963352
1.21094080631657 -2.90368348616399
1.99648393172493 -0.0877426720860957
1.48129206353669 -0.768511139670395
1.20311981078513 -0.751386507175554
1.20872463444512 -1.07721366878916
1.48320997907429 -1.08461714618904
1.74404963585542 -2.82708149584479
1.74682337208065 -2.51193508363371
1.43989094246547 -2.71251900172514
1.46188556040133 -2.4251000761816
1.70708308647089 -2.1773767955184
3.22131202124433 -4.50078861165147
3.48411417597981 -4.50092219995886
3.3191137101286 -4.17488311146133
1.43872267836259 -2.1602778071652
2.18598114634791 -1.75967249680437
2.5257922437505 -3.97931050954538
2.26548018456334 -3.81539297600984
2.79693215641514 -4.19357731197022
2.79372706108508 -3.81974909971751
1.11780898011876 1.98567029936536
1.61954808902881 -1.16091727735568
1.91299048039488 -1.45489749978026
1.22942370625288 -1.97221779248247
1.57119812489734 -1.45880528323967
3.55080199619014 -4.23810402263525
1.52060349559608 -1.96255138438766
3.0529074874889 -3.97657228415769
2.22521381389289 -2.53997586970444
1.95726776675263 -2.00297579312411
2.27193132643801 -1.48126329209013
2.22517899143593 -1.91323929613243
3.04360019697098 -0.390312392735406
3.33160427400224 -0.557125230750351
3.29034806316408 -0.236172347270038
3.06189328301045 -0.725069814678185
3.352568809154 -0.898413306258076
3.63344599041843 -0.749778730361042
2.99402985895239 -0.0628627543186379
3.65724777860546 -1.08615934407022
3.05979149165653 -3.64106363167603
3.64234538720394 -1.39085651976895
3.35915129391467 -1.22438202278279
3.35744389044769 -1.5397484034761
3.62931800415402 -1.69597125703677
3.07571125064451 -3.29865878664413
2.8009938936367 -3.47466962273395
3.33592216755445 -3.45291051575165
3.64712229025939 -2.61518443034542
3.36306841490581 -2.47643526974637
3.36749736283451 -2.78977744947994
3.35851113651786 -2.16455722043641
3.08859314384179 -2.01239733210098
3.08955773616106 -2.32823793343755
3.95826532312258 -1.25610476329664
4 -1
3.0891362220509 -2.64570968426175
1.64599823304573 -1.993646348414
2.53238907482036 -3.64525256423067
2.53949990445047 -3.31280593681944
2.21138849545424 -3.08899925090583
2.82130639319347 0.227825074754309
2.68850756407593 0.00986509325900181
2.52428455943408 -0.721505066334831
2.51114855641823 -0.394996592712858
2.2553666713139 -0.5597940082496
3.31013213237119 -3.79594132018154
3.58183450675959 -3.61045837257893
2.54952626856082 -2.01782034644642
2.55024722034261 -2.3377404634084
2.8186309911305 -2.17565208041176
2.81129760965253 -3.14189583394594
1.98982532716424 -0.400841158577018
2.27160894936681 -3.48088825159982
3.35888985344655 -1.85137576162053
3.0845390228144 -1.6946408924433
2.2301730275029 -1.61764923312729
2.01300886957143 -1.78122440688399
2.26358901593288 -0.888364772952747
3.63459908859112 -3.25307603711342
3.660219647822 -2.91973935970138
3.95655862562319 -2.74482244951043
4 -3
3.87634354752969 -3.42054076231762
3.79310490496 -0.215882942793894
3.74239139121513 0.141170436897254
3.51790435905276 -0.0297226471918564
2.54549420588941 -2.98406376530368
3.90770240607763 -1.54416755887528
2.81746880276261 -1.85620997377408
3.88011980734912 -1.84684920988944
3.54454330496488 -3.95318257561452
1.78900399548518 -2.24932728676006
3.58019886787739 -0.388736846139333
3.90711688781659 -2.45655162608676
3.63046820787749 -2.30939105267195
1.47382573453596 -2.25344742512642
3.74169021437169 -4.14172309537008
3.79305349616416 -3.78405132674362
2.5341690223685 -1.04984905341666
0.839733834066163 2.13825531850604
1.77810387367413 -0.870797497964684
0.870587311788015 -5.7779645191293
1.41446733448447 -3.07587501532408
2.27708193382207 -3.14982107883472
2.01131577049598 -3.31260408025252
3.87769699912286 -0.577020353479924
2.78344237627874 -0.557280050603052
2.75365286261316 -0.249974454816372
1.73024773284972 -0.572702453707339
1.99529391922649 -0.729404462315815
3.62307393123479 -2.00318954782189
2.27073155368205 -1.21517298870032
2.81926732495033 -2.49485248881848
1.74259884983183 -1.73424899626977
2.00321465810697 -1.05815010854351
2.01536292300395 -2.9836959133278
2.54116437865473 -1.37477611053976
0.839741855584101 -6.13817673939478
2.79674137140058 -0.887403891325168
3.35905416787216 -3.11377291243173
2.28083827418792 -2.82289392586656
1.41508645165371 -0.924510889824398
1 -1
2.54587530832063 -1.69723326322082
2.81257064936706 -1.53504025074834
2.2231270609196 -1.31812692753031
1 -3
2.00946547392956 -1.70227326357259
1.75242004500261 -1.84925407233277
2.01525024580842 -2.01854234638734
1.19196186732915 -2.29846773111362
3.08607140513882 -2.96818919504972
1.75221078166919 -3.14081646060445
1.73976890095135 -0.904999436416291
1.19325013554411 -2.597156813218
2.27565701647416 -1.53876137407317
2.27862114020935 -1.85962887452299
0.918987374983852 -2.44856096970582
0.89775044658458 -2.15092060519199
0.960370745186092 -2.73398937979876
3.8799299750978 -2.153905008584
0.960103634711406 -1.26582231932489
0.919316170127962 -1.55165520376031
0.897879589721853 -1.84931346238657
2.28062127771735 -2.17935693244548
2.806955870704 -1.21280593660167
2.81652016662095 -2.81591022954297
1.74463764526735 -1.54787234025786
2.00769017688077 -1.38226179326708
1.74460550542143 -1.22943017962552
2.01500521493729 -2.33968255650032
2.28161373730113 -2.49980082474607
2.54857949330642 -2.65919539693412
3.07387388655902 -1.05603270138476
3.07969985342738 -1.3778514329291
2.01577949820329 -2.66183459491372
2.50029271840424 -1.92549131714544
2.50035544521247 -1.63052314212225
2.50044862631454 -1.33992600505168
2.50051383214696 -1.05495256317757
2.50030936797468 -2.66053502237293
2.50023921707751 -2.36985280782159
2.50017766586114 -2.07480148489709
2.50029696050065 -1.77543607672069
1.47029207408347 2.50020333242555
2.50029190632518 -2.9455746471699
1.47003165076012 -6.5002659792179
1.77527420060915 -6.50036428656535
1.62893088425344 -6.24502354317496
2.50030436208649 -3.22180728903802
1.15656163247204 -6.49999568825187
1.32922538825813 -6.21411768941947
2.24499842701071 -3.35246972277105
3.72461101231588 -4.50150312788328
1.92226755026578 -6.24962546591737
2.50047422623286 -3.48474774317784
1.15687434279829 2.50024665151704
0.82991072678347 -6.50029993701268
1.07798450198362 -6.24158180234275
2.26429856830624 -0.929629287218738
3.2412105807872 0.0362102335048146
0.829751309726484 2.50019558948451
1.05265515235833 2.26915873850566
2.50051034887951 -3.72485397746367
3.56212017140912 0.258215403383534
2.04533545046406 -2.22283281751368
-23.7471740429032 0.0947242716204205
-24.2816564720559 0.0819247083277023
-24.3533168587685 -0.276679710742063
-23.7626436297824 -0.375747296625051
-25.2636901519577 -1.91415849990436
-25.8659035332002 -4.9099909145046
-24.9548771899859 -1.66833794835867
-26.5799581765282 -2.89390831412129
-27.0217646310217 -2.68022095259774
-25.0000078801082 1.18735009097444
-25.8278980775161 -4.2416302556026
-13.0442332863256 -12.3246458942794
-23.7067083470605 -5.70384863515711
-12.8902763679828 -12.716362324269
-24.496893410411 -3.6707238291901
-26.1222534837064 -4.70118064937615
-26.1780755797493 -0.699820875518495
-26.4834646214126 -0.422646901331261
-26.5808329845468 -0.937072288446011
-24.2800072153393 -3.31705267987736
-24.3031593828835 -4.09564484494302
-26.8746301782971 -0.742383520224342
-24.7980491412701 0.0715531516013176
-24.7859437359411 -0.446673658198498
-24.9819531244252 -3.63551107634868
-25.042073686761 -4.06396900333212
-24.6128288094414 -3.8592575238585
-24.1145035598135 -5.93005295024822
-23.7277782620307 -4.56961755312597
-12.7239893551506 -12.4293996744951
-26.5487480155359 -2.05828403956825
-27.2237512983217 -2.09892792024716
-26.9455630253251 -2.3640139298277
-26.8042397887376 -1.81199589029884
-24.0554786456258 -3.19729439461653
-24.5346304235058 -3.41939413681097
-24.1955496832087 -3.66247325558263
-27.6129991953341 -2.70143724885724
-24.4490013644165 -2.96940023180252
-27.3137178836103 -2.41572750528104
-23.9517707406017 -2.7425893259173
-25.2688114749008 -4.56251186353695
-12.4183238570508 -12.7924728660502
-12.1200439688167 -12.6238662268279
-25.3523632733975 -1.12158692642789
-24.8983465270917 -1.35546710050994
-24.8259976685372 -0.889106252825475
-25.2543351658269 -2.28908273883927
-24.3590062901769 -2.52692073243574
-23.3417927671234 -4.56420739156048
-12.7009155086033 -10.8673272762049
-25.8022359106391 -0.938061216229271
-25.3221081887889 -0.649251955120587
-12.710930776719 -13.0017487655608
-12.9099016521446 -11.2766182727312
-22.9822844278919 -5.67996670587495
-25.4327497813435 -1.57871165105813
-24.3135349145026 -0.658849831232615
-24.4491061270038 -1.61333049670913
-24.3559780281064 -1.11984106995212
-23.7046325437412 -3.45111684714165
-24.2353158655262 -1.76642195419778
-24.582090957224 -2.05919133401735
-25.0847616045486 -4.48046687927014
-24.6679952287967 -2.52249473105582
-23.8529362736198 -1.34888908138822
-24.2441933142754 -0.897792033450082
-23.7890452055367 -3.86889391815366
-24 -2
-26.288734277381 -1.14669410280256
-24.1950414829556 -3.6649676810263
-25.8677875021355 -1.35918421116656
-25.4530292198644 -4.27634769744301
-26.996620970981 -1.21275959290927
-27.5455365394998 -1.49273615607117
-27.2048984084236 -1.67246304758908
-12.8836277339318 -11.9618392106256
-23.7932780653703 -0.851690478641801
-25.8206033227974 -4.50280413158511
-26.0200547738776 -0.319759015083693
-24.2725044889286 -3.98814523253359
-27.2966740520685 -1.01411571346042
-26.8459558235006 -4.34980882023127
-26.738065376546 -4.74646095078671
-26.3996129171819 -4.541856864815
-26.3995851797419 -1.59782273173467
-25.9577547064252 -1.80588477487676
-11.2905432078114 -13.4404119373209
-27 -4
-26.4613345185768 -4.14177302207085
-25.4175411223048 -3.85460088933265
-25.4854489368617 -4.30395666914443
-24 -4
-28 -2
-24.9991415042718 -1.81112443930919
-25.3614514947696 -3.42573572617219
-24.9123003958723 -3.20064958096863
-25.700546358791 -3.24190133032537
-25.7590131999532 -3.66277772472951
-25.292923393965 -3.0027319136603
-12.2404460854752 -11.8366451412915
-23.4531097562656 -2.4988775550721
-25.815447956738 -4.08788762142978
-24.7531083223028 -4.3179497488245
-12.9428580837346 -10.3835758837399
-23.6858793707542 -3.41089008474881
-23.543126175327 -2.94666011832616
-25.3645684597203 1.18110061220925
-12.1880673668275 -13.2495280672353
-26.1019229835494 -2.67444960309507
-26.0368365838244 -2.24283221077583
-26.5326996571091 -2.48005023262698
-11.956667009668 -13.6496200981109
-11.5014615972276 -13.7807919993446
-11.7443501437576 -13.3259670586345
-26.578175863384 -4.58807100717916
-23.3186757018526 -3.62753497576721
-27.7384929224569 -2.30029963094728
-25.1368473441751 1.56435328154522
-24.884182769106 -0.317094217943676
-25.1405739802961 -4.10869702288749
-25.6075237624954 -2.45437052906928
-25.1542712859865 -0.249609101552454
-25.5230553645015 -2.02221483706797
-12.6771349871615 -12.1684275529718
-27.1340801341448 -0.526866084864378
-25.1665690898616 -1.32720273091507
-26.2263577214703 0.0245162861955004
-26.6529991999523 -0.00115796788292477
-25.2870103936489 -4.58914961071337
-24.9018921911819 -4.58435808324173
-25.2959805720568 0.0602131871490734
-25.7727149908189 0.0449489115052182
-25.5573331961379 -0.280356474045153
-24.5092238804036 -4.57993739598844
-24.1165826120809 -4.57515674754337
-24.3197552203377 -6.25982011765087
-25.7985727211716 -0.589365588115098
-24.5191908899102 -6.00124495813806
-11.9642334688033 -12.9835363216308
-25.6514995213713 -4.59688785861643
-25.3123435848875 -1.59796003954477
-27.0403006819227 -0.0307919363989362
-26.8211509931954 -0.342218704515327
-11.537333124805 -13.0607335826409
-26.1370793294418 -3.90976971995242
-12.4398202787356 -11.9530682327329
-26.7098914234868 -1.40187483253529
-26.1461016270427 -4.33209357038146
-25.2527613922627 -4.90540712639581
-25.6744165785113 -5.02268707622265
-23.5513411970416 -4.9511460172144
-23.848097106171 -5.22010018722647
-23.5568343215472 -5.40742441499973
-26.1997414765292 1.08202423651896
-26.6215934979489 1.26349346150522
-26.6153301642537 0.746123925915767
-24.261035539935 0.790478404105222
-24.8614964331086 0.839405157408305
-24.5578027479937 0.434752466015988
-26.2117421064669 1.55640444748322
-23.2686837171308 -5.21102132324722
-24.9394109416982 -5.04177626950738
-26.6345893242207 1.78335777186249
-24.5711939567534 1.06853468150047
-26.1872917447335 0.694940686323868
-27 2
-27.0545859493151 1.45304680369693
-23.8120846936113 -9.15422929795865
-14.8877286594974 -16.3236596074732
-14.4870418445292 -16.054130593024
-25.8201757535405 1.83063024255562
-24.3508053291489 0.126893050117825
-26.2556834450286 2.07955690983512
-25.0402405120991 0.437376736151288
-26.6660799881895 2.33228097219149
-24.6158988925242 -0.303456955845445
-24.8899041465053 -0.723045633220057
-24.947535462119 -5.83509250012281
-24.5485246759892 -5.63638343940688
-24.9523515277938 -5.42805357941426
-25.4263187773006 -0.788900056348285
-14.6930219294571 -17.4493828650486
-25.9651185231029 -0.868317576313025
-14.0639220613838 -16.0492760532303
-14.1071464570864 -16.5443109374927
-25.1894541607378 2.71737640986331
-25.1571080149601 -0.372720195747493
-24.1735921899002 -5.45743226595419
-24.5334640778643 -5.208811267368
-25.1860389433592 -1.12334449880848
-27.0955098252973 2.63628011969806
-15.49989583451 -17.9809347094201
-24.6668920502348 -7.25462406750142
-16.0368872660109 -18.1302205738667
-15.2227022119759 -17.548596255493
-23.7673105130141 1.01292909760575
-24.2856250544515 1.26438409369071
-25.3226024639576 -5.23906307830476
-24.5106430701125 -6.07070529796187
-25.367536634084 -5.61810003652287
-25.3922260335725 -5.99017800191926
-25.3350600753129 1.1178884624769
-25.7792025138894 1.32789851562095
-25.7606596721932 0.8401746719297
-25.8488462145021 -5.78768406971403
-26 -6
-16.3460944604274 -18.6228955882383
-25.3031964226656 -6.43671461516001
-24.1194254688099 -8.82229574701338
-15.7995561742641 -18.4068237662802
-23.8124563393814 -5.62482106415405
-24.1509350995711 -5.85330615967999
-25.3798456579041 1.58205820132273
-24.8755676486183 0.0616047881348819
-14.4118149939917 -17.0256474944148
-23.936588214299 -4.88664202172664
-23.0032036385798 -5.80592822502227
-23.2942186992609 -5.61860603222963
-23.2590417074567 -5.99664860845331
-23.7469473755477 0.558427184201128
-25.7423722030761 -5.42918731178761
-25.434891405512 2.08323718517129
-23.8279183344335 1.46232008820117
-24.3735043253859 1.75600157563918
-22.9734777805229 -5.42559043465702
-27.0178369310332 0.962001902158566
-23.7571945566289 -6.05737894088048
-24.7905139794678 -6.74404964274596
-24.0858165024571 -6.30248940867581
-21.2482953071035 -6.00580067102175
-14.2878326096729 -15.6759160495474
-24.7596584075655 1.4167744347266
-24.9507405865756 1.32133414581595
-25.0239995896594 1.79794685432434
-24 2
-24.8957386941736 -6.26816683341334
-24.5809976097075 0.49500221147067
-23 -6
-23.4647571230613 -5.86329344771005
-24.5013076767474 2.25580913459049
-25.0945105591348 2.28700238857799
-13.4521357860105 -15.1811768604434
-14.6605220228203 -16.6938172650787
-25.7236375358028 -1.17023434096661
-23.7574962212116 -6.35218227536599
-23.9547521272318 -8.02949084259084
-26.2615827538882 -1.26134871718195
-23.4860319307115 -8.34043997913961
-21.3092077086633 -5.45176985366395
-23.8371787968287 -8.59057062825694
-23.3842632025204 -8.89785429828824
-23.883898214901 -7.28689066491433
-15.1916153635041 -16.7758108284571
-24.5555116298653 -5.54231085469055
-14.9422295263499 -17.1151359283257
-24.220432473247 -7.53310589302846
-24.3315879732312 -7.02107988838879
-24.6379050788847 -4.8578133417811
-24.4351043553098 -6.53057672630504
-23.9921552789829 -6.78165202516755
-23.549904893788 -7.02638062608824
-25.5232986298109 0.418517179585403
-25.9770558795617 0.398695748855213
-23.6658394324503 -6.52327681798645
-24.3159925045067 -4.87179464750458
-24.1446830875778 -5.13915740412496
-14.4123290266634 -16.363740207889
-27.0056579646757 0.46722006227263
-22.9565455127667 -5.0004062386931
-26.4088665494005 0.376134112628058
-25.2836239323262 0.731268599992123
-24.837464002138 2.51433177448339
-26.739205031288 0.313306253745588
-23.2295592751848 -4.85630425329671
-24.1237661325795 0.393258998445809
-24.6254984822645 1.52090878737008
-23.5319867109855 -5.8250333573432
-23.4593789630574 -6.26499700519788
-24.7148573319024 2.02111778647837
-23.7623343795039 -5.66137091916632
-24.216762374018 -8.29399007970831
-27.5389284278002 2.765224372809
-28.2773061955493 0.891211241498077
-27.7116846088258 1.0879016365632
-27.0718888482291 -5.09358192969361
-27.3460609619621 -4.57808160888695
-12.0348881864806 -14.6132751115665
-27.7189023603115 3.35459341928379
-27.7828607351685 -0.0905338214155085
-27.8845898512819 -0.560141573865157
-27.4354280460771 -0.28817853713789
-27.5695853690021 -0.738374498034893
-26.8027300838694 -5.68017835056107
-15.9142508489942 -18.8192660048002
-26.5682357634275 -5.98930912784448
-26.6778113735893 -2.12747266594248
-11.6558179986963 -14.4019010808014
-26.1704627503783 -1.88209767485444
-15.474184638136 -18.6671293551146
-27.9474615541512 -3.35073629837591
-25.731684465473 1.91776704127445
-11.2904261181001 -14.4200184007238
-27.6150923387519 -4.81055343934667
-27.1312703339786 -4.74222081465146
-26.1998914915536 -0.209043358279319
-26.3840815404783 -5.37739305162412
-27.3906561476089 -5.10645841769563
-28.0744311183376 -2.63476283416164
-28.6060132778439 -2.40772726278439
-28.4479921556884 -2.82840874281029
-28.192236673361 -2.26802270004079
-28.2783886808261 -3.17128490144628
-26.3118863864626 -5.71407659401844
-27.0466601611548 -5.09250314572461
-25.5009050501681 -0.674421784560066
-26.941031873974 -5.42778208649205
-27.4241954259779 0.935898994053312
-27.9622890671677 0.63457626717872
-27.6679634931499 0.398368514781943
-27.9596442370382 -2.97169428206641
-27.3643346873707 0.177434467048928
-26.2801219424935 -2.30945312349396
-15.7455899924441 -19.5574532248171
-29.3411449820816 0.257460516647484
-28.202215172887 -6.01033749453087
-27.7634376365785 -5.76790182659132
-25.9842400378849 -0.615762576740185
-28.0909887321792 -5.10616065833804
-28.8888578807834 -3.54005813912057
-28.3491480583226 -4.47342549494074
-28.1498701085629 -5.56462209725009
-30.0649558360625 -2.95027763076037
-28.4705336934692 3.86583812532336
-28.5932508514407 -5.80775900900244
-28.2368720214155 -0.370026780786345
-29.3703693620799 -2.66446361185267
-28.3348374157687 -0.848039633066847
-28.5785326164474 -0.14475422184306
-29.5952520015404 -3.02942168858395
-28.8972012432766 -2.7445036459764
-29.1238325665493 -3.10328025505367
-28.481164420838 0.340266113729604
-28.1268939772103 0.129547515505399
-28.5410779397636 -1.99600723090816
-25.7832225148209 -0.987519292056225
-26.0098668386023 -1.51412569151791
-25.7870408313977 -2.03803834177769
-28.6763125211317 -3.16386840523899
-27.7219094782609 -5.3355680183207
-28.010362041284 -1.03600372514864
-25.5242179155121 -1.43844232667917
-25.7841947697329 -1.71925184672998
-27.6851146468389 -1.14892219414587
-27.3828828645043 3.09299431921722
-26.0228663501512 -5.18095314591252
-27.2967875542835 0.586655509753006
-26.0609642022843 -5.4982712523138
-27.3480099744434 1.42699346901771
-11.4487056164977 -14.1059977465403
3.32549412590806 -3.24420985176679
3.37500990931191 -3.55110325714481
3.31716139088302 3.65881602894229
3.63780107889755 3.77185864452672
3.21707414994251 -3.79389125446316
2.99879004264982 -3.5709528877452
3.08204294471489 -3.37647305616178
1.20306901898294 -6.77057427596785
2.79263638773963 4.66720128612521
3.09344846677732 4.69577180771353
2.78433726841557 4.98592580316483
1.99859150919407 1.91249782736217
0.839960635974168 -6.86172024733924
2.79952839997722 4.32376043232007
2.79210902254764 4.00980747845575
3.09616805704476 4.1209820227429
2.29077389373416 2.20972721295141
3.08719902791741 -8.68522632101299
3.74941253693726 -0.41433009241479
3.37560085208817 -0.431112225735349
3.29622259948782 -7.47687516571572
3.08942703151952 4.40803636393445
1.37376290032218 2.82999451815965
3.34080506871785 -8.23040622249487
3.10611607685885 -7.92909437582139
3.04462496306416 -8.21484494851386
1.94156895889436 -6.80820928496862
1.97229554489575 -7.21223850554683
2.15967307043172 -7.02232745843638
2.81981264121113 -1.94379357584119
2.23032145185968 3.02655105169478
1.95914229404363 3.19306250142949
3.4109049232585 -7.97468966668167
2.26151950744505 -7.33301292622555
2.4165940128372 -7.02127763000916
2.84130184763152 -8.40584198588346
2.81578999747159 -2.5044082810366
2.49654357641122 3.18376620366943
3.13520443784803 -8.42557126329124
2.53864668768884 -7.27548277346884
3.31753586086787 -7.74326518907147
1.70657488142029 -7.05291932655875
1.08444714846774 2.76439499418297
3.03639084268455 -2.74959232767886
1.67719834198987 3.02919168256088
2.73251877617225 -2.22481548178805
1.44143614153195 -6.89503122359262
1.16159529194162 -7.05999988914129
1.44146216161561 -7.22574628700646
1.17779807632896 -7.403662992337
3.05477634628698 -1.25555300824097
2.75294917327415 -1.46069122943546
1.20601632964825 -7.755959774134
1.45573724696047 -7.56883089236589
2.23312317370591 3.35894413509449
1.97188810872084 3.53157909655401
2.76174156757313 -1.17696708804122
2.75898801718762 3.35920588769966
3.21297084724792 -2.99036989668227
1.46976980291805 -7.90728590467042
1.09204550380902 -7.78284442733264
1.66708892042758 -6.75160206917311
2.85981704963176 -3.74169330791238
1.54045530299362 -7.5422909557148
1.6941345221929 -7.27615777321835
1.72604623256228 -8.37745436688295
1.39554943248877 -7.80080595959499
1.46577021466899 -8.22867637023084
2.24058776137431 3.6931079618785
1.42614940974407 3.21048413079821
1.13556768864116 3.05166727485279
2.50850229410884 -7.55208055618571
1.39109526629277 3.79955322686495
1.463351844757 4.21670007515608
1.52934662077727 3.54113340832188
0.870954243427396 -7.22190693075232
1.16789050214421 3.39552058712193
2.5018379523307 3.52588098475841
2.5096915553056 3.85666931617866
1.35982866284196 3.27597845142323
2.24840273523938 -7.71678954888162
0.870337438757644 3.22216996177519
3.07335336653912 3.82865811253228
3.37664499520974 3.95360699920824
3.94909981363321 -8.25454773645352
3.66918326464183 -8.0986810549841
3.64747187901526 -8.39219838271866
1.44593032001179 3.55431809271496
1.69900642328719 3.37118642521843
0.924714554313868 -7.58495222538696
3.36823361127571 -8.54553168275227
3.90434561854337 -8.54380373937866
2.76666123849013 -7.38962038558561
3.23458188733061 -0.954179493558769
2.24733163126229 4.02199155079939
1.1840732658742 7.3019585469032
1.17785462044935 6.99896232472612
1.85032015766205 -7.54670835966874
0.839421389519986 2.86201008377334
1.20253068582185 3.75177393565099
3.62842500854845 5.30509573884544
3.79267453995355 -5.21913498203952
3.02471012239987 -0.491316943122889
1.715204008402 -7.39236339326427
1.98165375662545 -7.55396710324925
2.77274285753597 3.69199923559934
2.51630773780591 -7.88232951628389
2.25348056639219 -8.04586653374222
0.92382844190775 3.58588213536858
1.45436221277973 6.8399950043066
1.67649749995451 3.2767682491871
1.72211697370313 6.99150916346851
3.87796479044181 5.15330706285145
3.36406491523368 4.52928599559374
3.62908102508734 4.69164468401757
3.35947743681211 4.84253375002113
1.71360726671256 3.70834475997347
2.5213275037139 -8.20923105190247
2.77761490344197 -7.72177247902588
1.97967480277889 3.86361830317675
3.74170524423072 -4.86082609015306
3.57987876041154 -3.87623966748027
3.58138016188459 -0.122002383664154
3.64812371821191 4.38841898901913
3.90526844477124 4.54335392978937
4 4
3.95527611282333 4.25520666223367
3.66829174431261 4.09514411692976
4 -1.77635683940025e-15
2.51606477223351 4.18339463233741
1.21458167940563 4.08582887189137
1.46036850028092 3.89196592226492
2.25571852943637 -8.37086719885731
1.98790960977629 -7.8852121909798
1 4
1 -8
1.26576218631606 4.04008421721006
3.37184587777077 4.22279173254866
1.2661770768878 -8.03985685897657
3.62105827095285 4.99956708245282
3.0291374210181 3.53324701046487
3.03202889556991 -7.57388746000857
1.7237500798473 -7.72774273653144
2.15503497372681 1.64298697212103
1.69493176465136 3.81496323469175
2.52270039570341 -8.5325590357928
1.69255990249022 -6.74355147645774
2.14668737829047 2.47581632134558
1.72111816176099 4.03760773664288
3.87826130578587 4.84619363091094
0.897821085136319 6.84905352088341
1.55147562576273 4.08069874232017
0.91924145454175 7.44819814092811
0.897705418275125 7.15059556540339
1.98764913792961 2.74403479710009
2.14739116722722 3.0103646849531
1.82696045569806 2.47764945985671
1.53348889244811 -7.00980996649479
3.21465233033804 -0.675746476327923
1.99056187885487 -8.21155133477517
1.82942153519628 3.01134109475346
2.52049656821416 4.50644790226619
1.98548643715737 4.18969490231062
2.25500676353563 4.66796886866203
2.25255157728827 4.34660500461666
1.72826879281171 -8.05651469568048
2.80268417254744 -8.06092351225463
1.98856772316504 4.51112952755085
2.75033533297614 -3.07781685267994
2.77919228629987 -0.91208891237023
2.24331367905157 -6.74776647284618
3.34808905555526 -4.75563109182815
2.77960986665785 -3.35889832957327
2.74925940125401 -2.81045678432196
2.97020893589688 -0.767471998183631
2.74586773931593 -1.65287196115967
2.96651070304887 -1.02050287259574
3.01897495043957 -3.16644953827862
3.55640153153965 -4.75067936201772
2.72811459493807 -3.57672164168847
2.95583381245589 -2.95630926520125
4.21812168117946 -4.26944094213169
3.97632962998932 -4.04068710306956
3.94989862910354 -4.36615981970289
4.56381693442114 4.49746089930292
3.5112489959805 -4.15135373007574
3.09682524488445 -4.36310149971308
4.10912677023042 -4.63527603622903
3.97652226195295 -4.92665201858404
4.23069526233599 -4.95754817899525
3.61797508577986 0.363508136861139
4.13941208374695 -2.00017736027753
4.40013910894517 -1.72791299961798
4.10250694944486 -1.72352753671586
4.44571487642733 -2.02617347734757
3.89184801051753 -4.65412666167802
3.13411234057963 -4.12805070795577
4.39275400897407 5.25817304275627
4.71227721288252 5.39515840948846
4.43125124678818 -2.32161580736595
4.1615286649037 -2.24286010408621
4.20268787829447 4.51817346196444
3.75484602718677 -4.28561835599492
2.78485530327198 -4.19419371212357
2.97969953319046 -3.96561524926189
3.93659606385153 0.655555157366454
4.13333274392086 0.461156754236676
4.75206101911855 -1.5849893685141
4.44668643959588 -1.41487579283224
4.16824379667145 -8.52673363229743
4.13753392650859 4.99992701252615
4.42781278206565 4.95561715803476
4.09539205806822 5.26819946453056
4.40487265815332 4.71199984015837
4.1872904491395 -1.49898657901119
4.17100365279401 0.117294498055587
3.94409697530824 0.340569251993498
3.93886940192248 0.0284155690543725
4.18008972292331 -3.89579321471196
3.54851793198786 0.119649557590405
4.14104923591387 4.75683196317279
3.26962486593673 0.0476720255834948
3.2773019082988 0.312134558379128
4.7496597177945 -1.30741856983442
4.46771873599292 0.0773014228077713
4.35406184103303 0.40417510874833
4.5006900290329 0.724833165997505
4.78107131098647 0.69674057649234
3.02578835968446 -4.64837762810334
5.38758786304125 -1.6282143116244
4.74741502762339 -1.88372927480631
4.72258174566279 -2.17381845295163
5.04563609193837 -2.03998092252421
5.06133300210412 -1.75353247889419
4.67461574106432 -4.02193012363482
4.80676810375273 -4.35087142168233
5.36955146562086 -1.91032552838972
4.70638337862674 5.0920381286647
5.01558353942876 5.21972494631172
4.65398872491008 -4.66095241094708
4.50008111046083 -4.97379083942845
5.06414826461974 0.677763260345338
4.93402415748782 1.00216609104355
4.52649062513565 -4.33050308651879
4.41408510750708 -4.00073781046489
4.17604241067343 -2.50107622078893
4.49631676945646 -2.8416243790907
4.0455383834481 -0.239585571921812
4.7184375598914 -2.43117941107219
4.38696732513055 -4.63791318110048
4.69042815417062 4.80769817003548
4.00177427647148 -3.72755724851956
4.70704361567294 -2.64419838662252
4.45436162229211 -2.57877428193473
4.210593546029 -2.72614489797491
4.4205663042934 -1.1383534579283
4.20350691643713 -1.26161116731167
3.29891685166812 -3.96717469197844
-12.5955391720148 -5.17318671855467
-12.8095156608711 -5.45588293636892
-12.4745272372472 -5.45736711258554
-9.52602976081429 -6.82766769911241
-13.7034558686478 -6.09149785393742
-13.380600940205 -6.0201096927076
-13.4626345236456 -5.70696007946315
-13.7847191410569 -5.7692866749166
-13.7427028273928 -5.06546918130406
-13.4282861939995 -5.37054063073642
-13.3547586736966 -5.05982587060579
-11.2920555582555 -1.54285489019591
-10.7804598959895 -7.49902229595191
-10.4831477638021 -7.68282011300623
-9.20083118077144 -6.76465801604536
-11.157430974916 -1.21189395532441
-10.989680608777 -1.43891981016639
-10.8053033071664 -1.19593362458835
-13.7422342896803 -5.45277260486371
-11.7269791202306 -5.72519525520356
-11.5151729620261 -5.46445955748753
-11.8575889225541 -5.42464324951169
-12.6768083345505 -5.73879755661115
-10.7494044950916 -3.80685287617956
-10.7486257399077 -4.22464134598624
-9.90822855307885 3.75378493063621
-9.58430397501327 3.55614430281511
-9.60172325943567 3.91458791231584
-9.29074343149264 3.75621653915093
-11.021826407168 -0.918856383895925
-12.5098595169268 -4.77880296061886
-12.6775190988361 -5.05296270449668
-12.307147178109 -5.05371668018588
-10.9828126615931 -4.00929372693864
-11.6311153459017 -5.15674454066562
-10.1739888044695 -7.5144648938681
-9.91203711477269 3.43147095630713
-9.94005082530876 3.07047464962997
-9.59797858240543 3.24696144278384
-12.5128884993299 -5.26253528068733
-9.40028799935555 3.69702586029138
-9.71386466777108 3.69683186171077
-9.56406862590415 3.39018410152821
-10.7699978563739 -4.51019100371646
-11.060801317324 -4.32383156111516
-9.55250788387173 4.00637456638657
-9.09801021952333 3.69526645116757
-11.0648016464352 -3.68102518705241
-10.7676652216309 -3.50561154876047
-9.8049852374756 2.7855104115714
-10.7786069519784 -2.13186820170444
-9.60728216237292 4.24430888530566
-11.0955287566135 -3.10916560860016
-10.7838164599997 -3.13683486889709
-10.9497181375112 -2.82342307098224
-13.1312284939046 -5.4542700863621
-13.1701581034818 4.92664622506814
-13.1501568769492 5.2431997437343
-11.0094960522593 -4.63882158234236
-10.1493073271965 4.02009934791009
-10.0126269857959 3.6990738727609
-9.84884328021842 4.01987486673818
-13.1411319975151 -6.16284514181758
-13.437950401765 -6.28792652893877
-12.4569410816818 1.14694777645887
-11.008822859661 -2.27224220841868
-9.88673553560291 -7.70017932372479
-10.1887231917529 -7.85205309246543
-11.000727294487 -3.36532164584591
-12.0736350459065 -5.7192896135408
-12.1644832939903 -5.43949167501992
-12.3712849780171 -5.73435005401085
-10.4775842524435 3.39817961955999
-9.59800338563375 -8.21034244374149
-10.6474805562656 3.10361000735178
-13.5422973131938 -4.79939525596101
-10.7456455463271 -1.87417062238922
-10.2706803576166 -6.988567355396
-9.91360049822129 -7.01522772147828
-9.87816353744812 -7.3671642956966
-9.39102926309536 -7.69956556831308
-10.7853852131992 -2.50768250313767
-11.1169958644099 -2.52519183520477
-13.4348429172989 5.41676767367064
-10.7847826164626 -7.83760617636159
-11.6710078990663 -0.916039908859031
-11.0840325286943 -7.99831969039402
-11.8328941400598 -0.618469187952931
-11.3821609521612 -8.15728279790236
-11.270354243249 -3.39778147349548
-11.419846608878 -3.69545083184376
-9.56941077995497 -7.20745393406304
-11.3720317647713 -5.75255250686695
-10.6886243147734 -2.82526045582559
-11.2621519090365 -3.99965413089489
-11.588042497865 -3.99590414069035
-9.29868405791033 -8.08475288357552
-9.26944590494912 -7.9854094101485
-9.55412391681727 -8.00669874957323
-10.3093994686242 3.70081933656438
-8.95232255244116 3.21778463355014
-9.2951387948293 3.03150919473579
-8.93287358361497 2.85897270463371
-11.6785548829721 -7.99342983441052
-9 -8
-9.58086407859505 -7.55055117911473
-9.27068790394416 -7.39245687124364
-9.28816091367174 -7.74900629929897
-11.747738722341 -3.6963883505381
-10.512244505338 3.42379778951381
-11.5848334875102 -2.80757324047131
-11.2594935392457 -2.81189287479957
-8.98264138720434 3.58043071153456
-9.27364354945112 3.38956929633871
-11.1291378333939 -4.88400974270559
-11.2695849907439 -4.59313591827895
-11.4409590395346 -4.88921861443174
-8.98190071309016 -7.5823995371583
-9.24939821699659 -7.04944841291301
-12.2360569206856 -3.98915576807217
-11.9130428772518 -3.99261196771957
-11.6942425821549 4.07190678712361
-10.3353974279235 3.09753003669694
-11.2042089577694 -6.05742798762464
-11.0278865717763 -5.73307542189007
-11.5723904418124 -6.0248049784803
-11.6797531830623 -8.31695188194351
-13.7224483533791 5.29240517078019
-13.7112527919849 -6.41079284289978
-10.5088816247763 3.74952548451545
-8.95196978180238 -7.21986381521125
-8.9322867658745 -6.86140733036897
-13.4356897660981 -6.01015784807844
-12.0787821584089 -4.28762895385617
-13.9882488455602 -6.27589041254033
-9.59112731723958 -7.88806191466246
-12.8361186130258 -6.02364604303574
-12.988924907604 -5.71476582659271
-10.8425266449412 -6.07810406181527
-11.6690651164403 0.269591125256966
-12.2585275667226 -5.36269200477894
-12.5550531520105 -5.52317378051164
-14.0170318111363 -5.58508870923461
-14.0482002600337 -5.22666355512057
-12 -6
-11.3989098473903 3.90886239865501
-11.5847338938562 -3.40121397388197
-10.2113781078746 3.5906538889219
-11.2732289110766 -5.20002544224769
-9 4
-11.5977974504551 -4.59030965093995
-10.8727240758183 -0.640861019678331
-11.1865038313015 -0.624226303811231
-11.4285904398303 -4.29516641704705
-11.7544368914189 -4.29162996134854
-10.1388115505756 -7.23560771442967
-9.89219483942783 -8.03136124161307
-12.2596290242596 -5.98701800318602
-11.8305558960649 -0.0256653873506415
-11.5056406495717 -0.0278989077991614
-10.4873706647919 -8.00868759510478
-12.2741950898878 -5.1615754828711
-11.9545449209766 -5.14117870035616
-10.2241122336299 3.27557995475573
-11.4215351373264 -3.10624361041257
-11.1034715633602 3.74645821370006
-11.9236082276746 -4.58613838782753
-12.1545179748697 -0.0239568489936897
-11.9938743258665 0.271290620549365
-13.1371265564706 -6.02405344689941
-11.3468586690442 -0.326821138065815
-11.9766655921618 -5.19953364192378
-14 -6
-10.192196226756 -8.17893628962445
-11.668356262439 -0.322491419203903
-11.977958527147 5.52252451695805
-12.27363706658 5.68312423855145
-11.6910390864737 4.39483694487043
-11.3833574086117 -8.48061649608965
-10.3603187419181 1.31806081869635
-12.5409049895044 -6.00922219919223
-9.26821543143235 3.98549140957002
-11.9858814218436 4.55818518315741
-11.6878394279377 4.71669426382775
-10.49118978483 -8.33162145682309
-10.7862590019436 -8.16498320966629
-11.5079423231363 -0.6193802095576
-11.3484146832022 -0.916150718862004
-10.5131554242373 2.2103255463937
-11.6847157972432 5.03832731523722
-11.3900972552201 4.87567476421834
-10.1974484876162 1.6137232951183
-10.2113038550808 3.91765722555453
-11.9827588171691 4.87941618022742
-11.3962725844744 4.23205327898088
-10.677647930802 1.91521547882147
-12.2759908235989 5.36180957645723
-11.1011021838604 4.0702938934047
-11.8349086996305 0.566675973607584
-10.0346642582748 1.90818052267674
-10.805467254385 3.90947621658426
-10.3559664779619 1.9120431828183
-11.7699488941797 -4.87659866499721
-10.5076538655704 4.07391745801309
-12.4012143568571 -4.28398952673068
-10.5057536871208 4.39557546243886
-10.8015097215957 4.55417238717077
-10.8034279787682 4.2327544092424
-10.193026564485 2.20641584880073
-12.5791234406083 4.56641711346395
-12.5757714636088 4.88529823524414
-12.7304298882015 -4.87498637627961
-12.246270960108 -4.5822496249149
-11.9801986491571 5.20059424154487
-11.0987136972173 4.39279408189718
-10.3489507536682 2.50502920737529
-11.0958734740245 4.71371357216239
-10.5029951493101 4.71475389580697
-9.87354356990755 2.20238573368924
-12.859641734729 -5.68034171272549
-12.8529811989515 -5.34683807105245
-13.155827894247 -5.53858462128262
-11.3936407376419 4.55396672324663
-13.1514826412808 -5.85046568879472
-11.8555519355428 -4.74522915598077
-12.5712480451108 5.5210654919892
-10.5015654568883 2.80349653964056
-10.0318629432001 2.5009461541302
-12.4136025537535 -4.87779681482487
-9.55806350703816 2.7924441093783
-9.87374272933898 2.79593299029267
-12.280801112375 4.72200306866873
-9.71855657541833 3.09181945000214
-10.027461667683 3.09369531278943
-12.8722355916079 5.05157986765514
-12.0954340608564 -4.86855843456884
-9.87557636145767 3.39236077027537
-12.8562219183425 -4.7913269607372
-10.1728182769859 3.3927086236442
-12.1583083921657 0.568407657354464
-12.0035638810326 0.863316613206658
-12.5739246040114 5.203089777311
-12.2776480565318 5.04164519808544
-9.91337156382921 4.08655184833671
-10.2096659074278 4.23957048172247
-13.1973966623312 -4.79088181677351
-10.8080252105589 -4.87029297604282
-9.40441596364168 3.08865931798166
-10.7603749800661 -5.21538267086197
-13.0228432736822 -5.05798830097155
-12.8546137410852 5.67845527027641
-10.7416555071 -0.885871967351993
-12.8559937540353 5.36866980110457
-10.1870715939053 2.79919704188882
-10.7263750237718 -0.417647756557097
-14.0688776599181 -4.86981493315324
-11.6937983316364 -5.00458226996145
-9.47433072955014 2.75593544195334
-10.7674193935942 -5.53613493863394
-12.0237521496232 -4.94704693782536
-10.7309687993373 -1.52955901470619
-11.0172828734128 -5.38313719758788
-12.1776546121078 -4.7421429689552
-10.7186965981686 -2.16571376258223
-9.63384282298447 2.97025554035031
-10.7315904013013 -5.8230571119356
-9.19448061674705 2.75563519257471
-13.8144028174325 -4.75970323175448
-13.1759249860845 -5.27380566790271
-10.9974691814136 -5.11070491767112
-11.232446233319 -5.52197624245377
-12.6931011767456 -8.20964181610055
-16.5664380660899 2.15530161717051
-12.1071792175339 -7.88691565116559
-15.8487822597219 -6.04530089865654
-15.8819941167962 -5.46093382859941
-16.4771079553676 -5.66587422486013
-12.6300996483354 -7.63945512224985
-16.3264655626549 -6.21145116323213
-21.5098223871654 -7.72295110731181
-21.8461963493192 -7.20345477175336
-14.2011787906175 -14.2046015475679
-14.3599174252483 -8.43302788256507
-14.1372606275738 -7.79994782751551
-15.7501578157583 -7.29996866024729
-13.4582462195997 -14.185702326322
-12.7863665113699 -14.1550826843939
-13.1504753687172 -13.5674243033917
-22.3834198208155 2.05961845493469
-22.4343708835412 1.58853084333751
-11.8859340958779 -13.726002082976
-12.9500821104342 -7.90723038666183
-13.515315137343 -7.86165479746467
-13.2433868290331 -8.47781499444508
-22.4297406075194 -7.27536376750201
-16.2888785938946 -7.10220350350845
-13.9449457342119 -5.69860693799692
-12.6624179543018 -7.42592717808861
-20.2233495509185 -7.25902734471602
-23 2
-19.8246990630692 -6.5577260534765
-12.0356368290417 -13.5063282932767
-20.119156924947 -5.95343736216175
-22.4466782287033 -5.76093687687267
-21.9419142224794 -5.53321707523409
-22.3676089634331 -5.16503533121807
-13.7824108292328 -6.76547913321991
-14.225761804146 -6.25044630866819
-13.2207916615347 -8.51821355927244
-12.3843689912938 -13.8263442055731
-12.71166268116 -8.36958480437499
-12.5445166587701 -13.6919609119798
-12.973366034547 -14.7194987751303
-13.8570708161202 -7.35868222670236
-12.0740520450737 -7.36301391801453
-21.470301610503 -6.65887020252826
-21.703346994346 -6.12716618667728
-22.1820387775487 -6.66350865745999
-21.9539886271818 1.29572479054457
-21.9976391648943 -5.00197630051846
-13.7931775030912 -8.28004123795414
-16.3870196916277 1.7319557151112
-15.8400963528305 -6.67190210349785
-16.5274263313084 -6.65414368771439
-16.2933562723424 -5.06278165726573
-13.7567324987587 -13.7330942432735
-22.456035063889 1.01334514948853
-21.9740074250184 0.73813376931242
-20.314043952342 -6.61565759621422
-19.2826532586131 0.729699213213524
-19.7269443947331 0.982919138063418
-20.1804164061765 0.674607825135092
-13.7017847087197 -6.21820850286489
-21.6068896048001 1.0291432612261
-22.9681381580088 1.2895466592675
-21.1789993481504 -7.19697932175043
-15.9786244309606 1.38844883849039
-16.6077299957585 1.27282814887762
-16.3324627049508 0.864283012600767
-12.6835834139734 -8.85997545994227
-22.1688388341063 -6.06425419297389
-16.8411276925248 -6.12625633821468
-17.1383263473288 -6.65095267265351
-19.8982433534958 -6.14108177379975
-20.1845811747226 -5.61559465445567
-20.5034465136343 -6.1396386738869
-20.6771915007062 1.45675532804406
-11.9764191977909 -12.3465908311808
-20.9863199877691 1.92176157384457
-20.0311444609881 1.52343864485578
-13.2030369166526 -11.6444524532374
-12.6559570765671 -11.9636633620493
-12.6776801292503 -11.3429703930114
-13.1886019298315 -12.2642845195492
-12.4666865295635 -12.6503078696921
-15.2237706490608 -6.40861951070212
-20.2192570800514 -6.66838131678038
-19.4105658403533 1.55655637694167
-18.7721523742477 1.57524286192848
-12.0548102115153 -11.0794622085418
-21.3235480623017 1.38573396403836
-13.8303801773889 -14.7485459056665
-12.3590366082384 -7.24630022712171
-11.7366029348338 -7.39486098303214
-18.3778125070765 -6.66069198444476
-18.0696402040585 -6.1335014821238
-18.6815025043848 -6.13726225187636
-15.3730594891489 -5.80334354523808
-15 -7
-13.7335670515004 -11.9460162285928
-17.7603694659809 -6.65624977219668
-12.5582120976438 -11.385004447822
-17.0598515842365 -6.89833816539253
-17.6879063860358 -6.93489990626487
-23.0195969743081 1.78445502461392
-12.516681355635 -12.0163041128079
-23 -7
-22.6129000309438 -6.34551263163101
-12.0903422042936 -10.4489633072194
-18.1435361857935 1.58595209039018
-12.1246586329272 -9.81885476388156
-19.7115825475649 2.01611935804437
-20.8353223976332 -6.66535646769863
-13.2252934150329 -6.48515536690944
-13 -7
-22.8687095952672 -7.51583325421701
-13.7269417609955 -12.5675224849077
-13.0224302864389 -12.3161943923539
-17.4561918162226 -6.13061558716105
-14.4344402292536 -7.22298785904363
-17.3627616779737 -6.38692363267112
-17.9874994091506 -6.421475039263
-13.144522047833 -14.6650605061506
-14.3125792586877 -9.13262977981964
-13.7907698711223 -8.83587247673247
-12.4091332580539 -13.2778101096711
-17.6636869620903 -5.86939340255157
-20.6264548753886 -5.5569811243608
-12.5948538436114 -10.7549548051636
-16.8188680848148 -7.170608251497
-21.1058559767504 -6.13530488279961
-17.5171185126498 1.61897146335764
-12.6347385735036 -12.5814685846968
-16.4315404851721 -6.86499139987347
-16.7372203502853 -6.3559185428916
-20.2475202381421 -7.73276041293338
-13.2192611909414 -11.0239102859727
-12.2336160570241 -9.17287198568176
-15.794778240416 -5.79087830918198
-15.4838808933401 -6.29748183942617
-12.1581470787907 -11.0409216394237
-12.6991062251302 -10.7215546792936
-19.0077270037624 -7.72087467431251
-13.75572983462 -10.7057983497404
-18.3884629834744 -7.71204070902737
-13.7437170807642 -11.3257097313173
-16.8928522483561 1.65322965272863
-12.161057615498 -9.19118072438395
-20.6360751420767 -6.27151593605184
-13.2620009464841 -7.42568222496377
-12.7410704810881 -9.48130961503556
-14.2717002258646 -11.6268339990702
-17.7685107132991 -5.60703484045552
-19.6058396856336 -6.66800531245422
-19.9256435997714 -7.19844055740051
-19.3083289175192 -7.19501189850138
-13.2664069949115 -9.16858766976232
-18.3756694360995 -5.61056669470469
-18.6912478739386 -7.1894099125269
-18.9926301592465 -6.6650552747722
-20.5461075520894 -7.1983368059759
-18.0725462256349 -7.18310655910339
-12.6292210079593 -10.1247463930332
-13.7308155004948 -13.1829542977385
-13.1791769206973 -12.8816012626326
-12.7538621298864 -8.87835624628449
-13.7684098365294 -10.0859774305407
-16.4177724867586 -5.81572125156674
-12.7204379702137 -10.1006269617413
-14.2678732719944 -12.8730714811523
-13.235992052749 -10.4036615158841
-12.6147643210219 -13.1933930359541
-19.2801119721541 -5.0913029406396
-14.8540384663762 -6.26873073255548
-16.1111308691992 -6.32634867946879
-18.777445702571 0.821698351222329
-18.9819838044366 -5.61386548768375
-18.6780335810886 -5.08836905003963
-13.2007062854269 -9.16945556667345
-12.6643183851008 -9.49333371268607
-18.154942496818 0.874757237281462
-18.9449150835802 -7.03067999786967
-13.7809341616452 -9.46299466104978
-18.0743051894137 -5.08406448870792
-19.2283209890292 -6.50954296640655
-12.9050896328446 -13.5584001662729
-17.5342523583141 0.903624018145516
-13.1673269465067 -9.80198286666999
-18.284490012576 -5.89921088555907
-17.4717491186519 -5.07942273538655
-19.8777071832622 -5.09235592825034
-12.2478068959151 -8.57081528858514
-19.2909627296203 -6.14010584578648
-20.6848926331645 0.741069128617678
-14.2983873221643 -9.76656278470806
-17.4501847295526 -7.17639497589054
-18.6100655288345 -6.46166361321394
-16.9237628428806 0.894037540591221
-20.4674575752949 -5.09134965493606
-19.5855733787632 -5.61560813904722
-16.8751111686801 -5.07420639736826
-21.0420079891989 -5.08727839033202
-12.0692294754584 -12.9004408163979
-21.3271756360202 0.702968275437635
-21.582733540722 -5.07429644296053
-20.7763246452008 -5.61251872379494
-21.3537162268002 -5.60358068616844
-13.2528160747455 -9.7842943637824
-17.1515272679433 -5.61102537839426
-15.4846478886145 1.09803264849231
-15.4609558830977 -5.17185646693722
-20.3647957334869 1.09782141748341
-15.8921749654483 0.900371214877745
-15.8616453064806 -4.99264201983798
-19.0903080272376 1.17080866987808
-22.4671182314116 0.568511870135736
-22.9318626148026 0.720624069596626
-17.218622995371 1.27619946142161
-18.4651241325806 1.21410725947363
-17.8392696963007 1.24527273822782
-21.0025105413088 1.06558934717358
-11.5371136106958 -6.29628917764016
-11.1202677374856 -6.36183151911458
-14.3821524898116 -4.69761212944382
-14.3531240635456 -5.12303456433823
-11.4557096654238 -6.64669734243275
-11.905800370886 -6.51848605596358
-11.8618857189701 -6.93419941475239
-14.7044433899182 -4.97895019852588
-14.7252318706254 -4.48459730650067
-15.0855813140563 -4.78191598254424
-14.8918841679049 -1.03441750873937
-14.579463570122 -1.39436442986416
-14.4787468970066 -1.00599452026351
-12.3740811607912 -6.7375397379721
-13.9724223124809 -6.89412370353237
-14.7474974170573 -1.35840032329301
-15.051671075243 -0.350588495802255
-12.0151862690755 -6.87857137350852
-14.8983283139128 -5.87619968848135
-14.9994528603844 -2.50268561373052
-15.067591050674 0.741055397773246
-15.0891004777924 -4.20096597377271
-14.9768270402117 -1.52117855255848
-14.9023241862017 -3.13768441490611
-12.9750136871644 -7.00372398214494
-14.7136686105562 -3.41134286363679
-14.3114752963645 -6.24594686677798
-14.4966198423412 -5.89089451777878
-14.7227454527971 -6.35219286979845
-15.0200301193979 -5.34462086498356
-15.0342702655479 1.30731763012352
-14.4204144248588 -6.7001381950084
-14.703048623439 -0.59302982577422
-13.6893480082983 -6.24528933090021
-13.3442317192944 -6.30074589127472
-14.2828132741178 -3.46311811137526
-14.3542545842297 -3.85788947606137
-14.1458925203855 -2.97735156675587
-14.1843623052076 -3.08001848505266
-14.3550547608494 -0.126738710452383
-14.3054381750317 -0.523261232749747
-12.3122103895754 -6.24619830151041
-12.1520090554115 -5.98295001695934
-14.3021285113881 -2.3491334811684
-14.2601230555485 -2.68243116282315
-14.9268700910936 -0.887221117237166
-14.8890414787968 -2.98879470701137
-15.0879545027393 0.186032703492678
-12.4781875754747 -6.97880335546963
-14.3441360948623 -3.72359934268345
-15.016523936918 -2.01772280039869
-13.8949994355806 -0.809379556038229
-14.1445009397443 -1.01331477051978
-14.0009987625378 -6.46833715444282
-13.6188082859447 -6.58187334719874
-10.9644469789778 -6.69710259453005
-12.6953762085931 -6.41826351760117
-15.0237352161455 -3.67063292913188
-14.6220086843112 -5.45586618521982
-14.3087785115596 -1.24765963103338
-14.521701084536 -0.898757712881675
-13.1898581456158 -6.62710140153535
-13.4747113950225 -6.98020520919555
-12.2668234293372 -6.30604794351885
-14.7055426832468 -3.99026372614745
-14.4733632876573 -2.99760835415718
-12.3717554093405 -6.58646965396053
-14.6452161785242 -2.21335699215337
-13.8943521206199 -3.50331158066281
-14.7079112450233 0.00329261359102287
-14.6445223424123 -0.464136415417843
-14.2498971856944 -3.30022137151507
-14.5948246324271 -2.62251423529137
-14.6213066587042 -3.54823361158255
-11.997942551495 -6.46150189527398
-11.9329856071739 -6.18847763722356
-14.3920001961821 -4.25754394403461
-14.6396045697117 -1.80059186799663
-12.7742622054866 -6.63527498628812
-14.7150458156412 0.475792938363074
-14.2445785670529 -1.32260765807003
-14.176154738836 -5.89761906199772
-14.1401001125499 -6.00862867086234
-14.2974175658938 -1.65866098897488
-14.3253373370114 -1.99820582511228
-10.6912061473872 -6.38032192842057
-14.3905309764928 0.284177561557238
-12.9865171158958 -6.3121435125171
-12.6444505929491 -6.30634087188139
-14.2785878020417 -5.52872270615538
-23.3243348765675 0.37433200603271
-23.34506665677 0.895555484257478
-12.7056568431162 -11.6524089669343
-13.2315331828823 -11.6886867960888
-23.3332673896274 -0.16174632227751
-23.3591959954681 -0.698911878582978
-22.7624309250903 -5.83622088574583
-22.6832344068561 -5.33985051882183
-23.2207925582272 -3.27657355170976
-23.119551101187 -2.76841212778977
-22.6479801044008 -4.82169331879579
-20.9470593760239 -6.46756874328745
-20.9495291996663 -5.82612848276658
-23.4788587519807 -1.72218666844245
-23.4042975167751 -1.22769269538943
-23.047072898789 -2.25198709256125
-13.2663712868834 -10.0028672921576
-23.0655873007652 -8.5642069186116
-23.1859378400998 -7.94350991397334
-23.3899670033003 1.38360244511186
-12.8081481783963 -14.9870919086452
-23.4825096184834 1.79330844157027
-23.7535407535764 -1.98307009166207
-12.8760269443372 -14.9905575363279
-23.7543977486223 -4.07586069113133
-23.4061418109325 -3.74845760003806
-23.3388487850691 -6.6138937927989
-22.9286129778594 -6.28631603476079
-22.9926901786398 -3.23066958112248
-22.7683744460342 -5.25095110278012
-1.20224324797541 4.75811724206649
-1.5525534196356 4.23793900717688
-0.883961745212195 4.16433326836942
-0.87208435923349 -8.0173689518383
-0.910650140185557 -7.43174428764282
-1.5010241190168 -7.62654158773157
-0.63793316288733 4.67099691302325
-1.34663721891879 -8.17391750396526
-6.49705854736938 -9.63447244416683
-6.8529483230921 -9.15522026228343
-7.16011594361923 8.26084774849275
-1.44416418183462 -9.58993986101656
-0.813038772832852 -9.82407528819653
-0.76114614216624 -9.27000656968677
-7.12749433014561 7.58984770845642
-7.10776037959712 6.9999819688079
-6.53050830936593 7.32637112020764
-7.25912050281621 4.66483601374006
-7.21183131848974 4.09804599682622
-6.57716256930633 4.32701718127457
-0.920252495072602 6.99953348390749
-0.875969173350079 -10.4393432765032
-1.48495880306943 7.30571545612769
-7.41067245529671 -9.25562166181849
-1.3020954472042 -9.06077531974133
-0.953855651457654 6.35345672342386
-0.446278737457067 6.70009749640139
-7.18594475655165 5.29185107078668
-8 5
-6.79091007633784 5.83132466252637
-6.46869133557515 6.32852624500204
-7.0939575751569 6.36588726395787
-7.62577252762595 -7.78106342365456
-7.07188494599639 -7.51130722168309
-7.54110010962703 -7.14766239523954
-0.782859032488403 5.27905490445032
-1.22598228595305 5.81189214659266
-1.51016053036301 5.29607543150731
-6.72804169659575 4.86316562075506
-1.37527162193241 6.77493260880709
-6.65439626411558 6.78562963881121
-8.54402974099646 5.21469406927941
-0.37758644710234 -10.1097931230635
-0.379905927033005 6.10883612420169
-6.51434936237065 -8.61142599583214
-6.78966230472915 -8.09891767555297
-7.24182917866818 -8.65063459167705
-6.73663116113403 3.71663031757702
-7.14010591101025 -6.96271610031703
-1.29059966236804 -10.1542387378736
-1.37607156180036 3.80943285541247
-0.855231524958596 -8.64436135345648
-1.54388643382184 -8.61057030722755
-1.3211466791601 -7.02676408416353
-6.69785829132254 7.87448661432663
-7.16166901875654 3.44546257794098
-6.71785164212228 3.11214128033431
-7.31386994729976 5.827404513494
-4.19314989388957 2.93105711998382
-4.62284890130421 3.21349478728452
-5.05299513875288 2.92509733911708
-0.709538330204725 5.82557238547892
-6.39937201180098 3.39724126232737
-7.62879418479525 3.78047330953882
-6.19306520894813 -9.12298263796889
-0.977137684877616 3.45287469632621
-1.59244318600816 3.35927519332142
-1.32388322072739 2.94077213012208
-1.84348015253878 4.77563140384636
-7.29565853719008 -8.06597562792529
-1.86137650396946 -8.07937036403186
-2.15477373628847 -8.59545786191495
-4.93341834105695 -8.06853477456006
-5.23354964365414 -7.54888046949321
-5.54880797971164 -8.07371105166899
-5.54379946664593 3.76441811645038
-5.24379461299477 4.26494232297542
-5.86226491734274 4.27022644832884
-4.92534570325649 3.78258902306625
-4.62804365259942 7.35012989325072
-4.93579738790688 6.8365589226184
-4.3198264577674 6.83637315493242
-5.24354031163568 7.34950965137053
-5.55972663258504 4.78236101117283
-0.244489305617524 -8.39487129147903
-5.2469033979043 -8.59050344966525
-4.32633027665755 3.77547056500952
-3.70671721317551 3.75794243650882
-4.01261549544588 4.25543698474554
-6.154590578357 3.749427199068
-9.11157208308928 -9.35060380170441
-0.251293115494622 4.39388192354587
-0.404324924091631 3.78233681650203
-3.39523665715879 -8.58660259133373
-3.09097506260822 -8.06832743812335
-3.70539339156144 -8.06623936532363
-0.403695806930419 -7.7835029828239
0 -9
-4.93729288363684 -10.1363887783672
-2.77692871811868 -8.59035787778464
-4.32079645848148 4.77463042799443
-4.0120634328291 5.29148342565916
-4.62995096183634 5.29261411914707
-7.77543007216582 4.39141566702431
-4.93858379154403 4.77701125499503
-8 -9
-7.77429444511359 -8.3920036159049
-3.39747785750445 4.25665946094533
-3.0943625740705 3.73721187235552
-2.78127032358955 4.26054713735005
-4.62765846142094 4.25660434662864
-5.86975688126023 -8.59780788099789
-0.236337468997289 5.54036937020744
0 5
-8.54270447965947 -9.22246955521594
-5.55425372417212 7.86133946668713
-5.24953934325641 5.29581322602227
-2.47642229874288 -8.07363806682746
-0.236243525992566 -9.54078724125531
-4.32053468014344 5.80759969127292
-4.93832401826629 5.80914166653707
-10.2986529418244 5.41509862141538
-2.14155575158101 -9.62118091223981
-1.84289435061269 -10.1434870644899
-6.17769242146039 4.79811878117488
-4.62845211226054 6.32247214608529
-9.70112924835783 5.41445282020824
-3.70392626767674 4.77459188436441
-1.83175335326508 -9.11679087534378
-6.16657264645877 -8.08316654099416
-2.48268526991789 3.7419617301967
-5.54960093651696 6.83708724145017
-3.39423532894214 5.29243968802585
-3.70318098479183 5.80739132351282
-5.24848819883732 -9.62340968965242
-4.01158762953615 7.35054298301755
-2.16521986724084 6.32632995150127
-2.77968132273571 6.32408655921075
-2.46711329902274 5.81232821423536
-4.01177932467717 6.32219124203748
-3.70368087757452 6.8363940781018
-4.01164598067827 -9.61987554577019
-3.70301632226663 -10.135158534155
-3.39371578977387 -9.62067231281643
-4.32010785451108 7.86472471695825
-1.8717801295278 3.75035324666512
-2.16615540588666 4.26928580126738
-9.11128256150225 5.35100138924465
-0.446863078647949 7.29904449401158
-2.4751341941305 6.83768273124483
-4.62955454657571 -9.62078100373273
-2.79224690000243 -7.5486972470303
-4.62857007644042 -8.58675971837226
-4.93914383194832 -9.10597554813391
-4.32064776339674 -9.10376234095966
-2.16979195625258 7.34688649506661
-3.40182042908892 -7.54581300721701
-3.70291057419798 -9.10367208646347
-4.01202544969684 -8.58552849296864
-5.56073551521758 -9.1107808361003
-3.08421517491333 -9.10590830442032
-3.08618880750819 4.7770231294163
-6.16140967239645 7.86172431086632
-5.85534395338386 7.35000388583465
-1.87845400574119 6.83184489602829
-3.08615463886257 7.86391030651375
-3.39547285052161 6.32287875642982
-3.08843010452262 6.83700692388971
-5.87007796957943 -9.62799324678959
-3.39555670154481 -10.649482093325
-6.15824605193138 6.8369813895469
-4.31736510443811 -7.02314830973829
-1.84584460498581 5.81684806361407
-3.08570504623354 5.80908657453298
-3.70538208249073 2.99880919535345
-4.01268173911658 -7.54508707487507
-3.70861775154061 -7.0231489860101
-2.15224402759134 5.30240774912331
-2.4663932913253 4.78328952321874
-3.10132773535684 3.02321740971367
-5.87356865621403 5.30170569962698
-2.46642881982001 7.86178766660909
-3.10097506868354 -7.02407222970429
-6.17770905977061 5.81722629216491
-6.49194594745926 5.31616751629592
-2.49685945123554 3.02558860851817
-2.77495593071877 5.29583894945498
-5.24469217299684 6.32347774051431
-2.49673752484786 -7.02642561176761
-4.92522694067949 -7.02408844803209
-1.57065051843808 6.32008549339015
-4.31928002874613 -8.06630020262256
-5.53138528306182 3.02565828128315
-2.77350113888982 -9.62198732324532
-2.46240475365968 -9.10995850468083
-5.55689805257332 5.81209697507897
-1.90108602510404 2.99185389708769
-5.53007652724819 -7.02628950180999
-4.62356456230522 -7.54589802759511
-1.90044221642014 -7.02941837523252
-6.12611254874449 -7.02914478380464
-5.85906519848269 6.32599625007541
-6.12972227211019 3.02976740578309
-6.69583909907583 -7.02671798820629
-5.84148293064644 -7.55375652194889
-6.4428256385335 -7.55891858999765
-2.78068358153578 7.3502389208542
-2.17455615935441 -7.56105240263188
-0.497315695480376 3.1481079674898
-0.497101432424897 -7.14869031484709
-5.2355119231206 3.37190050972812
-0.894535597645278 2.96246439624466
-0.893245306531732 -6.96318856406184
-4.01114702348299 3.36768532144442
-7.14379605498423 2.95925765833039
-7.5416111412707 3.14673519004515
-2.1896609025185 3.386367220023
-3.40482073002443 3.3793247704081
-2.79549762819621 3.38164095171616
-5.83833580466437 3.38625437717847
0.661703665337782 3.55769687137405
0.582161656294902 3.14373980322982
0.32002151564203 3.48371830314609
0.461467156831 3.92946452541411
0.0494263333699158 3.89380437180701
0.0909713803594943 -1.01303734320297
0.38727235411643 -1.3768305295837
0.501060745816761 -0.989159214374344
0.256278659040017 4.39514816813084
-0.052584674754503 -7.33003528949359
0.085907583667828 -9.99811180758568
0.650020685931313 -0.237577648956464
-0.0772033166504751 1.681931053775
0.0970201584274457 6.03485031193147
-0.0270699491663556 -2.48361211804982
0.236620690536004 -8.34380558588486
-0.096280272437295 2.77965791505871
-0.106888960496627 -6.22014276190705
-0.0017645531416049 -1.49802129678091
0.0490909769613873 -5.108637439532
-0.0350447444756864 7.00335954012627
0.26999458841961 -3.41004775420941
-0.109309019648256 -6.78004598630176
0.270729337667172 -6.98114793405982
0.247384600905791 -6.49993508841022
-0.0582760429312817 3.34471872486288
0.290181525373141 -0.57706548680147
1.29391043233938 -8.288145941604
0.643595721175745 7.36119449993964
1.45259056892552 -3.33490015856015
0.587442160388029 -5.86451375418674
0.706294042364039 6.3218113459363
1.01763712563303 4.18153352293474
0.826886214368931 -2.9807206415477
1.06655112355974 -3.20752896428263
0.585945579750427 1.8914399867366
1.48817513344887 -0.647387177421161
0.642448689592905 -2.33882332957522
0.694277029747129 -2.67699126859049
0.783757461883136 -7.89043583296077
0.984346583782466 -8.16103980261396
0.0523919893193169 1.13537261790059
0.0874722930680388 -2.97681685542245
0.294588195391697 -9.5756586506116
0.056870128743508 -7.86407242551229
-0.11641467579464 2.22332588624683
-0.00805500123819852 6.50440439528365
0.257267293527217 -4.63892023891598
-0.0448154536870307 -1.99535617205205
1.1059830590882 -0.781836020731888
0.836823393995474 -0.999746870058591
0.260684044760361 2.99465445360268
0.286235830122921 5.58881717275872
1.08791075642835 -3.53932114386646
0.328856961933232 -5.53761869383118
0.980788702848024 -8.49264969011725
0.379042091225442 -10.3747786168944
0.74794333378186 -0.67192044542051
0.450578396609648 1.11117283506258
0.332935689618969 7.21084623964991
-0.0087720695403366 7.50318148224468
0.268393560012418 -6.017102261756
-0.0592807811167113 -5.66142567696851
0.689648542020503 4.29002999736987
0.374834726073394 6.38837232478518
0.498491455390835 -2.99508077827091
0.454624219748524 -7.88355332524158
0.313793873218719 -2.19781323553824
0.248840754728938 2.03011557043802
0.318160298467607 1.55615198472746
0.730311923345119 -3.31316815942604
0.368199465254196 -2.6116493056931
0.668519714961747 -8.24741454817776
1.00592235343359 4.49171665155729
0.794257534154979 3.95101731593004
0.320584312058562 -1.78303935123195
0.321915277313644 6.79488211046634
0.329598372238369 -7.45013736364622
0.23954835785368 2.50559771212304
0.713991784996374 -1.30935288233838
0.55833345082275 -6.70981849467815
0.558292006951186 -6.29049300684698
0.649204280692916 -1.64500364902053
0.617587509036768 -1.98520697880352
0.55632567674702 2.7152301115308
0.627834654148652 7.00323221554131
0.546074118507614 2.30671854475405
0.592855142023697 -7.12297055809774
0.654236019784956 -7.51712502522345
0.63687344776601 6.6591646271323
-9.4469131358905 -0.714741924907109
-8.6509226330331 1.85815436804704
-8.61910457949647 -6.31571835879473
-8.64714411755494 -5.88905604944769
-8.36867135559702 1.51977324172815
-9.07831906158813 -0.494821418274237
-8.08390400071827 1.1102689210335
-8.29624997300356 -6.03693025368471
-8.27649958208142 -6.5317958703129
-7.91592220450185 -6.23854032214907
-9.01720081049575 4.87997322874086
-9.37995615752143 4.56981094717675
-8.99693413589154 4.4689661384602
-8.6128924320655 -0.275805402541348
-8.11114658310785 -2.99304961699247
-8.25706021891927 4.34183021187094
-8.12717937703025 -1.04029026673506
-7.96658896615505 3.31499780078804
-8.09985026943477 -5.13889878945231
-10.4810833935028 4.99029055100382
-7.91332355535801 -6.81920461215858
-7.95333466370499 2.22036931715205
-9.49947200256924 4.96467273464265
-8.00438363472778 -2.00426999211153
-8.10144017122308 -7.87590943775474
-8.59855745785771 -8.71257002731405
-8.7602814903439 -3.31806700989712
-8.50055491738359 -5.11879532209899
-8.6566503117853 -3.72677528622033
-7.97999186137029 -5.67425162390995
-7.98585372030364 1.65704509390013
-8.30417263069423 -3.43123962569515
-8.58558213594293 4.69265133468971
-8.75886894433107 -2.7014921708088
-8.70393941104966 -2.36029994054671
-9.02901752700561 -8.14558337833081
-8.81925308596159 -7.92384612485514
-8.72011811168485 -7.54523183887232
-8.64825959835753 -7.15355696841015
-8.65566922583759 3.10499342603773
-8.70195977861025 3.50615961232908
-8.75583390258644 -1.32722156306063
-8.84639879230082 -1.02793279377306
-10.3362045758372 4.29649706376742
-9.32805841965216 -8.2566901057487
-8.08599490334689 3.85950390898193
-9.0282009439226 -8.88332408874459
-8.02913529522194 -1.50729750991163
-8.28096528739794 -8.35057733631445
-7.93265919898416 2.77513165033952
-9.99473154651107 5.0053293279661
-8.81169663346037 3.8844212060313
-9.0094866369651 4.13724857740402
-8.53650147776814 -3.01351351642544
-8.42348419604925 -2.63697366552828
-8.31936693788508 2.00636501047464
-8.30409992689211 -0.598359450363155
-7.97939814366 -7.34738747366347
-8.37723549709052 -5.55760250358736
-8.69003212299201 4.23563628367284
-8.48462126329663 3.88061938613667
-8.37890139787026 -2.21156336491646
-8.02711592072363 -2.50119971774543
-8.72708614995547 -0.707351634933274
-8.29696551253222 -7.02502776548452
-9.01324784020641 -8.47105019118804
-8.41797616020948 -1.39292143198838
-10.1961055692991 4.63719082666789
-8.30723099054176 2.96730702960835
-8.50072222468437 -7.90222371303276
-8.3672918945037 3.43917634243187
-8.70628682433325 -8.25229364088357
-10.6074763627692 4.58909672632728
-8.38181374479813 -7.46419172010213
-8.53910404996832 -1.01482538511833
-9.05916750935912 -0.820583748693996
-8.60999001841902 -6.75557694866675
-9.78345897480259 4.63031052767996
-8.3706221953372 -1.79707086879324
-8.30143128993805 2.49354816376282
-9.31332904842785 4.23706878529683
-9.1079170060832 -3.17898634491742
-8.86375894127592 -2.99816116464767
-8.63294351899739 2.28465956160063
-9.64613615095853 4.28980528114821
-9.98443899843994 4.31825682689646
-8.62224085057898 2.69147989217603
-8.69262236957208 -2.00435906814408
-8.69772749580945 -1.66210462154906
-9.48043125112002 -3.27959602658068
-13.3356280387622 -10.9876004087446
-15.8355180553767 -2.33039505617492
-15.3781086173888 -3.24086692117984
-14.5307356081314 -8.59492545995056
-14.6261425744336 -4.76385780563485
-22.2875498199098 -2.43218575620041
-14.5074687270129 -10.4436644408005
-21.4387360338117 -3.46388941047014
-16.4945164681766 -4.42869986205363
-15.7058813579168 -0.863309298369876
-13.985187817275 -9.34248640382819
-22.1118719977976 -4.45026902997869
-14.4945754364648 -9.84273313725997
-14.497587358609 -8.61317732384235
-19.0683234622548 -2.42497653375283
-14.5455887429495 -6.14108683244966
-22.7449170623669 -2.72906379280278
-18.4385005630502 -2.40939459702378
-14.0745026286338 -5.7458913312969
-22.6185950627255 -4.72788121218674
-14.0595639570652 -6.37317730910032
-14.6050050634944 -4.80721580912424
-18.3834138766583 -4.48574395709942
-18.117990155258 -0.911031847455037
-17.7650004306488 -4.47235281692212
-20.227265751155 -4.50537681671945
-14.504296786737 -7.99887406455013
-20.6247161971295 -0.971521224284772
-14.0439312462612 -6.99966032302216
-18.9850629874391 -3.52755150385392
-13.4679744124669 -8.58908228001923
-14.5262293927393 -7.95648898935972
-14.6221531471806 -3.54220938029098
-14.5420685349386 -7.32755726698224
-14.01099948922 -8.85376618205792
-14.01404338937 -8.24645872788242
-14.1147930372709 -3.8587907706986
-14.1026724016179 -4.48941868198774
-17.1717589951064 -2.38248117509855
-19.6979005179139 -2.44133348659318
-18.3784286746969 -3.52024121532901
-16.2361749722575 -0.881830396458713
-13.4904281140576 -6.77074283228828
-17.163677594539 -3.49602586013387
-13.4759760657885 -9.79035948757829
-20.1882675498328 -3.53309605120642
-16.5622439749347 -3.48157765570376
-15.9323475684192 -3.51933325436843
-13.0507748944105 -11.3699534916708
-15.2280299954462 -0.565435060808732
-13.6678130432949 -9.6764775190394
-9.63129478856193 2.49773170503993
-9.58405927981995 -3.44376823083702
-9.97727893073649 -3.08212889859868
-10.4577724099245 -0.292604022706619
-9.91170069620625 -3.5682587842845
-11.1359205232236 -4.21510210082
-9.84186272148024 -2.7889149248889
-9.88234043427776 -1.47535794171029
-10.0494188195897 -1.17727911023685
-8.95203990297267 -5.78257123033339
-9.63245898234644 -1.87856343889215
-9.44914497356403 -1.58113023151283
-9.95027651081812 -1.2496999041269
-9.24383916792891 -2.70937050235779
-9.77983460709701 -0.952097473143211
-9.28828193391308 -0.749243354518176
-9.96849847210387 -2.70529233138815
-10.2236782761079 -3.7239524669308
-11.332377625021 -4.50438869922791
-10.2054934635918 -4.85945904834486
-12.5124112781177 0.218708122261746
-10.2050058262138 -5.20153589949932
-10.195188429009 -5.54766008688598
-10.2722706035851 -3.58371711696597
-9.47383694345796 -6.24390131469669
-10.1393236866539 -0.236067955495194
-12.1796918959051 0.255855999569527
-9.5264580742069 2.17203979627263
-10.501990317832 -2.36919723890023
-13.8210390098692 0.233466524610798
-10.4811854616258 -6.0844183231779
-11.3603196278597 0.12615140442391
-11.8571937347204 0.253159585792801
1.94445707220705 -2.83031964742785
1.29402502026761 -2.50815231614932
1.20307577936992 -3.24824723373316
2.23241667157887 0.150868749219382
1.97931050954538 -1.4742077562495
1.24861349282445 -1.20311981078513
1.45880528323967 -0.42880187510266
2.53997586970444 0.22521381389289
2.19357731197022 -1.20306784358485
1.9122573279139 -1.99648393172493
1.81539297600984 -1.73451981543666
3.08899925090583 0.211388495454242
2.006353651586 -3.64599823304573
0.870797497964684 1.77810387367413
1.7779645191293 -3.12941268821198
1.74655257487358 -3.47382573453596
1.73424899626977 -0.257401150168165
1.98567029936536 -1.11780898011876
2.22782507475431 -2.82130639319347
1.52480216424718 -5.97953646932186
2.50020333242555 -1.47029207408347
1.31812692753031 2.2231270609196
2.24962546591737 -2.07773244973422
3.07037071278126 -4.26429856830624
3.72485397746367 0.500510348879509
2.25821540338354 -3.56212017140913
1.77716718248632 -6.04533545046406
2.07450868285456 -6.50029271840424
2.50078861165147 -0.778687978755673
3.35246972277105 0.244998427010707
-24.9099909145046 -2.1340964667998
-27.1873500909744 -3.00000788010819
-24.8939083141213 0.579958176528199
-23.716362324269 -6.1097236320172
-23.3292761708099 -5.49689341041097
-26.3316620516413 -4.95487718998592
-24.7038486351571 -3.29329165293949
-24.095644844943 -3.69684061711652
-24.6829473201226 -4.28000721533927
-12.437488136463 -12.2688114749008
-12.430382446874 -12.7277782620307
-23.8673272762049 -2.29908449139669
-12.4730792675643 -11.3590062901769
-23.3246458942794 -5.95576671367443
-24.4511168471416 -1.29536745625883
-24.4804668792701 -2.91523839545138
-24.0591913340174 -1.41790904277602
-13.1311060818463 -10.7890452055367
-24.2766182727312 -4.09009834785543
-25.4775052689442 -4.66799522879671
-24.6649676810263 -0.80495851704435
-13.3200332941251 -11.9822844278919
-26.4404119373209 -3.70945679218864
-25.7924728660502 -4.58167614294921
-23.0118547674664 -5.2725044889286
-24.0017487655608 -6.28906922328105
-24.9300529502482 -2.88549644018651
-24.8366451412915 -2.75955391452484
-23.3835758837399 -2.05714191626539
-11.9972680863397 -12.292923393965
-26.2495280672353 -4.81193263317251
-12.6820502511755 -11.7531083223028
-26.1811006122092 -4.36456845972032
-26.6496200981109 -5.043332990332
-23.2335780458022 -3.23531586552621
-11 -14
-25.5880710071792 1.57817586338399
-13.3724650242328 -10.3186757018526
-24.6744496030951 0.10192298354944
-24.6829057820563 -3.88418276910598
-25.1086970228875 0.140573980296134
-24.4543705290693 -0.392476237504563
-25.1022079665499 -2.24419331427541
-26.6727972690849 -5.16656908986159
-25.5891496107134 -1.71298960635112
-24.5092238804036 -6.57993739598844
-24.9018921911819 -6.58435808324173
-24.7109172611607 -6.2543351658269
-25.5843580832417 -2.09810780881814
-25.0012449581381 -2.48080911008978
-27.5643532815452 -3.13684734417514
-25.3039566691444 0.48544893686165
-12.4248432524566 -13.1165826120809
-26.0607335826409 -3.46266687519499
-25.5968878586164 -1.34850047862872
-25.2416302556026 0.827898077516094
-24.1165826120809 -6.57515674754337
-11.7580986696746 -12.700546358791
-12.4357926084395 -12.3417927671234
-21.8120846936113 -5.15422929795865
-22.3236596074732 -5.11227134050257
-25.8731069498822 2.35080532914892
-24.3322809721915 -0.666079988189462
-25.6930219294571 -0.449382865048605
-25.0639220613838 0.95072394676973
-15.7453759324986 -17.6668920502348
-14.9651185231029 -17.868317576313
-24.0795569098351 -0.255683445028612
-24.3236596074732 -9.11227134050257
-24.6362801196981 -1.09550982529732
-25.6228955882383 -6.65390553957263
-25.4118149939917 -0.0256474944147786
-25.1302205738667 -6.96311273398913
-13.9941993289783 -15.2482953071035
-25.5049977885293 2.58099760970751
-23.13670655229 -6.46475712306132
-13.7596584075655 -15.5832255652734
-24.4521357860105 1.81882313955663
-25.1071464570864 0.45568906250731
-24.2558091345905 1.49869232325257
-24.0294908425908 -6.04524787276824
-15.2615827538882 -18.2613487171819
-23.647817724634 -7.75749622121164
-21.6759160495474 -5.71216739032709
-21.3842632025204 -4.89785429828824
-24.8083846364959 -5.22418917154294
-24.7758108284571 -8.80838463649589
-24.4576891453095 -8.55551162986526
-24.2868906649143 -5.11610178509904
-24.5331058930285 -4.77956752675299
-15.4668941069715 -17.220432473247
-24.0263806260882 -5.45009510621201
-22.054130593024 -5.51295815547078
-22.9530682327328 -4.56017972126441
-24.7173764098633 0.810545839262248
-24.2939900797083 -5.78323762598204
-23.3386290808337 -6.76233437950392
-24.5143317744834 1.16253599786199
-27.765224372809 1.46107157219979
-27.6132751115665 -4.96511181351939
-28.1087887585019 3.27730619554925
-16.4317642365725 -19.0106908721555
-11.9064180703064 -14.0718888482291
-26.474184638136 -1.66712935511455
-15.6778113735893 -19.1274726659425
-25.3507362983759 1.94746155415123
-25.578081608887 2.34606096196207
-26.9177670412745 -4.73168446547296
-26.7909566417207 -5.19989149155362
-28.3460609619621 -3.57808160888695
-27.3255782154399 -5.50090505016805
-27.2904261181001 -4.4200184007238
-27.6558179986963 -4.40190108080138
-11.6150923387519 -14.8105534393467
-26.3411449820816 -2.74253948335252
-16.2090433582793 -19.8001085084464
-15.797784827113 -19.9896625054691
-26.7455899924441 -2.55745322481707
-25.7679018265913 -0.236562363421483
-26.0103374945309 0.202215172886969
-26.3842374232598 -4.98424003788491
-12.0909887321792 -15.106160658338
-27.8888578807834 -4.54005813912057
-28.106160658338 -4.90901126782085
-28.5646220972501 -4.85012989143713
-28.8658381253234 0.529466306530754
-28.309453123494 4.28012194249354
-28.7425394833525 4.34114498208157
-29.4067491485593 -0.192240990997565
-28.6644636118527 -0.62963063792006
-29.029421688584 -0.404747998459578
-29.1519603669332 -2.33483741576869
-27.9960072309082 -1.45892206023644
-28.0380383417777 3.78704083139767
-29.3491480583226 -3.47342549494074
-28.9502776307604 0.0649558360625499
-29.8077590090024 -3.40674914855933
-28.8077590090024 -4.40674914855933
-26.797784827113 -2.98966250546913
-26.4067491485593 -3.19224099099756
-16.1972699161306 -19.3198216494389
-25.3545934192838 -1.71890236031146
-25.4277820864921 -1.05896812602599
-26.0124807079438 -4.78322251482086
-26.0106908721555 -6.56823576342753
-28.9639962748514 -2.010362041284
-25.0929943192172 -1.38288286450433
3.77185864452672 -3.63780107889755
3.08750217263783 4.99859150919407
1.98592580316483 2.21566273158443
2.31477367898701 1.91280097208259
3.47687516571572 -0.703777400512179
1.94379357584119 2.81981264121113
2.79027278704859 -8.70922610626584
3.18376620366943 -2.49654357641122
3.58566990758521 -7.74941253693726
3.02655105169478 -2.23032145185968
3.02127763000916 -1.5834059871628
3.35920588769966 -2.75898801718762
1.22867637023084 -7.53422978533101
1.21715557266736 -8.09204550380902
1.21670007515608 3.536648155243
1.37745436688295 -7.27395376743772
3.04582050644123 -7.23458188733061
1.45329164033126 7.14967984233796
3.62842500854845 -8.69490426115456
3.21913498203952 -0.207325460046447
1.9915091634685 3.27788302629687
3.90434561854337 5.45619626062134
3.50868305687711 -5.02471012239987
1.08582887189137 3.78541832059437
1.72384222678165 7.30586547780711
3.53324701046487 -3.0291374210181
3.35701302787897 5.15503497372681
2.45446831724773 1.63176638872429
1.8399950043066 3.54563778722027
2.25644852354227 -8.69255990249022
2.4674409642072 2.47729960429659
1.18503676530825 6.69493176465136
0.919301257679826 6.55147562576273
2.30509573884544 1.37157499145155
2.30744009750978 2.74355147645773
1.99019003350521 -8.53348889244811
1.85260883277279 -7.0103646849531
1.66796886866203 2.74499323646437
1.69804145309681 -7.8159267341258
2.52235054014329 4.82696045569806
4 -8
1.51112952755085 3.01143227683496
1.72402154857677 4.35982866284196
2.74444699175903 -7.05477634628698
4 -4
3.65881602894229 -3.31716139088302
1.98963531504691 7.14739116722722
1.55180185907189 -8.08075854545825
2.74776647284618 -1.75668632094843
2.75563109182815 -0.65191094444474
1.65287196115967 2.74586773931593
4.38202491422014 -8.36350813686114
4.74182695724373 -5.60724599102593
4.36350813686114 -5.61797508577986
4.24515397281323 4.28561835599492
3.43618306557886 -4.49746089930292
2.65555515736645 -3.93659606385153
4.19419371212358 0.784855303271984
4.39275400897407 -8.74182695724373
4.04767202558349 -5.26962486593673
4.31213455837913 -5.2773019082988
5.07730142280777 -1.46771873599293
4.64837762810334 1.02578835968446
4.36310149971308 1.09682524488445
5.02193012363482 -2.32538425893568
5.35087142168233 -2.19323189624728
4.9079618713353 -5.29361662137326
4.60484159051154 -5.28772278711748
5.06597584251218 -5.00216609104355
4.78027505368828 -4.98441646057124
4.1583756209093 -3.49631676945646
5.00073781046489 -2.58591489249292
4.99783390895645 4.93402415748782
3.30957184582938 -4.80769817003548
3.00216609104355 -4.93402415748782
4.93585173538026 -4.67776326034534
5.08967447161028 -4.36955146562086
4.91032552838972 0.36955146562086
4.62821431162439 0.387587863041248
4.30741856983442 -0.250340282205504
4.35580161337748 -3.70704361567294
4.09539205806822 -8.73180053546944
4.1383534579283 -0.579433695706599
-10.4571451098041 -7.29205555825545
-11.4990222959519 -1.21954010401053
-10.7855104115714 -1.8049852374756
-9.24430888530566 3.39271783762708
-9.30473354883243 4.09801021952333
-12.9266462250681 -5.17015810348181
-13.4542700863621 5.13122849390463
-12.1628451418176 1.14113199751509
-12.2879265289388 1.43795040176497
-9.21034244374149 -7.40199661436626
-9.35251944373438 -7.10361000735178
-10.1258293776108 -6.7456455463271
-9.5224157475565 -7.39817961955999
-13.1469477764589 5.54305891831819
-10.4458760831827 4.00669874957323
-11.083960091141 -7.67100789906632
-11.3815308120471 -7.83289414005976
-10.6089707369046 3.69956556831308
-11.4237977895138 -2.51224450533798
-12.0719067871236 -3.6942425821549
-9.08475288357552 -7.70131594208967
-10.8075732404713 3.5848334875102
-14.0101578480784 5.4356897660981
-13.7112527919849 5.58920715710022
-11.3626920047789 0.258527566722608
-11.2755799547557 -2.22411223362987
-11.7464582137001 -3.10347156336016
-11.9760431510063 -8.15451797486972
-12.27363706658 -8.31687576144855
-11.9891557680722 4.23605692068559
-12.3168757614486 0.273637066580005
-10.5193835039103 1.61664259138828
-14.0101578480784 -6.5643102339019
-10.7896744536063 -8.48684457576268
-10.6830481180565 1.32024681693771
-10.522524516958 1.02204147285302
-11.908862398655 -3.3989098473903
-13.2924051707802 -5.72244835337906
-11.977958527147 -8.47747548304195
-11.5231737805116 0.555053152010526
-11.0918194773233 5.03466425827478
-11.1995336419238 -0.0233344078381505
-11.0847845211785 -8.32235206919798
-11.3862767048817 5.1974484876162
-12.8749863762796 4.73042988820146
-11.9934298344105 -0.321445117027941
-11.6819391813036 5.36031874191807
-10.6683785431769 2.50881021516998
-10.7976142663108 4.87354356990755
-12.2839895267307 4.40121435685711
-9.89638999264823 -8.35251944373438
-9.71475389580697 2.49700485068991
-10.2075558906217 4.55806350703816
-12.5664171134639 -4.57912344060833
-10.1965034603594 -8.49843454311173
-12.5666759736076 -5.83490869963049
-12.4789345080108 0.571248045110802
-9.91134068201834 4.40441596364168
-12.8633166132067 -6.00356388103259
-12.3215447297236 0.854613741085175
-11.0045822699615 -0.306201668363599
-11.07047464963 -1.94005082530876
-10.988567355396 -1.72931964238344
-9.83428623741777 -6.7186965981686
-11.5823522434429 -4.72637502377177
-13.437950401765 5.71207347106123
-12.1553016171705 -8.56643806608993
-22.2046015475679 -7.79882120938253
-14.3599174252483 -8.43302788256507
-14.7000313397527 -7.75015781575834
-21.726002082976 1.88593409587787
-16.4330278825651 -7.64008257475174
-12 -15
-19.5063282932767 -5.96436317095829
-14.5182135592724 -6.77920833846532
-12.0596184549347 -14.3834198208155
-12.740972655284 -14.2233495509185
-12.3013930620031 -7.94494573421192
-13.2345208667801 -7.78241082923276
-15.8869156511656 2.10717921753389
-14.1372606275738 -7.79994782751551
-14.2770488926882 -13.5098223871654
-12.0465626378383 -14.119156924947
-20.3465908311808 1.97641919779088
-11.9217615738446 -12.9863199877691
-13.1016618346075 -11.0598515842365
-17.8188547638816 2.12465863292724
-19.0794622085418 2.05481021151532
-12.0161193580444 -11.7115825475649
-22.7485459056665 -8.16961982261114
-13.0651000937351 -11.6879063860358
-18.4489633072194 2.09034220429359
-12.4430188756392 -14.6264548753886
-17.1326297798196 -7.68742074131235
-15.1728719856818 -5.76638394297595
-17.0409216394237 -5.84185292120931
-14.2879592909726 -10.3884629834744
-12.209121690818 -9.79477824041602
-14.2791253256875 -11.0077270037624
-12.1306065974484 -11.6636869620903
-18.3161943923539 -6.9775697135611
-19.6268339990702 -7.72829977413542
-17.191180724384 2.16105761549803
-14.2672395870666 -12.2475202381421
-12.1842787484333 -10.4177724867586
-20.8730714811523 -7.73212672800564
-15.1694555666735 -6.79929371457308
-19.5584001662729 -7.09491036715539
-15.80198286667 -6.83267305349327
-14.5708152885851 -5.75219310408488
-12.9693200021303 -12.9449150835802
-13.1350086001265 -10.4315404851721
-18.9004408163979 -5.93077052454158
-12.1007891144409 -12.284490012576
-17.7665627847081 -7.70161267783566
-14.4344402292536 -7.22298785904363
-15.3948609830321 1.73660293483376
-20.7194987751303 -7.02663396545298
-13.3630139180145 -5.9259479549263
-13.9724223124809 -6.89412370353237
-12.8785713735085 -5.98481373092447
-13.9199815149473 -3.18436230520756
-14.5818733471987 -6.38119171405533
-11.3073176301235 -7.03427026554785
-14.2476596310334 -0.691221488440364
-13.8623155850939 -3.90232418620166
-14.2452893309002 -6.31065199170167
-14.1906204439618 -0.894999435580588
-14.5033115806628 -3.10564787938005
-14.6971025945301 0.964446978977769
-14.4683371544428 -5.99900123746221
-14.8941237035324 -6.02757768751907
-12.461501895274 -6.00205744850503
-14.4069701742258 -1.70304862343903
-13.9913713291377 -6.14010011254986
-12.0170499830407 -6.15200905541153
-14.3803219284206 0.691206147387184
-23.0028672921576 -1.7336287131166
-13.4357930813884 -15.0655873007652
-13.1021457017118 -15.3842632025204
-22.6524089669343 -4.29434315688384
-23.0169299083379 -2.75354075357636
-13.7490488972199 -11.7683744460342
-13.7693304188775 -9.99269017863979
-22.9241393088687 -4.75439774862227
-23.3861062072011 -7.33884878506913
-20.9870919086452 -5.19185182160366
-13.5324312567125 -14.9470593760239
-23.8760269443372 2.00944246367215
-0.87596917335008 7.56065672349684
-7.78530593072059 5.54402974099646
-1.48495880306943 -10.6942845438723
-7.16011594361923 -9.73915225150725
-7.64939619829559 -10.1115720830893
-7.77753044478406 -9.54270447965947
-4.93729288363684 7.86361122163284
-7.64939619829559 7.88842791691072
-5.55425372417212 -10.1386605333129
-3.70301632226663 7.864841465845
-7.58490137858462 7.29865294182435
-4.32010785451108 -10.1352752830418
-7.58554717979176 6.70112924835783
-1.84289435061269 7.85651293551012
-3.39555670154481 7.35051790667501
-6.16140967239645 -10.1382756891337
-2.46642881982001 -10.1382123333909
-2.16979195625258 -10.6531135049334
-2.78068358153578 -10.6497610791458
-3.08615463886257 -10.1360896934863
-0.377586447102341 7.89020687693646
-6.69785829132254 -10.1255133856734
-7.64899861075535 6.11128256150225
0.919241454541749 -10.5518018590719
0.643595721175745 -10.6388055000604
0.64738717742116 1.48817513344887
0.58881717275872 4.71376416987708
0.665099841439848 -5.45259056892552
0.711854058396002 -10.2939104323394
0.379042091225441 7.62522138310564
0.507350309882749 -9.98078870284802
0.460678856133537 -5.08791075642835
0.237577648956464 0.650020685931313
0.508283348442712 6.00592235343359
0.638920238915984 -3.74273270647278
0.5756586506116 -8.7054118046083
1.11117283506258 -0.450578396609649
-0.008772069540337 -10.4968185177553
1.3218113459363 4.29370595763596
-8.71474192490711 1.4469131358905
-8.27580540254134 0.612892432065503
-9.11879532209899 -3.49944508261641
-10.6719415803478 4.2566901057487
-8.27322471377967 -4.6566503117853
-9.39252363723078 -8.58909672632728
-10.8884279169107 5.35060380170441
-10.9717990560774 4.88332408874459
-8.49482141827423 1.07831906158813
-8.72040397341932 -5.48043125112002
