0 -0.99935328960418701 0.034991942346096039 0.0082834195345640182
1 -0.99917948246002197 -0.039423290640115738 -0.0092833051458001137
2 -1 -0.00020972311904188246 -2.0814411982428282e-05
3 -0.99999892711639404 -0.00010171739268116653 -0.0014781322097405791
4 -0.99917340278625488 -0.023273147642612457 0.033331617712974548
5 -0.99987047910690308 -0.0038556447252631187 -0.015627158805727959
6 -0.99898916482925415 0.013291185721755028 -0.042942222207784653
7 -0.99999982118606567 0.00035223853774368763 0.00046051538083702326
8 -0.99977517127990723 0.0015913387760519981 -0.021145431324839592
9 -0.99999988079071045 0.00021643532090820372 -0.00048725100350566208
10 -0.99944025278091431 -0.017216021195054054 -0.028686447069048882
11 -0.99960935115814209 0.015057637356221676 0.023546364158391953
12 -0.99937576055526733 -0.01030538696795702 0.033792514353990555
13 -0.99996739625930786 -0.0074084275402128696 0.0032254825346171856
14 -0.99994403123855591 0.0095765264704823494 -0.0044953837059438229
15 -0.99986791610717773 -0.013120927847921848 0.0095966048538684845
16 -0.99997907876968384 0.005188921932131052 -0.0038716304115951061
17 -0.99917638301849365 0.011999069713056087 -0.038763895630836487
18 -0.99911433458328247 0.024015955626964569 -0.034551508724689484
19 -0.99965548515319824 0.012946339324116707 -0.022832222282886505
20 -0.99971890449523926 -0.010155648924410343 0.021426502615213394
21 8.8299610069952905e-05 0.0057186726480722427 -0.99998366832733154
22 -0.99968612194061279 -0.025035873055458069 0.00091020285617560148
23 -0.99921643733978271 -0.012059325352311134 0.037697639316320419
24 -0.99985390901565552 0.011598957702517509 -0.012557540088891983
25 -0.99947565793991089 0.030934972688555717 0.0095660379156470299
26 -0.99987119436264038 0.0054356972686946392 -0.01510255504399538
27 -0.99999994039535522 0.00035703362664207816 0.00011871611786773428
28 -0.99947875738143921 -0.03075823187828064 -0.009808751754462719
29 -0.99927407503128052 0.011611410416662693 0.036283843219280243
30 -0.99979370832443237 -0.020016921684145927 -0.0034539410844445229
31 -0.99964803457260132 0.0074430364184081554 0.025464942678809166
32 -0.99925261735916138 -0.011335171759128571 -0.036956965923309326
33 -0.99969124794006348 -0.014395089820027351 -0.020251229405403137
34 -0.99998593330383301 -0.0010138314682990313 -0.0052100084722042084
35 -0.99956816434860229 0.01320120133459568 0.026252467185258865
36 -0.99994456768035889 0.0070728263817727566 -0.0078052468597888947
37 -0.99961525201797485 -0.020439544692635536 -0.018752912059426308
38 -0.99986362457275391 -0.0038573241326957941 -0.016057791188359261
39 -0.9996764063835144 0.017817547544836998 0.018155358731746674
40 -0.99986129999160767 -0.0038028487470000982 -0.016215464100241661
41 -0.99956434965133667 0.014664777554571629 0.025614792481064796
42 -0.99955761432647705 0.025629099458456039 0.015092392452061176
43 -0.9996790885925293 0.021009480580687523 0.014156297780573368
44 -0.99956154823303223 -0.025616200640797615 -0.014851146377623081
45 -0.99948632717132568 0.021287672221660614 -0.023958301171660423
46 -0.9996572732925415 -0.014483002945780754 -0.021809004247188568
47 -0.99970412254333496 -0.0091525763273239136 0.02253749780356884
48 -0.99996548891067505 0.002412345027551055 0.0079518435522913933
49 0.00010307641059625894 3.0231635719246697e-06 -1
50 -0.99957925081253052 -0.028359746560454369 -0.0060959979891777039
51 -0.99986398220062256 -0.0029091008473187685 -0.01623409241437912
52 -0.99968761205673218 0.024436607956886292 -0.0052517787553369999
53 -0.99957370758056641 0.026983274146914482 0.011152102611958981
54 -0.99954068660736084 -0.017737817019224167 0.024572756141424179
55 -0.99999487400054932 -0.00073299941141158342 0.0031139259226620197
56 -0.99950957298278809 -0.02084646001458168 0.023367550224065781
57 -0.99953871965408325 -0.027733655646443367 0.012380166910588741
58 -0.99996846914291382 -0.0077220937237143517 0.0018615187145769596
59 -0.99955457448959351 0.027168065309524536 -0.012353407219052315
60 -0.99952375888824463 0.020563550293445587 -0.023010246455669403
61 -0.99955898523330688 0.021992217749357224 -0.019956311210989952
62 -0.99963289499282837 -0.024359291419386864 -0.011866504326462746
63 -0.99993008375167847 0.0048665646463632584 0.010781435295939445
64 -0.99960827827453613 -0.0084494221955537796 0.026681596413254738
65 -0.99983698129653931 0.0048217209987342358 0.017401820048689842
66 -0.99962949752807617 -0.022691421210765839 -0.015035123564302921
67 -0.99956440925598145 0.023757528513669968 -0.017509907484054565
68 -0.99951797723770142 -0.020647404715418816 0.023186054080724716
69 -0.99920463562011719 0.0043999059125781059 -0.039633281528949738
70 -0.99943041801452637 0.015167359262704849 0.030147487297654152
71 -0.999553382396698 -0.014926952309906483 0.025890467688441277
72 -0.99961757659912109 0.027546204626560211 0.0024477047845721245
73 -0.99958533048629761 0.011893883347511292 -0.026225248351693153
74 -0.99958670139312744 0.027259064838290215 0.0091300448402762413
75 -0.99958372116088867 0.015748374164104462 0.024173961952328682
76 -0.99950546026229858 0.023601830005645752 0.020778724923729897
77 -0.99956434965133667 0.028000375255942345 -0.0093325460329651833
78 -0.99958831071853638 -0.011698008514940739 0.026198951527476311
79 -0.99955207109451294 -0.02849452942609787 0.0091547043994069099
80 -0.99948471784591675 -0.014152032323181629 -0.028811121359467506
81 -0.99955844879150391 -0.023895788937807083 0.017660340294241905
82 -0.99955451488494873 -0.022071069106459618 0.020093988627195358
83 -0.99958246946334839 0.011928852647542953 -0.026318181306123734
84 -0.9995650053024292 -0.01821497268974781 -0.023197447881102562
85 -0.99937373399734497 0.010842453688383102 -0.033684186637401581
86 -0.99954992532730103 0.015067550353705883 -0.025941021740436554
87 -0.99957126379013062 0.015988865867257118 0.024529203772544861
88 -0.99955296516418457 0.012210720218718052 -0.027291545644402504
89 -0.99949419498443604 0.014501522295176983 0.028303705155849457
90 -0.99954736232757568 0.025980425998568535 -0.015171189792454243
91 -0.99958598613739014 0.021338600665330887 0.0193006731569767
92 -0.99956214427947998 0.02464977465569973 0.016368258744478226
93 -0.99959355592727661 -0.014781778678297997 0.024377854540944099
94 -0.99951452016830444 -0.012611350975930691 -0.028490066528320312
95 -0.99955791234970093 -0.022038528695702553 -0.019957810640335083
96 -0.99957740306854248 -0.011431057937443256 -0.026728648692369461
97 -0.99950963258743286 -0.023323656991124153 0.020892120897769928
98 -0.99956375360488892 0.025419417768716812 -0.015037337318062782
99 -0.99961751699447632 -0.01395285502076149 0.023878432810306549
100 -0.99956506490707397 0.017272086814045906 -0.023904250934720039
101 -0.99954068660736084 -0.02455124631524086 0.01776670478284359
102 -0.99954789876937866 -0.027526417747139931 0.012098761275410652
103 -0.99958467483520508 0.01726062037050724 0.023077568039298058
104 -0.99954217672348022 -0.017744299024343491 0.024506600573658943
105 -0.99957180023193359 -0.017950687557458878 -0.023108970373868942
106 -0.9995238184928894 -0.0093851480633020401 0.029394548386335373
107 -0.99966621398925781 0.015037941746413708 -0.021007483825087547
108 -0.99953186511993408 0.012876691296696663 0.02775251492857933
109 -0.99950629472732544 -0.031253080815076828 0.0032442652154713869
110 -0.99956923723220825 0.017300359904766083 -0.023707674816250801
111 -0.99956333637237549 -0.024441173300147057 -0.016607027500867844
112 -0.99954825639724731 0.017717281356453896 -0.024279197677969933
113 -0.99956786632537842 0.020696716383099556 0.020875101909041405
114 -0.9994315505027771 -0.033514667302370071 -0.0036618169397115707
115 -0.99951040744781494 -0.027181632816791534 0.01549752801656723
116 -0.99946171045303345 0.010232538916170597 0.03117096982896328
117 -0.99954229593276978 -0.017955256626009941 0.024346610531210899
118 -0.99958193302154541 -0.014460407197475433 0.025036854669451714
119 -0.99954879283905029 -0.020094480365514755 0.022326342761516571
120 -0.99953526258468628 0.015074776485562325 -0.026496348902583122
121 -0.99951750040054321 -0.018233712762594223 -0.025145111605525017
122 -0.99956709146499634 -0.022503402084112167 -0.018955245614051819
123 -0.99956792593002319 -0.02041146531701088 -0.021151496097445488
124 -0.99959796667098999 0.026946809142827988 -0.0088227037340402603
125 -0.99947410821914673 -0.013385020196437836 0.029535837471485138
126 -0.99957817792892456 0.018245430663228035 0.022596148774027824
127 -0.99956536293029785 -0.01309007965028286 -0.026416247710585594
128 -0.99954187870025635 -0.026238599792122841 0.015085676684975624
129 -0.99955350160598755 0.018769674003124237 0.02325170487165451
130 -0.99958425760269165 -0.016933580860495567 0.02333533950150013
131 -0.9995453953742981 -0.016226232051849365 -0.025411533191800117
132 -0.99953877925872803 -0.014908504672348499 -0.026456743478775024
133 -0.9995877742767334 0.0091600222513079643 -0.027210230007767677
134 -0.99956852197647095 -0.018188962712883949 -0.023067092522978783
135 -0.99951320886611938 0.015486614778637886 -0.027084669098258018
136 -0.9996563196182251 -0.0075519951060414314 -0.025104101747274399
137 -0.99954211711883545 0.015152343548834324 0.026190260425209999
138 -0.99985480308532715 -0.0061344201676547527 -0.015900455415248871
139 -0.99954074621200562 -0.015105454251170158 0.026271462440490723
140 -0.99954372644424438 -0.022408021613955498 0.02025718055665493
141 -0.99952179193496704 0.024969203397631645 0.018240900710225105
142 -0.9995572566986084 0.022039376199245453 -0.01999158039689064
143 -0.99956685304641724 -0.019620437175035477 0.021936217322945595
144 -0.99955224990844727 0.019993562251329422 -0.022262020036578178
145 -0.99956756830215454 -0.021796684712171555 0.019739588722586632
146 -0.99957042932510376 0.018437957391142845 0.022784607484936714
147 -0.99956250190734863 -0.022652721032500267 -0.019017914310097694
148 -0.9995611310005188 -0.013193028047680855 -0.026525914669036865
149 -0.99906861782073975 -0.0052098245359957218 0.042834192514419556
150 -0.99964016675949097 0.013569844886660576 -0.023139461874961853
151 -0.9995613694190979 -0.023790938779711723 0.017639797180891037
152 -0.99954032897949219 -0.020308181643486023 0.02251020073890686
153 -0.99960380792617798 0.015437029302120209 0.023536672815680504
154 -0.99951744079589844 -0.029568715021014214 0.0095198443159461021
155 -0.99956917762756348 0.02067798376083374 0.020833376795053482
156 -0.99956333637237549 0.021809158846735954 -0.019939368590712547
157 -0.9996415376663208 0.014733130112290382 0.022354511544108391
158 -0.99954205751419067 -0.019966296851634979 -0.022737869992852211
159 -0.99954497814178467 0.022328022867441177 -0.020280634984374046
160 -0.9996112585067749 -0.014735034666955471 -0.023667179048061371
161 -0.99954211711883545 0.024398518726229668 -0.017895840108394623
162 -0.9995691180229187 -0.018089104443788528 -0.023118807002902031
163 -0.99954462051391602 -0.024331776425242424 0.017850056290626526
164 4.9537680752109736e-05 -1.4995788433225243e-06 -1
165 -0.99956643581390381 -0.015674518421292305 -0.024927321821451187
166 -0.99957329034805298 -0.015659715980291367 -0.024660633876919746
167 -0.99946284294128418 0.014808065257966518 0.029235836118459702
168 -0.9995836615562439 -0.016960212960839272 0.023343361914157867
169 -0.99956011772155762 -0.026922900229692459 0.012440599501132965
170 -0.99956351518630981 -0.025989405810832977 -0.014051064848899841
171 -0.99940872192382812 0.033613976091146469 0.0072354148142039776
172 -0.99955987930297852 0.025500323623418808 -0.015157910995185375
173 -0.99955171346664429 0.024102365598082542 -0.017761379480361938
174 -0.99955803155899048 0.028121808543801308 -0.0096440482884645462
175 -0.99957090616226196 0.018398825079202652 0.022793417796492577
176 -0.99949824810028076 0.028884036466479301 -0.012999125756323338
177 -0.9995577335357666 -0.027077045291662216 -0.012298678047955036
178 -0.99949640035629272 0.021254660561680794 0.023563235998153687
179 -0.99956303834915161 0.020805366337299347 0.020997261628508568
180 -0.99956083297729492 -0.028404535725712776 -0.0084490664303302765
181 -0.9995650053024292 -0.028883818536996841 0.0059662489220499992
182 -0.99956202507019043 0.025502214208245277 -0.015014168806374073
183 -0.99958527088165283 -0.014523203484714031 0.024866431951522827
184 -0.9995608925819397 0.027493199333548546 0.011057085357606411
185 -0.99955981969833374 -0.025593433529138565 0.015006769448518753
186 -0.99955189228057861 -0.02410699799656868 0.017748588696122169
187 -0.99956876039505005 -0.012175867334008217 0.02672245167195797
188 -0.99949783086776733 0.021098235622048378 -0.023642228916287422
189 -0.99985808134078979 0.0065286895260214806 0.015533627942204475
190 -0.99961012601852417 -0.0097866971045732498 -0.026150142773985863
191 -0.99956303834915161 0.026862330734729767 -0.012337113730609417
192 -0.99956357479095459 0.022825015708804131 0.018755633383989334
193 -0.99955743551254272 -0.028151223435997963 0.0096192583441734314
194 -0.99955058097839355 0.022229587659239769 -0.02011214941740036
195 -0.99956506490707397 0.022791901603341103 0.018716232851147652
196 -0.99949127435684204 0.031181616708636284 -0.0067033339291810989
197 -0.99956518411636353 0.019633254036307335 -0.022000448778271675
198 -1.4933757483959198e-06 -0.021163875237107277 -0.99977600574493408
199 -0.99956023693084717 -0.026937961578369141 0.012397966347634792
200 -0.99956023693084717 -0.029552344232797623 -0.0024530438240617514
201 -0.99956232309341431 0.026852553710341454 -0.012414430268108845
202 -0.99956220388412476 -0.020426740869879723 -0.021404821425676346
203 -0.99960833787918091 -0.015031140297651291 -0.02360529825091362
204 -0.9995652437210083 -0.024358704686164856 -0.016613621264696121
205 -0.99955970048904419 0.029194783419370651 0.005301731638610363
206 -0.99956154823303223 0.025510160252451897 -0.015033368021249771
207 -0.99956047534942627 0.02803361788392067 -0.0096447495743632317
208 -0.99956619739532471 -0.022487256675958633 -0.019020743668079376
209 -0.99956423044204712 0.019577542319893837 -0.022094279527664185
210 -0.99957823753356934 0.017073158174753189 -0.023492187261581421
211 -0.99955803155899048 0.029637472704052925 0.002314689802005887
212 -0.99956780672073364 0.013489986769855022 0.026120217517018318
213 -0.99956250190734863 -0.025483578443527222 0.015013162977993488
214 -2.6222201995551586e-05 -0.021659458056092262 -0.99976539611816406
215 -0.99956339597702026 0.027962625026702881 -0.0095476061105728149
216 -0.9995618462562561 0.028835359960794449 -0.0066869151778519154
217 -0.99955195188522339 0.018757404759526253 0.023326285183429718
218 -0.99957156181335449 0.020609896630048752 0.020783970132470131
219 -0.99956154823303223 -0.026935024186968803 0.012300637550652027
220 -0.99956238269805908 0.026176756247878075 0.013780657202005386
221 -0.9995499849319458 -0.024258151650428772 0.01764797605574131
222 -0.99962508678436279 -0.0072227348573505878 -0.026411049067974091
223 -0.99962908029556274 0.014890844002366066 0.022803204134106636
224 -0.99960261583328247 0.011640924029052258 -0.025674540549516678
225 -0.99958401918411255 0.014517988078296185 -0.024921024218201637
226 -0.9995606541633606 0.029403060674667358 -0.0037417316343635321
227 -0.99956303834915161 -0.022509461268782616 -0.019160520285367966
228 -0.99956220388412476 -0.021857539191842079 0.019943058490753174
229 -0.999561607837677 0.026206152513623238 0.013780205510556698
230 -0.99955707788467407 0.023961223661899567 -0.017650952562689781
231 -0.99948579072952271 0.018793672323226929 -0.025981295853853226
232 -0.99956029653549194 -0.0294375941157341 0.0035582645796239376
233 -0.99956214427947998 -0.028862800449132919 0.0065186559222638607
234 -0.99956238269805908 0.027436956763267517 0.011061478406190872
235 -0.99956244230270386 0.024652333930134773 0.016347959637641907
236 -0.99956953525543213 -0.020405907183885574 -0.021081395447254181
237 -0.99956053495407104 -0.029152693226933479 -0.0053824423812329769
238 -0.99956750869750977 -0.020355263724923134 -0.02122553251683712
239 -0.9995124340057373 -0.019000578671693802 -0.024775763973593712
240 -0.99956250190734863 0.021880164742469788 -0.019901830703020096
241 -0.99944519996643066 -0.01456537377089262 -0.029953598976135254
242 -0.99955981969833374 0.028896879404783249 -0.0067230556160211563
243 -0.99966007471084595 0.012098784558475018 0.023093599826097488
244 -0.99956244230270386 -0.026000445708632469 -0.014105457812547684
245 -0.99956560134887695 -0.025356071069836617 0.015022990293800831
246 -4.8336456529796124e-05 -0.023043034598231316 -0.99973452091217041
247 -0.99955779314041138 0.025636760517954826 -0.015067145228385925
248 -0.99956023693084717 -0.028889259323477745 0.0066891713067889214
249 -0.99956375360488892 0.02613009512424469 0.013769452460110188
250 -0.99965828657150269 0.014627750962972641 0.021663835272192955
251 -0.9995618462562561 -0.028060480952262878 0.0094247609376907349
252 -0.99956351518630981 -0.027986172586679459 0.0094675719738006592
253 -0.99956321716308594 -0.028297150507569313 -0.0085227061063051224
254 -0.99955964088439941 -0.029567476361989975 -0.0025260213296860456
255 -0.99957174062728882 0.027716487646102905 -0.0093933604657649994
256 -0.99956440925598145 -0.021789377555251122 0.01990797184407711
257 -0.99956214427947998 -0.027352003380656242 -0.011286584660410881
258 -0.99956703186035156 0.022735802456736565 0.018679291009902954
259 -0.99954807758331299 -0.022357607260346413 0.020096343010663986
260 -0.99955105781555176 -0.025900708511471748 0.015064328908920288
261 -0.99956017732620239 0.029564874246716499 0.0023352608550339937
262 -0.99956566095352173 0.024554338306188583 0.016299063339829445
263 -0.99956399202346802 0.022798622027039528 0.018764292821288109
264 -0.99956274032592773 -0.028828669339418411 0.0065829092636704445
265 -0.99956357479095459 0.0274020005017519 0.011037120595574379
266 -0.99966031312942505 0.017210390418767929 0.019574576988816261
267 -1 -0.00019225981668569148 -1.6712980141164735e-05
268 -0.99956285953521729 -0.02730754017829895 -0.011332904919981956
269 -0.99956035614013672 -0.029428474605083466 0.0036265717353671789
270 -0.99956291913986206 0.023763282224535942 -0.017587626352906227
271 -0.99955868721008301 -0.029190670698881149 -0.0055181845091283321
272 -0.99956017732620239 -0.027377372607588768 -0.011400705203413963
273 -0.99952948093414307 -0.021374946460127831 -0.021998032927513123
274 -0.99955916404724121 -0.027037160471081734 0.012268282473087311
275 -0.99956130981445312 -0.028011815622448921 0.009623989462852478
276 -0.99956375360488892 0.028775151818990707 -0.0066525591537356377
277 -0.99956446886062622 0.026808314025402069 -0.012336120940744877
278 -0.99950677156448364 0.029199594631791115 0.011558220721781254
279 -2.9787190669594565e-06 -0.020353678613901138 -0.99979287385940552
280 -0.99956405162811279 -0.0196860171854496 0.022003794088959694
281 -0.99956148862838745 0.029378511011600494 -0.0037149132695049047
282 -0.99956232309341431 -0.029051503166556358 -0.005586341954767704
283 -0.99956297874450684 -0.024380527436733246 -0.016717046499252319
284 -0.99955826997756958 0.029251201078295708 0.0052634887397289276
285 -0.99956035614013672 -0.026040419936180115 -0.014181756414473057
286 -0.99956399202346802 0.028363961726427078 0.0082089342176914215
287 -0.99956953525543213 -0.029227014631032944 -0.0025783323217183352
288 -1 -0.00014051650941837579 -1.29580284919939e-05
289 -0.99956333637237549 -0.026021303609013557 -0.014002503827214241
290 -0.99955940246582031 0.028518974781036377 0.00823209248483181
291 -0.99956429004669189 0.024589329957962036 0.01632852666079998
292 -0.99999994039535522 0.00031615232001058757 -2.7482848963700235e-05
293 -0.99999606609344482 0.0010902726789936423 -0.0025946097448468208
294 -1 -0.00024192171986214817 -2.3227503334055655e-05
295 -0.99944049119949341 0.033411227166652679 -0.0015573939308524132
296 -0.99955493211746216 0.029749903827905655 0.0022409241646528244
297 -0.99956166744232178 -0.029102006927132607 -0.0054403208196163177
298 -0.99955654144287109 0.028613468632102013 0.0082457708194851875
299 -0.99955517053604126 0.029396412894129753 0.0050427648238837719
300 -0.99956130981445312 0.026928232982754707 -0.012333648279309273
301 -0.99951297044754028 -0.025863137096166611 -0.017461623996496201
302 -0.99956035614013672 0.028493454679846764 0.0082015777006745338
303 -1 0.00029089322197251022 -2.567911178630311e-05
304 -0.99957740306854248 -0.025646891444921494 -0.013686953112483025
305 -0.9995344877243042 -0.029946383088827133 -0.0058342744596302509
306 -0.99956434965133667 -0.019671158865094185 0.022005153819918633
307 -0.99953371286392212 -0.01513347402215004 0.026521138846874237
308 -0.99955934286117554 0.02754061296582222 0.011074734851717949
309 -0.99956262111663818 -0.027366148307919502 -0.011214196681976318
310 -0.99956327676773071 0.020777221769094467 0.021013112738728523
311 -0.99957764148712158 -0.026995372027158737 -0.010760276578366756
312 -0.99956148862838745 -0.028400933369994164 -0.0083870841190218925
313 -0.9995684027671814 -0.02928946353495121 -0.0022838993463665247
314 -0.99956339597702026 0.027969913557171822 -0.0095264194533228874
315 -0.99956434965133667 0.029036998748779297 0.0052895653061568737
316 -0.99953866004943848 -0.029156805947422981 -0.0085023399442434311
317 -1 -0.0002833819598890841 -2.3934735509101301e-05
318 -0.99955844879150391 0.02396087534725666 -0.017573187127709389
319 -0.99999994039535522 0.00033446142333559692 -2.8240685423952527e-05
320 -0.99957293272018433 0.029132101684808731 0.002306247828528285
321 -0.99957472085952759 -0.017148900777101517 0.023585876449942589
322 -1 -0.00017662765458226204 -1.3327468877832871e-05
323 -0.99956125020980835 -0.025471415370702744 0.015119588933885098
324 -0.99956393241882324 -0.029419254511594772 -0.0025544420350342989
325 -0.99956947565078735 -0.018198611214756966 -0.023015609011054039
326 -0.99949502944946289 0.024537904188036919 0.02018929086625576
327 -0.99956029653549194 0.026882056146860123 -0.012512713670730591
328 -0.99955451488494873 0.02387361042201519 -0.017911927774548531
329 -0.99956381320953369 0.023688718676567078 -0.017636073753237724
330 -0.99955093860626221 0.026519959792494774 0.013954552821815014
331 1.5781670299475081e-05 -0.019949864596128464 -0.99980098009109497
332 -0.999561607837677 -0.029372841119766235 0.003716734703630209
333 -1 0.00029161790735088289 -2.5285293304477818e-05
334 -0.99956119060516357 -0.022516768425703049 -0.019248854368925095
335 -0.9995916485786438 0.016815377399325371 -0.023103628307580948
336 -1 0.00029509223531931639 -2.6058643925352953e-05
337 -1 -0.00028937059687450528 -2.3479851734009571e-05
338 -0.99956178665161133 -0.027309106662869453 -0.011425580829381943
339 -0.99956142902374268 -0.029519079253077507 -0.0023825112730264664
340 -0.99956011772155762 0.029178397729992867 0.0053168181329965591
341 -0.99962848424911499 -0.020198214799165726 0.018302014097571373
342 -0.99957674741744995 0.022457655519247055 0.018492091447114944
343 -0.99956244230270386 0.019749458879232407 -0.022020304575562477
344 -0.99956327676773071 0.027390547096729279 0.011090949177742004
345 -0.99956262111663818 0.026150515303015709 0.013813883066177368
346 -0.99956041574478149 0.029559483751654625 0.0022879501339048147
347 -0.99961978197097778 0.02038506418466568 -0.018569484353065491
348 -0.9995611310005188 0.029385529458522797 -0.0037504304200410843
349 -0.99953281879425049 -0.024584049358963966 -0.018159450963139534
350 -0.99956285953521729 -0.024352392181754112 -0.016769172623753548
351 -1 -0.00028474151622503996 -2.2752168661099859e-05
352 -0.99999994039535522 0.00030294223688542843 -2.6334508220315911e-05
353 -0.99999994039535522 0.00036290736170485616 -3.1468534871237352e-05
354 -0.99999934434890747 0.00020615983521565795 -0.001109803095459938
355 -0.99956482648849487 -0.023690953850746155 0.017578165978193283
356 -0.99956029653549194 0.028468320146203041 0.0082934796810150146
357 -0.99956393241882324 0.02458011731505394 0.016364999115467072
358 -0.9995650053024292 -0.028968065977096558 -0.0055366256274282932
359 -0.99956566095352173 -0.028226027265191078 -0.0084752496331930161
360 -0.99994915723800659 -0.0011850580340251327 0.010017004795372486
361 -0.00018947706848848611 -0.025095719844102859 -0.99968504905700684
362 -0.99959111213684082 0.011465072631835938 -0.026195844635367393
363 -1.5850469935685396e-05 -0.0228387750685215 -0.99973917007446289
364 -0.9995657205581665 0.028992889449000359 0.0052801771089434624
365 -0.99956661462783813 0.029347533360123634 0.0023039039224386215
366 -0.99956423044204712 0.028358727693557739 0.0081965848803520203
367 -0.99999916553497314 0.0003987962263636291 0.00120944669470191
368 -0.99956119060516357 -0.028351927176117897 -0.0085780248045921326
369 -0.99952536821365356 -0.027954006567597389 0.012947209179401398
370 -0.99999606609344482 -0.00051098258700221777 0.0027673470322042704
371 -0.99993926286697388 -0.0040098046883940697 0.01026924978941679
372 8.5406296420842409e-05 -0.024945158511400223 -0.99968880414962769
373 -0.99956357479095459 0.028763614594936371 -0.0067357891239225864
374 -0.99956804513931274 -0.025793591514229774 -0.014089440926909447
375 -0.99956774711608887 -0.029194468632340431 0.0034634573385119438
376 -0.99959397315979004 0.027792442589998245 -0.0062804133631289005
377 -0.99953007698059082 -0.029849983751773834 0.0069703366607427597
378 -0.99956297874450684 0.029063943773508072 0.0053978823125362396
379 -0.99953281879425049 0.030301148071885109 -0.0040046926587820053
380 -0.99958616495132446 -0.028526052832603455 0.0037206267006695271
381 -0.99956923723220825 -0.028643952682614326 0.0063959956169128418
382 -0.99953222274780273 0.019126756116747856 0.023864917457103729
383 -0.99962097406387329 0.027346624061465263 -0.0031739929690957069
384 -0.99975603818893433 -0.0051014279015362263 -0.021490387618541718
385 -0.99956530332565308 0.025313198566436768 -0.015116083435714245
386 -0.99999994039535522 0.00027984371990896761 -0.00022481584164779633
387 -0.99999946355819702 -0.00036673320573754609 0.0010092402808368206
388 -0.99956774711608887 0.029168380424380302 -0.0036876627709716558
389 -0.99959880113601685 -0.024338386952877045 0.014486164785921574
390 -0.99956369400024414 -0.020254530012607574 -0.021498106420040131
391 4.4101907406002283e-05 -0.019600946456193924 -0.99980789422988892
392 -0.99953120946884155 0.026663154363632202 0.015050799585878849
393 -0.99999970197677612 0.0003986341180279851 0.00066004309337586164
394 -0.99963784217834473 0.010060697793960571 0.024961113929748535
395 6.9614790845662355e-05 -0.019241880625486374 -0.99981486797332764
396 -0.99954134225845337 0.028597617521882057 -0.0099652055650949478
397 -0.9996224045753479 -0.022514732554554939 -0.015752844512462616
398 -0.99956876039505005 0.028613561764359474 -0.0066006314009428024
399 -0.99954319000244141 -0.027809655293822289 -0.011831935495138168
400 -0.9996454119682312 -0.018826352432370186 -0.018832044675946236
401 -0.9995686411857605 -0.027878057211637497 0.0092414189130067825
402 -0.99999910593032837 0.00046044070040807128 0.0012723023537546396
403 -0.99960058927536011 0.024968480691313744 0.013239730149507523
404 -0.99999994039535522 0.00035057624336332083 -2.9865799660910852e-05
405 -0.99962711334228516 0.0081939715892076492 -0.02604912593960762
406 -0.99960201978683472 -0.028054164722561836 0.0029696212150156498
407 -0.99955028295516968 -0.012937439605593681 -0.027053533121943474
408 -0.99957698583602905 -0.028890345245599747 0.0033483086153864861
409 -0.99971729516983032 -0.0077901771292090416 0.022465093061327934
410 -0.99949252605438232 -0.013068770989775658 0.029050257056951523
411 -0.99999547004699707 0.00057959085097536445 -0.0029599471017718315
412 -0.99965250492095947 -0.011756849475204945 -0.023595709353685379
413 -0.9997594952583313 0.0057202880270779133 0.021171396598219872
414 -0.9999198317527771 0.0026473563630133867 -0.012389399111270905
415 -0.99967104196548462 0.020364055410027504 0.015592755749821663
416 -1 0.00029415130848065019 -2.3082966436049901e-05
417 -0.99999994039535522 0.0003666567790787667 -3.5285174817545339e-05
418 -0.99990648031234741 -0.003039815928786993 0.01333677489310503
419 -0.99991816282272339 0.0043696821667253971 -0.012029513716697693
420 -0.9999237060546875 -0.0031042520422488451 0.011959805153310299
421 -0.99958181381225586 -0.028262842446565628 0.0061157695017755032
422 -0.99958038330078125 0.028740502893924713 -0.0036112451925873756
423 -0.99990713596343994 -0.0069366493262350559 0.011731026694178581
424 -0.9996141791343689 -0.0031790174543857574 0.027593199163675308
425 -1 -0.00027901993598788977 -2.1614469005726278e-05
426 -0.99976027011871338 0.011154050938785076 -0.018843119964003563
427 -0.99961525201797485 -0.018206598237156868 -0.020926637575030327
428 0.000185491080628708 -0.016144514083862305 -0.99986964464187622
429 -0.99959367513656616 -0.011871181428432465 0.025914303958415985
430 -0.99961173534393311 -0.019159086048603058 0.020232146605849266
431 -0.99989378452301025 -0.0053730490617454052 -0.013552605174481869
432 -0.99948233366012573 -0.029367834329605103 0.013139339163899422
433 0.00017004850087687373 -0.016195556148886681 -0.99986886978149414
434 -0.99999457597732544 0.0012646546820178628 -0.0030457484535872936
435 -0.99947249889373779 -0.031812533736228943 0.0065372269600629807
436 -0.99996936321258545 -0.0008527287864126265 0.0077824387699365616
437 -0.99948829412460327 -0.027652127668261528 -0.016079913824796677
438 -0.99988293647766113 0.0011255368590354919 -0.015263589099049568
439 -0.99989348649978638 -0.0033721234649419785 0.014202099293470383
440 -0.99941134452819824 -0.032596763223409653 -0.010694149881601334
441 -0.99994891881942749 0.0039905025623738766 0.0092938952147960663
442 -0.99955695867538452 0.012236220762133598 -0.027133811265230179
443 -0.99991536140441895 -0.0031745887827128172 0.012621219269931316
444 -0.99967718124389648 -0.0025381485465914011 0.025281086564064026
445 -0.99959641695022583 -0.028277162462472916 -0.0027264321688562632
446 -0.99997228384017944 0.0009290473535656929 0.0073875719681382179
447 -0.99939990043640137 -0.013881267979741096 0.031736955046653748
448 -0.99996477365493774 0.0011304756626486778 0.0083195818588137627
449 -0.99992126226425171 0.0050695599056780338 0.011481737717986107
450 -0.99999994039535522 0.00031804703758098185 -2.5282832211814821e-05
451 -0.99960201978683472 0.023593323305249214 0.015466169454157352
452 -0.99956518411636353 0.0034335984382778406 0.029285959899425507
453 -0.99960702657699585 0.019932925701141357 0.019710607826709747
454 -0.99952012300491333 -0.0029836853500455618 -0.030832331627607346
455 -0.99999994039535522 0.0003630393766798079 -2.7532463718671352e-05
456 -0.99999064207077026 0.00095342972781509161 -0.0042285271920263767
457 -1 0.00028370000654831529 -2.0755896912305616e-05
458 -1 -0.00015737881767563522 -1.212985171150649e-05
459 -0.99987328052520752 0.0033370424062013626 0.015566232614219189
460 -0.99999994039535522 0.0003134923754259944 -2.4684057279955596e-05
461 -0.99991881847381592 0.0050604264251887798 0.01169962901622057
462 -0.99998027086257935 -0.0014373837038874626 0.0061144456267356873
463 -0.99970614910125732 0.023504538461565971 -0.0059380689635872841
464 -0.99963796138763428 0.010893989354372025 -0.024603428319096565
465 -0.99994605779647827 -0.0019421258475631475 -0.010207071900367737
466 -0.99984908103942871 0.0013376277638599277 -0.017323611304163933
467 -0.99999970197677612 0.00026285758940503001 -0.00072408199775964022
468 -0.99949723482131958 0.028793491423130035 -0.013276075012981892
469 -0.99999219179153442 -0.00044231509673409164 0.0039371312595903873
470 -1 -0.00017720919277053326 -1.2842897376685869e-05
471 -0.99973428249359131 0.0021127816289663315 0.022956257686018944
472 -0.99986732006072998 0.0061440248973667622 -0.015087040141224861
473 -0.99943655729293823 -0.019775999709963799 0.027121104300022125
474 -0.9994882345199585 0.0031426048371940851 -0.031835108995437622
475 -0.99975132942199707 -0.0014753410359844565 -0.022252054885029793
476 -1 -0.00028034066781401634 -2.0317853341111913e-05
477 -0.99992454051971436 0.0029119325336068869 -0.011937427334487438
478 -0.99997013807296753 -0.003280645003542304 0.0070004891604185104
479 -0.99996775388717651 0.0018400688422843814 -0.0078170159831643105
480 -0.99965983629226685 -0.0065271239727735519 0.025250658392906189
481 -0.99997806549072266 -0.0014612148515880108 -0.0064655719324946404
482 -1 -0.00021127067157067358 -1.4600588656321634e-05
483 -1 -0.00023044571571517736 -1.7835191101767123e-05
484 -0.99929624795913696 0.019198743626475334 -0.032225728034973145
485 -0.9993932843208313 0.014335050247609615 0.031742498278617859
486 -0.99943667650222778 -0.016502000391483307 -0.029225589707493782
487 -0.99950844049453735 0.023236773908138275 -0.021048378199338913
488 -0.99960559606552124 -0.023012364283204079 0.016095425933599472
489 -0.9994586706161499 0.019358368590474129 0.026602441444993019
490 -0.99976229667663574 0.0047738058492541313 -0.021275978535413742
491 -0.99999982118606567 0.00018109174561686814 -0.00064663955708965659
492 -0.99930930137634277 0.032122060656547546 -0.018685562536120415
493 -0.00028497262974269688 0.0066595203243196011 -0.99997782707214355
494 -0.99940156936645508 0.034396294504404068 -0.0036643999628722668
495 -0.99938309192657471 0.034925486892461777 0.003692415077239275
496 -0.99953007698059082 -0.023514745756983757 -0.019663002341985703
497 -0.9999849796295166 0.00022349212667904794 -0.005479899700731039
498 -0.99999982118606567 -0.00043028523214161396 0.00046727521112188697
499 -0.99943715333938599 0.03059932217001915 0.013754652813076973
500 -0.999988853931427 0.00071461487095803022 0.0046674325130879879
501 -0.99999570846557617 -0.00064818857936188579 0.0028658765368163586
502 -0.99973940849304199 0.0061680604703724384 0.021980272606015205
503 -0.9999995231628418 2.193293948948849e-05 -0.0010191164910793304
504 -0.99985027313232422 0.0037857792340219021 -0.016888469457626343
505 -0.99939590692520142 -0.032830562442541122 0.011403699405491352
506 -0.99962282180786133 -0.021785441786050797 -0.016723234206438065
507 -0.99973118305206299 -0.0054969042539596558 0.022525139153003693
508 -0.99955195188522339 0.0084311654791235924 0.028720492497086525
509 -0.99988889694213867 -0.0013733669184148312 0.014845126308500767
510 -0.9996148943901062 0.024935748428106308 0.012180738151073456
511 -0.99988359212875366 -0.0036885356530547142 0.014808576554059982
512 -0.99978291988372803 -0.0049397586844861507 0.020242473110556602
513 -0.99999964237213135 0.0004834128194488585 0.00073868525214493275
514 -0.99997270107269287 -0.00030066986801102757 -0.0073821321129798889
515 -0.99963831901550293 -0.0069000693038105965 -0.025993296876549721
516 -0.99980443716049194 0.0077286818996071815 0.018202150240540504
517 -0.99982708692550659 -0.0067847156897187233 -0.017315652221441269
518 -0.99981987476348877 0.004530307836830616 -0.018432820215821266
519 -0.99982661008834839 0.0045859911479055882 0.018048286437988281
520 -0.99980443716049194 -0.0044083753600716591 -0.019279036670923233
521 -1 -0.00015973433619365096 -1.1175378858752083e-05
522 -0.99987685680389404 -0.0058174300938844681 -0.01457996666431427
523 -0.99997293949127197 0.0014482822734862566 -0.007214768324047327
524 -0.9998859167098999 -0.0053166477009654045 0.014140021055936813
525 -0.99983978271484375 -0.0059633227065205574 -0.016878034919500351
526 -0.99998539686203003 0.00106776412576437 -0.0053015360608696938
527 -0.99978214502334595 -0.0014049727469682693 -0.020825030282139778
528 -0.99965620040893555 0.0069383573718369007 0.02528499998152256
529 -0.9999879002571106 0.00066270114621147513 0.0048779784701764584
530 -1 0.00027293860330246389 -1.5649644410586916e-05
531 -0.99997544288635254 -0.00080113549483940005 0.0069659734144806862
532 -0.99981153011322021 0.013074948452413082 -0.014350773766636848
533 -0.9998740553855896 0.0010673311771824956 -0.01583917997777462
534 -0.99997341632843018 0.0016594824846833944 -0.0071061705239117146
535 -0.99997115135192871 -0.0043415296822786331 0.0062401578761637211
536 -0.9999997615814209 -6.1752522015012801e-05 -0.00080265459837391973
537 -0.99998712539672852 -0.00073015369707718492 -0.0050222380086779594
538 -0.99988925457000732 0.0036093113012611866 0.014441033825278282
539 -0.99998629093170166 -0.00079105235636234283 -0.0051842145621776581
540 -0.99979764223098755 -0.0078777140006422997 -0.018511431291699409
541 -0.99981063604354858 0.0043509597890079021 -0.018968578428030014
542 -0.99999886751174927 -4.402824561111629e-05 -0.0015327997971326113
543 -0.99933189153671265 -0.025781054049730301 0.025907061994075775
544 -0.99999886751174927 -0.00086784001905471087 0.0012501290766522288
545 -0.99976849555969238 0.010494254529476166 0.018785066902637482
546 -0.999988853931427 -0.00082519178977236152 0.0046541774645447731
547 -0.99975770711898804 -0.020452255383133888 0.0081428661942481995
548 -0.99999982118606567 0.0004440016346052289 -0.00045740822679363191
549 -0.99940782785415649 0.023182086646556854 -0.02542845718562603
550 -1 -3.1744781153975055e-05 0.00012750116002280265
551 -0.99979704618453979 -0.010538355447351933 -0.017169887199997902
552 -0.99916988611221313 0.03301510214805603 -0.023865107446908951
553 -0.99978470802307129 0.012628782540559769 -0.016465067863464355
554 -0.9998023509979248 0.019659603014588356 -0.0029748002998530865
555 -0.99999022483825684 -7.6847900345455855e-06 0.0044308407232165337
556 -0.99999958276748657 -0.00017222164024133235 0.00095594587037339807
557 -0.99861276149749756 -0.041051026433706284 0.032975241541862488
558 -0.99999207258224487 -0.00067267863778397441 -0.0039275037124752998
559 -0.99999761581420898 0.00043901373283006251 -0.0021587379742413759
560 -0.99999123811721802 0.0015577340964227915 -0.0038986068684607744
561 -0.99999988079071045 -0.0001193654170492664 0.00056907010730355978
562 -1 -1.6278499970212579e-05 -0.0001300332514801994
563 -0.99998301267623901 0.0030601604375988245 -0.0049652266316115856
564 -0.99999845027923584 -0.0011843553511425853 -0.0013344365870580077
565 -0.99999994039535522 -0.00014651899982709438 -0.00046457280404865742
566 -0.99999850988388062 -0.0012478160206228495 0.0012478064745664597
567 -0.99996864795684814 -0.0014309895923361182 0.0077906763181090355
568 -0.99999850988388062 0.0007482031942345202 -0.00158205337356776
569 -0.99992305040359497 0.0019677772652357817 -0.012253000400960445
570 -0.99999940395355225 -0.0006940916646271944 0.00084409269038587809
571 -0.99999725818634033 -0.0014403336681425571 -0.0018647771794348955
572 -1 -0.0001042743242578581 8.8103057350963354e-05
573 -0.99999797344207764 0.00033512539812363684 -0.0019841324537992477
574 -0.99999779462814331 -0.0012453048257157207 -0.0017129729967564344
575 -0.99999922513961792 0.00041956172208301723 -0.001181992469355464
576 -0.9999997615814209 -0.00011052744230255485 -0.0006718288641422987
577 -0.99999988079071045 -0.00042620324529707432 0.00017952709458768368
578 -0.99999994039535522 -0.00031870370730757713 -3.5214732633903623e-05
579 -0.99999934434890747 -2.3252003302332014e-05 0.0011737376917153597
580 -0.99999475479125977 -0.0019129280699416995 -0.0026305173523724079
581 -0.99987363815307617 -0.0080950586125254631 0.013684945181012154
582 -0.99911278486251831 -0.040238000452518463 0.012435176409780979
583 -0.99999904632568359 -0.00086128246039152145 -0.0011294276919215918
584 -0.99999946355819702 0.0001668623008299619 -0.0010340084554627538
585 -0.99878156185150146 0.047305840998888016 -0.014053736813366413
586 -0.99911528825759888 -0.040622889995574951 0.010884438641369343
587 -1 -0.00024803727865219116 9.0884714154526591e-06
588 -0.99999970197677612 -7.4756128014996648e-05 -0.00080322258872911334
589 -0.9990575909614563 -0.041542842984199524 0.012577652931213379
590 -0.9999840259552002 -0.0041201822459697723 0.0038818097673356533
591 -1 -3.4567929105833173e-05 0.00018105078197550029
592 -0.99997979402542114 0.0058764684945344925 -0.0024360402021557093
593 -0.99999988079071045 -0.00013452362327370793 0.0005519615369848907
594 -0.99999797344207764 -0.0014035524800419807 -0.0014473032206296921
595 -0.99999988079071045 -0.00038937770295888186 -0.00036462367279455066
596 -0.99999922513961792 0.00053081533405929804 0.0011631018714979291
597 -1 -0.00012936537677887827 0.00010937590559478849
598 -0.99999856948852539 -0.0010779390577226877 -0.0013238843530416489
599 -0.99909132719039917 -0.040824305266141891 0.012247000820934772
600 -0.99999934434890747 -0.0010319636203348637 0.00047287927009165287
601 -0.99999922513961792 -0.00089439202565699816 -0.00091693934518843889
602 -0.99999988079071045 -0.00038872985169291496 -0.00033461066777817905
603 -0.9999995231628418 -0.00096936966292560101 -0.00010944579844363034
604 -0.99879056215286255 0.047124143689870834 -0.014025582000613213
605 -0.9980807900428772 0.058804236352443695 -0.01941017247736454
606 -0.99999552965164185 0.00048845808487385511 0.0029519009403884411
607 -0.99910497665405273 -0.040539383888244629 0.012080449610948563
608 -1 -3.1422707252204418e-05 0.00014303915668278933
609 -1 -0.00020085953292436898 -0.00010022530477726832
610 -0.99998193979263306 0.0059950444847345352 -0.0004385721986182034
611 -1 4.122890459257178e-05 0.00023387932742480189
612 -0.99999958276748657 0.00032854359596967697 0.0008851389866322279
613 -0.99998193979263306 0.005994951818138361 -0.00040811160579323769
614 -0.99998199939727783 -0.005870831198990345 0.0012674999888986349
615 -0.99904268980026245 -0.043452531099319458 0.0050691408105194569
616 -0.99999994039535522 -0.00029611907666549087 -0.00024123225011862814
617 -0.99998253583908081 0.0059072514995932579 -0.00034833763493224978
618 -1 -6.0145306633785367e-05 5.1154151151422411e-05
619 -0.99998390674591064 0.0056749703362584114 -0.0002630563685670495
620 -0.99921894073486328 -0.037894852459430695 0.011206017807126045
621 -0.00029432657174766064 0.99999982118606567 0.00049500254681333899
622 -0.99882620573043823 0.04641558974981308 -0.013851228170096874
623 -0.99830549955368042 0.057745672762393951 -0.007188690360635519
624 -0.99998027086257935 -0.0052612391300499439 0.0034461002796888351
625 -0.99998563528060913 -0.0052467840723693371 0.0010954956524074078
626 -0.99999761581420898 0.0012701379600912333 0.0017894639167934656
627 -0.99915015697479248 -0.040961284190416336 0.0046046292409300804
628 -0.99999994039535522 -0.00032033477327786386 -0.00029428440029732883
629 -1 -8.7302258179988712e-05 7.4012546974699944e-05
630 -1 -1.0153460607398301e-05 0.00025050251861102879
631 -0.99998599290847778 -0.0051700258627533913 0.0011453821789473295
632 -0.99999946355819702 -0.00061963993357494473 -0.00088056299136951566
633 -0.99999797344207764 0.00083372066728770733 0.0018559835152700543
634 -0.99922549724578857 -0.037751734256744385 0.011100718751549721
635 -1 -0.00012367962335702032 -3.188425034750253e-05
636 -0.99918121099472046 -0.040228258818387985 0.0043104332871735096
637 -1 -0.00012953576515428722 -4.2933050281135365e-05
638 -0.99998712539672852 -0.0049464637413620949 0.0011759288609027863
639 -0.99999988079071045 -0.00012500170851126313 0.00057190784718841314
640 -1 6.8193526203685906e-06 -0.00023856588813941926
641 -0.9999995231628418 -0.00064852973446249962 -0.00078853883314877748
642 -1 -6.9888104917481542e-05 5.9325629990780726e-05
643 -0.99886000156402588 0.045740615576505661 -0.013656024821102619
644 -0.99919569492340088 -0.039902482181787491 0.0039756838232278824
645 -0.99999982118606567 -8.2691607531160116e-05 0.00065585970878601074
646 -0.9999997615814209 0.00025383668253198266 0.00063199532451108098
647 -0.99860411882400513 0.052411366254091263 -0.0065525532700121403
648 -1 -7.3702758527360857e-05 0.00016491008864250034
649 -0.99926304817199707 -0.036869943141937256 0.010680136270821095
650 -0.99999988079071045 -0.00033745076507329941 -0.00032109438325278461
651 -0.99998277425765991 -0.0020171438809484243 0.0055158594623208046
652 -0.99999892711639404 -0.00081053050234913826 -0.0012287853751331568
653 -0.9999997615814209 -4.422307392815128e-05 0.00066864571999758482
654 -1 -3.4434735425747931e-05 0.00013482701615430415
655 -0.99999994039535522 -1.6960722177827847e-06 -0.00043128919787704945
656 -0.99999994039535522 -0.00011702637129928917 -0.0004208774771541357
657 -0.9999997615814209 -0.00065291405189782381 0.00030647730454802513
658 -1 3.8197327967282035e-07 0.0001733469107421115
659 -0.99999988079071045 0.00021869046031497419 0.00044257866102270782
660 -0.99999988079071045 0.00019558031635824591 0.00049208448035642505
661 -0.99999958276748657 -0.00068725208984687924 -0.00063586537726223469
662 -1 -9.9703836895059794e-05 -8.4184088336769491e-05
663 -1 -9.4779810751788318e-05 5.5879834690131247e-05
664 -0.99928367137908936 -0.036421060562133789 0.010280084796249866
665 -0.99999964237213135 -0.00074256304651498795 0.00039130781078711152
666 -0.99999982118606567 -5.3621115512214601e-05 -0.00065579370129853487
667 -1 -5.5466174671892077e-05 0.00021883771114517003
668 -0.99999994039535522 0.00015605590306222439 0.00033391918987035751
669 -0.99999994039535522 0.00020125828450545669 0.00037957599852234125
670 -0.99999994039535522 9.5343209977727383e-05 0.00042367257992736995
671 -0.99888193607330322 0.045301932841539383 -0.01351486798375845
672 -1 2.401498204562813e-05 9.3967930297367275e-05
673 -1 8.8891778432298452e-05 -3.5618722904473543e-06
674 -1 -0.00019353957031853497 -0.00013897632015869021
675 -1 1.1341224308125675e-05 -0.00011945614824071527
676 -0.99839121103286743 0.05625181645154953 -0.0071273772045969963
677 -0.99999767541885376 0.0011845444096252322 0.0018205500673502684
678 -0.99999994039535522 0.00022120831999927759 0.00028516218299046159
679 -1 9.8290576715953648e-05 0.00011132857616757974
680 -1 6.8882924097124487e-05 -7.2696595452725887e-05
681 -0.99999982118606567 -2.3787732061464339e-05 -0.00066540960688143969
682 -1 -2.0986044546589255e-05 0.00021046126494184136
683 -0.99999785423278809 -0.0012804514262825251 -0.0016586212441325188
684 -0.99999982118606567 0.00022129135322757065 0.000591487274505198
685 -1 -2.6330380933359265e-06 -0.00015950688975863159
686 -1 9.6336632850579917e-05 3.9556834963150322e-05
687 -1 -0.00016474528820253909 -8.4478815551847219e-05
688 -1 -7.3474075179547071e-05 -6.8956345785409212e-05
689 -0.99999994039535522 -0.00013203694834373891 -0.00040005380287766457
690 -1 -3.1197774660540745e-05 5.6601802498335019e-05
691 -0.99997127056121826 -0.0037822017911821604 -0.0065723438747227192
692 -0.99999994039535522 0.00023765968217048794 0.00035120343090966344
693 -0.99999475479125977 -0.000608166737947613 0.0031850400846451521
694 -0.99999982118606567 -8.4696235717274249e-05 -0.00065960962092503905
695 -0.99999785423278809 -0.0019210746977478266 -0.00079155853018164635
696 -1 -8.516998786944896e-05 -0.00013440332259051502
697 -1 0.00021636838209815323 1.4270648534875363e-05
698 -0.99998182058334351 0.0060346233658492565 -1.7410609871149063e-05
699 -0.9999997615814209 1.2250413419678807e-05 0.00074877141742035747
700 -0.99999940395355225 -0.00016895149019546807 -0.0010931111173704267
701 -0.99999994039535522 0.00011415492190280929 0.00040421861922368407
702 -1 -2.5472130801063031e-05 -0.00011982238356722519
703 -1 5.3502495575230569e-05 0.00014815440226811916
704 -0.99999880790710449 -0.00087358185555785894 0.0012648297706618905
705 -0.99999982118606567 -0.0001085977564798668 -0.00061598914908245206
706 -0.99998217821121216 0.0026944854762405157 -0.0053272964432835579
707 -0.99999964237213135 0.00049963494529947639 0.00067580258473753929
708 -0.99999994039535522 0.00038927665445953608 0.00010177532385569066
709 -1 8.9646782726049423e-06 -6.4934909460134804e-05
710 -0.9999772310256958 -0.0053623458370566368 0.0041020172648131847
711 -1 -1.2654023521463387e-05 -9.1829519078601152e-05
712 -0.99999994039535522 -2.6738802262116224e-05 -0.00034004522603936493
713 -1 6.7048014898318797e-05 -5.7244335039285943e-05
714 -1 -5.4939075198490173e-05 -0.00016732548829168081
715 -1 6.3112405769061297e-05 3.6790639569517225e-05
716 -0.99999898672103882 0.001148776151239872 0.00091366219567134976
717 -1 -4.618266029865481e-05 -0.0001537755160825327
718 -1 5.4232383263297379e-05 -4.6264009142760187e-05
719 -0.99999791383743286 -0.0011148469056934118 0.0017369072884321213
720 -0.99999773502349854 0.0017545027658343315 -0.0012446636101230979
721 -0.99996548891067505 0.0030574365518987179 0.0077285231091082096
722 -1 5.1699265895877033e-05 1.4843775716144592e-05
723 -0.99999970197677612 -0.00026996486121788621 -0.00073562440229579806
724 -1 8.664558845339343e-05 -7.4483221396803856e-05
725 -0.99999934434890747 -0.00010206190927419811 -0.0011445045238360763
726 -1 8.1639984273351729e-05 -1.7451420717407018e-06
727 -0.99999886751174927 0.00012831162894144654 0.0014988561160862446
728 -1 -0.00014107704919297248 0.0001199167818413116
729 -0.99999964237213135 -0.00046801005373708904 -0.00069761881604790688
730 -0.99999791383743286 0.0016193975461646914 0.0012716923374682665
731 -0.99998718500137329 0.0049288640730082989 -0.0011657588183879852
732 -0.99999743700027466 -0.00027390304603613913 -0.0022624388802796602
733 -0.99999994039535522 -0.00011413620813982561 0.00034274547942914069
734 -1 -7.0396621595136821e-05 -0.00029371611890383065
735 -0.99999988079071045 0.00019188412989024073 0.0004794459673576057
736 -1 9.4131100922822952e-06 -0.00016862805932760239
737 -1 -4.5953816879773512e-05 -0.00010760824079625309
738 -0.99999994039535522 -0.00031446883804164827 -0.00012468315253499895
739 -0.99999982118606567 0.000605772715061903 -0.00022167169663589448
740 -0.99999940395355225 0.00013070006389170885 -0.001084944698959589
741 -1 8.1559301179368049e-06 0.00010865453805308789
742 -0.99999946355819702 -0.00066367228282615542 0.00083385052857920527
743 -0.99999946355819702 -0.00095258682267740369 0.00042788876453414559
744 -0.99999165534973145 -0.00039802872925065458 0.0040614372119307518
745 -0.9999992847442627 0.00012657181650865823 -0.0012254765024408698
746 -0.99999898672103882 -0.0011608719360083342 0.00089733069762587547
747 -0.99999988079071045 -4.6606844989582896e-05 -0.00053355051204562187
748 -1 -3.6821358662564307e-05 3.1425362976733595e-05
749 -0.99998682737350464 0.0039619938470423222 -0.0032676470000296831
750 -1 -4.3248390284134075e-05 3.6865960282739252e-05
751 -1 0.00014305216609500349 0.00026922626420855522
752 -0.99999988079071045 -0.0004443530342541635 0.00029503705445677042
753 -0.99842405319213867 0.055653389543294907 -0.0072200857102870941
754 -1 7.3631643317639828e-05 -6.2875536968931556e-05
755 -0.99999958276748657 -8.0024183262139559e-05 -0.00089737732196226716
756 -0.99999731779098511 0.0020892953034490347 -0.0010342027526348829
757 -1 8.0637131759431213e-05 -6.8990346335340291e-05
758 -0.99999964237213135 -0.00069090886972844601 0.00046021310845389962
759 -0.99999964237213135 -0.0008295177249237895 0.00031213753391057253
760 -0.99999803304672241 -0.0018553151749074459 0.00078389025293290615
761 -1 -6.6923763370141387e-05 -0.00028924841899424791
762 -1 9.3089533038437366e-05 5.975438398309052e-05
763 -0.99999994039535522 -0.00028569670394062996 -0.00017641359590925276
764 -1 -0.00010173695045523345 -0.0002918965183198452
765 -1 8.0792502558324486e-05 0.00028881500475108624
766 -0.99999964237213135 0.00057504844153299928 -0.00065371039090678096
767 -1 0.00015791782061569393 0.00024284313258249313
768 -1 4.2420553654665127e-05 0.00011706880468409508
769 -1 -2.3452666937373579e-06 -0.00012808686005882919
770 -1 7.0064517785795033e-05 9.7595715487841517e-05
771 -1 -5.938823233009316e-05 -0.00017925610882230103
772 -0.99999994039535522 -0.00021613575518131256 -0.00028568296693265438
773 -0.99999988079071045 -0.00038335498538799584 -0.00035770476097241044
774 -0.99999934434890747 -0.00050593487685546279 0.0010281219147145748
775 -1 -7.3760311352089047e-05 -0.00021708161511924118
776 -0.99999719858169556 -0.00078389042755588889 0.0022394759580492973
777 -0.9999995231628418 -8.8355503976345062e-05 -0.0010156338103115559
778 -0.99887025356292725 0.045539971441030502 -0.013578205369412899
779 -1 -0.00010935139289358631 9.2416703409980983e-05
780 -0.99999946355819702 9.1628520749509335e-05 0.0010634131031110883
781 -0.00023783884535077959 0.99999856948852539 0.0016857752343639731
782 -1 -1.5808973330422305e-05 -0.00012954948761034757
783 -0.99975138902664185 -0.01118610892444849 -0.019289532676339149
784 -1 0.00010045168164651841 8.9011300588026643e-06
785 -0.99999988079071045 -0.00031432960531674325 0.00039648445090278983
786 -0.99999994039535522 0.00031458679586648941 0.00011330415145494044
787 -0.99999922513961792 0.0001110730881919153 0.0012721143430098891
788 -0.99997323751449585 -0.0066419239155948162 0.0030769193544983864
789 -1 6.4603431383147836e-05 -5.5146443628473207e-05
790 -0.9999997615814209 -5.5962485930649564e-05 -0.00069448439171537757
791 -1 -9.6564886916894466e-05 8.1953956396318972e-05
792 -0.9999997615814209 5.8711739256978035e-05 0.00069930992322042584
793 -0.99999290704727173 0.0031769913621246815 -0.0020438444335013628
794 -1 2.4585984647274017e-05 -0.00011230028030695394
795 -0.99997681379318237 0.00066722807241603732 0.0067828181199729443
796 -0.99999946355819702 0.0002554587263148278 -0.0010498787742108107
797 -0.99999809265136719 0.0019473112188279629 0.00031648896401748061
798 -0.9999997615814209 -0.0005886502331122756 0.00040858218562789261
799 -0.99999994039535522 -0.00040274171624332666 7.1296468377113342e-05
800 -0.99999862909317017 0.00011329390690661967 0.0016953150043264031
801 -0.99999994039535522 -0.00024816917721182108 -0.00018794809875544161
802 -0.99999970197677612 -6.8973087763879448e-05 -0.00079624290810897946
803 -1 6.1353734054137021e-05 -5.2360370318638161e-05
804 -0.99999994039535522 -7.4984083767049015e-05 -0.00037869033985771239
805 -0.99999964237213135 7.3944225732702762e-05 0.00086531013948842883
806 -0.9999992847442627 -0.00053740566363558173 0.0011000150116160512
807 -0.99999994039535522 8.1584941654000431e-05 0.00034316058736294508
808 -0.9999968409538269 -0.0023843285162001848 0.00083316268865019083
809 -1 -0.00019609012815635651 5.5448137572966516e-05
810 -0.99999994039535522 -0.00022040297335479409 -0.00018296993221156299
811 -1 -0.00024732260499149561 0.00016257613606285304
812 -1 -1.5236801118589938e-05 0.00021537290012929589
813 -1 0.00011022663966286927 -0.0001881781208794564
814 -1 0.00012392242206260562 0.00010352114622946829
815 -0.99999988079071045 4.3836691475007683e-05 0.00053727912018075585
816 -0.99999994039535522 0.00027841218980029225 -0.00038239048444665968
817 -0.99999994039535522 -0.00013745416072197258 -0.00042799432412721217
818 -1 -1.9243881979491562e-05 -2.4534492695238441e-06
819 -0.99999994039535522 3.3881045965244994e-05 0.000403301150072366
820 -1 -8.0297439126297832e-05 6.8217377702239901e-05
821 -0.99999970197677612 0.00020338143804110587 -0.00081768166273832321
822 -0.99999994039535522 -0.00035591475898399949 0.00018353640916757286
823 -1 -0.00022308201005216688 0.00021168420789763331
824 -0.99999994039535522 -0.00018879557319451123 -0.00024259553174488246
825 -1 1.6115271137095988e-05 -1.3756901353190187e-05
826 -0.99999988079071045 -0.0004136964853387326 0.00027385377325117588
827 -1 -1.1595902833505534e-05 -5.046056230639806e-06
828 -0.99999916553497314 -0.0012736642966046929 0.00034509997931309044
829 -1 -4.8026053264038637e-05 2.8669692255789414e-06
830 -0.99999970197677612 -0.00080935179721564054 -0.00014490724424831569
831 -1 -3.9897160604596138e-05 6.5781678131315857e-06
832 -1 1.8920500224339776e-05 -2.620699888211675e-06
833 -1 -3.7111774872755632e-05 -0.00018226126849185675
834 -0.99999994039535522 -0.00034081487683579326 0.00019755639368668199
835 -1 2.4386042696278309e-06 -2.0818008579226444e-06
836 -1 -3.5613189538707957e-05 6.0865368141094223e-06
837 -0.99994909763336182 0.0087466752156615257 -0.0050336192362010479
838 -1 -0.00011278227611910552 -0.00038271065568551421
839 -0.99999994039535522 0.0001666870666667819 0.00034607882844284177
840 -1 -1.9293533114250749e-05 1.3545650290325284e-07
841 -1 -0.00025066331727430224 6.5295876993332058e-05
842 -1 5.2018613132531755e-06 1.217737008119002e-05
843 -1 0.00015013381198514253 7.6582844485528767e-05
844 -0.99999988079071045 0.0002211748796980828 0.00050665764138102531
845 -1 6.7514506554289255e-06 1.1861672646773513e-05
846 -1 -0.00031460815807804465 0.00020301539916545153
847 -1 1.9158947907271795e-05 0.0002271957928314805
848 -1 -9.3705944891553372e-05 -0.00018884098972193897
849 -1 -4.8599791625747457e-05 -0.0002213166153524071
850 -0.99997490644454956 -0.0063925180584192276 0.0030552700627595186
851 -0.99999994039535522 -7.9269550042226911e-05 -0.00040067528607323766
852 -0.99999988079071045 -0.00028185785049572587 -0.00048163521569222212
853 -1 -1.0666194611985702e-05 2.637558827700559e-05
854 -1 2.4663002477609552e-05 0.00029626619652844965
855 -1 -5.7865268900059164e-05 0.00018933325191028416
856 -0.9999992847442627 0.00073567323852330446 -0.00095239561051130295
857 -1 -6.3689822127344087e-07 2.9234130124677904e-05
858 -1 9.1325717221479863e-05 3.3999363949988037e-05
859 -1 3.5476117773214355e-05 -1.0770809240057133e-05
860 -1 -2.5879784516291693e-05 4.6066248614806682e-05
861 -1 6.2516915022570174e-06 -5.8229366004525218e-06
862 -1 -1.7322285202681087e-05 1.8907685443991795e-05
863 -0.99999994039535522 -0.00040713025373406708 0.00016043815412558615
864 -1 5.193258766666986e-05 -4.4307453208602965e-05
865 -0.99999994039535522 -3.8384605431929231e-05 -0.00043043831828981638
866 -1 -0.00025484117213636637 0.0001091305966838263
867 -1 6.8300341808935627e-06 -2.1246290998533368e-05
868 -1 -7.6979333243798465e-05 -0.00021713736350648105
869 -1 1.827244705054909e-05 9.1782385425176471e-06
870 -1 5.4153397286427207e-06 -3.2680822187103331e-05
871 -1 -1.8293208995601162e-05 -8.3718186942860484e-05
872 -0.99997961521148682 0.0063752047717571259 -0.00029935874044895172
873 -1 5.2167204557918012e-05 -4.4523807446239516e-05
874 -1 1.9677563614095561e-06 -2.0625047909561545e-05
875 -1 -6.3541163399349898e-05 6.3638563005952165e-06
876 -1 -0.0001916243345476687 -0.00014328979887068272
877 -1 -8.2722486695274711e-05 -0.0002120919234585017
878 -1 0.000132260553073138 0.00019087010878138244
879 -0.99999970197677612 -0.0001660859416006133 0.00076823396375402808
880 -1 -0.00012540011084638536 -0.00022437857114709914
881 -1 -6.5553380409255624e-05 -0.00019986473489552736
882 -0.99999988079071045 -0.00020754865545313805 -0.00045121999573893845
883 -1 6.4276232478732709e-06 1.5462632291018963e-05
884 -1 2.868303818104323e-05 -2.4486806069035083e-05
885 -0.99999994039535522 -0.00035682879388332367 0.00018605051445774734
886 -1 -4.6949819079600275e-05 3.2550280593568459e-05
887 -0.99999934434890747 -0.001102781156077981 0.00044517108472064137
888 -1 0.00014509868924506009 -0.0002704465005081147
889 -0.99999994039535522 -0.00017805732204578817 -0.00034624332329258323
890 -0.99999994039535522 -0.00032147610909305513 -0.00025645215646363795
891 -1 -0.00027254706947132945 0.00020464745466597378
892 -0.99999707937240601 -0.0022239275276660919 0.0010041650384664536
893 -0.99999922513961792 0.0010455973679199815 -0.00071130454307422042
894 -1 6.4132706029340625e-05 0.00018368269957136363
895 -1 -6.0659029259113595e-05 -0.00014709809329360723
896 -0.99994951486587524 0.0087735019624233246 -0.0049007968045771122
897 -1 9.3006223323754966e-05 -0.00015448180784005672
898 -1 8.5590385424438864e-05 1.9638649973785505e-05
899 -1 -1.228263045049971e-06 -5.858887561771553e-06
900 -0.99997442960739136 -0.0063623739406466484 0.0032731711398810148
901 -1 -9.883511665975675e-05 -0.00020244163169991225
902 -1 1.9566636183299124e-05 0.00015241272922139615
903 -1 -5.6063108786474913e-06 -7.8525030403397977e-05
904 -1 8.7616645032539964e-05 3.2205833122134209e-05
905 -1 -0.00016636899090372026 -0.00033890933264046907
906 -0.99999940395355225 0.00076007348252460361 -0.00078220898285508156
907 -1 -9.0045883553102612e-05 -0.00013681486598215997
908 -1 -4.61716263089329e-05 -0.00038214877713471651
909 -1 -0.00027466125902719796 0.0001967443386092782
910 -0.99999916553497314 0.0010357957798987627 -0.00076935539254918694
911 -1 -1.8476082914276049e-05 -0.00020718759333249182
912 -1 3.7611753214150667e-05 -3.2102634577313438e-05
913 -1 -0.00016826631326694041 -0.00022876757429912686
914 -1 4.7459692723350599e-05 0.00014800079225096852
915 -1 3.3500917197670788e-05 -2.8599366487469524e-05
916 -0.99999994039535522 -2.589952782727778e-05 -0.00038250203942880034
917 -1 -0.00011002727842424065 -3.7294681533239782e-05
918 -1 -6.6156062530353665e-05 5.610401785816066e-05
919 -1 1.9758615962928161e-05 0.00021703005768358707
920 -0.99999994039535522 -0.00028818071587011218 0.00030047056498005986
921 -1 1.1423193427617662e-05 -3.2280462619382888e-05
922 -1 3.774344440898858e-05 0.00028571812435984612
923 -1 -0.00014939930406399071 -0.00026074729976244271
924 -1 4.0310766053153202e-05 -9.1906680609099567e-05
925 -1 -2.3562681235489435e-05 -6.5097243350464851e-05
926 -0.99999922513961792 0.00098872953094542027 -0.00079145032214000821
927 -0.99999994039535522 -0.00028871867107227445 0.00023001630324870348
928 -1 2.0712283003376797e-05 -1.7682052202872001e-05
929 -0.99999672174453735 -0.0022787761408835649 0.0011711519910022616
930 -0.9999992847442627 -0.0010701215360313654 0.00054715311853215098
931 -0.99997323751449585 -0.0064506204798817635 0.0034543483052402735
932 -1 -8.827702549751848e-05 -0.00015092911780811846
933 -0.99999940395355225 0.00081971706822514534 -0.00073357077781111002
934 -1 -0.00023590234923176467 0.00022295370581559837
935 -1 -3.4535853046691045e-05 4.0981001802720129e-05
936 -0.99999940395355225 0.00086485972860828042 -0.00071160116931423545
937 -1 1.0053925507236272e-05 3.9276337702176534e-06
938 -1 -7.4854137892543804e-06 -8.3940132753923535e-05
939 -1 2.6319452445022762e-05 -2.2469786927103996e-05
940 -1 -7.7707309174002148e-06 1.396895731886616e-05
941 -1 0.00013779041182715446 -8.4982813859824091e-05
942 -1 3.2908610592130572e-06 -2.8093941182305571e-06
943 -1 -8.391121809836477e-06 0.00021545287745539099
944 -0.99999994039535522 -0.00027275743195787072 0.00028975043096579611
945 -0.99994838237762451 0.0089107053354382515 -0.0048892819322645664
946 -1 -4.6784756705164909e-05 3.9888534956844524e-05
947 -1 8.7291437012027018e-06 9.7887103038374335e-05
948 -1 -3.1685137855674839e-06 -3.553116403054446e-05
949 -1 6.510853381769266e-06 -5.5581640481250361e-06
950 -1 -2.5851364625850692e-05 2.2077399989939295e-05
951 -1 3.9696651583653875e-06 4.4515138142742217e-05
952 -1 -7.5972129707224667e-06 6.4858209043450188e-06
953 -1 -7.1834631398814963e-07 -8.0554109445074573e-06
954 -1 -1.357611472485587e-05 1.159066323452862e-05
955 -1 8.1834405136760324e-05 -4.4563159462995827e-05
956 -1 -0.0002168038918171078 0.00022551551228389144
957 -0.99999994039535522 3.7982310459483415e-05 -0.00042609730735421181
958 -0.9999968409538269 -0.0022032535634934902 0.0012138003949075937
959 -1 -7.6367381552699953e-05 -3.67415850632824e-07
960 -0.99999988079071045 -0.00034362761653028429 0.00033902216819114983
961 -1 -4.1395560401724651e-05 -3.1994113669497892e-06
962 -1 -0.00010181160178035498 -0.00031614079489372671
963 -0.9999992847442627 -0.0010689949849620461 0.00059300119755789638
964 -0.99999994039535522 -0.00026332537527196109 0.00028646469581872225
965 -0.99997204542160034 -0.0065636369399726391 0.0035871691070497036
966 -1 -0.00019221976981498301 0.00020980375120416284
967 -0.99999666213989258 0.0024716055486351252 -0.0008114551892504096
968 -1 0.00019013491692021489 -0.00010340469452785328
969 -0.99999994039535522 4.1815925214905292e-05 -0.00039475681842304766
970 -1 -9.1694302682299167e-05 -0.00015384634025394917
971 -1 4.6871246013324708e-05 -6.6538068494992331e-06
972 -0.99999642372131348 0.0025111099239438772 -0.0009308704175055027
973 -1 3.7572623114101589e-05 -3.2062846003100276e-05
974 -0.99994724988937378 0.0090110059827566147 -0.0049332799389958382
975 -1 -0.00013412773841992021 9.2138121544849128e-05
976 -0.99999821186065674 -0.00076511898078024387 -0.0017498979577794671
977 -0.99999701976776123 -0.0021462093573063612 0.0012018424458801746
978 -0.99999988079071045 -0.00020554964430630207 0.00044633826473727822
979 -0.99999994039535522 -0.00022658388479612768 0.0004282198497094214
980 -1 1.5949015505611897e-05 -0.00029491662280634046
981 -0.99999785423278809 0.0019680794794112444 -0.00066124583827331662
982 -1 -7.4150855652987957e-05 -0.00030615489231422544
983 -1 -7.0786496507935226e-05 -0.00028223017579875886
984 -1 -0.00017661020683590323 0.00025480426847934723
985 -1 -0.00019088893895968795 0.00026771723059937358
986 -1 -2.5167766580125317e-05 -0.00027566865901462734
987 -0.99999904632568359 -0.0012155509321019053 0.00067869405029341578
988 -1 0.00010968178685288876 0.00019793819228652865
989 -1 0.00016432163829449564 -6.1900849686935544e-05
990 -0.99997085332870483 -0.0066926074214279652 0.0036786654964089394
991 -1 -1.8017490219790488e-05 -0.00017973882495425642
992 -0.99999994039535522 -0.00021240733622107655 0.00031205202685669065
993 -1 0.00024106506316456944 -7.8601660788990557e-05
994 -1 -0.00014389521675184369 0.00019551838340703398
995 -0.99999892711639404 0.00037699693348258734 0.0014178351266309619
996 -0.99999994039535522 7.72785788285546e-05 -0.00037443812470883131
997 -0.99999994039535522 -9.6451032732147723e-05 0.00039354382897727191
998 -0.99994581937789917 0.0091241896152496338 -0.0050096586346626282
999 -0.99999707937240601 -0.0021065268665552139 0.001219299272634089
1000 -1 -0.00014720004401169717 0.00022954287123866379
1001 -0.99999988079071045 -0.00033793711918406188 0.00043541958439163864
1002 -0.99999737739562988 0.0021790259052067995 -0.00070748187135905027
1003 -0.99999982118606567 -0.00031797162955626845 -0.00047596660442650318
1004 -1 -2.0369647245388478e-05 -0.00010962792293867096
1005 -0.99999994039535522 7.9656208981759846e-05 -0.00034798667184077203
1006 -1 4.738894131151028e-05 5.2939962188247591e-05
1007 -1 2.0647428755182773e-05 -0.0002857173967640847
1008 -0.99992829561233521 -0.0041821938939392567 0.01122316624969244
1009 -1 -0.00015150386025197804 0.00028135391767136753
1010 -1 -6.9541306402243208e-06 4.6047498472034931e-06
1011 -0.99999904632568359 -0.001206663902848959 0.0007511266740038991
1012 -0.99996960163116455 -0.0068000778555870056 0.0038141002878546715
1013 -1 5.253602284938097e-05 -0.00022831482056062669
1014 -1 -0.00012994802091270685 0.00023368427355308086
1015 -1 0.00015939660079311579 2.1387022570706904e-05
1016 -0.99999678134918213 0.0023450285661965609 -0.001043687341734767
1017 -1 -9.6286436018999666e-05 0.00018537773576099426
1018 -0.99999946355819702 0.00021993587142787874 0.0010260840645059943
1019 -1 0.00031605554977431893 -5.9305217291694134e-05
1020 -1 7.4592418968677521e-05 -0.00025794998509809375
1021 -1 3.2777967135189101e-05 -1.8527482097852044e-05
1022 -0.99999994039535522 -0.00019784258620347828 -0.00034221186069771647
1023 -0.99999994039535522 -0.00026164768496528268 -0.00030307064298540354
1024 -0.99994456768035889 0.0092606507241725922 -0.0050222571007907391
1025 -1 -0.00010993211617460474 0.00026429665740579367
1026 -0.99999713897705078 -0.0020373419392853975 0.0012598157627508044
1027 -0.99999994039535522 -0.00034208211582154036 1.1860989616252482e-05
1028 -1 -0.000170372542925179 -5.0693506636889651e-05
1029 -0.99999749660491943 0.0021593896672129631 -0.00065375474514439702
1030 -0.99999982118606567 -0.00040865136543288827 -0.00047632705536670983
1031 -1 9.0632547653513029e-06 -1.7094360373448581e-05
1032 -0.9999997615814209 -0.00036748420097865164 -0.00059328979114070535
1033 -0.99999994039535522 0.00012076246639480814 -0.00033479864941909909
1034 -1 -2.1025476598879322e-05 1.7951699192053638e-05
1035 -1 -1.4183003258949611e-05 3.3380038075847551e-06
1036 -1 5.2985007641837001e-05 -0.00022561535297427326
1037 -1 1.7777714674593881e-05 1.4207835192792118e-05
1038 -0.99999994039535522 -0.00012175893061794341 0.00034694746136665344
1039 -1 1.2066728913850966e-06 1.2600085028680041e-06
1040 -1 1.190776310977526e-05 -1.5108782463357784e-05
1041 -1 -5.8980258472729474e-06 3.9937098335940391e-05
1042 -1 9.4048533355817199e-05 -0.00020144048903603107
1043 -0.99999904632568359 -0.0011495630024001002 0.00077307707397267222
1044 -1 -7.0982830948196352e-05 0.00024102354655042291
1045 -1 -2.3186712496681139e-05 1.9607163267210126e-05
1046 -0.99996823072433472 -0.0069247852079570293 0.0039497571997344494
1047 -1 -0.0001095188272302039 -5.5000426073092967e-05
1048 -1 -1.2316009815549478e-05 0.00010174661292694509
1049 -0.99999982118606567 6.193322769831866e-05 0.00061826291494071484
1050 -1 0.00027317521744407713 4.689149500336498e-05
1051 -1 0.00011495465878397226 -0.00021957504213787615
1052 -1 7.6646014349535108e-05 0.00015406748570967466
1053 -1 -1.8422239008941688e-05 1.6991565644275397e-05
1054 -1 3.8461919757537544e-05 0.00010297157132299617
1055 -1 -4.7618901589885354e-05 0.00023083548876456916
1056 -0.99994325637817383 0.0093827145174145699 -0.0050504496321082115
1057 -0.99999988079071045 0.00051749026170000434 -5.4736199672333896e-05
1058 -1 -0.00011114599328720942 -0.00014694228593725711
1059 -0.99999994039535522 -0.00030543020693585277 -0.00039702816866338253
1060 -0.99999088048934937 -0.00096650404157117009 -0.0041582230478525162
1061 -1 9.3979542725719512e-05 -0.00011252805416006595
1062 -0.99999761581420898 0.0021303603425621986 -0.00053212034981697798
1063 -0.99999731779098511 -0.0019226577132940292 0.0013005610089749098
1064 -1 7.3414648795733228e-06 -4.3754193029599264e-05
1065 -1 -4.8059948312584311e-05 1.2022212104056962e-05
1066 -0.99994003772735596 0.0019995758775621653 -0.010769397020339966
1067 -0.99999940395355225 -0.0010773255489766598 -0.00036952714435756207
1068 -1 8.9089226094074547e-05 -0.00024063994351308793
1069 -1 3.4844397305278108e-05 0.00019553548190742731
1070 -0.99999994039535522 0.00034036996657960117 -0.00028152921004220843
1071 -0.99999994039535522 -7.2543276473879814e-05 0.0003474616096355021
1072 -0.99999994039535522 -6.7972541728522629e-05 -0.00035086905700154603
1073 -0.99999988079071045 0.0002317421167390421 -0.00044145301217213273
1074 -1 2.5868226657621562e-05 0.00015872844960540533
1075 -1 3.1521594792138785e-05 0.00010462179488968104
1076 -0.99999994039535522 -0.00027552738902159035 -0.00019996208720840514
1077 -0.99999988079071045 -0.00012204463564557955 0.00052493723342195153
1078 -0.99999994039535522 -0.00030755987972952425 0.00011375994654372334
1079 -1 -9.0138710220344365e-05 0.00022809524671174586
1080 -0.99999642372131348 0.0023370683193206787 -0.0012857186375185847
1081 -0.99999994039535522 -0.00020442302047740668 -0.00020185853645671159
1082 -0.99999958276748657 -0.00034578726626932621 0.00084126443834975362
1083 -1 0.00011068472667830065 -9.2049776867497712e-05
1084 -0.99996405839920044 -0.0073076644912362099 0.0043077957816421986
1085 -0.99999994039535522 -0.00015520300075877458 -0.00035386896342970431
1086 -1 0.00012912126840092242 0.00012617917673196644
1087 -0.9999992847442627 -0.00091320858336985111 0.00079062196891754866
1088 -0.99999982118606567 -0.0003899994189850986 0.00041241609142161906
1089 -1 -5.7800127251539379e-05 0.00035513367038220167
1090 -1 5.2933522965759039e-05 0.00017632482922635972
1091 -0.9999995231628418 0.00024813917116262019 -0.00094043940771371126
1092 -1 0.00010297460539732128 -0.00022465724032372236
1093 -0.99999994039535522 -0.00031666702125221491 -0.00037859193980693817
1094 -1 -1.6538971976842731e-05 0.00026350893313065171
1095 -1 -2.5092205760302022e-05 -0.00021563154587056488
1096 -0.99999988079071045 0.00012858623813372105 -0.00051601137965917587
1097 -0.99999994039535522 1.9936492208216805e-06 0.00033636018633842468
1098 -0.99999994039535522 -4.6153494622558355e-05 -0.00032455523614771664
1099 -1 0.00010454095900058746 -0.00017361933714710176
1100 -0.99999940395355225 -0.00015717580390628427 0.0011041512480005622
1101 -1 -0.00017331555136479437 0.00012244161916896701
1102 -0.99999994039535522 -0.00010788885992951691 0.00043376963003538549
1103 -0.99999994039535522 0.00019055078155361116 -0.00027392210904508829
1104 -0.99999922513961792 0.00032877293415367603 0.0012349458411335945
1105 -0.99999994039535522 -0.0001318739668931812 -0.00046177534386515617
1106 -0.99999988079071045 -9.6477097031311132e-06 -0.00049635913455858827
1107 -1 -3.9150676457211375e-05 0.00034092014539055526
1108 -1 8.8830907770898193e-05 -5.2176335884723812e-05
1109 -0.99999994039535522 -1.768569927662611e-05 0.00047142396215349436
1110 -0.99999994039535522 -0.00032998909591697156 -0.00035899571957997978
1111 -0.9999624490737915 0.0077089197002351284 -0.0039571002125740051
1112 -1 -6.3148036133497953e-08 0.00025547610130161047
1113 -0.99999988079071045 0.00041793001582846045 -0.00040622317465022206
1114 -1 -4.3606846702459734e-06 -8.825337135931477e-05
1115 -1 0.0001456867903470993 -3.0150236852932721e-05
1116 -1 -4.2116109398193657e-05 0.00036640363396145403
1117 -0.99999988079071045 -0.00011526478920131922 0.00052783923456445336
1118 -1 3.496812132652849e-05 0.00019401106692384928
1119 -1 7.9299861681647599e-05 -1.1759174412873108e-05
1120 -0.99999994039535522 0.0002040750696323812 -0.00028216108330525458
1121 -0.9999997615814209 -0.00023366214009001851 0.00069437123602256179
1122 -1 -6.2721519498154521e-05 0.00033524207537993789
1123 -0.99999850988388062 0.00069700920721516013 -0.001588227809406817
1124 -0.99999988079071045 0.00048165852786041796 0.00014800929056946188
1125 -1 -7.981478120200336e-06 0.00019982032245025039
1126 -0.99999988079071045 -1.7066937289200723e-05 0.00053180119721218944
1127 -1 -0.00011552876821951941 -0.00011743338109226897
1128 -0.99999970197677612 -0.00010349694639444351 0.00076188216917216778
1129 -1 2.325382774870377e-05 0.00016657717060297728
1130 -0.99999922513961792 0.00026349845575168729 -0.0012253256281837821
1131 -1 2.5309891498181969e-05 0.0002111202193191275
1132 -0.9999997615814209 0.00046902033500373363 -0.0004991734167560935
1133 -1 0.00016817363211885095 -0.00015310657909139991
1134 -0.99999982118606567 0.00052833749214187264 0.00021630387345794588
1135 -0.99999994039535522 -0.00033718961640261114 -0.00032985085272230208
1136 -1 0.00020626882906071842 -0.00025861390167847276
1137 -0.99999988079071045 0.00019716925453394651 0.000412566470913589
1138 -1 2.9319286113604903e-05 0.00025159557117149234
1139 -0.99999839067459106 -0.00026877902564592659 0.0017779691843315959
1140 -1 -7.2576869570184499e-05 -3.4928307286463678e-05
1141 -1 0.00019870168762281537 -0.00022783495660405606
1142 -1 5.8450867072679102e-05 -2.841927380359266e-05
1143 -0.99999767541885376 0.0021062907762825489 -0.00056363578187301755
1144 -1 7.3839371907524765e-05 9.8420627182349563e-05
1145 -0.9999997615814209 -0.00040236907079815865 0.00054088665638118982
1146 -0.99999964237213135 -0.0005127820186316967 -0.00073343276744708419
1147 -0.99999988079071045 0.00038666606997139752 -0.00037987495306879282
1148 -1 3.1351693905889988e-05 0.00016421047621406615
1149 -0.99999994039535522 -0.00035187741741538048 -0.00033103814348578453
1150 -1 4.6666038542753085e-05 0.00016965370741672814
1151 -0.9999997615814209 -0.00034647612483240664 -0.00062471313867717981
1152 -0.9999995231628418 0.00012729829177260399 0.00099063676316291094
1153 -0.00020539970137178898 1 0.0001931225269800052
1154 -0.99999994039535522 0.00021638814359903336 -0.00027948321076110005
1155 -1 -0.00012914322724100202 -0.00028458074666559696
1156 -0.99999994039535522 8.5447303717955947e-05 -0.00040084565989673138
1157 -0.00018885359168052673 1 -0.00024463405134156346
1158 -0.99999988079071045 0.000113475471152924 0.0004640901752281934
1159 -0.99999988079071045 -5.3327799832914025e-05 0.00056706700706854463
1160 -1 0.00012332163169048727 -0.00026303748018108308
1161 -0.99999916553497314 0.00022542229271493852 0.0013270678464323282
1162 -1 -0.00017637686687521636 -0.00025092170108109713
1163 -0.99999958276748657 6.7272252636030316e-05 -0.0009327462175861001
1164 -0.99999988079071045 -0.00021323162945918739 -0.00048434623749926686
1165 -0.99998259544372559 0.0054228142835199833 -0.0023329467512667179
1166 -0.99999982118606567 -0.00035894004395231605 -0.00056222622515633702
1167 -1 1.612424966879189e-05 0.00029082989203743637
1168 -1 4.2681967897806317e-05 -0.00021076604025438428
1169 -0.99999988079071045 -0.00028858680161647499 -0.0004831807455047965
1170 -0.99999964237213135 -0.00012517573486547917 0.00088814919581636786
1171 -1 0.0001557634532218799 -0.00025306042516604066
1172 -0.99999964237213135 -0.00018712991732172668 0.00081533723277971148
1173 -0.99999862909317017 -0.00090682844165712595 0.0013794963015243411
1174 -0.99999994039535522 -0.00033072932274080813 -0.00018362325499765575
1175 -0.00018358646775595844 1 0.00012291152961552143
1176 -1 -0.00013790679804515094 0.00016836525173857808
1177 -1 0.00010780896263895556 1.6920388588914648e-05
1178 -0.99962908029556274 0.0028638830408453941 0.027083085849881172
1179 -0.99957466125488281 0.021936178207397461 -0.019219247624278069
1180 -0.99999988079071045 -0.00026719659217633307 0.00038978405063971877
1181 -0.99997389316558838 -0.0026591070927679539 -0.0067267636768519878
1182 -0.99952083826065063 -0.014341373927891254 0.027429651468992233
1183 -0.99965113401412964 0.0072128092870116234 -0.025409501045942307
1184 -0.99999964237213135 0.00027809452149085701 -0.00081988540478050709
1185 -0.99999916553497314 0.00059044483350589871 -0.0011675526620820165
1186 -0.99999988079071045 -0.00017795419262256473 0.00058548344532027841
1187 -1 -3.433158781263046e-05 -1.5057421478559263e-05
1188 -0.99999862909317017 0.0014953563222661614 -0.00068345444742590189
1189 -0.99955689907073975 -0.018348544836044312 0.023438723757863045
1190 -0.99999994039535522 -3.114504215773195e-05 -0.00034885437344200909
1191 -1 -2.6586121748550795e-05 -0.00030226408853195608
1192 -0.9999997615814209 -0.00030628321110270917 0.00060522858984768391
1193 -0.99999994039535522 -0.00024807857698760927 0.00040035834535956383
1194 -0.99952268600463867 -0.023194670677185059 0.020406264811754227
1195 -0.99949294328689575 -0.0038517334032803774 -0.031608913093805313
1196 -0.99999994039535522 -0.00021749333245679736 -0.00034674938069656491
1197 -1 -0.00014645460760220885 0.00011676235590130091
1198 -1 -6.1532817198894918e-05 -0.00029186371830292046
1199 -0.99999988079071045 -0.00034982163924723864 -0.00035438640043139458
1200 -1 0.00012120141764171422 -0.00014067163283471018
1201 -0.99999988079071045 0.00048810066073201597 -0.00015898776473477483
1202 -1 -0.00035670225042849779 0.00015223494847305119
1203 -1 -0.00013465533265843987 -0.00031866057543084025
1204 -0.99999970197677612 -0.00055569352116435766 0.00052533397683873773
1205 -0.99999982118606567 -0.00014966054004617035 0.00062055961461737752
1206 -0.99999982118606567 0.00060818943893536925 -8.6266663856804371e-06
1207 -0.99999821186065674 0.00018633088620845228 0.0018901610746979713
1208 -1 -0.00017616948753129691 -1.7748288883012719e-05
1209 -0.9999997615814209 -0.00036442841519601643 -0.00063464493723586202
1210 -0.99999982118606567 -0.00027132235118187964 -0.00061052094679325819
1211 -1 -8.0400175647810102e-05 0.00024920798023231328
1212 -0.99999982118606567 -4.5885506551712751e-05 -0.00064876850228756666
1213 -0.99999964237213135 -0.00055285030975937843 -0.00064070394728332758
1214 -0.9999997615814209 -0.00029346341034397483 0.00067796028451994061
1215 -0.99999988079071045 -0.00024950949591584504 -0.00044060990330763161
1216 -0.99999994039535522 -0.00031361731817014515 0.00020565840532071888
1217 -1 -5.0498889322625473e-05 0.0001466400281060487
1218 -0.99999988079071045 -8.1013276940211654e-05 0.00058432563673704863
1219 -1 -0.00012667833652812988 0.00012660182255785912
1220 -0.99999994039535522 -0.00028408633079379797 0.00030527985654771328
1221 -0.99999964237213135 -0.00086684589041396976 -0.0001629885082365945
1222 -0.99999958276748657 -0.00013276102254167199 0.00093563797418028116
1223 -1 -0.00010787093196995556 0.00012240993964951485
1224 -0.99999874830245972 0.00017989269690588117 0.0015634454321116209
1225 -0.99999994039535522 2.7429305191617459e-06 -0.00032105893478728831
1226 -0.99999982118606567 -0.00023589041666127741 -0.00059830729151144624
1227 -1 -0.00012832431821152568 6.2344341131392866e-05
1228 -0.99999970197677612 -0.00062806787900626659 -0.00042539584683254361
1229 -0.99999988079071045 0.00050012319115921855 -0.00022196771169546992
1230 -0.99999982118606567 -7.8732497058808804e-05 -0.00058954500127583742
1231 -1 6.5661297412589192e-05 0.00028700073016807437
1232 -0.99999988079071045 -8.4638013504445553e-06 -0.00057709607062861323
1233 -0.99955630302429199 0.016761824488639832 -0.024623958393931389
1234 -1 -0.0002693439309950918 -0.00014835489855613559
1235 -1 -0.0001837397285271436 4.4239837734494358e-05
1236 -0.99999988079071045 -0.0001422583736712113 -0.00046410842332988977
1237 -0.99999982118606567 0.00062372139655053616 -9.5102092018350959e-05
1238 -0.99999988079071045 -0.00018141191685572267 0.0004572780744638294
1239 -0.99999982118606567 -0.00019902540952898562 0.00061957439174875617
1240 -0.99999988079071045 -0.00050698861014097929 -8.8469823822379112e-07
1241 -0.99952733516693115 0.022149309515953064 -0.021319720894098282
1242 -0.99999982118606567 -0.00015911628725007176 0.00057992164511233568
1243 -0.99999994039535522 -0.0001587938895681873 -0.00044026391697116196
1244 -1 -6.3786217651795596e-05 0.00014653123798780143
1245 -0.99999994039535522 -0.0002050037874141708 0.00032370703411288559
1246 -0.99999994039535522 -0.00020922278054058552 -0.00033750425791367888
1247 -0.99999994039535522 -0.00010201185796177015 -0.00040839792927727103
1248 -1 -0.00010202258999925107 -0.00014773909060750157
1249 -0.99999988079071045 -0.00024702405789867043 -0.0004005479859188199
1250 -0.99999970197677612 -0.00026271908427588642 0.00064701068913564086
1251 -1 -0.00029274032567627728 6.6171637627121527e-06
1252 -0.99999988079071045 -0.00022092560539022088 0.00045774455065838993
1253 -1 -0.00021902602748014033 -0.00024655155721120536
1254 -0.99999988079071045 -0.00022861735487822443 -0.00049226352712139487
1255 -0.99999982118606567 -0.00024842482525855303 0.00043557662866078317
1256 -1 -3.0855648219585419e-05 0.00011391667794669047
1257 -0.99999964237213135 0.00039596587885171175 -0.00073785975109785795
1258 -0.99999988079071045 -0.00047056516632437706 5.3229014156386256e-05
1259 -0.99999982118606567 -0.00033481587888672948 -0.0005432399339042604
1260 -0.99999994039535522 -0.00017726638179738075 0.00037494584103114903
1261 -0.99999988079071045 -0.00013537316408473998 0.00049217761261388659
1262 -0.99999994039535522 -0.00023082445841282606 0.00042666328954510391
1263 -0.99999982118606567 5.211483221501112e-05 -0.00064252980519086123
1264 -0.99999988079071045 1.1419964721426368e-05 -0.00045715534361079335
1265 -1 -6.1803249991498888e-05 0.00030271182185970247
1266 -0.99999994039535522 0.00045375677291303873 -1.2391757081786636e-05
1267 -0.99999982118606567 0.0003688724827952683 -0.00047557830112054944
1268 -1 -0.00031103432411327958 2.3959233658388257e-05
1269 -0.99999982118606567 -0.00027065255562774837 0.00058628618717193604
1270 -0.99999994039535522 -0.00017639336874708533 0.00026666448684409261
1271 -1 -0.00021803438721690327 9.6731731900945306e-05
1272 -1 0.00020958235836587846 -0.00023423883249051869
1273 -0.99999994039535522 0.00043297358206473291 -0.00017863725952338427
1274 -1 5.3089825087226927e-05 -0.00018245214596390724
1275 -0.99965626001358032 -0.0074581033550202847 0.025135315954685211
1276 -0.99999994039535522 -0.00015533374971710145 0.00031921599293127656
1277 -0.99939703941345215 0.013171079568564892 -0.032126758247613907
1278 -0.99999994039535522 0.00025102536892518401 -0.00021216498862486333
1279 -1 -6.2620893004350364e-05 0.00011425839329604059
1280 -0.99999916553497314 0.00069430941948667169 -0.0010963588720187545
1281 -1 3.9273028960451484e-05 -8.8954344391822815e-05
1282 -0.99999970197677612 0.00034605365362949669 -0.00070972437970340252
1283 -0.99999988079071045 -0.00013317223056219518 0.00050723704043775797
1284 -0.99999994039535522 -0.00018627046665642411 0.00029751905822195113
1285 -1 -0.00010868678509723395 -8.3828053902834654e-06
1286 -1 -8.5905012383591384e-05 4.2029227188322693e-05
1287 -0.99999982118606567 -5.9612117183860391e-05 0.00068971427390351892
1288 -1 -6.4566491346340626e-05 -0.00012407134636305273
1289 -0.99999994039535522 -6.2711209466215223e-05 -0.00045757959014736116
1290 -0.99999994039535522 -0.00016154533659573644 0.00044481913209892809
1291 -0.99999994039535522 3.2473326427862048e-06 -0.00042791644227690995
1292 -0.99999994039535522 -0.00022933559375815094 -0.00029057165374979377
1293 -0.99999994039535522 -0.00029443134553730488 -0.00039529905188828707
1294 -0.99999994039535522 -0.00011369193089194596 0.00044203622383065522
1295 -0.99999994039535522 -0.00013497838517650962 0.000465312012238428
1296 -0.99999988079071045 -9.8303004051558673e-05 0.0004893531440757215
1297 -1 -2.9608576369355433e-05 -0.00017041203682310879
1298 -0.99999994039535522 -0.00027065581525675952 -0.00038975290954113007
1299 -0.99999994039535522 -0.00025693560019135475 -0.00042184023186564445
1300 -0.99999982118606567 9.2535461590159684e-05 -0.00064673041924834251
1301 -0.99999988079071045 6.5228407038375735e-05 -0.00046827906044200063
1302 -0.99891138076782227 0.044676654040813446 -0.013418427668511868
1303 -0.99999994039535522 -0.00010930151620414108 0.00047571668983437121
1304 -0.99999994039535522 0.00039235773147083819 -3.4850820611609379e-06
1305 -1 0.00025561332586221397 -5.0476504839025438e-05
1306 -1 -1.7491196558694355e-05 -2.120194403687492e-05
1307 -1 2.0019097064505331e-06 8.8893328211270273e-05
1308 -0.99999988079071045 -8.5558756836690009e-05 0.00047893906594254076
1309 -0.99999994039535522 -0.00011702370102284476 0.00042266034870408475
1310 -0.99999988079071045 -0.00012385036097839475 -0.00047590408939868212
1311 -1 -4.6658751671202481e-05 3.9720620407024398e-05
1312 -0.99999988079071045 -0.00031950388802215457 0.00035771052353084087
1313 -1 -2.4698078050278127e-05 -0.00024600594770163298
1314 -0.99999946355819702 0.00095961650367826223 -0.00051299593178555369
1315 -1 -7.3906718171201646e-05 8.0040961620397866e-05
1316 -1 9.9055621831212193e-05 -0.0003278191143181175
1317 -0.0001828425592975691 0.99999988079071045 0.0005462753470055759
1318 -1 -0.00012680776126217097 0.00016304694872815162
1319 -0.9999997615814209 -2.9262955649755895e-06 0.0007185081485658884
1320 -0.99999994039535522 -0.00017129890329670161 0.00043101090705022216
1321 -0.99999988079071045 -0.00031317869434133172 -0.00031439104350283742
1322 -0.99999988079071045 -0.0002565904869697988 0.00044270622311159968
1323 -1 -0.00019168551079928875 -0.00013793064863421023
1324 -0.99999994039535522 -0.0002128861378878355 -0.00025259645190089941
1325 -0.99999994039535522 0.00038197313551791012 -0.0001451712305424735
1326 -0.99999320507049561 -0.0034478656016290188 0.0013204588321968913
1327 -1 -0.00025009672390297055 3.9668346289545298e-05
1328 -0.99999994039535522 -5.9499710914678872e-05 0.00042320258216932416
1329 -0.99999994039535522 -2.8432299586711451e-05 0.00031871008104644716
1330 -0.99999982118606567 -0.00032703820033930242 0.00051167822675779462
1331 -0.99999988079071045 -0.00051305780652910471 -8.205127960536629e-05
1332 -0.99999970197677612 -0.00054350751452147961 0.00057138327974826097
1333 -1 -0.00017075000505428761 0.00018368111341260374
1334 -1 -0.00014438669313676655 3.9772181480657309e-05
1335 -1 -3.1941093766363338e-05 3.0778857762925327e-05
1336 -1 -1.5679390344303101e-05 0.00017034543270710856
1337 -1 4.1501290979795158e-05 0.00021126226056367159
1338 -0.99999994039535522 -4.6254855988081545e-05 -0.00033088444615714252
1339 -0.99999988079071045 -0.00019625287677627057 0.00051077618263661861
1340 -0.99999994039535522 0.00039606160135008395 -0.00019396074640098959
1341 -1 -0.00011049840395571664 6.2064842495601624e-05
1342 -1 0.00022162699315231293 -5.6917633628472686e-06
1343 -0.99999994039535522 9.2113114078529179e-05 -0.00045375758782029152
1344 -1 -4.7430985432583839e-05 -0.0002447534934617579
1345 -0.99999994039535522 -0.00030812559998594224 -0.00020074020721949637
1346 -1 0.00027853529900312424 -0.00014635063416790217
1347 -1 8.1576843513175845e-05 0.00027908425545319915
1348 -0.99999922513961792 -0.00070903229061514139 -0.0010623980779200792
1349 -1 -0.00014275535068009049 -0.00018037724657915533
1350 -1 -7.6624637586064637e-05 -1.36400485644117e-05
1351 -1 0.00018129133968614042 2.1747495338786393e-05
1352 -1 -0.00014795031165704131 0.00027886440511792898
1353 -1 4.8618916480336338e-05 0.00027820889954455197
1354 -1 -0.00021023336739744991 2.2585038095712662e-05
1355 -0.99999970197677612 -0.00081391457933932543 0.00012671694275923073
1356 -1 3.8547645090147853e-05 0.0001636460074223578
1357 -1 0.00010023602226283401 -8.44944006530568e-05
1358 -0.99999994039535522 -0.0002278889442095533 0.00023563436116091907
1359 -1 -0.00010704273881856352 2.1050171199021861e-05
1360 -0.99999988079071045 2.3653456082683988e-05 -0.00053951283916831017
1361 -0.99999994039535522 -0.00040004876791499555 0.00013479274639394134
1362 -0.99999988079071045 -0.00016584977856837213 0.00046874245163053274
1363 -1 0.00015323577099479735 -7.1489041147287935e-05
1364 -0.99999994039535522 5.6712087825872004e-06 -0.00031688771559856832
1365 -0.9999997615814209 -0.0005047917366027832 0.00046944618225097656
1366 -1 -3.5081029636785388e-07 0.00015795615036040545
1367 -0.99999982118606567 0.00016827000945340842 -0.00067286932608112693
1368 -1 -0.00019163425895385444 -0.00013336198753677309
1369 -0.9999997615814209 -0.00057121767895296216 0.00047005465603433549
1370 -1 -6.4289255533367395e-05 0.00024546388885937631
1371 -0.99999994039535522 4.2137467971770093e-05 0.00034489226527512074
1372 -0.99999982118606567 0.00023825562675483525 -0.00063323474023491144
1373 -0.99999964237213135 -0.00058192701544612646 0.00060495117213577032
1374 -0.99999970197677612 -0.00018628647376317531 -0.00073488015914335847
1375 -1 -6.9687055656686425e-05 0.0002137133851647377
1376 -0.99999982118606567 -0.00016620598034933209 0.00061650481075048447
1377 -0.99999988079071045 -0.00051415589405223727 0.0001771250827005133
1378 -1 -0.00022176714264787734 6.7819542891811579e-05
1379 -0.99999988079071045 0.00035558262607082725 -0.00031767191831022501
1380 -0.9999997615814209 -0.00062854675343260169 0.00029840227216482162
1381 -0.9999995231628418 -0.00013441566261462867 0.00099215435329824686
1382 -0.99999994039535522 -0.0002641256432980299 0.00020855394541285932
1383 -1 7.613400521222502e-05 -7.6804433774668723e-05
1384 -1 0.00012898299610242248 -0.00015820677799638361
1385 -1 -0.00011992303188890219 0.00019679668184835464
1386 -1 -0.00018398804240860045 2.7488255000207573e-05
1387 -0.99999982118606567 0.00035489210858941078 -0.00055147561943158507
1388 -1 -0.00017381587531417608 0.00013911971473135054
1389 -1 -0.00015280835214070976 7.5559320976026356e-05
1390 -1 -0.00019167529535479844 0.00020995088561903685
1391 -1 -3.9113838283810765e-06 -0.00021001460845582187
1392 -0.99999964237213135 0.00044593773782253265 -0.00077283760765567422
1393 -0.99999964237213135 -0.00068767496850341558 0.00047509261639788747
1394 -0.99999958276748657 -0.00071790232323110104 0.00056551850866526365
1395 -0.99999940395355225 -0.00012683880049735308 -0.0010907439282163978
1396 -1 -4.5457549276761711e-05 -2.5789113351493143e-06
1397 -0.9995349645614624 -0.025837425142526627 0.016194595023989677
1398 -0.99999958276748657 -0.00056076486362144351 -0.00078082125401124358
1399 -1 3.9594258851138875e-05 2.5037939849426039e-05
1400 -0.99999994039535522 5.4411819291999564e-05 -0.00035731252864934504
1401 -0.99999982118606567 -0.00012438623525667936 0.00063288322417065501
1402 -1 1.878895636764355e-05 -9.6699121058918536e-05
1403 -0.99999970197677612 0.00060509663308039308 -0.00056363333715125918
1404 -0.99901968240737915 0.042352039366960526 -0.012883776798844337
1405 -0.9999995231628418 -0.00028630424640141428 -0.00097659416496753693
1406 -0.99999982118606567 -0.00047369583626277745 -0.00046157778706401587
1407 -1 -3.5425870009930804e-05 -0.00019127146515529603
1408 -1 3.4790795325534418e-05 0.00029735086718574166
1409 -0.99999964237213135 0.00056752859381958842 -0.00070391985354945064
1410 -1 2.8297987228143029e-05 -0.00018217165779788047
1411 -0.99999940395355225 1.4361709872900974e-05 -0.0011051309993490577
1412 -0.9995543360710144 0.028154987841844559 -0.0099253905937075615
1413 -1 1.8252480003866367e-05 0.00021430489141494036
1414 -1 2.2714781152899377e-05 -0.00017270917305722833
1415 -0.99999988079071045 -0.00031933322316035628 -0.00040513044223189354
1416 -1 1.7500420653959736e-05 -0.00015689503925386816
1417 -0.99999994039535522 8.6315281805582345e-05 -0.00033870106562972069
1418 -0.99999988079071045 7.4173585744574666e-05 0.00052172853611409664
1419 -0.99999755620956421 -0.0020853991154581308 0.00073971925303339958
1420 -0.99999797344207764 0.00037285784492269158 0.0019789708312600851
1421 -0.99999982118606567 -0.00057706580264493823 0.00037330377381294966
1422 -0.99999982118606567 0.00047336082207038999 -0.00049027323257178068
1423 -0.9999997615814209 -0.00034888752270489931 -0.0006497260183095932
1424 -0.9999997615814209 0.00048229974345304072 -0.00055241951486095786
1425 -0.99999982118606567 -0.00050810916582122445 0.00043874987750314176
1426 -0.99999982118606567 0.00030578975565731525 -0.00062185211572796106
1427 -0.99999982118606567 -0.0004019660409539938 0.00051587133202701807
1428 -0.99963754415512085 0.0030774699989706278 0.026746489107608795
1429 -0.99999958276748657 -0.00057731469860300422 0.00067664886591956019
1430 -0.99999964237213135 0.00047928758431226015 -0.00067778798984363675
1431 -0.99952471256256104 0.026581676676869392 -0.015613937750458717
1432 -0.99999779462814331 -2.038378625002224e-05 0.0021027461625635624
1433 -0.99994409084320068 0.0056419596076011658 0.0089454120025038719
1434 -0.99999994039535522 -0.00016717688413336873 -0.00031658384250476956
1435 -0.99957400560379028 -0.0056420201435685158 0.028635472059249878
1436 -0.99954074621200562 -0.016517078503966331 0.025405848398804665
1437 -0.99998176097869873 0.00186309521086514 -0.0057529271580278873
1438 -0.00045415983186103404 0.99991315603256226 -0.013173090294003487
1439 -0.99972414970397949 0.015225055627524853 0.017887359485030174
1440 -0.99972236156463623 -0.023188717663288116 0.0041925855912268162
1441 -1 9.543715714244172e-05 -8.3845254266634583e-05
1442 -0.99999850988388062 0.000129421052406542 0.0017276480793952942
1443 -0.99967271089553833 0.023086534813046455 -0.011023813858628273
1444 -0.99999994039535522 -0.00033930837525986135 5.5200885981321335e-05
1445 -0.99979645013809204 -0.0070707765407860279 -0.01889742910861969
1446 -0.99994504451751709 -0.0096695562824606895 0.004057442769408226
1447 -0.99958968162536621 0.018746417015790939 0.021656470373272896
1448 -0.99999922513961792 -9.1876187070738524e-05 -0.0012656108010560274
1449 -0.99999970197677612 0.00037260018871165812 -0.00074726087041199207
1450 -0.99965882301330566 0.02583363838493824 -0.0038533268962055445
1451 -1 8.5167257566354237e-06 0.00011603337043197826
1452 -1 3.939050202461658e-06 5.3881409257883206e-05
1453 -1 3.7587980727948889e-08 5.1614040330605349e-07
1454 -1 -1.6525245882803574e-06 -2.2597700080950744e-05
1455 -1 -5.4344291129382327e-06 -7.0799222157802433e-05
1456 -0.99999982118606567 -4.4792439439333975e-05 -0.00060124363517388701
1457 -1 -1.1536309102666564e-05 -0.00015272402379196137
1458 -0.99999994039535522 -2.6750205506687053e-05 -0.00035523567930795252
1459 -0.99995964765548706 -0.0067017180845141411 0.0059902658686041832
1460 -0.99995964765548706 0.0017731942934915423 0.0088113388046622276
1461 -0.99978458881378174 0.01951943151652813 -0.0070571647956967354
1462 -0.99993902444839478 -0.0018245434621348977 -0.010892718099057674
1463 -0.99957156181335449 -0.0093124434351921082 -0.027749404311180115
1464 -0.99999397993087769 -0.0024240703787654638 0.0024745222181081772
1465 -0.99960082769393921 -0.026488402858376503 0.009827660396695137
1466 -0.9999077320098877 -0.0029664672911167145 -0.013256053440272808
1467 -0.99998009204864502 0.0060206502676010132 -0.0019014461431652308
1468 -0.99998235702514648 0.0056422115303575993 -0.0018779389793053269
1469 -0.99998313188552856 0.0054967585019767284 -0.001882874988950789
1470 -0.99998420476913452 0.0053172390908002853 -0.001848442479968071
1471 -0.99998390674591064 0.0053774174302816391 -0.0018333933549001813
1472 -0.99998444318771362 0.0052517987787723541 -0.0018693463644012809
1473 -0.99998503923416138 0.005106738768517971 -0.0019717609975486994
1474 -0.99998533725738525 0.0049803988076746464 -0.0021461779251694679
1475 -0.99972707033157349 -0.023326192051172256 0.0012994847493246198
1476 -0.99983108043670654 -0.018307125195860863 0.00168200908228755
1477 -0.00050970830488950014 0.9999958872795105 0.0028302310965955257
1478 -0.99984878301620483 -0.017326567322015762 0.0014767238171771169
1479 -0.99973326921463013 -0.023047605529427528 0.001519690384157002
1480 -0.99988794326782227 -0.014027377590537071 0.0052305608987808228
1481 -0.99984455108642578 -0.017574984580278397 0.0014255818678066134
1482 -0.99988424777984619 -0.014277652837336063 0.0052660922519862652
1483 -0.99974673986434937 -0.021320438012480736 0.0072037260979413986
1484 -0.99995708465576172 -0.008677355945110321 0.0032551782205700874
1485 -0.99989217519760132 -0.013710746541619301 0.005267526488751173
1486 -0.9997369647026062 -0.022875402122735977 0.001659226487390697
1487 -0.99984902143478394 -0.017325367778539658 0.0013679398689419031
1488 -0.99974995851516724 -0.02229941263794899 0.0016658168751746416
1489 -0.99975794553756714 -0.020728593692183495 0.0073738675564527512
1490 -0.99974739551544189 -0.021226720884442329 0.0073902537114918232
1491 -0.99976998567581177 -0.020418675616383553 0.0065606380812823772
1492 -0.99954283237457275 0.0024479462299495935 -0.030135538429021835
1493 -0.99999767541885376 0.0010114085162058473 -0.0019280641572549939
1494 -0.99983054399490356 -0.016152564436197281 0.0088385362178087234
1495 -0.99965071678161621 0.0046122237108647823 -0.026023419573903084
1496 -0.99965542554855347 -0.01811804436147213 0.018996570259332657
1497 -0.99975359439849854 0.010687509551644325 -0.019458232447504997
1498 -0.99999850988388062 0.0013103100936859846 -0.0011425933334976435
1499 -0.9999244213104248 -0.0073048113845288754 -0.0098941149190068245
1500 -0.99999862909317017 -0.0016765713226050138 -0.00026839395286515355
1501 -0.99981385469436646 -0.010532639920711517 0.016166111454367638
1502 -0.99945288896560669 0.015601716004312038 0.029164688661694527
1503 -0.99996864795684814 -0.0073541449382901192 0.0029530755709856749
1504 -0.99946928024291992 0.010065160691738129 0.030980745330452919
1505 -0.99944090843200684 0.021433345973491669 -0.0256610456854105
1506 -0.99946296215057373 0.014855340123176575 -0.029209554195404053
1507 -0.99942940473556519 -0.028914261609315872 0.017461612820625305
1508 -0.99981081485748291 0.0058449138887226582 0.018552856519818306
1509 -0.99988770484924316 -0.0070563782937824726 0.013222835026681423
1510 -0.99965053796768188 0.022526051849126816 -0.01383538730442524
1511 -0.99966704845428467 0.01365151721984148 -0.021896088495850563
1512 -0.99967789649963379 -0.0098067102953791618 0.023408656939864159
1513 -0.99999725818634033 0.0020752630662173033 -0.0010784756159409881
1514 -0.99968153238296509 -0.0048568942584097385 -0.024763878434896469
1515 -0.99990129470825195 0.01370637584477663 -0.0030895781237632036
1516 -0.99990171194076538 0.013726477511227131 -0.0028589912690222263
1517 -0.99991166591644287 0.013025469146668911 -0.0026648393832147121
1518 -0.99992048740386963 0.01238297950476408 -0.0024073051754385233
1519 -0.99990397691726685 0.013592297211289406 -0.0027051472570747137
1520 -0.99992430210113525 0.012069164775311947 -0.0023953951895236969
1521 -0.99992603063583374 0.011925249360501766 -0.0024167522788047791
1522 -0.9999237060546875 0.012108569033443928 -0.0024553863331675529
1523 -0.99991917610168457 0.012371142394840717 -0.0029625631868839264
1524 -0.9999995231628418 -0.00067973067052662373 -0.00076375325443223119
1525 -0.9999089241027832 0.013060061261057854 -0.0034165764227509499
1526 -0.99991112947463989 0.012999624013900757 -0.0029611904174089432
1527 -0.99991071224212646 0.013041317462921143 -0.0029289084486663342
1528 -0.99995696544647217 0.0090712001547217369 -0.001938141998834908
1529 -0.99991291761398315 0.012914499267935753 -0.0027337805368006229
1530 -0.99991518259048462 0.012753055430948734 -0.0026621094439178705
1531 -0.99991780519485474 0.012566500343382359 -0.0025720633566379547
1532 -0.99999970197677612 -0.00030500179855152965 -0.00074058584868907928
1533 -0.99993014335632324 0.011787731200456619 -0.00087350211106240749
1534 -0.99994653463363647 -0.0035863043740391731 -0.0097040934488177299
1535 -0.99992799758911133 0.01196887344121933 -0.00093506841221824288
1536 -0.99991506338119507 0.011572630144655704 -0.0060027427971363068
1537 -0.9999428391456604 0.010282497853040695 -0.0029376810416579247
1538 -0.99992579221725464 0.012141037732362747 -0.0010180996032431722
1539 -5.7193712564185262e-05 0.99994343519210815 -0.010642043314874172
1540 -0.99992597103118896 0.012125300243496895 -0.0010477991309016943
1541 -0.99997961521148682 -0.0037646708078682423 0.0051619946025311947
1542 -0.99991989135742188 0.012608782388269901 -0.0011376937618479133
1543 -0.99998211860656738 0.0048717069439589977 -0.0034662270918488503
1544 -0.99998444318771362 0.0054881502874195576 -0.0010691962670534849
1545 -0.99990367889404297 0.013816887512803078 -0.0013282526051625609
1546 -0.99990105628967285 0.013983575627207756 -0.0015389678301289678
1547 -0.99999934434890747 0.00025290108169429004 -0.0011270338436588645
1548 -0.99941939115524292 -0.021392729133367538 0.026518689468502998
1549 -0.99980229139328003 0.0033092761877924204 0.019607314839959145
1550 -0.9999995231628418 -0.00081276160199195147 -0.00060008745640516281
1551 -0.99967271089553833 -0.022860795259475708 0.011482512578368187
1552 -0.99998003244400024 0.0058207330293953419 -0.0024741969536989927
1553 -0.99999731779098511 -0.00116556859575212 0.002009659307077527
1554 -0.99999207258224487 -0.0039772801101207733 0.00034878426231443882
1555 -0.99999922513961792 0.0011508127208799124 0.00051691749831661582
1556 -0.99999850988388062 0.0017300390172749758 0.00020999024854972959
1557 -0.99999856948852539 -0.0014700454194098711 0.00083609309513121843
1558 -0.99999982118606567 0.0005843761027790606 0.00023644481552764773
1559 -0.99999946355819702 0.00069070101017132401 0.00082528090570122004
1560 -0.99999898672103882 0.00092058791778981686 -0.0011109157931059599
1561 -0.99999940395355225 0.00027228714316152036 -0.0010587285505607724
1562 -0.9999886155128479 -0.0045541534200310707 0.001414008904248476
1563 -0.99997967481613159 0.0062276399694383144 -0.001368848723359406
1564 -0.99997001886367798 0.0074843470938503742 -0.0019897571764886379
1565 -0.99999994039535522 0.00025453593116253614 0.00027610769029706717
1566 -0.99999994039535522 -0.00012403851724229753 0.00046143762301653624
1567 -0.99999988079071045 -9.3096954515203834e-05 0.00057973607908934355
1568 -0.9999997615814209 0.00028677762020379305 0.00064540462335571647
1569 -0.99924284219741821 -0.0036972707603126764 0.038731299340724945
1570 -0.9999467134475708 -0.006706838496029377 -0.0078504523262381554
1571 -0.9999464750289917 0.010314991697669029 0.00080753304064273834
1572 -0.99986165761947632 -0.016636701300740242 0.00010897684842348099
1573 -0.9999992847442627 -0.0011139508569613099 -0.00041291586239822209
1574 -0.99999922513961792 -0.00067210954148322344 0.0010658538667485118
1575 -1 -0.00014516955707222223 0.00013193083577789366
1576 -0.99998623132705688 0.005017879419028759 -0.0015644989907741547
1577 -0.99998605251312256 0.0050149089656770229 -0.0016732355579733849
1578 -0.99930649995803833 -0.013653293251991272 0.034643225371837616
1579 -0.99999934434890747 -0.0011261528125032783 -0.00028864620253443718
1580 -0.99998557567596436 0.0050821690820157528 -0.0017480689566582441
1581 -0.99999862909317017 -0.0015582955675199628 0.00060781615320593119
1582 -0.99990940093994141 0.012727620080113411 -0.0043877116404473782
1583 -0.99989008903503418 0.013996703550219536 -0.0048920190893113613
1584 -0.99988144636154175 0.014493511058390141 -0.0051999911665916443
1585 -0.9997706413269043 0.0073220860213041306 -0.020125936716794968
1586 -0.999988853931427 -0.0040812329389154911 0.0023855557665228844
1587 -0.99999892711639404 0.00092008349020034075 -0.0011620217701420188
1588 -0.99997919797897339 0.0022187428548932076 -0.0060598053969442844
1589 -0.99999982118606567 0.00012777505617123097 0.00065272918436676264
1590 -0.99987936019897461 0.014550625346601009 -0.005436052568256855
1591 -0.9999992847442627 0.0011550687486305833 0.00042387595749460161
1592 -0.99999874830245972 -0.0011811181902885437 0.0010816960129886866
1593 -0.99999958276748657 0.00023431048612110317 -0.00093820824986323714
1594 -0.99982792139053345 -0.01832953467965126 0.0028730521444231272
1595 -0.99999988079071045 0.00036761994124390185 0.00042349120485596359
1596 -0.99999988079071045 -5.8414225350134075e-05 0.00052674091421067715
1597 -0.99999994039535522 0.00033745443215593696 0.00031643960392102599
1598 -0.99999994039535522 -8.7657870608381927e-05 0.00043713574996218085
1599 -0.99986892938613892 0.01083806436508894 -0.012030270881950855
1600 -0.99995929002761841 -0.00060305953957140446 0.0090036867186427116
1601 -0.99999994039535522 -2.8562739316839725e-05 0.0003705955168697983
1602 -0.99998730421066284 -0.004604035522788763 0.0020627365447580814
1603 -0.99997735023498535 -0.0062432698905467987 0.0025201968383044004
1604 -0.99999940395355225 -0.00072327087400481105 -0.00083766249008476734
1605 -1 1.0089153875014745e-05 0.00015438561968039721
1606 -0.99999320507049561 -0.0036955506075173616 0.00014802603982388973
1607 -0.99997812509536743 -0.0061749676242470741 0.0023756094742566347
1608 -0.99999880790710449 -0.0013537429040297866 -0.00075222644954919815
1609 -1 4.4499483919935301e-06 6.8817869760096073e-05
1610 -0.99972057342529297 -0.019043369218707085 0.014006223529577255
1611 -0.99997889995574951 -0.0060820546932518482 0.0023002584930509329
1612 -1 1.338969923381228e-06 2.0853014575550333e-05
1613 -0.99919760227203369 0.032606571912765503 -0.023258836939930916
1614 -0.99998021125793457 -0.005885926540941 0.0022408796939998865
1615 -0.99994295835494995 -0.00065490452107042074 0.010664766654372215
1616 -0.99999922513961792 -0.0011818860657513142 -0.00048577075358480215
1617 -1 -8.4528295474228798e-07 -1.3110148756823037e-05
1618 -0.99997997283935547 -0.0059425043873488903 0.0021795923821628094
1619 -0.99999880790710449 -0.0014995806850492954 -0.00046626353287138045
1620 -1 -3.1225035854731686e-06 -5.0233647925779223e-05
1621 -0.99998056888580322 -0.0059029865078628063 0.0020222205203026533
1622 -1 -7.0139340095920488e-06 -0.00010981730883941054
1623 -0.99997961521148682 -0.006110308226197958 0.001879860763438046
1624 -1 -1.6427413356723264e-05 -0.00026867561973631382
1625 -0.99999988079071045 -3.0760602385271341e-05 -0.00050656823441386223
1626 -0.99999594688415527 0.0024268538691103458 -0.0014926206786185503
1627 -0.99932277202606201 -0.023850409314036369 -0.02802034467458725
1628 -0.99991452693939209 0.01243169978260994 -0.004052543081343174
1629 -0.99995404481887817 -0.0093040252104401588 0.0023325590882450342
1630 -0.99995297193527222 -0.0094263069331645966 0.0022879682946950197
1631 -0.99995201826095581 -0.0095307826995849609 0.0022791977971792221
1632 -0.99995213747024536 -0.0095293158665299416 0.0022253291681408882
1633 -0.99998599290847778 -0.0038991149049252272 0.0035828370600938797
1634 -0.99995911121368408 -0.0088175544515252113 0.0020084423013031483
1635 -0.99995118379592896 -0.009654724970459938 0.002118963748216629
1636 -0.9999881386756897 -0.0048497496172785759 0.00049418368143960834
1637 -0.99995386600494385 -0.0094298273324966431 0.0018313031177967787
1638 -0.99998974800109863 -0.004407691303640604 0.0010784291662275791
1639 -0.99998241662979126 -0.0051027978770434856 0.003032313659787178
1640 -0.99998962879180908 -0.0044432124122977257 0.0010098464554175735
1641 -0.99998939037322998 -0.0045148488134145737 0.00095246743876487017
1642 -0.99999862909317017 0.0016330641228705645 -0.00027532584499567747
1643 -0.9999539852142334 -0.0094198044389486313 0.0018157943850383162
1644 -0.99995166063308716 -0.009666011668741703 0.0018173563294112682
1645 -0.99994206428527832 -0.010606372728943825 0.0018552778055891395
1646 -0.99994128942489624 -0.010721591301262379 0.0015884583117440343
1647 -0.99992412328720093 0.0069930781610310078 0.01014894712716341
1648 -1 0 0.00022854255803395063
1649 -1 0 -2.99667808576487e-05
1650 -1 0 0.00021595267753582448
1651 -0.99999934434890747 0 -0.0011496460065245628
1652 -1 0 0.00027802141266874969
1653 -1 0 -2.466809019097127e-05
1654 -1 0 0.00022951100254431367
1655 -1 0 -0.00012029904610244557
1656 -0.99999886751174927 0 0.0014987762551754713
1657 -1 0 0.0002780389622785151
1658 -0.99999964237213135 0 -0.00084941438399255276
1659 -1 0 0.00017454332555644214
1660 -1 0 -0.0001032326472341083
1661 -1 0 1.4459116755460855e-05
1662 -1 -0 0.00018484811880625784
1663 -1 0 0.0002162043092539534
1664 -1 0 -0.00010732004011515528
1665 -1 0 0.00021738634677603841
1666 -1 0 0.00015066264313645661
1667 -1 0 -4.6199318603612483e-05
1668 -1 0 -3.1394589314004406e-05
1669 -1 0 -0.00014002795796841383
1670 -1 0 0.0001906793040689081
1671 -1 0 -2.2219166567083448e-05
1672 -1 -0 2.1343608750612475e-05
1673 -0.99999904632568359 0 0.0013812776887789369
1674 -1 0 0.0001332422107225284
1675 -1 0 -0.00024902125005610287
1676 -0.99999994039535522 0 -0.00032559913233853877
1677 -1 0 0.00019740288553293794
1678 -1 0 -4.132743569584818e-08
1679 -0.99999958276748657 0 0.00095670699374750257
1680 -1 0 -0.00015765319403726608
1681 -0.99999904632568359 0 0.0014093131758272648
1682 -1 0 0.00019471111590974033
1683 -0.99999988079071045 0 -0.00050696585094556212
1684 -0.99999994039535522 0 0.00032887826091609895
1685 -0.99999988079071045 0 -0.00054916233057156205
1686 -1 0 0.00022030339459888637
1687 -0.99999988079071045 0 0.00056534435134381056
1688 -1 0 -7.9644552897661924e-05
1689 -0.99999994039535522 0 -0.00041248183697462082
1690 -0.99999994039535522 0 -0.00030726875411346555
1691 -0.99999934434890747 0 0.0011757351458072662
1692 -1 0 -2.2488342438009568e-05
1693 -1 0 2.5328597985208035e-05
1694 -0.9999995231628418 0 -0.00097747822292149067
1695 -1 0 0.00015998142771422863
1696 -1 0 6.577243038918823e-05
1697 -1 0 1.3247820788819809e-05
1698 -1 0 -0.00010148592264158651
1699 -0.99999988079071045 0 0.0004828708479180932
1700 -0.99999970197677612 0 -0.00082693528383970261
1701 -1 -0 0.00010163148544961587
1702 -1 0 4.1215887904400006e-05
1703 -0.99999982118606567 0 0.00058918987633660436
1704 -0.99999982118606567 0 0.0005728373653255403
1705 -0.99999994039535522 0 -0.00041847978718578815
1706 -1 0 -0.00029826597892679274
1707 -0.99999994039535522 0 -0.00039098862907849252
1708 -1 0 -8.8489359768573195e-05
1709 -1 -0 0.00010059573833132163
1710 -1 0 -0.00019170115410815924
1711 -0.99999988079071045 -0 0.00047694309614598751
1712 -0.99999988079071045 0 -0.00046508540981449187
1713 -0.99999910593032837 -0 0.0013606653083115816
1714 -1 0 8.2707170804496855e-05
1715 -1 0 -0.0001450165145797655
1716 -0.99999934434890747 0 0.0011822889791801572
1717 -1 0 0.00019196374341845512
1718 -0.99999988079071045 0 -0.00049468904035165906
1719 -0.9999995231628418 0 -0.00096292799571529031
1720 -0.9999995231628418 0 -0.00097025430295616388
1721 -1 0 -3.4557783692434896e-06
1722 -1 0 0.00014584086602553725
1723 -0.99999988079071045 0 -0.00049897539429366589
1724 -1 0 0.00013746712647844106
1725 -0.99999994039535522 0 -0.00034648959990590811
1726 -1 0 7.4573348683770746e-05
1727 -0.99999970197677612 0 -0.00079120788723230362
1728 -1 0 -5.7852925237966701e-05
1729 -0.99999994039535522 0 0.00041410201811231673
1730 -1 0 -4.7928489948390052e-05
1731 -1 0 1.2659727872232907e-05
1732 -1 0 9.7084732260555029e-05
1733 -1 0 -0.00023323339701164514
1734 -1 0 -2.5902794732246548e-05
1735 -1 0 0.00010357716382713988
1736 -1 0 5.009287633583881e-05
1737 -0.99999982118606567 0 -0.00064015574753284454
1738 -1 0 6.4622581703588367e-05
1739 -0.99999970197677612 0 0.00077863188926130533
1740 -0.99999988079071045 0 -0.00053562148241326213
1741 -0.9999997615814209 0 -0.00068671745248138905
1742 -1 0 -0.0001973509497474879
1743 -1 0 -0.00014001040835864842
1744 -1 0 8.632057870272547e-05
1745 -0.9999995231628418 0 0.0010078331688418984
1746 -0.9999992847442627 -0 0.0012283035321161151
1747 -1 0 7.500929496018216e-05
1748 -1 0 0.00020706106442958117
1749 -0.99999970197677612 0 -0.00076335686026141047
1750 -0.99999988079071045 0 0.0004815512802451849
1751 -1 0 -3.1125411624088883e-05
1752 -1 0 -3.6488469049800187e-05
1753 -1 0 0.00012622021313291043
1754 -1 0 -5.2832190704066306e-05
1755 -1 0 -2.0393445083755068e-05
1756 -1 0 2.5299339540651999e-05
1757 -1 0 -0.00011390317376935855
1758 -0.9999997615814209 0 0.00074289576150476933
1759 -0.99999982118606567 -0 0.00064600084442645311
1760 -1 0 2.7979405786027201e-05
1761 -0.99999970197677612 0 -0.00080013164551928639
1762 -1 0 -3.917146023013629e-05
1763 -1 0 -6.1486811318900436e-05
1764 -1 -0 2.4134492377925199e-06
1765 -1 0 4.6303917770273983e-05
1766 -1 0 -8.5007610323373228e-05
1767 -0.99999970197677612 0 -0.00078245083568617702
1768 -1 0 3.4345659969403641e-06
1769 -1 0 -2.6277666620444506e-06
1770 -1 0 8.5472085629589856e-05
1771 -1 0 6.7949258664157242e-05
1772 -1 0 -0.00018065026961266994
1773 -0.99999994039535522 0 0.00034527757088653743
1774 -0.99999994039535522 0 0.0003862100129481405
1775 -1 0 0.00023016054183244705
1776 -1 0 -0.00024776899954304099
1777 -1 0 -0.00015267635171767324
1778 -1 0 -0.00024146671057678759
1779 -0.99999994039535522 0 -0.00033833822817541659
1780 -1 0 0.00019021409389097244
1781 -1 0 0.0001524181425338611
1782 -1 -0 3.7353784136939794e-05
1783 -1 0 -0.00017325668886769563
1784 -1 0 -0.00021585979266092181
1785 -0.99999994039535522 0 0.00032427883706986904
1786 -1 0 0.00011227567301830277
1787 -0.99999994039535522 0 -0.00042733634472824633
1788 -0.99999940395355225 0 -0.001104099559597671
1789 -1 0 8.7526022980455309e-05
1790 -1 -0 4.609618554241024e-05
1791 -0.99999994039535522 0 -0.00041815501754172146
1792 -0.99999958276748657 0 0.00094825431006029248
1793 -1 0 -6.9377791078295559e-05
1794 -1 0 0.00010987941641360521
1795 -1 0 5.3118190407985821e-05
1796 -1 0 0.00012093615077901632
1797 -1 -0 0.00016277268878184259
1798 -1 0 8.2651213233475573e-06
1799 -1 0 7.4456314905546606e-05
1800 -0.99999982118606567 -0 0.00062796886777505279
1801 -1 0 0.00023360132763627917
1802 -0.99999946355819702 0 -0.0010709938360378146
1803 -0.9999992847442627 0 0.0012031588703393936
1804 -1 0 -7.4290637712692842e-06
1805 -1 0 -4.3276409996906295e-05
1806 -1 0 0.00014251127140596509
1807 -1 0 -8.1555124779697508e-05
1808 -0.99999994039535522 0 -0.00034873955883085728
1809 -0.99999982118606567 0 0.00060962390853092074
1810 -1 0 3.5086261050309986e-05
1811 -1 0 9.5466748462058604e-05
1812 -0.99999964237213135 0 -0.00083316722884774208
1813 -1 0 3.3380133572791237e-06
1814 -1 -0 0.00017395229951944202
1815 -0.9999995231628418 0 -0.00097574025858193636
1816 -1 0 -7.8708653745707124e-06
1817 -1 0 1.0210802429355681e-05
1818 -1 -0 9.5674477051943541e-05
1819 -1 0 -4.9201229558093473e-05
1820 -1 0 -6.7072236561216414e-05
1821 -1 0 -4.5511747885029763e-05
1822 -1 0 4.4372867705533281e-05
1823 -1 0 7.1474523792858236e-06
1824 -0.99999988079071045 0 -0.00056566693820059299
1825 -0.99999946355819702 0 0.0010647961171343923
1826 -1 0 0.00011833508324343711
1827 -0.99999988079071045 0 -0.0004585900460369885
1828 -1 0 0.00026637365226633847
1829 -0.9999997615814209 0 0.00066948647145181894
1830 -1 0 0.000120842523756437
1831 -1 0 1.3864806760466308e-06
1832 -1 0 -8.0332123616244644e-05
1833 -1 0 -3.5560980904847383e-05
1834 -1 0 -0.00024767243303358555
1835 -1 0 -0.00017001778178382665
1836 -1 0 0.00012316563515923917
1837 -1 0 -0.0001229937479365617
1838 -1 0 -0.00025872918195091188
1839 -1 -0 0.00027298019267618656
1840 -1 0 0.00015152283594943583
1841 -0.99999994039535522 0 -0.00043369416380301118
1842 -1 0 7.6472213550005108e-05
1843 -0.99999940395355225 0 -0.0010822025360539556
1844 -1 0 4.6040593588259071e-05
1845 -0.99999994039535522 0 -0.00032876196200959384
1846 -0.99999988079071045 0 -0.00051334418822079897
1847 -1 -0 0.00023507887090090662
1848 -0.99999988079071045 0 0.00047427180106751621
1849 -0.99999994039535522 0 0.00042284149094484746
1850 -1 0 8.9041604951489717e-05
1851 -1 0 -3.7380850699264556e-05
1852 -1 0 -3.6865902075078338e-05
1853 -1 0 1.1047592124668881e-05
1854 -1 0 -2.4603723431937397e-05
1855 -1 0 -4.9765912990551442e-05
1856 -0.99999988079071045 -0 0.00046588049735873938
1857 -1 0 -0.000254062470048666
1858 -1 0 -1.8020591596723534e-05
1859 -1 0 -6.9810819695703685e-05
1860 -1 0 -9.9335793493082747e-06
1861 -1 0 9.3242742877919227e-06
1862 -1 0 0.00017483298142906278
1863 -0.99999964237213135 0 -0.0008837783825583756
1864 -0.9999997615814209 0 0.00068818841828033328
1865 -0.99999994039535522 0 -0.0004041139327455312
1866 -1 0 -9.0794914285652339e-05
1867 -0.99999970197677612 0 -0.00078526546712964773
1868 -0.99999964237213135 0 0.00087275600526481867
1869 -1 0 7.1971912802837323e-06
1870 -0.99999988079071045 0 0.00052960525499656796
1871 -0.9999997615814209 0 -0.00069008511491119862
1872 -1 0 -0.00011745806114049628
1873 -0.99999946355819702 0 0.0010640411637723446
1874 -0.99999988079071045 0 -0.00051479542162269354
1875 -1 0 5.2407212933758274e-05
1876 -1 0 -0.00015461618022527546
1877 -1 0 1.8663178025235538e-06
1878 -0.99999994039535522 0 0.00031390966614708304
1879 -0.99999994039535522 0 -0.00045401992974802852
1880 -0.99999982118606567 0 -0.00059665733715519309
1881 -1 0 -0.00020384629897307605
1882 -0.99999994039535522 0 -0.00043131253914907575
1883 -1 0 0.00023206525656860322
1884 -0.99999982118606567 0 -0.00058820750564336777
1885 -1 0 -0.00026944943238049746
1886 -1 0 0.00015770220488775522
1887 -1 0 2.0822810256504454e-05
1888 -1 0 3.8073540054028854e-05
1889 -1 0 0.00010950490832328796
1890 -1 0 5.5666594562353566e-05
1891 -1 0 0.00012035683175781742
1892 -0.99999994039535522 0 -0.00034821583540178835
1893 -1 0 7.6103562605567276e-05
1894 -0.9999997615814209 0 -0.00068015482975170016
1895 -1 0 9.1800669906660914e-05
1896 -1 -0 4.1087154386332259e-05
1897 -1 0 -0.00011614729010034353
1898 -1 0 0.0001350854872725904
1899 -1 0 1.0834005479409825e-05
1900 -1 -0 7.0617614255752414e-05
1901 -1 0 0.00015847756003495306
1902 -0.99999994039535522 0 -0.00037299474934116006
1903 -1 0 4.2593957914505154e-05
1904 -1 -0 5.5312568292720243e-05
1905 -1 0 8.961214916780591e-05
1906 -0.9999997615814209 -0 0.00068024772917851806
1907 -0.99999994039535522 0 -0.0003641382500063628
1908 -1 0 0.00013688488979823887
1909 -1 -0 5.4706921218894422e-05
1910 -1 -0 0.00013922847574576735
1911 -0.99999970197677612 0 -0.00082016485976055264
1912 -0.99999988079071045 0 -0.00050757441204041243
1913 -0.99999982118606567 0 -0.00062768580392003059
1914 -1 -0 6.9318542955443263e-05
1915 -0.9999995231628418 0 -0.0010066664544865489
1916 -1 0 6.9830566644668579e-05
1917 -0.99999922513961792 0 0.0012698678765445948
1918 -1 0 0.00017511971236672252
1919 -0.9999997615814209 0 -0.00067971594398841262
1920 -1 -0 3.7857029383303598e-05
1921 -1 -0 0.00015804744907654822
1922 -1 -0 6.6114756918977946e-05
1923 -1 0 0.00023238417634274811
1924 -1 0 -0.000295790727250278
1925 -0.99999982118606567 0 0.00060633523389697075
1926 -1 0 4.1221741412300617e-05
1927 -1 0 0.00011375029862392694
1928 -0.9999997615814209 0 -0.0007021687924861908
1929 -1 0 -7.7675467764493078e-05
1930 -1 -0 0.00017769444093573838
1931 -0.99999994039535522 0 -0.00031395722180604935
1932 -0.99999934434890747 0 -0.0011426357086747885
1933 -0.99999982118606567 0 -0.00064833054784685373
1934 -0.99999892711639404 0 0.00148723681923002
1935 -1 0 -0.00015989439270924777
1936 -0.9999997615814209 0 -0.00068414857378229499
1937 -1 0 0.00010078006016556174
1938 -0.9999997615814209 0 -0.00073063722811639309
1939 -1 0 5.7240693422500044e-05
1940 -1 0 -6.1442930018529296e-05
1941 -1 0 -3.0987896025180817e-05
1942 -1 0 -4.2925308662233874e-05
1943 -1 0 7.3247945692855865e-05
1944 -1 0 -1.8084960174746811e-05
1945 -1 0 -6.1369777540676296e-05
1946 -1 0 7.496541365981102e-05
1947 -1 0 -1.3087631486996543e-05
1948 -1 -0 3.9597900467924774e-05
1949 -1 0 0.00017756278975866735
1950 -0.99999994039535522 0 0.00040696296491660178
1951 -1 0 -7.7845164923928678e-05
1952 -1 0 -7.5369905971456319e-05
1953 -1 -0 1.778542696229124e-06
1954 -0.99999970197677612 0 -0.00082611892139539123
1955 -0.99999970197677612 -0 0.00076620589243248105
1956 -0.99999982118606567 0 0.00059193134075030684
1957 -1 0 -0.00010421572369523346
1958 -0.9999997615814209 0 -0.00073309789877384901
1959 -1 0 -0.00015074822294991463
1960 -0.99999958276748657 0 0.00095309660537168384
1961 -0.9999995231628418 0 0.00097577756969258189
1962 -1 -0 0.00016068948025349528
1963 -1 0 -0.00013364086044020951
1964 -1 0 1.4096312952460721e-05
1965 -0.99999982118606567 0 -0.00063754589064046741
1966 -0.99999988079071045 0 -0.00055133621208369732
1967 -0.99999988079071045 0 -0.00046975797158665955
1968 -1 0 -0.00017299920727964491
1969 -1 0 0.00027057222905568779
1970 -1 0 -0.00022881831682752818
1971 -1 -0 0.00018594237917568535
1972 -0.99999994039535522 0 0.00041725020855665207
1973 -0.99999994039535522 0 -0.00038395199226215482
1974 -1 -0 2.7016805688617751e-05
1975 -1 0 0.00012781479745171964
1976 -0.99999994039535522 0 -0.00030721025541424751
1977 -0.99999994039535522 0 0.00035740222665481269
1978 -1 0 4.597622319124639e-05
1979 -1 -0 6.2422353948932141e-05
1980 -1 -0 9.7693307907320559e-05
1981 -1 0 8.373706805286929e-05
1982 -1 -0 0.00023894682817626745
1983 -1 0 -5.744330701418221e-05
1984 -1 0 -9.0646062744781375e-06
1985 -1 0 0.0001325663470197469
1986 -0.99999964237213135 0 0.00085467140888795257
1987 -0.99999958276748657 0 -0.0009307731525041163
1988 -1 0 -6.1671140429098159e-05
1989 -1 -0 4.4674226955976337e-05
1990 -1 0 -7.5364056101534516e-05
1991 -0.99999934434890747 -0 0.0011534868972375989
1992 -1 -0 8.8283813965972513e-05
1993 -0.99999994039535522 0 0.00045107287587597966
1994 -1 0 0.00012842628348153085
1995 -0.99999994039535522 -0 0.00035114679485559464
1996 -1 -0 1.8373886632616632e-05
1997 -1 0 -9.963972115656361e-05
1998 -1 0 -0.00022587199055124074
1999 -0.9999995231628418 0 0.0009932653047144413
2000 -1 0 0.00016181300452444702
2001 -0.99999940395355225 0 0.0011239974992349744
2002 -1 -0 8.6601094153593294e-06
2003 -0.99999958276748657 0 -0.00091320934006944299
2004 -1 0 0.00010961316002067178
2005 -1 -0 0.00020514171046670526
2006 -1 0 0.00019863466150127351
2007 -0.99999970197677612 0 0.0008216212154366076
2008 -1 0 3.3123025787062943e-05
2009 -1 0 -0.00022830629313830286
2010 -1 -0 8.8023414718918502e-05
2011 -0.99999994039535522 0 0.00030320405494421721
2012 -0.99999994039535522 0 0.00032090241438709199
2013 -1 0 -0.00013003330968786031
2014 -1 -0 5.6828150263754651e-05
2015 -0.99999946355819702 0 -0.0010762369493022561
2016 -0.99999904632568359 0 0.0013727722689509392
2017 -0.99999994039535522 0 0.00033112530945800245
2018 -1 0 -1.0717703844420612e-05
2019 -1 0 -1.967661410162691e-05
2020 -1 0 5.73723555135075e-05
2021 -0.99999982118606567 0 -0.00063048000447452068
2022 -1 0 -6.4459827626706101e-06
2023 -1 0 -1.7517348169349134e-05
2024 -1 0 -1.2695569239440374e-05
2025 -1 0 3.9293616282520816e-05
2026 -0.99999970197677612 0 0.00078493705950677395
2027 -0.99999958276748657 0 0.00092183105880394578
2028 -1 0 2.9919236112618819e-05
2029 -1 0 -5.9906862588832155e-05
2030 -1 -0 4.8650439566699788e-05
2031 -0.9999995231628418 0 0.0010043688816949725
2032 -1 -0 0.00010129208385478705
2033 -0.9999997615814209 -0 0.00074344000313431025
2034 -1 0 6.1512415413744748e-05
2035 -1 -0 0.00013828343071509153
2036 -1 0 0.00011262384941801429
2037 -1 0 4.1610877815401182e-05
2038 -1 0 4.2435964132891968e-05
2039 -1 0 -7.7889053500257432e-05
2040 -0.99999982118606567 0 0.000640277867205441
2041 -1 0 5.3758947615278885e-05
2042 -1 0 0.00011762117355829105
2043 -0.99999988079071045 0 -0.00054889608873054385
2044 -1 0 6.1626524257007986e-05
2045 -1 -0 4.9955360736930743e-05
2046 -0.99999982118606567 0 -0.00058734440244734287
2047 -0.99999970197677612 0 0.0008206820348277688
2048 -0.99999970197677612 0 0.0007831552647985518
2049 -0.9999992847442627 0 -0.0012266511330381036
2050 -0.99999922513961792 0 -0.0012419121339917183
2051 -0.99999868869781494 0 0.001629663398489356
2052 -0.99999862909317017 0 0.0016668448224663734
2053 0 0.9999956488609314 -0.0029565040022134781
2054 0 0.99999916553497314 -0.0013019298203289509
2055 0 0.99999308586120605 -0.0037303220015019178
2056 0 0.9999966025352478 -0.0026094161439687014
2057 0 0.99999278783798218 -0.0037942333146929741
2058 0 1 -0.00013045755622442812
2059 0 1 -0.00013057165779173374
2060 0 0.99999237060546875 -0.0039144703187048435
2061 -0 1 -0.00015632779104635119
2062 0 1 -0.0002113393711624667
2063 -0 0.99999266862869263 -0.0038334245327860117
2064 -0 1 -0.00014367941184900701
2065 0 1 -0.00014889324666000903
2066 0 1 -0.00021209423721302301
2067 0 0.99999314546585083 -0.0037110494449734688
2068 -0 1 -0.00013970318832434714
2069 -0 1 -0.00018576756701804698
2070 0 1 -0.00011865473061334342
2071 0 1 -0.00011917552910745144
2072 0 0.99999350309371948 -0.003607709426432848
2073 -0 1 -0.00013791843957733363
2074 0 1 -0.00010945589747279882
2075 0 0.99999290704727173 -0.0037743584252893925
2076 0 1 -0.00015638339391443878
2077 -0 1 -0.00012723327381536365
2078 0 1 -0.00020511903858277947
2079 -0 1 -0.00012586105731315911
2080 0 1 -0.00018367850861977786
2081 0 1 -0.00012744979176204652
2082 -0 0.99999994039535522 -0.00033715032623149455
2083 0 1 -0.00013846556248608977
2084 -0 1 -0.00017856415070127696
2085 0 0.99999415874481201 -0.0034205156844109297
2086 0 0.99999284744262695 -0.0037917289882898331
2087 0 0.99999356269836426 -0.0035850782878696918
2088 0 0.99999356269836426 -0.0035863921511918306
2089 -0 1 -0.00012712209718301892
2090 -0 0.99999243021011353 -0.0038910747971385717
2091 0 0.99999982118606567 -0.00065560714574530721
2092 0 0.9999995231628418 -0.0010044047376140952
2093 -0 0.99999290704727173 -0.0037648873403668404
2094 0 0.99999266862869263 -0.0038335064891725779
2095 0 1 -0.00020373219740577042
2096 0 0.99999880790710449 -0.0015378134557977319
2097 -0 0.99999260902404785 -0.0038559155073016882
2098 -0 0.99999880790710449 -0.0015356717631220818
2099 0 1 -0.00014010111044626683
2100 0 1 -0.00018233555601909757
2101 0 0.99999260902404785 -0.0038436092436313629
2102 0 0.99999934434890747 -0.0011536866659298539
2103 0 0.99999254941940308 -0.0038649649359285831
2104 0 0.9999997615814209 -0.00067917758133262396
2105 0 0.99999773502349854 -0.0021459271665662527
2106 -0 1 -0.00011200430162716657
2107 0 0.9999995231628418 -0.0009939360897988081
2108 -0 1 -0.00021641569037456065
2109 0 1 -0.00013298547128215432
2110 -0 0.99999982118606567 -0.00060052529443055391
2111 0 0.99999463558197021 -0.0032782419584691525
2112 0 1 -8.7602827989030629e-05
2113 -0 0.99999493360519409 -0.0031869504600763321
2114 0 1 -9.7699892648961395e-05
2115 0 0.99999755620956421 -0.002204270800575614
2116 -0 0.99999862909317017 -0.0016696718521416187
2117 0 0.99999314546585083 -0.0037041387986391783
2118 0 1 -0.00017768933321349323
2119 0 0.99999809265136719 -0.0019617900252342224
2120 0 1 -0.00015183955838438123
2121 0 0.9999929666519165 -0.0037558728363364935
2122 0 0.99999278783798218 -0.003802411025390029
2123 0 1 -0.00010333212412660941
2124 0 0.99999892711639404 -0.0014862837269902229
2125 0 1 -0.00013940475764684379
2126 0 0.99999988079071045 -0.00049426482291892171
2127 0 0.99999994039535522 -0.00033415426150895655
2128 0 0.99999898672103882 -0.0014226380735635757
2129 0 0.9999966025352478 -0.0026136701926589012
2130 -0 0.99999833106994629 -0.001827745814807713
2131 -0 0.99999499320983887 -0.003175440477207303
2132 -0 0.99999725818634033 -0.0023372059222310781
2133 -0 0.99999994039535522 -0.00034214765764772892
2134 -0 1 -0.00013424943608697504
2135 0 0.99999994039535522 -0.0003535028372425586
2136 0 0.9999995231628418 -0.0009745933348312974
2137 -0 0.99999988079071045 -0.0005544610321521759
2138 0 1 -0.00010440883488627151
2139 -0 1 -0.0001648653851589188
2140 -0 0.99999994039535522 -0.00035515884519554675
2141 -0 0.99999994039535522 -0.00038704462349414825
2142 0 1 -0.00015664378588553518
2143 0 0.9999927282333374 -0.003822648897767067
2144 0 0.99999982118606567 -0.00060625112382695079
2145 0 0.99999910593032837 -0.0013286193134263158
2146 0 0.99999231100082397 -0.0039310972206294537
2147 -0 0.99999415874481201 -0.0034167265985161066
2148 0 0.9999922513961792 -0.0039357314817607403
2149 0 1 -8.0890960816759616e-05
2150 0 1 -0.00019748846534639597
2151 -0 1 -9.8800002888310701e-05
2152 0 1 -9.5318260719068348e-05
2153 0 0.99999487400054932 -0.0032114514615386724
2154 0 1 -0.00027184569626115263
2155 -0 0.99999219179153442 -0.00395967997610569
2156 0 0.99999445676803589 -0.0033276297617703676
2157 -0 0.99999254941940308 -0.0038665009196847677
2158 -0 0.99999243021011353 -0.0038937781937420368
2159 0 1 -0.00016332932864315808
2160 0 0.99999994039535522 -0.00040029571391642094
2161 -0 1 -0.00023630552459508181
2162 0 0.99999916553497314 -0.0012843192089349031
2163 0 0.99999356269836426 -0.0035860820207744837
2164 0 0.99999254941940308 -0.0038596750237047672
2165 0 1 -0.00011521979467943311
2166 -0 0.9999966025352478 -0.0026010335423052311
2167 0 1 1.8727912902249955e-05
2168 0 1 -0.00015410123160108924
2169 0 1 -0.00028937729075551033
2170 0 0.9999920129776001 -0.0040008132345974445
2171 0 0.99999570846557617 -0.0029332903213799
2172 -0 1 -0.00011293764691799879
2173 0 1 -8.9507550001144409e-05
2174 0 0.99999254941940308 -0.0038671533111482859
2175 0 0.99999994039535522 -0.00039478929829783738
2176 0 0.99999815225601196 -0.0019289299380034208
2177 0 1 -6.5995525801554322e-05
2178 0 0.99999278783798218 -0.0037996461614966393
2179 0 1 -0.00015822959539946169
2180 0 1 -7.3576367867644876e-05
2181 -0 0.99999493360519409 -0.0031888347584754229
2182 0 0.99999260902404785 -0.0038517429493367672
2183 0 1 -6.095723801990971e-05
2184 0 0.99999183416366577 -0.004038351122289896
2185 0 0.9999966025352478 -0.0026161368004977703
2186 0 0.99999994039535522 -0.00035761363687925041
2187 0 0.99999988079071045 -0.000475583306979388
2188 0 0.9999924898147583 -0.0038784469943493605
2189 -0 0.99999743700027466 -0.0022683145944029093
2190 0 0.99999958276748657 -0.00093555101193487644
2191 -0 0.9999997615814209 -0.00070394185604527593
2192 -0 0.99999421834945679 -0.0034098601900041103
2193 -0 0.99999582767486572 -0.0028988097328692675
2194 0 0.99999213218688965 -0.0039753387682139874
2195 -0 0.9999922513961792 -0.0039435960352420807
2196 0 1 -0.00014033517800271511
2197 -0 0.99999576807022095 -0.0029182368889451027
2198 0 0.99999213218688965 -0.0039675440639257431
2199 0 1 2.3227848942042328e-05
2200 0 1 -8.7614535004831851e-05
2201 0 0.9999924898147583 -0.0038863762747496367
2202 0 0.99999666213989258 -0.002594582038000226
2203 0 1 -7.3579292802605778e-05
2204 0 0.9999924898147583 -0.0038832833524793386
2205 0 0.99999839067459106 -0.0018119113519787788
2206 0 1 -6.1919839936308563e-05
2207 -0 0.99999576807022095 -0.002911832183599472
2208 -0 1 -0.00019740068819373846
2209 0 0.9999997615814209 -0.0007311931112781167
2210 -0 0.99999839067459106 -0.001814061775803566
2211 0 0.99999994039535522 -0.00036845091381110251
2212 0 0.9999995231628418 -0.00098916701972484589
2213 0 1 -0.00018376921070739627
2214 -0 0.99999302625656128 -0.0037333352956920862
2215 0 1 -0.00013301766011863947
2216 0 0.99999254941940308 -0.0038624047301709652
2217 0 1 -7.5759046012535691e-05
2218 0 0.99999499320983887 -0.0031766253523528576
2219 -0 1 -0.00015851047646719962
2220 -0 0.99999743700027466 -0.0022622814867645502
2221 0 1 -0.0001100205845432356
2222 -0 1 -0.00014309131074696779
2223 0 0.99999254941940308 -0.0038650028873234987
2224 0 1 -8.6347645265050232e-05
2225 0 0.99999189376831055 -0.0040357536636292934
2226 0 0.99999254941940308 -0.0038601839914917946
2227 -0 0.99999237060546875 -0.0039066607132554054
2228 0 1 -0.00014636825653724372
2229 -0 0.9999920129776001 -0.0040021971799433231
2230 0 0.99999213218688965 -0.0039642434567213058
2231 0 1 -0.00014225159247871488
2232 0 0.99999219179153442 -0.0039561158046126366
2233 0 0.99999254941940308 -0.0038678410928696394
2234 -0 0.99999237060546875 -0.0039165765047073364
2235 0 1 -9.2538713943213224e-05
2236 0 1 9.4469032774213701e-05
2237 0 1 -0.00019554863683879375
2238 0 1 -8.1517086073290557e-05
2239 -0 0.9999920129776001 -0.0040035722777247429
2240 -0 0.99999988079071045 -0.00051792018348351121
2241 -0 1 -0.00016315377433784306
2242 -0 0.99999570846557617 -0.0029332083649933338
2243 -0 1 -0.00014056632062420249
2244 0 0.99999213218688965 -0.0039667012169957161
2245 0 1 -0.00014315861335489899
2246 0 0.9999922513961792 -0.0039479881525039673
2247 0 0.99999260902404785 -0.0038434599991887808
2248 0 1 -0.0001232512149726972
2249 0 1 2.5624107365729287e-05
2250 0 0.99999916553497314 -0.001320222276262939
2251 0 1 -0.00018719244690146297
2252 0 1 -0.00020980914996471256
2253 0 0.99999231100082397 -0.0039192531257867813
2254 -0 0.99999374151229858 -0.0035493192262947559
2255 -0 1 -9.8601049103308469e-05
2256 0 1 -0.00016894399595912546
2257 0 0.99999195337295532 -0.0040205866098403931
2258 0 1 -1.5603849533363245e-05
2259 0 1 -4.7723679017508402e-05
2260 0 1 -9.7530188213568181e-05
2261 0 1 -0.00012992211850360036
2262 0 1 -0.00016839687305036932
2263 -0 1 -6.8974026362411678e-05
2264 -0 1 -7.8450815635733306e-05
2265 0 0.99999237060546875 -0.003902464872226119
2266 0 1 -0.00014741862833034247
2267 0 0.99999421834945679 -0.0034112704452127218
2268 0 0.99999219179153442 -0.0039624799974262714
2269 0 0.99999892711639404 -0.0014673768309876323
2270 0 0.99999237060546875 -0.0039141862653195858
2271 0 0.9999922513961792 -0.0039328727871179581
2272 0 0.99999946355819702 -0.00106500752735883
2273 0 0.99999654293060303 -0.002624785527586937
2274 0 0.99999988079071045 -0.00054295366862788796
2275 0 1 3.1358747946796939e-05
2276 -0 0.99999916553497314 -0.0013196078361943364
2277 0 1 -0.0001557309296913445
2278 -0 1 -0.00014524765720125288
2279 -0 0.99999833106994629 -0.0018399435793980956
2280 -0 0.99999767541885376 -0.0021653808653354645
2281 0 1 -0.00013675395166501403
2282 -0 0.99999195337295532 -0.004015281330794096
2283 0 0.99999237060546875 -0.0039095017127692699
2284 0 1 -0.00018365803407505155
2285 0 1 -0.0001778326986823231
2286 0 1 -1.3301217222760897e-05
2287 0 0.99999195337295532 -0.00401260145008564
2288 0 1 -0.00012286208220757544
2289 -0 0.99999415874481201 -0.0034240675158798695
2290 0 0.99999356269836426 -0.0035909183789044619
2291 -0.99935370683670044 0.035054206848144531 -0.0079614780843257904
2292 -0.99917995929718018 -0.039341393858194351 0.0095764491707086563
2293 -0.99999994039535522 -0.00034109727130271494 3.3852913475129753e-05
2294 -0.99999898672103882 -0.00019307082402519882 0.0014528669416904449
2295 -0.99917334318161011 -0.023536717519164085 -0.03314739465713501
2296 -0.99987071752548218 -0.0039268992841243744 0.015596934594213963
2297 -0.99898910522460938 0.013033797033131123 0.043021894991397858
2298 -0.99999982118606567 0.00031080644112080336 -0.00046379290870390832
2299 -0.99977511167526245 0.0014853524044156075 0.021154338493943214
2300 -0.99999988079071045 0.00017172654042951763 0.00047692429507151246
2301 -0.99944025278091431 -0.017211431637406349 0.028689270839095116
2302 -0.99960935115814209 0.01508658193051815 -0.023528400808572769
2303 -0.99937570095062256 -0.010552916675806046 -0.033716946840286255
2304 -0.99996709823608398 -0.007550965528935194 -0.0029786250088363886
2305 -0.99994403123855591 0.0094536729156970978 0.004760917741805315
2306 -0.99986535310745239 -0.013403065502643585 -0.0094740167260169983
2307 -0.99997889995574951 0.0050251451320946217 0.0041213403455913067
2308 -0.99917620420455933 0.011823339387774467 0.038821864873170853
2309 -0.9991142749786377 0.023719122633337975 0.034757405519485474
2310 -0.99965542554855347 0.012578007765114307 0.023041728883981705
2311 -0.99971812963485718 -0.010313327424228191 -0.021385982632637024
2312 -9.3406611995305866e-05 -0.0057180044241249561 -0.99998366832733154
2313 -0.99968606233596802 -0.025044010952115059 -0.00071397772990167141
2314 -0.99921637773513794 -0.01221959013491869 -0.037647299468517303
2315 -0.99985098838806152 0.011497545056045055 0.012877953238785267
2316 -0.99947559833526611 0.030984606593847275 -0.0094079282134771347
2317 -0.99987101554870605 0.0052323676645755768 0.015185791067779064
2318 -0.99999994039535522 0.00041387783130630851 -0.00010340268636355177
2319 -0.99947869777679443 -0.030716003850102425 0.0099434135481715202
2320 -0.99927306175231934 0.011658203788101673 -0.036297757178544998
2321 -0.9997936487197876 -0.019967013970017433 0.003743401262909174
2322 -0.99964803457260132 0.0074735898524522781 -0.025456326082348824
2323 -0.99925100803375244 -0.011385062709450722 0.036983795464038849
2324 -0.99969124794006348 -0.014326167292892933 0.02030160091817379
2325 -0.99998593330383301 -0.0010944132227450609 0.0051889312453567982
2326 -0.99956816434860229 0.013275520876049995 -0.026215683668851852
2327 -0.99961519241333008 -0.02037496492266655 0.018824847415089607
2328 -0.99994540214538574 0.0068112923763692379 0.0079299062490463257
2329 -0.99986362457275391 -0.0037956866435706615 0.016073677688837051
2330 -0.99967634677886963 0.017912033945322037 -0.018064532428979874
2331 -0.99956250190734863 0.01491459459066391 -0.025541491806507111
2332 -0.99986135959625244 -0.0038809722755104303 0.016194956377148628
2333 -0.99955910444259644 0.025823747739195824 -0.014654540456831455
2334 -0.99967902898788452 0.02110833115875721 -0.014012212865054607
2335 -0.99965751171112061 -0.014295396395027637 0.021919488906860352
2336 -0.99956148862838745 -0.025534532964229584 0.014994231984019279
2337 -0.99948626756668091 0.021017188206315041 0.02419835701584816
2338 -0.99970406293869019 -0.00944533571600914 -0.022418882697820663
2339 -0.99996548891067505 0.0023822372313588858 -0.0079598044976592064
2340 -9.2617747213807888e-06 -2.716417952797201e-07 -1
2341 -0.99957919120788574 -0.028333073481917381 0.0062214802019298077
2342 -0.99986398220062256 -0.0028534915763884783 0.016245009377598763
2343 -0.9996875524520874 0.024388935416936874 0.0054759345948696136
2344 -0.99957364797592163 0.027057409286499023 -0.01097557321190834
2345 -0.99954062700271606 -0.018017880618572235 -0.024369498714804649
2346 -0.99999487400054932 -0.0010031542042270303 -0.0030508951749652624
2347 -0.99950951337814331 -0.021080827340483665 -0.023158702999353409
2348 -0.9995386004447937 -0.027850078418850899 -0.01212157029658556
2349 -0.99996840953826904 -0.0077774710953235626 -0.0016355663537979126
2350 -0.99955451488494873 0.027038924396038055 0.012639480642974377
2351 -0.99952369928359985 0.020317362621426582 0.02322949655354023
2352 -0.99955892562866211 0.021763401105999947 0.020208092406392097
2353 -0.99963349103927612 -0.024174485355615616 0.012187140062451363
2354 -0.99993008375167847 0.0049613406881690025 -0.010738074779510498
2355 -0.99960827827453613 -0.0088045448064804077 -0.026567170396447182
2356 -0.99983698129653931 0.0048220125027000904 -0.017401745542883873
2357 -0.99963027238845825 -0.022498805075883865 0.015272196382284164
2358 -0.99956440925598145 0.023563623428344727 0.017772570252418518
2359 -0.99951791763305664 -0.020848160609602928 -0.023007294163107872
2360 -0.99920463562011719 0.0042838221415877342 0.039646506309509277
2361 -0.99943035840988159 0.015292431227862835 -0.030085472390055656
2362 -0.99955332279205322 -0.015286859124898911 -0.025682117789983749
2363 -0.99961751699447632 0.02756211906671524 -0.0022758038248866796
2364 -0.99958527088165283 0.011536251753568649 0.026386318728327751
2365 -0.99958688020706177 0.027369556948542595 -0.0087767047807574272
2366 -0.9995836615562439 0.015910537913441658 -0.024069583043456078
2367 -0.99950546026229858 0.023682847619056702 -0.020688373595476151
2368 -0.99956429004669189 0.027917699888348579 0.0095845488831400871
2369 -0.9995882511138916 -0.012072787620127201 -0.026030272245407104
2370 -0.99955201148986816 -0.028570715337991714 -0.0089216837659478188
2371 -0.99948465824127197 -0.014030895195901394 0.028871562331914902
2372 -0.99955844879150391 -0.024079630151391029 -0.017411364242434502
2373 -0.99955445528030396 -0.022279301658272743 -0.019865144044160843
2374 -0.99958240985870361 0.011517261154949665 0.026502877473831177
2375 -0.99956494569778442 -0.018096171319484711 0.023292126134037971
2376 -0.9993736743927002 0.010462857782840729 0.033804293721914291
2377 -0.99954986572265625 0.014680532738566399 0.026164868846535683
2378 -0.99957120418548584 0.016108695417642593 -0.024452393874526024
2379 -0.99955290555953979 0.012030056677758694 0.027373181656002998
2380 -0.99949425458908081 0.0146949402987957 -0.028202883899211884
2381 -0.99966514110565186 0.014830409549176693 0.021206352859735489
2382 -0.99954730272293091 0.025820044800639153 0.01544774416834116
2383 -0.99959242343902588 -0.015011061914265156 -0.024284897372126579
2384 -0.99954068660736084 -0.018202722072601318 -0.024229614064097404
2385 -0.99956208467483521 0.024770384654402733 -0.016188615933060646
2386 -0.99951452016830444 -0.012399535626173019 0.028583977371454239
2387 -0.99951314926147461 -0.018109265714883804 0.025407023727893829
2388 -0.99957740306854248 -0.011407944373786449 0.026738855987787247
2389 -0.99956375360488892 0.025261087343096733 0.015304625034332275
2390 -0.99961751699447632 -0.014166834764182568 -0.023753615096211433
2391 -0.9995650053024292 0.017010143026709557 0.024093680083751678
2392 -0.99954062700271606 -0.024754369631409645 -0.017487123608589172
2393 -0.99954783916473389 -0.027635194361209869 -0.011854439973831177
2394 -0.99958467483520508 0.017322728410363197 -0.023032205179333687
2395 -0.99954211711883545 -0.018090836703777313 -0.024254798889160156
2396 -0.99957180023193359 -0.01785799115896225 0.023182371631264687
2397 -0.9995238184928894 -0.0098351193591952324 -0.029248343780636787
2398 -0.99953186511993408 0.012914708815515041 -0.027735363692045212
2399 -0.99950623512268066 -0.031277608126401901 -0.0030153559055179358
2400 -0.99956917762756348 0.016962958499789238 0.023952450603246689
2401 -0.99958783388137817 0.02148822695016861 -0.019038902595639229
2402 -0.99956327676773071 -0.024331102147698402 0.016770908609032631
2403 -0.99954819679260254 0.017351673915982246 0.024544861167669296
2404 -0.99956780672073364 0.020834209397435188 -0.020740341395139694
2405 -0.9994315505027771 -0.03347400575876236 0.0040107602253556252
2406 -0.99951034784317017 -0.02733391709625721 -0.015232667326927185
2407 -0.99946171045303345 0.010382005013525486 -0.031122405081987381
2408 -0.99958193302154541 -0.01465155091136694 -0.024925911799073219
2409 -0.99954873323440552 -0.020352499559521675 -0.022094452753663063
2410 -0.99953579902648926 0.014838515780866146 0.026608940213918686
2411 -0.99955952167510986 -0.021823244169354439 0.020114360377192497
2412 -0.99956703186035156 -0.022390933707356453 0.019090466201305389
2413 -0.99951386451721191 -0.023412467911839485 -0.020590716972947121
2414 -0.99956786632537842 -0.020312448963522911 0.02124842070043087
2415 -0.99959790706634521 0.026865612715482712 0.0090724155306816101
2416 -0.99947398900985718 -0.013552802614867687 -0.029462184756994247
2417 -0.99957811832427979 0.018356235697865486 -0.022508274763822556
2418 -0.99956601858139038 -0.012912241742014885 0.026478830724954605
2419 -0.99954181909561157 -0.026384996250271797 -0.014832991175353527
2420 -0.99955344200134277 0.018899440765380859 -0.023148348554968834
2421 -0.99958425760269165 -0.017176924273371696 -0.023158682510256767
2422 -0.9995453953742981 -0.01604500412940979 0.025528151541948318
2423 -0.99953877925872803 -0.014884344302117825 0.026470692828297615
2424 -0.99958771467208862 0.0089499624446034431 0.027281513437628746
2425 -0.99956846237182617 -0.018042329698801041 0.023184118792414665
2426 -0.99951314926147461 0.015280934982001781 0.02720307745039463
2427 -0.9996563196182251 -0.0075265676714479923 0.025112364441156387
2428 -0.99954211711883545 0.015389443375170231 -0.026053370907902718
2429 -0.99985474348068237 -0.0060787941329181194 0.015922781080007553
2430 -0.99954062700271606 -0.015481406822800636 -0.026054400950670242
2431 -0.99954366683959961 -0.022636331617832184 -0.020005330443382263
2432 -0.99952191114425659 0.025233425199985504 -0.017869552597403526
2433 -0.99955719709396362 0.021796301007270813 0.02025957964360714
2434 -0.99956679344177246 -0.01984759047627449 -0.021733323112130165
2435 -0.99955219030380249 0.019714148715138435 0.02251303568482399
2436 -0.99956750869750977 -0.022015640512108803 -0.01949809305369854
2437 -0.99957036972045898 0.01854807510972023 -0.022696917876601219
2438 -0.99956244230270386 -0.022527921944856644 0.019168136641383171
2439 -0.99956107139587402 -0.013076509349048138 0.02658495306968689
2440 -0.99906861782073975 -0.0053024142980575562 -0.042823217809200287
2441 -0.99964016675949097 0.013339080847799778 0.023274540901184082
2442 -0.99956130981445312 -0.023969307541847229 -0.017399050295352936
2443 -0.99954026937484741 -0.020592447370290756 -0.02225424163043499
2444 -0.9996037483215332 0.015584683045744896 -0.023441268131136894
2445 -0.99951738119125366 -0.029637975618243217 -0.0093065733090043068
2446 -0.9995691180229187 0.020799940451979637 -0.020713955163955688
2447 -0.99956327676773071 0.021595774218440056 0.020172679796814919
2448 -0.9996415376663208 0.014789080247282982 -0.022318573668599129
2449 -0.9995419979095459 -0.019911434501409531 0.022787267342209816
2450 -0.99954491853713989 0.022077672183513641 0.02055671252310276
2451 -0.9996112585067749 -0.014693064615130424 0.02369399182498455
2452 -0.9995419979095459 0.024193137884140015 0.018178515136241913
2453 -0.99956905841827393 -0.017990363761782646 0.023197375237941742
2454 -0.99949777126312256 0.020844344049692154 0.023870740085840225
2455 -0.99954456090927124 -0.024516705423593521 -0.017598632723093033
2456 -0.00015196816821116954 4.6003010538697708e-06 -1
2457 -0.99956637620925903 -0.01556854136288166 0.024995142593979836
2458 -0.9995732307434082 -0.015514390543103218 0.024754103273153305
2459 -0.99946284294128418 0.014951250515878201 -0.029164142906665802
2460 -0.99958360195159912 -0.017215978354215622 -0.023157330229878426
2461 -0.99956005811691284 -0.027038093656301498 -0.012191404588520527
2462 -0.99956345558166504 -0.025901686400175095 0.014215629547834396
2463 -0.99940872192382812 0.033700764179229736 -0.0068174377083778381
2464 -0.99955987930297852 0.025345953181385994 0.015417560003697872
2465 -0.99955165386199951 0.023893708363175392 0.018045062199234962
2466 -0.9995579719543457 0.028029162436723709 0.0099145341664552689
2467 -0.99957084655761719 0.018553221598267555 -0.022670170292258263
2468 -0.99949818849563599 0.028758710250258446 0.013280605897307396
2469 -0.99955767393112183 -0.027022499591112137 0.012421183288097382
2470 -0.99949610233306885 0.021472927182912827 -0.023375947028398514
2471 -0.99956303834915161 0.020956892520189285 -0.020848561078310013
2472 -0.99956077337265015 -0.028339721262454987 0.0086701409891247749
2473 -0.99956494569778442 -0.028929799795150757 -0.0057499115355312824
2474 -0.99956196546554565 0.025335976853966713 0.015296938829123974
2475 -0.99958527088165283 -0.014793016947805882 -0.024709038436412811
2476 -0.99956083297729492 0.027581706643104553 -0.01083971094340086
2477 -0.99955976009368896 -0.025746783241629601 -0.014745790511369705
2478 -0.99955183267593384 -0.024286059662699699 -0.01750558614730835
2479 -0.99956870079040527 -0.012453136965632439 -0.026596516370773315
2480 -0.99985802173614502 0.0065904548391699791 -0.015508628450334072
2481 -0.99961006641387939 -0.009734337218105793 0.026170380413532257
2482 -0.99956297874450684 0.026741379871964455 0.012601118534803391
2483 -0.99956351518630981 0.022955935448408127 -0.018597954884171486
2484 -0.99955737590789795 -0.028239360079169273 -0.0093617849051952362
2485 -0.99955052137374878 0.021974995732307434 0.020394345745444298
2486 -0.9995650053024292 0.022907303646206856 -0.018577450886368752
2487 -0.99949121475219727 0.031130654737353325 0.006943083368241787
2488 -0.99956512451171875 0.019390199333429337 0.022217459976673126
2489 -2.1066576664452441e-05 0.021163208410143852 -0.99977606534957886
2490 -0.99956023693084717 -0.027058197185397148 -0.012136610224843025
2491 -0.99956017732620239 -0.029532760381698608 0.0026959807146340609
2492 -0.99956226348876953 0.026727480813860893 0.012684885412454605
2493 -0.99956220388412476 -0.020325588062405586 0.021503053605556488
2494 -0.99960827827453613 -0.014893800020217896 0.023694120347499847
2495 -0.99956518411636353 -0.024262413382530212 0.016756713390350342
2496 -0.99955964088439941 0.029243402183055878 -0.0050374222919344902
2497 -0.99956148862838745 0.025349916890263557 0.015305230394005775
2498 -0.99956041574478149 0.027938051149249077 0.009922374039888382
2499 -0.99956613779067993 -0.022387191653251648 0.019140761345624924
2500 -0.99956417083740234 0.019356705248355865 0.022290714085102081
2501 -0.99957817792892456 0.016812119632959366 0.023681877180933952
2502 -0.9995579719543457 0.029658347368240356 -0.0020546587184071541
2503 -0.99956774711608887 0.013605725020170212 -0.026061518117785454
2504 -0.99956250190734863 -0.025628797709941864 -0.014766858890652657
2505 -2.0468318325583823e-05 0.02166084386408329 -0.99976539611816406
2506 -0.99956333637237549 0.027872836217284203 0.0098115028813481331
2507 -0.99956178665161133 0.028775306418538094 0.0069476058706641197
2508 -0.99955189228057861 0.018937274813652039 -0.023183798417448997
2509 -0.99957150220870972 0.020726244896650314 -0.020670367404818535
2510 -0.99956148862838745 -0.02705032005906105 -0.012048830278217793
2511 -0.99956232309341431 0.026282945647835732 -0.013581310398876667
2512 -0.99954992532730103 -0.024454299360513687 -0.017379628494381905
2513 -0.99962508678436279 -0.0071712224744260311 0.026425717398524284
2514 -0.99962908029556274 0.015085408464074135 -0.022676602005958557
2515 -0.99960249662399292 0.011332232505083084 0.025814669206738472
2516 -0.99966078996658325 0.017390452325344086 -0.019386559724807739
2517 -0.99958395957946777 0.014230142347514629 0.025088785216212273
2518 -0.99956059455871582 0.029372094199061394 0.003988560289144516
2519 -0.99956297874450684 -0.022423384711146355 0.019263371825218201
2520 -0.99956214427947998 -0.022074319422245026 -0.01970522478222847
2521 -0.99956154823303223 0.026316074654459953 -0.013573333621025085
2522 -0.9995570182800293 0.023766526952385902 0.017915353178977966
2523 -0.99948525428771973 0.018551789224147797 0.026174623519182205
2524 -0.99956029653549194 -0.029465651139616966 -0.0033311289735138416
2525 -0.99956208467483521 -0.028913749381899834 -0.0062956362962722778
2526 -0.99956232309341431 0.027515670284628868 -0.010869300924241543
2527 -0.99956238269805908 0.02478356659412384 -0.016152083873748779
2528 -0.99956947565078735 -0.020276855677366257 0.021207833662629128
2529 -0.99956047534942627 -0.029105599969625473 0.0056408680975437164
2530 -0.99956744909286499 -0.020264791324734688 0.02131379023194313
2531 -0.9995124340057373 -0.01891210675239563 0.02484508790075779
2532 -0.99956244230270386 0.021653061732649803 0.02015099860727787
2533 -0.99944514036178589 -0.014424278400838375 0.030022833496332169
2534 -0.99955976009368896 0.028832919895648956 0.0069985035806894302
2535 -0.99966007471084595 0.012167798355221748 -0.02305818535387516
2536 -0.99956238269805908 -0.025915764272212982 0.014263920485973358
2537 -0.99956554174423218 -0.025499328970909119 -0.014781149104237556
2538 -2.2069085389375687e-05 0.023045124486088753 -0.99973446130752563
2539 -0.9995577335357666 0.025462212041020393 0.015365453436970711
2540 -0.99956023693084717 -0.028951713815331459 -0.0064199944026768208
2541 -0.99956369400024414 0.026231003925204277 -0.01358050387352705
2542 -0.99965840578079224 0.014817220158874989 -0.021529616788029671
2543 -0.99956178665161133 -0.028140764683485031 -0.0091874450445175171
2544 -0.99956345558166504 -0.028069699183106422 -0.0092218555510044098
2545 -0.99956321716308594 -0.028243441134691238 0.0087045365944504738
2546 -0.99955958127975464 -0.02954920195043087 0.0027483461890369654
2547 -0.99957168102264404 0.027632188051939011 0.0096442652866244316
2548 -0.99956434965133667 -0.021992029622197151 -0.019686289131641388
2549 -0.99956208467483521 -0.027267394587397575 0.011494221165776253
2550 -0.99956697225570679 0.022850338369607925 -0.018541837111115456
2551 -0.99954801797866821 -0.02259506843984127 -0.019833121448755264
2552 -0.99955099821090698 -0.026052415370941162 -0.014804808422923088
2553 -0.99956011772155762 0.029585286974906921 -0.0020855572074651718
2554 -0.99956560134887695 0.024657567963004112 -0.016145573928952217
2555 -0.99956393241882324 0.022904029116034508 -0.018638258799910545
2556 -0.99956268072128296 -0.028885290026664734 -0.0063368123956024647
2557 -0.99956351518630981 0.027485150843858719 -0.010833616368472576
2558 -1 -0.00017628938076086342 1.5324683772632852e-05
2559 -0.99956279993057251 -0.027231598272919655 0.011518632061779499
2560 -0.99956029653549194 -0.029457023367285728 -0.0033985362388193607
2561 -0.99956285953521729 0.02357441745698452 0.017842430621385574
2562 -0.99955862760543823 -0.029147425666451454 0.0057510524056851864
2563 -0.99956011772155762 -0.027304142713546753 0.01157939899712801
2564 -0.99952936172485352 -0.021239625290036201 0.022135453298687935
2565 -0.99955910444259644 -0.027153011411428452 -0.012014241889119148
2566 -0.99956125020980835 -0.028100311756134033 -0.0093666482716798782
2567 -0.99956375360488892 0.028717786073684692 0.0069032423198223114
2568 -0.99956446886062622 0.026686506345868111 0.01260098535567522
2569 -0.99950718879699707 0.029325056821107864 -0.011205081827938557
2570 -3.3315038308501244e-05 0.020354749634861946 -0.99979281425476074
2571 -0.99956405162811279 -0.019907055422663689 -0.021805858239531517
2572 -0.99956142902374268 0.029348947107791901 0.0039533893577754498
2573 -0.99956226348876953 -0.029014717787504196 0.0057826004922389984
2574 -0.99956291913986206 -0.024294145405292511 0.016845058649778366
2575 -0.9995582103729248 0.029301812872290611 -0.004985493142157793
2576 -0.99956029653549194 -0.025959135964512825 0.014333395287394524
2577 -0.99956393241882324 0.028422266244888306 -0.0080112963914871216
2578 -0.99956947565078735 -0.029209692031145096 0.0027848880272358656
2579 -1 -0.00027219977346248925 2.5101478968281299e-05
2580 -0.99956327676773071 -0.025917185470461845 0.01419837586581707
2581 -0.99955934286117554 0.028582679107785225 -0.0080145876854658127
2582 -0.99956423044204712 0.024682663381099701 -0.016190122812986374
2583 -1 0.00029705429915338755 2.5822673705988564e-05
2584 -0.99999600648880005 0.00077656336361542344 0.0027190982364118099
2585 -1 -0.0001997961662709713 1.9182632968295366e-05
2586 -0.99944043159484863 0.033401515334844589 0.0017807167023420334
2587 -0.99955487251281738 0.029772639274597168 -0.001942942151799798
2588 -0.999561607837677 -0.029055031016469002 0.0056953588500618935
2589 -0.99955648183822632 0.028700675815343857 -0.0079448595643043518
2590 -0.99955511093139648 0.029449963942170143 -0.0047328472137451172
2591 -0.99956125020980835 0.026798555627465248 0.012617739848792553
2592 -0.99951273202896118 -0.025735210627317429 0.017662260681390762
2593 -0.99956029653549194 0.028565216809511185 -0.0079553518444299698
2594 -0.99999994039535522 0.00033234324655495584 2.9338185413507745e-05
2595 -0.99957740306854248 -0.025515515357255936 0.013929819688200951
2596 -0.99953442811965942 -0.029912678524851799 0.0060109780170023441
2597 -0.99956429004669189 -0.019889350980520248 -0.02180904895067215
2598 -0.99953359365463257 -0.015428958460688591 -0.026353081688284874
2599 -0.99955928325653076 0.027647901326417923 -0.010810248553752899
2600 -0.99956256151199341 -0.027264023199677467 0.011465858668088913
2601 -0.99956327676773071 0.020883934572339058 -0.020909423008561134
2602 -0.99957793951034546 -0.026852883398532867 0.011087000370025635
2603 -0.99956142902374268 -0.028330644592642784 0.0086280759423971176
2604 -0.99956834316253662 -0.029269266873598099 0.0025481770280748606
2605 -0.99956333637237549 0.02788136899471283 0.0097878770902752876
2606 -0.99956429004669189 0.029076147824525833 -0.0050802077166736126
2607 -0.99953866004943848 -0.029075775295495987 0.0087817767634987831
2608 -1 -0.00022670545149594545 1.9148132196278311e-05
2609 -0.99955838918685913 0.023740373551845551 0.017874691635370255
2610 -1 0.00026440873625688255 2.2325695681502111e-05
2611 -0.99957287311553955 0.029150215908885002 -0.0020897227805107832
2612 -0.99957472085952759 -0.01739140972495079 -0.023409528657793999
2613 -0.99999994039535522 -0.00031511174165643752 2.3776807211106643e-05
2614 -0.99956119060516357 -0.025616411119699478 -0.014875438995659351
2615 -0.99956387281417847 -0.029400842264294624 0.0027766553685069084
2616 -0.99957048892974854 -0.01800721138715744 0.023121850565075874
2617 -0.99949473142623901 0.024696312844753265 -0.020010365173220634
2618 -0.99956029653549194 0.026756836101412773 0.012782015837728977
2619 -0.99955451488494873 0.023675724864006042 0.01817723736166954
2620 -0.99956381320953369 0.023497801274061203 0.01789284311234951
2621 -0.99955081939697266 0.02666047215461731 -0.013690480031073093
2622 -2.8632233807002194e-05 0.019949484616518021 -0.99980098009109497
2623 -0.999561607837677 -0.029402580112218857 -0.0034824793692678213
2624 -0.99999994039535522 0.00033534134854562581 2.9076420105411671e-05
2625 -1 -0.00023616036924067885 1.9165539924870245e-05
2626 -0.9995611310005188 -0.022429367527365685 0.019352981820702553
2627 -0.9995916485786438 0.016555648297071457 0.023292552679777145
2628 -0.99999994039535522 0.00030092408997006714 2.657363802427426e-05
2629 -0.99956172704696655 -0.027242133393883705 0.011588353663682938
2630 -0.9995613694190979 -0.029498517513275146 0.0026429516728967428
2631 -0.99956005811691284 0.029222827404737473 -0.00507715018466115
2632 -0.99962878227233887 -0.020382296293973923 -0.018080245703458786
2633 -0.99957674741744995 0.022554893046617508 -0.018376166000962257
2634 -0.99958944320678711 0.011283952742815018 0.02633683942258358
2635 -0.99956244230270386 0.019507262855768204 0.022237235680222511
2636 -0.99956327676773071 0.027467962354421616 -0.010902612470090389
2637 -0.99956256151199341 0.026246394962072372 -0.01363489031791687
2638 -0.99956035614013672 0.029582243412733078 -0.0019989530555903912
2639 -0.99962002038955688 0.020167306065559387 0.018791114911437035
2640 -0.99956107139587402 0.029351707547903061 0.0040165064856410027
2641 -0.99953281879425049 -0.024514157325029373 0.018255647271871567
2642 -0.99956279993057251 -0.024265564978122711 0.016897378489375114
2643 -1 -0.00023907407012302428 1.9105837054667063e-05
2644 -0.99999994039535522 0.00034321955172345042 2.9835779059794731e-05
2645 -1 0.00026102588162757456 2.2634156266576611e-05
2646 -0.99999934434890747 0.00020699924789369106 0.0011098765535280108
2647 -0.9995647668838501 -0.023869961500167847 -0.017337797209620476
2648 -0.99956023693084717 0.028525467962026596 -0.0081006968393921852
2649 -0.99956387281417847 0.024676769971847534 -0.016222164034843445
2650 -0.99956494569778442 -0.028928343206644058 0.0057493699714541435
2651 -0.99956560134887695 -0.028172437101602554 0.0086571360006928444
2652 -0.99994921684265137 -0.0011340411147102714 -0.01001978013664484
2653 0.00013438146561384201 0.025097349658608437 -0.99968498945236206
2654 -3.4826109185814857e-05 0.02283727191388607 -0.99973922967910767
2655 -0.99956566095352173 0.029036279767751694 -0.0050470475107431412
2656 -0.99956655502319336 0.029367005452513695 -0.0020673573017120361
2657 -0.99956417083740234 0.028418734669685364 -0.0079926680773496628
2658 -0.99999922513961792 0.00044166276347823441 -0.0012056962586939335
2659 -0.99993938207626343 -0.0042176572605967522 -0.010175825096666813
2660 -0.99956119060516357 -0.028300177305936813 0.0087523097172379494
2661 -0.99952530860900879 -0.028071599081158638 -0.012693749740719795
2662 -0.9999961256980896 -0.00046187057159841061 -0.0027613379061222076
2663 -8.152244845405221e-05 0.024945273995399475 -0.99968880414962769
2664 -0.99956351518630981 0.028701486065983772 0.0070011010393500328
2665 -0.99956798553466797 -0.025712275877594948 0.014240588992834091
2666 -0.99956774711608887 -0.029220879077911377 -0.0032475215848535299
2667 -0.99959391355514526 0.027742795646190643 0.0065044541843235493
2668 -0.99953007698059082 -0.029908303171396255 -0.0067208861000835896
2669 -0.99956297874450684 0.029102999716997147 -0.0051924730651080608
2670 -0.99953275918960571 0.030266160145401955 0.0042695077136158943
2671 -0.99958616495132446 -0.028552474454045296 -0.0035166940651834011
2672 -0.99956917762756348 -0.028693133965134621 -0.0061792647466063499
2673 -0.99953216314315796 0.019235340878367424 -0.023779701441526413
2674 -0.99962097406387329 0.02731921523809433 0.0034200819209218025
2675 -0.99975603818893433 -0.0051276539452373981 0.021483812481164932
2676 -0.99956530332565308 0.025152891874313354 0.015382375568151474
2677 -0.99999994039535522 0.00032203650334849954 0.00022847871878184378
2678 -0.99999946355819702 -0.00032286735950037837 -0.001014833920635283
2679 -0.99956768751144409 0.029140548780560493 0.0039144605398178101
2680 -0.99959880113601685 -0.024486051872372627 -0.014236054383218288
2681 -0.99956369400024414 -0.020172754302620888 0.021576628088951111
2682 -3.2280746381729841e-05 0.019600600004196167 -0.99980789422988892
2683 -0.999531090259552 0.026756253093481064 -0.014888185076415539
2684 -0.9999997615814209 0.00032725086202844977 -0.00066657387651503086
2685 -0.99963778257369995 0.01013473141938448 -0.024932172149419785
2686 -0.99964690208435059 -0.018629055470228195 0.018950928002595901
2687 -3.4879602026194334e-05 0.019242899492383003 -0.99981486797332764
2688 -0.99954128265380859 0.028502587229013443 0.010237433016300201
2689 -0.99962234497070312 -0.022425036877393723 0.015883257612586021
2690 -0.99956876039505005 0.02855972945690155 0.0068373712711036205
2691 -0.99954319000244141 -0.027741871774196625 0.011993899941444397
2692 -0.99956858158111572 -0.027951829135417938 -0.0090213874354958534
2693 -0.99999916553497314 0.00038189557380974293 -0.001278629875741899
2694 -0.99960052967071533 0.025056153535842896 -0.013076583854854107
2695 -1 0.00026993095525540411 2.299571679031942e-05
2696 -0.99962705373764038 0.0079917833209037781 0.026113459840416908
2697 -0.99960196018218994 -0.028077391907572746 -0.0027612403500825167
2698 -0.99955028295516968 -0.01288161613047123 0.027080727741122246
2699 -0.99957692623138428 -0.028916094452142715 -0.003134777070954442
2700 -0.99971729516983032 -0.0079762963578104973 -0.022401109337806702
2701 -0.99949252605438232 -0.013281154446303844 -0.028955234214663506
2702 -0.9996524453163147 -0.0116921067237854 0.023628717288374901
2703 -0.99999547004699707 0.0004890700220130384 0.0029733011033385992
2704 -0.99975955486297607 0.0056803612969815731 -0.021181471645832062
2705 -0.9999200701713562 0.0026011092122644186 0.012372850440442562
2706 -0.99967288970947266 0.020494557917118073 -0.015301640145480633
2707 -0.99999994039535522 0.00035384792136028409 2.7767546271206811e-05
2708 -1 0.00025616688071750104 2.4652192223584279e-05
2709 -0.99990642070770264 -0.003320538904517889 -0.013273066841065884
2710 -0.99991810321807861 0.0042233150452375412 0.012084097601473331
2711 -0.9999237060546875 -0.003184799337759614 -0.011939935386180878
2712 -0.99958181381225586 -0.028307940810918808 -0.0059118536300957203
2713 -0.99958032369613647 0.028714386746287346 0.0038272961974143982
2714 -0.99990707635879517 -0.0072930012829601765 -0.011519624851644039
2715 -0.99961411952972412 -0.0033963946625590324 -0.027570350095629692
2716 -0.99999994039535522 -0.00032607853063382208 2.5259894755436108e-05
2717 -0.99976015090942383 0.010783332400023937 0.019061915576457977
2718 -0.99961584806442261 -0.018025385215878487 0.021053873002529144
2719 -0.99961203336715698 -0.019360281527042389 -0.020025715231895447
2720 -8.4999104728922248e-05 0.016147341579198837 -0.99986964464187622
2721 -0.99959254264831543 -0.012089496478438377 -0.025857318192720413
2722 -0.99989372491836548 -0.0053333393298089504 0.013569096103310585
2723 -0.99948275089263916 -0.029474684968590736 -0.012867291457951069
2724 -9.1314810561016202e-05 0.016193391755223274 -0.99986892938613892
2725 -0.99999451637268066 0.00095604709349572659 0.0031735228840261698
2726 -0.99947243928909302 -0.031858637928962708 -0.0063131144270300865
2727 -0.99996936321258545 -0.00082688766997307539 -0.0077847191132605076
2728 -0.99949061870574951 -0.027367856353521347 0.016418082639575005
2729 -0.99988293647766113 0.0011507035233080387 0.015260806307196617
2730 -0.9998934268951416 -0.0037085236981511116 -0.014119856059551239
2731 -0.99941182136535645 -0.032450683414936066 0.011088943108916283
2732 -0.99994885921478271 0.0040101609192788601 -0.0092863896861672401
2733 -0.99955689907073975 0.012001534923911095 0.027240125462412834
2734 -0.99991536140441895 -0.003296407638117671 -0.012591582722961903
2735 -0.99967712163925171 -0.0026997169479727745 -0.025266300886869431
2736 -0.99959635734558105 -0.02826223149895668 0.0028878431767225266
2737 -0.99997228384017944 0.00097587390337139368 -0.0073837037198245525
2738 -0.99939984083175659 -0.014217322692275047 -0.031589534133672714
2739 -0.99996477365493774 0.0010535985929891467 -0.0083267111331224442
2740 -0.99992120265960693 0.0051805893890559673 -0.011435477063059807
2741 -1 0.00026385014643892646 2.097450487781316e-05
2742 -0.99960225820541382 0.023754311725497246 -0.015199874527752399
2743 -0.99956518411636353 0.0033625874202698469 -0.029293423518538475
2744 -0.99960821866989136 0.020065376535058022 -0.019515007734298706
2745 -0.99952012300491333 -0.0029439809732139111 0.030836505815386772
2746 -1 0.0002468458260409534 1.8720485968515277e-05
2747 -0.99999058246612549 0.00066960445838049054 0.004293462261557579
2748 -0.99999994039535522 0.00034923033672384918 2.5550190912326798e-05
2749 -1 -0.00023770057305227965 1.8320590243092738e-05
2750 -0.99987328052520752 0.0034026969224214554 -0.015553311444818974
2751 -1 0.00027919365675188601 2.1983410988468677e-05
2752 -0.99991875886917114 0.005125940777361393 -0.011671843938529491
2753 -0.99998027086257935 -0.0016961762448772788 -0.0060546649619936943
2754 -0.99970614910125732 0.02345285564661026 0.0061433762311935425
2755 -0.99963808059692383 0.010740421712398529 0.024666499346494675
2756 -0.99994605779647827 -0.0019296124810352921 0.010209956206381321
2757 -0.99999958276748657 0.00014656934945378453 0.00090113043552264571
2758 -0.99984908103942871 0.001207485911436379 0.017334546893835068
2759 -0.9994971752166748 0.028663339093327522 0.013560454361140728
2760 -0.99999213218688965 -0.00058026937767863274 -0.0039271344430744648
2761 -1 -0.00020057508663740009 1.4536295566358604e-05
2762 -0.99973428249359131 0.0021612395066767931 -0.022952493280172348
2763 -0.99986732006072998 0.0058311996981501579 0.015213664621114731
2764 -0.99943709373474121 -0.020000390708446503 -0.026936350390315056
2765 -0.99948269128799438 0.0031686529982835054 0.032006923109292984
2766 -0.99975132942199707 -0.0014335777377709746 0.022255260497331619
2767 -1 -0.00026182655710726976 1.8829488908522762e-05
2768 -0.99992448091506958 0.0026626673061400652 0.011998397298157215
2769 -0.9999699592590332 -0.0034321753773838282 -0.006962574552744627
2770 -0.99996775388717651 0.0017433721804991364 0.0078414184972643852
2771 -0.99966025352478027 -0.0065783923491835594 -0.025221701711416245
2772 -0.99997806549072266 -0.0015079529257491231 0.0064549529924988747
2773 -0.99999994039535522 -0.00033660422195680439 2.3262196918949485e-05
2774 -1 -0.00017754385771695524 1.374086150462972e-05
2775 -0.99943298101425171 -0.016356483101844788 0.029431756585836411
2776 -0.99929481744766235 0.01900237612426281 0.032386064529418945
2777 -0.99939268827438354 0.014543358236551285 -0.031666748225688934
2778 -0.99945360422134399 0.019678309559822083 -0.026557466015219688
2779 -0.99960857629776001 -0.023081986233592033 -0.015809278935194016
2780 -0.99976223707199097 0.0046397903934121132 0.021306408569216728
2781 -0.99951332807540894 0.022920345887541771 0.021162265911698341
2782 -0.99999982118606567 0.00010045732778962702 0.0006271334714256227
2783 -0.999309241771698 0.031951341778039932 0.01897832565009594
2784 0.00025234857457689941 -0.0066597051918506622 -0.99997782707214355
2785 -0.9994015097618103 0.034368671476840973 0.0039294706657528877
2786 -0.99938309192657471 0.034961987286806107 -0.003338315524160862
2787 -0.99953007698059082 -0.023377472534775734 0.019828382879495621
2788 -0.99998492002487183 7.0685142418369651e-05 0.0054909437894821167
2789 -0.99999970197677612 -0.0006877368432469666 -0.00040471251122653484
2790 -0.99943727254867554 0.030779773369431496 -0.013333282433450222
2791 -0.99998891353607178 0.00065387511858716607 -0.0046723969280719757
2792 -0.9999956488609314 -0.00093557697255164385 -0.0028016415890306234
2793 -0.99973934888839722 0.0061121792532503605 -0.021997839212417603
2794 -0.99999946355819702 6.6331791458651423e-05 0.0010301583679392934
2795 -0.99985021352767944 0.0035276422277092934 0.016946224495768547
2796 -0.99939584732055664 -0.032912660390138626 -0.011166965588927269
2797 -0.99962377548217773 -0.021584838628768921 0.016927536576986313
2798 -0.99973112344741821 -0.0057408446446061134 -0.022465836256742477
2799 -0.99955195188522339 0.0084778033196926117 -0.028707291930913925
2800 -0.9998888373374939 -0.0014902307884767652 -0.014835440553724766
2801 -0.99961626529693604 0.025050267577171326 -0.011828548274934292
2802 -0.99988359212875366 -0.0038238987326622009 -0.014775821939110756
2803 -0.99977666139602661 -0.0050452831201255322 -0.020523790270090103
2804 -0.99999964237213135 0.00049822748405858874 -0.00073503277963027358
2805 -0.99997270107269287 -0.00031934329308569431 0.0073805893771350384
2806 -0.99963831901550293 -0.006867479532957077 0.026002280414104462
2807 -0.99980443716049194 0.007768633309751749 -0.018185760825872421
2808 -0.99982702732086182 -0.0067078210413455963 0.017347121611237526
2809 -0.99981981515884399 0.0041922717355191708 0.018513690680265427
2810 -0.99982661008834839 0.0045842300169169903 -0.018048683181405067
2811 -0.99980443716049194 -0.0043249479494988918 0.019298670813441277
2812 -1 -0.00027368924929760396 1.9147924831486307e-05
2813 -0.99987679719924927 -0.0057594082318246365 0.014604621566832066
2814 -0.99996829032897949 0.0015293787000700831 0.007821827195584774
2815 -0.99988585710525513 -0.0054762759245932102 -0.014081253670156002
2816 -0.99983978271484375 -0.0059447218663990498 0.016885086894035339
2817 -0.99998539686203003 0.0010120925726369023 0.0053140739910304546
2818 -0.99978220462799072 -0.0014992500655353069 0.020817212760448456
2819 -0.99965620040893555 0.0069560473784804344 -0.025280436500906944
2820 -0.9999879002571106 0.00072919775266200304 -0.0048729991540312767
2821 -0.99999994039535522 0.00030423165298998356 1.7443913748138584e-05
2822 -0.99997144937515259 -0.00081499270163476467 -0.0075137894600629807
2823 -0.99981260299682617 0.012835690751671791 0.014491637237370014
2824 -0.9998740553855896 0.0010403135092929006 0.015841279178857803
2825 -0.9999731183052063 0.0015640778001397848 0.0071630505844950676
2826 -0.99997133016586304 -0.0045300344936549664 -0.0060688601806759834
2827 -0.99999970197677612 -8.8059772679116577e-05 0.00081092212349176407
2828 -0.99998712539672852 -0.00072304910281673074 0.0050239027477800846
2829 -0.99988925457000732 0.0036877857055515051 -0.014422248117625713
2830 -0.99998629093170166 -0.0007821784820407629 0.0051862276159226894
2831 -0.99979734420776367 -0.00779377156868577 0.018560556694865227
2832 -0.99981063604354858 0.0042691053822636604 0.018987884745001793
2833 0 1 0.000169399703736417
2834 0 1 0.00020869953732471913
2835 0 1 0.0002029005263466388
2836 0 0.99999994039535522 0.00033426471054553986
2837 0 1 0.00012375666119623929
2838 0 0.99999994039535522 0.00034023344051092863
2839 0 1 0.00013480754569172859
2840 0 1 0.00020677725842688233
2841 0 1 0.00029893527971580625
2842 0 0.99999994039535522 0.00033379657543264329
2843 0 0.99999994039535522 0.0003158758336212486
2844 0 1 0.00020102213602513075
2845 0 1 0.00017570194904692471
2846 0 0.99999994039535522 0.00033233073190785944
2847 0 1 0.00017581899010110646
2848 0 0.99999994039535522 0.00033753580646589398
2849 0 0.99999994039535522 0.00034557600156404078
2850 0 0.99999994039535522 0.00033563986653462052
2851 0 0.99999994039535522 0.00033596169669181108
2852 0 0.99999994039535522 0.00035069914883933961
2853 0 0.99999994039535522 0.00033885828452184796
2854 0 0.99999994039535522 0.00030828328453935683
2855 0 0.99999994039535522 0.00032616016687825322
2856 0 1 0.00027896644314751029
2857 0 1 9.7865930001717061e-05
2858 0 0.99999994039535522 0.00034353669616393745
2859 0 1 0.00024498577113263309
2860 0 0.99999994039535522 0.00034612897434271872
2861 0 0.99999994039535522 0.00032659902353771031
2862 0 1 0.00021879658743273467
2863 0 0.99999994039535522 0.00030152167892083526
2864 0 1 0.00013800547458231449
2865 0 0.99999994039535522 0.00035247512278147042
2866 0 0.99999994039535522 0.00033745096880011261
2867 0 0.99999994039535522 0.00035650399513542652
2868 0 0.99999994039535522 0.00033696819446049631
2869 0 0.99999994039535522 0.00035513471812009811
2870 0 1 0.00028895816649310291
2871 0 1 0.0002567564370110631
2872 0 0.99999994039535522 0.00034118726034648716
2873 0 0.99999994039535522 0.00033809756860136986
2874 0 0.99999994039535522 0.00035120532265864313
2875 0 0.99999994039535522 0.00033848671591840684
2876 0 0.99999994039535522 0.0003366200253367424
2877 0 1 0.00026023815735243261
2878 0 0.99999994039535522 0.0003171778516843915
2879 0 0.99999994039535522 0.00031630008015781641
2880 0 0.99999994039535522 0.0003315115172881633
2881 0 0.99999994039535522 0.00030711881117895246
2882 0 0.99999994039535522 0.00033744802931323647
2883 0 0.99999994039535522 0.00035429792478680611
2884 0 0.99999994039535522 0.00032068591099232435
2885 0 0.99999994039535522 0.0003431621880736202
2886 0 0.99999994039535522 0.00034364787279628217
2887 0 0.99999994039535522 0.00036416383227333426
2888 0 0.99999994039535522 0.00033881733543239534
2889 0 1 0.00015795968647580594
2890 0 1 0.00027473861700855196
2891 0 0.99999994039535522 0.00036171491956338286
2892 0 0.99999994039535522 0.00034192748717032373
2893 0 1 0.00028787268092855811
2894 0 0.99999994039535522 0.00035718866274692118
2895 0 0.99999994039535522 0.00033701499341987073
2896 0 0.99999994039535522 0.0003267336287535727
2897 0 1 0.00017323547217529267
2898 0 1 0.00016518650227226317
2899 0 1 0.00021298587671481073
2900 0 1 0.00020584976300597191
2901 0 0.99999994039535522 0.0003549006360117346
2902 0 0.99999994039535522 0.0003269940207246691
2903 0 0.99999994039535522 0.00034780841087922454
2904 0 0.99999994039535522 0.00031844471232034266
2905 0 1 0.00019360514124855399
2906 0 1 0.00029400817584246397
2907 0 0.99999994039535522 0.00033709107083268464
2908 0 1 0.00020363197836559266
2909 0 0.99999994039535522 0.00035630798083730042
2910 0 0.99999994039535522 0.00036816054489463568
2911 0 0.99999994039535522 0.00034360692370682955
2912 0 0.99999994039535522 0.0003473315155133605
2913 0 0.99999994039535522 0.00031821065931580961
2914 0 0.99999994039535522 0.00034076886367984116
2915 0 1 0.00029544474091380835
2916 0 0.99999994039535522 0.00031595485052093863
2917 0 0.99999994039535522 0.00034178412170149386
2918 0 0.99999994039535522 0.00032581196865066886
2919 0 0.99999994039535522 0.00031765768653713167
2920 0 0.99999994039535522 0.00034523368231020868
2921 0 0.99999994039535522 0.00032349472166970372
2922 0 1 0.00019889212853740901
2923 0 0.99999994039535522 0.0003218796628061682
2924 0 1 0.00029209759668447077
2925 0 0.99999994039535522 0.0003372227365616709
2926 0 0.99999994039535522 0.00033921230351552367
2927 0 0.99999994039535522 0.00032568033202551305
2928 0 0.99999994039535522 0.0003436391125433147
2929 0 0.99999994039535522 0.00034017782309092581
2930 0 0.99999994039535522 0.00034569596755318344
2931 0 0.99999994039535522 0.00036004427238367498
2932 0 0.99999994039535522 0.00033438467653468251
2933 0 1 0.00017612034571357071
2934 0 0.99999994039535522 0.00034555845195427537
2935 0 0.99999994039535522 0.00035538047086447477
2936 0 0.99999994039535522 0.00035067280987277627
2937 0 0.99999994039535522 0.00033975945552811027
2938 0 1 0.00028456357540562749
2939 0 0.99999994039535522 0.00031558034243062139
2940 0 0.99999994039535522 0.00034380002762190998
2941 0 0.99999994039535522 0.00035582814598456025
2942 0 0.99999994039535522 0.00034572521690279245
2943 0 0.99999994039535522 0.00031740896520204842
2944 0 0.99999994039535522 0.00031582318479195237
2945 0 1 0.00029424516833387315
2946 0 0.99999994039535522 0.00033541166340000927
2947 0 1 0.00018801387341227382
2948 0 0.99999994039535522 0.0003451488446444273
2949 0 1 0.00019677967065945268
2950 0 1 0.00027198248426429927
2951 0 0.99999994039535522 0.00033882609568536282
2952 0 0.99999994039535522 0.00034616410266608
2953 0 0.99999994039535522 0.00033967167837545276
2954 0 0.99999994039535522 0.00033749776775948703
2955 0 1 0.00018910520884674042
2956 0 0.99999994039535522 0.00031689403112977743
2957 0 1 0.00027567488723434508
2958 0 1 0.00026177131803706288
2959 0 0.99999994039535522 0.00034534194855950773
2960 0 0.99999994039535522 0.00032776937587186694
2961 0 0.99999994039535522 0.00031250528991222382
2962 0 0.99999994039535522 0.00032025875407271087
2963 0 0.99999994039535522 0.00031244382262229919
2964 0 0.99999994039535522 0.00033003982389345765
2965 0 0.99999994039535522 0.00033237171010114253
2966 0 1 0.00015706145495641977
2967 0 0.99999994039535522 0.0003586457169149071
2968 0 1 0.00021299466607160866
2969 0 0.99999994039535522 0.00030459967092610896
2970 0 0.99999994039535522 0.00030761328525841236
2971 0 0.99999994039535522 0.00036242880742065609
2972 0 0.99999994039535522 0.000314930803142488
2973 0 1 0.0002840925008058548
2974 0 0.99999994039535522 0.00034586567198857665
2975 0 0.99999994039535522 0.00034820340806618333
2976 0 0.99999994039535522 0.00036052410723641515
2977 0 0.99999994039535522 0.00033825848367996514
2978 0 1 0.00027501070871949196
2979 0 1 0.00029614695813506842
2980 0 0.99999994039535522 0.00034600024810060859
2981 0 1 0.00028986224788241088
2982 0 1 0.00021639741316903383
2983 0 1 0.00029025139519944787
2984 0 0.99999994039535522 0.00036234690924175084
2985 0 1 0.00028329083579592407
2986 0 0.99999994039535522 0.00032198789995163679
2987 0 0.99999994039535522 0.00032994034700095654
2988 0 1 0.00029750453541055322
2989 0 1 0.00020816409960389137
2990 0 1 0.00028297191602177918
2991 0 0.99999994039535522 0.00033670486300252378
2992 0 1 0.00025844169431366026
2993 0 1 0.00026355314184911549
2994 0 1 0.00027813843917101622
2995 0 0.99999994039535522 0.00032585000735707581
2996 0 1 0.00029886505217291415
2997 0 0.99999994039535522 0.00034813903039321303
2998 0 0.99999994039535522 0.00034719984978437424
2999 0 0.99999994039535522 0.00030920200515538454
3000 0 0.99999994039535522 0.00032975600333884358
3001 0 1 0.00023952029005158693
3002 0 0.99999994039535522 0.00033193867420777678
3003 0 0.99999994039535522 0.00032603435101918876
3004 0 0.99999994039535522 0.00031754357041791081
3005 0 0.99999994039535522 0.00031543403747491539
3006 0 0.99999994039535522 0.00034058160963468254
3007 0 0.99999994039535522 0.00031000369926914573
3008 0 0.99999994039535522 0.00030083119054324925
3009 0 0.99999994039535522 0.00033666682429611683
3010 0 0.99999994039535522 0.00035298423608765006
3011 0 0.99999994039535522 0.00033562816679477692
3012 0 0.99999994039535522 0.00034867739304900169
3013 0 0.99999994039535522 0.00034341673017479479
3014 0 0.99999994039535522 0.00035068744909949601
3015 0 1 0.00019225341384299099
3016 0 0.99999994039535522 0.00034595929901115596
3017 0 0.99999994039535522 0.00032422033837065101
3018 0 0.99999994039535522 0.00034940300974994898
3019 0 1 0.00020841865625698119
3020 0 0.99999994039535522 0.00034444956691004336
3021 0 0.99999994039535522 0.00034525417140685022
3022 0 0.99999994039535522 0.00032258770079351962
3023 0 1 0.00021854204533156008
3024 0 0.99999994039535522 0.00034163781674578786
3025 0 0.99999994039535522 0.00034789327764883637
3026 0 1 0.00029860757058486342
3027 0 1 0.00029715636628679931
3028 0 0.99999994039535522 0.00031530531123280525
3029 0 0.99999994039535522 0.00032906257547438145
3030 0 0.99999994039535522 0.00035089225275442004
3031 0 1 0.00020996642706450075
3032 0 1 0.00020560984557960182
3033 0 1 0.00018315698252990842
3034 0 1 0.00019282687571831048
3035 0 1 0.00026336003793403506
3036 0 0.99999994039535522 0.00029957015067338943
3037 0 1 0.00028618742362596095
3038 0 1 0.00029721195460297167
3039 0 1 0.00020773692813236266
3040 0 0.99999994039535522 0.0003410555946175009
3041 0 0.99999994039535522 0.00033434078795835376
3042 0 0.99999994039535522 0.00031144320382736623
3043 0 1 0.00019203397096134722
3044 0 0.99999994039535522 0.00032291540992446244
3045 0 1 0.00020532311464194208
3046 0 1 0.00028126029064878821
3047 0 1 0.00019527872791513801
3048 0 0.99999994039535522 0.00034741050330922008
3049 0 1 0.00020611894433386624
3050 0 1 0.00022658809029962867
3051 0 1 0.00020120061526540667
3052 0 1 0.00020999275147914886
3053 0 1 0.00019307264301460236
3054 0 1 0.00029466941487044096
3055 0 1 0.00020458873768802732
3056 0 0.99999994039535522 0.00033412428456358612
3057 0 1 0.00020465017587412149
3058 0 1 0.00020014439360238612
3059 0 1 0.00029294902924448252
3060 0 0.99999994039535522 0.00033947269548662007
3061 0 1 0.00021662269136868417
3062 0 0.99999994039535522 0.00034465728094801307
3063 0 0.99999994039535522 0.00031283296993933618
3064 0 1 0.00020677725842688233
3065 0 1 0.00022323800658341497
3066 0 1 0.00027944336761720479
3067 0 1 0.0002077486424241215
3068 0 0.99999994039535522 0.00030185523792169988
3069 0 1 0.00019218026136513799
3070 0 1 0.00021854497026652098
3071 0 1 0.0002014054189203307
3072 0 1 0.00029575490043498576
3073 0 1 0.00020860006043221802
3074 0 0.99999994039535522 0.00031017337460070848
3075 0 1 0.00020109528850298375
3076 0 1 0.00025151332374662161
3077 0 1 0.00022767065092921257
3078 0 1 0.00019431611872278154
3079 0 0.99999994039535522 0.00033558718860149384
3080 0 1 0.00022809489746578038
3081 0 0.99999994039535522 0.00030568806687369943
3082 0 1 0.00021714056492783129
3083 0 1 0.00021826116426382214
3084 0 1 0.00018767447909340262
3085 0 1 0.000208769750315696
3086 0 0.99999994039535522 0.0003388026962056756
3087 0 1 0.00020313459390308708
3088 0 1 0.00028752451180480421
3089 0 0.99999994039535522 0.00034026268986053765
3090 0 1 0.00020046914869453758
3091 0 1 0.00024778288207016885
3092 0 1 0.00027784876874648035
3093 -1 0 -0.00020900674280710518
3094 -1 0 -0.00018130493117496371
3095 -1 0 -0.00018880970310419798
3096 -1 0 -0.00019249918113928288
3097 -1 0 -0.00021780180395580828
3098 -1 0 -0.0001803832856239751
3099 -1 0 -0.00020426981791388243
3100 -1 0 -0.00020662804308813065
3101 -1 0 -0.00017662651953287423
3102 -1 0 -0.00022389047080650926
3103 -1 0 -0.00021469457715284079
3104 -1 0 -0.00021245630341582
3105 -1 0 -0.00022782865562476218
3106 -1 -0 -0.00020788615802302957
3107 -1 0 -0.00020979087275918573
3108 -1 0 -0.0002349764690734446
3109 -1 0 -0.00022964851814322174
3110 -1 0 -0.0002009840973187238
3111 -1 0 -0.00021815583750139922
3112 -1 -0 -0.00019577026250772178
3113 -1 0 -0.00020359687914606184
3114 -1 0 -0.0002069176989607513
3115 0 1 -9.1004847490694374e-05
3116 0 1 -7.3420567787252367e-05
3117 0 1 -5.6722819863352925e-05
3118 0 1 -8.4161314589437097e-05
3119 0 1 -5.6298576964763924e-05
3120 0 1 -0.00012231421715114266
3121 0 1 -0.00011392584565328434
3122 0 1 -0.00010637718514772132
3123 0 1 -9.2578942712862045e-05
3124 0 1 -3.1739105907035992e-05
3125 0 1 -0.00012419260747265071
3126 0 1 -8.5650564869865775e-05
3127 0 1 -0.00013616512296721339
3128 0 1 -4.0949638787424192e-05
3129 -0 1 0.00014103153080213815
3130 0 1 -5.2301882533356547e-05
3131 0 1 -2.2583799363928847e-06
3132 0 1 -8.9760997070698068e-06
3133 0 1 -7.5834018389286939e-06
3134 0 1 -0.00025559193454682827
3135 0 1 -0.0001064386306097731
3136 0 1 -0.00018036573601420969
3137 0 1 -0.0002945494488812983
3138 0 1 -1.9781213268288411e-05
3139 0 1 -2.2534424715558998e-05
3140 0 1 -3.1867843063082546e-05
3141 0 1 -4.7398181777680293e-05
3142 0 1 -8.1779682659544051e-05
3143 0 1 -0.00016540300566703081
3144 0 1 1.0404639397165738e-05
3145 0 1 -7.7179902291391045e-06
3146 0 1 -2.1244131858111359e-05
3147 0 1 1.8105440176441334e-05
3148 0 1 -4.973555860487977e-06
3149 0 1 -0.00014708726666867733
3150 -0 1 1.6242048559433897e-06
3151 0 1 0.0001006462043733336
3152 -0 1 3.6318771890364587e-05
3153 0 1 8.3690982137341052e-05
3154 -0 1 6.3046281866263598e-05
3155 0 1 -4.8103309381986037e-05
3156 0 1 -0.0002715406590141356
3157 -0 1 5.9193325796513818e-06
3158 0 1 -9.5697883807588369e-05
3159 0 1 -0.00014278628805186599
3160 0 1 1.5820362023077905e-05
3161 0 1 5.617971510218922e-06
3162 0 1 -1.8704506146605127e-05
3163 0 1 1.0416342774988152e-05
3164 0 1 -7.3522605816833675e-06
3165 -0 1 4.0672413888387382e-05
3166 0 1 -1.4678555089631118e-05
3167 0 1 -7.9175690189003944e-05
3168 0 1 -0.00018889748025685549
3169 0 1 1.2247915947227739e-05
3170 0 1 7.8272336395457387e-05
3171 0 1 -2.4529845177312382e-05
3172 0 1 -0.00023586592578794807
3173 0 1 -0.00023609414347447455
3174 0 0.99999988079071045 -0.00048073206562548876
3175 0 1 -1.1258252015977632e-05
3176 -0 1 4.1049846913665533e-05
3177 0 1 -0.00015161061310209334
3178 0 1 -0.00021133277914486825
3179 0 1 1.8819344404619187e-05
3180 0 1 -6.6887179855257273e-05
3181 0 1 -0.00023768578830640763
3182 0 1 -0.00016316767141688615
3183 0 1 -7.3563933256082237e-05
3184 0 1 -2.2148215066408738e-05
3185 0 1 -2.2136511688586324e-05
3186 0 1 -2.8318803742877208e-05
3187 0 1 -3.7637590139638633e-05
3188 0 1 -1.4315751286630984e-05
3189 0 1 -0.00029743139748461545
3190 0 1 -0.00019665094441734254
3191 0 1 -4.7146560973487794e-05
3192 0 0.99999994039535522 -0.00037330415216274559
3193 0 1 -1.6469166439492255e-05
3194 0 0.99999994039535522 -0.00040679913945496082
3195 0 1 -2.1820520487381145e-05
3196 0 1 -0.00026771661941893399
3197 0 1 -3.826371903414838e-05
3198 0 1 -0.00014789481065236032
3199 -0 1 1.1261909094173461e-05
3200 0 1 -2.064140971924644e-05
3201 -0 1 5.5243444876396097e-06
3202 0 1 -0.00026067998260259628
3203 0 0.99999994039535522 -0.00036764267133548856
3204 0 1 -0.00015923242608550936
3205 0 0.99999994039535522 -0.00043119769543409348
3206 -0 1 8.467735824524425e-06
3207 0 1 -0.00010675461817299947
3208 0 1 -4.2866060539381579e-05
3209 0 1 -2.3511654944741167e-05
3210 0 1 -4.8837693611858413e-05
3211 -0 1 2.2283535145106725e-05
3212 0 1 -4.5051659981254488e-05
3213 0 1 -0.0001940352376550436
3214 0 1 -1.722951765259495e-06
3215 -0 1 1.1908518899872433e-05
3216 0 1 -3.6598918086383492e-05
3217 0 1 -6.0122279137431178e-06
3218 0 1 -1.4792662113904953e-05
3219 0 1 -1.2674357094510924e-05
3220 -1 -0.00015553123375866562 -0
3221 -1 -2.1007139366702177e-05 0
3222 -1 4.5397639041766524e-05 0
3223 -1 -0.00021258211927488446 -0
3224 -1 -0.00015739792434033006 -0
3225 -1 -1.3162971299607307e-05 0
3226 -1 -0.00016694200166966766 0
3227 -1 -0.00020144638256169856 0
3228 -1 4.4911950681125745e-05 0
3229 -1 -0.00019536649051588029 0
3230 -1 -0.00018811920017469674 0
3231 -1 4.6927852963563055e-05 0
3232 -1 -0.00011953174544032663 -0
3233 -1 -1.9807544958894141e-05 0
3234 -1 -0.00013221232802607119 -0
3235 -1 5.7335051678819582e-05 0
3236 -1 -0.00022013662965036929 0
3237 -1 3.2773023121990263e-06 0
3238 -1 4.9493810365675017e-05 0
3239 -1 -0.00020179456623736769 0
3240 -1 -0.00013729157217312604 0
3241 -1 -0.00014642017777077854 -0
3242 -1 -1.6036143279052339e-05 0
3243 -1 2.4954822947620414e-05 0
3244 -1 -6.2890481785871089e-05 -0
3245 -1 -0.00019249918113928288 0
3246 -1 -3.6335593904368579e-05 -0
3247 -1 4.9411886720918119e-05 0
3248 -1 3.4715412766672671e-05 0
3249 -1 -0.00015695903857704252 0
3250 -1 2.5706762244226411e-05 0
3251 -1 -0.0001575237256474793 0
3252 -1 5.6509965361328796e-05 0
3253 -1 -0.0001575998030602932 0
3254 -1 -0.00012908752250950783 0
3255 -1 1.1074655958509538e-05 0
3256 -1 -8.8567619968671352e-05 -0
3257 -1 4.352218093117699e-05 0
3258 -1 -2.4462551664328203e-05 0
3259 -1 -0.00013554192264564335 -0
3260 -1 -0.00011277306475676596 -0
3261 -1 -0.0001145549031207338 0
3262 -1 8.8363913164357655e-06 0
3263 -1 8.5993988250265829e-06 0
3264 -1 -0.00021610481780953705 -0
3265 -1 5.9315843827789649e-05 0
3266 -1 -1.1755644663935527e-05 0
3267 -1 -0.00014499529788736254 -0
3268 -1 -0.00011526588059496135 -0
3269 -1 -1.2197445357742254e-05 0
3270 -1 5.8578898460837081e-06 0
3271 -1 -0.00010545847908360884 -0
3272 -1 6.6908389271702617e-05 0
3273 -1 -0.00023509643506258726 0
3274 -1 -0.00014796794857829809 0
3275 -1 -2.3116666852729395e-05 -0
3276 -1 -5.561648777074879e-06 0
3277 -1 -0.00015998729213606566 -0
3278 -1 -7.8233570093289018e-05 0
3279 -1 2.4387210942222737e-05 0
3280 -1 -0.00014694684068672359 0
3281 -1 2.9393317163339816e-05 0
3282 -1 -0.00013793526159133762 -0
3283 -1 -0.00015251176955644041 0
3284 -1 -0.00012867791519965976 -0
3285 -1 -4.788094520336017e-05 0
3286 -1 -8.888653974281624e-05 0
3287 -1 2.4940194634837098e-05 0
3288 -1 -0.00016884964134078473 0
3289 -1 2.3567976313643157e-05 0
3290 -1 -0.00017251571989618242 0
3291 -1 2.8413161999196745e-05 0
3292 -1 -0.00017639830184634775 0
3293 -1 -0.00014131166972219944 0
3294 -1 4.5102129661245272e-05 0
3295 -1 -7.0875088567845523e-05 0
3296 -1 -0.00013897393364459276 -0
3297 -1 -0.00010567206481937319 -0
3298 -1 -3.3231281122425571e-05 0
3299 -1 4.6134951844578609e-05 0
3300 -1 -0.00014893933257553726 -0
3301 -1 -1.4391456488738186e-06 0
3302 -1 -1.2238407180120703e-05 0
3303 -1 -3.6832620935456362e-06 0
3304 -1 -0.00014777484466321766 0
3305 -1 -6.0122642025817186e-05 0
3306 -1 -6.7045169998891652e-05 -0
3307 -1 -4.0402508602710441e-05 0
3308 -1 -0.00014970297343097627 0
3309 -1 -3.3529719075886533e-05 0
3310 -1 -0.0001590363826835528 0
3311 -1 -7.5951052167511079e-06 0
3312 -1 -0.00018107963842339814 0
3313 -1 3.3088646887335926e-05 0
3314 -1 -0.00021888728952035308 0
3315 -1 3.8440000935224816e-05 0
3316 -1 -0.00022882928897161037 0
3317 -1 5.4640357120661065e-05 0
3318 -1 -7.8145430961740203e-06 0
3319 -1 3.8609701732639223e-05 0
3320 -1 4.2445473809493706e-05 0
3321 -1 -0.00014938112872187048 0
3322 -1 1.1475495739432517e-05 0
3323 -1 -0.00013439792382996529 -0
3324 -1 5.0769474910339341e-05 0
3325 -1 4.6061806642683223e-05 0
3326 -1 -0.00015791872283443809 0
3327 -1 5.0178456149296835e-05 0
3328 -1 -0.00013672103523276746 0
3329 -1 -0.00014479926903732121 -0
3330 -1 -1.7548800315125845e-05 -0
3331 -1 -0.00013977561320643872 0
3332 -1 4.1863229853333905e-05 0
3333 -1 -0.00015067434287630022 0
3334 -1 -0.00014516207738779485 -0
3335 -1 -0.00013228254101704806 -0
3336 -1 -0.00016892571875359863 0
3337 -1 -0.00014876085333526134 -0
3338 -1 -3.4790751669788733e-05 0
3339 -1 3.6766425182577223e-05 0
3340 -1 -0.00013210991164669394 0
3341 -1 -2.3102036720956676e-05 -0
3342 -1 -0.00015367918240372092 0
3343 -1 2.8079615731257945e-05 0
3344 -1 -0.00016612275794614106 -0
3345 -1 1.4129229384707287e-05 0
3346 -1 3.8399040931835771e-05 0
3347 -1 -0.00020335403678473085 0
3348 -1 -0.00021924132306594402 -0
3349 -1 4.4938286009710282e-05 0
3350 -1 -0.00014710775576531887 0
3351 -1 -6.296655919868499e-05 -0
3352 -1 5.9281101130181924e-06 0
3353 -1 -7.5541800470091403e-05 0
3354 -1 -0.00014480804384220392 0
3355 -1 -5.2173145377309993e-05 -0
3356 -1 -0.00012773872003890574 -0
3357 -1 3.2778509194031358e-05 0
3358 -1 1.9594690456870012e-05 0
3359 -1 -0.00016973617312032729 0
3360 -1 6.2259234255179763e-05 0
3361 -1 -0.00022858644661027938 -0
3362 -1 6.5454245486762375e-05 0
3363 -1 -0.00023911945754662156 0
3364 -1 -8.0983852967619896e-05 0
3365 -1 -0.00014432235911954194 0
3366 -1 -1.1463060218375176e-05 0
3367 -1 1.1882186299772002e-05 0
3368 -1 -0.00014952449419070035 0
3369 -1 -0.00013238201790954918 -0
3370 -1 -9.029093780554831e-05 0
3371 -1 -6.2662271375302225e-05 -0
3372 -1 5.9356803831178695e-05 0
3373 -1 -0.00021500763250514865 -0
3374 -1 3.1420921004610136e-05 0
3375 -1 -0.0001395210565533489 -0
3376 -1 -3.8854737795190886e-05 0
3377 -1 1.1738820830942132e-05 0
3378 -1 -0.00016283997683785856 0
3379 -1 -0.00014475245552603155 0
3380 -1 9.9452827271306887e-06 0
3381 -1 -9.2043146651121788e-06 0
3382 -1 -0.00015549027011729777 0
3383 -1 -0.00019721270655281842 0
3384 -1 8.3097402239218354e-06 0
3385 -1 -0.000162717085913755 0
3386 -1 -0.00018155947327613831 -0
3387 -1 -0.00022600877855438739 0
3388 -1 5.8833080402109772e-05 0
3389 -1 -0.00017667040810920298 -0
3390 -1 -0.00022838747827336192 0
3391 -1 5.945920929661952e-05 0
3392 -0.99945175647735596 0.0094649139791727066 -0.031727239489555359
3393 -0.99948334693908691 -0.0093575660139322281 0.030749702826142311
3394 -0.99942421913146973 0.0092756254598498344 -0.032638374716043472
3395 -0.99953931570053101 -0.029093533754348755 0.0086420290172100067
3396 -0.99999052286148071 0.0029974582139402628 -0.0031666236463934183
3397 -0.9999992847442627 -0.00089935294818133116 0.00076315965270623565
3398 -0.99957185983657837 -0.0088616302236914635 0.027885634452104568
3399 -0.99975782632827759 0.0077935121953487396 -0.020581241697072983
3400 -0.99999946355819702 0.00082605110947042704 -0.0007080360664986074
3401 -0.99982458353042603 -0.0081963464617729187 0.0168423131108284
3402 -0.99995130300521851 0.0080507546663284302 -0.0057127741165459156
3403 -0.99950414896011353 0.03006649948656559 -0.0093587562441825867
3404 -0.99976652860641479 0.011622349731624126 -0.018216511234641075
3405 -0.99999302625656128 -0.0023787256795912981 0.0028881649486720562
3406 -0.99982923269271851 -0.0043231993913650513 0.017969302833080292
3407 -0.99988555908203125 0.0030728466808795929 -0.01481720432639122
3408 -0.9998975396156311 0.013841617852449417 -0.0036551617085933685
3409 -0.99967741966247559 -0.010195835493505001 0.023263117298483849
3410 -0.99960672855377197 -0.015871325507760048 0.023120084777474403
3411 -0.9996066689491272 0.015419155359268188 -0.023424945771694183
3412 -0.99961495399475098 -0.017853543162345886 0.02124125137925148
3413 -0.9996187686920166 0.017364621162414551 -0.021467773243784904
3414 -0.99956399202346802 0.01372515968978405 -0.026144295930862427
3415 -0.99991863965988159 0.0027973181568086147 -0.012448712252080441
3416 -0.99960428476333618 -0.026190010830760002 0.0102650485932827
3417 -0.99959611892700195 0.017880843952298164 -0.022087864577770233
3418 -0.99991261959075928 -0.012895036488771439 0.0029154899530112743
3419 -0.99958503246307373 -0.020556630566716194 0.020177455618977547
3420 -0.99961745738983154 0.025397118180990219 -0.010954748839139938
3421 -0.99972063302993774 0.020557954907417297 -0.011665485799312592
3422 -0.99968057870864868 -0.022399187088012695 0.011705548502504826
3423 -0.99961024522781372 -0.023351816460490227 0.01529734767973423
3424 -0.99961912631988525 0.024200348183512688 -0.013263939879834652
3425 -0.9996146559715271 -0.015621392987668514 0.022947756573557854
3426 -0.99958896636962891 0.020087830722332001 -0.020454064011573792
3427 -0.99965584278106689 0.010023416019976139 -0.024243680760264397
3428 -0.99959772825241089 -0.018283216282725334 0.021681530401110649
3429 -0.99961525201797485 0.022924346849322319 -0.015617969445884228
3430 -0.99958229064941406 -0.024234522134065628 0.015747904777526855
3431 -0.99954485893249512 0.026477538049221039 -0.014458797872066498
3432 -0.99961274862289429 -0.011239389888942242 0.025456635281443596
3433 -0.99967002868652344 -0.024733418598771095 0.0069364197552204132
3434 -0.99950885772705078 0.0085996389389038086 -0.030135491862893105
3435 -0.99959814548492432 0.023378368467092514 -0.016031883656978607
3436 -0.99961233139038086 0.015321153216063976 -0.023247621953487396
3437 -0.99970060586929321 0.021493285894393921 -0.011694778688251972
3438 -0.99959629774093628 0.02178901806473732 -0.018236314877867699
3439 -0.99960368871688843 0.013212154619395733 -0.024857422336935997
3440 -0.99959075450897217 -0.013672242872416973 0.025128699839115143
3441 -0.99959349632263184 -0.016242412850260735 0.023430883884429932
3442 -0.99959486722946167 -0.022209882736206055 0.01780012808740139
3443 -0.99960780143737793 -0.024886930361390114 0.01284172385931015
3444 -0.99959766864776611 0.017874294891953468 -0.022023053839802742
3445 -0.99958711862564087 0.020160479471087456 -0.020472895354032516
3446 -0.99964439868927002 0.010163865983486176 -0.024653516709804535
3447 -0.99959176778793335 -0.02226933091878891 0.01789848692715168
3448 -0.99961656332015991 -0.024507792666554451 0.012889748439192772
3449 -0.99964559078216553 -0.022190356627106667 0.014709761366248131
3450 -0.99959594011306763 -0.018193759024143219 0.021840624511241913
3451 -0.99960190057754517 0.021692363545298576 -0.018040083348751068
3452 -0.99961888790130615 0.015260510146617889 -0.023004421964287758
3453 -0.99958592653274536 -0.020566480234265327 0.020125018432736397
3454 -0.99960654973983765 0.01973809115588665 -0.019929360598325729
3455 -0.99970072507858276 0.011561388149857521 -0.021559396758675575
3456 -0.99959945678710938 -0.022065917029976845 0.017722290009260178
3457 -0.9995923638343811 0.018061606213450432 -0.022112203761935234
3458 -0.99964869022369385 0.021922271698713303 -0.014897323213517666
3459 -0.99959099292755127 -0.020482493564486504 0.019956232979893684
3460 -0.99965369701385498 -0.012942885980010033 0.022913075983524323
3461 -0.99957859516143799 -0.014029008336365223 0.025413705036044121
3462 -0.99970829486846924 -0.018802797421813011 0.015161024406552315
3463 -0.99965357780456543 0.020231937989592552 -0.016834288835525513
3464 -1 -2.0237406715750694e-05 -0.00026308902306482196
3465 -0.999675452709198 -0.012427056208252907 0.022239236161112785
3466 -0.99999994039535522 -3.0934883398003876e-05 -0.00031868770020082593
3467 -0.99999994039535522 -3.0325256375363097e-05 -0.00039210208342410624
3468 -1 -0.00024479921557940543 -2.35039769904688e-05
3469 -1 -1.9078761397395283e-05 -0.00026131275808438659
3470 -1 -0.00014082729467190802 -1.2510593478509691e-05
3471 -1 -1.9073953808401711e-05 -0.00026201715809293091
3472 -1 -0.0001405663788318634 -9.8884802355314605e-06
3473 -0.99984794855117798 -0.017393410205841064 0.0012594813015311956
3474 -0.99999457597732544 -0.0032980160322040319 -1.3315584510564804e-05
3475 -0.99985706806182861 0.01680876687169075 -0.0018288621213287115
3476 -0.99955439567565918 -0.011487506330013275 0.02755332924425602
3477 -0.99999994039535522 -0.0001889820268843323 -0.00024864744045771658
3478 -0.99991577863693237 -0.0031492575071752071 0.012594451196491718
3479 -0.99966436624526978 0.024860281497240067 -0.0072908266447484493
3480 -0.99966520071029663 -0.0075080804526805878 0.024761306121945381
3481 -0.9999576210975647 0.0089694717898964882 -0.0020909043960273266
3482 -0.99999994039535522 -2.8737051252392121e-05 -0.00040504956268705428
3483 -0.99999994039535522 -0.00034223895636387169 -2.7152356778969988e-05
3484 -0.99994254112243652 0.0033577119465917349 -0.010181148536503315
3485 -0.99954718351364136 -0.011662357486784458 0.027739660814404488
3486 -0.99971580505371094 -0.01964111253619194 0.013516158796846867
3487 -0.9994584321975708 -0.018393635749816895 0.027285723015666008
3488 -0.99954766035079956 -0.021390367299318314 0.021143361926078796
3489 -0.99972951412200928 0.021230015903711319 -0.0094962622970342636
3490 -0.99997210502624512 -0.0070836548693478107 0.0023659446742385626
3491 -0.99947696924209595 -0.029768951237201691 0.012631995603442192
3492 -0.99958372116088867 0.010913955047726631 -0.026708759367465973
3493 -0.9997248649597168 0.013264924287796021 -0.019346930086612701
3494 -0.99992901086807251 -0.0025820760056376457 0.011635487899184227
3495 -0.9996228814125061 0.019274229183793068 -0.019561175256967545
3496 -0.99995452165603638 0.0088809104636311531 -0.0034771617501974106
3497 -0.99980562925338745 -0.018194571137428284 0.0075963945128023624
3498 -0.99998575448989868 0.0052818632684648037 -0.0007950972649268806
3499 -0.99989187717437744 -0.0015972711844369769 0.014619126915931702
3500 -0.99969160556793213 0.0019298342522233725 -0.024758556857705116
3501 -0.99984228610992432 -0.0015894715907052159 0.01768895797431469
3502 -0.99957120418548584 -0.0291880052536726 0.0023491329047828913
3503 -0.99961757659912109 0.0022521188948303461 -0.02756158635020256
3504 -0.99989116191864014 0.001064406824298203 -0.014717820100486279
3505 -1 -0.00015015892859082669 9.5972747658379376e-05
3506 -0.99999994039535522 -2.7708869311027229e-05 -0.00040175439789891243
3507 -0.99999994039535522 -0.00034734176006168127 -2.4688433768460527e-05
3508 -0.99952548742294312 -0.027206018567085266 0.014444801956415176
3509 -0.9999396800994873 -0.010817248374223709 0.0019259449327364564
3510 -0.99953025579452515 0.030492678284645081 -0.0030749344732612371
3511 -0.9995272159576416 -0.0031036634463816881 0.030589954927563667
3512 -1 -1.7473888874519616e-05 -0.00025795586407184601
3513 -1 -0.00013897301687393337 -9.3904018285684288e-06
3514 -0.99954068660736084 0.013844777829945087 -0.026957478374242783
3515 -0.99937117099761963 0.027387848123908043 -0.022520730271935463
3516 -0.99939447641372681 -0.022436400875449181 0.026594497263431549
3517 -1 0.0001780013699317351 -0.00022320888820104301
3518 -0.99895370006561279 0.042075343430042267 -0.017923546954989433
3519 -1 -0.00017849680443760008 -1.2089509255019948e-05
3520 -0.99971336126327515 0.0096510127186775208 -0.021910684183239937
3521 -0.99973678588867188 -0.021213041618466377 0.0087391985580325127
3522 -1 -0.0001429201802238822 -1.0034279512183275e-05
3523 -0.99978172779083252 -0.005415596067905426 0.020177518948912621
3524 -0.99974876642227173 0.020425530150532722 -0.0092368517071008682
3525 -0.99982148408889771 -0.018502721562981606 0.0038218924310058355
3526 -0.99982619285583496 0.0037891557440161705 -0.018254991620779037
3527 -0.99997508525848389 -0.0063732941634953022 0.0030407649464905262
3528 -0.99987107515335083 -0.015283008106052876 0.0049286419525742531
3529 -0.9998432993888855 0.017221815884113312 -0.0040993234142661095
3530 -0.99986010789871216 -0.0039842464029788971 0.016248008236289024
3531 -0.99998730421066284 0.0048963632434606552 -0.0012018586276099086
3532 -0.99999606609344482 -0.00068490096600726247 0.002729946281760931
3533 -1 -0.00011474892380647361 -0.00011540480045368895
3534 -0.99989932775497437 0.013401836156845093 -0.0046731811016798019
3535 -0.99981933832168579 0.015553596429526806 -0.010925160720944405
3536 -0.99999827146530151 0.0017996042734012008 -0.00053418357856571674
3537 -0.99996286630630493 -0.0010077139595523477 0.0085602365434169769
3538 -0.99999350309371948 -0.0034681712277233601 0.00099975976627320051
3539 -0.99998867511749268 -0.0047669252380728722 6.4608357206452638e-05
3540 -0.99999672174453735 4.1603314457461238e-05 -0.002569650299847126
3541 -1 -0.00026813396834768355 -4.5750268327537924e-05
3542 -0.99986129999160767 -0.0056154029443860054 0.015683166682720184
3543 -0.99999725818634033 0.0022556993644684553 -0.00066102715209126472
3544 -1 9.7598291176836938e-05 -0.00022128340788185596
3545 -0.99999803304672241 -0.0020050408784300089 3.4079246688634157e-05
3546 -0.99997377395629883 0.0010941650252789259 -0.0071613127365708351
3547 -0.99999159574508667 -0.004072144627571106 0.00051407748833298683
3548 -0.99999481439590454 0.0031238538213074207 -0.00083888496737927198
3549 -0.999744713306427 0.0047479690983891487 -0.022091705352067947
3550 -0.99973493814468384 0.022344598546624184 -0.0055435178801417351
3551 -0.99963104724884033 -0.026460399851202965 0.0061387605965137482
3552 -0.99999994039535522 0 -0.00036667127278633416
3553 -0.99999994039535522 0 -0.00030927223269827664
3554 -1 -0 -0.00028000804013572633
3555 -1 0 -0.00028976277098990977
3556 -0.99999994039535522 0 -0.00034793716622516513
3557 -1 0 -0.00028632491012103856
3558 -0.99999994039535522 0 -0.00034581593354232609
3559 -0.99999994039535522 0 -0.00031330404453910887
3560 -0.99999994039535522 0 -0.00036005597212351859
3561 -0.99999994039535522 0 -0.0003583911748137325
3562 -1 0 -0.00029602699214592576
3563 -1 0 -0.00029074292979203165
3564 -0.99999994039535522 0 -0.00031854712869971991
3565 -1 0 -0.00028426220524124801
3566 -0.99999994039535522 0 -0.00038592913188040257
3567 -1 0 -0.00029251014348119497
3568 -0.99999994039535522 0 -0.00037509476533159614
3569 -0.99999994039535522 0 -0.000340979517204687
3570 -1 0 -0.00029728509252890944
3571 -0.99999994039535522 0 -0.00035112630575895309
3572 -0.99999994039535522 0 -0.00037009452353231609
3573 -0.99999994039535522 0 -0.00031433391268365085
3574 -1 0 -0.00028876800206489861
3575 -0.99999994039535522 0 -0.00035652448423206806
3576 -0.99999994039535522 0 -0.00033755044569261372
3577 -0.99999994039535522 0 -0.00030552715179510415
3578 -1 0 -0.00028941169148311019
3579 -0.99999994039535522 -0 -0.00037910608807578683
3580 -1 0 -0.00029306605574674904
3581 -0.99999994039535522 -0 -0.00031050984398461878
3582 -0.99999994039535522 0 -0.00036010571056976914
3583 -1 0 -0.00029664143221452832
3584 -0.99999994039535522 0 -0.00034317097743041813
3585 -0.99999994039535522 0 -0.00030130517552606761
3586 -0.99999994039535522 0 -0.00035928646684624255
3587 -0.99999994039535522 0 -0.00038252639933489263
3588 -0.99999994039535522 0 -0.00038916803896427155
3589 -1 -0 -0.00028083898359909654
3590 -1 0 -0.00027097304700873792
3591 -0.99945175647735596 0.0095119178295135498 -0.031712714582681656
3592 -0.99948334693908691 -0.0092560769990086555 0.030779670923948288
3593 -0.99942421913146973 0.0093748345971107483 -0.032609395682811737
3594 -0.99953919649124146 -0.029200073331594467 0.0082918871194124222
3595 -0.99999052286148071 0.0029032067395746708 -0.0032612686045467854
3596 -0.9999992847442627 -0.00096202973509207368 0.00070076063275337219
3597 -0.99957185983657837 -0.0088200950995087624 0.027898317202925682
3598 -0.99975782632827759 0.0078295348212122917 -0.02056674100458622
3599 -0.99999940395355225 0.00074725114973261952 -0.00082272011786699295
3600 -0.99982452392578125 -0.0082288347184658051 0.016827398911118507
3601 -0.99995130300521851 0.0079757412895560265 -0.0058204182423651218
3602 -0.9995039701461792 0.029961055144667625 -0.0097054466605186462
3603 -0.99976652860641479 0.011619365774095058 -0.01821848563849926
3604 -0.99999302625656128 -0.0023897411301732063 0.0028804726898670197
3605 -0.99982929229736328 -0.0042040222324430943 0.01799614354968071
3606 -0.99988555908203125 0.0031892247498035431 -0.014791011810302734
3607 -0.99989748001098633 0.013765524141490459 -0.0039531690999865532
3608 -0.99967736005783081 -0.010250112973153591 0.023240018635988235
3609 -0.9996066689491272 -0.015974953770637512 0.023050455376505852
3610 -0.9996066689491272 0.015308254398405552 -0.023499442264437675
3611 -0.99961495399475098 -0.017980387434363365 0.021136710420250893
3612 -0.99961870908737183 0.017237177118659019 -0.021572822704911232
3613 -0.99956393241882324 0.013580481521785259 -0.026222085580229759
3614 -0.99991869926452637 0.0029467749409377575 -0.012410451658070087
3615 -0.99960404634475708 -0.026323124766349792 0.0099398139864206314
3616 -0.99959605932235718 0.017782459035515785 -0.022169141098856926
3617 -0.99991250038146973 -0.012981611303985119 0.0025650341995060444
3618 -0.99958503246307373 -0.020666029304265976 0.020068125799298286
3619 -0.99961721897125244 0.02525516040623188 -0.011297360062599182
3620 -0.99972051382064819 0.020440388470888138 -0.011880708858370781
3621 -0.99968045949935913 -0.022514056414365768 0.01149365771561861
3622 -0.99961018562316895 -0.023467021062970161 0.015124984085559845
3623 -0.99961906671524048 0.024090796709060669 -0.013468142598867416
3624 -0.99961459636688232 -0.015666266903281212 0.022917725145816803
3625 -0.99958890676498413 0.019964393228292465 -0.020577441900968552
3626 -0.99965584278106689 0.0099622951820492744 -0.02426963672041893
3627 -0.99959772825241089 -0.018369302153587341 0.021610405296087265
3628 -0.9996151328086853 0.022805828601121902 -0.01579524390399456
3629 -0.99958217144012451 -0.024381626397371292 0.015527396462857723
3630 -0.99954479932785034 0.026378948241472244 -0.014641454443335533
3631 -0.99961268901824951 -0.011352217756211758 0.025408485904335976
3632 -0.99966967105865479 -0.024863818660378456 0.0065065198577940464
3633 -0.99950891733169556 0.0087136318907141685 -0.030100913718342781
3634 -0.99959802627563477 0.023233992978930473 -0.016247915104031563
3635 -0.99961233139038086 0.015255670063197613 -0.023291410878300667
3636 -0.99970054626464844 0.021410619840025902 -0.011849432252347469
3637 -0.99959617853164673 0.021664043888449669 -0.018388662487268448
3638 -0.99960362911224365 0.013106629252433777 -0.024915242567658424
3639 -0.99959075450897217 -0.013625721447169781 0.025153566151857376
3640 -0.99959349632263184 -0.016343064606189728 0.023362630978226662
3641 -0.99959480762481689 -0.02232908271253109 0.017654882743954659
3642 -0.99960756301879883 -0.025043856352567673 0.012548122555017471
3643 -0.99959766864776611 0.017867393791675568 -0.022028720006346703
3644 -0.99958705902099609 0.020038697868585587 -0.020595019683241844
3645 -0.99964433908462524 0.010062616318464279 -0.024696778506040573
3646 -0.99959170818328857 -0.022391999140381813 0.017748937010765076
3647 -0.99961650371551514 -0.02461661770939827 0.012687342241406441
3648 -0.99964553117752075 -0.022296221926808357 0.014552261680364609
3649 -0.99959588050842285 -0.018281532451510429 0.021768588572740555
3650 -0.99960184097290039 0.021579759195446968 -0.018177798017859459
3651 -0.99961888790130615 0.015160474926233292 -0.023072289302945137
3652 -0.99958586692810059 -0.020679596811532974 0.020011594519019127
3653 -0.99960649013519287 0.019642174243927002 -0.020026059821248055
3654 -0.99970066547393799 0.011456461623311043 -0.02161688543856144
3655 -0.9995993971824646 -0.022171987220644951 0.017592614516615868
3656 -0.99959230422973633 0.017975807189941406 -0.022183537483215332
3657 -0.99964863061904907 0.021817073225975037 -0.015054273419082165
3658 -0.99959099292755127 -0.02058018185198307 0.019857818260788918
3659 -0.99965363740921021 -0.013048794120550156 0.022855183109641075
3660 -0.99957853555679321 -0.014165090397000313 0.025340456515550613
3661 -0.99970823526382446 -0.018894709646701813 0.015049261040985584
3662 -0.99965357780456543 0.020134508609771729 -0.016952946782112122
3663 -0.99999988079071045 -3.531764741637744e-05 -0.0004591112956404686
3664 -0.99967539310455322 -0.012525335885584354 0.022185508161783218
3665 -0.99999988079071045 -5.2416115067899227e-05 -0.00053998187649995089
3666 -0.99999982118606567 -5.1016046199947596e-05 -0.00065963162342086434
3667 -1 -0.00010762604506453499 -1.033352964441292e-05
3668 -0.99999988079071045 -3.4056156437145546e-05 -0.00046641772496514022
3669 -1 4.8364152462454513e-05 4.2964984459104016e-06
3670 -0.99999994039535522 -3.263048711232841e-05 -0.00044823071220889688
3671 -1 6.4709165599197149e-05 4.5521223910327535e-06
3672 -0.99984794855117798 -0.017408436164259911 0.0010731423972174525
3673 -0.99999451637268066 -0.0033121793530881405 -0.00021254757302813232
3674 -0.99985694885253906 0.016788771376013756 -0.0020624976605176926
3675 -0.99955439567565918 -0.011448588222265244 0.027569275349378586
3676 -0.99999988079071045 -0.00020488344307523221 -0.00042968179332092404
3677 -0.99991577863693237 -0.002931483555585146 0.012644895352423191
3678 -0.99966442584991455 0.024770455434918404 -0.0075859478674829006
3679 -0.99966520071029663 -0.0074286404997110367 0.024785405024886131
3680 -0.99995756149291992 0.0089229373261332512 -0.002306890906766057
3681 -0.9999997615814209 -4.8474103095941246e-05 -0.00068324391031637788
3682 -1 -0.00017165449389722198 -1.361862632620614e-05
3683 -0.9999426007270813 0.0034552514553070068 -0.010147145017981529
3684 -0.99954718351364136 -0.011630482971668243 0.027752447873353958
3685 -0.99971574544906616 -0.019734147936105728 0.013382819481194019
3686 -0.9994584321975708 -0.018389491364359856 0.027288444340229034
3687 -0.99954766035079956 -0.021406363695859909 0.02112727053463459
3688 -0.99972939491271973 0.021124809980392456 -0.0097399810329079628
3689 -0.99997210502624512 -0.0071596866473555565 0.0021466626785695553
3690 -0.99947696924209595 -0.029853470623493195 0.012432458810508251
3691 -0.9995836615562439 0.010958547703921795 -0.026690220460295677
3692 -0.9997248649597168 0.013242048211395741 -0.019363082945346832
3693 -0.99992901086807251 -0.0023773778229951859 0.011678611859679222
3694 -0.9996228814125061 0.019205454736948013 -0.019629508256912231
3695 -0.99995434284210205 0.0087656052783131599 -0.0038070783484727144
3696 -0.99980556964874268 -0.018257530406117439 0.007452912162989378
3697 -0.99998557567596436 0.0052617834880948067 -0.0010655984515324235
3698 -0.99989193677902222 -0.0014385901158675551 0.014633056707680225
3699 -0.99969160556793213 0.0020273197442293167 -0.024750236421823502
3700 -0.99984228610992432 -0.0013968721032142639 0.017704349011182785
3701 -0.99957090616226196 -0.029223209246993065 0.0019915986340492964
3702 -0.99961769580841064 0.0024312264285981655 -0.027543948963284492
3703 -0.99989116191864014 0.001266901264898479 -0.014701518230140209
3704 -1 6.1967642977833748e-05 0.00011088054452557117
3705 -0.9999997615814209 -4.743961471831426e-05 -0.00068783300230279565
3706 -1 -0.00016440599574707448 -1.1685685421980452e-05
3707 -0.99952542781829834 -0.027297748252749443 0.01427443977445364
3708 -0.99993950128555298 -0.010887637734413147 0.0015939902514219284
3709 -0.99953025579452515 0.030472368001937866 -0.0032799507025629282
3710 -0.9995272159576416 -0.0028979426715523005 0.030610216781497002
3711 -0.99999994039535522 -2.9353886930039153e-05 -0.00043333234498277307
3712 -1 6.9313369749579579e-05 4.6835016291879583e-06
3713 -0.99954074621200562 0.013854746706783772 -0.026952153071761131
3714 -0.99937111139297485 0.027275549247860909 -0.022657562047243118
3715 -0.99939447641372681 -0.022529656067490578 0.026516970247030258
3716 -0.99999994039535522 9.1582332970574498e-05 -0.00039650910184718668
3717 -0.99895370006561279 0.04200395941734314 -0.018091769888997078
3718 -1 -1.0990229384333361e-05 -7.4436331942706602e-07
3719 -0.99971336126327515 0.0096132988110184669 -0.021928077563643456
3720 -0.9997367262840271 -0.021304769441485405 0.0085255643352866173
3721 -1 7.0803936978336424e-05 4.9710720304574352e-06
3722 -0.99978178739547729 -0.0052598379552364349 0.020216230303049088
3723 -0.99974864721298218 0.02035185880959034 -0.009406140074133873
3724 -0.99982148408889771 -0.018549367785453796 0.0035995668731629848
3725 -0.99982619285583496 0.0039799218066036701 -0.018215024843811989
3726 -0.99997502565383911 -0.0064628315158188343 0.0028602941893041134
3727 -0.9998708963394165 -0.015393452718853951 0.0046105477958917618
3728 -0.99984312057495117 0.017147967591881752 -0.0044481195509433746
3729 -0.99986016750335693 -0.0037580751813948154 0.016296692192554474
3730 -0.99998724460601807 0.0048503745347261429 -0.0014181274455040693
3731 -0.99999606609344482 -0.00049968075472861528 0.0027701195795089006
3732 -1 6.4777894294820726e-05 -7.9029407061170787e-05
3733 -0.99989920854568481 0.013321781530976295 -0.0049120886251330376
3734 -0.99981933832168579 0.015475194901227951 -0.011038174852728844
3735 -0.99999809265136719 0.0017801225185394287 -0.00081394449807703495
3736 -0.99996292591094971 -0.00081473862519487739 0.0085745193064212799
3737 -0.99999344348907471 -0.0035471701994538307 0.00076070823706686497
3738 -0.9999886155128479 -0.0047803963534533978 -0.00010687422036426142
3739 -0.99999672174453735 0.0002486552984919399 -0.0025554501917213202
3740 -0.99999994039535522 -0.00034262644476257265 -0.00026356941089034081
3741 -0.99986129999160767 -0.0055223889648914337 0.015715235844254494
3742 -0.99999713897705078 0.0022053623106330633 -0.0009015561081469059
3743 -0.99999994039535522 5.5360367696266621e-05 -0.00043497543083503842
3744 -0.99999779462814331 -0.0020799385383725166 -0.00030892735230736434
3745 -0.99997389316558838 0.0013115557376295328 -0.0071140374056994915
3746 -0.99999141693115234 -0.0041406787931919098 0.0001840831246227026
3747 -0.99999469518661499 0.0030743423849344254 -0.0010695259552448988
3748 -0.999744713306427 0.0049614598974585533 -0.022044012323021889
3749 -0.99973481893539429 0.022258684039115906 -0.0059094545431435108
3750 -0.99963098764419556 -0.026530591771006584 0.0058368700556457043
3751 0 0.99999994039535522 -0.00035324753844179213
3752 0 1 -3.0896466341800988e-05
3753 -0 1 3.6134442780166864e-05
3754 0 1 -0.00010890218254644424
3755 -0 1 4.5400567614706233e-05
3756 0 1 -1.1269955393800046e-05
3757 0 0.99971240758895874 -0.023981157690286636
3758 0 1 -5.2702722314279526e-05
3759 0 1 -3.3646749216131866e-05
3760 0 0.99999994039535522 -0.00030293193412944674
3761 0 1 -5.4074938816484064e-05
3762 0 1 -5.168160714674741e-05
3763 0 1 -5.7571312936488539e-05
3764 0 0.99999737739562988 -0.0023058406077325344
3765 0 1 -3.4211436286568642e-05
3766 0 1 -1.6981188309728168e-05
3767 0 1 -5.3802473303221632e-06
3768 0 1 -2.0857920389971696e-05
3769 0 1 -0.00014929920143913478
3770 0 1 -0.00011035632633138448
3771 0 1 -0.00014084938447922468
3772 0 1 -3.6789100704481825e-05
3773 0 1 -3.6113229725742713e-05
3774 0 0.99976831674575806 -0.021526331081986427
3775 0 1 -9.3895570898894221e-05
3776 0 1 -5.9906131355091929e-05
3777 0 1 -2.1808817109558731e-05
3778 0 0.9999997615814209 -0.00074176350608468056
3779 0 0.99975788593292236 -0.022003458812832832
3780 0 1 -0.00012542730837594718
3781 0 0.99972432851791382 -0.023480065166950226
3782 0 1 -6.6925211285706609e-05
3783 0 0.99976807832717896 -0.021536082029342651
3784 0 0.99999988079071045 -0.00049976463196799159
3785 0 1 -0.00011829119466710836
3786 0 1 -3.1335341191152111e-05
3787 0 0.99999940395355225 -0.0010927640832960606
3788 0 0.99999958276748657 -0.000950802699662745
3789 0 1 -0.00013742616283707321
3790 0 1 -7.6124044426251203e-05
3791 0 1 -8.5972409578971565e-05
3792 0 0.9999927282333374 -0.0038243716116994619
3793 0 0.9999968409538269 -0.0025161898229271173
3794 0 0.99975329637527466 -0.02221260778605938
3795 0 1 0.0001017316899378784
3796 0 1 -0.00012152131967013702
3797 0 1 -8.9179120550397784e-05
3798 0 1 -9.3670278147328645e-05
3799 0 1 -5.584799509961158e-05
3800 0 1 -7.0713804234401323e-06
3801 0 1 -8.8915796368382871e-05
3802 0 1 -5.2196552132954821e-05
3803 0 1 -2.5372486561536789e-05
3804 0 1 -9.5958283054642379e-05
3805 0 1 4.3832318624481559e-05
3806 0 0.99999737739562988 -0.0023085614666342735
3807 0 1 -9.5232680905610323e-05
3808 0 1 -8.7069594883359969e-05
3809 0 1 -4.7924830141710117e-05
3810 0 0.99976855516433716 -0.021514015272259712
3811 0 1 -1.3303411833476275e-05
3812 0 0.99972844123840332 -0.023303044959902763
3813 0 1 -9.8369171610102057e-05
3814 0 1 -6.9687201175838709e-05
3815 0 0.99973118305206299 -0.023186365142464638
3816 0 0.99996501207351685 -0.0083691990002989769
3817 0 1 -7.3628303653094918e-05
3818 0 1 -7.2885137342382222e-05
3819 0 1 -0.00014312862185761333
3820 0 1 -5.2392584620974958e-05
3821 0 0.99999940395355225 -0.0011256126454100013
3822 0 0.99973583221435547 -0.022985348477959633
3823 0 1 -8.8912871433421969e-05
3824 0 1 -0.00012842628348153085
3825 0 1 3.4841224987758324e-05
3826 0 0.99982291460037231 -0.018817935138940811
3827 0 1 -0.0001127174764405936
3828 0 0.9999731183052063 -0.0073335077613592148
3829 0 0.99978542327880859 -0.020715916529297829
3830 0 0.99985861778259277 -0.016817722469568253
3831 0 1 -8.7771797552704811e-05
3832 0 1 -0.00010563110117800534
3833 0 1 -9.8641277872957289e-05
3834 0 1 -4.7254816308850423e-05
3835 0 0.99999868869781494 -0.0016432247357442975
3836 0 1 -5.0856520829256624e-05
3837 0 1 -4.2225303332088515e-05
3838 0 1 -5.8405177696840838e-05
3839 0 0.99995315074920654 -0.0096782874315977097
3840 0 1 -7.647513848496601e-05
3841 0 1 -0.000113051020889543
3842 0 1 -5.5017058912198991e-05
3843 0 0.99997144937515259 -0.0075602387078106403
3844 0 0.99998956918716431 -0.004573124460875988
3845 0 1 -0.00013184659474063665
3846 0 1 -0.00013000624312553555
3847 0 1 -0.00011332312715239823
3848 0 0.99984019994735718 -0.017877757549285889
3849 0 1 -7.4143252277281135e-05
3850 0 0.99986732006072998 -0.016291752457618713
3851 0 1 -8.1282290921080858e-05
3852 0 0.99996155500411987 -0.0087707079946994781
3853 0 1 -9.0475266915746033e-05
3854 0 1 -8.0495243309997022e-05
3855 -0 1 5.8502460888121277e-05
3856 0 0.99974566698074341 -0.022551730275154114
3857 0 1 -0.00010606412251945585
3858 0 1 -0.00016645337746012956
3859 0 0.99981355667114258 -0.019308006390929222
3860 0 1 -0.00012871302897110581
3861 0 1 -0.00014670690870843828
3862 0 1 -9.3746355560142547e-05
3863 0 1 -0.00010306221520295367
3864 0 0.99999994039535522 -0.00031236777431331575
3865 0 0.99976789951324463 -0.021544525399804115
3866 0 0.99972647428512573 -0.023388231173157692
3867 0 1 -8.0340170825365931e-05
3868 0 0.99979859590530396 -0.02006862685084343
3869 0 1 -7.6738469942938536e-05
3870 0 1 -8.5826111899223179e-05
3871 0 0.99999982118606567 -0.00066118594259023666
3872 0 0.99983102083206177 -0.018385406583547592
3873 0 0.99999260902404785 -0.0038416832685470581
3874 0 0.99999678134918213 -0.0025321999564766884
3875 0 1 -6.5620290115475655e-05
3876 0 1 -2.5849398298305459e-05
3877 0 0.99991774559020996 -0.012826238758862019
3878 0 0.99993699789047241 -0.011228100396692753
3879 0 1 -8.0109028203878552e-05
3880 0 0.9998706579208374 -0.016085958108305931
3881 0 1 -8.6624866526108235e-05
3882 0 1 -9.1171619715169072e-05
3883 0 1 -0.00011626358900684863
3884 0 0.99982374906539917 -0.018775500357151031
3885 0 1 1.5773914583405713e-06
3886 -0 1 2.9960929168737493e-05
3887 0 1 -0.0001133933401433751
3888 0 1 7.5990181358065456e-05
3889 0 0.99999707937240601 -0.0024149855598807335
3890 0 1 -7.1123422458185814e-06
3891 0 1 -0.00010577739158179611
3892 0 0.9998553991317749 -0.017007134854793549
3893 0 0.99995601177215576 -0.0093842046335339546
3894 0 1 -4.5218432205729187e-05
3895 0 1 -0.00011655616981443018
3896 0 1 -1.0415611541247927e-05
3897 0 1 -0.00012331192556302994
3898 0 0.99979877471923828 -0.020059527829289436
3899 0 1 -9.2063994088675827e-05
3900 0 1 -0.00012346699077170342
3901 0 0.99999964237213135 -0.00083870801609009504
3902 0 1 -5.7799530623015016e-05
3903 0 0.99999374151229858 -0.0035365440417081118
3904 0 1 1.1034060207748553e-06
3905 0 0.99972909688949585 -0.023275511339306831
3906 0 1 -3.5302775359014049e-05
3907 0 1 -1.1670429103105562e-06
3908 0 1 -8.8356966443825513e-05
3909 0 1 -3.41763261531014e-05
3910 0 1 -8.5281906649470329e-05
3911 0 1 -0.00013402634067460895
3912 0 0.99972647428512573 -0.023388396948575974
3913 0 1 -0.00010739538265625015
3914 0 1 -6.8054585426580161e-05
3915 0 0.99999994039535522 -0.00033965994953177869
3916 0 1 -5.4060310503700748e-05
3917 0 0.99991363286972046 -0.013143247924745083
3918 0 1 -4.7787318180780858e-05
3919 0 0.99985909461975098 -0.016786985099315643
3920 0 1 -8.5445753938984126e-05
3921 0 1 -7.5775868026539683e-05
3922 0 0.99989616870880127 -0.014410581439733505
3923 0 1 -0.00011442323739174753
3924 0 1 -2.5229119273717515e-05
3925 0 1 -8.0117810284718871e-05
3926 0 1 -0.00011796642502304167
3927 0 1 -9.6189425676129758e-05
3928 -0 1 5.4347772675100714e-05
3929 0 1 -5.9917470025538933e-06
3930 0 1 -8.3365484897512943e-05
3931 0 0.99999994039535522 -0.00032308217487297952
3932 0 1 -2.9228738640085794e-05
3933 0 1 -0.00012037146370857954
3934 0 1 -4.4460641220211983e-05
3935 0 1 -5.2389659686014056e-05
3936 0 0.99999994039535522 -0.00031266326550394297
3937 0 1 -0.00010147641296498477
3938 0 1 -0.00011591248767217621
3939 0 1 -3.59347541234456e-05
3940 0 1 -3.5016040783375502e-05
3941 0 0.99994748830795288 -0.010252191685140133
3942 0 1 -2.6364345103502274e-05
3943 0 1 -8.235021959990263e-05
3944 0 1 -0.00012245465768501163
3945 0 1 -0.00011076301598222926
3946 0 0.9999738335609436 -0.0072366939857602119
3947 0 1 -0.00015865309978835285
3948 0 1 -0.00014541076961904764
3949 0 0.99990701675415039 -0.013637523166835308
3950 0 1 -2.33741393458331e-05
3951 0 0.99971085786819458 -0.024045743048191071
3952 0 0.99998658895492554 -0.0051784752868115902
3953 0 0.99973040819168091 -0.023219386115670204
3954 0 0.99972546100616455 -0.023431112989783287
3955 0 1 -8.2803722762037069e-05
3956 0 1 -3.1467003282159567e-05
3957 0 1 -0.00012246635742485523
3958 0 1 -6.4151521655730903e-05
3959 0 0.99999099969863892 -0.0042448868043720722
3960 0 1 -3.3283948141615838e-05
3961 0 0.99976330995559692 -0.021756820380687714
3962 0 1 -5.4402633395511657e-05
3963 0 1 -0.00013646941806655377
3964 0 1 -4.4012987927999347e-05
3965 0 0.99971598386764526 -0.02383352629840374
3966 0 1 -0.00010572472820058465
3967 0 0.9998859167098999 -0.015105842612683773
3968 0 1 -7.8991361078806221e-05
3969 0 1 -0.00011719985923264176
3970 0 1 -4.1877126932376996e-05
3971 0 1 -1.3751064216194209e-05
3972 0 1 -0.00011511373304529116
3973 0 1 -7.8953322372399271e-05
3974 0 1 -3.4226068237330765e-05
3975 0 1 -8.1659723946359009e-05
3976 0 1 -8.0299207183998078e-05
3977 0 0.99970483779907227 -0.024296266958117485
3978 0 1 -2.9802202334394678e-05
3979 0 1 -5.757716644438915e-05
3980 0 1 -8.3172380982432514e-05
3981 0 1 -7.0667359977960587e-05
3982 0 0.99985748529434204 -0.016882557421922684
3983 0 1 -0.00013153059990145266
3984 0 1 -0.00010402189218439162
3985 0 1 -8.7607950263191015e-05
3986 0 1 -0.00014104250294622034
3987 0 0.99997085332870483 -0.007633822038769722
3988 0 1 2.602275344543159e-05
3989 0 1 -9.1019472165498883e-05
3990 0 1 -8.4962994151283056e-05
3991 0 1 -9.2289286840241402e-05
3992 0 1 -8.9164495875593275e-05
3993 0 1 -9.8512537078931928e-05
3994 0 1 -8.2227335951756686e-05
3995 0 1 -9.0311419626232237e-05
3996 0 1 -0.00015824641741346568
3997 0 1 -0.00010204987484030426
3998 0 1 -0.0001601979456609115
3999 0 1 -7.8704630141146481e-05
4000 0 0.99996477365493774 -0.0083929840475320816
4001 0 0.99990451335906982 -0.013819393701851368
4002 0 0.99976569414138794 -0.021647697314620018
4003 0 1 -0.0001061021612258628
4004 0 0.99978357553482056 -0.020804675295948982
4005 0 1 -8.6803345766384155e-05
4006 0 1 -9.2754497018177062e-05
4007 0 0.99974572658538818 -0.02254967950284481
4008 0 1 -8.7765940406825393e-05
4009 0 1 -6.4379732066299766e-05
4010 0 1 -9.4467935696229688e-07
4011 0 1 -1.3792026038572658e-05
4012 0 1 -0.00013501234934665263
4013 0 1 -0.00013319539721123874
4014 0 1 -6.7557193688116968e-05
4015 0 1 -3.0960833100834861e-05
4016 0 1 -0.00011119603732367977
4017 0 1 -5.4955617088126019e-05
4018 0 1 -4.399543468025513e-05
4019 0 1 -8.8953835074789822e-05
4020 0 0.99993419647216797 -0.01147292647510767
4021 0 1 -9.6373754786327481e-05
4022 0 1 -1.2235481335665099e-05
4023 0 1 -0.00011638939758995548
4024 0 0.99972957372665405 -0.023254763334989548
4025 0 1 -6.3727275119163096e-05
4026 0 1 -6.8086766987107694e-05
4027 -0 1 1.450958734494634e-05
4028 0 0.99987733364105225 -0.015664894133806229
4029 0 1 -2.8204694899613969e-05
4030 0 0.99969470500946045 -0.024708030745387077
4031 0 1 -6.0385969845810905e-05
4032 0 1 -7.5255069532431662e-05
4033 -0 1 4.5441893234965391e-06
4034 0 1 -7.6916941907256842e-05
4035 0 0.99999845027923584 -0.001780750579200685
4036 0 1 -2.0758441678481176e-05
4037 0 1 -6.4394364017061889e-05
4038 0 0.99973011016845703 -0.023233730345964432
4039 0 0.99992144107818604 -0.012535703368484974
4040 0 0.9997251033782959 -0.023446828126907349
4041 0 0.9997672438621521 -0.021574197337031364
4042 0 1 -4.8164751206059009e-05
4043 0 0.99971485137939453 -0.023880036547780037
4044 0 0.99972552061080933 -0.023429069668054581
4045 0 1 -4.1643063013907522e-05
4046 0 1 -3.0884762963978574e-05
4047 0 1 -2.8769381970050745e-05
4048 0 1 -5.3507326811086386e-05
4049 0 1 -8.6715568613726646e-05
4050 0 1 -0.00010003105126088485
4051 0 1 -0.00012297838111408055
4052 0 0.99999994039535522 -0.00034087710082530975
4053 0 1 -4.0276696381624788e-05
4054 0 1 -7.213905337266624e-05
4055 0 1 -2.2803602405474521e-05
4056 0 0.99998581409454346 -0.0053344471380114555
4057 0 1 -8.3699029346462339e-05
4058 0 1 -2.5910840122378431e-05
4059 0 1 -7.8514451161026955e-05
4060 0 1 -2.5945950255845673e-05
4061 0 1 -0.00011793131852755323
4062 0 1 -2.9775868824799545e-05
4063 0 1 -4.5481760025722906e-05
4064 0 1 -2.1823447241331451e-05
4065 0 1 -4.9598409532336518e-05
4066 0 1 -0.00010917136387433857
4067 0 1 -3.0571331990358885e-06
4068 0 1 -5.1590905059129e-05
4069 0 0.9997178316116333 -0.023755276575684547
4070 0 1 -6.5561769588384777e-05
4071 0 1 -0.0001075328909792006
4072 0 0.99992591142654419 -0.012172041460871696
4073 -0 1 1.3023628753217054e-06
4074 0 0.99973338842391968 -0.023089822381734848
4075 0 1 -4.0300103137269616e-05
4076 0 0.99972856044769287 -0.023300239816308022
4077 0 1 -3.7880436138948426e-05
4078 0 1 -6.955554272281006e-05
4079 0 1 -6.6816959588322788e-05
4080 0 0.99970459938049316 -0.024304894730448723
4081 0 1 -0.00014868477592244744
4082 0 1 -2.1940481019555591e-05
4083 0 1 -0.00010389607632532716
4084 0 1 -0.00010207328159594908
4085 0 1 -3.2982585253193974e-05
4086 0 1 -7.2560374974273145e-05
4087 0 0.99973535537719727 -0.023005224764347076
4088 0 1 -3.8641152059426531e-05
4089 0 1 -2.0105981093365699e-05
4090 0 1 -7.9986144555732608e-05
4091 0 1 -3.0299594072857872e-05
4092 0 1 -1.7010446754284203e-05
4093 0 1 -8.4682113083545119e-05
4094 0 0.99971640110015869 -0.023816395550966263
4095 0 1 -9.5721290563233197e-05
4096 0 0.99972361326217651 -0.023510832339525223
4097 0 0.99970239400863647 -0.02439560554921627
4098 0 0.99996411800384521 -0.008470466360449791
4099 0 0.99997663497924805 -0.006835463922470808
4100 0 0.9997289776802063 -0.023282131180167198
4101 0 1 -2.7195281290914863e-05
4102 0 0.99971026182174683 -0.024071555584669113
4103 0 1 -3.0507328119711019e-05
4104 0 1 -3.423484304221347e-05
4105 0 1 -0.00011291935516055673
4106 0 1 -3.7605408579111099e-05
4107 0 0.99972712993621826 -0.023360744118690491
4108 0 1 -9.5027507995837368e-06
4109 0 1 -7.7864911872893572e-05
4110 0 0.99997663497924805 -0.0068399868905544281
4111 0 0.99972307682037354 -0.02353426069021225
4112 0 0.99993586540222168 -0.011325225234031677
4113 0 1 -0.000116234332381282
4114 0 1 -9.2807160399388522e-05
4115 0 0.99988269805908203 -0.015319428406655788
4116 0 1 -8.5536456026602536e-05
4117 0 0.99993288516998291 -0.011584718711674213
4118 0 0.99970722198486328 -0.024197924882173538
4119 0 1 -3.8676262192893773e-05
4120 0 1 -7.985741103766486e-05
4121 0 1 -0.00011306857777526602
4122 0 1 -0.00016371186939068139
4123 0 1 -4.1499693907098845e-05
4124 0 1 -6.7890738137066364e-05
4125 0 1 -1.712747871351894e-05
4126 0 1 -7.3013878136407584e-05
4127 0 0.99972110986709595 -0.023616664111614227
4128 0 0.99981731176376343 -0.01911524310708046
4129 0 0.99973249435424805 -0.023130558431148529
4130 0 0.99971407651901245 -0.023913448676466942
4131 0 1 -7.1904985816217959e-05
4132 0 1 -4.8840618546819314e-05
4133 0 1 -0.00010638011735863984
4134 0 0.99994033575057983 -0.010922837071120739
4135 0 0.99973469972610474 -0.023032983765006065
4136 0 1 -7.7306081948336214e-05
4137 0 0.99998646974563599 -0.0052018119022250175
4138 0 1 -3.9530608773929998e-05
4139 0 1 -3.5375920560909435e-05
4140 0 0.99999266862869263 -0.0038371339906007051
4141 0 0.99971562623977661 -0.023847289383411407
4142 0 0.9997173547744751 -0.023774303495883942
4143 0 1 -3.3500458812341094e-05
4144 0 1 -3.7391822843346745e-05
4145 0 1 -2.2206731955520809e-05
4146 0 1 -1.8634285879670642e-05
4147 0 1 -0.00013943621888756752
4148 0 1 -0.00010211717017227784
4149 0 1 -2.749079249042552e-05
4150 0 1 -3.711386671056971e-05
4151 0 0.99972069263458252 -0.023633765056729317
4152 0 0.99999099969863892 -0.0042469142936170101
4153 0 1 -5.4651329264743254e-05
4154 0 0.99991065263748169 -0.013370337896049023
4155 0 0.99974924325942993 -0.022394441068172455
4156 0 1 5.6507040426367894e-05
4157 0 1 1.9515693566063419e-05
4158 0 0.99970388412475586 -0.024334290996193886
4159 0 1 -9.0355308202560991e-05
4160 0 1 -8.1045298429671675e-05
4161 0 1 -2.4234335796791129e-05
4162 0 1 -7.1904985816217959e-05
4163 0 0.99971961975097656 -0.023680491372942924
4164 0 1 -1.2454918760340661e-05
4165 0 0.99972075223922729 -0.023631734773516655
4166 0 1 -5.6556047638878226e-05
4167 0 1 -6.4590392867103219e-05
4168 0 1 -4.5326687541091815e-05
4169 0 1 -7.5857788033317775e-05
4170 0 0.99972987174987793 -0.023243790492415428
4171 0 0.99998658895492554 -0.0051817111670970917
4172 0 1 -0.00014919094974175096
4173 0 1 -0.00014562728756573051
4174 0 1 -3.2520303648198023e-05
4175 0 1 -6.8022403866052628e-05
4176 0 0.99981540441513062 -0.019213508814573288
4177 0 0.99977993965148926 -0.020979590713977814
4178 0 1 -0.00014596083201467991
4179 0 1 -0.00013385663623921573
4180 0 1 -0.00012535123096313328
4181 0 0.99969500303268433 -0.024695411324501038
4182 0 1 -0.00010612849291646853
4183 0 1 -6.5216525399591774e-05
4184 0 1 -9.5803217845968902e-05
4185 0 1 -5.0648784963414073e-05
4186 0 1 -6.9265879574231803e-05
4187 -0.99999988079071045 0 -0.00054302311036735773
4188 -0.99999988079071045 0 -0.00053740845760330558
4189 -0.99999988079071045 0 -0.00053190789185464382
4190 -0.99999988079071045 0 -0.00055225129472091794
4191 -0.99999988079071045 0 -0.00049620977370068431
4192 -0.99999988079071045 0 -0.00052800483535975218
4193 -0.99999988079071045 0 -0.00050961592933163047
4194 -0.99999988079071045 0 -0.00050006306264549494
4195 -0.99999988079071045 0 -0.00049309962196275592
4196 -0.99999988079071045 0 -0.0005454398924484849
4197 -0.99999988079071045 0 -0.00050022400682792068
4198 -0.99999988079071045 0 -0.00053835351718589664
4199 -0.99999988079071045 0 -0.00051042641280218959
4200 -0.99999988079071045 0 -0.00052157673053443432
4201 -0.99999988079071045 0 -0.00053237896645441651
4202 -0.99999988079071045 0 -0.00049318443052470684
4203 -0.99999988079071045 0 -0.00051428558072075248
4204 -0.99999988079071045 0 -0.00050233647925779223
4205 -0.99999988079071045 0 -0.00047834165161475539
4206 -0.99999988079071045 0 -0.00048474044888280332
4207 -0.99999988079071045 0 -0.00047390899271704257
4208 -0.99999988079071045 0 -0.00050475320313125849
4209 -0.99999988079071045 0 -0.00055846577743068337
4210 -0.99999988079071045 0 -0.00055666343541815877
4211 -0.99999988079071045 0 -0.00054218049626797438
4212 -0.99999988079071045 0 -0.00051728164544329047
4213 -0.99999988079071045 0 -0.00054962385911494493
4214 -0.99999988079071045 0 -0.00055919424630701542
4215 -0.99999988079071045 0 -0.00053163868142291903
4216 -0.99999988079071045 -0 -0.0005068334867246449
4217 -0.99999988079071045 0 -0.00054550427012145519
4218 -0.99999988079071045 0 -0.00049434305401518941
4219 -0.99999988079071045 0 -0.00051331124268472195
4220 -0.99999988079071045 -0 -0.00055822875583544374
4221 -0.99999988079071045 0 -0.00052826519822701812
4222 -0.99999988079071045 0 -0.00055190309649333358
4223 -0.99999988079071045 0 -0.00049483461771160364
4224 -0.99999988079071045 0 -0.00049126218073070049
4225 -0.99999988079071045 0 -0.0005354627501219511
4226 -0.99999988079071045 0 -0.00055859744315966964
4227 -0.99999988079071045 0 -0.00054322794312611222
4228 -0.99999988079071045 0 -0.00055822293506935239
4229 -0.9999997615814209 -0.00045587649219669402 -0.00057611148804426193
4230 -0.99999982118606567 0.00040150000131689012 0.00049637490883469582
4231 -0.99999541044235229 0.0020127268508076668 0.0022859585005789995
4232 -0.99999541044235229 -0.0019171129679307342 -0.0023625455796718597
4233 -0.99999505281448364 -0.0021522471215575933 -0.0022974300663918257
4234 -0.99999505281448364 0.002224016934633255 0.002234727842733264
4235 -0.99997556209564209 -0.0044105881825089455 -0.0054252981208264828
4236 -0.99998211860656738 0.0038889031857252121 0.0045487154275178909
4237 -0.99999994039535522 0.00027420860715210438 0.00024902177392505109
4238 -0.99999058246612549 0.002929753391072154 0.0032128882594406605
4239 -0.99999058246612549 0.0029513537883758545 0.0031860086601227522
4240 -0.99999946355819702 -0.00068464345531538129 -0.00081882328959181905
4241 -0.99999052286148071 -0.0028814764227718115 -0.0032764759380370378
4242 -0.99999779462814331 -0.001436931430362165 -0.0015501899179071188
4243 -0.99999779462814331 0.0014662065077573061 0.0015212902799248695
4244 -0.99999117851257324 0.002897842088714242 0.0030460802372545004
4245 -0.99999141693115234 -0.0027696385513991117 -0.0030838958919048309
4246 -0.99999970197677612 -0.0004732247325591743 -0.00062631006585434079
4247 -0.99999862909317017 0.0011066951556131244 0.0012333124177530408
4248 -0.99999934434890747 -0.00071781611768528819 -0.00094329658895730972
4249 -1 0.0001232055074069649 0.00022986823751125485
4250 -0.99997037649154663 -0.0049863141030073166 -0.0058648125268518925
4251 -0.9999619722366333 0.0057508754543960094 0.0065607661381363869
4252 -0.99986624717712402 0.010352103039622307 0.012667395174503326
4253 -0.99999964237213135 0.00065658177481964231 0.00053514022147282958
4254 -0.99999743700027466 -0.0015556934522464871 -0.0016292502405121922
4255 -0.99999850988388062 -0.0011397883063182235 -0.0013004473876208067
4256 -0.99999165534973145 0.0027484658639878035 0.0030366466380655766
4257 -0.99999910593032837 0.00098214345052838326 0.00095392129151150584
4258 -0.99999886751174927 0.0011132033541798592 0.0010480923810973763
4259 -0.99999964237213135 0.00059491180581972003 0.00058935506967827678
4260 -0.9999963641166687 -0.0016529049025848508 -0.002130292821675539
4261 -0.99993908405303955 -0.0066910763271152973 -0.0087806982919573784
4262 -0.99999880790710449 -0.0011160598369315267 -0.0010873723076656461
4263 -0.99999988079071045 0.00038624400622211397 0.00027159188175573945
4264 -0.99999964237213135 -0.0006600878550671041 -0.00058635708410292864
4265 -0.99994164705276489 0.0060945781879127026 0.0089209657162427902
4266 -0.9999997615814209 -0.00042569258948788047 -0.00057087192544713616
4267 -0.99999970197677612 0.00050864269724115729 0.00059936247998848557
4268 -0.99995404481887817 -0.0052258875221014023 -0.0080416286364197731
4269 -0.99999958276748657 0.00061313097830861807 0.00074697384843602777
4270 -0.99999898672103882 0.00090388598619028926 0.0010908166877925396
4271 -0.99999904632568359 -0.00038149981992319226 -0.0013674998190253973
4272 -0.99999898672103882 -0.001065428601577878 -0.0009913925314322114
4273 -0.9999803900718689 0.004112995695322752 0.0047220578417181969
4274 -0.99999797344207764 0.0014609680511057377 0.0013965470716357231
4275 -1 7.9173216363415122e-05 -7.0093024987727404e-05
4276 -0.99999749660491943 0.001331320614553988 0.0017974595539271832
4277 -1 3.3990545489359647e-05 -3.0259367122198455e-05
4278 -0.99999845027923584 -0.0012353631900623441 -0.0012835358502343297
4279 -0.99999946355819702 0.00080788671039044857 0.00068588339490815997
4280 -0.99999880790710449 -0.0011168639175593853 -0.0010830762330442667
4281 -0.99999648332595825 0.0019413105910643935 0.0018302211537957191
4282 -0.99999362230300903 0.0024956897832453251 0.0025713823270052671
4283 -0.9999549388885498 0.0060936622321605682 0.0072806067764759064
4284 -0.99995774030685425 -0.0057776225730776787 -0.0071564661338925362
4285 -0.99999850988388062 -0.0011498979292809963 -0.0013184532290324569
4286 -0.99999988079071045 0.00032000034116208553 0.00042012773337773979
4287 -0.99998015165328979 -0.004136581439524889 -0.004752506036311388
4288 -0.99999135732650757 -0.0028605088591575623 -0.0030167005024850368
4289 -0.99999135732650757 0.0029162282589823008 0.0029654628597199917
4290 -0.99998641014099121 0.0034525617957115173 0.0039091464132070541
4291 -0.99998641014099121 -0.0033723264932632446 -0.0039808843284845352
4292 -0.99999183416366577 0.0027867567259818316 0.0029304756317287683
4293 -0.99999183416366577 -0.0026864255778491497 -0.0030200949404388666
4294 -0.99996870756149292 -0.0034390336368232965 -0.0071324738673865795
4295 -0.99996864795684814 0.0039347228594124317 0.0068714888766407967
4296 -0.99999970197677612 -0.0005525834858417511 -0.00053204025607556105
4297 -0.99999630451202393 0.0019478611648082733 0.0019128397107124329
4298 -0.99999982118606567 -0.00044585153227671981 -0.00044210191117599607
4299 -0.99997252225875854 0.004726865328848362 0.0057136961258947849
4300 -0.9999997615814209 -0.00041080589289776981 -0.000559297448489815
4301 -0.99999892711639404 0.000985750462859869 0.0011008270084857941
4302 -0.99999904632568359 0.0010234626242890954 0.00095046131173148751
4303 -0.99996012449264526 -0.0051247188821434975 -0.0073135755956172943
4304 -0.99999958276748657 -0.00064931524684652686 -0.00065176025964319706
4305 -0.99995511770248413 0.0054744617082178593 0.0077333450317382812
4306 -0.99999982118606567 0.00051269202958792448 0.00043241959065198898
4307 -0.99999970197677612 -0.00057029566960409284 -0.00055459304712712765
4308 -0.99997031688690186 -0.0048240139149129391 -0.0060123540461063385
4309 -0.99994814395904541 -0.0053874216973781586 -0.008646845817565918
4310 -0.99994814395904541 0.0056999186053872108 0.0084428992122411728
4311 -0.99992203712463379 -0.0051836608909070492 -0.011363093741238117
4312 -0.99992197751998901 0.0057172984816133976 0.011108691804111004
4313 -1 -9.155875159194693e-05 -0.00011043659469578415
4314 -0.99999517202377319 0.0021955366246402264 0.0022016530856490135
4315 -0.99999850988388062 -0.0011210069060325623 -0.0013502584770321846
4316 -0.9999929666519165 0.0026636477559804916 0.0026382999494671822
4317 -0.99999994039535522 -0.00030623076600022614 -0.00028799939900636673
4318 -0.9999428391456604 -0.0057068043388426304 -0.0090417023748159409
4319 -0.99999994039535522 -0.00030133820837363601 -0.00021646807726938277
4320 -0.99999916553497314 -0.00082793855108320713 -0.00099945114925503731
4321 -0.99999779462814331 -0.0013212718768045306 -0.0016501814825460315
4322 -0.99999898672103882 -0.00063357851468026638 -0.001295965863391757
4323 -0.99999827146530151 -0.0012613908620551229 -0.0014007342979311943
4324 -0.99996137619018555 -0.0051326281391084194 -0.0071389707736670971
4325 -0.99999815225601196 -0.0009566444787196815 -0.0016935133608058095
4326 -0.99995124340057373 0.0050392020493745804 0.0084874341264367104
4327 -0.99995130300521851 -0.0045840097591280937 -0.0087429722771048546
4328 -0.99999481439590454 0.0019631001632660627 0.0025447406806051731
4329 -0.99999970197677612 0.00053820066386833787 0.00056340108858421445
4330 -0.99995708465576172 0.0049698548391461372 0.0078207394108176231
4331 -0.99995636940002441 -0.0046012545935809612 -0.0081290248781442642
4332 -0.99996769428253174 0.0050221458077430725 0.0062795970588922501
4333 -0.99999475479125977 0.0021760428790003061 0.0024082658346742392
4334 -0.99999475479125977 -0.0021358923986554146 -0.0024461483117192984
4335 -0.9999997615814209 -0.00051937333773821592 -0.00042574215331114829
4336 -0.99997204542160034 -0.0047136270441114902 -0.0058124973438680172
4337 -0.99995929002761841 -0.0045149298384785652 -0.0078180525451898575
4338 -0.99995923042297363 0.0049228845164179802 0.0075697344727814198
4339 -0.99999314546585083 -0.0020265355706214905 -0.0031034569256007671
4340 -0.99995851516723633 0.0054889912717044353 0.007276793010532856
4341 -0.99997013807296753 -0.0047907456755638123 -0.0060621360316872597
4342 -0.99999570846557617 0.0018599709728732705 0.002280328655615449
4343 -0.99987518787384033 -0.009233458898961544 -0.012824348174035549
4344 -0.99989765882492065 0.0086062764748930931 0.011429823003709316
4345 -0.99998188018798828 -0.0028368767816573381 -0.0053219380788505077
4346 -0.99998199939727783 0.0032694889232516289 0.0050345910713076591
4347 -0.99995404481887817 0.0058286762796342373 0.0076106605120003223
4348 -0.99999147653579712 -0.0028412372339516878 -0.0030052124056965113
4349 -0.99996775388717651 -0.003384164534509182 -0.0072889947332441807
4350 -0.99996775388717651 0.0039286115206778049 0.0070101986639201641
4351 -0.99998748302459717 0.0031339030247181654 0.003906723577529192
4352 -0.99999785423278809 0.0015320308739319444 0.0014279327588155866
4353 -1 -7.6333803008310497e-05 7.5815340096596628e-05
4354 -1 8.0000711022876203e-05 -7.9359058872796595e-05
4355 -0.99999767541885376 0.0014639568980783224 0.0015834785299375653
4356 -0.99999839067459106 -0.0011865956475958228 -0.0013767190976068377
4357 -0.9999692440032959 -0.0052042827010154724 -0.0058723459951579571
4358 -0.99997717142105103 0.0034048471134155989 0.0058426852338016033
4359 -0.99997717142105103 -0.0029025033582001925 -0.0061069964431226254
4360 -0.99999725818634033 -0.0016834455309435725 -0.0016201069811359048
4361 -0.99999731779098511 0.0017045822460204363 0.0015917035052552819
4362 -0.99999469518661499 -0.0022580756340175867 -0.0023596163373440504
4363 -0.99999892711639404 0.0010352514218539 0.0010367543436586857
4364 -0.99984633922576904 -0.0072113187052309513 -0.015980793163180351
4365 -0.99984633922576904 0.0077835917472839355 0.015710592269897461
4366 -0.99996984004974365 0.0049509541131556034 0.0059877717867493629
4367 -0.99998015165328979 -0.0038537590298801661 -0.0049899313598871231
4368 -0.99998706579208374 0.0034173659514635801 0.0037741351407021284
4369 -0.99999994039535522 0.00030309939756989479 -0.00014079967513680458
4370 -1 0.00029818509938195348 -0.0001385168288834393
4371 -0.99995619058609009 0.005189764779061079 0.0077878767624497414
4372 -0.99995583295822144 -0.0048287604004144669 -0.0080682085826992989
4373 -0.99999493360519409 0.0021529218647629023 0.0023428252898156643
4374 -0.99999493360519409 -0.0021246983669698238 -0.0023872177116572857
4375 -0.99999791383743286 -0.0013783356407657266 -0.0015366883017122746
4376 -0.99991846084594727 -0.0054762978106737137 -0.011539880186319351
4377 -0.99991840124130249 0.0060401535592973232 0.011255789548158646
4378 -1 6.7487744672689587e-05 -6.794802175136283e-05
4379 -1 -6.691152520943433e-05 6.7609806137625128e-05
4380 -1 6.9967485615052283e-05 -7.0516063715331256e-05
4381 -1 -7.2445953264832497e-05 7.3234601586591452e-05
4382 -1 0.00012458968558348715 0.00010344247129978612
4383 -1 7.1260648837778717e-05 -7.2035552875604481e-05
4384 -1 -8.039511158131063e-05 8.1269354268442839e-05
4385 -0.99994951486587524 0.0051129772327840328 0.0086503103375434875
4386 -0.99994957447052002 -0.0046007982455193996 -0.0089303404092788696
4387 -0.99996352195739746 -0.0040424419566988945 -0.0075242039747536182
4388 -0.99996280670166016 0.0045458567328751087 0.0073381010442972183
4389 -0.99999755620956421 -0.001407126197591424 -0.0017246472416445613
4390 -0.9999927282333374 0.0025751579087227583 0.0028174137696623802
4391 -1 6.4067862695083022e-05 -6.4845240558497608e-05
4392 -1 -6.1998391174711287e-05 6.2654478824697435e-05
4393 -0.99999833106994629 0.0013536026235669851 0.0012316722422838211
4394 -0.99999833106994629 -0.0013281423598527908 -0.0012561187613755465
4395 -0.99994027614593506 -0.0065971864387392998 -0.0087190447375178337
4396 -1 7.6862736023031175e-05 -7.7753895311616361e-05
4397 -1 -8.8758417405188084e-05 8.9787514298222959e-05
4398 -1 6.1217797338031232e-05 -6.1927567003294826e-05
4399 -1 -5.6198990932898596e-05 5.6880253396229818e-05
4400 -0.99999886751174927 0.0011138049885630608 0.0010486459359526634
4401 -0.99999946355819702 0.00073350832099094987 0.00079705222742632031
4402 -0.99999099969863892 0.0029016346670687199 0.0031109468545764685
4403 -0.99999886751174927 -0.0010509057901799679 -0.0010981328086927533
4404 -0.99999898672103882 0.0009470268851146102 0.0011001196689903736
4405 -0.99999898672103882 -0.00092836958356201649 -0.0011072774650529027
4406 -0.99999535083770752 -0.0020497720688581467 -0.0022659150417894125
4407 -0.99999862909317017 0.0012242335360497236 0.001135664526373148
4408 -0.99999880790710449 -0.0011160107096657157 -0.001078418456017971
4409 -0.99999916553497314 0.00096925970865413547 0.00088498025434091687
4410 -0.99999916553497314 -0.00094483193242922425 -0.00090897380141541362
4411 -1 5.5297277867794037e-05 -5.5980952311074361e-05
4412 -1 -4.9906622734852135e-05 5.0523649406386539e-05
4413 -0.9999995231628418 -0.00066910241730511189 -0.00072237907443195581
4414 -0.99999791383743286 0.0013928539119660854 0.0014921902911737561
4415 -1 -4.4832264393335208e-05 4.5316272007767111e-05
4416 -1 5.1988572522532195e-05 -5.2549836254911497e-05
4417 -1 8.5575848061125726e-05 -8.6568026745226234e-05
4418 -1 -9.4840732344891876e-05 9.5940333267208189e-05
4419 -0.99999898672103882 -0.00090801413170993328 -0.0011059935204684734
4420 -1 -4.1477887862129137e-05 4.1905615944415331e-05
4421 -1 4.8271624109474942e-05 -4.8769405111670494e-05
4422 -1 -3.9476668462157249e-05 3.9934366213856265e-05
4423 -1 4.5961623982293531e-05 -4.6494518755935133e-05
4424 -1 -3.0213996069505811e-05 3.0486808100249618e-05
4425 -1 4.5699307520408183e-05 -4.6111945266602561e-05
4426 -1 -2.4625158403068781e-05 2.4895301976357587e-05
4427 -1 4.1190072806784883e-05 -4.1641938878456131e-05
4428 -1 -1.8152730262954719e-05 1.8243386875838041e-05
4429 -1 3.9394075429299846e-05 -3.9590813685208559e-05
4430 -1 -1.7698404917609878e-05 1.779978811100591e-05
4431 -1 2.9082364562782459e-05 -2.9391092539299279e-05
4432 -1 -1.4936828847567085e-05 1.504155807197094e-05
4433 -1 2.3203479941003025e-05 -2.3473263354389928e-05
4434 -1 -5.1941565288871061e-06 5.2375567065610085e-06
4435 -1 1.3383076975514996e-06 -1.3548044535127701e-06
4436 -1 1.8597942471387796e-05 -1.8728023860603571e-05
4437 -1 1.1767335308832116e-05 -1.1891517715412192e-05
4438 -1 1.4156475117488299e-05 -1.4326819837151561e-05
4439 -0.99999994039535522 0.00036272220313549042 0.00020193372620269656
4440 -0.99999988079071045 -0.00044784069177694619 -0.00031312409555539489
4441 -0.99998688697814941 -0.0035614185035228729 -0.0036909366026520729
4442 -0.99998575448989868 0.0037419176660478115 0.0038099337834864855
4443 -0.99999892711639404 0.0010393327102065086 0.0010685247834771872
4444 -0.9999992847442627 0.00080144137609750032 0.00088509311899542809
4445 -0.99999916553497314 -0.00084535020869225264 -0.00096812017727643251
4446 -0.9999808669090271 0.0028531847056001425 0.0054870126768946648
4447 -0.9999808669090271 -0.0022710445336997509 -0.0057550785131752491
4448 -1 -0.00010744010796770453 8.5455321823246777e-06
4449 -1 -0.00021517755521927029 -7.6017982792109251e-05
4450 -0.9999997615814209 0.00057622801978141069 0.00042774924077093601
4451 -0.99999886751174927 0.0011465410934761167 0.00099376414436846972
4452 -1 -6.8342007580213249e-05 7.6709955465048552e-05
4453 -0.99999630451202393 0.0019333666423335671 0.0019219612004235387
4454 -0.99999511241912842 -0.002159944036975503 -0.0022806038614362478
4455 -1 -1.4050750905880705e-05 0.00010945341637125239
4456 -0.9999992847442627 -0.00022890913533046842 -0.0011955098016187549
4457 -0.9999992847442627 0.00079069973435252905 0.00093411171110346913
4458 -0.99999970197677612 -0.00047645659651607275 -0.00058516534045338631
4459 -0.99999958276748657 0.00062571174930781126 0.00068750174250453711
4460 -0.9999997615814209 0.00041138252709060907 0.00054848677245900035
4461 -0.99999988079071045 -0.00028305649175308645 -0.0004685704770963639
4462 -0.99999988079071045 -0.00041715355473570526 -0.00034636171767488122
4463 -0.99999994039535522 0.00037108498509041965 0.00026465192786417902
4464 -1 0.00026558939134702086 -0.0001236942334799096
4465 -0.99999994039535522 0.00035206991015002131 -0.00016397122817579657
4466 -1 0.00029083702247589827 -0.00013209083408582956
4467 -0.99999994039535522 0.00033416619407944381 -0.00015176985471043736
4468 -0.99999994039535522 0.00017627015768084675 0.00032676997943781316
4469 -0.99999994039535522 -0.00017003339598886669 -0.00033245666418224573
4470 -0.99999994039535522 -0.00031065326766110957 -0.00014931577607057989
4471 -0.99999994039535522 0.0003074204723816365 0.00015257614722941071
4472 -0.99999314546585083 0.0025563917588442564 0.0026812809519469738
4473 -0.9999992847442627 0.00087156682275235653 0.00083399406867101789
4474 -0.99999767541885376 -0.0013923129299655557 -0.0016709693009033799
4475 -0.99999982118606567 0.00040326034650206566 0.00051075621740892529
4476 -1 0.00019993013120256364 7.1852948167361319e-05
4477 -0.9999992847442627 -0.0007638661190867424 -0.00091625365894287825
4478 -1 -7.3027738835662603e-05 6.3276165747083724e-05
4479 -0.99999934434890747 0.00087838765466585755 0.00074555363971740007
4480 -0.99999630451202393 -0.0018451233627274632 -0.0020139289554208517
4481 -0.99996930360794067 -0.0053466325625777245 -0.0057306941598653793
4482 -0.99999815225601196 0.0014122833963483572 0.0013098515337333083
4483 -0.99999994039535522 -0.00020303681958466768 -0.00032211618963629007
4484 -1 4.0588129195384681e-05 0.00013897739700041711
4485 -0.99999988079071045 0.00042902739369310439 0.00031079587643034756
4486 -1 -0.00016666653391439468 -7.2290829848498106e-05
4487 -1 8.0795565736480057e-05 -8.1732323451433331e-05
4488 -1 -8.7087122665252537e-05 8.8197724835481495e-05
4489 -1 0.00015555213030893356 0.00023730474640615284
4490 -1 -0.00013088293781038374 -0.00024842272978276014
4491 -0.99999880790710449 -0.0011188044445589185 -0.0011041685938835144
4492 -0.99999982118606567 0.00048292579594999552 0.00036779444781132042
4493 -0.99999982118606567 -0.00047404944780282676 -0.00037677120417356491
4494 -1 -0.00019546749535948038 -0.00010699946142267436
4495 -1 0.00020607597252819687 9.6365605713799596e-05
4496 -0.99999982118606567 -0.0003740892861969769 -0.0004732865490950644
4497 -0.99999982118606567 0.00038746977224946022 0.00045955894165672362
4498 -0.99999922513961792 -0.00090882991207763553 -0.00083846360212191939
4499 -0.9999992847442627 0.00092854484682902694 0.00081857730401679873
4500 -0.99999767541885376 -0.0012411056086421013 -0.0017593976808711886
4501 -0.99999946355819702 -0.00067689450224861503 -0.0007591381436213851
4502 -0.9999995231628418 0.00069520133547484875 0.00074074009899049997
4503 -0.99999439716339111 -0.0023996299132704735 -0.0023368592374026775
4504 -0.99999439716339111 0.0024168086238205433 0.0023195636458694935
4505 -0.99999475479125977 -0.0022726885508745909 -0.0023223592434078455
4506 -0.99999988079071045 0.00034996820613741875 0.00037653770414181054
4507 -0.99999964237213135 0.00060139672132208943 0.00062511058058589697
4508 -0.99999988079071045 -0.00032131129410117865 -0.00037189491558820009
4509 -0.99999958276748657 0.00065102271037176251 0.00065271026687696576
4510 -0.99999731779098511 0.001669917837716639 0.001614350127056241
4511 -0.99999785423278809 0.0014768007677048445 0.00145667081233114
4512 -0.9999997615814209 -0.0005014459602534771 -0.00050471012946218252
4513 -0.99999803304672241 -0.0014047421282157302 -0.0014273195993155241
4514 -0.9999997615814209 0.00051527569303289056 0.00047941895900294185
4515 -0.99999970197677612 0.00050816853763535619 0.00058313802583143115
4516 -0.99999946355819702 0.00070259172935038805 0.00082395767094567418
4517 -0.99999964237213135 -0.00061913183890283108 -0.00064426404424011707
4518 -0.99999982118606567 -0.00031090655829757452 -0.00054044881835579872
4519 -0.99999982118606567 0.0003893085231538862 0.00049973500426858664
4520 -1 0.00012183460785308853 0.00025264528812840581
4521 -0.99999809265136719 -0.0013872544514015317 -0.0014074771897867322
4522 -0.99999719858169556 0.0017311458941549063 0.0016462111379951239
4523 -0.99999964237213135 -0.00064643833320587873 -0.00052495743148028851
4524 -0.9999845027923584 0.0034789880737662315 0.0043495357967913151
4525 -0.99999213218688965 -0.0023329367395490408 -0.0032175539527088404
4526 -0.99999934434890747 -0.00079347501741722226 -0.00084228237392380834
4527 -0.99999994039535522 0.00033596091088838875 0.0002833473845385015
4528 -1 -0.0001100804511224851 0.00011135674867546186
4529 -0.9999847412109375 0.0038049721624702215 0.0040072021074593067
4530 -1 9.2740097898058593e-05 -9.381533891428262e-05
4531 -0.9999847412109375 -0.0038052883464843035 -0.0040068882517516613
4532 -0.99999308586120605 0.0025476727169007063 0.0027241229545325041
4533 -0.99999308586120605 -0.0025344560854136944 -0.002737200353294611
4534 -0.99999982118606567 -0.00050427002133801579 -0.00040118128526955843
4535 -1 -7.8433389717247337e-05 -0.0002086343738483265
