0 -0.94478994607925415 -0.32767590880393982 -0.0007112093735486269
1 -0.94848179817199707 -0.31683102250099182 -0.00073128764051944017
2 -0.84591609239578247 0.53331553936004639 -0.00067013339139521122
3 -0.85062700510025024 0.52576917409896851 -0.00073032244108617306
4 -0.99452036619186401 0.10454177856445312 -0.00051819370128214359
5 -0.59395402669906616 -0.80449885129928589 -0.00056920439237728715
6 -0.59383565187454224 -0.80458623170852661 -0.0005412712343968451
7 -0.85514688491821289 0.51838535070419312 -0.00064448203193023801
8 -0.85762405395507812 0.51427668333053589 -0.00070851057535037398
9 -0.74627023935317993 -0.66564297676086426 -0.00051305966917425394
10 -0.94769567251205444 -0.31917470693588257 -0.00069181312574073672
11 -0.30899989604949951 0.95106184482574463 -0.00066503195557743311
12 -0.30902773141860962 0.9510529637336731 -0.00042194512207061052
13 -0.66076350212097168 -0.75059396028518677 -0.00062265945598483086
14 -0.65979379415512085 -0.75144654512405396 -0.00056216103257611394
15 0.00022361056471709162 0.024140428751707077 0.99970859289169312
16 -0.80902963876724243 -0.58776724338531494 -0.00083242641994729638
17 -0.59234976768493652 0.80568063259124756 -0.00062696659006178379
18 -0.86615371704101562 -0.49977728724479675 -0.00071529194246977568
19 -0.59228771924972534 0.80572634935379028 -0.00054517813259735703
20 -0.48656758666038513 -0.87364292144775391 -0.00019598710059653968
21 -0.48653969168663025 -0.87365806102752686 -0.00086292059859260917
22 -0.23788504302501678 0.97129321098327637 -0.00050504354294389486
23 -0.2377733588218689 0.97132045030593872 -0.0006018642452545464
24 -0.73526012897491455 0.67778468132019043 -0.00072706496575847268
25 -0.97590309381484985 0.2182035893201828 -0.00063884718110784888
26 -0.73042517900466919 0.68299251794815063 -0.0005424775299616158
27 -0.86614936590194702 -0.49978479743003845 -0.00071105541428551078
28 -0.99058157205581665 -0.13692215085029602 -0.00070507818600162864
29 -0.30263254046440125 -0.95310711860656738 -0.00068720808485522866
30 -0.30266442894935608 -0.95309716463088989 -0.00042018649401143193
31 -0.94862711429595947 -0.31639552116394043 -0.00067848555045202374
32 -0.12298908084630966 -0.99240791797637939 -0.00053354597184807062
33 -0.1229635626077652 -0.99241107702255249 -0.00052581675117835402
34 -0.30526778101921082 -0.95226645469665527 -0.00047649798216298223
35 -0.30518832802772522 -0.95229190587997437 -0.00047177498345263302
36 -0.93084418773651123 0.36541560292243958 -0.00076706160325556993
37 -0.75060951709747314 -0.66074591875076294 -0.00051659136079251766
38 -0.92408668994903564 0.38218247890472412 -0.00063319626497104764
39 -0.41078689694404602 -0.91173112392425537 -0.00071534409653395414
40 -0.41076266765594482 -0.91174226999282837 -0.00035167729947715998
41 -0.73108464479446411 0.68228644132614136 -0.00073358201188966632
42 -0.98786681890487671 -0.15530247986316681 -0.00063929567113518715
43 -0.77318394184112549 -0.63418149948120117 -0.00067821872653439641
44 -0.84265148639678955 0.53845894336700439 -0.00074567343108355999
45 -0.58795851469039917 0.8088909387588501 -0.0005862125544808805
46 -0.58777672052383423 0.80902302265167236 -0.00058091594837605953
47 -0.72704893350601196 0.68658530712127686 -0.00069911603350192308
48 -0.59132444858551025 0.80643355846405029 -0.00055360404076054692
49 -0.43658363819122314 0.89966356754302979 -0.00053447199752554297
50 -0.59127324819564819 0.80647110939025879 -0.00054672249825671315
51 -0.49684643745422363 -0.86783838272094727 -0.0004700494755525142
52 -0.59147161245346069 0.80632561445236206 -0.00065759546123445034
53 -0.72681230306625366 0.6868358850479126 -0.00058958301087841392
54 -0.74390685558319092 -0.66828292608261108 -0.00073146121576428413
55 -0.49973264336585999 -0.86617952585220337 -0.00054199853911995888
56 -0.64402216672897339 -0.7650066614151001 -0.00059141224483028054
57 -0.59120512008666992 0.80652111768722534 -0.00055364216677844524
58 -0.94674825668334961 0.32197412848472595 -0.00065029313554987311
59 -0.49950098991394043 -0.86631321907043457 -0.00051534821977838874
60 -0.50271338224411011 -0.8644530177116394 -0.00052673980826511979
61 -0.77054339647293091 -0.63738727569580078 -0.00063936173683032393
62 -0.8706214427947998 -0.4919532835483551 -0.00052467093337327242
63 -0.6691436767578125 0.7431328296661377 -0.00059783837059512734
64 -0.66913843154907227 -0.74313777685165405 -0.00034761521965265274
65 -0.77054578065872192 -0.63738441467285156 -0.00064456241670995951
66 -0.66911423206329346 -0.74315929412841797 -0.00072052085306495428
67 -0.66911715269088745 0.74315673112869263 -0.0006071666139177978
68 -0.59129452705383301 0.80645549297332764 -0.00054583157179877162
69 -0.33767315745353699 -0.94126325845718384 -0.00055718218209221959
70 -0.6432608962059021 -0.76564687490463257 -0.00059452035930007696
71 -0.50109589099884033 -0.86539161205291748 -0.00053420866606757045
72 -0.99945557117462158 0.032986357808113098 -0.00067520904121920466
73 -0.64326488971710205 -0.76564347743988037 -0.00059524888638406992
74 -0.49498376250267029 -0.86890208721160889 -0.00055015308316797018
75 -0.91353356838226318 -0.40676262974739075 -0.00077480910113081336
76 -0.91353559494018555 0.4067578911781311 -0.00091962871374562383
77 -0.99452340602874756 0.10451295971870422 -0.00051483639981597662
78 -0.7705378532409668 -0.63739395141601562 -0.0006332613411359489
79 -0.49806275963783264 -0.86714088916778564 -0.00041959912050515413
80 -0.72677850723266602 0.68687170743942261 -0.00058556877775117755
81 -0.64480066299438477 -0.76435059309005737 -0.00058483000611886382
82 -0.72683930397033691 0.68680727481842041 -0.00061427563196048141
83 -0.80900800228118896 -0.58779746294021606 -0.00055962486658245325
84 -0.87268668413162231 -0.48828014731407166 -0.00067522661993280053
85 -0.97719186544418335 0.21235737204551697 -0.0006996369338594377
86 -0.50146812200546265 -0.86517596244812012 -0.00053277198458090425
87 -0.97814512252807617 0.20792309939861298 -0.00038567601586692035
88 -0.4984474778175354 -0.86691975593566895 -0.00054714677389711142
89 -0.7705426812171936 -0.63738811016082764 -0.00065087788971140981
90 -0.87268859148025513 -0.48827674984931946 -0.00068026932422071695
91 -0.99945646524429321 0.032959487289190292 -0.00068036292213946581
92 -0.94633394479751587 -0.32318970561027527 -0.00068460102193057537
93 -0.91355061531066895 0.40672478079795837 -0.00048008258454501629
94 -0.94887065887451172 0.31566408276557922 -0.00079550402006134391
95 -0.50187867879867554 -0.86493790149688721 -0.00052555289585143328
96 -0.9994509220123291 0.033127523958683014 -0.00067129282979294658
97 -0.87269032001495361 -0.48827376961708069 -0.00069154839729890227
98 -0.00029966194415464997 -0.03025764599442482 0.99954205751419067
99 -0.99387598037719727 -0.11049991101026535 -0.00061052426462993026
100 -0.72687834501266479 0.68676602840423584 -0.00057324074441567063
101 -0.97690713405609131 0.21366316080093384 -0.00073711649747565389
102 -0.49667656421661377 -0.86793553829193115 -0.00054968480253592134
103 -0.49497690796852112 -0.86890596151351929 -0.00055587897077202797
104 -0.94633686542510986 -0.32318118214607239 -0.00068710697814822197
105 -0.92298197746276855 0.38484266400337219 -0.00068984564859420061
106 -0.98905742168426514 -0.14752934873104095 -0.00068160641239956021
107 -0.87269032001495361 -0.4882737398147583 -0.0006826670141890645
108 -0.99942773580551147 0.033818498253822327 -0.00071966822724789381
109 -0.97719007730484009 0.21236550807952881 -0.00070323568070307374
110 -0.9771881103515625 0.21237450838088989 -0.00072017329512163997
111 -0.99945670366287231 0.032951992005109787 -0.00068383588222786784
112 -0.99945712089538574 0.032940056174993515 -0.00067360134562477469
113 -0.83861833810806274 0.54471909999847412 -0.00066119141411036253
114 -0.97815370559692383 0.20788098871707916 -0.00091993476962670684
115 -0.97815060615539551 -0.20789703726768494 -0.00054674997227266431
116 -0.77052968740463257 -0.63740372657775879 -0.00063096598023548722
117 -0.87268239259719849 -0.48828792572021484 -0.00067024101736024022
118 -0.64325815439224243 -0.76564913988113403 -0.0005988374468870461
119 -0.83861052989959717 0.54473119974136353 -0.00064569036476314068
120 -0.83860522508621216 0.54473918676376343 -0.00067356770159676671
121 -0.92297416925430298 0.38486137986183167 -0.00069412169978022575
122 -0.64409297704696655 -0.76494699716567993 -0.0005779447965323925
123 -0.97719448804855347 0.21234501898288727 -0.00069544999860227108
124 -0.49688816070556641 -0.86781454086303711 -0.00038818980101495981
125 -0.97718924283981323 0.21236932277679443 -0.00070567289367318153
126 -0.49493268132209778 -0.86893117427825928 -0.00057504605501890182
127 -0.99945628643035889 0.03296404704451561 -0.00068708212347701192
128 -0.59143054485321045 0.80635577440261841 -0.0005463859997689724
129 -0.94633090496063232 -0.32319864630699158 -0.00068387686042115092
130 -0.97708708047866821 0.21283900737762451 -0.00068019022000953555
131 -0.49496614933013916 -0.86891204118728638 -0.00056074891472235322
132 -0.98905587196350098 -0.14753983914852142 -0.00067931838566437364
133 -0.64326238632202148 -0.76564562320709229 -0.00060001801466569304
134 -0.97717088460922241 0.21245378255844116 -0.00067880499409511685
135 -0.83857625722885132 0.5447838306427002 -0.00067933887476101518
136 -0.98905777931213379 -0.1475270688533783 -0.00068601127713918686
137 -0.94633710384368896 -0.32318052649497986 -0.00069195945980027318
138 -0.83860242366790771 0.54474359750747681 -0.00063842104282230139
139 -0.92275452613830566 0.38538762927055359 -0.0007329388172365725
140 -0.92299139499664307 0.38481998443603516 -0.00068572454620152712
141 -0.99951285123825073 0.031205164268612862 -0.00063711596885696054
142 -0.6432487964630127 -0.76565700769424438 -0.00060100841801613569
143 -0.98905766010284424 -0.14752773940563202 -0.00068671343615278602
144 -0.94633650779724121 -0.32318231463432312 -0.00070266949478536844
145 -0.83854854106903076 0.54482650756835938 -0.00068477948661893606
146 -0.87268787622451782 -0.48827800154685974 -0.00069450057344511151
147 -0.59139329195022583 0.80638307332992554 -0.00064413668587803841
148 -0.72684496641159058 0.68680137395858765 -0.00060491147451102734
149 -0.94633573293685913 -0.32318443059921265 -0.00069950957549735904
150 -0.92299759387969971 0.3848051130771637 -0.00067318294895812869
151 -0.92299497127532959 0.38481137156486511 -0.00067692797165364027
152 -0.08617718517780304 -0.99627971649169922 -0.00050187821034342051
153 -0.090216748416423798 0.9959220290184021 -0.00057398836361244321
154 -0.94593369960784912 -0.32435914874076843 -0.00071394507540389895
155 -0.92288297414779663 0.38507997989654541 -0.00066788570256903768
156 -0.98905295133590698 -0.14755941927433014 -0.00067688117269426584
157 -0.92299288511276245 0.38481640815734863 -0.00068001181352883577
158 -0.98902213573455811 -0.14776611328125 -0.00069609214551746845
159 -0.64323872327804565 -0.76566547155380249 -0.0006171122076921165
160 -0.64324641227722168 -0.76565903425216675 -0.00061263126553967595
161 -0.87271314859390259 -0.48823291063308716 -0.00069979048566892743
162 -0.97741508483886719 0.21132770180702209 -0.00065456383163109422
163 -0.72679036855697632 0.68685907125473022 -0.00061824300792068243
164 -0.99929660558700562 0.037494976073503494 -0.00071570638101547956
165 -0.72681146860122681 0.68683677911758423 -0.00066860404331237078
166 -0.83889424800872803 0.54429411888122559 -0.00063191517256200314
167 -0.64325457811355591 -0.76565217971801758 -0.00060567801119759679
168 -0.97718960046768188 0.21236778795719147 -0.00068509549601003528
169 -0.72841405868530273 0.68513703346252441 -0.00055961613543331623
170 -0.87143909931182861 -0.49050328135490417 -0.00070899800630286336
171 -0.64662766456604004 -0.76280558109283447 -0.00057298049796372652
172 -0.98905849456787109 -0.14752240478992462 -0.00066691578831523657
173 -0.97719007730484009 0.21236544847488403 -0.00070984952617436647
174 -0.72685784101486206 0.68678760528564453 -0.00069177953992038965
175 -0.87236136198043823 -0.48886117339134216 -0.00070740299997851253
176 -0.99945777654647827 0.032918944954872131 -0.0006799328257329762
177 -0.94580310583114624 -0.32474005222320557 -0.0007169577875174582
178 -0.92297458648681641 0.38486036658287048 -0.00066340452758595347
179 -0.090210966765880585 -0.99592256546020508 -0.00050953804748132825
180 -0.49676662683486938 -0.86788398027420044 -0.00066940032411366701
181 -0.98962235450744629 -0.14369095861911774 -0.00070501089794561267
182 -0.97719186544418335 0.21235716342926025 -0.00069134356454014778
183 -0.77053743600845337 -0.6373944878578186 -0.00065816467395052314
184 -0.090210959315299988 0.9959225058555603 -0.00061042665038257837
185 -0.94630604982376099 -0.32327157258987427 -0.0006736130453646183
186 -0.87268006801605225 -0.48829206824302673 -0.0006657381309196353
187 -0.77054357528686523 -0.63738703727722168 -0.00067645701346918941
188 -0.090210586786270142 0.99592256546020508 -0.00056023249635472894
189 -0.84023386240005493 0.54222381114959717 -0.00062009150860831141
190 -0.64324933290481567 -0.76565659046173096 -0.00060861848760396242
191 -0.72684168815612793 0.68680483102798462 -0.00059872627025470138
192 -0.77055084705352783 -0.63737815618515015 -0.00068281183484941721
193 -0.9994513988494873 0.033113270998001099 -0.00065881415503099561
194 -0.090210966765880585 -0.99592256546020508 -0.00053388974629342556
195 -0.090226970613002777 0.99592107534408569 -0.00061303505208343267
196 -0.64387595653533936 -0.7651296854019165 -0.00057181995362043381
197 -0.77055418491363525 -0.63737410306930542 -0.00068617949727922678
198 -0.92296725511550903 0.38487786054611206 -0.00070005381712689996
199 -0.090216152369976044 0.9959220290184021 -0.00059416925068944693
200 -0.72682487964630127 0.68682259321212769 -0.00061298091895878315
201 -0.49792683124542236 -0.86721885204315186 -0.00059592857724055648
202 -0.090189829468727112 0.99592447280883789 -0.00052024365868419409
203 -0.090210966765880585 -0.99592256546020508 -0.00051685556536540389
204 -0.59134691953659058 0.80641704797744751 -0.00065098609775304794
205 -0.64566856622695923 -0.76361745595932007 -0.0006126219523139298
206 -0.59155118465423584 0.80626720190048218 -0.00066264404449611902
207 -0.59133309125900269 0.8064272403717041 -0.00058352801715955138
208 -0.83857196569442749 0.54479038715362549 -0.00069783895742148161
209 -0.43660995364189148 0.89965075254440308 -0.00057211582316085696
210 -0.090204402804374695 0.99592316150665283 -0.00053285108879208565
211 -0.090213552117347717 0.9959222674369812 -0.00059871893608942628
212 -0.43660885095596313 0.89965128898620605 -0.00055471737869083881
213 -0.92320281267166138 0.38431239128112793 -0.0007373326807282865
214 -0.088226012885570526 -0.99610042572021484 -0.00050272373482584953
215 -0.83862018585205078 0.5447162389755249 -0.00065540702780708671
216 -0.94634228944778442 -0.32316535711288452 -0.00070838077226653695
217 -0.26772922277450562 0.96349406242370605 -0.00055809528566896915
218 -0.5913129448890686 0.80644196271896362 -0.0005898638628423214
219 -0.43660017848014832 0.89965546131134033 -0.000616948411334306
220 -0.4356519877910614 0.90011495351791382 -0.00061240891227498651
221 -0.83861500024795532 0.5447242259979248 -0.00065080903004854918
222 -0.99945765733718872 0.032922845333814621 -0.00067973823752254248
223 -0.59134435653686523 0.80641895532608032 -0.0005680532194674015
224 -0.98905134201049805 -0.14757049083709717 -0.00066836847690865397
225 -0.090210966765880585 -0.99592256546020508 -0.00053968292195349932
226 -0.26774013042449951 0.96349102258682251 -0.00057565746828913689
227 -0.92296338081359863 0.38488709926605225 -0.00070595962461084127
228 -0.090210966765880585 -0.99592256546020508 -0.00052367569878697395
229 -0.43661433458328247 0.89964860677719116 -0.000570467091165483
230 -0.59134525060653687 0.80641829967498779 -0.00055725843412801623
231 -0.43665829300880432 0.89962726831436157 -0.0006075944984331727
232 -0.76978927850723267 -0.63829773664474487 -0.000688621134031564
233 -0.87212860584259033 -0.48927634954452515 -0.00065491802524775267
234 -0.43565335869789124 0.90011441707611084 -0.00052793422946706414
235 -0.26775971055030823 0.96348553895950317 -0.00060115905944257975
236 -0.94633173942565918 -0.32319632172584534 -0.00068052392452955246
237 -0.94626003503799438 -0.32340610027313232 -0.00071023125201463699
238 -0.94633066654205322 -0.32319945096969604 -0.00067890738137066364
239 -0.090210966765880585 -0.99592256546020508 -0.00051397946663200855
240 -0.090218968689441681 0.995921790599823 -0.00060864485567435622
241 -0.089969716966152191 0.9959443211555481 -0.00064341985853388906
242 -0.77163755893707275 -0.63606220483779907 -0.00061785662546753883
243 -0.089947454631328583 0.99594640731811523 -0.00050200254190713167
244 -0.090216442942619324 0.9959220290184021 -0.00058771192561835051
245 -0.77053254842758179 -0.63740026950836182 -0.00066491449251770973
246 -0.10282827168703079 -0.99469900131225586 -0.00052645523101091385
247 -0.088371336460113525 0.99608737230300903 -0.00064866000320762396
248 -0.10281237959861755 -0.99470067024230957 -0.00053218106040731072
249 -0.088372014462947845 0.99608743190765381 -0.0004688864282798022
250 -0.99944859743118286 0.033196587115526199 -0.00071402027970179915
251 -0.43659630417823792 0.89965736865997314 -0.00058337586233392358
252 -0.43635934591293335 0.89977234601974487 -0.00052814342780038714
253 -0.87270182371139526 -0.48825317621231079 -0.00065983232343569398
254 -0.26776060461997986 0.96348530054092407 -0.00058670103317126632
255 -0.26774480938911438 0.96348971128463745 -0.00057321146596223116
256 -0.090068504214286804 0.99593549966812134 -0.00051350693684071302
257 -0.77096796035766602 -0.63687366247177124 -0.00062092859297990799
258 -0.77055317163467407 -0.63737547397613525 -0.00062577996868640184
259 -0.97714269161224365 0.21258345246315002 -0.00072476250352337956
260 -0.98905348777770996 -0.14755639433860779 -0.00066578795667737722
261 -0.26773953437805176 0.96349120140075684 -0.00057827180717140436
262 -0.090210966765880585 -0.99592256546020508 -0.00053655816009268165
263 -0.0901971235871315 0.99592381715774536 -0.00052300276001915336
264 -0.090210966765880585 -0.99592256546020508 -0.00052183092338964343
265 -0.26773202419281006 0.9634932279586792 -0.00057807279517874122
266 -0.99945294857025146 0.033065933734178543 -0.00071341171860694885
267 -0.77053546905517578 -0.63739681243896484 -0.00066854548640549183
268 -0.72677290439605713 0.68687760829925537 -0.000641060178168118
269 -0.089150935411453247 0.9960179328918457 -0.00064637581817805767
270 -0.97719717025756836 0.21233294904232025 -0.00071774632669985294
271 -0.09009794145822525 0.99593269824981689 -0.00061626516981050372
272 -0.87269145250320435 -0.48827168345451355 -0.00069358915789052844
273 -0.59138220548629761 0.80639117956161499 -0.00062936119502410293
274 -0.096923038363456726 -0.99529170989990234 -0.00056710618082433939
275 -0.096901774406433105 -0.99529385566711426 -0.00049862154992297292
276 -0.43660405278205872 0.89965361356735229 -0.00058341980911791325
277 -0.43660825490951538 0.89965158700942993 -0.00053933326853439212
278 -0.26762601733207703 0.96352267265319824 -0.00061150337569415569
279 -0.87270259857177734 -0.48825180530548096 -0.00069858354981988668
280 -0.98905855417251587 -0.14752203226089478 -0.00069301133044064045
281 -0.98905962705612183 -0.1475149542093277 -0.00069185707252472639
282 -0.43647995591163635 0.89971387386322021 -0.00052684143884107471
283 -0.26774120330810547 0.96349072456359863 -0.00058116251602768898
284 -0.089141964912414551 0.99601882696151733 -0.00049542920896783471
285 -0.94627803564071655 -0.3233533501625061 -0.00067315803607925773
286 -0.98902004957199097 -0.14777998626232147 -0.00069227110361680388
287 -0.72676092386245728 0.68689024448394775 -0.00062917836476117373
288 -0.99945789575576782 0.032916069030761719 -0.00070718844654038548
289 -0.87350070476531982 -0.48682248592376709 -0.00065244699362665415
290 -0.83855366706848145 0.54481858015060425 -0.00068944913800805807
291 -0.43614757061004639 0.8998749852180481 -0.00061009888304397464
292 -0.98897862434387207 -0.14805704355239868 -0.00069731823168694973
293 -0.59134238958358765 0.80642038583755493 -0.00062179792439565063
294 -0.98902559280395508 -0.14774303138256073 -0.00066303473431617022
295 -0.99945712089538574 0.03293938934803009 -0.00069125730078667402
296 -0.2674243152141571 0.96357876062393188 -0.00051014660857617855
297 -0.97707301378250122 0.2129034548997879 -0.00072885275585576892
298 -0.26762637495994568 0.96352267265319824 -0.00051563692977651954
299 -0.92296886444091797 0.38487395644187927 -0.00071191077586263418
300 -0.43662738800048828 0.8996422290802002 -0.0005926814628764987
301 -0.26771673560142517 0.9634975790977478 -0.00052152667194604874
302 -0.8729403018951416 -0.48782661557197571 -0.00065720622660592198
303 -0.26772350072860718 0.96349567174911499 -0.00053969025611877441
304 -0.43665230274200439 0.89963012933731079 -0.00060615054098889232
305 -0.72681325674057007 0.68683487176895142 -0.00064672756707295775
306 -0.43597510457038879 0.89995861053466797 -0.00052679306827485561
307 -0.92294520139694214 0.38493067026138306 -0.00071956327883526683
308 -0.83856731653213501 0.54479759931564331 -0.00070176395820453763
309 -0.87272006273269653 -0.48822060227394104 -0.00066416844492778182
310 -0.59130400419235229 0.80644857883453369 -0.0006140400655567646
311 -0.59129887819290161 0.80645233392715454 -0.00059927045367658138
312 -0.2669546902179718 0.96370899677276611 -0.00050341268070042133
313 -0.83928877115249634 0.54368549585342407 -0.00072269461816176772
314 -0.26584962010383606 0.96401435136795044 -0.00062617880757898092
315 -0.72682464122772217 0.68682283163070679 -0.00066085642902180552
316 -0.26580187678337097 0.96402758359909058 -0.00048748846165835857
317 -0.26707911491394043 0.96367442607879639 -0.00060959265101701021
318 -0.98898124694824219 -0.14803934097290039 -0.00066285463981330395
319 -0.43060684204101562 0.90253943204879761 -0.0005926235462538898
320 -0.92287194728851318 0.38510638475418091 -0.00072899181395769119
321 -0.43049660325050354 0.9025920033454895 -0.00057244166964665055
322 -0.83846396207809448 0.54495656490325928 -0.00071914930595085025
323 -0.94621539115905762 -0.32353669404983521 -0.00066635396797209978
324 -0.94638782739639282 -0.32303211092948914 -0.00066663295729085803
325 -0.26066058874130249 0.96543031930923462 -0.00061781710246577859
326 -0.83849227428436279 0.54491311311721802 -0.00070455082459375262
327 -0.26068845391273499 0.9654228687286377 -0.00050551915774121881
328 -0.97814297676086426 -0.20793247222900391 -0.00072899088263511658
329 -0.41434356570243835 -0.91012048721313477 -0.00035819972981698811
330 -0.41429838538169861 -0.91014087200164795 -0.00071010255487635732
331 -0.9813416600227356 0.1922706812620163 -0.0007639162358827889
332 -0.94707375764846802 -0.32101508975028992 -0.00082574557745829225
333 -0.98384666442871094 0.17901112139225006 -0.00085877353558316827
334 -0.50001710653305054 -0.86601531505584717 -0.00062304065795615315
335 -0.49998754262924194 -0.86603248119354248 -0.00045103291631676257
336 -0.73916870355606079 0.67352020740509033 -0.00052265793783590198
337 -0.99478006362915039 -0.10204127430915833 -0.00061592570273205638
338 -0.74030792713165283 0.67226755619049072 -0.000733687833417207
339 -0.99976092576980591 0.021859213709831238 -0.00064481142908334732
340 -0.97750043869018555 0.21093253791332245 -0.00065437762532383204
341 -0.77629560232162476 -0.63036882877349854 -0.00064012646907940507
342 -0.65548312664031982 -0.75520968437194824 -0.00056560116354376078
343 -0.99352222681045532 -0.11363580822944641 -0.00070285599213093519
344 -0.65428560972213745 -0.75624734163284302 -0.00061624799855053425
345 -0.97808879613876343 0.20818674564361572 -0.00077707716263830662
346 -0.9950215220451355 0.099657438695430756 -0.00077962083742022514
347 -0.74656641483306885 0.66531080007553101 -0.00033564490149728954
348 -0.85441118478775024 0.51959717273712158 -0.0006563362549059093
349 -0.74785333871841431 -0.66386353969573975 -0.00074340845458209515
350 -0.58026456832885742 0.81442797183990479 -0.0004282045119907707
351 -0.57990384101867676 0.81468462944030762 -0.00068757316330447793
352 -0.94590657949447632 -0.32443878054618835 -0.00055817811517044902
353 -0.74705499410629272 0.66476166248321533 -0.00089562387438490987
354 -0.85544157028198242 0.51789891719818115 -0.00064216763712465763
355 -0.94455361366271973 -0.32835668325424194 -0.00070668419357389212
356 -0.074485316872596741 -0.99722200632095337 -0.00054497283417731524
357 -0.073229037225246429 -0.99731498956680298 -0.00054792501032352448
358 -0.99339044094085693 -0.11478259414434433 -0.00062500563217326999
359 -0.34843188524246216 -0.93733388185501099 -0.00066795060411095619
360 -0.10454559326171875 0.99451988935470581 -0.00060775346355512738
361 -0.10451054573059082 0.99452358484268188 -0.00063405197579413652
362 -0.076295264065265656 0.99708503484725952 -0.00064683140954002738
363 -0.076295271515846252 0.99708515405654907 -0.00048536475514993072
364 -0.34754392504692078 -0.93766361474990845 -0.00045854889322072268
365 -0.10453429818153381 -0.99452131986618042 -0.00020367746765259653
366 -0.10451201349496841 -0.99452346563339233 -0.00057377549819648266
367 -0.87428438663482666 -0.48541334271430969 -0.00084356282604858279
368 -0.075869947671890259 -0.99711763858795166 -0.00044383836211636662
369 -0.075869306921958923 -0.99711763858795166 -0.00057930307229980826
370 -0.24518042802810669 0.96947729587554932 -0.00064052920788526535
371 -0.24522565305233002 0.96946597099304199 -0.00047577856457792222
372 -0.30902266502380371 -0.95105469226837158 -0.00017218558059539646
373 -0.30898886919021606 -0.9510653018951416 -0.00085048115579411387
374 -0.92262011766433716 0.38570931553840637 -0.00066125812008976936
375 -0.92678326368331909 0.37559598684310913 -0.00072628410998731852
376 -0.59161496162414551 -0.80622053146362305 -0.0004747426719404757
377 -0.5915185809135437 -0.80629122257232666 -0.00055768311722204089
378 -0.94512635469436646 0.32670453190803528 -0.00064260995713993907
379 -0.9458690881729126 0.32454752922058105 -0.00076007272582501173
380 -0.87009376287460327 -0.49288582801818848 -0.00072623667074367404
381 -0.42414575815200806 0.90559375286102295 -0.00059899839106947184
382 -0.42398974299430847 0.90566682815551758 -0.00054507498862221837
383 -0.98815786838531494 -0.15343914926052094 -0.00065681693376973271
384 -0.77513909339904785 -0.6317903995513916 -0.00063096452504396439
385 -0.77204900979995728 -0.6355627179145813 -0.00067338370718061924
386 -0.00041768141090869904 0.038331497460603714 0.99926501512527466
387 -0.21609790623188019 -0.97637158632278442 -0.00047831833944655955
388 -0.21715821325778961 -0.97613626718521118 -0.00055440148571506143
389 -0.42001932859420776 0.90751504898071289 -0.0005444142734631896
390 -0.8090057373046875 0.58780062198638916 -0.00048467700253240764
391 -0.42017892003059387 0.90744113922119141 -0.0005853753536939621
392 -0.50001543760299683 0.86601638793945312 -0.00045185978524386883
393 -0.49997523427009583 0.8660394549369812 -0.00071871379623189569
394 -0.91356146335601807 -0.40669932961463928 -0.0010215371148660779
395 -0.80903321504592896 0.58776259422302246 -0.00069688603980466723
396 -0.86909228563308716 -0.4946494996547699 -0.0007023239741101861
397 -0.079191878437995911 -0.99685931205749512 -0.00048051882185973227
398 -0.08032400906085968 -0.99676865339279175 -0.00055457238340750337
399 -0.99432402849197388 0.10639156401157379 -0.0008067769231274724
400 -0.087342739105224609 -0.9961782693862915 -0.00035356017178855836
401 -0.087366096675395966 -0.99617606401443481 -0.00066879211226478219
402 -0.23513391613960266 -0.97196286916732788 -0.00053978350479155779
403 -0.080765284597873688 0.99673300981521606 -0.0006126569933257997
404 -0.080778703093528748 0.99673199653625488 -0.00049418566050007939
405 -0.35942921042442322 -0.93317222595214844 -0.00056865275837481022
406 -0.35751751065254211 -0.93390631675720215 -0.0005167077761143446
407 -0.35751935839653015 -0.93390560150146484 -0.00051805807743221521
408 -0.35481610894203186 -0.9349360466003418 -0.00053755036788061261
409 -0.35749155282974243 -0.93391627073287964 -0.00052030070219188929
410 -0.35479620099067688 -0.93494349718093872 -0.00056042586220428348
411 -0.36040353775024414 -0.93279635906219482 -0.0004957584897056222
412 -0.35950043797492981 -0.93314480781555176 -0.0005037258961237967
413 -0.23990756273269653 -0.97079563140869141 -0.00050478649791330099
414 -0.23790422081947327 -0.97128844261169434 -0.00054045947035774589
415 -0.36097660660743713 -0.93257474899291992 -0.00048789172433316708
416 -0.23990604281425476 -0.97079598903656006 -0.00051558867562562227
417 -0.36156591773033142 -0.93234634399414062 -0.0006035066326148808
418 -0.2398855984210968 -0.97080105543136597 -0.00054326705867424607
419 -0.35765445232391357 -0.93385380506515503 -0.00056995498016476631
420 -0.2399090975522995 -0.97079527378082275 -0.00051130377687513828
421 -0.23909004032611847 -0.97099727392196655 -0.00054207310313358903
422 -0.24014480412006378 -0.97073692083358765 -0.00057479582028463483
423 -0.35754469037055969 -0.93389594554901123 -0.00051278277533128858
424 -0.24503239989280701 -0.96951472759246826 -0.0005865363054908812
425 -0.23992906510829926 -0.9707903265953064 -0.00051680725300684571
426 -0.24500653147697449 -0.96952134370803833 -0.00049543508794158697
427 -0.35769283771514893 -0.93383920192718506 -0.00052249361760914326
428 -0.36051923036575317 -0.93275165557861328 -0.00057252804981544614
429 -0.24014618992805481 -0.97073662281036377 -0.00050934054888784885
430 -0.23164360225200653 -0.972800612449646 -0.0004837605229113251
431 -0.99947315454483032 0.032446973025798798 -0.0007617945084348321
432 -0.23166702687740326 -0.97279506921768188 -0.0004699148703366518
433 -0.23012968897819519 -0.97315984964370728 -0.00046732250484637916
434 -0.23015280067920685 -0.97315442562103271 -0.00048638798762112856
435 -0.22660955786705017 -0.97398555278778076 -0.00057805987307801843
436 -0.22696089744567871 -0.97390377521514893 -0.00047451781574636698
437 -0.9994887113571167 0.031965181231498718 -0.00077377166599035263
438 -0.62419354915618896 -0.7812691330909729 -0.00092655111802741885
439 -0.39891132712364197 0.91698920726776123 -0.00077234691707417369
440 -0.60768944025039673 -0.79417413473129272 -0.00098406907636672258
441 -0.46171838045120239 0.88702625036239624 -0.00079559581354260445
442 -0.84571802616119385 0.53362959623336792 -0.0007823967607691884
443 -0.86707556247711182 0.49817600846290588 -0.00080465764040127397
444 -0.99451982975006104 0.10454613715410233 -0.00068818824365735054
445 -0.59394872188568115 -0.80450236797332764 -0.00094756297767162323
446 -0.99516391754150391 0.09822467714548111 -0.00083628040738403797
447 -0.85500568151473999 0.51861810684204102 -0.00075115880463272333
448 -0.82461273670196533 0.5656970739364624 -0.00082397554069757462
449 -0.99379938840866089 -0.11118534207344055 -0.00081234623212367296
450 -0.74627512693405151 -0.66563701629638672 -0.00090433930745348334
451 -0.94786971807479858 -0.31865715980529785 -0.00086832745000720024
452 -0.30899378657341003 0.95106363296508789 -0.00090253993403166533
453 -0.86924868822097778 -0.49437439441680908 -0.00087894796160981059
454 -0.66075420379638672 -0.75060164928436279 -0.0010129048023372889
455 -0.00095683237304911017 -0.02363375760614872 0.99972027540206909
456 -9.77137460722588e-05 0.024152770638465881 0.99970829486846924
457 -0.80903351306915283 -0.58776158094406128 -0.0010903227375820279
458 -0.95260679721832275 0.3042030930519104 -0.0008958280086517334
459 -0.97814154624938965 -0.20793764293193817 -0.001023341785185039
460 -0.59219068288803101 0.8057975172996521 -0.00082235055742785335
461 -0.4865318238735199 -0.87366271018981934 -0.0005377206252887845
462 -0.23787643015384674 0.97129511833190918 -0.00075316481525078416
463 -0.97749751806259155 0.21094585955142975 -0.00074978452175855637
464 -0.76173555850982666 -0.64788740873336792 -0.00097911455668509007
465 -0.49188056588172913 -0.8706621527671814 -0.00096073094755411148
466 -0.92363470792770386 0.38327279686927795 -0.00095709302695468068
467 -0.60259038209915161 0.79805028438568115 -0.00082791200838983059
468 -0.2667120099067688 0.96377599239349365 -0.00071460573235526681
469 -0.73036783933639526 0.68305361270904541 -0.00079907552571967244
470 -0.9758223295211792 0.21856376528739929 -0.00086093769641593099
471 -0.30259379744529724 -0.95311915874481201 -0.00098505697678774595
472 -0.95245599746704102 0.30467486381530762 -0.0008888352895155549
473 -0.94868999719619751 -0.31620651483535767 -0.00085083598969504237
474 -0.12302736937999725 -0.99240309000015259 -0.00071613391628488898
475 -0.12295177578926086 -0.99241238832473755 -0.0007151217432692647
476 -0.86843580007553101 -0.49580103158950806 -0.00084814411820843816
477 -0.30526706576347351 -0.9522663950920105 -0.00088466663146391511
478 -0.71881186962127686 0.69520413875579834 -0.00087393540889024734
479 -0.99300265312194824 -0.11808972805738449 -0.00079447601456195116
480 -0.75061774253845215 -0.660736083984375 -0.00089763535652309656
481 -0.9236375093460083 0.38326644897460938 -0.00079025502782315016
482 -0.58195596933364868 0.81322008371353149 -0.00066704110940918326
483 -0.41073393821716309 -0.91175490617752075 -0.00079486396862193942
484 -0.98794937133789062 -0.15477542579174042 -0.00080904155038297176
485 -0.72846537828445435 0.68508213758468628 -0.00079839519457891583
486 -0.2246166318655014 -0.97444683313369751 -0.00086757139069959521
487 -0.83978259563446045 0.54292231798171997 -0.0007936074398458004
488 -0.36258551478385925 -0.93195003271102905 -0.00095304788555949926
489 -0.76503467559814453 -0.64398837089538574 -0.00097816099878400564
490 -0.58775854110717773 0.8090360164642334 -0.00082211254630237818
491 -0.59049844741821289 0.80703842639923096 -0.00079990446101874113
492 -0.43659329414367676 0.89965862035751343 -0.00081269990187138319
493 -0.4989277720451355 -0.86664319038391113 -0.00087763584451749921
494 -0.50076401233673096 -0.86558341979980469 -0.0008801724761724472
495 -0.99945658445358276 0.032954290509223938 -0.0008064224966801703
496 -0.99945670366287231 0.032949794083833694 -0.00081197579856961966
497 -0.64371895790100098 -0.76526147127151489 -0.00094904820434749126
498 -0.59128689765930176 0.80646085739135742 -0.00081345037324354053
499 -0.74595928192138672 0.66599106788635254 -0.00089068105444312096
500 -0.49976220726966858 -0.86616218090057373 -0.0009141161572188139
501 -0.49697276949882507 -0.86776572465896606 -0.00085836852667853236
502 -0.9466698169708252 0.32220467925071716 -0.00070582953048869967
503 -0.57654333114624023 0.81706631183624268 -0.00066490535391494632
504 -0.49998477101325989 -0.86603391170501709 -0.00071250915061682463
505 -0.59125977754592896 0.80648082494735718 -0.0008088480681180954
506 -0.50001561641693115 0.8660162091255188 -0.00062170246383175254
507 -0.97718685865402222 0.2123800665140152 -0.00080812827218323946
508 -0.59121978282928467 0.80651015043258667 -0.00080109608825296164
509 -0.77056771516799927 -0.63735741376876831 -0.00095913355471566319
510 -0.66914772987365723 -0.74312901496887207 -0.00076865783194079995
511 -0.77056682109832764 -0.63735860586166382 -0.0009563497151248157
512 -0.66911214590072632 0.74316096305847168 -0.00082512747030705214
513 -0.33770263195037842 -0.94125252962112427 -0.00085382076213136315
514 -0.49502831697463989 -0.86887639760971069 -0.00093154661590233445
515 -0.64328539371490479 -0.76562595367431641 -0.00095427088672295213
516 -0.50112313032150269 -0.86537551879882812 -0.00091495714150369167
517 -0.49814048409461975 -0.86709600687026978 -0.00083626812556758523
518 -0.64329326152801514 -0.76561933755874634 -0.00095523055642843246
519 -0.59126895666122437 0.80647397041320801 -0.00080437143333256245
520 -0.80900377035140991 -0.5878029465675354 -0.00076312752207741141
521 -0.99452382326126099 0.104508176445961 -0.00067334994673728943
522 -0.91353482007980347 0.40675944089889526 -0.0009839122649282217
523 -0.97718876600265503 0.21237121522426605 -0.00079959077993407845
524 -0.77055841684341431 -0.63736867904663086 -0.00094986899057403207
525 -0.59119665622711182 0.80652707815170288 -0.00080370740033686161
526 -0.80903345346450806 0.58776181936264038 -0.00095634616445749998
527 -0.49848070740699768 -0.86690032482147217 -0.00092496938304975629
528 -0.87270277738571167 -0.48825100064277649 -0.00092159950872883201
529 -0.87270605564117432 -0.48824521899223328 -0.0009188683470711112
530 -0.49671450257301331 -0.86791354417800903 -0.00092888984363526106
531 -0.64386600255966187 -0.76513767242431641 -0.00095349992625415325
532 -0.97814339399337769 0.20793074369430542 -0.00064412102801725268
533 -0.50149744749069214 -0.86515867710113525 -0.00090486940462142229
534 -0.66914629936218262 0.74313026666641235 -0.00081764435162767768
535 -0.92137831449508667 0.38866609334945679 -0.00083932315465062857
536 -0.64401638507843018 -0.76501113176345825 -0.00094178732251748443
537 -0.98905479907989502 -0.14754618704319 -0.00083552725845947862
538 -0.77056175470352173 -0.63736462593078613 -0.00096033752197399735
539 -0.83610528707504272 0.54856842756271362 -0.00082038273103535175
540 -0.59125256538391113 0.80648612976074219 -0.00080558430636301637
541 -0.49502414464950562 -0.86887872219085693 -0.00093268847558647394
542 -0.99945646524429321 0.032958406955003738 -0.00080949760740622878
543 -0.87268310785293579 -0.48828616738319397 -0.00092210277216508985
544 -0.00020454009063541889 -0.030257647857069969 0.99954211711883545
545 -0.99388867616653442 -0.1103847399353981 -0.00073570554377511144
546 -0.92297065258026123 0.38486951589584351 -0.0008038097876124084
547 -0.87269216775894165 -0.48827004432678223 -0.00092251977184787393
548 -0.99945580959320068 0.032978061586618423 -0.00080317049287259579
549 -0.94638794660568237 -0.3230312168598175 -0.00086998922051861882
550 -0.9463384747505188 -0.32317611575126648 -0.00086843123426660895
551 -0.98906093835830688 -0.14750522375106812 -0.00083190947771072388
552 -0.92294824123382568 0.38492318987846375 -0.00081412628060206771
553 -0.97717469930648804 0.21243581175804138 -0.00081463833339512348
554 -0.94633877277374268 -0.32317519187927246 -0.00087354704737663269
555 -0.64329087734222412 -0.76562130451202393 -0.00095558457542210817
556 -0.49519094824790955 -0.86878365278244019 -0.00093985238345339894
557 -0.9229552149772644 0.38490656018257141 -0.00081435305764898658
558 -0.92034912109375 0.39109691977500916 -0.00084976485231891274
559 -0.00043400467257015407 0.03025764599442482 0.99954205751419067
560 -0.97815144062042236 -0.20789261162281036 -0.00071030936669558287
561 -0.98909330368041992 -0.14728774130344391 -0.00082971947267651558
562 -0.77055096626281738 -0.63737779855728149 -0.00094257190357893705
563 -0.92296206951141357 0.38489019870758057 -0.00081241328734904528
564 -0.98905789852142334 -0.14752565324306488 -0.00083153502782806754
565 -0.87270361185073853 -0.48824954032897949 -0.0009167850948870182
566 -0.64667755365371704 -0.76276296377182007 -0.00094263040227815509
567 -0.4364875853061676 0.89970999956130981 -0.0007953717140480876
568 -0.9994550347328186 0.033001750707626343 -0.00080542051000520587
569 -0.72679704427719116 0.68685179948806763 -0.00083155545871704817
570 -0.83857816457748413 0.5447806715965271 -0.00083489093231037259
571 -0.49686568975448608 -0.86782717704772949 -0.00076411268673837185
572 -0.9780382513999939 0.20842385292053223 -0.00083136517787352204
573 -0.43654045462608337 0.89968430995941162 -0.00079604465281590819
574 -0.72677785158157349 0.68687218427658081 -0.00085528544150292873
575 -0.64329278469085693 -0.76561969518661499 -0.00095762824639678001
576 -0.94633322954177856 -0.32319137454032898 -0.00086839171126484871
577 -0.92296570539474487 0.38488131761550903 -0.00080786203034222126
578 -0.49511986970901489 -0.86882412433624268 -0.00093913247110322118
579 -0.97718125581741333 0.21240566670894623 -0.00081151793710887432
580 -0.72677570581436157 0.6868743896484375 -0.00081891147419810295
581 -0.72674882411956787 0.68690282106399536 -0.00083093374269083142
582 -0.92296713590621948 0.38487803936004639 -0.00080578913912177086
583 -0.6432870626449585 -0.76562446355819702 -0.00095371936913579702
584 -0.97706985473632812 0.21291747689247131 -0.00079675990855321288
585 -0.99947947263717651 0.032251466065645218 -0.00082005071453750134
586 -0.92294043302536011 0.38494205474853516 -0.00082043150905519724
587 -0.98907524347305298 -0.14740915596485138 -0.00083000038284808397
588 -0.64357370138168335 -0.76538360118865967 -0.00095323059940710664
589 -0.59129774570465088 0.80645292997360229 -0.00080233224434778094
590 -0.92297297716140747 0.38486403226852417 -0.00079901143908500671
591 -0.97901558876037598 0.20378392934799194 -0.00083894515410065651
592 -0.8385692834854126 0.54479432106018066 -0.00083706917939707637
593 -0.83856034278869629 0.54480820894241333 -0.00082401267718523741
594 -0.97716826200485229 0.21246553957462311 -0.00081855751341208816
595 -0.72678565979003906 0.68686383962631226 -0.00082344067050144076
596 -0.83857995271682739 0.54477792978286743 -0.0008303397917188704
597 -0.99945187568664551 0.033096984028816223 -0.00080149108543992043
598 -0.9995083212852478 0.031344592571258545 -0.00079523923341184855
599 -0.98908096551895142 -0.1473710834980011 -0.00083081674529239535
600 -0.83857804536819458 0.54478085041046143 -0.00082244002260267735
601 -0.090216107666492462 0.99592190980911255 -0.00075850030407309532
602 -0.83857446908950806 0.54478651285171509 -0.00082309986464679241
603 -0.94639849662780762 -0.32300019264221191 -0.00086956063751131296
604 -0.97716325521469116 0.21248878538608551 -0.00078917329665273428
605 -0.92273038625717163 0.385445237159729 -0.00079051044303923845
606 -0.8726920485496521 -0.48827028274536133 -0.00092365784803405404
607 -0.59130662679672241 0.80644643306732178 -0.00081480509834364057
608 -0.98901432752609253 -0.14781714975833893 -0.00083693710621446371
609 -0.97716128826141357 0.2124975174665451 -0.00082042126450687647
610 -0.8385549783706665 0.54481631517410278 -0.00082840141840279102
611 -0.090210944414138794 -0.99592238664627075 -0.00078572815982624888
612 -0.92285364866256714 0.38514998555183411 -0.00079279247438535094
613 -0.99945420026779175 0.033024922013282776 -0.00081058451905846596
614 -0.50220906734466553 -0.86474573612213135 -0.00089226051932200789
615 -0.26772293448448181 0.96349567174911499 -0.00078290764940902591
616 -0.72676420211791992 0.68688654899597168 -0.00083390780491754413
617 -0.99958449602127075 0.028813391923904419 -0.00082239951007068157
618 -0.8385806679725647 0.5447767972946167 -0.0008328647818416357
619 -0.43658500909805298 0.89966273307800293 -0.0007968624122440815
620 -0.87213742733001709 -0.48926025629043579 -0.00092349137412384152
621 -0.64349126815795898 -0.76545292139053345 -0.0009742220863699913
622 -0.97738760709762573 0.21145430207252502 -0.00078236387344077229
623 -0.77090722322463989 -0.63694679737091064 -0.00093154399655759335
624 -0.92255085706710815 0.38587468862533569 -0.00081712671089917421
625 -0.64328998327255249 -0.76562207937240601 -0.00095682073151692748
626 -0.09019143134355545 0.99592417478561401 -0.000771834806073457
627 -0.87296462059020996 -0.48778265714645386 -0.00091223360504955053
628 -0.090210944414138794 -0.99592232704162598 -0.00083572108997032046
629 -0.72679609060287476 0.68685281276702881 -0.0008377128979191184
630 -0.99944955110549927 0.033167466521263123 -0.00080171343870460987
631 -0.8727792501449585 -0.48811432719230652 -0.00092829240020364523
632 -0.97718608379364014 0.21238341927528381 -0.0008100491832010448
633 -0.94632440805435181 -0.3232172429561615 -0.00086563703371211886
634 -0.090193688869476318 0.99592393636703491 -0.00077332695946097374
635 -0.72680693864822388 0.68684130907058716 -0.00083147792611271143
636 -0.87102967500686646 -0.49122965335845947 -0.00092126487288624048
637 -0.87222325801849365 -0.48910710215568542 -0.00091181776951998472
638 -0.59129136800765991 0.80645763874053955 -0.00082359433872625232
639 -0.09020330011844635 -0.99592310190200806 -0.00079382903641089797
640 -0.7705463171005249 -0.63738340139389038 -0.0009341966942884028
641 -0.59128683805465698 0.80646097660064697 -0.00080194603651762009
642 -0.87281733751296997 -0.48804619908332825 -0.00092718348605558276
643 -0.090208880603313446 0.99592262506484985 -0.00074138131458312273
644 -0.64334535598754883 -0.76557546854019165 -0.00096410163678228855
645 -0.090202130377292633 0.99592316150665283 -0.00077174702892079949
646 -0.9888235330581665 -0.1490882933139801 -0.00083776190876960754
647 -0.090212859213352203 0.99592220783233643 -0.00076873198850080371
648 -0.77062958478927612 -0.63728255033493042 -0.00097440497484058142
649 -0.94615817070007324 -0.32370349764823914 -0.00086909614037722349
650 -0.43660959601402283 0.8996506929397583 -0.00079257885226979852
651 -0.090210944414138794 -0.99592238664627075 -0.00078608951298519969
652 -0.090195640921592712 -0.99592375755310059 -0.00080126360990107059
653 -0.72680550813674927 0.68684285879135132 -0.00083575985627248883
654 -0.5913274884223938 0.8064311146736145 -0.00079763337271288037
655 -0.83838540315628052 0.54507738351821899 -0.0008204914047382772
656 -0.87356460094451904 -0.4867074191570282 -0.00090840610209852457
657 -0.87270432710647583 -0.48824819922447205 -0.00091162387980148196
658 -0.083749100565910339 -0.99648654460906982 -0.00086525379447266459
659 -0.090185977518558502 0.99592471122741699 -0.00071974319871515036
660 -0.77072626352310181 -0.6371656060218811 -0.00097737321630120277
661 -0.77156805992126465 -0.6361461877822876 -0.00092457327991724014
662 -0.7705579400062561 -0.63736921548843384 -0.00096608098829165101
663 -0.43659934401512146 0.89965575933456421 -0.00079028221080079675
664 -0.83893370628356934 0.54423308372497559 -0.00081185431918129325
665 -0.090201623737812042 0.99592328071594238 -0.00073302217060700059
666 -0.7270018458366394 0.68663501739501953 -0.00081411289284005761
667 -0.59131783246994019 0.806438148021698 -0.00080069073010236025
668 -0.83875727653503418 0.54450488090515137 -0.00082203606143593788
669 -0.26772591471672058 0.96349483728408813 -0.00077506637899205089
670 -0.94564205408096313 -0.32520821690559387 -0.00086857646238058805
671 -0.94632643461227417 -0.32321122288703918 -0.00087995053036138415
672 -0.074007593095302582 -0.99725735187530518 -0.00087186106247827411
673 -0.08827461302280426 0.99609589576721191 -0.0007735347026027739
674 -0.94636505842208862 -0.32309824228286743 -0.0008634821861051023
675 -0.59132373332977295 0.80643391609191895 -0.00081115803914144635
676 -0.26773858070373535 0.96349126100540161 -0.00078576762462034822
677 -0.089979909360408783 0.99594330787658691 -0.0007746333722025156
678 -0.72727280855178833 0.68634802103042603 -0.00081408239202573895
679 -0.43661198019981384 0.89964962005615234 -0.00079239468323066831
680 -0.090210944414138794 -0.99592238664627075 -0.00077809172216802835
681 -0.090192563831806183 0.99592405557632446 -0.00077498448081314564
682 -0.98905140161514282 -0.14756926894187927 -0.00082998577272519469
683 -0.087102890014648438 -0.99619895219802856 -0.00085320661310106516
684 -0.090214483439922333 0.99592208862304688 -0.00076378439553081989
685 -0.089979596436023712 0.99594336748123169 -0.00069872988387942314
686 -0.94631063938140869 -0.32325762510299683 -0.00086799095151945949
687 -0.94637185335159302 -0.32307827472686768 -0.00086487631779164076
688 -0.26769441366195679 0.96350353956222534 -0.00078879005741328001
689 -0.87268596887588501 -0.48828107118606567 -0.00091134739341214299
690 -0.10282155126333237 -0.99469959735870361 -0.00072645948966965079
691 -0.088389158248901367 0.99608582258224487 -0.00068360916338860989
692 -0.98906558752059937 -0.14747415482997894 -0.0008309630211442709
693 -0.87269365787506104 -0.48826733231544495 -0.0009144502691924572
694 -0.26774266362190247 0.96349012851715088 -0.00078259164001792669
695 -0.089129999279975891 0.99601972103118896 -0.00077285949373617768
696 -0.090203277766704559 -0.99592304229736328 -0.00081754435086622834
697 -0.090082690119743347 0.99593406915664673 -0.00070456106914207339
698 -0.77055490016937256 -0.63737279176712036 -0.00097635638667270541
699 -0.98908501863479614 -0.14734365046024323 -0.00083381711738184094
700 -0.079169891774654388 -0.99686086177825928 -0.0008563541341573
701 -0.2763696014881134 0.96105110645294189 -0.00078212248627096415
702 -0.090210944414138794 -0.99592238664627075 -0.0007862079655751586
703 -0.090193815529346466 0.99592399597167969 -0.0007266877219080925
704 -0.98904508352279663 -0.14761169254779816 -0.0008340131607837975
705 -0.09008672833442688 0.9959336519241333 -0.00077315146336331964
706 -0.43645632266998291 0.89972507953643799 -0.000811898207757622
707 -0.83848947286605835 0.54491716623306274 -0.00082520931027829647
708 -0.94661659002304077 -0.32236051559448242 -0.00086370820645242929
709 -0.43570438027381897 0.90008950233459473 -0.00083672249456867576
710 -0.94635826349258423 -0.3231181800365448 -0.00086801877478137612
711 -0.94636046886444092 -0.32311165332794189 -0.00086148089030757546
712 -0.92265778779983521 0.38561895489692688 -0.00081832753494381905
713 -0.77056682109832764 -0.63735848665237427 -0.00097856263164430857
714 -0.99945396184921265 0.033032815903425217 -0.0008141379221342504
715 -0.43652346730232239 0.89969253540039062 -0.00081193482037633657
716 -0.26748862862586975 0.96356070041656494 -0.00077172508463263512
717 -0.98905009031295776 -0.14757773280143738 -0.0008374202880077064
718 -0.9890473484992981 -0.1475963294506073 -0.00082838529488071799
719 -0.096921801567077637 -0.99529176950454712 -0.00076092971721664071
720 -0.43659773468971252 0.89965653419494629 -0.00079295790055766702
721 -0.87271231412887573 -0.4882340133190155 -0.00092446693452075124
722 -0.83808803558349609 0.54553443193435669 -0.00082828558515757322
723 -0.97727566957473755 0.21197082102298737 -0.00083186407573521137
724 -0.99944788217544556 0.03321552649140358 -0.00081357324961572886
725 -0.97718906402587891 0.21236948668956757 -0.00083255750359967351
726 -0.9463425874710083 -0.32316404581069946 -0.00086571753490716219
727 -0.72668540477752686 0.68696987628936768 -0.00083606125554069877
728 -0.26765280961990356 0.96351510286331177 -0.00077529315603896976
729 -0.87273257970809937 -0.48819783329963684 -0.00092796905664727092
730 -0.089166842401027679 0.99601650238037109 -0.00069366313982754946
731 -0.59056186676025391 0.80699199438095093 -0.00080583657836541533
732 -0.43697014451026917 0.89947569370269775 -0.00080147467087954283
733 -0.97714388370513916 0.21257756650447845 -0.00083142385119572282
734 -0.97715127468109131 0.21254347264766693 -0.00082033342914655805
735 -0.99945229291915894 0.033082619309425354 -0.0008129207999445498
736 -0.59101802110671997 0.80665802955627441 -0.00080333283403888345
737 -0.92289000749588013 0.38506284356117249 -0.00081978633534163237
738 -0.94634300470352173 -0.32316288352012634 -0.00086765881860628724
739 -0.83774185180664062 0.54606592655181885 -0.00082729541463777423
740 -0.9994499683380127 0.033154331147670746 -0.00080958387115970254
741 -0.94631814956665039 -0.32323545217514038 -0.00086804648162797093
742 -0.27260252833366394 0.96212643384933472 -0.00079589977394789457
743 -0.26863536238670349 0.96324163675308228 -0.00080022856127470732
744 -0.26820039749145508 0.96336287260055542 -0.00079261668724939227
745 -0.26772361993789673 0.96349543333053589 -0.00077687163138762116
746 -0.98905432224273682 -0.14754953980445862 -0.00083082838682457805
747 -0.26772505044937134 0.96349507570266724 -0.00077005446655675769
748 -0.26766738295555115 0.96351104974746704 -0.00079050019849091768
749 -0.43650448322296143 0.89970177412033081 -0.00079837650991976261
750 -0.26701763272285461 0.96369141340255737 -0.00077270361362025142
751 -0.9228440523147583 0.38517302274703979 -0.00082018424291163683
752 -0.43609112501144409 0.89990222454071045 -0.00080586213152855635
753 -0.26583874225616455 0.96401727199554443 -0.00075721810571849346
754 -0.26767519116401672 0.96350890398025513 -0.00078174902591854334
755 -0.72634428739547729 0.68733060359954834 -0.00084421184146776795
756 -0.43060529232025146 0.90254002809524536 -0.00083276943769305944
757 -0.72625130414962769 0.68742877244949341 -0.00084277312271296978
758 -0.72648841142654419 0.68717825412750244 -0.00083818536950275302
759 -0.26070690155029297 0.96541774272918701 -0.00076040450949221849
760 -0.63821238279342651 -0.76985973119735718 -0.00096918357303366065
761 -0.44021838903427124 0.89789044857025146 -0.00080824526958167553
762 -0.43715822696685791 0.89938431978225708 -0.00079592166002839804
763 -0.76802527904510498 -0.64041882753372192 -0.00097829068545252085
764 -0.64245116710662842 -0.76632606983184814 -0.0009787948802113533
765 -0.41434943675994873 -0.910117506980896 -0.00079004530562087893
766 -0.63321071863174438 -0.7739788293838501 -0.00096935610054060817
767 -0.76979362964630127 -0.63829213380813599 -0.00097873469348996878
768 -0.30897817015647888 -0.95106804370880127 -0.0014604751486331224
769 -0.30903086066246033 0.95105189085006714 -0.00046210311120375991
770 -0.74089068174362183 0.67162513732910156 -0.0008757729665376246
771 -0.74944460391998291 -0.66206640005111694 -0.00094424019334837794
772 -0.49189680814743042 -0.87065309286117554 -0.00094473198987543583
773 -0.91355574131011963 0.4067128598690033 -0.00082058453699573874
774 -0.50002920627593994 -0.86600792407989502 -0.0010691731004044414
775 -0.97815406322479248 0.20787851512432098 -0.0010724145686253905
776 -0.42493593692779541 -0.90522289276123047 -0.00098878936842083931
777 -0.39628365635871887 0.91812789440155029 -0.00070559297455474734
778 -0.73907482624053955 0.67362290620803833 -0.00075582822319120169
779 -0.60719335079193115 -0.79455357789993286 -0.00097608374198898673
780 -0.74214839935302734 -0.67023468017578125 -0.001148888492025435
781 -0.9774356484413147 0.21123205125331879 -0.00078504183329641819
782 -0.77629435062408447 -0.63036996126174927 -0.0009435744141228497
783 -0.6554642915725708 -0.75522559881210327 -0.00093429273692891002
784 -0.99986374378204346 0.016488004475831985 -0.00080875540152192116
785 -0.98743969202041626 -0.15799409151077271 -0.00088771944865584373
786 -0.99975579977035522 0.022083630785346031 -0.00082326203119009733
787 -0.82871860265731812 0.55966484546661377 -0.00086248863954097033
788 -0.58005315065383911 0.81457817554473877 -0.00091819016961380839
789 -0.87242335081100464 -0.48875042796134949 -0.00070851074997335672
790 -0.94593828916549683 -0.32434582710266113 -0.00073679967317730188
791 -0.74685776233673096 0.66498351097106934 -0.00059427873929962516
792 -0.85422384738922119 0.51990485191345215 -0.00077628827420994639
793 -0.073270261287689209 -0.99731189012527466 -0.00074649567250162363
794 -0.073235988616943359 -0.99731439352035522 -0.00073164701461791992
795 -0.99340832233428955 -0.11462725698947906 -0.00074486521771177649
796 -0.34845486283302307 -0.93732506036758423 -0.00096749130170792341
797 -0.10449250042438507 -0.99452489614486694 -0.001271452521905303
798 -0.10454818606376648 0.99451959133148193 -0.00069911108585074544
799 -0.10450758039951324 0.99452382326126099 -0.00073912477819249034
800 -0.076295249164104462 -0.99708491563796997 -0.00087252299999818206
801 -0.076295256614685059 0.99708497524261475 -0.00073776196222752333
802 -0.076295264065265656 0.99708503484725952 -0.00064623012440279126
803 -0.34732973575592041 -0.93774276971817017 -0.00075584743171930313
804 -0.45524904131889343 0.89036387205123901 -0.00076410127803683281
805 -0.87429541349411011 -0.48539304733276367 -0.0010434163268655539
806 -0.10454714298248291 -0.99451971054077148 -0.00065330479992553592
807 -0.075869962573051453 -0.99711751937866211 -0.00069086521398276091
808 -0.24521768093109131 0.96946775913238525 -0.00072537496453151107
809 -0.94507521390914917 -0.32685136795043945 -0.0010217723902314901
810 -0.86816954612731934 0.49626702070236206 -0.00086776207899674773
811 -0.49255967140197754 -0.87027823925018311 -0.00094546080799773335
812 -0.30903738737106323 -0.95104968547821045 -0.00062248617177829146
813 -0.9221070408821106 0.3869340717792511 -0.00079349044244736433
814 -0.59159725904464722 -0.80623310804367065 -0.00090807455126196146
815 -0.99493110179901123 0.10055548697710037 -0.00084933609468862414
816 -0.94515979290008545 0.32660761475563049 -0.00070372677873820066
817 -0.87013494968414307 -0.49281266331672668 -0.00092428311472758651
818 -0.94766569137573242 -0.31926324963569641 -0.00088610837701708078
819 -0.42412295937538147 0.90560430288314819 -0.00079231895506381989
820 -0.66909825801849365 -0.74317306280136108 -0.001139263971708715
821 -0.77511721849441528 -0.6318168044090271 -0.00094316754257306457
822 -0.98785108327865601 -0.15540137887001038 -0.00086573592852801085
823 -0.42465609312057495 -0.90535426139831543 -0.00099498534109443426
824 -0.98825246095657349 -0.15282805263996124 -0.00082176906289532781
825 -0.21611540019512177 -0.9763675332069397 -0.00077663006959483027
826 -0.21537245810031891 -0.97653162479400635 -0.00086783268488943577
827 -0.72219604253768921 0.69168788194656372 -0.00087205646559596062
828 -0.42015993595123291 0.90744972229003906 -0.00083513581193983555
829 -0.59673261642456055 0.80243974924087524 -0.00082565279444679618
830 -0.49996036291122437 0.86604756116867065 -0.0011456308420747519
831 -0.91356080770492554 -0.40670108795166016 -0.00097220810130238533
832 -0.91353392601013184 -0.40676206350326538 -0.00070056744152680039
833 -0.80900669097900391 0.58779925107955933 -0.00043527683010324836
834 -0.080328516662120819 -0.99676817655563354 -0.00074288411997258663
835 -0.080333523452281952 -0.99676775932312012 -0.0007931683212518692
836 -0.22818733751773834 -0.97361671924591064 -0.0010048680705949664
837 -0.22680994868278503 0.97393876314163208 -0.00072476692730560899
838 -0.3544076681137085 -0.93509060144424438 -0.0009114593849517405
839 -0.087335109710693359 -0.99617886543273926 -0.00047318317228928208
840 -0.075512714684009552 -0.99714446067810059 -0.00087520986562594771
841 -0.080852828919887543 0.99672579765319824 -0.00074578350177034736
842 -0.23870034515857697 -0.97109293937683105 -0.00081882573431357741
843 -0.080788001418113708 0.99673110246658325 -0.00066204858012497425
844 -0.35754871368408203 -0.93389403820037842 -0.00089666486019268632
845 -0.35761383175849915 -0.93386918306350708 -0.00087934458861127496
846 -0.35745945572853088 -0.93392825126647949 -0.00090663391165435314
847 -0.35930547118186951 -0.93321967124938965 -0.00086965161608532071
848 -0.35951817035675049 -0.93313771486282349 -0.00082049559568986297
849 -0.35476008057594299 -0.93495702743530273 -0.00084022223018109798
850 -0.23991326987743378 -0.97079402208328247 -0.00084378104656934738
851 -0.36005392670631409 -0.93293112516403198 -0.00081787013914436102
852 -0.36151963472366333 -0.93236404657363892 -0.00090689706848934293
853 -0.23994924128055573 -0.97078508138656616 -0.00082895148079842329
854 -0.36028206348419189 -0.93284308910369873 -0.00080037029692903161
855 -0.23997032642364502 -0.9707798957824707 -0.00084187125321477652
856 -0.23653559386730194 -0.97162246704101562 -0.00084956735372543335
857 -0.35760238766670227 -0.93387359380722046 -0.00085190607933327556
858 -0.23984132707118988 -0.97081178426742554 -0.00082962884334847331
859 -0.23907022178173065 -0.97100192308425903 -0.00083653780166059732
860 -0.24011868238449097 -0.97074317932128906 -0.00082407693844288588
861 -0.35760599374771118 -0.93387216329574585 -0.00084891077131032944
862 -0.24501793086528778 -0.96951824426651001 -0.00083034823182970285
863 -0.23995228111743927 -0.97078436613082886 -0.00083393423119559884
864 -0.36037296056747437 -0.93280792236328125 -0.00089369394117966294
865 -0.23072314262390137 -0.9730190634727478 -0.00085180409951135516
866 -0.22245456278324127 -0.97494274377822876 -0.00084156007505953312
867 -0.23167379200458527 -0.97279316186904907 -0.00083417899440973997
868 -0.23240567743778229 -0.97261852025985718 -0.00092259532539173961
869 -0.23038358986377716 0.97309958934783936 -0.00074003712506964803
870 -0.23012232780456543 -0.97316133975982666 -0.00083517015445977449
871 -0.35660463571548462 -0.93425494432449341 -0.00094897969393059611
872 -0.22612433135509491 -0.9740980863571167 -0.00088246684754267335
873 -0.22696816921234131 -0.97390192747116089 -0.00076278159394860268
874 -0.97257763147354126 0.23257800936698914 -0.00047967821592465043
875 -0.096819639205932617 -0.99530184268951416 -0.00053846137598156929
876 -0.7315361499786377 -0.68180221319198608 -0.00083041738253086805
877 -0.74282479286193848 -0.66948533058166504 -0.00084290624363347888
878 -0.41086184978485107 -0.91169732809066772 -0.00078790017869323492
879 -0.57221192121505737 -0.82010567188262939 -0.00045269401744008064
880 -0.083142541348934174 -0.99653756618499756 -0.00043814547825604677
881 -0.29265114665031433 -0.95621919631958008 -0.00046881654998287559
882 -0.42750141024589539 -0.90401434898376465 -0.00075659930007532239
883 -0.9723973274230957 0.23333068192005157 -0.00048894918290898204
884 -0.079048387706279755 0.99687063694000244 -0.00054632750106975436
885 -0.65439713001251221 0.75615090131759644 -0.00048728048568591475
886 -0.67742085456848145 0.73559540510177612 -0.000582258275244385
887 -0.67623913288116455 0.73668199777603149 -0.00057582743465900421
888 -0.28936761617660522 -0.95721793174743652 -0.00045638944720849395
889 -0.24933426082134247 -0.96841728687286377 -0.00066378468181937933
890 -0.2286108136177063 0.9735177755355835 -0.00055618619080632925
891 -0.56836092472076416 -0.82277923822402954 -0.0004559500957839191
892 -0.658427894115448 0.7526436448097229 -0.00049460050649940968
893 -0.4435691237449646 0.8962399959564209 -0.00054539454868063331
894 -0.51319378614425659 0.85827261209487915 -0.00057675107382237911
895 -0.48892220854759216 -0.87232714891433716 -0.00064615433802828193
896 -0.39028394222259521 -0.92069429159164429 -0.00068258633837103844
897 -0.95433986186981201 0.29872244596481323 -0.00058319221716374159
898 -0.25364476442337036 0.96729731559753418 -0.00056178984232246876
899 -0.61822974681854248 0.78599727153778076 -0.00048427103320136666
900 -0.95399636030197144 0.29981762170791626 -0.00057492248015478253
901 -0.74788039922714233 0.66383320093154907 -0.00060444307746365666
902 -0.25567764043807983 0.96676194667816162 -0.00054961844580247998
903 -0.25695466995239258 0.96642333269119263 -0.00055044551845639944
904 -0.86984497308731079 0.49332475662231445 -0.00057566777104511857
905 -0.60130304098129272 -0.79902058839797974 -0.00093624077271670103
906 -0.81928706169128418 0.57338327169418335 -0.00061769888270646334
907 -0.27422022819519043 0.96166682243347168 -0.00050221779383718967
908 -0.00012617783795576543 0.031978096812963486 0.99948859214782715
909 -0.99819076061248779 -0.060124453157186508 -0.0005004013073630631
910 -0.24915866553783417 0.96846252679824829 -0.00053871242562308908
911 -0.00015937688294798136 -0.028855189681053162 0.99958360195159912
912 -0.89693111181259155 -0.44216993451118469 -0.00056390342069789767
913 -0.9883531928062439 0.15217664837837219 -0.00055538833839818835
914 -0.92181688547134399 0.38762536644935608 -0.00053196930093690753
915 -0.2476915568113327 0.96883881092071533 -0.00050137232756242156
916 -0.97814399003982544 0.20792792737483978 -0.00058039918076246977
917 -0.58044493198394775 -0.81429898738861084 -0.00096781086176633835
918 -0.66229170560836792 -0.74924600124359131 -0.00047389778774231672
919 -0.24925944209098816 0.968436598777771 -0.00054359203204512596
920 -0.86149448156356812 0.50776660442352295 -0.00058319879462942481
921 -0.37439969182014465 -0.92726731300354004 -0.00052287982543930411
922 -0.9109606146812439 -0.41249307990074158 -0.00053921632934361696
923 -0.24907773733139038 -0.96848320960998535 -0.0007338922587223351
924 -0.22325488924980164 -0.97476005554199219 -0.00042083612061105669
925 -0.58612668514251709 -0.81021934747695923 -0.0003779214748647064
926 -0.66381460428237915 -0.74789702892303467 -0.00050317327259108424
927 -0.91065835952758789 -0.41315990686416626 -0.00052957376465201378
928 -0.27742621302604675 0.96074682474136353 -0.00051512394566088915
929 -0.99567806720733643 0.092870175838470459 -0.0006351172924041748
930 -0.92709600925445557 -0.37482354044914246 -0.00062122062081471086
931 -0.66101253032684326 -0.75037479400634766 -0.00045960501302033663
932 -0.73683196306228638 -0.67607575654983521 -0.00055517983855679631
933 -0.80150055885314941 -0.59799373149871826 -0.00059080065693706274
934 -0.66143214702606201 -0.75000488758087158 -0.00048284637159667909
935 -0.44695988297462463 0.89455384016036987 -0.00051170540973544121
936 -0.30543789267539978 -0.95221197605133057 -0.00031569055863656104
937 -0.19835095107555389 0.98013091087341309 -0.00053842377383261919
938 -0.90048414468765259 0.43488845229148865 -0.00061197922332212329
939 -0.54672372341156006 0.83731293678283691 -0.00048032205086201429
940 -0.86506247520446777 -0.50166398286819458 -0.00054203375475481153
941 -0.95002543926239014 -0.31217202544212341 -0.000536851875949651
942 -0.30899804830551147 0.95106238126754761 -0.00073177955346181989
943 -0.44933173060417175 0.89336484670639038 -0.00050739513244479895
944 -0.73678451776504517 -0.67612737417221069 -0.00055906496709212661
945 -0.80156481266021729 -0.59790760278701782 -0.00059674429940059781
946 -0.80902570486068726 -0.58777308464050293 -0.00049404992023482919
947 -0.50082278251647949 -0.86554980278015137 -0.00038897417834959924
948 -0.58796900510787964 -0.8088834285736084 -0.00039101840229704976
949 -0.95031076669692993 -0.31130248308181763 -0.00054376403568312526
950 -0.62728714942932129 0.77878785133361816 -0.00052721524843946099
951 -0.40790298581123352 -0.91302525997161865 -0.00035496204509399831
952 -0.54320073127746582 0.8396027684211731 -0.00049407954793423414
953 -0.58990371227264404 0.80747330188751221 -0.00067608931567519903
954 -0.46514797210693359 0.88523280620574951 -0.00050870218547061086
955 -0.58759379386901855 -0.80915594100952148 -0.00038068075082264841
956 -0.58287179470062256 0.81256401538848877 -0.00043016276322305202
957 -0.50049376487731934 -0.86574006080627441 -0.00038638734258711338
958 -0.29967010021209717 -0.95404285192489624 -0.00030600739410147071
959 -0.73757386207580566 0.67526620626449585 -0.00056837178999558091
960 -0.83394408226013184 0.55184876918792725 -0.00056693051010370255
961 -0.8652191162109375 -0.50139361619949341 -0.00054324825759977102
962 -0.94750112295150757 -0.31975224614143372 -0.00051287905080243945
963 -0.40960511565208435 0.91226273775100708 -0.00058734649792313576
964 -0.73832088708877563 0.67444944381713867 -0.00057123898295685649
965 -0.8575252890586853 -0.51444154977798462 -0.00059006415540352464
966 -0.59016644954681396 0.80728131532669067 -0.00067545269848778844
967 -0.91355216503143311 -0.40672129392623901 -0.00055833609076216817
968 -0.41167256236076355 -0.91133183240890503 -0.00029885672847740352
969 -0.98163211345672607 -0.19078299403190613 -0.00053684943122789264
970 -0.95220321416854858 -0.30546486377716064 -0.00055983889615163207
971 -0.62324362993240356 0.78202760219573975 -0.00051977840485051274
972 -0.41065302491188049 -0.91179168224334717 -0.00028902498888783157
973 -0.30902457237243652 -0.95105403661727905 -0.0002576416009105742
974 -0.58567571640014648 -0.81054538488388062 -0.00041396581218577921
975 -0.24558936059474945 0.96937376260757446 -0.00059465650701895356
976 -0.95242393016815186 -0.30477595329284668 -0.00056046061217784882
977 -0.83367699384689331 0.55225217342376709 -0.00057244091294705868
978 -0.51576393842697144 0.85673058032989502 -0.000554212077986449
979 -0.70477104187011719 0.7094346284866333 -0.00055332860210910439
980 -0.8680720329284668 -0.49643784761428833 -0.0006378518883138895
981 -0.66779482364654541 -0.74434530735015869 -0.0004317977000027895
982 -0.99394142627716064 0.1099102646112442 -0.0005421209498308599
983 -0.30903336405754089 0.95105105638504028 -0.00060038745868951082
984 -0.66748160123825073 -0.74462622404098511 -0.00044676233665086329
985 -0.58629012107849121 -0.81010085344314575 -0.00064059143187478185
986 -0.49998626112937927 -0.86603319644927979 -0.00054834928596392274
987 -0.58139872550964355 0.81361871957778931 -0.00043939726310782135
988 -0.77234017848968506 0.63520890474319458 -0.00056940392823889852
989 -0.70306622982025146 0.71112418174743652 -0.00054732419084757566
990 -0.24573606252670288 0.96933662891387939 -0.00051428173901513219
991 -0.62398296594619751 0.78143781423568726 -0.00050788186490535736
992 -0.74210059642791748 -0.67028844356536865 -0.00047170801553875208
993 -0.46640023589134216 0.88457369804382324 -0.00053510587895289063
994 -0.62712287902832031 0.77892017364501953 -0.00052176427561789751
995 -0.66911607980728149 0.74315768480300903 -0.00064438435947522521
996 -0.49998152256011963 0.8660358190536499 -0.00069929251912981272
997 -0.54780173301696777 0.83660805225372314 -0.00047784842900000513
998 -0.31870940327644348 -0.94785231351852417 -0.00059074902674183249
999 -0.74740201234817505 0.6643717885017395 -0.00060011429013684392
1000 -0.62917613983154297 0.77726262807846069 -0.00049618689808994532
1001 -0.36562100052833557 -0.93076378107070923 -0.00040428145439364016
1002 -0.50001472234725952 0.86601680517196655 -0.00052818545373156667
1003 -0.37953603267669678 0.92517685890197754 -0.00054150563664734364
1004 -0.73975473642349243 -0.67287647724151611 -0.00052844797028228641
1005 -0.80902832746505737 0.58776944875717163 -0.00060840946389362216
1006 -0.66161137819290161 -0.7498466968536377 -0.00060670770471915603
1007 -0.73854935169219971 -0.67419922351837158 -0.00055096601136028767
1008 -0.46004632115364075 0.88789480924606323 -0.00051006302237510681
1009 -0.41009518504142761 0.91204255819320679 -0.00064508337527513504
1010 -0.73883956670761108 -0.6738811731338501 -0.00055928347865119576
1011 -0.62650042772293091 0.77942091226577759 -0.00051554042147472501
1012 -0.7735666036605835 0.63371473550796509 -0.00055388879263773561
1013 -0.45580214262008667 0.89008104801177979 -0.00050438818288967013
1014 -0.79975491762161255 -0.60032635927200317 -0.00062952766893431544
1015 -0.6691398024559021 -0.74313646554946899 -0.00041300529846921563
1016 -0.99448907375335693 -0.10483819991350174 -0.00067088950891047716
1017 -0.50189441442489624 -0.86492866277694702 -0.00064743257826194167
1018 -0.54775357246398926 0.8366396427154541 -0.00049734616186469793
1019 -0.54376000165939331 0.83924061059951782 -0.00057625229237601161
1020 -0.70337390899658203 0.71081990003585815 -0.00054696365259587765
1021 -0.73958784341812134 -0.67305994033813477 -0.00050745793851092458
1022 -0.73303765058517456 -0.68018782138824463 -0.00065172096947208047
1023 -0.54158318042755127 0.84064698219299316 -0.00058160582557320595
1024 -0.8090025782585144 -0.58780455589294434 -0.00079913396621122956
1025 -0.62603187561035156 0.77979731559753418 -0.00053328968351706862
1026 -0.80406397581100464 -0.59454250335693359 -0.00056196394143626094
1027 -0.54238736629486084 0.84012842178344727 -0.00049603905063122511
1028 -0.54630947113037109 0.83758324384689331 -0.00047975339111872017
1029 -0.00034568243427202106 0.030257618054747581 0.99954205751419067
1030 -0.45036783814430237 0.89284294843673706 -0.00050471839495003223
1031 -0.58412063121795654 -0.81166672706604004 -0.00055315205827355385
1032 -0.90505343675613403 -0.42529746890068054 -0.00059077603509649634
1033 -0.88510453701019287 0.46539187431335449 -0.00058404356241226196
1034 -0.80392467975616455 -0.59473097324371338 -0.00055788777535781264
1035 -0.85584497451782227 -0.51723206043243408 -0.00062715780222788453
1036 -0.94418764114379883 -0.32940766215324402 -0.0005512807983905077
1037 -0.50000792741775513 -0.8660207986831665 -0.00029875905602239072
1038 -0.97815108299255371 0.20789477229118347 -0.0005206633941270411
1039 -0.62943655252456665 0.77705180644989014 -0.00049297645455226302
1040 -0.91353863477706909 -0.4067516028881073 -0.00053204386495053768
1041 -0.91353774070739746 0.40675351023674011 -0.00062410073587670922
1042 -0.66914153099060059 0.74313491582870483 -0.00047940245713107288
1043 -0.70600420236587524 0.70820748805999756 -0.00052148022223263979
1044 -0.96118104457855225 0.27591785788536072 -0.00059204030549153686
1045 -0.97815066576004028 -0.20789653062820435 -0.00052446837071329355
1046 -0.86041581630706787 -0.50959241390228271 -0.00055191433057188988
1047 -0.86065298318862915 -0.50919163227081299 -0.00056231988128274679
1048 -0.50030118227005005 -0.86585128307342529 -0.00059551111189648509
1049 -0.92861169576644897 0.37105259299278259 -0.00058254500618204474
1050 -0.802773118019104 -0.59628438949584961 -0.00057188974460586905
1051 -0.40994882583618164 -0.91210836172103882 -0.00055116735165938735
1052 -0.38045325875282288 0.92479997873306274 -0.00053809653036296368
1053 -0.36665171384811401 0.9303581714630127 -0.0005522524006664753
1054 -0.42382439970970154 -0.90574407577514648 -0.00075607397593557835
1055 -0.90753281116485596 -0.41998082399368286 -0.00053620239486917853
1056 -0.77385795116424561 0.63335901498794556 -0.00054505240404978395
1057 -0.944324791431427 -0.32901433110237122 -0.00055321794934570789
1058 -0.77254730463027954 0.63495701551437378 -0.00054901675321161747
1059 -0.97814327478408813 -0.2079312652349472 -0.00063836417393758893
1060 -0.66119956970214844 -0.75020986795425415 -0.00061094830743968487
1061 -0.8402785062789917 0.54215466976165771 -0.00063612574012950063
1062 0.00046369133633561432 -0.029672928154468536 0.99955958127975464
1063 -0.86997324228286743 0.49309864640235901 -0.00057047937298193574
1064 -0.90640866756439209 -0.42240151762962341 -0.00055580137996003032
1065 -0.90487200021743774 -0.42568337917327881 -0.00057922617997974157
1066 -0.58461737632751465 -0.81130886077880859 -0.00068379455478861928
1067 -0.69832885265350342 0.71577686071395874 -0.00054563803132623434
1068 -0.9972044825553894 0.074719123542308807 -0.00056587927974760532
1069 -0.83243304491043091 0.55412536859512329 -0.00057499227114021778
1070 -0.54820019006729126 0.83634698390960693 -0.00050693261437118053
1071 -0.85922515392303467 -0.5115973949432373 -0.00056302489247173071
1072 -0.94316893815994263 -0.33231320977210999 -0.00056608713930472732
1073 -0.98467010259628296 0.1744261234998703 -0.00057811237638816237
1074 -0.77084606885910034 0.63702118396759033 -0.0005733663565479219
1075 -0.80900758504867554 0.58779799938201904 -0.00053803360788151622
1076 -0.66161429882049561 -0.74984395503997803 -0.00074402004247531295
1077 -0.99724507331848145 0.074175432324409485 -0.0005595468683168292
1078 -0.58345967531204224 -0.81214189529418945 -0.00058421521680429578
1079 -0.40492096543312073 0.91435152292251587 -0.00065222557168453932
1080 -0.45635449886322021 0.88979792594909668 -0.00048814894398674369
1081 -0.8592609167098999 -0.51153731346130371 -0.00055778323439881206
1082 -0.00092548824613913894 0.029673933982849121 0.99955922365188599
1083 -0.70134735107421875 0.71281951665878296 -0.00053267227485775948
1084 -0.50137799978256226 -0.86522811651229858 -0.00067174737341701984
1085 -0.94524526596069336 -0.32636058330535889 -0.0005390950245782733
1086 -0.97330087423324585 -0.22953246533870697 -0.0005344120436348021
1087 -0.63114595413208008 0.77566403150558472 -0.0004393132112454623
1088 -0.88534766435623169 0.46492928266525269 -0.00057985231978818774
1089 -0.90774077177047729 -0.41953116655349731 -0.00053860142361372709
1090 -0.54782760143280029 0.83659112453460693 -0.00048772495938464999
1091 -0.40959477424621582 -0.91226738691329956 -0.00054967449977993965
1092 -0.49958765506744385 -0.86626315116882324 -0.00058202020591124892
1093 -0.76881229877471924 0.63947433233261108 -0.00055681070080026984
1094 -0.9914696216583252 -0.13033740222454071 -0.00051195791456848383
1095 -0.73537969589233398 -0.67765510082244873 -0.00060848623979836702
1096 -0.88642311096191406 0.4628756046295166 -0.00056533660972490907
1097 -0.80271255970001221 -0.59636586904525757 -0.00058699928922578692
1098 -0.92684459686279297 0.37544471025466919 -0.00058587157400324941
1099 -0.99193346500396729 -0.12675873935222626 -0.00051495799561962485
1100 -0.97408336400985718 -0.22618848085403442 -0.00052078929729759693
1101 -0.70446974039077759 0.70973384380340576 -0.00054796563927084208
1102 -0.98515802621841431 0.17164883017539978 -0.00056381704052910209
1103 -0.61716902256011963 0.78683042526245117 -0.00056573725305497646
1104 -0.83513742685317993 0.55004113912582397 -0.00055174407316371799
1105 -0.80663013458251953 -0.59105634689331055 -0.00054319435730576515
1106 -0.7009311318397522 0.71322876214981079 -0.00054882914992049336
1107 -0.73520785570144653 -0.67784154415130615 -0.00060246919747442007
1108 -0.44577249884605408 0.89514613151550293 -0.00050378404557704926
1109 -0.97258353233337402 -0.23255321383476257 -0.00054201763123273849
1110 -0.88398939371109009 0.46750661730766296 -0.0005911812768317759
1111 -0.85766124725341797 -0.51421487331390381 -0.00059126032283529639
1112 -0.00079804740380495787 0.029656434431672096 0.99955987930297852
1113 -0.97268545627593994 -0.23212666809558868 -0.00053850386757403612
1114 -0.88422250747680664 0.46706560254096985 -0.00058411754434928298
1115 -0.74218475818634033 -0.67019522190093994 -0.00047720118891447783
1116 -0.94632720947265625 -0.32320970296859741 -0.00053091556765139103
1117 -0.94541376829147339 -0.3258720338344574 -0.00053935108007863164
1118 -0.99697685241699219 0.077697567641735077 -0.00056726566981524229
1119 -0.95985907316207886 0.28048217296600342 -0.00059727724874392152
1120 -0.5524488091468811 0.83354675769805908 -0.00044163016718812287
1121 -0.73340588808059692 -0.6797906756401062 -0.00065552379237487912
1122 -0.99703311920166016 0.076971165835857391 -0.0005818489589728415
1123 -0.77117824554443359 0.63661903142929077 -0.00055768701713532209
1124 -0.92842733860015869 0.37151354551315308 -0.00059522048104554415
1125 -0.8625914454460144 -0.50590097904205322 -0.00055010634241625667
1126 -0.83270174264907837 0.55372148752212524 -0.00056139426305890083
1127 -0.86237692832946777 -0.50626653432846069 -0.00055929907830432057
1128 -0.57897800207138062 -0.81534272432327271 -0.00082479388220235705
1129 -0.92767161130905151 0.37339675426483154 -0.00059247593162581325
1130 -0.76914709806442261 0.63907158374786377 -0.00054894271306693554
1131 -0.97341775894165039 -0.22903631627559662 -0.00053071870934218168
1132 -0.66077905893325806 -0.7505800724029541 -0.00081918301293626428
1133 -0.074288338422775269 -0.99723666906356812 -0.00063344713998958468
1134 -0.92749243974685669 0.37384152412414551 -0.00060325703816488385
1135 -0.98407137393951416 0.17777298390865326 -0.00059613183839246631
1136 -0.79949527978897095 -0.60067212581634521 -0.00063366652466356754
1137 -0.92667645215988159 0.37585970759391785 -0.00059026724193245173
1138 -0.99153494834899902 -0.12983942031860352 -0.00051308656111359596
1139 -0.94333922863006592 -0.33182963728904724 -0.00056648044846951962
1140 -0.90890413522720337 -0.41700482368469238 -0.00053273828234523535
1141 -0.70578241348266602 0.70842856168746948 -0.00051587476627901196
1142 -0.97393900156021118 -0.22680953145027161 -0.00052205962128937244
1143 -0.08933461457490921 0.99600160121917725 -0.00049332156777381897
1144 -0.0009569668909534812 0.029523570090532303 0.99956363439559937
1145 -0.90632069110870361 -0.42259031534194946 -0.00055825535673648119
1146 -0.93287992477416992 0.36018699407577515 -0.00058226264081895351
1147 -0.66370677947998047 -0.74799269437789917 -0.00053931598085910082
1148 -0.98328322172164917 0.18208201229572296 -0.00062397861620411277
1149 -0.83096992969512939 0.5563170313835144 -0.00057154247770085931
1150 -0.99184846878051758 -0.12742231786251068 -0.00051324150990694761
1151 -0.98524856567382812 0.17112831771373749 -0.00057511514751240611
1152 -0.88274276256561279 0.46985620260238647 -0.00058186950627714396
1153 -0.96002352237701416 0.27991881966590881 -0.00059088895795866847
1154 -0.9966127872467041 0.082235708832740784 -0.00061034917598590255
1155 -0.9613298773765564 0.27539893984794617 -0.00058258255012333393
1156 -0.092941664159297943 -0.99567139148712158 -0.00057477242080494761
1157 -0.99373722076416016 -0.11174122989177704 -0.0004607167502399534
1158 -0.83126366138458252 0.5558781623840332 -0.00056425679940730333
1159 -0.8862043023109436 0.4632943868637085 -0.0005747438408434391
1160 -0.084684357047080994 0.99640774726867676 -0.00050308654317632318
1161 -0.99783861637115479 0.065711058676242828 -0.00051763001829385757
1162 -0.99798762798309326 -0.063407063484191895 -0.00048983714077621698
1163 -0.083707161247730255 -0.99649018049240112 -0.00067037995904684067
1164 -0.96283847093582153 0.27007734775543213 -0.00057940161786973476
1165 -0.98458075523376465 0.17492975294589996 -0.00058838090626522899
1166 -0.98844951391220093 0.1515495777130127 -0.00055199442431330681
1167 -0.90866351127624512 -0.41752883791923523 -0.00052029377548024058
1168 -0.83492302894592285 0.55036658048629761 -0.00056810578098520637
1169 -0.088687308132648468 0.99605941772460938 -0.00052581005729734898
1170 -0.96207940578460693 0.27276903390884399 -0.00058804795844480395
1171 -0.98257273435592651 0.18587785959243774 -0.00063710310496389866
1172 -0.66332894563674927 -0.74832755327224731 -0.00074883404886350036
1173 -0.48766133189201355 -0.87303262948989868 -0.00063750892877578735
1174 -0.92960798740386963 0.36854943633079529 -0.00058367138262838125
1175 -0.88804596662521362 0.45975425839424133 -0.00062355370027944446
1176 -0.69871425628662109 0.71540069580078125 -0.00051737250760197639
1177 -0.92946529388427734 0.36890915036201477 -0.00060353981098160148
1178 -0.96195036172866821 0.27322369813919067 -0.00058706634445115924
1179 -0.99780738353729248 0.066183589398860931 -0.00052549660904332995
1180 -0.98340392112731934 0.18142877519130707 -0.0006236014305613935
1181 -0.96272808313369751 0.27047041058540344 -0.00058719393564388156
1182 -0.94614481925964355 -0.32374319434165955 -0.00053149100858718157
1183 -0.93364912271499634 0.35818839073181152 -0.0006208080449141562
1184 -0.086684189736843109 -0.99623560905456543 -0.00067978654988110065
1185 -0.085340008139610291 0.99635171890258789 -0.00056887976825237274
1186 -0.66087079048156738 -0.75049930810928345 -0.00082485453458502889
1187 -0.99663937091827393 0.081911951303482056 -0.00067252584267407656
1188 -0.975838303565979 -0.21849361062049866 -0.00050831714179366827
1189 -0.58473426103591919 -0.81122475862503052 -0.00051744206575676799
1190 -0.073849387466907501 -0.99726933240890503 -0.00052942935144528747
1191 -0.85614818334579468 -0.51673007011413574 -0.00062413967680186033
1192 -0.80631685256958008 -0.59148359298706055 -0.00053175026550889015
1193 -0.99681925773620605 0.079693444073200226 -0.00060599582502618432
1194 -0.77563196420669556 0.63118523359298706 -0.00053929956629872322
1195 -0.62995237112045288 0.77663373947143555 -0.00043191536678932607
1196 -0.98259913921356201 0.18573766946792603 -0.00065721856663003564
1197 -0.90350061655044556 -0.4285864531993866 -0.00058952358085662127
1198 -0.79764342308044434 -0.60312902927398682 -0.00067624665098264813
1199 -0.79464882612228394 -0.60706889629364014 -0.00076992262620478868
1200 -0.99112749099731445 -0.13291363418102264 -0.00051586446352303028
1201 -0.085638105869293213 0.99632620811462402 -0.00052823708392679691
1202 -0.88717430830001831 0.46143406629562378 -0.00060607329942286015
1203 0.00043930363608524203 -0.029593683779239655 0.99956196546554565
1204 -0.086915045976638794 0.99621564149856567 -0.00050442165229469538
1205 -0.085435070097446442 -0.99634355306625366 -0.00068055017618462443
1206 -0.76465713977813721 0.64443707466125488 -0.00054862193064764142
1207 -0.096511580049991608 0.99533170461654663 -0.00055709603475406766
1208 -0.58479076623916626 -0.81118404865264893 -0.00051047734450548887
1209 -0.92562872171401978 0.3784325122833252 -0.00058915326371788979
1210 -0.98418313264846802 0.17715315520763397 -0.00058802065905183554
1211 -0.99742424488067627 0.071725904941558838 -0.00055890658404678106
1212 -0.73233515024185181 -0.68094390630722046 -0.00075495120836421847
1213 -0.96520799398422241 -0.26148274540901184 -0.00057021522661671042
1214 -0.76451361179351807 0.64460736513137817 -0.000543095578905195
1215 -0.6635926365852356 -0.74809402227401733 -0.00054448755690827966
1216 -0.92583286762237549 0.37793281674385071 -0.00058508291840553284
1217 -0.88299447298049927 0.46938306093215942 -0.00057246000505983829
1218 -0.99746221303939819 0.071196377277374268 -0.00055869086645543575
1219 -0.73153948783874512 -0.68179863691329956 -0.00077845057239755988
1220 -0.99108380079269409 -0.13323888182640076 -0.0005200423183850944
1221 -0.829234778881073 0.55890023708343506 -0.00057176733389496803
1222 -0.08660251647233963 -0.9962427020072937 -0.00067798129748553038
1223 -0.086602531373500824 0.99624282121658325 -0.00052723643602803349
1224 -0.081598632037639618 0.99666512012481689 -0.00055670837173238397
1225 -0.959178626537323 0.28280046582221985 -0.00058588350657373667
1226 -0.79801094532012939 -0.60264259576797485 -0.00067692418815568089
1227 -0.82959115505218506 0.55837112665176392 -0.00057220668531954288
1228 -0.98366689682006836 0.17999722063541412 -0.00059955223696306348
1229 -0.2514033317565918 -0.96788215637207031 -0.00067294447217136621
1230 -0.96044617891311646 0.27846509218215942 -0.00060363771626725793
1231 -0.99944543838500977 -0.03329453244805336 -0.00051996298134326935
1232 -0.085246898233890533 -0.99635964632034302 -0.00067389040486887097
1233 0.00045539918937720358 -0.029702957719564438 0.99955868721008301
1234 -0.98379808664321899 0.1792791336774826 -0.00059737887931987643
1235 -0.25003328919410706 -0.96823704242706299 -0.00067169766407459974
1236 -0.99687665700912476 0.078971810638904572 -0.0006165927043184638
1237 -0.96059805154800415 0.27794075012207031 -0.00059562083333730698
1238 -0.087166346609592438 0.99619370698928833 -0.00052776595111936331
1239 -0.9590146541595459 0.28335598111152649 -0.00060575274983420968
1240 -0.90379434823989868 -0.4279666543006897 -0.0005909297033213079
1241 -0.08606506884098053 -0.99628931283950806 -0.00068232137709856033
1242 -0.091235503554344177 0.99582922458648682 -0.00055842055007815361
1243 -0.99945640563964844 -0.032963145524263382 -0.00051949993940070271
1244 -0.1109292209148407 -0.99382811784744263 -0.00062037259340286255
1245 -0.97175329923629761 -0.23599854111671448 -0.00052753195632249117
1246 -0.99225682020187378 -0.12420207262039185 -0.00051253871060907841
1247 -0.43840226531028748 0.89877873659133911 -0.00058288336731493473
1248 -0.88094145059585571 0.47322496771812439 -0.00058712298050522804
1249 -0.3685726523399353 0.92959880828857422 -0.00055032467935234308
1250 -0.97188341617584229 -0.23546202480792999 -0.00051605951739475131
1251 -0.97472453117370605 -0.22340959310531616 -0.00052388402400538325
1252 -0.99014288187026978 -0.14006048440933228 -0.00047552818432450294
1253 -0.98974144458770752 -0.14286941289901733 -0.0004818607703782618
1254 -0.08610052615404129 0.99628639221191406 -0.00052961497567594051
1255 -0.85456889867782593 -0.51933765411376953 -0.00066747638629749417
1256 -0.086022347211837769 -0.99629300832748413 -0.00067809218307957053
1257 -0.99382776021957397 -0.11093346774578094 -0.00051018537487834692
1258 -0.99217075109481812 -0.12488788366317749 -0.00051016104407608509
1259 -0.090201415121555328 0.99592339992523193 -0.00056152598699554801
1260 -0.45790663361549377 0.88900011777877808 -0.00052438641432672739
1261 -0.85392928123474121 -0.52038860321044922 -0.0006814896478317678
1262 -0.00093522097449749708 0.029320297762751579 0.99956965446472168
1263 -0.25066709518432617 -0.96807312965393066 -0.00067964137997478247
1264 -0.81947356462478638 0.57311677932739258 -0.00055543147027492523
1265 0.0003263163089286536 -0.029308250173926353 0.99957036972045898
1266 -0.94097703695297241 -0.33847001194953918 -0.0005517389508895576
1267 -0.97456693649291992 -0.22409616410732269 -0.00051257852464914322
1268 -0.88123345375061035 0.47268104553222656 -0.00056972750462591648
1269 -0.94783085584640503 -0.31877338886260986 -0.00052130664698779583
1270 -0.1170399934053421 -0.99312704801559448 -0.00061925646150484681
1271 -0.92202043533325195 0.3871408998966217 -0.00057490699691697955
1272 -0.30899015069007874 -0.9510648250579834 -0.00094322272343561053
1273 -0.99270546436309814 -0.12056396901607513 -0.00051171850645914674
1274 -0.94878941774368286 0.31590887904167175 -0.00047162588452920318
1275 -0.32120230793952942 -0.94701051712036133 -0.00052324798889458179
1276 -0.4027864933013916 -0.91529375314712524 -0.00068732845829799771
1277 -0.076616853475570679 0.99706047773361206 -0.00053967122221365571
1278 -0.57750743627548218 -0.81638503074645996 -0.00082302099326625466
1279 -0.08325745165348053 0.99652791023254395 -0.00056626845616847277
1280 -0.34640270471572876 -0.93808567523956299 -0.00065806461498141289
1281 -0.2490604966878891 -0.96848767995834351 -0.0007100013317540288
1282 -0.24927914142608643 -0.96843147277832031 -0.00069726048968732357
1283 -0.97610527276992798 -0.21729761362075806 -0.00051462661940604448
1284 -0.19863325357437134 0.98007375001907349 -0.0005354151944629848
1285 -0.22242824733257294 -0.9749489426612854 -0.00046875709085725248
1286 -0.41145038604736328 -0.91143190860748291 -0.00072648288914933801
1287 -0.23971882462501526 0.97084218263626099 -0.0005735461600124836
1288 -0.99261933565139771 -0.121271051466465 -0.00050498422933742404
1289 -0.10454751551151276 -0.99451965093612671 -0.00069029600126668811
1290 -0.077234350144863129 -0.99701285362243652 -0.0005154336104169488
1291 -0.50966149568557739 -0.86037486791610718 -0.00048917357344180346
1292 -0.60619133710861206 -0.7953183650970459 -0.00088865408906713128
1293 -0.24353401362895966 -0.96989214420318604 -0.00065044168150052428
1294 -0.50617706775665283 -0.86242944002151489 -0.00048028319724835455
1295 -0.42972701787948608 -0.90295857191085815 -0.00073576031718403101
1296 -0.73953956365585327 -0.67311245203018188 -0.00095730676548555493
1297 -0.3889046311378479 0.92127788066864014 -0.00052687420975416899
1298 6.6686458012554795e-05 -0.02791200578212738 0.99961042404174805
1299 -0.00089574494631960988 0.027244828641414642 0.99962842464447021
1300 -0.98216211795806885 -0.18803556263446808 -0.00052925624186173081
1301 -0.9956815242767334 0.092832840979099274 -0.00062540132785215974
1302 -0.79380202293395996 0.60817605257034302 -0.00058083666954189539
1303 -0.21968255937099457 -0.97557127475738525 -0.0005584101309068501
1304 -0.86288255453109741 0.50540423393249512 -0.00060536526143550873
1305 -0.23832091689109802 -0.97118639945983887 -0.00037769044865854084
1306 -0.94857072830200195 0.3165648877620697 -0.00049033720279112458
1307 -0.081696726381778717 0.99665713310241699 -0.00052906479686498642
1308 -0.38653090596199036 0.92227631807327271 -0.00057714327704161406
1309 -0.073680393397808075 -0.99728173017501831 -0.00063493754714727402
1310 -0.078816182911396027 -0.99688899517059326 -0.00065329280914738774
1311 -0.7115129828453064 0.70267283916473389 -0.00044865990639664233
1312 -0.082433149218559265 0.99659645557403564 -0.00056375755229964852
1313 -0.40120992064476013 -0.91598612070083618 -0.00038531023892574012
1314 -0.088566511869430542 -0.99607008695602417 -0.00065028684912249446
1315 -0.07892879843711853 0.99688011407852173 -0.00055511819664388895
1316 -0.86745369434356689 -0.49751755595207214 -0.0006517064175568521
1317 -0.73410367965698242 -0.67903691530227661 -0.00087454466847702861
1318 -0.381816565990448 -0.92423808574676514 -0.00041624886216595769
1319 -0.35870262980461121 0.93345171213150024 -0.00060793041484430432
1320 -0.40601441264152527 -0.91386646032333374 -0.00068304047454148531
1321 -0.079161711037158966 0.99686169624328613 -0.00053638115059584379
1322 -0.10454779863357544 0.99451971054077148 -0.00060086027951911092
1323 -0.21882849931716919 -0.97576326131820679 -0.0004442678764462471
1324 -0.10451425611972809 0.99452328681945801 -0.00048239447642117739
1325 -0.83807206153869629 0.54555916786193848 -0.00062825134955346584
1326 -0.072485588490962982 0.99736934900283813 -0.00054761202773079276
1327 -0.71278947591781616 0.70137792825698853 -0.00046863697934895754
1328 -0.075528688728809357 0.99714350700378418 -0.00053713010856881738
1329 -0.38905796408653259 0.92121309041976929 -0.00062015961157158017
1330 -0.22056448459625244 -0.975372314453125 -0.00043422446469776332
1331 -0.96508115530014038 -0.26195046305656433 -0.00056065706303343177
1332 -0.41663670539855957 -0.90907275676727295 -0.00077060365583747625
1333 -0.073443673551082611 -0.9972991943359375 -0.00058067386271432042
1334 -0.89646917581558228 -0.44310572743415833 -0.00055687682470306754
1335 -0.084246538579463959 -0.99644482135772705 -0.00052474450785666704
1336 -0.068630121648311615 -0.99764204025268555 -0.00061539036687463522
1337 -0.071687929332256317 -0.99742704629898071 -0.00053175317589193583
1338 -0.078704245388507843 0.99689793586730957 -0.00049903936451300979
1339 -0.077863104641437531 0.9969639778137207 -0.00048667247756384313
1340 -0.10451414436101913 -0.99452328681945801 -0.00045627477811649442
1341 -0.22429381310939789 0.97452139854431152 -0.00053689425112679601
1342 -0.073687002062797546 -0.99728119373321533 -0.00069709873059764504
1343 -0.3718675971031189 -0.92828571796417236 -0.00040591333527117968
1344 -0.57550287246704102 -0.81779932975769043 -0.0009208046249113977
1345 -0.51847362518310547 -0.85509341955184937 -0.00067103054607287049
1346 -0.28866815567016602 0.95742905139923096 -0.00054850085871294141
1347 -0.4018656313419342 -0.91569840908050537 -0.00063446228159591556
1348 -0.5213543176651001 -0.8533400297164917 -0.00065408955560997128
1349 -0.065147422254085541 -0.99787551164627075 -0.00054955913219600916
1350 -0.23657867312431335 0.97161215543746948 -0.0005850287270732224
1351 -0.23332159221172333 -0.97239953279495239 -0.00045546327601186931
1352 -0.37069299817085266 0.92875528335571289 -0.00059330149088054895
1353 -0.66910594701766968 -0.74316662549972534 -0.00082198996096849442
1354 -0.28557157516479492 0.95835727453231812 -0.00053691881475970149
1355 -0.84385484457015991 -0.536571204662323 -0.00059922755463048816
1356 -0.072995118796825409 -0.99733215570449829 -0.00063808017875999212
1357 -0.2452872097492218 0.96945029497146606 -0.00055752432672306895
1358 -0.40137803554534912 -0.91591215133666992 -0.00076871382771059871
1359 -0.79380041360855103 -0.60817795991897583 -0.00076277146581560373
1360 -0.069618642330169678 -0.99757355451583862 -0.00053544307593256235
1361 -0.00041634030640125275 -0.037643600255250931 0.99929118156433105
1362 -0.54697573184967041 0.83714836835861206 -0.00045563653111457825
1363 -0.21738074719905853 -0.97608679533004761 -0.00044284481555223465
1364 -0.9946938157081604 -0.10287783294916153 -0.00067673658486455679
1365 -0.21341635286808014 -0.97696125507354736 -0.0004516401095315814
1366 -0.9945068359375 0.10467091947793961 -0.00053408980602398515
1367 -0.89913219213485718 0.43767672777175903 -0.00057987542822957039
1368 -0.77504140138626099 0.63191032409667969 -0.00056028773542493582
1369 -0.91355204582214355 0.40672165155410767 -0.00048912444617599249
1370 -0.081851877272129059 0.99664437770843506 -0.0005568451015278697
1371 -0.2698134183883667 0.96291249990463257 -0.00050008116522803903
1372 -0.94109362363815308 -0.33814588189125061 -0.00054489454487338662
1373 -0.24105840921401978 0.97051048278808594 -0.00056098203640431166
1374 -0.24102248251438141 0.97051942348480225 -0.00051618460565805435
1375 -0.79570364952087402 0.60568588972091675 -0.00059438875177875161
1376 -0.2139068990945816 -0.97685402631759644 -0.00039867867599241436
1377 -0.23834101855754852 0.97118139266967773 -0.00057624949840828776
1378 -0.081727966666221619 0.99665457010269165 -0.00052754551870748401
1379 -0.27472108602523804 0.96152383089065552 -0.00051391852321103215
1380 -0.082113757729530334 -0.99662280082702637 -0.00062131998129189014
1381 -0.22902259230613708 -0.97342097759246826 -0.00049914256669580936
1382 -0.35475116968154907 0.93496054410934448 -0.00059703405713662505
1383 -0.23135390877723694 -0.97286933660507202 -0.00078704976476728916
1384 -0.22503308951854706 0.97435092926025391 -0.0006271455786190927
1385 -0.92682552337646484 -0.37549185752868652 -0.00057762605138123035
1386 -0.22390684485435486 -0.97461044788360596 -0.00054280884796753526
1387 -0.38428941369056702 0.92321252822875977 -0.00059804110787808895
1388 -0.38117885589599609 0.92450118064880371 -0.00056051713181659579
1389 -0.38530638813972473 0.92278856039047241 -0.00053258222760632634
1390 -0.40365305542945862 0.91491192579269409 -0.00060154823586344719
1391 -0.23384171724319458 -0.97227460145950317 -0.00036571398959495127
1392 -0.22437246143817902 0.9745032787322998 -0.00057628302602097392
1393 -0.24722450971603394 0.96895807981491089 -0.00058626424288377166
1394 -0.069829106330871582 -0.99755889177322388 -0.00053455098532140255
1395 -0.23837655782699585 -0.9711725115776062 -0.00075693894177675247
1396 -0.37317800521850586 0.92775952816009521 -0.00066296255681663752
1397 -0.51672875881195068 -0.85614895820617676 -0.00063242169562727213
1398 -0.37714391946792603 0.9261544942855835 -0.00059265817981213331
1399 -0.20875944197177887 -0.97796684503555298 -0.00055437925038859248
1400 -0.059546712785959244 0.99822539091110229 -0.00048347466508857906
1401 -0.076526425778865814 0.99706739187240601 -0.00056486797984689474
1402 -0.075882196426391602 0.99711668491363525 -0.00053845386719331145
1403 -0.50434720516204834 0.86350077390670776 -0.00057778775226324797
1404 -0.078782685101032257 -0.9968915581703186 -0.00073610077379271388
1405 -0.34174594283103943 -0.93979215621948242 -0.0006693950854241848
1406 -0.070551566779613495 -0.99750798940658569 -0.00063146988395601511
1407 -0.84032171964645386 -0.54208767414093018 -0.00062280223937705159
1408 -0.23115962743759155 0.97291570901870728 -0.00057867809664458036
1409 -0.38762500882148743 -0.92181682586669922 -0.00074399070581421256
1410 -0.23275908827781677 0.97253423929214478 -0.00060884992126375437
1411 -0.22050988674163818 0.97538465261459351 -0.00052851077634841204
1412 -0.38124358654022217 0.92447447776794434 -0.00059687509201467037
1413 -0.22837482392787933 -0.97357314825057983 -0.00054986181203275919
1414 -0.40505945682525635 -0.91429007053375244 -0.0007395330467261374
1415 -0.23471051454544067 0.97206515073776245 -0.00057860556989908218
1416 -0.51686537265777588 -0.85606646537780762 -0.00067873322404921055
1417 -0.49925801157951355 0.86645317077636719 -0.00055850209901109338
1418 0.40228423476219177 -0.91551470756530762 -0.00043928864761255682
1419 0.41199189424514771 -0.91118741035461426 -0.00043304145219735801
1420 0.57992434501647949 -0.81467026472091675 -0.0004847401287406683
1421 0.32003188133239746 0.9474063515663147 -0.0009213500889018178
1422 0.58778709173202515 -0.80901551246643066 -0.00045848792069591582
1423 0.95727032423019409 0.28919389843940735 -0.00070507405325770378
1424 0.94857460260391235 0.31655296683311462 -0.00072570837801322341
1425 0.7317696213722229 -0.68155193328857422 -0.00052849436178803444
1426 0.74492579698562622 -0.66714709997177124 -0.00052067887736484408
1427 0.31902647018432617 0.94774538278579712 -0.00092273543123155832
1428 0.74054819345474243 0.67200279235839844 -0.00077101675560697913
1429 0.75815558433532715 0.65207332372665405 -0.00078528746962547302
1430 0.90414780378341675 -0.42721936106681824 -0.00067610270343720913
1431 0.97471839189529419 -0.22343632578849792 -0.00060778675833716989
1432 0.096728719770908356 -0.99531072378158569 -0.00036397477379068732
1433 0.98054152727127075 -0.19631130993366241 -0.00055494747357442975
1434 0.30112046003341675 -0.95358598232269287 -0.00049161934293806553
1435 0.29614606499671936 -0.9551425576210022 -0.0005387125420384109
1436 0.39857542514801025 0.91713494062423706 -0.0010438866447657347
1437 0.99280428886413574 0.11974572390317917 -0.00072692608227953315
1438 0.86436754465103149 0.50285995006561279 -0.00084002321818843484
1439 0.43726113438606262 0.89933407306671143 -0.00094890309264883399
1440 0.92831814289093018 -0.37178608775138855 -0.00073993770638480783
1441 0.87670797109603882 0.48102235794067383 -0.00082618463784456253
1442 0.083303719758987427 -0.99652409553527832 -0.00046802309225313365
1443 0.58531838655471802 0.81080317497253418 -0.00084500119555741549
1444 0.99402201175689697 0.10917740315198898 -0.00070656125899404287
1445 0.61084210872650146 0.79175204038619995 -0.0008161494042724371
1446 0.29350262880325317 -0.95595812797546387 -0.00053571630269289017
1447 0.26244756579399109 0.96494585275650024 -0.00091781897936016321
1448 0.29735565185546875 -0.95476669073104858 -0.00048493381473235786
1449 0.22559775412082672 -0.97422045469284058 -0.00039358760113827884
1450 0.22591947019100189 -0.97414594888687134 -0.0004089827707502991
1451 0.2626652717590332 0.96488660573959351 -0.00090311042731627822
1452 0.50971847772598267 0.86034107208251953 -0.00063806760590523481
1453 0.67273330688476562 0.73988479375839233 -0.00066218228312209249
1454 0.67220091819763184 0.7403685450553894 -0.00064213655423372984
1455 0.5980830192565918 0.80143386125564575 -0.0007392049883492291
1456 0.42757302522659302 0.903980553150177 -0.00069817504845559597
1457 0.74440157413482666 0.66773194074630737 -0.00064113741973415017
1458 0.4057716429233551 -0.91397428512573242 -0.00061420584097504616
1459 0.91595357656478882 0.40128371119499207 -0.0007255462696775794
1460 0.95173889398574829 0.30690804123878479 -0.00073992239776998758
1461 0.58431905508041382 -0.81152379512786865 -0.00059029943076893687
1462 0.86739349365234375 0.49762243032455444 -0.00068472576094791293
1463 0.58396053314208984 -0.81178188323974609 -0.00060669385129585862
1464 0.91176331043243408 -0.41071555018424988 -0.00067411776399239898
1465 0.99368005990982056 -0.11224767565727234 -0.00066596647957339883
1466 0.8090285062789917 0.58776915073394775 -0.00066354527371004224
1467 0.911812424659729 -0.41060659289360046 -0.00066454504849389195
1468 0.81206178665161133 0.58357119560241699 -0.00066391541622579098
1469 0.49552696943283081 -0.86859238147735596 -0.00058781419647857547
1470 0.41166582703590393 -0.91133475303649902 -0.00054628984071314335
1471 0.49639317393302917 -0.86809760332107544 -0.00058868963969871402
1472 0.58472609519958496 -0.81123054027557373 -0.00059090059949085116
1473 0.25201404094696045 0.96772325038909912 -0.00081468914868310094
1474 0.23977506160736084 0.97082811594009399 -0.0008750139968469739
1475 0.60313057899475098 0.79764217138290405 -0.00076874386286363006
1476 0.49997648596763611 -0.8660387396812439 -0.00065491237910464406
1477 0.49923798441886902 -0.86646473407745361 -0.00059314246755093336
1478 0.74416834115982056 0.66799187660217285 -0.00062233058270066977
1479 0.99328476190567017 -0.11569365113973618 -0.00065257918322458863
1480 0.66598606109619141 -0.74596399068832397 -0.00062239449471235275
1481 0.51667922735214233 0.8561786413192749 -0.0008332615252584219
1482 0.49704894423484802 -0.86772239208221436 -0.0005640345043502748
1483 0.51719856262207031 0.8558650016784668 -0.00083800684660673141
1484 0.99534964561462402 0.096325352787971497 -0.00077056704321876168
1485 0.24122965335845947 0.97046768665313721 -0.00089439505245536566
1486 0.6824837327003479 0.73090046644210815 -0.00076568004442378879
1487 0.97913873195648193 0.20319156348705292 -0.000741638767067343
1488 0.58785873651504517 -0.80896341800689697 -0.00061275676125660539
1489 0.865284264087677 -0.50128108263015747 -0.00064800010295584798
1490 0.86721932888031006 0.49792593717575073 -0.00068753072991967201
1491 0.80900555849075317 -0.58780068159103394 -0.00063870614394545555
1492 0.58753097057342529 -0.80920147895812988 -0.00061772286426275969
1493 0.30902785062789917 0.9510529637336731 -0.00040629642899148166
1494 0.40692076086997986 -0.913463294506073 -0.00058194907614961267
1495 0.7387317419052124 -0.67399924993515015 -0.00063014851184561849
1496 0.95199310779571533 0.30611851811408997 -0.00073185632936656475
1497 -0.00068823533365502954 -0.030451629310846329 -0.99953597784042358
1498 0.97815185785293579 0.20789049565792084 -0.00071729713818058372
1499 0.41157922148704529 -0.9113737940788269 -0.00062218989478424191
1500 0.41127827763557434 -0.91150969266891479 -0.00053887709509581327
1501 0.51175665855407715 0.85913020372390747 -0.00064081972232088447
1502 0.95078235864639282 -0.30985882878303528 -0.000648516695946455
1503 0.58865135908126831 0.80838692188262939 -0.00055859418353065848
1504 0.49972888827323914 -0.86618173122406006 -0.00051920657278969884
1505 0.86526048183441162 -0.50132226943969727 -0.00064848578767850995
1506 0.30899742245674133 -0.95106267929077148 -0.00066000799415633082
1507 0.75297141075134277 0.65805286169052124 -0.00073414173675701022
1508 0.41049861907958984 -0.91186106204986572 -0.00063192180823534727
1509 0.30898278951644897 0.95106703042984009 -0.0010986137203872204
1510 0.95071244239807129 -0.3100733757019043 -0.00066860398510470986
1511 0.41419598460197449 -0.91018760204315186 -0.0004406664811540395
1512 0.58777421712875366 -0.8090248703956604 -0.00044642508146353066
1513 0.66439908742904663 -0.74737781286239624 -0.00057713879505172372
1514 0.58827394247055054 0.80866152048110962 -0.00055544177303090692
1515 0.52431350946426392 0.8515249490737915 -0.00077015190618112683
1516 0.60503935813903809 0.79619520902633667 -0.00078270642552524805
1517 0.60378968715667725 0.79714328050613403 -0.0007783966138958931
1518 0.99438059329986572 -0.10586263239383698 -0.00064560380997136235
1519 0.91353738307952881 -0.4067542552947998 -0.00064049864886328578
1520 0.97937452793121338 0.20205213129520416 -0.00074788503115996718
1521 0.58311128616333008 -0.81239217519760132 -0.0005449977470561862
1522 0.49680635333061218 -0.86786127090454102 -0.0005691276746802032
1523 0.58261716365814209 -0.81274652481079102 -0.00056166975991800427
1524 0.99368453025817871 -0.11220843344926834 -0.00065439427271485329
1525 0.52149051427841187 0.85325676202774048 -0.00076951627852395177
1526 0.81802701950073242 0.57517939805984497 -0.00074895803118124604
1527 0.97609245777130127 -0.21735465526580811 -0.00067696435144171119
1528 0.6823614239692688 0.7310146689414978 -0.0007585594430565834
1529 0.40404713153839111 -0.9147379994392395 -0.00061820721020922065
1530 0.52382540702819824 0.85182517766952515 -0.00088986114133149385
1531 0.6658935546875 -0.74604654312133789 -0.00062718190019950271
1532 0.60460388660430908 0.79652595520019531 -0.00079577200813218951
1533 0.5849882960319519 -0.81104153394699097 -0.00058672105660662055
1534 0.74218535423278809 -0.67019438743591309 -0.0006350187468342483
1535 0.75471752882003784 0.65604948997497559 -0.00077047874219715595
1536 0.73699849843978882 -0.67589420080184937 -0.00058582710335031152
1537 0.87244302034378052 0.48871535062789917 -0.00075228192145004869
1538 0.50001096725463867 -0.86601901054382324 -0.00041888514533638954
1539 0.30902758240699768 -0.95105302333831787 -0.00040861294837668538
1540 0.67999815940856934 0.73321354389190674 -0.00071260868571698666
1541 0.50001311302185059 0.86601775884628296 -0.00050103402463719249
1542 0.73890900611877441 -0.67380493879318237 -0.00061911827651783824
1543 0.66732114553451538 -0.7447698712348938 -0.00060600764118134975
1544 0.40713983774185181 -0.91336566209793091 -0.0005746496026404202
1545 0.66703695058822632 -0.74502444267272949 -0.00061464012833312154
1546 0.66911637783050537 -0.74315744638442993 -0.00062598305521532893
1547 0.80371689796447754 -0.59501159191131592 -0.00063467147992923856
1548 0.66911447048187256 0.74315899610519409 -0.00070618907921016216
1549 0.98015046119689941 0.19825384020805359 -0.00078688556095585227
1550 0.40821349620819092 0.91288638114929199 -0.00051724002696573734
1551 0.25353917479515076 0.96732467412948608 -0.00094995618565008044
1552 0.49998098611831665 -0.86603617668151855 -0.00071696430677548051
1553 0.66914302110671997 0.74313342571258545 -0.00056374812265858054
1554 0.66913986206054688 -0.74313634634017944 -0.00041691988008096814
1555 0.75328922271728516 0.65768903493881226 -0.00072309141978621483
1556 0.99576425552368164 0.091940842568874359 -0.0007116951746866107
1557 0.66414451599121094 -0.74760401248931885 -0.0005939737893640995
1558 0.9809272289276123 -0.19437448680400848 -0.00057517929235473275
1559 0.5979694128036499 0.80151861906051636 -0.00071408197982236743
1560 -6.2624814745504409e-05 0.030274564400315285 -0.99954158067703247
1561 0.8038947582244873 -0.59477132558822632 -0.00062598474323749542
1562 0.74015682935714722 -0.67243403196334839 -0.00063689012313261628
1563 0.40485090017318726 0.91438257694244385 -0.00051235675346106291
1564 0.66209852695465088 -0.74941670894622803 -0.00052900990704074502
1565 0.68337047100067139 0.73007142543792725 -0.00080259575042873621
1566 0.95321786403656006 -0.30228370428085327 -0.00059288309421390295
1567 0.91926878690719604 0.39362967014312744 -0.00078663264866918325
1568 0.81782549619674683 0.57546591758728027 -0.00074725446756929159
1569 0.99613606929779053 -0.087821714580059052 -0.00056855333968997002
1570 0.95470809936523438 0.29754310846328735 -0.00078572466736659408
1571 0.98087871074676514 0.19461841881275177 -0.00079899793490767479
1572 0.7398909330368042 -0.67272657155990601 -0.00063940853578969836
1573 0.95241791009902954 -0.30479466915130615 -0.00056874495930969715
1574 0.97815078496932983 -0.20789632201194763 -0.00053278967970982194
1575 0.99530726671218872 -0.096763491630554199 -0.00060250074602663517
1576 0.91355383396148682 0.4067172110080719 -0.00071418145671486855
1577 0.91355317831039429 -0.40671882033348083 -0.00062813470140099525
1578 0.97814351320266724 -0.20793026685714722 -0.00062692689243704081
1579 0.91353696584701538 0.40675517916679382 -0.00067215383751317859
1580 -0.00036195592838339508 0.024785654619336128 -0.99969273805618286
1581 -0.00076592504046857357 -0.030549190938472748 -0.99953299760818481
1582 0.98081398010253906 0.19494442641735077 -0.00079277815530076623
1583 0.99586260318756104 0.090868942439556122 -0.00076453812653198838
1584 0.75450026988983154 0.65629935264587402 -0.00076888757757842541
1585 0.9957120418548584 0.092504248023033142 -0.00078222475713118911
1586 0.99565964937210083 0.093065895140171051 -0.00078771240077912807
1587 -0.00017266083159483969 0.03033994697034359 -0.99953967332839966
1588 0.87265491485595703 0.48833692073822021 -0.00075557985110208392
1589 0.73728650808334351 -0.67558008432388306 -0.00053360732272267342
1590 0.80542415380477905 -0.59269851446151733 -0.00064981414470821619
1591 0.50194275379180908 -0.86490070819854736 -0.00052173936273902655
1592 0.98001718521118164 0.19891141355037689 -0.00080512277781963348
1593 0.97706049680709839 -0.21296089887619019 -0.00066913513001054525
1594 0.87385731935501099 0.48618185520172119 -0.000786520482506603
1595 0.87373799085617065 0.48639628291130066 -0.00078652327647432685
1596 -2.9645772883668542e-05 0.030036740005016327 -0.99954879283905029
1597 0.993122398853302 -0.11707944422960281 -0.00058452755911275744
1598 0.97568202018737793 -0.21919001638889313 -0.00065875629661604762
1599 0.99331259727478027 -0.11545458436012268 -0.00063743139617145061
1600 0.52607566118240356 0.85043734312057495 -0.00088873237837105989
1601 0.95552414655685425 0.29491177201271057 -0.0007917904295027256
1602 0.98033839464187622 0.19732221961021423 -0.00081475178012624383
1603 0.95548486709594727 0.29503911733627319 -0.00079314544564113021
1604 0.6803581714630127 0.73287945985794067 -0.00071277178358286619
1605 0.86183226108551025 -0.50719308853149414 -0.00066779291955754161
1606 0.97559225559234619 -0.21958909928798676 -0.00065779470605775714
1607 0.94794160127639771 -0.31844356656074524 -0.00068965106038376689
1608 0.8051987886428833 -0.59300470352172852 -0.00065407057991251349
1609 0.9952666163444519 0.097179614007472992 -0.00077618780778720975
1610 0.90913659334182739 -0.41649752855300903 -0.00068609946174547076
1611 0.74224263429641724 -0.67013102769851685 -0.00062392681138589978
1612 0.57955807447433472 -0.81493085622787476 -0.00049280200619250536
1613 0.87089383602142334 0.49147072434425354 -0.00070311746094375849
1614 0.81598353385925293 0.57807481288909912 -0.00071400695014744997
1615 0.91581207513809204 0.40160647034645081 -0.00072581029962748289
1616 0.86167150735855103 -0.50746601819992065 -0.00067438563564792275
1617 0.85997575521469116 -0.51033449172973633 -0.00067032559309154749
1618 0.91912156343460083 0.39397326111793518 -0.00078708498040214181
1619 0.91980767250061035 0.39236879348754883 -0.00080760224955156446
1620 0.81892341375350952 0.57390230894088745 -0.00075245241168886423
1621 0.86024963855743408 -0.50987261533737183 -0.00067427696194499731
1622 0.80056369304656982 -0.59924745559692383 -0.00058551144320517778
1623 0.94683545827865601 -0.32171764969825745 -0.00069091911427676678
1624 0.8163304328918457 0.57758480310440063 -0.0007066517136991024
1625 0.095273576676845551 -0.99545109272003174 -0.00029201674624346197
1626 0.86315155029296875 -0.5049445629119873 -0.000664765655528754
1627 0.74535113573074341 -0.6666719913482666 -0.00051405845442786813
1628 0.81903845071792603 0.57373809814453125 -0.00078133976785466075
1629 0.91014260053634644 -0.41429451107978821 -0.00068119971547275782
1630 0.98030006885528564 0.19751271605491638 -0.00078642123844474554
1631 0.81224584579467773 0.58331489562988281 -0.00067363068228587508
1632 0.75028401613235474 0.66111534833908081 -0.0006798412068746984
1633 0.91010218858718872 -0.41438347101211548 -0.00067717238562181592
1634 0.092685900628566742 -0.99569535255432129 -0.00030520348809659481
1635 0.79917049407958984 -0.60110419988632202 -0.00060396641492843628
1636 0.083397760987281799 0.99651598930358887 -0.00083795131649821997
1637 0.99476093053817749 0.10222616791725159 -0.00071257638046517968
1638 0.75028836727142334 0.66111040115356445 -0.00068488437682390213
1639 0.90931177139282227 -0.41611495614051819 -0.0006920606829226017
1640 0.91770738363265991 0.39725622534751892 -0.00075494014890864491
1641 0.95484465360641479 0.29710465669631958 -0.00078868807759135962
1642 0.94790691137313843 -0.31854680180549622 -0.00068937597097828984
1643 0.10589725524187088 0.99437665939331055 -0.00089792656945064664
1644 0.080759778618812561 0.99673312902450562 -0.00095166690880432725
1645 0.95371478796005249 0.30071187019348145 -0.00075012515299022198
1646 0.9943774938583374 -0.10589180886745453 -0.00065060803899541497
1647 0.082285508513450623 0.9966084361076355 -0.00083741446724161506
1648 0.082961283624172211 0.99655234813690186 -0.00094580062432214618
1649 0.6626095175743103 -0.74896490573883057 -0.0004972258466295898
1650 0.99474763870239258 0.10235555469989777 -0.00071786495391279459
1651 0.86934041976928711 -0.49421346187591553 -0.00059544533723965287
1652 0.87076848745346069 0.49169275164604187 -0.0006959371967241168
1653 0.076352998614311218 -0.99708080291748047 -0.00032267073402181268
1654 0.086602509021759033 0.99624258279800415 -0.00083015108248218894
1655 0.39641934633255005 0.91806894540786743 -0.0010576733620837331
1656 0.8424527645111084 -0.53876990079879761 -0.00059375597629696131
1657 0.80702948570251465 -0.59051090478897095 -0.00063869083533063531
1658 0.80701160430908203 -0.59053534269332886 -0.00063298665918409824
1659 0.86300158500671387 -0.50520086288452148 -0.00065949652343988419
1660 0.73094481229782104 -0.68243646621704102 -0.00054367602569982409
1661 0.9178851842880249 0.39684551954269409 -0.00074515584856271744
1662 0.30571112036705017 -0.95212411880493164 -0.00059723475715145469
1663 0.94891631603240967 -0.31552717089653015 -0.00068419292801991105
1664 0.082918822765350342 0.99655598402023315 -0.00083736435044556856
1665 0.097036220133304596 0.99528050422668457 -0.00086455885320901871
1666 -0.00016332499217242002 0.030646184459328651 -0.99953031539916992
1667 0.58435606956481934 0.81149697303771973 -0.00084731966489925981
1668 0.096083499491214752 0.99537289142608643 -0.00094250304391607642
1669 0.29841330647468567 -0.95443660020828247 -0.00059912016149610281
1670 0.081960156559944153 0.99663519859313965 -0.00094986299518495798
1671 0.95344007015228271 0.30158179998397827 -0.00074777915142476559
1672 -0.00028258678503334522 -0.030264293774962425 -0.99954187870025635
1673 0.084380969405174255 0.99643325805664062 -0.00081818120088428259
1674 0.97708034515380859 -0.21286997199058533 -0.00067454215604811907
1675 0.74123519659042358 0.67124497890472412 -0.00078178453259170055
1676 -0.0004868971009273082 -0.030404942110180855 -0.99953752756118774
1677 0.80902719497680664 -0.58777099847793579 -0.00056780170416459441
1678 0.86387592554092407 0.50370413064956665 -0.00082434876821935177
1679 0.61147946119308472 0.79125988483428955 -0.00082342285895720124
1680 0.90435463190078735 -0.42678117752075195 -0.00067235669121146202
1681 0.94853609800338745 0.31666815280914307 -0.00072280218591913581
1682 0.9920465350151062 0.12586969137191772 -0.00077257782686501741
1683 0.97602993249893188 -0.21763516962528229 -0.0006715349736623466
1684 0.9488823413848877 -0.31562930345535278 -0.00068868458038195968
1685 0.75768196582794189 0.65262359380722046 -0.00078173517249524593
1686 0.95705258846282959 0.28991371393203735 -0.00070635660085827112
1687 0.43802618980407715 0.89896178245544434 -0.00086686870781704783
1688 0.36933025717735291 0.92929774522781372 -0.0010048013646155596
1689 0.87698942422866821 0.48050892353057861 -0.00082998292054980993
1690 0.084529951214790344 -0.99642091989517212 -0.000343657738994807
1691 0.94694679975509644 -0.32138973474502563 -0.00068955222377553582
1692 0.24191160500049591 -0.97029829025268555 -0.00031152533483691514
1693 0.97326689958572388 -0.22967630624771118 -0.00062459311448037624
1694 0.49997508525848389 0.86603933572769165 -0.00092090095859020948
1695 0.43561917543411255 0.90013062953948975 -0.00093508925056084991
1696 0.68331694602966309 0.73012149333953857 -0.00080346933100372553
1697 0.99311721324920654 -0.11712354421615601 -0.0005775164463557303
1698 0.081296481192111969 0.99668949842453003 -0.00094907270977273583
1699 0.99909842014312744 -0.042452488094568253 -0.00044252094812691212
1700 0.43791589140892029 0.89901566505432129 -0.00079641107004135847
1701 0.80900019407272339 0.58780765533447266 -0.00090442132204771042
1702 0.081396624445915222 0.99668145179748535 -0.00083030882524326444
1703 0.91979372501373291 0.3924013078212738 -0.00082931795623153448
1704 0.97814202308654785 0.20793637633323669 -0.00085926527390256524
1705 0.10451634973287582 -0.99452310800552368 -0.00043822723091579974
1706 0.077234350144863129 -0.9970129132270813 -0.00040733272908255458
1707 0.24134707450866699 -0.97043883800506592 -0.00035393668804317713
1708 -0.00080485263606533408 -0.036799445748329163 -0.99932241439819336
1709 0.075793161988258362 0.99712324142456055 -0.00080887583317235112
1710 0.081857495009899139 0.99664360284805298 -0.0009551632683724165
1711 0.080850780010223389 -0.99672621488571167 -0.00034084124490618706
1712 0.37069383263587952 0.92875480651855469 -0.00081854354357346892
1713 0.86913353204727173 -0.49457716941833496 -0.00059113593306392431
1714 0.086218588054180145 -0.99627619981765747 -0.00022781951702199876
1715 0.99906796216964722 -0.04316246509552002 -0.00044100906234234571
1716 0.085160732269287109 -0.99636715650558472 -0.00038203643634915352
1717 0.1045413464307785 -0.99452042579650879 -0.00043835959513671696
1718 0.075985148549079895 -0.99710893630981445 -0.00032219960121437907
1719 0.082965321838855743 -0.99655246734619141 -0.0002139418211299926
1720 0.075538627803325653 -0.99714285135269165 -0.00034829814103432
1721 0.84542518854141235 -0.53409349918365479 -0.00057850778102874756
1722 0.088799320161342621 -0.99604952335357666 -0.00026890903245657682
1723 0.22815090417861938 -0.97362571954727173 -0.00045993461390025914
1724 0.43563061952590942 0.90012514591217041 -0.00086606672266498208
1725 0.2467440664768219 0.96908020973205566 -0.00096343748737126589
1726 0.23833391070365906 -0.971183180809021 -0.00054151663789525628
1727 0.42211079597473145 0.90654397010803223 -0.00069254334084689617
1728 0.35231870412826538 0.93587982654571533 -0.00069831457221880555
1729 0.4356096088886261 0.900135338306427 -0.0007999635417945683
1730 0.10449687391519547 0.99452489614486694 -0.00084143789717927575
1731 0.10454820841550827 0.99451965093612671 -0.00059421302285045385
1732 0.067436598241329193 0.99772310256958008 -0.0009856255492195487
1733 0.071159102022647858 0.99746471643447876 -0.00079351820750162005
1734 0.39572060108184814 -0.91837084293365479 -0.00052506197243928909
1735 0.22170992195606232 0.97511237859725952 -0.00078136398224160075
1736 0.3487744927406311 0.9372064471244812 -0.00070660008350387216
1737 0.08220537006855011 -0.99661535024642944 -0.00039805241976864636
1738 0.34587112069129944 -0.93828189373016357 -0.00048153591342270374
1739 0.22316943109035492 -0.97477966547012329 -0.00033636216539889574
1740 0.23253609240055084 -0.97258776426315308 -0.00029874927713535726
1741 0.07561599463224411 -0.99713695049285889 -0.00031516596209257841
1742 0.070856645703315735 -0.99748647212982178 -0.00032249517971649766
1743 0.069271869957447052 -0.99759775400161743 -0.00030433744541369379
1744 0.2194252610206604 0.97562909126281738 -0.00068591302260756493
1745 0.22468015551567078 -0.97443246841430664 -0.00046838881098665297
1746 0.36209973692893982 0.93213886022567749 -0.00098714756313711405
1747 0.2121121883392334 0.9772447943687439 -0.0010112295858561993
1748 0.92675554752349854 -0.37566426396369934 -0.000717300979886204
1749 0.23391261696815491 -0.97225749492645264 -0.00055386224994435906
1750 0.23094339668750763 -0.97296714782714844 -0.0002794697938952595
1751 0.22964756190776825 0.97327345609664917 -0.00087949942098930478
1752 0.363372802734375 0.93164342641830444 -0.00084307492943480611
1753 0.078674972057342529 -0.99690026044845581 -0.000344898144248873
1754 0.21140556037425995 -0.97739845514297485 -0.00030723691452294588
1755 0.34168216586112976 -0.9398154616355896 -0.00049531902186572552
1756 0.22677464783191681 0.97394686937332153 -0.00091808754950761795
1757 0.24443897604942322 0.96966439485549927 -0.0007565448759123683
1758 0.99439966678619385 0.10568235814571381 -0.00072792684659361839
1759 0.22712670266628265 0.97386491298675537 -0.00074578088242560625
1760 0.21721693873405457 0.97612303495407104 -0.00082152418326586485
1761 0.21887722611427307 0.97575193643569946 -0.00096943776588886976
1762 0.2390056699514389 -0.97101813554763794 -0.00032990111503750086
1763 0.072856493294239044 0.99734216928482056 -0.00080225348938256502
1764 0.073911450803279877 0.9972643256187439 -0.00099621119443327188
1765 0.25322657823562622 0.96740663051605225 -0.00085206440417096019
1766 0.24980929493904114 0.96829456090927124 -0.0010016965679824352
1767 0.23123085498809814 -0.97289890050888062 -0.00029259049915708601
1768 0.07876008003950119 0.99689352512359619 -0.00037408352363854647
1769 0.10453720390796661 0.99452090263366699 -0.00045422324910759926
1770 0.24057073891162872 -0.97063130140304565 -0.00075585849117487669
1771 0.96689879894256592 0.25515997409820557 -0.00032524659764021635
1772 0.99110174179077148 0.13310596346855164 -0.0004208055033814162
1773 0.32058146595954895 -0.94722050428390503 -0.00096653524087741971
1774 0.39864009618759155 -0.91710686683654785 -0.0010659308172762394
1775 0.373504638671875 -0.92762809991836548 -0.00072740513132885098
1776 0.29720109701156616 0.95481473207473755 -0.00058582221390679479
1777 0.50785666704177856 -0.86144137382507324 -0.00067788374144583941
1778 0.58988404273986816 -0.80748772621154785 -0.00067199417389929295
1779 0.29408711194992065 0.95577847957611084 -0.00057700503384694457
1780 0.11625298112630844 0.99321961402893066 -0.00033325946424156427
1781 0.75161314010620117 -0.65960383415222168 -0.00066707812948152423
1782 0.31997975707054138 -0.94742375612258911 -0.0010973719181492925
1783 0.1138637363910675 -0.99349582195281982 -0.0010473381262272596
1784 0.84740620851516724 0.53094476461410522 -0.00064606330124661326
1785 0.768058180809021 0.64037984609603882 -0.00063006480922922492
1786 0.07876008003950119 0.99689352512359619 -0.00034978592884726822
1787 0.86717516183853149 -0.49800285696983337 -0.00072014587931334972
1788 0.96884030103683472 0.24768611788749695 -0.00034385253093205392
1789 0.67533916234970093 -0.73750704526901245 -0.00067445379681885242
1790 0.67685776948928833 -0.73611354827880859 -0.00067891634535044432
1791 0.8133690357208252 -0.58174771070480347 -0.00072863290552049875
1792 0.81400537490844727 -0.58085697889328003 -0.00070436007808893919
1793 0.91664010286331177 -0.3997129499912262 -0.00070833676727488637
1794 0.92343360185623169 0.38375765085220337 -0.0006621680804528296
1795 0.95158445835113525 -0.30738678574562073 -0.00070889183552935719
1796 0.98461127281188965 -0.17475757002830505 -0.00067043496528640389
1797 0.50035452842712402 0.86582046747207642 -0.00054885022109374404
1798 0.24585342407226562 -0.96930670738220215 -0.00077870127279311419
1799 0.97996145486831665 -0.19918622076511383 -0.00071944203227758408
1800 0.070298247039318085 -0.99752563238143921 -0.0009273941395804286
1801 0.99475359916687012 -0.10229773074388504 -0.00071474985452368855
1802 0.40164878964424133 0.91579365730285645 -0.00053731095977127552
1803 0.11118564754724503 -0.99379914999008179 -0.0010307123884558678
1804 0.31857636570930481 0.94789713621139526 -0.00040224319673143327
1805 0.40556696057319641 0.91406518220901489 -0.00055239890934899449
1806 -0.00078836391912773252 0.029515264555811882 -0.99956405162811279
1807 0.39817970991134644 -0.91730684041976929 -0.0010761840967461467
1808 0.58413302898406982 0.81165772676467896 -0.00058015243848785758
1809 0.31956633925437927 0.9475637674331665 -0.0005225949571467936
1810 0.58773124217987061 0.80905610322952271 -0.00052945723291486502
1811 0.86474812030792236 0.50220561027526855 -0.00054842443205416203
1812 0.41558477282524109 -0.909554123878479 -0.00079910352360457182
1813 0.58767580986022949 0.80909639596939087 -0.00050034304149448872
1814 0.86481910943984985 0.50208330154418945 -0.00054609362268820405
1815 0.9943346381187439 0.10629400610923767 -0.00051598780555650592
1816 0.80902624130249023 0.58777236938476562 -0.00052918907022103667
1817 0.40414899587631226 0.91469293832778931 -0.00062175223138183355
1818 0.9765133261680603 0.21545644104480743 -0.00051638414151966572
1819 0.50233834981918335 0.86467099189758301 -0.00056174449855461717
1820 0.50048607587814331 0.86574447154998779 -0.0005470312898978591
1821 0.52224946022033691 -0.85279250144958496 -0.00065180851379409432
1822 0.95048290491104126 0.31077644228935242 -0.00056776346173137426
1823 0.91096997261047363 0.41247233748435974 -0.00053471315186470747
1824 0.58588755130767822 0.81039220094680786 -0.00049568858230486512
1825 0.41247433423995972 0.910969078540802 -0.00047906624968163669
1826 0.30897700786590576 -0.9510684609413147 -0.0014064266579225659
1827 0.30902883410453796 0.95105254650115967 -0.00042838524677790701
1828 0.4136584997177124 0.91043198108673096 -0.0004858792235609144
1829 0.4260246753692627 -0.90471130609512329 -0.00069235928822308779
1830 0.59959769248962402 -0.80030131340026855 -0.00070786755532026291
1831 0.23647639155387878 0.97163724899291992 -0.00038622869760729373
1832 0.58964747190475464 -0.80766046047210693 -0.00069033826002851129
1833 0.58403539657592773 0.81172806024551392 -0.00056985631817951798
1834 0.49998265504837036 0.86603516340255737 -0.00062264647567644715
1835 0.50001543760299683 -0.86601632833480835 -0.00056871445849537849
1836 0.57972168922424316 0.81481438875198364 -0.00059505057288333774
1837 0.66286885738372803 0.74873536825180054 -0.0005680168978869915
1838 0.74404811859130859 -0.66812574863433838 -0.00068962486693635583
1839 0.74144977331161499 0.67100816965103149 -0.00054192583775147796
1840 0.68084979057312012 -0.73242282867431641 -0.00067877041874453425
1841 0.99925500154495239 -0.038592971861362457 -0.00037438760045915842
1842 0.49998065829277039 -0.86603629589080811 -0.00073164066998288035
1843 0.22008512914180756 -0.97548007965087891 -0.001055991742759943
1844 0.58854472637176514 -0.8084644079208374 -0.00064655265305191278
1845 0.75111281871795654 -0.66017353534698486 -0.00066011218586936593
1846 0.66914242506027222 0.74313408136367798 -0.0005266763037070632
1847 0.50341665744781494 0.86404365301132202 -0.00057260534958913922
1848 0.66911619901657104 -0.74315756559371948 -0.00064036325784400105
1849 0.41786938905715942 -0.90850681066513062 -0.00080722069833427668
1850 0.50768876075744629 -0.86154037714004517 -0.00065634975908324122
1851 0.60084468126296997 -0.79936546087265015 -0.00071233260678127408
1852 0.50001323223114014 0.86601758003234863 -0.0005069618346169591
1853 0.73869872093200684 0.67403548955917358 -0.00057813030434772372
1854 0.6691167950630188 0.74315708875656128 -0.00056758680148050189
1855 0.66632479429244995 0.74566149711608887 -0.00055636028992012143
1856 0.81654208898544312 -0.57728546857833862 -0.00064017000840976834
1857 0.52077734470367432 -0.85369229316711426 -0.00063809414859861135
1858 0.74570775032043457 -0.66627287864685059 -0.00070779223460704088
1859 0.87114262580871582 -0.49102962017059326 -0.00064364360878244042
1860 0.86778277158737183 -0.49694329500198364 -0.0006710992893204093
1861 0.91666966676712036 -0.39964520931243896 -0.00066879740916192532
1862 0.6634364128112793 0.74823254346847534 -0.00056136451894417405
1863 0.95381796360015869 -0.30038437247276306 -0.00071272108471021056
1864 0.99476349353790283 -0.10220149904489517 -0.00070998008595779538
1865 0.68046718835830688 -0.73277825117111206 -0.00067364698043093085
1866 0.66914564371109009 -0.74313110113143921 -0.00062815548153594136
1867 -0.00028125825338065624 -0.030474264174699783 -0.99953556060791016
1868 -0.0004401167097967118 -0.030026728287339211 -0.99954903125762939
1869 0.66690903902053833 0.74513894319534302 -0.00055482715833932161
1870 0.95389801263809204 -0.3001302182674408 -0.00071353081148117781
1871 0.91353589296340942 -0.40675738453865051 -0.0007564817788079381
1872 0.95150303840637207 -0.30763846635818481 -0.00071676028892397881
1873 0.59757626056671143 -0.8018118143081665 -0.00067673053126782179
1874 0.87114763259887695 -0.49102073907852173 -0.00064831977942958474
1875 0.99557530879974365 -0.093964897096157074 -0.00068528839619830251
1876 0.97844552993774414 -0.20650391280651093 -0.00072343397187069058
1877 0.99464291334152222 -0.10336868464946747 -0.00073142588371410966
1878 0.91700369119644165 -0.39887800812721252 -0.00071739091072231531
1879 0.99430233240127563 0.10659597814083099 -0.00050840276526287198
1880 0.99542719125747681 -0.095520727336406708 -0.00067776447394862771
1881 0.90891826152801514 0.41697397828102112 -0.0005842723767273128
1882 0.91355550289154053 -0.40671336650848389 -0.00079040846321731806
1883 0.86654937267303467 -0.49909079074859619 -0.00073934061219915748
1884 0.94731515645980835 0.32030266523361206 -0.00048087167670018971
1885 0.99431145191192627 -0.10650956630706787 -0.00071263755671679974
1886 0.95126301050186157 -0.30837973952293396 -0.00075395288877189159
1887 0.97815221548080444 -0.2078889012336731 -0.0007230952032841742
1888 0.91355216503143311 0.40672117471694946 -0.00055938103469088674
1889 0.80903106927871704 -0.5877653956413269 -0.00073651596903800964
1890 0.80900949239730835 0.58779537677764893 -0.00043223754619248211
1891 -0.00062914617592468858 0.030257651582360268 -0.99954193830490112
1892 0.97814285755157471 -0.20793285965919495 -0.00072200014255940914
1893 0.97815090417861938 0.20789550244808197 -0.00054729491239413619
1894 0.94800436496734619 0.31825703382492065 -0.0004539621586445719
1895 0.99336749315261841 0.11498170346021652 -0.00051102967699989676
1896 0.97545170783996582 0.22021298110485077 -0.0004759131115861237
1897 0.91627871990203857 -0.4005407989025116 -0.00066181807778775692
1898 0.97979611158370972 -0.19999808073043823 -0.00071203586412593722
1899 -0.00070094579132273793 0.031463894993066788 -0.9995046854019165
1900 0.99340963363647461 0.11461756378412247 -0.00048964633606374264
1901 0.95053595304489136 0.3106141984462738 -0.00055596866877749562
1902 0.9758034348487854 0.21864911913871765 -0.00052113865967839956
1903 0.86479204893112183 0.50212979316711426 -0.00066776963649317622
1904 0.81620687246322632 -0.57775944471359253 -0.00063226738711819053
1905 0.80312556028366089 0.59580951929092407 -0.00058782257838174701
1906 0.94805747270584106 0.31809884309768677 -0.00052039261208847165
1907 0.7355918288230896 0.67742478847503662 -0.00063063885318115354
1908 0.90855014324188232 0.41777542233467102 -0.00057806359836831689
1909 0.11015840619802475 0.99391400814056396 -0.00036166014615446329
1910 0.97663247585296631 0.21491555869579315 -0.00051926472224295139
1911 0.73866152763366699 0.67407631874084473 -0.00056789343943819404
1912 0.86176770925521851 0.50730288028717041 -0.00057238299632444978
1913 0.74571675062179565 -0.66626280546188354 -0.00068649993045255542
1914 0.75008982419967651 -0.66133576631546021 -0.00062049238476902246
1915 0.80259531736373901 0.59652364253997803 -0.00057861371897161007
1916 0.7416110634803772 0.67082995176315308 -0.00054431630996987224
1917 0.73822122812271118 0.67455852031707764 -0.00058384559815749526
1918 0.9478614330291748 0.31868249177932739 -0.00051357736811041832
1919 0.21035170555114746 -0.97762501239776611 -0.0012477606069296598
1920 0.86725008487701416 -0.49787238240242004 -0.00071466312510892749
1921 0.80583226680755615 0.592143714427948 -0.00055979803437367082
1922 0.91117310523986816 0.41202354431152344 -0.00053117185598239303
1923 0.30899503827095032 0.95106345415115356 -0.00065385014750063419
1924 0.3090309202671051 -0.95105189085006714 -0.00049279211089015007
1925 0.80606019496917725 0.59183329343795776 -0.00055893609533086419
1926 0.86141782999038696 0.5078967809677124 -0.00055560749024152756
1927 0.093586795032024384 0.99561107158660889 -0.00033258198527619243
1928 0.080051839351654053 -0.99679034948348999 -0.00085605640197172761
1929 0.072403267025947571 0.99737536907196045 -0.00030404192511923611
1930 0.078475266695022583 -0.99691569805145264 -0.00088734389282763004
1931 0.2172485738992691 0.97611629962921143 -0.00033798458753153682
1932 0.19192655384540558 -0.98140835762023926 -0.001362869399599731
1933 0.34848541021347046 0.93731403350830078 -0.00055178301408886909
1934 0.80900454521179199 -0.58780199289321899 -0.00069294316926971078
1935 0.081231102347373962 -0.99669498205184937 -0.00086830544751137495
1936 0.080617249011993408 -0.99674475193023682 -0.00086047104559838772
1937 0.079865939915180206 -0.99680525064468384 -0.00088350859005004168
1938 0.40494260191917419 0.91434186697006226 -0.00068301620194688439
1939 0.40892618894577026 -0.91256725788116455 -0.00063421914819628
1940 0.24171531200408936 0.97034716606140137 -0.00026862855884246528
1941 0.22853155434131622 -0.97353607416152954 -0.00091934739612042904
1942 0.36220619082450867 -0.9320976734161377 -0.00081497867358848453
1943 0.97814548015594482 0.20792138576507568 -0.00035692038363777101
1944 0.23005397617816925 -0.97317743301391602 -0.00095552642596885562
1945 0.086945444345474243 0.99621301889419556 -0.00028798877610825002
1946 0.07488570362329483 0.99719208478927612 -0.00030531705124303699
1947 0.86180263757705688 0.50724327564239502 -0.00066883995896205306
1948 0.068399667739868164 0.99765795469284058 -0.00032525131246075034
1949 0.97941869497299194 -0.20183788239955902 -0.00072197074769064784
1950 0.97571325302124023 -0.21905058622360229 -0.00067374890204519033
1951 0.99322497844696045 0.1162063404917717 -0.00052479957230389118
1952 0.069965265691280365 -0.99754899740219116 -0.00090388942044228315
1953 0.10454830527305603 -0.99451965093612671 -0.00054793170420452952
1954 0.10450736433267593 0.99452394247055054 -0.0006002378067933023
1955 0.81143736839294434 -0.58443909883499146 -0.00065320119028910995
1956 0.80942302942276001 -0.58722567558288574 -0.00063702353509142995
1957 0.070771403610706329 0.99749255180358887 -0.00042018154636025429
1958 0.068712443113327026 -0.99763619899749756 -0.00082151114474982023
1959 0.076899304986000061 0.99703884124755859 -0.00027700135251507163
1960 0.21030519902706146 -0.97763508558273315 -0.0011875281343236566
1961 0.22305881977081299 0.97480493783950806 -0.00028575281612575054
1962 0.21794739365577698 -0.97596031427383423 -0.00066554557997733355
1963 0.22389894723892212 0.97461229562759399 -0.00043766494491137564
1964 0.21600109338760376 0.97639316320419312 -0.00022525772510562092
1965 0.97989064455032349 -0.19953420758247375 -0.0006626314134337008
1966 0.85670697689056396 0.51580309867858887 -0.00061216519679874182
1967 0.10447633266448975 -0.99452686309814453 -0.0010008272947743535
1968 0.99156391620635986 0.12961786985397339 -0.00044935510959476233
1969 0.22747702896595001 -0.97378319501876831 -0.00073307286947965622
1970 0.22872348129749298 0.97349131107330322 -0.00043347687460482121
1971 0.99615061283111572 0.087656587362289429 -0.00052210321882739663
1972 0.99628132581710815 0.086158797144889832 -0.00051494518993422389
1973 0.99979597330093384 -0.02019859105348587 -0.00028988628764636815
1974 0.5850403904914856 0.81100398302078247 -0.00048797312774695456
1975 0.23656670749187469 0.9716152548789978 -0.00028331959038041532
1976 0.50957673788070679 -0.86042499542236328 -0.00059443013742566109
1977 0.74322265386581421 0.6690438985824585 -0.00061215052846819162
1978 0.49374601244926453 0.86960601806640625 -0.00060301768826320767
1979 0.40595081448554993 0.91389477252960205 -0.00059665914159268141
1980 0.35911241173744202 -0.93329393863677979 -0.00080238585360348225
1981 0.41815850138664246 -0.90837383270263672 -0.00064999243477359414
1982 0.070096567273139954 0.9975401759147644 -0.00032870893483050168
1983 0.49455246329307556 0.86914753913879395 -0.00062707636971026659
1984 0.66939073801040649 -0.74291020631790161 -0.00068379659205675125
1985 0.59779554605484009 -0.80164831876754761 -0.00076217850437387824
1986 0.65626978874206543 0.75452619791030884 -0.0005325997481122613
1987 0.91353732347488403 0.40675449371337891 -0.00063236162532120943
1988 0.40977564454078674 0.91218608617782593 -0.00069969258038327098
1989 0.58060222864151001 0.81418716907501221 -0.00062538287602365017
1990 0.073364436626434326 -0.99730479717254639 -0.00091198744485154748
1991 0.91579335927963257 0.40164914727210999 -0.00068120472133159637
1992 0.74803030490875244 -0.66366428136825562 -0.00061610952252522111
1993 0.86756914854049683 -0.49731600284576416 -0.00076592137338593602
1994 0.211136594414711 0.97745651006698608 -0.00034342351136729121
1995 0.34506762027740479 0.93857771158218384 -0.00054230215027928352
1996 0.94519889354705811 -0.32649436593055725 -0.0006929536466486752
1997 0.74189490079879761 0.67051601409912109 -0.00055377476383000612
1998 0.50979918241500854 -0.86029326915740967 -0.00059368315851315856
1999 0.7431759238243103 -0.66909569501876831 -0.00069668976357206702
2000 0.6573253870010376 0.75360673666000366 -0.00054314004955813289
2001 0.58718347549438477 -0.80945366621017456 -0.0006616913597099483
2002 0.66885673999786377 -0.74339103698730469 -0.00067184685030952096
2003 0.8675723671913147 -0.4973105788230896 -0.00067187898093834519
2004 -0.00015983312914613634 -0.046864476054906845 -0.99890130758285522
2005 0.22145436704158783 -0.97517037391662598 -0.00086781528079882264
2006 0.95119094848632812 -0.30860209465026855 -0.00075809156987816095
2007 0.23814934492111206 -0.97122818231582642 -0.00086737971287220716
2008 0.080045141279697418 0.99679112434387207 -0.0004415324074216187
2009 0.073028005659580231 -0.99732953310012817 -0.00083941605407744646
2010 0.057265784591436386 -0.99835854768753052 -0.00094201893080025911
2011 0.85205078125 0.52345871925354004 -0.00064233265584334731
2012 0.40570506453514099 -0.91400384902954102 -0.00065932126017287374
2013 0.22939392924308777 0.97333359718322754 -0.00037732601049356163
2014 0.91392505168914795 -0.40588250756263733 -0.00070231582503765821
2015 0.91344094276428223 -0.40697076916694641 -0.00069609435740858316
2016 0.99965542554855347 -0.02624935656785965 -0.00026933566550724208
2017 0.94422274827957153 -0.32930669188499451 -0.00068869092501699924
2018 0.066625364124774933 -0.99777764081954956 -0.00093985948478803039
2019 0.91823393106460571 0.39603781700134277 -0.00070982298348098993
2020 -0.078760042786598206 -0.99689322710037231 -0.0008518124814145267
2021 -0.10450880974531174 -0.99452346563339233 -0.0010176640935242176
2022 -0.29754805564880371 -0.95470649003982544 -0.00083671190077438951
2023 -0.41115760803222656 0.9115641713142395 -0.00023092291667126119
2024 -0.23894073069095612 0.97103404998779297 -0.00050294509856030345
2025 -0.51688742637634277 0.85605323314666748 -0.00052350660553202033
2026 -0.29429912567138672 -0.95571297407150269 -0.00084271177183836699
2027 -0.11637360602617264 -0.99320507049560547 -0.00098246254492551088
2028 -0.59335207939147949 0.80494296550750732 -0.00049847143236547709
2029 -0.078760042786598206 -0.99689322710037231 -0.00087272049859166145
2030 -0.36990088224411011 0.92907118797302246 -0.00041564580169506371
2031 -0.35769164562225342 0.93383973836898804 -0.00024511499213986099
2032 -0.66914445161819458 0.74313217401504517 -0.00064275326440110803
2033 -0.99742966890335083 0.071648366749286652 -0.00077928334940224886
2034 -0.75271731615066528 0.6583436131477356 -0.00065785268088802695
2035 -0.24462504684925079 0.96961766481399536 -0.00046556492452509701
2036 -0.59355217218399048 0.80479532480239868 -0.00049910292727872729
2037 -0.86758548021316528 0.49728766083717346 -0.00070612900890409946
2038 -0.81467992067337036 0.57991057634353638 -0.0006999433389864862
2039 -0.50037670135498047 -0.86580723524093628 -0.0010058807674795389
2040 -0.74651700258255005 0.66536599397659302 -0.00065723812440410256
2041 -0.99457496404647827 0.10402007400989532 -0.00073295930633321404
2042 -0.92691510915756226 0.3752703070640564 -0.00082419102545827627
2043 -0.98008912801742554 0.19855673611164093 -0.00076356786303222179
2044 -0.40179160237312317 -0.91573065519332886 -0.00097448716405779123
2045 -0.91355454921722412 0.40671548247337341 -0.00077983195660635829
2046 -0.9501909613609314 -0.31166696548461914 -0.00093711738009005785
2047 -0.00011505106522236019 -0.029121370986104012 0.9995759129524231
2048 -0.81473594903945923 0.57983177900314331 -0.00069709320086985826
2049 -0.67680937051773071 0.73615807294845581 -0.00065634649945423007
2050 -0.40776175260543823 0.91308814287185669 -0.00060331402346491814
2051 -0.31966894865036011 -0.94752877950668335 -0.00097134971292689443
2052 -0.99439507722854614 -0.10572511702775955 -0.00086111825658008456
2053 -0.58429032564163208 -0.81154417991638184 -0.00098130200058221817
2054 -0.58769607543945312 -0.80908119678497314 -0.0010194147471338511
2055 -0.42655459046363831 0.90446174144744873 -0.00046919420128688216
2056 -0.5877113938331604 -0.80907011032104492 -0.001002238248474896
2057 -0.80899906158447266 -0.58780914545059204 -0.00099754729308187962
2058 -0.40574851632118225 -0.91398429870605469 -0.00096664472948759794
2059 -0.99803823232650757 -0.062603436410427094 -0.00074847071664407849
2060 -0.95024406909942627 -0.31150487065315247 -0.00093118567019701004
2061 -0.40478977560997009 -0.91440939903259277 -0.00082754471804946661
2062 -0.31861430406570435 -0.94788378477096558 -0.0011641235323622823
2063 -0.97628438472747803 -0.21649029850959778 -0.00088400219101458788
2064 -0.50259494781494141 -0.8645215630531311 -0.00092031015083193779
2065 -0.50052213668823242 -0.86572325229644775 -0.00099211628548800945
2066 -0.52340543270111084 0.85208350419998169 -0.00062790059018880129
2067 -0.42710646986961365 0.9042012095451355 -0.00046162059879861772
2068 -0.86782968044281006 0.49686121940612793 -0.00070608279202133417
2069 -0.95488083362579346 0.29698824882507324 -0.00078597228275611997
2070 -0.23689429461956024 -0.9715350866317749 -0.00087278999853879213
2071 -0.58627128601074219 -0.81011432409286499 -0.00090879562776535749
2072 -0.41243568062782288 -0.91098612546920776 -0.0010593297192826867
2073 -0.60101044178009033 0.79924094676971436 -0.00065069814445450902
2074 -0.30899888277053833 0.95106220245361328 -0.00062757870182394981
2075 -0.30897748470306396 -0.95106834173202515 -0.0014141191495582461
2076 -0.91747331619262695 0.39779660105705261 -0.00072543526766821742
2077 -0.41369298100471497 -0.9104158878326416 -0.0010425203945487738
2078 -0.95169162750244141 0.30705457925796509 -0.00076922192238271236
2079 -0.95133030414581299 0.30817225575447083 -0.00076737592462450266
2080 -0.68147772550582886 0.73183858394622803 -0.00066901120590046048
2081 -0.58797323703765869 0.80888015031814575 -0.00064084987388923764
2082 -0.67798745632171631 0.7350732684135437 -0.00065023201750591397
2083 -0.86435407400131226 -0.50288283824920654 -0.00097960454877465963
2084 -0.51713061332702637 0.85590636730194092 -0.00052442162996158004
2085 -0.50002443790435791 -0.86601090431213379 -0.00088774861069396138
2086 -0.50000834465026855 0.86602050065994263 -0.00033382614492438734
2087 -0.58410060405731201 -0.81168067455291748 -0.00099467544350773096
2088 -0.98009848594665527 0.19851049780845642 -0.00077225541463121772
2089 -0.58019620180130005 -0.81447631120681763 -0.00090326828649267554
2090 -0.74132150411605835 -0.67114943265914917 -0.0010019205510616302
2091 -0.49998301267623901 0.86603498458862305 -0.00062536902260035276
2092 -0.91039586067199707 -0.41373720765113831 -0.00092265778221189976
2093 -0.6629711389541626 -0.74864441156387329 -0.00095759570831432939
2094 -0.949454665184021 0.3139030933380127 -0.00079137622378766537
2095 -0.59799653291702271 0.80149835348129272 -0.00070158467860892415
2096 -0.42657908797264099 0.90445011854171753 -0.00054036587243899703
2097 -0.68116563558578491 0.73212909698486328 -0.00067362620029598475
2098 -0.95000016689300537 0.3122488260269165 -0.0005820909864269197
2099 -0.66911578178405762 0.74315792322158813 -0.00063542980933561921
2100 -0.66910713911056519 -0.74316531419754028 -0.0010287172626703978
2101 -0.86422121524810791 -0.50311112403869629 -0.00098248361609876156
2102 -0.50373345613479614 -0.86385869979858398 -0.00090930046280846
2103 -0.75239241123199463 0.65871483087539673 -0.00066237739520147443
2104 -0.9171302318572998 0.39858704805374146 -0.00071916426531970501
2105 -0.66640138626098633 -0.74559253454208374 -0.00099111208692193031
2106 -0.4999687671661377 -0.86604267358779907 -0.0011788014089688659
2107 -0.81502014398574829 0.57943218946456909 -0.00072352949064224958
2108 -0.6691516637802124 -0.743125319480896 -0.0008872710750438273
2109 -0.73991638422012329 -0.6726982593536377 -0.00090816686861217022
2110 -0.91353309154510498 -0.40676337480545044 -0.00097999733407050371
2111 -0.5220828652381897 0.85289454460144043 -0.00062688568141311407
2112 -0.74246162176132202 0.66988831758499146 -0.00066958670504391193
2113 -0.74457204341888428 0.66754192113876343 -0.00064545776695013046
2114 -0.91353511810302734 0.40675914287567139 -0.00077455671271309257
2115 -0.87203633785247803 0.48944079875946045 -0.00070681399665772915
2116 -0.74653923511505127 0.66534113883972168 -0.00066581577993929386
2117 -0.86580675840377808 0.50037813186645508 -0.0006887101917527616
2118 -0.6669120192527771 -0.74513578414916992 -0.0010067790281027555
2119 -0.91484242677688599 0.40381035208702087 -0.00076722615631297231
2120 -0.81451946496963501 0.58013582229614258 -0.00071703590219840407
2121 -0.66340458393096924 -0.7482602596282959 -0.00095630314899608493
2122 -0.95444613695144653 0.29838243126869202 -0.00078470859443768859
2123 -0.80900436639785767 0.5878022313117981 -0.00069755426375195384
2124 -0.98090988397598267 0.19446124136447906 -0.00081786495866253972
2125 -0.60186672210693359 0.79859626293182373 -0.00068244524300098419
2126 -0.99455982446670532 0.10416476428508759 -0.0007319269934669137
2127 -0.86284255981445312 -0.50547212362289429 -0.00087269832147285342
2128 -0.00042338971979916096 0.030196107923984528 0.99954390525817871
2129 -0.97814178466796875 -0.20793747901916504 -0.00087499141227453947
2130 -0.80903333425521851 -0.58776211738586426 -0.00087241490837186575
2131 -0.99440151453018188 -0.10566442459821701 -0.00086043454939499497
2132 -0.97815191745758057 0.20789024233818054 -0.000723126286175102
2133 -0.91355538368225098 -0.40671369433403015 -0.00074982421938329935
2134 -0.97814208269119263 0.20793606340885162 -0.00081214134115725756
2135 -0.80902844667434692 0.58776921033859253 -0.00067559367744252086
2136 -0.94843906164169312 -0.31695881485939026 -0.00074992812005802989
2137 -0.97815227508544922 -0.20788861811161041 -0.00072498142253607512
2138 -0.00050106627168133855 -0.027308983728289604 0.99962693452835083
2139 -0.99380671977996826 0.11111938208341599 -0.00081931380555033684
2140 -0.99371278285980225 -0.11195733398199081 -0.00068444607313722372
2141 -0.97525262832641602 -0.22109191119670868 -0.00086621905211359262
2142 -0.99575436115264893 0.092047475278377533 -0.00078387482790276408
2143 -0.99314427375793457 -0.11689300835132599 -0.00073803961277008057
2144 -0.87221318483352661 0.48912543058395386 -0.00071752502117305994
2145 -0.00076101277954876423 0.02979159913957119 0.99955588579177856
2146 -0.99573403596878052 0.092267073690891266 -0.00078725884668529034
2147 -3.1854513508733362e-05 -0.031293574720621109 0.99951022863388062
2148 -0.99322628974914551 -0.116193026304245 -0.00085781904635950923
2149 -0.94746130704879761 -0.31986913084983826 -0.00090128777083009481
2150 -0.0006639159400947392 0.030010299757122993 0.99954938888549805
2151 -0.97507351636886597 -0.22188057005405426 -0.00086384464520961046
2152 -0.11009551584720612 -0.99392056465148926 -0.00096442626090720296
2153 -0.97638893127441406 -0.2160184383392334 -0.00088272808352485299
2154 -0.73843222856521606 -0.67432707548141479 -0.00097720639314502478
2155 -0.99315035343170166 -0.11684034764766693 -0.00085694680456072092
2156 -0.73810821771621704 -0.67468166351318359 -0.00097016303334385157
2157 -0.90847080945968628 -0.41794726252555847 -0.00091595196863636374
2158 -0.94669502973556519 -0.32213029265403748 -0.00082261115312576294
2159 -0.94764173030853271 -0.31933417916297913 -0.00089854584075510502
2160 -0.86136043071746826 -0.50799345970153809 -0.00095844239694997668
2161 -0.80235379934310913 -0.5968480110168457 -0.00094345153775066137
2162 -0.7415764331817627 -0.67086762189865112 -0.0010098956990987062
2163 -0.90812182426452637 -0.41870510578155518 -0.00090629281476140022
2164 -0.24526552855968475 0.96945589780807495 -0.00033157828147523105
2165 -0.85835373401641846 -0.5130576491355896 -0.00092363695148378611
2166 -0.80286657810211182 -0.59615802764892578 -0.00095753732603043318
2167 -0.7344740629196167 -0.67863613367080688 -0.00093907892005518079
2168 -0.80567395687103271 -0.59235858917236328 -0.00097907893359661102
2169 -0.21741755306720734 -0.97607821226119995 -0.00095555558800697327
2170 -0.91037571430206299 -0.41378167271614075 -0.00092258199583739042
2171 -0.80523920059204102 -0.59294939041137695 -0.00097036478109657764
2172 -0.96959006786346436 0.2447332888841629 -0.00087659887503832579
2173 -0.30901813507080078 0.95105612277984619 -4.1967101424233988e-05
2174 -0.30904394388198853 -0.95104748010635376 -0.00080652121687307954
2175 -0.8610261082649231 -0.50855988264083862 -0.00094967329641804099
2176 -0.34885916113853455 -0.93717473745346069 -0.00095284997951239347
2177 -0.093697361648082733 -0.99560028314590454 -0.0009700806112959981
2178 -0.0772385373711586 0.99701261520385742 -0.00033480417914688587
2179 -0.077590249478816986 0.99698531627655029 -0.00031131849391385913
2180 -0.072475023567676544 -0.99736982583999634 -0.00090700399596244097
2181 -0.078630968928337097 0.99690377712249756 -0.00032181348069570959
2182 -0.080513998866081238 0.99675345420837402 -0.00033445307053625584
2183 -0.077413327991962433 0.99699908494949341 -0.00030782946851104498
2184 -0.078119717538356781 0.99694395065307617 -0.00030514487298205495
2185 -0.079598963260650635 0.99682694673538208 -0.00032814167207106948
2186 -0.4109332263469696 0.91166543960571289 -0.00022700674890074879
2187 -0.40508711338043213 -0.91427785158157349 -0.00074581103399395943
2188 -0.24173501133918762 -0.97034162282943726 -0.0011621360899880528
2189 -0.078681334853172302 0.99689978361129761 -0.00034361533471383154
2190 -0.079561315476894379 0.99682992696762085 -0.00033659584005363286
2191 -0.2352679967880249 0.97193044424057007 -0.000437340815551579
2192 -0.3640652596950531 0.93137335777282715 -0.00037296803202480078
2193 -0.22605624794960022 0.97411423921585083 -0.00028974705492146313
2194 -0.99453955888748169 0.10435756295919418 -0.00079140422167256474
2195 -0.0870814248919487 -0.99620074033737183 -0.0009814827935770154
2196 -0.074998103082180023 -0.99718332290649414 -0.00091762148076668382
2197 -0.90818840265274048 0.41856074333190918 -0.00090907467529177666
2198 -0.91675394773483276 0.39945152401924133 -0.00079824402928352356
2199 -0.068445801734924316 -0.9976544976234436 -0.0008821593364700675
2200 -0.99532777070999146 0.096550978720188141 -0.00072249100776389241
2201 -0.10453550517559052 0.99452114105224609 -0.00019276203238405287
2202 -0.10457167029380798 -0.99451661109924316 -0.0012325409334152937
2203 -0.10451758652925491 0.99452298879623413 -0.00029769097454845905
2204 -0.070771373808383942 -0.99749213457107544 -0.00097069790353998542
2205 -0.068206489086151123 0.99767118692398071 -0.00038209886406548321
2206 -0.068454205989837646 0.99765419960021973 -0.00036081194411963224
2207 -0.07702956348657608 -0.9970284104347229 -0.00092745997244492173
2208 -0.22317495942115784 -0.97477787733078003 -0.00099741306621581316
2209 -0.35689181089401245 0.93414568901062012 -0.00025312253274023533
2210 -0.91626042127609253 0.40058222413063049 -0.00088131020311266184
2211 -0.21723239123821259 0.97611993551254272 -0.00020005620899610221
2212 -0.22397992014884949 -0.97459346055984497 -0.00075872911838814616
2213 -0.23434168100357056 0.97215431928634644 -0.00020796035823877901
2214 -0.21615993976593018 -0.97635746002197266 -0.0010534249013289809
2215 -0.99658679962158203 0.082547947764396667 -0.00077504530781880021
2216 -0.22886164486408234 -0.97345864772796631 -0.00077232567127794027
2217 -0.22710686922073364 0.97386980056762695 -0.00027810971369035542
2218 -0.50711739063262939 0.86187678575515747 -0.00061303266556933522
2219 -0.97431337833404541 0.22519467771053314 -0.00091483700089156628
2220 -0.58573156595230103 -0.81050467491149902 -0.0009008667548187077
2221 -0.21743394434452057 0.9760749340057373 -0.00054797803750261664
2222 -0.23653209209442139 -0.9716230034828186 -0.0011668407823890448
2223 -0.73987674713134766 -0.67274194955825806 -0.00088843470439314842
2224 -0.40642392635345459 -0.91368424892425537 -0.00084169325418770313
2225 -0.41934344172477722 0.90782755613327026 -0.0005493380012921989
2226 -0.49405583739280701 -0.8694298267364502 -0.0008350461139343679
2227 -0.66949445009231567 0.74281680583953857 -0.00066961400443688035
2228 -0.59594404697418213 0.80302572250366211 -0.00061036157421767712
2229 -0.070162571966648102 -0.99753516912460327 -0.00088361912639811635
2230 -0.36127129197120667 0.9324607253074646 -0.00037905332283116877
2231 -0.86194455623626709 -0.50700175762176514 -0.00088448595488443971
2232 -0.49502390623092651 -0.86887896060943604 -0.00082213373389095068
2233 -0.40587121248245239 0.91393011808395386 -0.00058414146769791842
2234 -0.94898319244384766 -0.31532582640647888 -0.0007441140478476882
2235 -0.663188636302948 -0.74845170974731445 -0.00092798116384074092
2236 -0.74456048011779785 0.66755473613739014 -0.00063901185058057308
2237 -0.97449690103530884 -0.22439955174922943 -0.00081868626875802875
2238 -0.90819168090820312 -0.41855365037918091 -0.00086532835848629475
2239 -0.99493831396102905 -0.10048584640026093 -0.0006066669593565166
2240 -0.80312877893447876 -0.59580487012863159 -0.00089247070718556643
2241 -0.41000935435295105 -0.91208106279373169 -0.00072686217026785016
2242 -0.5809057354927063 -0.81397032737731934 -0.0009271827875636518
2243 -0.808280348777771 0.58879745006561279 -0.0007321586599573493
2244 -0.50669330358505249 0.86212623119354248 -0.00061350787291303277
2245 -0.21139054000377655 -0.9774012565612793 -0.00094058661488816142
2246 -0.34537115693092346 -0.93846571445465088 -0.00094489631010219455
2247 -0.6688307523727417 0.74341440200805664 -0.0006731764879077673
2248 -0.58813703060150146 0.80876100063323975 -0.00068206002470105886
2249 -0.85653465986251831 0.51608926057815552 -0.00061898399144411087
2250 -0.66300243139266968 -0.74861675500869751 -0.00091014843201264739
2251 -0.73538613319396973 -0.67764770984649658 -0.00095531262923032045
2252 -0.80264723300933838 -0.59645342826843262 -0.00088809785665944219
2253 -0.74347430467605591 0.66876423358917236 -0.00067490310175344348
2254 -0.85909038782119751 -0.51182311773300171 -0.00092741119442507625
2255 -0.97485601902008057 -0.22283419966697693 -0.00081197853432968259
2256 -0.90848070383071899 -0.41792601346969604 -0.00084969610907137394
2257 -0.97884559631347656 0.20459860563278198 -0.00089649175060912967
2258 -0.22231338918209076 0.97497522830963135 -0.00040712321060709655
2259 -0.99373257160186768 -0.11178112775087357 -0.00077133899321779609
2260 -0.86418354511260986 0.50317633152008057 -0.00066784454975277185
2261 -0.94573432207107544 -0.324940025806427 -0.0008167087216861546
2262 -0.80508577823638916 0.59315794706344604 -0.00074338522972539067
2263 -0.22631937265396118 0.97405308485031128 -0.00048249756218865514
2264 -0.23751063644886017 0.97138488292694092 -0.00038457990740425885
2265 -0.080067239701747894 -0.99678915739059448 -0.00081311177928000689
2266 -0.07175108790397644 0.99742251634597778 -0.00036150752566754818
2267 -0.21800021827220917 0.97594869136810303 -0.00030593347037211061
2268 -0.072358451783657074 0.9973786473274231 -0.00035204293089918792
2269 -0.22983779013156891 -0.9732285737991333 -0.00088746490655466914
2270 -0.97287911176681519 0.23131226003170013 -0.00093068275600671768
2271 -0.8546830415725708 0.51914983987808228 -0.00062532821903005242
2272 -0.00058696145424619317 0.99999982118606567 -0
2273 -0.00054869166342541575 0.99999988079071045 0
2274 -0.00058469391660764813 0.99999982118606567 0
2275 -0.00056708190822973847 0.99999988079071045 -0
2276 -0.00055280682863667607 0.99999988079071045 -0
2277 -0.00059030274860560894 0.99999982118606567 0
2278 -0.00059060414787381887 0.99999982118606567 0
2279 -0.00055050855735316873 0.99999988079071045 0
2280 -0.00058869353961199522 0.99999982118606567 0
2281 -0.00059269025223329663 0.99999982118606567 -0
2282 -0.00054687471129000187 0.99999988079071045 0
2283 -0.00054838001960888505 0.99999988079071045 0
2284 -0.0005505305016413331 0.99999988079071045 0
2285 -0.00056832685368135571 0.99999988079071045 0
2286 -0.00055535376304760575 0.99999988079071045 0
2287 -0.00057148240739479661 0.99999988079071045 0
2288 -0.00056987465359270573 0.99999988079071045 -0
2289 -0.00055270001757889986 0.99999988079071045 -0
2290 -0.00057053880300372839 0.99999988079071045 0
2291 -0.00055595650337636471 0.99999988079071045 0
2292 -0.00059064070228487253 0.99999982118606567 0
2293 -0.00055662356317043304 0.99999988079071045 -0
2294 -0.00058654160238802433 0.99999982118606567 -0
2295 -0.00054926215671002865 0.99999988079071045 0
2296 -0.00055755546782165766 0.99999988079071045 0
2297 -0.00057218753499910235 0.99999988079071045 0
2298 -0.00058773678028956056 0.99999982118606567 0
2299 -0.0005497814854606986 0.99999988079071045 0
2300 -0.00057402485981583595 0.99999982118606567 0
2301 -0.00058000965509563684 0.99999982118606567 0
2302 -0.00057530490448698401 0.99999982118606567 -0
2303 -0.00057691411348059773 0.99999982118606567 -0
2304 -0.00057203974574804306 0.99999988079071045 0
2305 -0.00056446768576279283 0.99999988079071045 0
2306 -0.00055288872681558132 0.99999988079071045 0
2307 -0.0005640785675495863 0.99999988079071045 0
2308 -0.00055727898143231869 0.99999988079071045 0
2309 -0.00056500162463635206 0.99999988079071045 0
2310 -0.00057993066729977727 0.99999982118606567 0
2311 -0.00057884224224835634 0.99999982118606567 0
2312 -0.00057427794672548771 0.99999982118606567 0
2313 -0.00056783971376717091 0.99999988079071045 0
2314 -0.0005722503992728889 0.99999988079071045 0
2315 -0.0005697444430552423 0.99999988079071045 0
2316 -0.00056358409347012639 0.99999988079071045 -0
2317 -0.00056517281336709857 0.99999988079071045 -0
2318 -0.00058262830134481192 0.99999982118606567 -0
2319 -0.00053338945144787431 0.99999988079071045 0
2320 -0.00060654990375041962 0.99999982118606567 0
2321 -0.00054696539882570505 0.99999988079071045 0
2322 -0.00056128582218661904 0.99999988079071045 0
2323 -0.000556807906832546 0.99999988079071045 0
2324 -0.00056745496112853289 0.99999988079071045 -0
2325 -0.00054709706455469131 0.99999988079071045 -0
2326 -0.00057251960970461369 0.99999988079071045 0
2327 -0.00059985561529174447 0.99999982118606567 0
2328 -0.00061071926029399037 0.99999982118606567 0
2329 -0.00058500992599874735 0.99999982118606567 0
2330 -0.00060417415807023644 0.99999982118606567 0
2331 -0.00057731056585907936 0.99999982118606567 0
2332 -0.00054302718490362167 0.99999988079071045 -0
2333 -0.00058307300787419081 0.99999982118606567 0
2334 -0.000584837282076478 0.99999982118606567 0
2335 -0.0005847875727340579 0.99999982118606567 -0
2336 -0.00058348261518403888 0.99999982118606567 -0
2337 -0.00055344903375953436 0.99999988079071045 0
2338 -0.00057407899294048548 0.99999982118606567 0
2339 -0.00057823513634502888 0.99999982118606567 -0
2340 -0.00055485783377662301 0.99999988079071045 0
2341 -0.00056343048345297575 0.99999988079071045 -0
2342 -0.00058037979761138558 0.99999982118606567 0
2343 -0.00057710433611646295 0.99999982118606567 -0
2344 -0.00056150235468521714 0.99999988079071045 0
2345 -0.00056348461657762527 0.99999988079071045 0
2346 -0.00057174422545358539 0.99999988079071045 -0
2347 -0.00056737888371571898 0.99999988079071045 -0
2348 -0.00057159940479323268 0.99999988079071045 -0
2349 -0.00056821276666596532 0.99999988079071045 0
2350 -0.00057229871163144708 0.99999988079071045 -0
2351 -0.00057193735847249627 0.99999988079071045 0
2352 -0.00057462614495307207 0.99999982118606567 -0
2353 -0.00057347922120243311 0.99999982118606567 -0
2354 -0.00055479200091212988 0.99999988079071045 0
2355 -0.0005623142933472991 0.99999988079071045 0
2356 -0.00057099229888990521 0.99999988079071045 -0
2357 -0.00056262733414769173 0.99999988079071045 -0
2358 -0.00056016963208094239 0.99999988079071045 0
2359 -0.00056368939112871885 0.99999988079071045 -0
2360 -0.00055991217959672213 0.99999988079071045 -0
2361 -0.00058375473599880934 0.99999982118606567 0
2362 -0.0005855292547494173 0.99999982118606567 -0
2363 -0.00055541371693834662 0.99999988079071045 0
2364 -0.00057887443108484149 0.99999982118606567 0
2365 -0.00058016914408653975 0.99999982118606567 0
2366 -0.00055862194858491421 0.99999988079071045 0
2367 -0.00058353529311716557 0.99999982118606567 0
2368 -0.00057237478904426098 0.99999988079071045 -0
2369 -0.00055444968165829778 0.99999988079071045 0
2370 -0.00058089912636205554 0.99999982118606567 0
2371 -0.00058281264500692487 0.99999982118606567 -0
2372 -0.00058463250752538443 0.99999982118606567 0
2373 -0.00058036367408931255 0.99999982118606567 0
2374 -0.00055612908909097314 0.99999988079071045 0
2375 -0.00055871845688670874 0.99999988079071045 0
2376 -0.00056950742146000266 0.99999988079071045 0
2377 -0.00056884036166593432 0.99999988079071045 0
2378 -0.00055476423585787416 0.99999988079071045 0
2379 -0.00058362307026982307 0.99999982118606567 0
2380 -0.00056862382916733623 0.99999988079071045 0
2381 -0.00055636023171246052 0.99999988079071045 -0
2382 -0.00056321104057133198 0.99999988079071045 0
2383 -0.0005836962372995913 0.99999982118606567 0
2384 -0.00057128636399284005 0.99999988079071045 0
2385 -0.00059186515863984823 0.99999982118606567 0
2386 -0.00056747253984212875 0.99999988079071045 -0
2387 -0.00055528059601783752 0.99999988079071045 -0
2388 -0.00056041538482531905 0.99999988079071045 -0
2389 -0.00059838831657543778 0.99999982118606567 0
2390 -0.00058233569143339992 0.99999982118606567 -0
2391 -0.0005506519228219986 0.99999988079071045 -0
2392 -0.00055213680025190115 0.99999988079071045 0
2393 -0.00054837274365127087 0.99999988079071045 0
2394 -0.0005526707973331213 0.99999988079071045 -0
2395 -0.00056978687644004822 0.99999988079071045 0
2396 -0.00056930701248347759 0.99999988079071045 -0
2397 -0.0005605236510746181 0.99999988079071045 0
2398 -0.00056593789486214519 0.99999988079071045 -0
2399 -0.00059243279974907637 0.99999982118606567 0
2400 -0.00055090943351387978 0.99999988079071045 0
2401 -0.00054113415535539389 0.99999988079071045 0
2402 -0.00056732038501650095 0.99999988079071045 0
2403 -0.00058991945115849376 0.99999982118606567 0
2404 -0.00058550148969516158 0.99999982118606567 -0
2405 -0.00061246892437338829 0.99999982118606567 0
2406 -0.00054590910440310836 0.99999988079071045 0
2407 -0.00056925142416730523 0.99999988079071045 -0
2408 -0.00055281707318499684 0.99999988079071045 0
2409 -0.00057377910707145929 0.99999982118606567 0
2410 -0.00058358506066724658 0.99999982118606567 0
2411 -0.00053507037227973342 0.99999988079071045 0
2412 -0.00053662544814869761 0.99999988079071045 -0
2413 -0.00055286678252741694 0.99999988079071045 -0
2414 -0.00056883157230913639 0.99999988079071045 0
2415 -0.00060648849466815591 0.99999982118606567 -0
2416 -0.0006093324045650661 0.99999982118606567 0
2417 -0.00055009603966027498 0.99999988079071045 0
2418 -0.00057532102800905704 0.99999982118606567 0
2419 -0.00055690447334200144 0.99999988079071045 0
2420 -0.00058728037402033806 0.99999982118606567 0
2421 -0.00057627481874078512 0.99999982118606567 0
2422 -0.0006043438334017992 0.99999982118606567 0
2423 -0.000606781046371907 0.99999982118606567 0
2424 -0.00061057001585140824 0.99999982118606567 0
2425 -0.00058246444677934051 0.99999982118606567 0
2426 -0.00060087675228714943 0.99999982118606567 -0
2427 -0.00056737597333267331 0.99999988079071045 0
2428 -0.00059028522809967399 0.99999982118606567 0
2429 -0.00058976002037525177 0.99999982118606567 0
2430 -0.00053660053526982665 0.99999988079071045 0
2431 -0.00054213328985497355 0.99999988079071045 -0
2432 -0.00056734815007075667 0.99999988079071045 -0
2433 -0.0005644208868034184 0.99999988079071045 0
2434 -0.00055487395729869604 0.99999988079071045 0
2435 -0.00058170960983261466 0.99999982118606567 0
2436 -0.00058228598209097981 0.99999982118606567 0
2437 -0.00058065337361767888 0.99999982118606567 0
2438 -0.00055660604266449809 0.99999988079071045 0
2439 -0.00059052510187029839 0.99999982118606567 0
2440 -0.00053730129729956388 0.99999988079071045 0
2441 -0.00056416337611153722 0.99999988079071045 -0
2442 -0.00058314029593020678 0.99999982118606567 0
2443 -0.00056859309552237391 0.99999988079071045 0
2444 -0.00055579119361937046 0.99999988079071045 0
2445 -0.00058804842410609126 0.99999982118606567 0
2446 -0.00059018278261646628 0.99999982118606567 -0
2447 -0.00056150380987673998 0.99999988079071045 0
2448 -0.00056407559895887971 0.99999988079071045 0
2449 -0.00054046849254518747 0.99999988079071045 0
2450 -0.00054391956655308604 0.99999988079071045 0
2451 -0.00058269267901778221 0.99999982118606567 0
2452 -0.00058411166537553072 0.99999982118606567 -0
2453 -0.000562516157515347 0.99999988079071045 -0
2454 -0.00056027201935648918 0.99999988079071045 0
2455 -0.00058505672495812178 0.99999982118606567 0
2456 -0.56124979257583618 0.82764643430709839 -0.00043778883991762996
2457 -0.5886375904083252 0.80839693546295166 -0.00039969940553419292
2458 -0.38690981268882751 0.92211687564849854 -0.0011297931196168065
2459 -0.40026521682739258 0.91639882326126099 -0.0010444843210279942
2460 -0.079478003084659576 -0.99683660268783569 -0.00032865116372704506
2461 -0.99355250597000122 0.11337175965309143 -0.00055392872309312224
2462 -0.99492257833480835 0.10064159333705902 -0.00053976511117070913
2463 -0.10452360659837723 -0.99452239274978638 -0.00027668906841427088
2464 -0.85697996616363525 0.51534956693649292 -0.000445468322141096
2465 -0.99587780237197876 -0.090703576803207397 -0.00053345557535067201
2466 -0.9946211576461792 -0.10357885807752609 -0.00052935880376026034
2467 -0.58831286430358887 -0.80863344669342041 1.6743235391913913e-05
2468 -0.9460529088973999 0.32401195168495178 -0.00048613478429615498
2469 -0.9566044807434082 0.29138913750648499 -0.00049993570428341627
2470 -0.097578234970569611 0.9952273964881897 -0.00095386564498767257
2471 -0.82107019424438477 -0.57082706689834595 -0.00060021085664629936
2472 -0.307259202003479 -0.9516257643699646 -0.0004909449489787221
2473 -0.88564503192901611 0.46436280012130737 -0.00033553768298588693
2474 -0.30260074138641357 0.9531172513961792 -0.00061218376504257321
2475 -0.82507479190826416 -0.56502324342727661 -0.00062571879243478179
2476 -0.40073001384735107 -0.91619610786437988 -0.00040606583934277296
2477 -0.95795202255249023 -0.28692802786827087 -0.00055519328452646732
2478 -0.30073404312133789 0.95370775461196899 -0.00075588194886222482
2479 -0.95686799287796021 -0.29052257537841797 -0.00057391490554437041
2480 -0.39204487204551697 -0.91994607448577881 -0.0003318401868455112
2481 -0.61736345291137695 -0.78667813539505005 -0.00010199138341704383
2482 -0.30140921473503113 -0.95349478721618652 -0.00043958719470538199
2483 -0.083497539162635803 0.99650764465332031 -0.00083860143786296248
2484 -0.3926868736743927 -0.91967213153839111 -0.00051316362805664539
2485 -0.29782184958457947 0.95462119579315186 -0.00074458110611885786
2486 -0.30096521973609924 0.95363491773605347 -0.00061432394431903958
2487 -0.22830405831336975 0.97358965873718262 -0.00069458293728530407
2488 -0.22852219641208649 0.97353845834732056 -0.00070070603396743536
2489 -0.12074913829565048 -0.9926830530166626 -0.000342904357239604
2490 -0.32832857966423035 -0.94456344842910767 -0.00051713368156924844
2491 -0.41575121879577637 -0.90947824716567993 -0.00055007642367854714
2492 -0.23678815364837646 -0.9715612530708313 -0.00034904596395790577
2493 -0.079478003084659576 -0.99683660268783569 -0.00033529280335642397
2494 -0.59124308824539185 -0.80649322271347046 -0.00049936451250687242
2495 -0.40977099537849426 0.91218835115432739 -0.00034702091943472624
2496 -0.50070631504058838 0.86561715602874756 -0.00036306030233390629
2497 -0.24386599659919739 -0.96980893611907959 -0.00032994654611684382
2498 -0.50998890399932861 -0.86018091440200806 -0.00050109840231016278
2499 -0.41133573651313782 0.9114837646484375 -0.00048965000314638019
2500 -0.41123074293136597 0.91153115034103394 -0.00053198379464447498
2501 -0.74508070945739746 -0.66697418689727783 -0.00052997661987319589
2502 -0.67579936981201172 -0.73708546161651611 -0.00049012800445780158
2503 -0.11286148428916931 -0.993610680103302 -0.00032365546212531626
2504 -0.30897417664527893 0.95106959342956543 -0.0012786535080522299
2505 -0.95320188999176025 -0.30233418941497803 -0.00055795424850657582
2506 -0.86724656820297241 -0.4978785514831543 -0.00055143819190561771
2507 -0.81372952461242676 -0.58124345541000366 -0.00054029241437092423
2508 -0.58704870939254761 0.80955153703689575 -0.0003934043925255537
2509 -0.30031195282936096 0.95384091138839722 -0.00053874967852607369
2510 -0.53095775842666626 -0.84739822149276733 -0.00045760942157357931
2511 -0.91259676218032837 0.40886056423187256 -0.0004771386447828263
2512 -0.41742917895317078 -0.90870928764343262 -0.00055058632278814912
2513 -0.41234400868415833 0.91102814674377441 -0.00038256894913502038
2514 -0.66736024618148804 0.74473494291305542 -0.00040609372081235051
2515 -0.91267430782318115 0.40868750214576721 -0.00047309929504990578
2516 -0.58444273471832275 -0.81143480539321899 -0.00045885186409577727
2517 -0.41138201951980591 0.91146296262741089 -0.00038282331661321223
2518 -0.7847558856010437 0.61980491876602173 -0.00040206639096140862
2519 -0.86884307861328125 -0.49508747458457947 -0.00041274481918662786
2520 -0.50184696912765503 0.86495643854141235 -0.00036268073017708957
2521 -0.70500767230987549 0.70919960737228394 -0.00036810414167121053
2522 -0.40782195329666138 0.91306143999099731 -0.00031957373721525073
2523 -0.91559672355651855 -0.40209752321243286 -0.00055418239207938313
2524 -0.58704876899719238 0.80955147743225098 -0.00040175480535253882
2525 -0.30768519639968872 0.95148807764053345 -0.00054002244723960757
2526 -0.49994692206382751 0.86605602502822876 -0.00036246774834580719
2527 -0.499988853931427 -0.86603176593780518 -0.00043804582674056292
2528 -0.91857117414474487 -0.39525526762008667 -0.00055906304623931646
2529 -0.91355150938034058 -0.40672272443771362 -0.00049741956172510982
2530 -0.59191161394119263 -0.80600273609161377 -0.00049231800949200988
2531 -0.40982151031494141 0.91216570138931274 -0.00032778416061773896
2532 -0.86939191818237305 -0.49412301182746887 -0.00038593544741161168
2533 -0.42553934454917908 -0.90493988990783691 -0.00037498201709240675
2534 -0.74112457036972046 0.67136740684509277 -0.00042810317245312035
2535 -0.99464297294616699 -0.10336895287036896 -0.00055864255409687757
2536 -0.4981340765953064 0.86709994077682495 -0.00038707020576111972
2537 -0.50157219171524048 0.86511576175689697 -0.00036936765536665916
2538 -0.30903178453445435 0.95105159282684326 -0.00050275883404538035
2539 -0.3090023398399353 -0.95106112957000732 -0.00054899486713111401
2540 -0.58853906393051147 0.80846869945526123 -0.00035452068550512195
2541 -0.95177477598190308 -0.30679726600646973 -0.000494728097692132
2542 -0.40239766240119934 -0.91546499729156494 2.7909980417462066e-05
2543 -0.52657675743103027 -0.85012751817703247 -0.00043152886792086065
2544 -0.51129764318466187 -0.85940355062484741 -0.00051644479390233755
2545 -0.66734099388122559 0.74475222826004028 -0.00040972654824145138
2546 -0.67922365665435791 -0.73393124341964722 -0.00048850849270820618
2547 -0.75090163946151733 -0.66041386127471924 -0.00049870926886796951
2548 -0.58538562059402466 0.81075495481491089 -0.00036743542295880616
2549 -0.42359334230422974 -0.90585243701934814 -0.00037114135921001434
2550 -0.4132131040096283 0.91063398122787476 -0.00086252542678266764
2551 -0.58829903602600098 0.80864334106445312 -0.00036327345878817141
2552 -0.99395555257797241 0.10978233069181442 -0.0005021202377974987
2553 -0.97815042734146118 -0.20789791643619537 -0.00046388764167204499
2554 -0.97754138708114624 0.21074312925338745 -0.00048417941434308887
2555 -0.58840978145599365 -0.80856281518936157 -0.00046784977894276381
2556 -0.97798305749893188 0.20868378877639771 -0.00046186408144421875
2557 -0.42128473520278931 -0.90692830085754395 -0.00051200314192101359
2558 -0.58817797899246216 0.80873149633407593 -0.00038353714626282454
2559 -0.81575965881347656 -0.57839077711105347 -0.00051954260561615229
2560 -0.51141512393951416 -0.85933363437652588 -0.00051990448264405131
2561 -0.5875738263130188 0.80917054414749146 -0.00038631021743640304
2562 -0.24432681500911713 -0.96969282627105713 -0.00051575840916484594
2563 -0.60037362575531006 -0.79971963167190552 -0.00032431373256258667
2564 -0.40910905599594116 0.91248548030853271 -0.00034138149931095541
2565 -0.66800260543823242 0.74415880441665649 -0.00040800616261549294
2566 -0.73633575439453125 0.67661631107330322 -0.00037935504224151373
2567 -0.30901414155960083 -0.95105749368667603 0.00011032067413907498
2568 -0.49998334050178528 0.86603480577468872 -0.00070073956158012152
2569 -0.49999713897705078 -0.86602705717086792 0.00011537296086316928
2570 -0.95118510723114014 0.30862069129943848 -0.00045992434024810791
2571 -0.50000971555709839 0.86601978540420532 -0.00036595945130102336
2572 -0.80900943279266357 0.58779549598693848 -0.00041257712291553617
2573 -0.80902612209320068 -0.58777254819869995 -0.00050353736151009798
2574 -0.80621349811553955 0.59162461757659912 -0.00045548591879196465
2575 -0.9512486457824707 0.30842477083206177 -0.00047493440797552466
2576 -0.86564576625823975 0.5006568431854248 -0.00046569312689825892
2577 -0.66807198524475098 0.74409663677215576 -0.00040264747804030776
2578 -0.74273800849914551 0.66958212852478027 -0.00037780540878884494
2579 -0.87101012468338013 -0.49126479029655457 -0.00053859344916418195
2580 -0.86796057224273682 0.49663299322128296 -0.00042706530075520277
2581 -0.59251779317855835 0.80555731058120728 -0.00036719554918818176
2582 -0.67812031507492065 -0.73495078086853027 -0.0004729524371214211
2583 -0.66913861036300659 0.74313759803771973 -0.0003568425599951297
2584 -0.66911828517913818 -0.74315577745437622 -0.00054728233953937888
2585 -0.32600626349449158 -0.94536745548248291 -0.00055859150597825646
2586 -0.86559039354324341 0.50075256824493408 -0.0004472332657314837
2587 -0.86846983432769775 0.49574187397956848 -0.00042717083124443889
2588 -0.86760455369949341 -0.49725452065467834 -0.00055380369303748012
2589 -0.7506568431854248 0.66069227457046509 -0.00029064802220091224
2590 -0.99514228105545044 -0.098445914685726166 -0.00056433310965076089
2591 -0.74271655082702637 0.66960585117340088 -0.00037387423799373209
2592 -0.74510252475738525 -0.66694974899291992 -0.00053250748896971345
2593 -0.66879427433013916 0.74344748258590698 -0.00039791688323020935
2594 -0.99461281299591064 -0.1036590188741684 -0.0004336305137258023
2595 -0.50192344188690186 0.86491197347640991 -0.00046572167775593698
2596 -0.52217131853103638 -0.85284066200256348 -0.00022555374016519636
2597 -0.72782754898071289 -0.6857600212097168 -0.00056369195226579905
2598 -0.4987005889415741 0.86677426099777222 -0.00039357200148515403
2599 -0.67917156219482422 -0.73397940397262573 -0.00048273321590386331
2600 -0.80627644062042236 0.59153884649276733 -0.00046021799789741635
2601 -0.66870594024658203 0.7435268759727478 -0.00039272502181120217
2602 -0.59792923927307129 -0.80154871940612793 -0.00046995744924061
2603 -0.0002822590759024024 -0.03019733726978302 0.99954396486282349
2604 -0.99462771415710449 -0.10351590812206268 -0.00052357924869284034
2605 -0.97931236028671265 -0.20235434174537659 -0.00038134169881232083
2606 -0.99451851844787598 0.10455972701311111 -0.00047545068082399666
2607 -0.97752130031585693 0.21083639562129974 -0.00047813646961003542
2608 -0.91354000568389893 0.40674877166748047 -0.00043600826757028699
2609 -0.75106674432754517 -0.66022616624832153 -0.00049305008724331856
2610 -0.917713463306427 -0.39724272489547729 -0.00053392461268231273
2611 -0.9519047737121582 -0.3063938319683075 -0.00050206162268295884
2612 -0.95381474494934082 -0.30039510130882263 -0.00052836094982922077
2613 -0.80902385711669922 0.58777570724487305 -0.0003861708682961762
2614 -0.9509473443031311 0.30935236811637878 -0.0004579594824463129
2615 -0.98003214597702026 -0.19883833825588226 -0.00052780756959691644
2616 -0.74186283349990845 0.670551598072052 -0.00042470733751542866
2617 -0.74104851484298706 0.67145144939422607 -0.00043470339733175933
2618 -0.80900734663009644 -0.5877983570098877 -0.00054296443704515696
2619 -0.0002396997733740136 0.030396532267332077 0.99953794479370117
2620 -0.99447453022003174 0.10497729480266571 -0.00046269115409813821
2621 -0.91757041215896606 -0.39757305383682251 -0.00051611202070489526
2622 -0.91433805227279663 0.40495169162750244 -0.00041174906073138118
2623 -0.91581922769546509 -0.40159037709236145 -0.00055567320669069886
2624 -0.99450653791427612 0.10467363893985748 -0.00047431280836462975
2625 -0.74175727367401123 0.67066836357116699 -0.00044511992018669844
2626 -0.97815036773681641 0.20789797604084015 -0.00046205340186133981
2627 -0.95093244314193726 0.30939820408821106 -0.0004598825762514025
2628 -0.99449503421783447 0.1047825962305069 -0.00046579790068790317
2629 -0.91353833675384521 -0.40675237774848938 -0.00056660204427316785
2630 -0.91355079412460327 0.4067244827747345 -0.00043819233542308211
2631 -0.00025438755983486772 0.030401811003684998 0.99953770637512207
2632 -0.00016792325186543167 -0.030252121388912201 0.99954229593276978
2633 -0.99534910917282104 -0.096332430839538574 -0.00054994854144752026
2634 -0.9790489673614502 -0.20362472534179688 -0.00040036538848653436
2635 -0.99537080526351929 -0.09610777348279953 -0.00055547791998833418
2636 -0.99463218450546265 -0.10347296297550201 -0.00043252893374301493
2637 -0.9140777587890625 0.40553885698318481 -0.00040404649917036295
2638 -0.00054844288388267159 -0.030256303027272224 0.9995419979095459
2639 -0.95389002561569214 -0.30015596747398376 -0.00054192793322727084
2640 -0.48039644956588745 -0.87705147266387939 -8.1645892350934446e-05
2641 -0.81486135721206665 -0.57965570688247681 -0.00053414789726957679
2642 -0.97814452648162842 0.20792560279369354 -0.00046868529170751572
2643 -5.0259368435945362e-05 0.030311794951558113 0.99954050779342651
2644 -0.97656571865081787 0.2152189314365387 -0.00052923324983566999
2645 -0.97982561588287354 -0.19985386729240417 -0.00055833341320976615
2646 -0.67829412221908569 -0.7347903847694397 -0.00047781126340851188
2647 -0.58578461408615112 0.8104667067527771 -0.00037535408046096563
2648 -0.80698728561401367 0.59056872129440308 -0.00045670315739698708
2649 -0.99370217323303223 0.1120530292391777 -0.00053344445768743753
2650 -0.78345698118209839 0.62144589424133301 -0.0003983452043030411
2651 -0.86357128620147705 0.50422656536102295 -0.00045183583279140294
2652 -0.97978353500366211 -0.20005981624126434 -0.00055694225011393428
2653 -0.99371546506881714 0.11193440109491348 -0.00053386221406981349
2654 -0.97898334264755249 -0.20393972098827362 -0.00056920904899016023
2655 -0.60031664371490479 -0.79976242780685425 -0.00033011505729518831
2656 -0.97653770446777344 0.21534596383571625 -0.00053195451619103551
2657 -0.81509310007095337 -0.5793297290802002 -0.00053422822384163737
2658 -0.75280708074569702 -0.6582411527633667 -0.00045473405043594539
2659 -0.91089177131652832 0.41264510154724121 -0.00046305431169457734
2660 -0.80684036016464233 0.59076946973800659 -0.000453170359833166
2661 -0.94906193017959595 0.31508934497833252 -0.0004968087887391448
2662 -0.95313411951065063 -0.30254769325256348 -0.00055168598191812634
2663 -0.8634381890296936 0.50445449352264404 -0.00046020117588341236
2664 -0.80808079242706299 0.58907157182693481 -0.0004459610499907285
2665 -0.87118673324584961 -0.49095162749290466 -0.00053465075325220823
2666 -0.59827423095703125 -0.80129128694534302 -0.00047183415153995156
2667 -0.58304381370544434 -0.81244069337844849 2.656815922819078e-05
2668 -0.75469624996185303 -0.65607428550720215 -0.00043132825521752238
2669 -0.91703975200653076 -0.39879545569419861 -0.0005308173131197691
2670 -0.50560915470123291 0.86276257038116455 -0.0004694902163464576
2671 -0.42166310548782349 -0.90675240755081177 -0.00050884479423984885
2672 -0.75057202577590942 -0.66078853607177734 -0.00051775830797851086
2673 -0.87644851207733154 -0.48149541020393372 -0.00050074676983058453
2674 -0.86432123184204102 0.50294005870819092 -0.00046664697583764791
2675 -0.97675305604934692 0.21436704695224762 -0.00051546969916671515
2676 -0.75008231401443481 -0.66134434938430786 -0.00052734353812411427
2677 -0.91144078969955444 0.4114309549331665 -0.00047356958384625614
2678 -0.80815786123275757 0.5889657735824585 -0.00044677144614979625
2679 -0.69385921955108643 -0.72011047601699829 -0.00054703449131920934
2680 -0.86417645215988159 0.5031886100769043 -0.00047125469427555799
2681 -0.38727205991744995 -0.92196547985076904 -0.00028310521156527102
2682 -0.65538144111633301 0.7552979588508606 -0.00039122195448726416
2683 -0.50936734676361084 -0.86054909229278564 -0.00050382985500618815
2684 -0.81301862001419067 -0.58223754167556763 -0.00053859071340411901
2685 -0.65905851125717163 0.75209158658981323 -0.00039311396540142596
2686 -0.91133415699005127 0.41166722774505615 -0.00047589722089469433
2687 -0.66912627220153809 0.74314874410629272 -0.00019496084132697433
2688 -0.74980258941650391 -0.66166138648986816 -0.00052668066928163171
2689 -0.076561823487281799 -0.99706476926803589 -0.00031406583730131388
2690 -0.095677196979522705 0.99541211128234863 -0.00083585793618112803
2691 -0.94901913404464722 0.31521826982498169 -0.00049504864728078246
2692 -0.73759138584136963 0.6752471923828125 -0.00039599573938176036
2693 -0.81565332412719727 -0.57854080200195312 -0.00052547280211001635
2694 -0.97898983955383301 -0.20390833914279938 -0.00056531350128352642
2695 -0.55676043033599854 0.83067303895950317 -0.00040498425369150937
2696 -0.68528741598129272 -0.72827261686325073 -0.0005042653065174818
2697 -0.87030261754989624 -0.49251711368560791 -0.00053412409033626318
2698 -0.67588841915130615 -0.7370038628578186 -0.00050439691403880715
2699 -0.86993849277496338 -0.4931599497795105 -0.00053275370737537742
2700 -0.092883117496967316 -0.99567699432373047 -0.00032058171927928925
2701 -0.096423991024494171 0.99533998966217041 -0.00090345647186040878
2702 -0.074997156858444214 0.99718344211578369 -0.00080886413343250751
2703 -0.08347504585981369 -0.996509850025177 -0.00031556386966258287
2704 -0.3987390398979187 -0.91706442832946777 8.5129649960435927e-06
2705 -0.94962257146835327 0.31339547038078308 -0.00049204914830625057
2706 -0.00020212505478411913 0.030237207189202309 0.99954277276992798
2707 -0.91722226142883301 -0.39837548136711121 -0.00053806800860911608
2708 -0.99512016773223877 -0.098668694496154785 -0.00055921386228874326
2709 -0.95168304443359375 -0.30708152055740356 -0.0005531968199647963
2710 -0.95167165994644165 -0.30711686611175537 -0.00055721082026138902
2711 -0.99465298652648926 -0.10327207297086716 -0.00056125642731785774
2712 -0.99486786127090454 0.10118140280246735 -0.0005565356113947928
2713 -0.85676926374435425 0.51569980382919312 -0.00044471427099779248
2714 -0.94653052091598511 0.32261404395103455 -0.00049712933832779527
2715 -0.95674794912338257 0.29091781377792358 -0.0004970477893948555
2716 -0.94965600967407227 0.31329420208930969 -0.00049110199324786663
2717 -0.99395358562469482 0.10980036109685898 -0.00049820734420791268
2718 -0.95958024263381958 -0.28143468499183655 -0.00050477002514526248
2719 -0.00051011721370741725 -0.030268499627709389 0.99954169988632202
2720 -0.99366974830627441 0.11233948171138763 -0.00056583678815513849
2721 -0.00040611633448861539 -0.030016425997018814 0.99954938888549805
2722 -0.97675913572311401 0.21433950960636139 -0.00050879130139946938
2723 -0.66913533210754395 -0.74314051866531372 -0.000247048563323915
2724 -0.82418262958526611 -0.56632387638092041 -0.00053056649630889297
2725 -0.97814399003982544 -0.20792821049690247 -0.00055675453040748835
2726 -0.91099065542221069 0.41242691874504089 -0.00042093070806004107
2727 -0.97795575857162476 0.20881175994873047 -0.00047148493467830122
2728 -0.23572359979152679 -0.97182005643844604 -0.00040642431122250855
2729 -0.87987005710601807 -0.47521412372589111 -0.00053610204486176372
2730 -0.075578860938549042 -0.99713981151580811 -0.00031929140095598996
2731 -2.8272119379835203e-05 0.03110419400036335 0.99951618909835815
2732 -0.99594032764434814 -0.090014822781085968 -0.00051779707428067923
2733 -0.9800342321395874 -0.19882816076278687 -0.00052215997129678726
2734 -0.90097248554229736 -0.4338759183883667 -0.00059689074987545609
2735 -0.10455792397260666 0.9945182204246521 -0.0010681460844352841
2736 -0.077234320342540741 0.99701249599456787 -0.00096509495051577687
2737 -0.23222470283508301 -0.97266215085983276 -0.0003654783358797431
2738 -0.23883076012134552 0.97106105089187622 -0.00061429041670635343
2739 -0.077567718923091888 -0.99698704481124878 -0.00031699409009888768
2740 -0.079273559153079987 0.9968525767326355 -0.0008206565398722887
2741 -0.23911938071250916 0.97098994255065918 -0.00075164437294006348
2742 -0.081087559461593628 -0.99670696258544922 -0.00031968089751899242
2743 -0.34798669815063477 -0.93749946355819702 -0.00020301395852584392
2744 -0.090540967881679535 0.9958922266960144 -0.0010388796217739582
2745 -0.079546570777893066 -0.99683111906051636 -0.00031177696655504405
2746 -0.35372698307037354 -0.9353487491607666 -0.0002237979497294873
2747 -0.91613799333572388 -0.40086269378662109 -0.00056627584854140878
2748 -0.23036846518516541 0.97310316562652588 -0.00083645881386473775
2749 -0.74352788925170898 -0.6687048077583313 -0.00053062138613313437
2750 -0.74973505735397339 0.66173809766769409 -0.00029472645837813616
2751 -0.34867358207702637 -0.93724417686462402 -0.00016410311218351126
2752 -0.70907539129257202 0.70513266324996948 -0.0003839696291834116
2753 -0.085512928664684296 0.99633681774139404 -0.00072792853461578488
2754 -0.1045360192656517 -0.99452114105224609 -0.00024241629580501467
2755 -0.086225539445877075 0.99627512693405151 -0.0010149199515581131
2756 -0.086401298642158508 0.99625998735427856 -0.00090905214892700315
2757 -0.073301427066326141 -0.99730980396270752 -0.00033050318597815931
2758 -0.075099743902683258 0.99717575311660767 -0.00080911722034215927
2759 -0.075231768190860748 -0.99716603755950928 -0.00032634849776513875
2760 -0.72812044620513916 -0.68544900417327881 -0.00056757201673462987
2761 -0.51722198724746704 -0.85585129261016846 -0.00022943077783565968
2762 -0.23133985698223114 0.97287279367446899 -0.00069878506474196911
2763 -0.48487710952758789 -0.87458229064941406 -0.00010799123265314847
2764 -0.24077503383159637 -0.97058087587356567 -0.00046843610471114516
2765 -0.90163236856460571 -0.43250283598899841 -0.00060084299184381962
2766 -0.22133651375770569 -0.975197434425354 -0.00027398514794185758
2767 -0.082837596535682678 0.99656277894973755 -0.00079614121932536364
2768 -0.075683347880840302 -0.99713188409805298 -0.00031155819306150079
2769 -0.085870049893856049 -0.99630635976791382 -0.00031405946356244385
2770 -0.078864879906177521 -0.99688529968261719 -0.00032220847788266838
2771 -0.39554497599601746 0.91844624280929565 -0.00084095518104732037
2772 -0.38672202825546265 0.92219597101211548 -0.00082790938904508948
2773 -0.23143720626831055 -0.97284978628158569 -0.00038504370604641736
2774 -0.25305646657943726 0.96745109558105469 -0.00090951862512156367
2775 -0.073519997298717499 0.99729335308074951 -0.00093166145961731672
2776 -0.07041604071855545 0.99751734733581543 -0.0008621172746643424
2777 -0.084798790514469147 0.99639785289764404 -0.00079321273369714618
2778 -0.075206227600574493 0.99716764688491821 -0.00082309392746537924
2779 -0.23605535924434662 -0.97173953056335449 -0.000496776367072016
2780 -0.074198931455612183 0.99724310636520386 -0.00086088536772876978
2781 -0.22919318079948425 0.97338074445724487 -0.00070051936199888587
2782 -0.083195596933364868 -0.99653321504592896 -0.00033435193472541869
2783 -0.23735253512859344 -0.97142350673675537 -0.00049338594544678926
2784 -0.61738824844360352 -0.78665858507156372 -9.8226671980228275e-05
2785 -0.2341679185628891 0.97219598293304443 -0.00059896742459386587
2786 -0.219969242811203 -0.97550684213638306 -0.00019299333507660776
2787 -0.075009703636169434 -0.99718278646469116 -0.00030704675009474158
2788 -0.34352520108222961 0.93914312124252319 -0.0008095849771052599
2789 -0.82109218835830688 0.57079547643661499 -0.00040561475907452404
2790 -0.10449198633432388 0.99452531337738037 -0.00094477314269170165
2791 -0.82188129425048828 0.56965863704681396 -0.00040100334445014596
2792 -0.88507020473480225 0.46545740962028503 -0.00032236607512459159
2793 -0.22005710005760193 -0.97548699378967285 -0.00027412996860221028
2794 -0.21348960697650909 0.97694498300552368 -0.00087444105884060264
2795 -0.21094280481338501 0.97749811410903931 -0.00080784747842699289
2796 -0.35012426972389221 -0.93670320510864258 -0.00025289910263381898
2797 -0.95592236518859863 -0.2936190664768219 -0.00054305040976032615
2798 -0.82327866554260254 -0.56763714551925659 -0.00061875395476818085
2799 -0.074065938591957092 -0.99725329875946045 -0.00031730113551020622
2800 -0.066826939582824707 0.9977642297744751 -0.00083567359251901507
2801 -0.22666485607624054 -0.97397279739379883 -0.00024451225181110203
2802 -0.23710471391677856 -0.97148406505584717 -0.00029767470550723374
2803 -0.25296315550804138 0.9674755334854126 -0.00090084050316363573
2804 -0.22200064361095428 -0.97504651546478271 -0.0002714159491006285
2805 -0.21764926612377167 -0.97602701187133789 -0.00028251306503079832
2806 -0.22950002551078796 0.97330838441848755 -0.00078437640331685543
2807 -0.22265876829624176 0.9748961329460144 -0.00079799478407949209
2808 -0.34682357311248779 0.93793004751205444 -0.00081031606532633305
2809 -0.20920482277870178 0.97787147760391235 -0.00090072269085794687
2810 -0.00025903675123117864 -1 0
2811 -0.00025717300013639033 -1 0
2812 -0.00026440565125085413 -1 -0
2813 -0.0002691250410862267 -1 0
2814 -0.00025162560632452369 -1 -0
2815 -0.00024784982088021934 -1 0
2816 -0.00025226635625585914 -1 -0
2817 -0.00026966046425513923 -1 -0
2818 -0.00025516439927741885 -1 -0
2819 -0.00025549941346980631 -1 0
2820 -0.00025470211403444409 -1 0
2821 -0.00025312654906883836 -1 0
2822 -0.00026006516418419778 -1 -0
2823 -0.00025850423844531178 -1 0
2824 -0.00024788492009975016 -1 -0
2825 -0.00025093072326853871 -1 0
2826 -0.00025064984220080078 -1 -0
2827 -0.00025945514789782465 -1 0
2828 -0.00025655564968474209 -1 -0
2829 -0.00025681019178591669 -1 0
2830 -0.00026132329367101192 -1 0
2831 -0.00025982380611822009 -1 0
2832 -0.00024758209474384785 -1 -0
2833 -0.00025342791923321784 -1 0
2834 -0.00025835796259343624 -1 0
2835 -0.00025329185882583261 -1 0
2836 -0.00026116089429706335 -1 -0
2837 -0.00024571834364905953 -1 0
2838 -0.00025912743876688182 -1 -0
2839 -0.00025746849132701755 -1 -0
2840 -0.00026961948606185615 -1 -0
2841 -0.00024885483435355127 -1 -0
2842 -0.00026995595544576645 -1 0
2843 -0.00026079808594658971 -1 0
2844 -0.0002685603394638747 -1 0
2845 -0.00025077711325138807 -1 0
2846 -0.00025033822748810053 -1 0
2847 -0.00025478113093413413 -1 -0
2848 -0.00025345131871290505 -1 -0
2849 -0.00025268184253945947 -1 0
2850 -0.00025517170433886349 -1 -0
2851 -0.0002546450705267489 -1 0
2852 -0.00025289104087278247 -1 0
2853 -0.00025327870389446616 -1 -0
2854 -0.00025438758893869817 -1 -0
2855 -0.00025407745852135122 -1 -0
2856 -0.00025151442969217896 -1 0
2857 -0.00025930299307219684 -1 0
2858 -0.00026041772798635066 -1 -0
2859 -0.00025914792786352336 -1 0
2860 -0.00025599388754926622 -1 0
2861 -0.00026128964964300394 -1 0
2862 -0.00025488497340120375 -1 0
2863 -0.00025799221475608647 -1 0
2864 -0.00025988815468735993 -1 0
2865 -0.00025812973035499454 -1 -0
2866 -0.00026094878558069468 -1 -0
2867 -0.00024497223785147071 -1 0
2868 -0.00025161096709780395 -1 0
2869 -0.00023097940720617771 -1 0
2870 -0.00025811072555370629 -1 0
2871 -0.00027262725052423775 -1 -0
2872 -0.00025937613099813461 -1 -0
2873 -0.00025259258109144866 -1 0
2874 -0.00025814727996475995 -1 0
2875 -0.00025586367701180279 -1 0
2876 -0.00025234973873011768 -1 -0
2877 -0.00027459926786832511 -1 -0
2878 -0.00025488791288807988 -1 -0
2879 -0.00025649418239481747 -1 0
2880 -0.00025718761025927961 -1 0
2881 -0.00025637424550950527 -1 0
2882 -0.00026091805193573236 -1 0
2883 -0.00026286666980013251 -1 0
2884 -0.00024710810976102948 -1 -0
2885 -0.00025038651074282825 -1 -0
2886 -0.00025448706583119929 -1 0
2887 -0.00025109894340857863 -1 0
2888 -0.00025911573902703822 -1 0
2889 -0.00025390484370291233 -1 0
2890 -0.00025564277893863618 -1 0
2891 -0.00025479719624854624 -1 -0
2892 -0.00025394870317541063 -1 0
2893 -0.00025235707289539278 -1 0
2894 -0.00025252089835703373 -1 0
2895 -0.00025385507615283132 -1 0
2896 -0.00025291883503086865 -1 0
2897 -0.00025631132302805781 -1 0
2898 -0.00025133742019534111 -1 0
2899 -0.00025107993860729039 -1 0
2900 -0.00025479719624854624 -1 0
2901 -0.00025238632224500179 -1 0
2902 -0.00025467286468483508 -1 0
2903 -0.00025324505986645818 -1 0
2904 -0.0002519225818105042 -1 0
2905 -0.00024790831957943738 -1 0
2906 -0.00026614946546033025 -1 0
2907 -0.00025182749959640205 -1 0
2908 -0.00025320847635157406 -1 0
2909 -0.00026489427546039224 -1 0
2910 -0.00025685408036224544 -1 -0
2911 -0.00025698280660435557 -1 -0
2912 -0.00025883779744617641 -1 -0
2913 -0.00024609430693089962 -1 0
2914 -0.00025452219415456057 -1 0
2915 -0.00025474600261077285 -1 0
2916 -0.0002585217880550772 -1 -0
2917 -0.00025223565171472728 -1 -0
2918 -0.00027078398852609098 -1 0
2919 -0.00025407891371287405 -1 -0
2920 -0.00025777571136131883 -1 0
2921 -0.00025711447233334184 -1 0
2922 -0.00025291735073551536 -1 -0
2923 -0.0002564210444688797 -1 -0
2924 -0.00026834968593902886 -1 0
2925 -0.00025854812702164054 -1 0
2926 -0.0002510345948394388 -1 0
2927 -0.00025497569004073739 -1 0
2928 -0.00026553502539172769 -1 -0
2929 -0.00027160614263266325 -1 -0
2930 -0.00025859495508484542 -1 -0
2931 -0.00025581978843547404 -1 -0
2932 -0.00025189184816554189 -1 0
2933 -0.00024896601098589599 -1 0
2934 -0.00025476794689893723 -1 0
2935 -0.00024672190193086863 -1 0
2936 -0.00025051672128029168 -1 0
2937 -0.0002466619189362973 -1 0
2938 -0.0002590864896774292 -1 -0
2939 -0.00026019831420853734 -1 -0
2940 -0.00025150418514385819 -1 0
2941 -0.00026087710284627974 -1 0
2942 -0.00025548622943460941 -1 0
2943 -0.00023939558013807982 -1 0
2944 -0.00025767329498194158 -1 0
2945 -0.00025353618548251688 -1 0
2946 -0.00025386680499650538 -1 0
2947 -0.00026985062868334353 -1 -0
2948 -0.00025388874928466976 -1 -0
2949 -0.00025736901443451643 -1 -0
2950 -0.00025701790582388639 -1 -0
2951 -0.00025948439724743366 -1 -0
2952 -0.00026007540873251855 -1 0
2953 -0.00026124576106667519 -1 -0
2954 -0.00026030655135400593 -1 -0
2955 -0.00025526242097839713 -1 -0
2956 -0.00024631814449094236 -1 0
2957 -0.00025610506418161094 -1 -0
2958 -0.0002740111667662859 -1 -0
2959 -0.00025066445232369006 -1 0
2960 -0.00025771427317522466 -1 -0
2961 -0.00025906015071086586 -1 0
2962 -0.0002542442234698683 -1 0
2963 -0.00025030603865161538 -1 -0
2964 -0.00023613912344444543 -1 0
2965 -0.00025643859407864511 -1 0
2966 -0.00025230878964066505 -1 0
2967 -0.00027413407224230468 -1 0
2968 -0.00027196895098313689 -1 -0
2969 -0.00025790007202886045 -1 0
2970 -0.00026505813002586365 -1 0
2971 -0.00024347711587324739 -1 -0
2972 -0.00024725732509978116 -1 0
2973 -0.00023970425536390394 -1 0
2974 -0.00025362541782669723 -1 -0
2975 -0.00025449585518799722 -1 0
2976 -0.00025877341977320611 -1 0
2977 -0.00025953998556360602 -1 0
2978 -0.00023862754460424185 -1 0
2979 -0.00024258620396722108 -1 0
2980 -0.00024573443806730211 -1 -0
2981 -0.00026329091633670032 -1 -0
2982 -0.00025660829851403832 -1 -0
2983 -0.00024690915597602725 -1 0
2984 -0.00025270669721066952 -1 -0
2985 -0.00024640007177367806 -1 -0
2986 -0.00025609336444176733 -1 0
2987 -0.00025606117560528219 -1 0
2988 -0.00024448655312880874 -1 0
2989 -0.00025673411437310278 -1 -0
2990 -0.00026016612537205219 -1 0
2991 -0.00025756945251487195 -1 -0
2992 0.9725881814956665 -0.23253399133682251 -0.00044615654041990638
2993 0.096819639205932617 0.99530184268951416 -0.00051371025620028377
2994 0.73153764009475708 0.68180078268051147 -0.00068250641925260425
2995 0.74282395839691162 0.669486403465271 -0.0007147954311221838
2996 0.41086181998252869 0.91169744729995728 -0.00054631399689242244
2997 0.57220596075057983 0.82010996341705322 -0.00027007842436432838
2998 0.083142615854740143 0.99653756618499756 -0.00043435869156382978
2999 0.2926599383354187 0.95621657371520996 -0.0002535057719796896
3000 0.42750471830368042 0.90401297807693481 -0.00058008806081488729
3001 0.65459990501403809 -0.75597548484802246 -0.00031223666155710816
3002 0.97240638732910156 -0.23329304158687592 -0.00046194752212613821
3003 0.079048365354537964 -0.99687057733535767 -0.00065124937100335956
3004 0.67742037773132324 -0.73559588193893433 -0.00060348067199811339
3005 0.67623984813690186 -0.73668128252029419 -0.00060630781808868051
3006 0.28936108946800232 0.95722001791000366 -0.00024961450253613293
3007 0.24933381378650665 0.9684174656867981 -0.00055540888570249081
3008 0.22861076891422272 -0.9735177755355835 -0.00063229142688214779
3009 0.65862387418746948 -0.75247222185134888 -0.0004148316802456975
3010 0.5683671236038208 0.82277506589889526 -0.00027397030498832464
3011 0.44356846809387207 -0.89624035358428955 -0.00052143598441034555
3012 0.51319354772567749 -0.8582727313041687 -0.00059085054090246558
3013 0.4889257550239563 0.87232524156570435 -0.00049955485155805945
3014 0.3902839720249176 0.92069441080093384 -0.00052293372573330998
3015 0.95434081554412842 -0.2987196147441864 -0.00048678374150767922
3016 0.25364363193511963 -0.96729755401611328 -0.0005894295172765851
3017 0.61822992563247681 -0.78599715232849121 -0.00049457472050562501
3018 0.95399552583694458 -0.29982045292854309 -0.00048104184679687023
3019 0.7478829026222229 -0.66383057832717896 -0.00048679433530196548
3020 0.25567787885665894 -0.96676182746887207 -0.00060211861273273826
3021 0.25695466995239258 -0.96642333269119263 -0.00055496738059446216
3022 0.86984646320343018 -0.49332240223884583 -0.00047837695456109941
3023 0.60130506753921509 0.79901933670043945 -0.00062735227402299643
3024 0.81928545236587524 -0.57338559627532959 -0.00052733736811205745
3025 0.27422073483467102 -0.96166664361953735 -0.00052346807206049562
3026 -6.6537089878693223e-05 0.031972602009773254 -0.99948877096176147
3027 0.99819064140319824 0.060127552598714828 -0.00038856035098433495
3028 0.24915598332881927 -0.96846318244934082 -0.00058797240490093827
3029 -0.0001235792733496055 -0.028855189681053162 -0.99958360195159912
3030 0.89692890644073486 0.44217464327812195 -0.00034704073914326727
3031 0.9883541464805603 -0.15217091143131256 -0.00037764586159028113
3032 0.92181587219238281 -0.38762792944908142 -0.00043997543980367482
3033 0.24769169092178345 -0.96883881092071533 -0.00049261772073805332
3034 0.97814464569091797 -0.20792515575885773 -0.00048111510113812983
3035 0.58044153451919556 0.81430166959762573 -0.00072031142190098763
3036 0.66229444742202759 0.74924361705780029 -0.00035872260923497379
3037 0.24926067888736725 -0.96843624114990234 -0.00061888981144875288
3038 0.37439635396003723 0.92726868391036987 -0.00038057996425777674
3039 0.86161750555038452 -0.50755804777145386 -0.00042377950740046799
3040 0.91095894575119019 0.41249692440032959 -0.00040034003905020654
3041 0.24907737970352173 0.96848344802856445 -0.00058174447622150183
3042 0.22325459122657776 0.97476011514663696 -0.00035758473677560687
3043 0.58612406253814697 0.81022125482559204 -0.00026965478900820017
3044 0.66381162405014038 0.74789977073669434 -0.00037156202597543597
3045 0.91065990924835205 0.41315662860870361 -0.00040675917989574373
3046 0.27742639183998108 -0.96074676513671875 -0.00050844112411141396
3047 0.99567782878875732 -0.092873550951480865 -0.00051252031698822975
3048 0.9270978569984436 0.37481921911239624 -0.00044193994835950434
3049 0.66101640462875366 0.75037145614624023 -0.00029515352798625827
3050 0.73683559894561768 0.67607194185256958 -0.00037768782931379974
3051 0.80150413513183594 0.59798908233642578 -0.00039134835242293775
3052 0.66142791509628296 0.75000876188278198 -0.00030118730501271784
3053 0.44695946574211121 -0.89455407857894897 -0.00049645337276160717
3054 0.30543726682662964 0.95221221446990967 -0.00029399807681329548
3055 0.58302015066146851 -0.8124576210975647 -0.00024423428112640977
3056 0.19834953546524048 -0.98013114929199219 -0.00062629079911857843
3057 0.54672330617904663 -0.83731323480606079 -0.00046197444316931069
3058 0.86506450176239014 0.50166052579879761 -0.00041136992513202131
3059 0.95002669095993042 0.31216838955879211 -0.00040585611714050174
3060 0.30899935960769653 -0.95106202363967896 -0.0006816448294557631
3061 0.44933214783668518 -0.89336460828781128 -0.00049258378567174077
3062 0.73678088188171387 0.6761314868927002 -0.00037680554669350386
3063 0.80156135559082031 0.59791243076324463 -0.00039701195782981813
3064 0.80902361869812012 0.5877760648727417 -0.00037316125235520303
3065 0.50082117319107056 0.865550696849823 -0.00032757455483078957
3066 0.58796727657318115 0.80888468027114868 -0.00031846360070630908
3067 0.95030957460403442 0.31130632758140564 -0.00040555151645094156
3068 0.62728768587112427 -0.77878743410110474 -0.00050381140317767859
3069 0.40790396928787231 0.91302478313446045 -0.00031781441066414118
3070 0.54319947957992554 -0.83960360288619995 -0.000442053860751912
3071 0.90057343244552612 -0.43470370769500732 -0.00045297437463887036
3072 0.58990323543548584 -0.80747365951538086 -0.00065636268118396401
3073 0.46514767408370972 -0.88523292541503906 -0.00057271792320534587
3074 0.58759522438049316 0.80915498733520508 -0.00032284800545312464
3075 0.50049507617950439 0.86573934555053711 -0.0003358742396812886
3076 0.29967150092124939 0.95404243469238281 -0.00026577158132568002
3077 0.83394283056259155 -0.55185061693191528 -0.00049253250472247601
3078 0.86521708965301514 0.50139731168746948 -0.00040404358878731728
3079 0.9475024938583374 0.3197481632232666 -0.00036599868326447904
3080 0.40970540046691895 -0.91221767663955688 -0.00059215829242020845
3081 0.58155769109725952 -0.81350511312484741 -0.00026846310356631875
3082 0.85752838850021362 0.51443654298782349 -0.00039324277895502746
3083 0.59016531705856323 -0.80728214979171753 -0.00071992253651842475
3084 0.91355055570602417 0.40672498941421509 -0.00042317225597798824
3085 0.41167241334915161 0.9113318920135498 -0.00029408946284092963
3086 0.9816322922706604 0.19078230857849121 -0.00050755281699821353
3087 0.95220363140106201 0.30546361207962036 -0.00051476614316925406
3088 0.62324517965316772 -0.78202635049819946 -0.00045222046901471913
3089 0.41065302491188049 0.91179168224334717 -0.00028847518842667341
3090 0.30902630090713501 0.95105350017547607 -0.00031578217749483883
3091 0.5856783390045166 0.81054359674453735 -0.00030657352181151509
3092 0.24559018015861511 -0.96937352418899536 -0.0006453451351262629
3093 0.95242363214492798 0.30477693676948547 -0.0005247443332336843
3094 0.83367818593978882 -0.55225032567977905 -0.0004984347615391016
3095 0.51576465368270874 -0.85673010349273682 -0.00059184659039601684
3096 0.73775672912597656 -0.67506653070449829 -0.00039008440217003226
3097 0.70476967096328735 -0.70943605899810791 -0.00048525180318392813
3098 0.86806964874267578 0.4964422881603241 -0.00048322623479180038
3099 0.66779303550720215 0.74434691667556763 -0.00035007015685550869
3100 0.99394267797470093 -0.10989940166473389 -0.00037737845559604466
3101 0.30903497338294983 -0.95105046033859253 -0.00066061870893463492
3102 0.6674836277961731 0.74462443590164185 -0.00035593082429841161
3103 0.58628678321838379 0.81010347604751587 -0.00047878906480036676
3104 0.49999195337295532 0.86603003740310669 -0.00032222273875959218
3105 0.73851883411407471 -0.67423266172409058 -0.00039427026058547199
3106 0.77234178781509399 -0.63520705699920654 -0.0004849117249250412
3107 0.70306766033172607 -0.71112287044525146 -0.00048081501154229045
3108 0.24573527276515961 -0.96933680772781372 -0.00055040488950908184
3109 0.62398159503936768 -0.78143894672393799 -0.00044613756472244859
3110 0.74210262298583984 0.67028617858886719 -0.00036926509346812963
3111 0.46639767289161682 -0.88457494974136353 -0.00064143299823626876
3112 0.62712222337722778 -0.77892071008682251 -0.00049386295722797513
3113 0.66911715269088745 -0.74315673112869263 -0.00059491174761205912
3114 0.4999823272228241 -0.8660353422164917 -0.00066935300128534436
3115 0.5478014349937439 -0.83660823106765747 -0.000488299410790205
3116 0.31871497631072998 0.94785052537918091 -0.00038121530087664723
3117 0.74740028381347656 -0.66437381505966187 -0.00051446235738694668
3118 0.6291767954826355 -0.77726209163665771 -0.00046673641190864146
3119 0.36562132835388184 0.93076366186141968 -0.00032768235541880131
3120 0.50001043081283569 -0.86601930856704712 -0.00037478725425899029
3121 0.37953469157218933 -0.92517733573913574 -0.00062868284294381738
3122 0.73975175619125366 0.67287987470626831 -0.0003811792703345418
3123 0.80902528762817383 -0.58777374029159546 -0.00044528697617352009
3124 0.66160714626312256 0.7498505711555481 -0.0004103738465346396
3125 0.73855304718017578 0.67419528961181641 -0.00036828871816396713
3126 0.84033262729644775 -0.54207086563110352 -0.00049692695029079914
3127 0.46004566550254822 -0.88789516687393188 -0.00048148856149055064
3128 0.41009414196014404 -0.91204297542572021 -0.00060669908998534083
3129 0.73883587121963501 0.67388534545898438 -0.00037021891330368817
3130 0.62649953365325928 -0.77942168712615967 -0.00047483312664553523
3131 0.77356821298599243 -0.63371288776397705 -0.00046912627294659615
3132 0.45580312609672546 -0.89008057117462158 -0.00046794829540885985
3133 0.7997514009475708 0.60033124685287476 -0.00042831385508179665
3134 0.66913843154907227 0.74313777685165405 -0.00034900419996120036
3135 0.99448883533477783 0.10484064370393753 -0.00058989739045500755
3136 0.50189816951751709 0.86492657661437988 -0.00047912413720041513
3137 0.5477524995803833 -0.83664035797119141 -0.00044983701081946492
3138 0.54375898838043213 -0.83924126625061035 -0.00052952487021684647
3139 0.7033725380897522 -0.71082127094268799 -0.00048164316103793681
3140 0.73959064483642578 0.67305690050125122 -0.00037121985224075615
3141 0.73304164409637451 0.68018364906311035 -0.00045684596989303827
3142 0.54158443212509155 -0.84064626693725586 -0.00052912253886461258
3143 0.8090057373046875 0.58780050277709961 -0.00063141121063381433
3144 0.62603312730789185 -0.77979636192321777 -0.00048131265793927014
3145 0.80406087636947632 0.5945468544960022 -0.00038712465902790427
3146 0.5423884391784668 -0.84012770652770996 -0.00045162474270910025
3147 0.54631000757217407 -0.83758300542831421 -0.00046045554336160421
3148 -0.00042243005009368062 0.030257618054747581 -0.99954205751419067
3149 0.45037049055099487 -0.89284157752990723 -0.00060310860862955451
3150 0.58411598205566406 0.81167018413543701 -0.00035023779491893947
3151 0.90505129098892212 0.42530235648155212 -0.00041092350147664547
3152 0.8851056694984436 -0.46538987755775452 -0.00050672999350354075
3153 0.8039277195930481 0.59472697973251343 -0.00038937115459702909
3154 0.85584813356399536 0.51722699403762817 -0.00042558455606922507
3155 0.94418942928314209 0.32940289378166199 -0.00037976005114614964
3156 0.50000888109207153 0.86602020263671875 -0.00033708132104948163
3157 0.97814995050430298 -0.20790043473243713 -0.00034644248080439866
3158 0.62943577766418457 -0.77705234289169312 -0.00046301697148010135
3159 0.91353994607925415 0.40674886107444763 -0.00043412315426394343
3160 0.91353887319564819 -0.40675100684165955 -0.0005320374621078372
3161 0.66913783550262451 -0.74313831329345703 -0.0003170799755025655
3162 0.70600295066833496 -0.70820879936218262 -0.00046086430666036904
3163 0.96118181943893433 -0.27591532468795776 -0.00050128123257309198
3164 0.97814995050430298 0.2079002857208252 -0.00039496872341260314
3165 0.86041826009750366 0.50958842039108276 -0.00039441126864403486
3166 0.86065042018890381 0.50919598340988159 -0.00039422308327630162
3167 0.50029754638671875 0.86585348844528198 -0.00044543956755660474
3168 0.92861074209213257 -0.371055006980896 -0.00049537880113348365
3169 0.80277001857757568 0.59628874063491821 -0.00039529582136310637
3170 0.4099450409412384 0.91211014986038208 -0.00041029762360267341
3171 0.38045457005500793 -0.92479944229125977 -0.00063116964884102345
3172 0.36665162444114685 -0.9303581714630127 -0.0005553907249122858
3173 0.4238286018371582 0.90574222803115845 -0.00057313579600304365
3174 0.90753483772277832 0.41997677087783813 -0.00038358868914656341
3175 0.77385663986206055 -0.63336062431335449 -0.00047365360660478473
3176 0.94432324171066284 0.3290189802646637 -0.00038636924000456929
3177 0.77254599332809448 -0.63495862483978271 -0.00048126341425813735
3178 0.97814339399337769 0.20793077349662781 -0.00062193488702178001
3179 0.66120404005050659 0.75020605325698853 -0.00041343781049363315
3180 0.0005709334509447217 -0.029670126736164093 -0.99955964088439941
3181 0.86997199058532715 -0.49310100078582764 -0.00047815212747082114
3182 0.90640658140182495 0.42240628600120544 -0.00037998467450961471
3183 0.90487426519393921 0.42567884922027588 -0.00040870130760595202
3184 0.58462154865264893 0.81130599975585938 -0.00049241731176152825
3185 0.69833064079284668 -0.7157752513885498 -0.00046306030708365142
3186 0.99720466136932373 -0.074716977775096893 -0.00049315881915390491
3187 0.83243417739868164 -0.55412369966506958 -0.00050582777475938201
3188 0.54820150136947632 -0.83634620904922485 -0.00045302527723833919
3189 0.85922795534133911 0.5115928053855896 -0.00038145080907270312
3190 0.94317066669464111 0.33230850100517273 -0.00039706123061478138
3191 0.98466974496841431 -0.17442843317985535 -0.00049910432426258922
3192 0.7708478569984436 -0.63701909780502319 -0.00047990749590098858
3193 0.80900919437408447 -0.5877959132194519 -0.00044896875624544919
3194 0.66161864995956421 0.7498403787612915 -0.00053838442545384169
3195 0.99724495410919189 -0.074177339673042297 -0.00049562653293833137
3196 0.58346480131149292 0.81213837862014771 -0.00037005566991865635
3197 0.40492230653762817 -0.91435092687606812 -0.00059923972003161907
3198 0.45635369420051575 -0.88979834318161011 -0.00045694224536418915
3199 0.85925829410552979 0.51154196262359619 -0.00037684699054807425
3200 -0.00099839456379413605 0.029671980068087578 -0.99955922365188599
3201 0.70134603977203369 -0.71282094717025757 -0.00046766176819801331
3202 0.50137394666671753 0.86523056030273438 -0.00049404532182961702
3203 0.94524681568145752 0.32635623216629028 -0.00038349529495462775
3204 0.97330194711685181 0.2295282781124115 -0.00038851329009048641
3205 0.63114756345748901 -0.77566272020339966 -0.00044649580377154052
3206 0.88534653186798096 -0.46493151783943176 -0.00049580069025978446
3207 0.90773886442184448 0.41953554749488831 -0.00037739996332675219
3208 0.54782766103744507 -0.83659106492996216 -0.00049210304860025644
3209 0.40959811210632324 0.91226595640182495 -0.00042177719296887517
3210 0.49959111213684082 0.86626124382019043 -0.00044419430196285248
3211 0.76881366968154907 -0.63947272300720215 -0.0004838312161155045
3212 0.99147003889083862 0.13033387064933777 -0.0003922443138435483
3213 0.73537582159042358 0.67765939235687256 -0.00041292142122983932
3214 0.88642221689224243 -0.46287733316421509 -0.00049926812062039971
3215 0.80271601676940918 0.59636139869689941 -0.00039773492608219385
3216 0.92684376239776611 -0.37544694542884827 -0.00050418003229424357
3217 0.99193304777145386 0.12676215171813965 -0.00039946174365468323
3218 0.97408264875411987 0.22619226574897766 -0.00039099322748370469
3219 0.70447123050689697 -0.70973241329193115 -0.00047820882173255086
3220 0.98515850305557251 -0.17164658010005951 -0.00048590564983896911
3221 0.61717009544372559 -0.78682965040206909 -0.00051924283616244793
3222 0.83513641357421875 -0.55004262924194336 -0.00049116776790469885
3223 0.80662721395492554 0.59106045961380005 -0.000373252754798159
3224 0.70093291997909546 -0.71322709321975708 -0.0004663648724090308
3225 0.73521202802658081 0.67783713340759277 -0.00039836019277572632
3226 0.445768803358078 -0.89514791965484619 -0.00060683628544211388
3227 0.97258460521697998 0.23254914581775665 -0.00040047091897577047
3228 0.8839908242225647 -0.46750405430793762 -0.00049111025873571634
3229 0.85765838623046875 0.51421976089477539 -0.00039852163172326982
3230 -0.00098225357942283154 0.029650980606675148 -0.99955987930297852
3231 0.97268450260162354 0.23213076591491699 -0.00039631224353797734
3232 0.88422125577926636 -0.46706798672676086 -0.00049268989823758602
3233 0.74218255281448364 0.67019766569137573 -0.00036823409027419984
3234 0.94632577896118164 0.32321411371231079 -0.00037318846443668008
3235 0.94541233777999878 0.32587629556655884 -0.00038603102439083159
3236 0.99697697162628174 -0.077696025371551514 -0.00051505217561498284
3237 0.95985978841781616 -0.28047990798950195 -0.00051633431576192379
3238 0.55249613523483276 -0.83351540565490723 -0.00038783164927735925
3239 0.73340213298797607 0.67979490756988525 -0.00046462300815619528
3240 0.99703305959701538 -0.076973199844360352 -0.00051315722521394491
3241 0.77117675542831421 -0.63662093877792358 -0.00047610022011213005
3242 0.9284285306930542 -0.37151080369949341 -0.00049463927280157804
3243 0.86258918046951294 0.5059049129486084 -0.00039778841892257333
3244 0.83270072937011719 -0.55372315645217896 -0.00049654510803520679
3245 0.86237925291061401 0.50626271963119507 -0.00040798986447043717
3246 0.57897251844406128 0.81534683704376221 -0.00060576415853574872
3247 0.92767053842544556 -0.37339943647384644 -0.00049511436372995377
3248 0.7691459059715271 -0.63907307386398315 -0.00048518279800191522
3249 0.97341686487197876 0.22904051840305328 -0.00038504210533574224
3250 0.66078394651412964 0.7505759596824646 -0.00057871622266247869
3251 0.074288345873355865 0.99723672866821289 -0.00053327390924096107
3252 0.9274936318397522 -0.37383860349655151 -0.00049715832574293017
3253 0.98407191038131714 -0.17777042090892792 -0.00050786609062924981
3254 0.7994990348815918 0.60066723823547363 -0.00042416137875989079
3255 0.92667752504348755 -0.37585711479187012 -0.00049599877092987299
3256 0.99153459072113037 0.12984277307987213 -0.00039891805499792099
3257 0.94333767890930176 0.33183422684669495 -0.0004029249248560518
3258 0.90890240669250488 0.41700887680053711 -0.00038440848584286869
3259 0.70578354597091675 -0.70842742919921875 -0.00046285084681585431
3260 0.97393995523452759 0.22680579125881195 -0.00039127178024500608
3261 0.089334607124328613 -0.99600154161453247 -0.00059703073929995298
3262 -0.00090046506375074387 0.029524935409426689 -0.99956363439559937
3263 0.90632295608520508 0.42258557677268982 -0.00038109716842882335
3264 0.93289601802825928 -0.36014553904533386 -0.00043945352081209421
3265 0.66370284557342529 0.74799633026123047 -0.00035616054083220661
3266 0.98328375816345215 -0.1820792555809021 -0.00052832509391009808
3267 0.83097118139266968 -0.55631524324417114 -0.00049685372505337
3268 0.99184894561767578 0.12741878628730774 -0.0003936976136174053
3269 0.9852481484413147 -0.17113108932971954 -0.000481353112263605
3270 0.88274365663528442 -0.46985462307929993 -0.00052012060768902302
3271 0.96002292633056641 -0.27992090582847595 -0.0005182590102776885
3272 0.9966130256652832 -0.082232825458049774 -0.00051133573288097978
3273 0.96132922172546387 -0.27540144324302673 -0.00049628206761553884
3274 0.09294167160987854 0.99567145109176636 -0.0004823906347155571
3275 0.99373745918273926 0.11173949390649796 -0.00039729720447212458
3276 0.83126258850097656 -0.55587977170944214 -0.00049917958676815033
3277 0.88620531558990479 -0.46329256892204285 -0.00050432508578523993
3278 0.084684349596500397 -0.99640768766403198 -0.00062572001479566097
3279 0.99783843755722046 -0.065713830292224884 -0.00042738876072689891
3280 0.99798792600631714 0.063404105603694916 -0.00039117562118917704
3281 0.08370700478553772 0.9964902400970459 -0.00056500599021092057
3282 0.96283763647079468 -0.27008056640625 -0.00046839786227792501
3283 0.98458129167556763 -0.17492710053920746 -0.00049715978093445301
3284 0.98844873905181885 -0.15155531466007233 -0.00037545827217400074
3285 0.90866529941558838 0.41752523183822632 -0.00038462472730316222
3286 0.83492451906204224 -0.55036431550979614 -0.00048054620856419206
3287 0.088687300682067871 -0.9960593581199646 -0.00056860182667151093
3288 0.96207869052886963 -0.27277156710624695 -0.0004996155621483922
3289 0.98257356882095337 -0.18587377667427063 -0.00050011021085083485
3290 0.66332495212554932 0.74833136796951294 -0.00054238823940977454
3291 0.48765721917152405 0.8730350136756897 -0.00048567028716206551
3292 0.929607093334198 -0.36855188012123108 -0.00049688114086166024
3293 0.88805204629898071 -0.45974266529083252 -0.00049085530918091536
3294 0.69871300458908081 -0.71540194749832153 -0.00045575067633762956
3295 0.92946648597717285 -0.36890637874603271 -0.00050195690710097551
3296 0.96195119619369507 -0.27322110533714294 -0.00049499858869239688
3297 0.99780762195587158 -0.066180452704429626 -0.00041869416600093246
3298 0.98340344429016113 -0.18143153190612793 -0.00052915996639057994
3299 0.96272909641265869 -0.27046707272529602 -0.00046844157623127103
3300 0.94614648818969727 0.32373890280723572 -0.00037673951010219753
3301 0.93366551399230957 -0.35814601182937622 -0.00044329758384265006
3302 0.086683042347431183 0.99623578786849976 -0.00055067968787625432
3303 0.08533775806427002 -0.99635189771652222 -0.00065756047843024135
3304 0.66086649894714355 0.7505033016204834 -0.00059164559934288263
3305 0.99663907289505005 -0.081916019320487976 -0.00053209788165986538
3306 0.97583913803100586 0.2184901088476181 -0.00038162592682056129
3307 0.58473038673400879 0.81122761964797974 -0.00035047254641540349
3308 0.073849387466907501 0.99726933240890503 -0.00049945415230467916
3309 0.85614538192749023 0.51673489809036255 -0.0004365837958175689
3310 0.8063194751739502 0.59148019552230835 -0.0003871336521115154
3311 0.99681955575942993 -0.079690784215927124 -0.00051524513401091099
3312 0.77563470602035522 -0.63118201494216919 -0.00044979405356571078
3313 0.62995213270187378 -0.7766338586807251 -0.00037976805469952524
3314 0.98259872198104858 -0.18574053049087524 -0.00056039576884359121
3315 0.90350288152694702 0.42858195304870605 -0.00041942860116250813
3316 0.79764705896377563 0.60312438011169434 -0.00047576514771208167
3317 0.79465281963348389 0.60706400871276855 -0.00055375183001160622
3318 0.9911271333694458 0.1329166442155838 -0.00041341292671859264
3319 0.085638105869293213 -0.99632620811462402 -0.00055413221707567573
3320 0.88717538118362427 -0.46143209934234619 -0.00050052435835823417
3321 0.00051783770322799683 -0.029591837897896767 -0.99956196546554565
3322 0.086914710700511932 -0.9962155818939209 -0.00059446500381454825
3323 0.76465749740600586 -0.64443671703338623 -0.00053148024016991258
3324 0.58479458093643188 0.81118142604827881 -0.00034384609898552299
3325 0.92562961578369141 -0.37843042612075806 -0.00051327142864465714
3326 0.08543454110622406 0.99634367227554321 -0.00055079237790778279
3327 0.09651077538728714 -0.99533170461654663 -0.00066922575933858752
3328 0.98418283462524414 -0.17715536057949066 -0.00051385856932029128
3329 0.99742448329925537 -0.071723185479640961 -0.00046639409265480936
3330 0.73233175277709961 0.68094778060913086 -0.00057894852943718433
3331 0.96520709991455078 0.26148632168769836 -0.00043298292439430952
3332 0.76451319456100464 -0.64460790157318115 -0.00051790737779811025
3333 0.663596510887146 0.74809062480926514 -0.00036950010689906776
3334 0.92583215236663818 -0.37793460488319397 -0.00051834434270858765
3335 0.88299375772476196 -0.46938455104827881 -0.0005164605681784451
3336 0.99746203422546387 -0.071199163794517517 -0.00046465042396448553
3337 0.73154354095458984 0.68179446458816528 -0.00058124720817431808
3338 0.99108439683914185 0.13323521614074707 -0.00039571835077367723
3339 0.8292354941368103 -0.55889898538589478 -0.00052207318367436528
3340 0.086602531373500824 0.99624282121658325 -0.00053597294026985765
3341 0.086602531373500824 -0.99624282121658325 -0.00054805673426017165
3342 0.081596352159976959 -0.99666523933410645 -0.00066229444928467274
3343 0.95917814970016479 -0.2828020453453064 -0.00052949774544686079
3344 0.79800766706466675 0.60264706611633301 -0.00049010757356882095
3345 0.8295903205871582 -0.55837243795394897 -0.00052161887288093567
3346 0.98366737365722656 -0.17999495565891266 -0.00052134797442704439
3347 0.25140088796615601 0.96788293123245239 -0.00056016381131485105
3348 0.96044707298278809 -0.27846229076385498 -0.00050356949213892221
3349 0.99944561719894409 0.033291790634393692 -0.00042723712977021933
3350 0.085246466100215912 0.99635976552963257 -0.00056084082461893559
3351 0.00053355016279965639 -0.029700677841901779 -0.99955874681472778
3352 0.98379772901535034 -0.17928138375282288 -0.00051993347005918622
3353 0.25003218650817871 0.96823740005493164 -0.00055949797388166189
3354 0.99687647819519043 -0.078974694013595581 -0.00051843974506482482
3355 0.96059733629226685 -0.27794337272644043 -0.00050391402328386903
3356 0.08716641366481781 -0.99619364738464355 -0.00055761082330718637
3357 0.95901530981063843 -0.28335386514663696 -0.00053234380902722478
3358 0.90379220247268677 0.42797139286994934 -0.00042106406181119382
3359 0.086064092814922333 0.99628949165344238 -0.00054162240121513605
3360 0.99945640563964844 0.032965917140245438 -0.0004255278327036649
3361 0.11093609035015106 0.9938274621963501 -0.00045941650751046836
3362 0.97175431251525879 0.23599472641944885 -0.00039384287083521485
3363 0.091235615313053131 -0.99582916498184204 -0.0006893749232403934
3364 0.9922565221786499 0.12420504540205002 -0.00041113077895715833
3365 0.43840429186820984 -0.89877778291702271 -0.00051453156629577279
3366 0.88094234466552734 -0.47322329878807068 -0.00052386772586032748
3367 0.36857274174690247 -0.92959874868392944 -0.00055425416212528944
3368 0.97188252210617065 0.23546583950519562 -0.00038868471165187657
3369 0.97472375631332397 0.22341328859329224 -0.00039520132122561336
3370 0.99014252424240112 0.14006341993808746 -0.00037407400668598711
3371 0.9897419810295105 0.14286625385284424 -0.00037644809344783425
3372 0.086100496351718903 -0.99628633260726929 -0.00055356731172651052
3373 0.85457170009613037 0.51933324337005615 -0.00049150048289448023
3374 0.9938274621963501 0.11093650013208389 -0.00040270388126373291
3375 0.090198799967765808 -0.99592357873916626 -0.00062741601141169667
3376 0.99217116832733154 0.1248847022652626 -0.00040104103391058743
3377 0.086022213101387024 0.99629312753677368 -0.00053988606669008732
3378 0.45790722966194153 -0.88899987936019897 -0.00050003995420411229
3379 0.85392636060714722 0.5203937292098999 -0.00048847898142412305
3380 0.25066396594047546 0.96807402372360229 -0.00056231836788356304
3381 -0.00082491134526208043 0.029322721064090729 -0.99956971406936646
3382 0.81947422027587891 -0.57311582565307617 -0.00051557295955717564
3383 0.00045724090887233615 -0.02930544875562191 -0.99957042932510376
3384 0.94097805023193359 0.33846732974052429 -0.00045308136031962931
3385 0.97456777095794678 0.22409266233444214 -0.00038971839239820838
3386 0.88123279809951782 -0.47268223762512207 -0.00052191060967743397
3387 0.9478294849395752 0.3187776505947113 -0.00036875487421639264
3388 0.11703372746706009 0.99312788248062134 -0.00047917669871822
3389 0.92202150821685791 -0.38713839650154114 -0.00048826765851117671
3390 0.30899420380592346 0.95106363296508789 -0.00080114579759538174
3391 0.99270504713058472 0.12056731432676315 -0.00039555033436045051
3392 0.94880986213684082 -0.31584778428077698 -0.00028989108977839351
3393 0.3211979866027832 0.94701206684112549 -0.00033120517036877573
3394 0.40277999639511108 0.91529673337936401 -0.00046390999341383576
3395 0.076616853475570679 -0.99706047773361206 -0.00056096841581165791
3396 0.57751274108886719 0.81638151407241821 -0.00060180772561579943
3397 0.083257921040058136 -0.99652779102325439 -0.00069850898580625653
3398 0.34640434384346008 0.93808513879776001 -0.0005100141279399395
3399 0.24905960261821747 0.96848803758621216 -0.00057188729988411069
3400 0.24927696585655212 0.96843206882476807 -0.00056682393187656999
3401 0.9761044979095459 0.21730144321918488 -0.00038105063140392303
3402 0.19863468408584595 -0.98007339239120483 -0.00062647589948028326
3403 0.2224268764257431 0.97494930028915405 -0.00037004824844188988
3404 0.41144895553588867 0.91143262386322021 -0.00055584229994565248
3405 0.23972627520561218 -0.97084033489227295 -0.00066673109540715814
3406 0.99261975288391113 0.12126778066158295 -0.00039104721508920193
3407 0.10454503446817398 0.99452000856399536 -0.00060036859940737486
3408 0.077234350144863129 0.99701285362243652 -0.00053684634622186422
3409 0.50966048240661621 0.86037552356719971 -0.00040261232061311603
3410 0.60618531703948975 0.79532325267791748 -0.00057655677665024996
3411 0.2435331791639328 0.96989244222640991 -0.000568449089769274
3412 0.50617903470993042 0.86242836713790894 -0.00037864036858081818
3413 0.42972174286842346 0.90296125411987305 -0.00056851620320230722
3414 0.73953646421432495 0.67311602830886841 -0.00081436283653602004
3415 0.38890352845191956 -0.92127829790115356 -0.00061169161926954985
3416 0.00024130591191351414 -0.027908956632018089 -0.99961048364639282
3417 0.79401803016662598 -0.60789400339126587 -0.00048272075946442783
3418 -0.00073124468326568604 0.027247719466686249 -0.99962848424911499
3419 0.9821619987487793 0.18803620338439941 -0.00050488085253164172
3420 0.99568188190460205 -0.092829480767250061 -0.00050735264085233212
3421 0.21968165040016174 0.97557157278060913 -0.00048652698751538992
3422 0.86300909519195557 -0.50518816709518433 -0.00044029357377439737
3423 0.23831959068775177 0.97118675708770752 -0.00027887424221262336
3424 0.94859200716018677 -0.31650140881538391 -0.00029102998087182641
3425 0.081696920096874237 -0.99665707349777222 -0.00055272667668759823
3426 0.38652998208999634 -0.92227673530578613 -0.00049065996427088976
3427 0.073680303990840912 0.99728178977966309 -0.00053559383377432823
3428 0.71158194541931152 -0.70260310173034668 -0.00037858958239667118
3429 0.078816913068294525 0.99688899517059326 -0.00055549154058098793
3430 0.082432471215724945 -0.99659645557403564 -0.00068242050474509597
3431 0.40120881795883179 0.91598659753799438 -0.00035210265195928514
3432 0.088565386831760406 0.99607020616531372 -0.00060707214288413525
3433 0.078928790986537933 -0.99688005447387695 -0.00064962846226990223
3434 0.86745631694793701 0.49751314520835876 -0.00048670003889128566
3435 0.73410689830780029 0.67903351783752441 -0.00072047329740598798
3436 0.38181647658348083 0.92423808574676514 -0.00035666866460815072
3437 0.35870179533958435 -0.9334520697593689 -0.00052379880798980594
3438 0.40602043271064758 0.9138638973236084 -0.00047128254664130509
3439 0.079161711037158966 -0.99686163663864136 -0.00064506562193855643
3440 0.10455790162086487 -0.99451839923858643 -0.00091556069673970342
3441 0.21882869303226471 0.97576326131820679 -0.00038524088449776173
3442 0.10451608151197433 -0.99452316761016846 -0.00042069226037710905
3443 0.8381163477897644 -0.54549139738082886 -0.00051270937547087669
3444 0.072486981749534607 -0.99736911058425903 -0.00070549000520259142
3445 0.71285504102706909 -0.70131134986877441 -0.00038789832615293562
3446 0.075528688728809357 -0.99714350700378418 -0.00053276773542165756
3447 0.38905826210975647 -0.92121291160583496 -0.00068856688449159265
3448 0.22056399285793304 0.97537243366241455 -0.00037465363857336342
3449 0.96508210897445679 0.26194718480110168 -0.00043160875793546438
3450 0.41663175821304321 0.90907514095306396 -0.00058164953952655196
3451 0.073443681001663208 0.99729925394058228 -0.00048074923688545823
3452 0.89647161960601807 0.44310110807418823 -0.00035247180494479835
3453 0.084248721599578857 0.9964447021484375 -0.00040640440420247614
3454 0.068630129098892212 0.99764209985733032 -0.00050522241508588195
3455 0.071687772870063782 0.99742704629898071 -0.00047790480311959982
3456 0.078707210719585419 -0.99689757823944092 -0.00063048198353499174
3457 0.077861770987510681 -0.99696403741836548 -0.00054732809076085687
3458 0.10451769083738327 0.99452298879623413 -0.00034347109613008797
3459 0.22429417073726654 -0.97452139854431152 -0.00050814851420000196
3460 0.073687009513378143 0.99728131294250488 -0.00052772794151678681
3461 0.37186893820762634 0.92828524112701416 -0.00032445264514535666
3462 0.57550877332687378 0.81779533624649048 -0.00068030180409550667
3463 0.51847618818283081 0.85509192943572998 -0.00046340713743120432
3464 0.28866371512413025 -0.95743042230606079 -0.000598399608861655
3465 0.40186700224876404 0.91569793224334717 -0.00053711794316768646
3466 0.52135258913040161 0.85334128141403198 -0.00050097511848434806
3467 0.065147422254085541 0.99787551164627075 -0.00051693455316126347
3468 0.23657827079296112 -0.97161221504211426 -0.00066257338039577007
3469 0.23332363367080688 0.97239911556243896 -0.0003135112056042999
3470 0.3707084059715271 -0.92874914407730103 -0.00064248184207826853
3471 0.66911226511001587 0.74316108226776123 -0.00061134767020121217
3472 0.28557240962982178 -0.95835697650909424 -0.00060225569177418947
3473 0.84385442733764648 0.5365719199180603 -0.00051189545774832368
3474 0.072995126247406006 0.99733221530914307 -0.00053770211525261402
3475 0.2452850341796875 -0.96945083141326904 -0.00059885805239900947
3476 0.40137195587158203 0.91591495275497437 -0.00062240386614575982
3477 0.79379618167877197 0.60818368196487427 -0.00055713497567921877
3478 0.069618947803974152 0.99757355451583862 -0.00049253093311563134
3479 -0.00047315764822997153 -0.037640158087015152 -0.99929124116897583
3480 0.54702156782150269 -0.83711850643157959 -0.00039569204091094434
3481 0.2173808217048645 0.97608685493469238 -0.00038604263681918383
3482 0.99469417333602905 0.10287482291460037 -0.0005879396921955049
3483 0.21341855823993683 0.97696083784103394 -0.00035050275619141757
3484 0.99450701475143433 -0.10466954112052917 -0.00037490468821488321
3485 0.89923286437988281 -0.43747010827064514 -0.00043520110193639994
3486 0.91354960203170776 -0.40672725439071655 -0.00030799495289102197
3487 0.77504831552505493 -0.63190180063247681 -0.00045366419362835586
3488 0.08185160905122757 -0.99664431810379028 -0.00066521298140287399
3489 0.26981303095817566 -0.96291261911392212 -0.00051576242549344897
3490 0.94109278917312622 0.33814817667007446 -0.00045634136768057942
3491 0.24105848371982574 -0.97051042318344116 -0.0005901992553845048
3492 0.24102245271205902 -0.97051942348480225 -0.00053295260295271873
3493 0.21390809118747711 0.97685378789901733 -0.00033446218003518879
3494 0.23834222555160522 -0.97118103504180908 -0.0006642980151809752
3495 0.79594051837921143 -0.60537475347518921 -0.00043086419464088976
3496 0.081727407872676849 -0.99665451049804688 -0.00063700834289193153
3497 0.27472129464149475 -0.96152377128601074 -0.00052017660345882177
3498 0.08211180567741394 0.99662303924560547 -0.00051154586253687739
3499 0.22901929914951324 0.97342187166213989 -0.00035845732782036066
3500 0.35475262999534607 -0.93496006727218628 -0.00050778890727087855
3501 0.23134911060333252 0.97287064790725708 -0.00057566387113183737
3502 0.22503231465816498 -0.97435116767883301 -0.00058263354003429413
3503 0.92682433128356934 0.37549504637718201 -0.00044933430035598576
3504 0.22390627861022949 0.97461062669754028 -0.0004400142643135041
3505 0.38428771495819092 -0.92321318387985229 -0.00067178613971918821
3506 0.38118025660514832 -0.92450064420700073 -0.00048542462172918022
3507 0.38530805706977844 -0.92278778553009033 -0.00062241638079285622
3508 0.40374845266342163 -0.91486984491348267 -0.00062987027922645211
3509 0.23384366929531097 0.97227418422698975 -0.00026246608467772603
3510 0.22438494861125946 -0.97450035810470581 -0.00065131700830534101
3511 0.24722477793693542 -0.96895796060562134 -0.000598871149122715
3512 0.069829106330871582 0.99755889177322388 -0.0004728407075162977
3513 0.23837941884994507 0.97117197513580322 -0.00053873652359470725
3514 0.37318596243858337 -0.92775630950927734 -0.00073000288102775812
3515 0.51673120260238647 0.85614758729934692 -0.00049013277748599648
3516 0.37715280055999756 -0.9261508584022522 -0.00065789587097242475
3517 0.20875951647758484 0.97796690464019775 -0.0004899845807813108
3518 0.059546709060668945 -0.99822533130645752 -0.00058711942983791232
3519 0.076526105403900146 -0.99706733226776123 -0.00069195643300190568
3520 0.075882196426391602 -0.99711668491363525 -0.00054640480084344745
3521 0.504416823387146 -0.86346018314361572 -0.00041187001625075936
3522 0.07878054678440094 0.99689185619354248 -0.0005780061474069953
3523 0.34174367785453796 0.93979305028915405 -0.00052172807045280933
3524 0.070552155375480652 0.99750798940658569 -0.00051615404663607478
3525 0.84032356739044189 0.54208493232727051 -0.00047001719940453768
3526 0.23115965723991394 -0.97291570901870728 -0.00055374420480802655
3527 0.38762357831001282 0.9218176007270813 -0.00055026839254423976
3528 0.23277440667152405 -0.97253048419952393 -0.00070042070001363754
3529 0.22051011025905609 -0.97538459300994873 -0.00049054884584620595
3530 0.38125082850456238 -0.92447137832641602 -0.00067111290991306305
3531 0.22837832570075989 0.97357237339019775 -0.00042608220246620476
3532 0.40506428480148315 0.91428810358047485 -0.00052348786266520619
3533 0.2347099632024765 -0.97206521034240723 -0.00067462620791047812
3534 0.51686185598373413 0.85606867074966431 -0.00048235504073090851
3535 0.49932953715324402 -0.86641204357147217 -0.00041295058326795697
3536 0.62419676780700684 -0.78126692771911621 -0.00065872276900336146
3537 0.39892154932022095 0.91698479652404785 -0.00066599552519619465
3538 0.6076846718788147 -0.79417812824249268 -0.0007054713205434382
3539 0.46172377467155457 0.88702350854873657 -0.00067563698394224048
3540 0.84571796655654907 0.5336296558380127 -0.00079652114072814584
3541 0.8670806884765625 0.49816718697547913 -0.00073901878204196692
3542 0.9945184588432312 0.1045592799782753 -0.00068333599483594298
3543 0.59394419193267822 -0.80450600385665894 -0.00069337192689999938
3544 0.99516385793685913 0.098225980997085571 -0.00077374884858727455
3545 0.85500580072402954 0.51861780881881714 -0.00076698069460690022
3546 0.82461673021316528 0.56569147109985352 -0.0007286754553206265
3547 0.99379867315292358 -0.11119293421506882 -0.00058883294695988297
3548 0.74628174304962158 -0.66562998294830322 -0.0006153582944534719
3549 0.94787019491195679 -0.31865608692169189 -0.00071112316800281405
3550 0.308991938829422 0.95106416940689087 -0.0009722226532176137
3551 0.86924940347671509 -0.49437347054481506 -0.00064111396204680204
3552 0.66075962781906128 -0.75059723854064941 -0.00071021675830706954
3553 -0.00096990738529711962 0.023633634671568871 -0.99972027540206909
3554 -0.0001670255878707394 -0.024153795093297958 -0.99970829486846924
3555 0.80903112888336182 -0.58776509761810303 -0.00093059020582586527
3556 0.95260876417160034 0.3041972815990448 -0.00076952902600169182
3557 0.97814309597015381 -0.20793154835700989 -0.00078208738705143332
3558 0.59219110012054443 0.80579715967178345 -0.00083369394997134805
3559 0.48653215169906616 -0.87366253137588501 -0.00047103478573262691
3560 0.23787783086299896 0.97129476070404053 -0.00079771893797442317
3561 0.97749781608581543 0.21094442903995514 -0.00069137325044721365
3562 0.76173484325408936 -0.64788860082626343 -0.00068782171001657844
3563 0.49187809228897095 -0.87066388130187988 -0.00064082990866154432
3564 0.92363601922988892 0.38326972723007202 -0.00088124384637922049
3565 0.60259509086608887 0.79804682731628418 -0.00070354656782001257
3566 0.26671591401100159 0.96377503871917725 -0.00062038755277171731
3567 0.73036831617355347 0.68305307626724243 -0.00080458342563360929
3568 0.97582167387008667 0.21856658160686493 -0.00085670978296548128
3569 0.30258786678314209 -0.95312106609344482 -0.00095556618180125952
3570 0.95245522260665894 0.30467760562896729 -0.00077796651748940349
3571 0.94869107007980347 -0.31620374321937561 -0.00070848834002390504
3572 0.12302703410387039 -0.99240309000015259 -0.00071093434235081077
3573 0.12295190244913101 -0.99241238832473755 -0.00071256037335842848
3574 0.86843615770339966 -0.49580064415931702 -0.00060073757776990533
3575 0.30525678396224976 -0.95226973295211792 -0.000849722302518785
3576 0.71881699562072754 0.69519895315170288 -0.00073839048855006695
3577 0.9930037260055542 -0.11808193475008011 -0.00058515591081231833
3578 0.75061124563217163 -0.66074389219284058 -0.00061331840697675943
3579 0.92363715171813965 0.38326737284660339 -0.00073269318090751767
3580 0.58196145296096802 0.81321620941162109 -0.00057043012930080295
3581 0.41074040532112122 -0.91175216436386108 -0.0006031370721757412
3582 0.98795008659362793 -0.15477105975151062 -0.00072359928162768483
3583 0.72846615314483643 0.68508130311965942 -0.00080126099055632949
3584 0.2246183305978775 -0.97444659471511841 -0.00068319035926833749
3585 0.83978259563446045 0.5429222583770752 -0.00078209134517237544
3586 0.36258390545845032 -0.93195086717605591 -0.00072048121364787221
3587 0.76503592729568481 -0.64398729801177979 -0.00068268802715465426
3588 0.58775818347930908 0.8090362548828125 -0.00086440483573824167
3589 0.59050071239471436 0.80703675746917725 -0.00071731029311195016
3590 0.4365902841091156 0.89966017007827759 -0.0007684773881919682
3591 0.49892780184745789 -0.86664336919784546 -0.00065566005650907755
3592 0.50076347589492798 -0.86558395624160767 -0.00068006827495992184
3593 0.99945664405822754 0.032954294234514236 -0.00072652968810871243
3594 0.99945676326751709 0.032949794083833694 -0.00072659115539863706
3595 0.64371901750564575 -0.76526170969009399 -0.00065645587164908648
3596 0.57655441761016846 0.81705856323242188 -0.00056459626648575068
3597 0.59128403663635254 0.80646300315856934 -0.00079640449257567525
3598 0.49976256489753723 -0.86616224050521851 -0.00067901791771873832
3599 0.49697220325469971 -0.86776626110076904 -0.00065604533301666379
3600 0.94666904211044312 0.32220691442489624 -0.00064446119358763099
3601 0.49999243021011353 -0.86602973937988281 -0.00035712958197109401
3602 0.59125977754592896 0.80648082494735718 -0.00075608940096572042
3603 0.50001239776611328 0.86601811647415161 -0.00049243442481383681
3604 0.74596679210662842 0.66598260402679443 -0.00086717389058321714
3605 0.97718685865402222 0.2123800665140152 -0.0007661309209652245
3606 0.59121978282928467 0.80651015043258667 -0.00074635515920817852
3607 0.77056789398193359 -0.63735753297805786 -0.00067445565946400166
3608 0.66914182901382446 -0.74313461780548096 -0.00050019781338050961
3609 0.77056694030761719 -0.63735866546630859 -0.00067081593442708254
3610 0.66910910606384277 0.74316352605819702 -0.00095973687712103128
3611 0.33770251274108887 -0.94125258922576904 -0.00073060364229604602
3612 0.49502840638160706 -0.86887657642364502 -0.00067928183125331998
3613 0.64328551292419434 -0.76562613248825073 -0.00066622823942452669
3614 0.50112324953079224 -0.86537569761276245 -0.00068217987427487969
3615 0.49813961982727051 -0.8670966625213623 -0.0006443000165745616
3616 0.64329338073730469 -0.76561951637268066 -0.00066870934097096324
3617 0.59126675128936768 0.80647569894790649 -0.00080215669004246593
3618 0.80900830030441284 -0.58779710531234741 -0.00050613941857591271
3619 0.91353452205657959 0.40676000714302063 -0.0010080746142193675
3620 0.97718876600265503 0.21237121522426605 -0.00076470599742606282
3621 0.77055865526199341 -0.63736885786056519 -0.00066781992791220546
3622 0.59119665622711182 0.80652707815170288 -0.00073629029793664813
3623 0.8090323805809021 0.58776348829269409 -0.00089383375598117709
3624 0.66914451122283936 0.74313199520111084 -0.0007215102668851614
3625 0.49848037958145142 -0.8669007420539856 -0.00068871036637574434
3626 0.872702956199646 -0.48825109004974365 -0.00065539969364181161
3627 0.87270623445510864 -0.48824530839920044 -0.00066065456485375762
3628 0.49671509861946106 -0.86791342496871948 -0.00067887722980231047
3629 0.64386612176895142 -0.76513785123825073 -0.00066075398353859782
3630 0.97814512252807617 0.20792305469512939 -0.00038407486863434315
3631 0.50149768590927124 -0.8651587963104248 -0.00067760521778836846
3632 0.921378493309021 0.38866591453552246 -0.00075018760981038213
3633 0.6440163254737854 -0.7650114893913269 -0.00065371708478778601
3634 0.98905491828918457 -0.14754621684551239 -0.00072272901888936758
3635 0.99389052391052246 -0.11036815494298935 -0.00073011853964999318
3636 0.77056193351745605 -0.63736474514007568 -0.00067067256895825267
3637 0.9945228099822998 0.1045176163315773 -0.0006822624709457159
3638 0.83610588312149048 0.54856759309768677 -0.00073646509554237127
3639 0.59125238656997681 0.80648618936538696 -0.00080505036748945713
3640 0.49502426385879517 -0.86887896060943604 -0.00067364965798333287
3641 0.99945652484893799 0.032958410680294037 -0.00072725239442661405
3642 0.87268328666687012 -0.48828625679016113 -0.00065637985244393349
3643 0.92297065258026123 0.38486951589584351 -0.00076254381565377116
3644 0.8726922869682312 -0.488270103931427 -0.00065787788480520248
3645 0.99945586919784546 0.03297806903719902 -0.00072932970942929387
3646 0.94638806581497192 -0.32303124666213989 -0.00067507592029869556
3647 0.94633859395980835 -0.32317614555358887 -0.00068103877129033208
3648 0.98906105756759644 -0.1475052535533905 -0.00070907711051404476
3649 0.92294830083847046 0.38492321968078613 -0.00075578514952212572
3650 0.97717469930648804 0.21243581175804138 -0.00075857347110286355
3651 0.94633889198303223 -0.32317522168159485 -0.00067632232094183564
3652 -0.00061981275212019682 0.0302598737180233 -0.99954187870025635
3653 0.64329099655151367 -0.76562148332595825 -0.00066952273482456803
3654 0.49519103765487671 -0.86878383159637451 -0.0006638334016315639
3655 0.9229552149772644 0.38490653038024902 -0.00076265208190307021
3656 0.92034965753555298 0.39109572768211365 -0.00076627038652077317
3657 0.97815084457397461 -0.20789563655853271 -0.00059819984016939998
3658 -0.00044421580969356 -0.03025764599442482 -0.99954205751419067
3659 0.98909342288970947 -0.14728778600692749 -0.00067521055461838841
3660 0.77055114507675171 -0.63737791776657104 -0.00066592107759788632
3661 0.92296206951141357 0.38489019870758057 -0.00076412089401856065
3662 0.98905801773071289 -0.14752569794654846 -0.00070721632800996304
3663 0.87270379066467285 -0.48824962973594666 -0.00066212913952767849
3664 0.64667880535125732 -0.76276212930679321 -0.00066156394314020872
3665 0.43648761510848999 0.89970999956130981 -0.00071439915336668491
3666 0.99945509433746338 0.033001754432916641 -0.00072760932380333543
3667 0.72679704427719116 0.6868518590927124 -0.00079870421905070543
3668 0.83857822418212891 0.5447806715965271 -0.00078221422154456377
3669 0.49686333537101746 -0.8678286075592041 -0.00060603179736062884
3670 0.9780382513999939 0.20842431485652924 -0.00074933929136022925
3671 0.43654048442840576 0.89968430995941162 -0.00072958722012117505
3672 0.72677785158157349 0.68687224388122559 -0.00077520101331174374
3673 0.64329290390014648 -0.76561987400054932 -0.00066530948970466852
3674 0.94633340835571289 -0.32319143414497375 -0.00068323028972372413
3675 0.92296576499938965 0.38488134741783142 -0.00076383416308090091
3676 0.49512004852294922 -0.86882436275482178 -0.00067260651849210262
3677 0.97718125581741333 0.21240566670894623 -0.00076243263902142644
3678 0.72677570581436157 0.68687444925308228 -0.00080197240458801389
3679 0.72674882411956787 0.68690288066864014 -0.00076397455995902419
3680 0.92296713590621948 0.38487803936004639 -0.00076427008025348186
3681 0.64328724145889282 -0.76562470197677612 -0.0006658859783783555
3682 0.9770699143409729 0.21291746199131012 -0.00076632678974419832
3683 0.99947953224182129 0.032251577824354172 -0.00070939271245151758
3684 0.92294043302536011 0.38494205474853516 -0.00075365806696936488
3685 0.98907536268234253 -0.14740917086601257 -0.00068864010972902179
3686 0.64357393980026245 -0.76538366079330444 -0.0006629482377320528
3687 0.59129780530929565 0.80645298957824707 -0.0007666019955649972
3688 0.92297297716140747 0.38486403226852417 -0.00076370243914425373
3689 0.97901564836502075 0.20378381013870239 -0.00075181393185630441
3690 0.83856934309005737 0.54479432106018066 -0.00077901332406327128
3691 0.83856040239334106 0.54480820894241333 -0.0007754964753985405
3692 0.97716826200485229 0.21246553957462311 -0.00075812579598277807
3693 0.72678565979003906 0.68686389923095703 -0.00080049189273267984
3694 0.83858001232147217 0.54477792978286743 -0.00078742805635556579
3695 0.99945187568664551 0.033096972852945328 -0.00074388866778463125
3696 0.9995083212852478 0.031345952302217484 -0.00075570849003270268
3697 0.98908102512359619 -0.14737109839916229 -0.00068516423925757408
3698 0.83857810497283936 0.54478085041046143 -0.00079231715062633157
3699 0.090216115117073059 0.99592196941375732 -0.00075118575477972627
3700 0.83857446908950806 0.54478645324707031 -0.0007946724072098732
3701 0.94639867544174194 -0.32300025224685669 -0.00066644477192312479
3702 0.97716325521469116 0.2124888002872467 -0.00076757330680266023
3703 0.92273038625717163 0.385445237159729 -0.00076393946073949337
3704 0.87269222736358643 -0.48827037215232849 -0.00066157028777524829
3705 0.59130311012268066 0.80644893646240234 -0.000793779909145087
3706 0.98901444673538208 -0.14781732857227325 -0.00067407498136162758
3707 0.97716134786605835 0.2124975323677063 -0.0007559929508715868
3708 0.83855509757995605 0.54481637477874756 -0.00077027099905535579
3709 0.086177252233028412 -0.99627959728240967 -0.00072359945625066757
3710 0.92285364866256714 0.38514998555183411 -0.00076441623969003558
3711 0.9994543194770813 0.033024929463863373 -0.00072548224125057459
3712 0.50220906734466553 -0.86474603414535522 -0.00067449797643348575
3713 0.26772293448448181 0.96349567174911499 -0.00073709344724193215
3714 0.72676420211791992 0.68688660860061646 -0.00076807657023891807
3715 0.9995846152305603 0.028812859207391739 -0.00071961781941354275
3716 0.83858072757720947 0.5447767972946167 -0.00078689848305657506
3717 0.43658500909805298 0.89966273307800293 -0.00073288171552121639
3718 0.87213790416717529 -0.48925977945327759 -0.00066001771483570337
3719 0.64349138736724854 -0.76545315980911255 -0.00067897315602749586
3720 0.090210951864719391 -0.99592244625091553 -0.00071999483043327928
3721 0.97738730907440186 0.21145550906658173 -0.00076770980376750231
3722 0.77090764045715332 -0.63694667816162109 -0.0006626409012824297
3723 0.92255097627639771 0.38587456941604614 -0.00074952672002837062
3724 0.64329010248184204 -0.76562225818634033 -0.00067112612305209041
3725 0.09019143134355545 0.99592417478561401 -0.00073820230318233371
3726 0.87296491861343384 -0.48778259754180908 -0.00068409612867981195
3727 0.090210951864719391 -0.99592244625091553 -0.00072858214844018221
3728 0.72679609060287476 0.68685287237167358 -0.00078850769205018878
3729 0.99944955110549927 0.033167462795972824 -0.00075446267146617174
3730 0.87277942895889282 -0.48811444640159607 -0.00066090613836422563
3731 0.97718614339828491 0.21238343417644501 -0.0007631875341758132
3732 0.94632452726364136 -0.32321727275848389 -0.00068562943488359451
3733 0.090193696320056915 0.99592399597167969 -0.00072674034163355827
3734 0.72680693864822388 0.68684136867523193 -0.0007980868685990572
3735 0.87102961540222168 -0.49123010039329529 -0.0006512646796181798
3736 0.8722231388092041 -0.48910778760910034 -0.00069921585964038968
3737 0.59129315614700317 0.80645632743835449 -0.00081519572995603085
3738 0.77054649591445923 -0.63738352060317993 -0.00066199456341564655
3739 0.59128916263580322 0.80645918846130371 -0.00080954720033332705
3740 0.8728175163269043 -0.48804628849029541 -0.00065880536567419767
3741 0.090210281312465668 0.99592244625091553 -0.00075144902803003788
3742 0.64334553480148315 -0.76557564735412598 -0.00067625503288581967
3743 0.09020213782787323 0.99592322111129761 -0.00074363709427416325
3744 0.98882371187210083 -0.14908811450004578 -0.00067033257801085711
3745 0.0902128666639328 0.9959222674369812 -0.00075118726817891002
3746 0.77062976360321045 -0.63728272914886475 -0.0006709856097586453
3747 0.94615828990936279 -0.32370379567146301 -0.00066805630922317505
3748 0.4366096556186676 0.89965081214904785 -0.00074296118691563606
3749 0.090210944414138794 -0.99592238664627075 -0.00080027832882478833
3750 0.72680550813674927 0.68684291839599609 -0.00079405802534893155
3751 0.5913274884223938 0.8064311146736145 -0.00078541215043514967
3752 0.83838546276092529 0.54507732391357422 -0.00076367903966456652
3753 0.87356477975845337 -0.48670753836631775 -0.00068715901579707861
3754 0.87270450592041016 -0.4882483184337616 -0.00067437376128509641
3755 0.083749108016490936 -0.9964866042137146 -0.00074100529309362173
3756 0.090190641582012177 0.99592423439025879 -0.00075307872612029314
3757 0.77072656154632568 -0.63716572523117065 -0.00067742244573310018
3758 0.77156805992126465 -0.6361464262008667 -0.00067045289324596524
3759 0.77055811882019043 -0.63736933469772339 -0.00066872983006760478
3760 0.43659737706184387 0.89965671300888062 -0.00076388678280636668
3761 0.83893388509750366 0.54423290491104126 -0.0007942657102830708
3762 0.090204432606697083 0.99592298269271851 -0.0007485597743652761
3763 0.72700196504592896 0.68663495779037476 -0.00079768296563997865
3764 0.59131789207458496 0.80643826723098755 -0.0007773631950840354
3765 0.088225275278091431 -0.99610036611557007 -0.00071591784944757819
3766 0.83875739574432373 0.54450476169586182 -0.00079517846461385489
3767 0.26772728562355042 0.96349447965621948 -0.00074724905425682664
3768 0.94564235210418701 -0.32520791888237 -0.00063175230752676725
3769 0.94632703065872192 -0.32321015000343323 -0.0006381963612511754
3770 0.074007607996463776 -0.99725747108459473 -0.00071792042581364512
3771 0.088274620473384857 0.99609595537185669 -0.00066830409923568368
3772 0.94636517763137817 -0.32309827208518982 -0.00068203650880604982
3773 0.59132194519042969 0.806435227394104 -0.00078800151823088527
3774 0.090210951864719391 -0.99592244625091553 -0.00071296701207756996
3775 0.26773861050605774 0.96349132061004639 -0.00074327283073216677
3776 0.08997991681098938 0.99594336748123169 -0.00069804524537175894
3777 0.72727328538894653 0.68634754419326782 -0.00080201617674902081
3778 0.43661198019981384 0.89964962005615234 -0.00075254333205521107
3779 0.089973956346511841 0.99594384431838989 -0.0007449054392054677
3780 0.09019257128238678 0.99592411518096924 -0.00073211221024394035
3781 0.98905152082443237 -0.14756928384304047 -0.00073071947554126382
3782 0.08710227906703949 -0.99619913101196289 -0.0007365780184045434
3783 0.090214483439922333 0.99592208862304688 -0.00075242039747536182
3784 0.090195640921592712 -0.99592369794845581 -0.00084128824528306723
3785 0.94631075859069824 -0.32325765490531921 -0.00068703683791682124
3786 0.94637197256088257 -0.32307830452919006 -0.00067389098694548011
3787 0.26769444346427917 0.96350359916687012 -0.0007273606606759131
3788 0.87268614768981934 -0.48828116059303284 -0.00067573133856058121
3789 0.10281572490930557 -0.99470013380050659 -0.00081552925985306501
3790 0.088391043245792389 0.99608558416366577 -0.00074898108141496778
3791 0.98906564712524414 -0.14747418463230133 -0.00069308740785345435
3792 0.87269383668899536 -0.48826742172241211 -0.00067172880517318845
3793 0.26774269342422485 0.96349018812179565 -0.00073533947579562664
3794 0.089130155742168427 0.99601978063583374 -0.00067882175790145993
3795 0.77055519819259644 -0.63737297058105469 -0.00066805980168282986
3796 0.98908513784408569 -0.14734366536140442 -0.00068067893153056502
3797 0.079169109463691711 -0.99686098098754883 -0.00074852618854492903
3798 0.27637091279029846 0.96105080842971802 -0.00068262661807239056
3799 0.090197548270225525 0.99592363834381104 -0.00074949755799025297
3800 0.09008219838142395 0.99593406915664673 -0.00075355562148615718
3801 0.98904514312744141 -0.14761169254779816 -0.00074653362389653921
3802 0.090086750686168671 0.99593371152877808 -0.00070351798785850406
3803 0.43645551800727844 0.89972555637359619 -0.00077731197234243155
3804 0.8384895920753479 0.54491716623306274 -0.00076761428499594331
3805 0.94661682844161987 -0.32236012816429138 -0.00071264890721067786
3806 0.43570545315742493 0.90008896589279175 -0.00081659568240866065
3807 0.94635838270187378 -0.32311820983886719 -0.00068451475817710161
3808 0.096914768218994141 -0.99529236555099487 -0.00084963638801127672
3809 0.94636058807373047 -0.32311168313026428 -0.00070626242086291313
3810 0.92265784740447998 0.3856188952922821 -0.00075156870298087597
3811 0.77056705951690674 -0.63735866546630859 -0.00066936766961589456
3812 0.9994540810585022 0.033032782375812531 -0.00071406847564503551
3813 0.090203277766704559 -0.99592304229736328 -0.00081446272088214755
3814 0.98905020952224731 -0.14757777750492096 -0.00072670524241402745
3815 0.98904746770858765 -0.14759635925292969 -0.00072920974344015121
3816 0.089164994657039642 0.99601662158966064 -0.00074873468838632107
3817 0.43659389019012451 0.89965838193893433 -0.00076413253555074334
3818 0.87271249294281006 -0.48823410272598267 -0.00066101737320423126
3819 0.83808815479278564 0.54553425312042236 -0.00076236220775172114
3820 0.97727572917938232 0.21197077631950378 -0.00075140508124604821
3821 0.43652069568634033 0.89969384670257568 -0.00077263638377189636
3822 0.99944800138473511 0.033215522766113281 -0.00071794824907556176
3823 0.26748740673065186 0.96356105804443359 -0.00075403111986815929
3824 0.97718918323516846 0.21236951649188995 -0.00074983399827033281
3825 0.94634270668029785 -0.32316407561302185 -0.00068698410177603364
3826 0.72668540477752686 0.68696993589401245 -0.00076395698124542832
3827 0.87273275852203369 -0.488197922706604 -0.00066102022537961602
3828 0.59056186676025391 0.80699211359024048 -0.00072191847721114755
3829 0.43697038292884827 0.89947563409805298 -0.0007047231774777174
3830 0.97714394330978394 0.21257756650447845 -0.00075146375456824899
3831 0.97715133428573608 0.21254348754882812 -0.00075031968299299479
3832 0.99945241212844849 0.033082615584135056 -0.00072457524947822094
3833 0.59101802110671997 0.80665802955627441 -0.00073763611726462841
3834 0.26765710115432739 0.96351397037506104 -0.00075760792242363095
3835 0.92289000749588013 0.38506284356117249 -0.0007600393146276474
3836 0.94634312391281128 -0.32316288352012634 -0.00069799111224710941
3837 0.8377419114112854 0.54606574773788452 -0.00075675052357837558
3838 0.99945002794265747 0.033154338598251343 -0.00073107937350869179
3839 0.94631832838058472 -0.32323554158210754 -0.00069380720378831029
3840 0.27260258793830872 0.96212649345397949 -0.00069404416717588902
3841 0.26863548159599304 0.96324163675308228 -0.0007152578909881413
3842 0.26820045709609985 0.96336287260055542 -0.00071925576776266098
3843 0.26772743463516235 0.96349442005157471 -0.00075546040898188949
3844 0.98905444145202637 -0.14754955470561981 -0.00073187518864870071
3845 0.26772785186767578 0.96349430084228516 -0.00075214979005977511
3846 0.26766741275787354 0.96351110935211182 -0.00072091358015313745
3847 0.43650451302528381 0.89970177412033081 -0.0007229236070998013
3848 0.26701176166534424 0.96369296312332153 -0.00075480772648006678
3849 0.43609300255775452 0.89990133047103882 -0.00078394904267042875
3850 0.92284411191940308 0.38517302274703979 -0.00075609533814713359
3851 0.26583698391914368 0.96401768922805786 -0.00075716536957770586
3852 0.26767522096633911 0.9635089635848999 -0.0007266233442351222
3853 0.72634625434875488 0.68732863664627075 -0.00075933121843263507
3854 0.43060517311096191 0.90254002809524536 -0.00085208629025146365
3855 0.72625130414962769 0.68742883205413818 -0.00076274567982181907
3856 0.72648835182189941 0.68717837333679199 -0.00076414417708292603
3857 0.26070919632911682 0.96541708707809448 -0.00077887321822345257
3858 0.63821405172348022 -0.76985865831375122 -0.00067742745159193873
3859 0.44021964073181152 0.89788985252380371 -0.00069672957761213183
3860 0.4371584951877594 0.8993842601776123 -0.00068597454810515046
3861 0.76802504062652588 -0.64041948318481445 -0.00068658712552860379
3862 0.64245074987411499 -0.76632672548294067 -0.00068364344770088792
3863 0.41434267163276672 -0.91012078523635864 -0.00060062098782509565
3864 0.6332097053527832 -0.77397996187210083 -0.00068299542181193829
3865 0.76979434490203857 -0.63829159736633301 -0.00067967880750074983
3866 0.30898627638816833 -0.95106583833694458 -0.0011575091630220413
3867 0.30903366208076477 0.95105099678039551 -0.0005555238458327949
3868 0.74089705944061279 0.67161810398101807 -0.00087309995433315635
3869 0.74944895505905151 -0.66206181049346924 -0.00064658262999728322
3870 0.49189534783363342 -0.87065410614013672 -0.0006672457093372941
3871 0.91355305910110474 0.40671923756599426 -0.00060228310758247972
3872 0.50002354383468628 -0.86601138114929199 -0.00086029811063781381
3873 0.97815340757369995 0.20788253843784332 -0.00094321096548810601
3874 0.42492488026618958 -0.90522843599319458 -0.00064554624259471893
3875 0.39629814028739929 0.91812169551849365 -0.00059178879018872976
3876 0.73907452821731567 0.67362326383590698 -0.00078836607281118631
3877 0.60718840360641479 -0.79455763101577759 -0.00065968179842457175
3878 0.74214029312133789 -0.67024409770965576 -0.0008094263612292707
3879 0.97743499279022217 0.21123507618904114 -0.00076493114465847611
3880 0.77629530429840088 -0.63036912679672241 -0.00068958575138822198
3881 0.65546268224716187 -0.75522732734680176 -0.00067145051434636116
3882 0.99986380338668823 0.016489068046212196 -0.00070191506529226899
3883 0.98743969202041626 -0.1579948216676712 -0.00070884270826354623
3884 0.99975579977035522 0.02208823524415493 -0.00074660865357145667
3885 0.82872051000595093 0.5596621036529541 -0.00076780945528298616
3886 0.58005541563034058 0.81457644701004028 -0.0010071780998259783
3887 0.87242001295089722 -0.48875665664672852 -0.00047360319877043366
3888 0.94594085216522217 -0.32433876395225525 -0.00057518645189702511
3889 0.74685913324356079 0.66498196125030518 -0.00065273343352600932
3890 0.85422426462173462 0.51990407705307007 -0.00081761856563389301
3891 0.074480898678302765 -0.9972221851348877 -0.00074353173840790987
3892 0.073235981166362762 -0.99731433391571045 -0.00078040896914899349
3893 0.99340969324111938 -0.11461567878723145 -0.00071005045901983976
3894 0.34845802187919617 -0.93732404708862305 -0.00081460911314934492
3895 0.1045059859752655 -0.99452394247055054 -0.00079524749889969826
3896 0.10454491525888443 0.99452000856399536 -0.00058328139130026102
3897 0.104502834379673 0.99452418088912964 -0.00090662133879959583
3898 0.076295264065265656 -0.99708503484725952 -0.00070637947646901011
3899 0.076295264065265656 0.9970850944519043 -0.00062819820595905185
3900 0.076295264065265656 0.99708503484725952 -0.00073024549055844545
3901 0.34756985306739807 -0.93765389919281006 -0.00065905810333788395
3902 0.45525109767913818 0.89036291837692261 -0.00064623757498338819
3903 0.87429654598236084 -0.48539125919342041 -0.0009699241491034627
3904 0.10454701632261276 -0.99451977014541626 -0.0006486225756816566
3905 0.075869947671890259 -0.99711740016937256 -0.00082769774599000812
3906 0.24521823227405548 0.9694676399230957 -0.00075962528353556991
3907 0.94507306814193726 -0.32685834169387817 -0.00073702185181900859
3908 0.86817741394042969 0.49625349044799805 -0.00074773002415895462
3909 0.4925578236579895 -0.87027949094772339 -0.0006578831234946847
3910 0.30903202295303345 -0.95105153322219849 -0.0004585779388435185
3911 0.92210698127746582 0.38693439960479736 -0.00076096708653494716
3912 0.59160315990447998 -0.8062291145324707 -0.00064730155281722546
3913 0.99493151903152466 0.10055219382047653 -0.00073657615575939417
3914 0.94516092538833618 0.32660439610481262 -0.00062950234860181808
3915 0.87013536691665649 -0.49281224608421326 -0.00076580245513468981
3916 0.94766569137573242 -0.31926381587982178 -0.00063865352421998978
3917 0.42412328720092773 0.90560412406921387 -0.00078071572352200747
3918 0.66910910606384277 -0.74316376447677612 -0.00076144369086250663
3919 0.77511888742446899 -0.63181501626968384 -0.00067638885229825974
3920 0.98785090446472168 -0.15540312230587006 -0.00069105770671740174
3921 0.42467159032821655 -0.90534722805023193 -0.00063790753483772278
3922 0.98825299739837646 -0.15282540023326874 -0.00072714866837486625
3923 0.21611416339874268 -0.97636789083480835 -0.00068485387600958347
3924 0.21714888513088226 -0.97613823413848877 -0.00074046780355274677
3925 0.72220200300216675 0.69168186187744141 -0.0007604144630022347
3926 0.42016077041625977 0.90744930505752563 -0.00085702573414891958
3927 0.59673923254013062 0.80243498086929321 -0.00072182714939117432
3928 0.49996435642242432 0.86604541540145874 -0.0010315002873539925
3929 0.91356050968170166 -0.40670177340507507 -0.00095380895072594285
3930 0.91353762149810791 -0.40675404667854309 -0.00047946334234438837
3931 0.80900061130523682 0.58780747652053833 -0.00069147074827924371
3932 0.079185344278812408 -0.99685972929000854 -0.00071762909647077322
3933 0.080334275960922241 -0.99676764011383057 -0.00083785242168232799
3934 0.22818323969841003 -0.97361791133880615 -0.00077150732977315784
3935 0.22681543231010437 0.97393763065338135 -0.00054957211250439286
3936 0.35440856218338013 -0.93509042263031006 -0.00067267921986058354
3937 0.087328359484672546 -0.99617940187454224 -0.00058301963144913316
3938 0.07551305741071701 -0.99714457988739014 -0.00072109041502699256
3939 0.080854415893554688 0.99672573804855347 -0.00061918073333799839
3940 0.080789774656295776 0.99673092365264893 -0.00075817556353285909
3941 0.23513688147068024 -0.97196203470230103 -0.00071465474320575595
3942 0.35751566290855408 -0.9339069128036499 -0.00066511053591966629
3943 0.35754704475402832 -0.93389487266540527 -0.00067613949067890644
3944 0.35745951533317566 -0.93392843008041382 -0.00066477851942181587
3945 0.35930582880973816 -0.93321961164474487 -0.00077350169885903597
3946 0.35952681303024292 -0.93313455581665039 -0.00065876840380951762
3947 0.35474973917007446 -0.93496102094650269 -0.00076947332127019763
3948 0.23987843096256256 -0.97080272436141968 -0.00069107877789065242
3949 0.36151996254920959 -0.93236404657363892 -0.00077322486322373152
3950 0.36042249202728271 -0.93278896808624268 -0.00065473659196868539
3951 0.23791083693504333 -0.97128677368164062 -0.00071573408786207438
3952 0.36099186539649963 -0.93256872892379761 -0.00064606207888573408
3953 0.239908367395401 -0.97079533338546753 -0.00069796916795894504
3954 0.23653629422187805 -0.97162246704101562 -0.00068193156039342284
3955 0.35759654641151428 -0.9338759183883667 -0.00077443436020985246
3956 0.23907022178173065 -0.97100198268890381 -0.00077394250547513366
3957 0.23983386158943176 -0.97081363201141357 -0.00078022025991231203
3958 0.35757285356521606 -0.93388503789901733 -0.0006657835328951478
3959 0.24499453604221344 -0.96952414512634277 -0.00078974437201395631
3960 0.24009744822978973 -0.97074848413467407 -0.0007849424728192389
3961 0.2399330735206604 -0.97078919410705566 -0.0007055953610688448
3962 0.36037307977676392 -0.93280798196792603 -0.0007732900558039546
3963 0.23072254657745361 -0.97301936149597168 -0.00068027758970856667
3964 0.22245562076568604 -0.97494262456893921 -0.00066900794627144933
3965 0.23166956007480621 -0.97279435396194458 -0.0006033774116076529
3966 0.23240523040294647 -0.97261881828308105 -0.00070664513623341918
3967 0.23038452863693237 0.97309952974319458 -0.00056744355242699385
3968 0.23012660443782806 -0.9731605052947998 -0.00061213393928483129
3969 0.35660621523857117 -0.93425458669662476 -0.00071907817618921399
3970 0.2266131192445755 -0.97398453950881958 -0.00076142977923154831
3971 0.22696925699710846 -0.97390168905258179 -0.00067807745654135942
3972 -0.00034922416671179235 -0.99999994039535522 -0
3973 -0.00047552809701301157 -0.99999988079071045 0
3974 -0.0003706149582285434 -0.99999994039535522 -0
3975 -0.00046265148557722569 -0.99999988079071045 0
3976 -0.00037084022187627852 -0.99999994039535522 -0
3977 -0.00046300259418785572 -0.99999988079071045 0
3978 -0.0003545667277649045 -0.99999994039535522 0
3979 -0.00045482197310775518 -0.99999994039535522 -0
3980 -0.00039355349144898355 -0.99999994039535522 -0
3981 -0.00039349350845441222 -0.99999994039535522 0
3982 -0.0004389815148897469 -0.99999994039535522 0
3983 -0.00041573573253117502 -0.99999994039535522 -0
3984 -0.00042441525147296488 -0.99999994039535522 -0
3985 -0.00046928142546676099 -0.99999988079071045 0
3986 -0.00049401354044675827 -0.99999988079071045 0
3987 -0.00043828957132063806 -0.99999994039535522 -0
3988 -0.00031939233304001391 -0.99999994039535522 -0
3989 -0.0003834257076960057 -0.99999994039535522 0
3990 -0.00038988451706245542 -0.99999994039535522 -0
3991 -0.00038929056609049439 -0.99999994039535522 0
3992 -0.00046081698383204639 -0.99999988079071045 0
3993 -0.00041321365279145539 -0.99999994039535522 0
3994 -0.00046380425919778645 -0.99999988079071045 0
3995 -0.00047596989315934479 -0.99999988079071045 -0
3996 -0.00035594773362390697 -0.99999994039535522 0
3997 -0.00045884790597483516 -0.99999988079071045 -0
3998 -0.00039303710218518972 -0.99999994039535522 0
3999 -0.00044677298865281045 -0.99999994039535522 -0
4000 -0.00038502470124512911 -0.99999994039535522 0
4001 -0.00041356476140208542 -0.99999994039535522 0
4002 -0.00042692999704740942 -0.99999994039535522 0
4003 -0.00045595134724862874 -0.99999994039535522 -0
4004 -0.00041821683407761157 -0.99999994039535522 0
4005 -0.00041561870602890849 -0.99999994039535522 -0
4006 -0.00042548024794086814 -0.99999994039535522 0
4007 -0.00042086324538104236 -0.99999994039535522 -0
4008 -0.00046563876094296575 -0.99999988079071045 -0
4009 -0.0003960536269005388 -0.99999994039535522 0
4010 -0.00041415137820877135 -0.99999994039535522 0
4011 -0.00039931008359417319 -0.99999994039535522 0
4012 -0.00045496827806346118 -0.99999994039535522 -0
4013 -0.00035597698297351599 -0.99999994039535522 0
4014 -0.00042493166984058917 -0.99999994039535522 -0
4015 -0.00038116989890113473 -0.99999994039535522 0
4016 -0.00047643508878536522 -0.99999988079071045 0
4017 -0.00039486866444349289 -0.99999994039535522 -0
4018 -0.00040493061533197761 -0.99999994039535522 0
4019 -0.00035821524215862155 -0.99999994039535522 0
4020 -0.00047393643762916327 -0.99999988079071045 -0
4021 -0.00045257201418280602 -0.99999994039535522 0
4022 -0.0004258723056409508 -0.99999994039535522 -0
4023 -0.00038393188151530921 -0.99999994039535522 0
4024 -0.00041571524343453348 -0.99999994039535522 0
4025 -0.00046373697114177048 -0.99999988079071045 -0
4026 -0.0004124821862205863 -0.99999994039535522 0
4027 -0.00039824508712626994 -0.99999994039535522 0
4028 -0.00041525295819155872 -0.99999994039535522 0
4029 -0.00041486968984827399 -0.99999994039535522 0
4030 -0.00042094665695913136 -0.99999994039535522 0
4031 -0.00041121093090623617 -0.99999994039535522 -0
4032 -0.000414208450820297 -0.99999994039535522 -0
4033 -0.00038814215804450214 -0.99999994039535522 -0
4034 -0.00046280655078589916 -0.99999988079071045 0
4035 -0.00040202378295361996 -0.99999994039535522 0
4036 -0.00039138985448516905 -0.99999994039535522 -0
4037 -0.00038543576374650002 -0.99999994039535522 0
4038 -0.00045325371320359409 -0.99999994039535522 0
4039 -0.00039940665010362864 -0.99999994039535522 -0
4040 -0.00047359702875837684 -0.99999988079071045 0
4041 -0.00044983928091824055 -0.99999994039535522 -0
4042 -0.0003848608466796577 -0.99999994039535522 0
4043 -0.00042914925143122673 -0.99999994039535522 0
4044 -0.0004150774038862437 -0.99999994039535522 0
4045 -0.00046079064486548305 -0.99999988079071045 -0
4046 -0.00041066962876357138 -0.99999994039535522 0
4047 -0.00043791651842184365 -0.99999994039535522 0
4048 -0.00045610056258738041 -0.99999994039535522 0
4049 -0.00041881809011101723 -0.99999994039535522 0
4050 -0.000392779620597139 -0.99999994039535522 -0
4051 -0.00045740252244286239 -0.99999988079071045 0
4052 -0.00042827881406992674 -0.99999994039535522 0
4053 -0.00038644371670670807 -0.99999994039535522 0
4054 -0.00047480541979894042 -0.99999988079071045 0
4055 -0.00040987675311043859 -0.99999994039535522 0
4056 -0.00046416706754826009 -0.99999988079071045 -0
4057 -0.00040814903331920505 -0.99999994039535522 -0
4058 -0.00044177862582728267 -0.99999994039535522 -0
4059 -0.00038437516195699573 -0.99999994039535522 0
4060 -0.00040046285721473396 -0.99999994039535522 0
4061 -0.00041830900590866804 -0.99999994039535522 0
4062 -0.00049268227303400636 -0.99999988079071045 0
4063 -0.00032368744723498821 -0.99999994039535522 -0
4064 -0.00042134895920753479 -0.99999994039535522 -0
4065 -0.00039625843055546284 -0.99999994039535522 -0
4066 -0.00046420801663771272 -0.99999988079071045 0
4067 -0.00040725080179981887 -0.99999994039535522 -0
4068 -0.00041525295819155872 -0.99999994039535522 -0
4069 -0.00041523686377331614 -0.99999994039535522 0
4070 -0.00035532598849385977 -0.99999994039535522 -0
4071 -0.00045729719568043947 -0.99999988079071045 0
4072 -0.00046305818250402808 -0.99999988079071045 0
4073 -0.0003867128980346024 -0.99999994039535522 -0
4074 -0.00045546272303909063 -0.99999994039535522 -0
4075 -0.00047836321755312383 -0.99999988079071045 0
4076 -0.00039241096237674356 -0.99999994039535522 -0
4077 -0.0003811611095443368 -0.99999994039535522 0
4078 -0.00040452976827509701 -0.99999994039535522 -0
4079 -0.00043897860450670123 -0.99999994039535522 -0
4080 -0.00046276560169644654 -0.99999988079071045 0
4081 -0.0004243757575750351 -0.99999994039535522 0
4082 -0.00040544118382968009 -0.99999994039535522 -0
4083 -0.00045414024498313665 -0.99999994039535522 0
4084 -0.00043418022687546909 -0.99999994039535522 -0
4085 -0.00038255966501310468 -0.99999994039535522 0
4086 -0.0004006983945146203 -0.99999994039535522 0
4087 -0.00045903222053311765 -0.99999988079071045 0
4088 -0.00038558497908525169 -0.99999994039535522 0
4089 -0.00040702844853512943 -0.99999994039535522 0
4090 -0.00042631849646568298 -0.99999994039535522 -0
4091 -0.00042243735515512526 -0.99999994039535522 -0
4092 -0.00039511150680482388 -0.99999994039535522 -0
4093 -0.00046440112055279315 -0.99999988079071045 0
4094 -0.00038765062345191836 -0.99999994039535522 -0
4095 -0.00044955839985050261 -0.99999994039535522 0
4096 -0.00040123675717040896 -0.99999994039535522 -0
4097 -0.00045567925553768873 -0.99999994039535522 0
4098 -0.00038756139110773802 -0.99999994039535522 0
4099 -0.00042677202145569026 -0.99999994039535522 0
4100 -0.00049212347948923707 -0.99999988079071045 0
4101 -0.00034911150578409433 -0.99999994039535522 0
4102 -0.00042599666630849242 -0.99999994039535522 0
4103 -0.00041220569983124733 -0.99999994039535522 0
4104 -0.00041755413985811174 -0.99999994039535522 0
4105 -0.00038757018046453595 -0.99999994039535522 -0
4106 -0.00045614154078066349 -0.99999994039535522 0
4107 -0.00047522381646558642 -0.99999988079071045 -0
4108 -0.0003568196261767298 -0.99999994039535522 0
4109 -0.0004534877953119576 -0.99999994039535522 0
4110 -0.0003864334721583873 -0.99999994039535522 -0
4111 -0.00046307573211379349 -0.99999988079071045 0
4112 -0.00039513784577138722 -0.99999994039535522 -0
4113 -0.00045202195178717375 -0.99999994039535522 -0
4114 -0.00039317022310569882 -0.99999994039535522 0
4115 -0.0004356314311735332 -0.99999994039535522 0
4116 -0.00034805529867298901 -0.99999994039535522 -0
4117 -0.00048961018910631537 -0.99999988079071045 0
4118 -0.00049417157424613833 -0.99999988079071045 0
4119 -0.00032121659023687243 -0.99999994039535522 -0
4120 -0.00039140740409493446 -0.99999994039535522 0
4121 -0.00046012355596758425 -0.99999988079071045 -0
4122 -0.00040146935498341918 -0.99999994039535522 0
4123 -0.00039217836456373334 -0.99999994039535522 0
4124 -0.00039884194848127663 -0.99999994039535522 0
4125 -0.00035315062268637121 -0.99999994039535522 0
4126 -0.0003891632950399071 -0.99999994039535522 -0
4127 -0.00045486880117096007 -0.99999994039535522 0
4128 -0.00046786241000518203 -0.99999988079071045 -0
4129 -0.00037824551691301167 -0.99999994039535522 0
4130 -0.00045787065755575895 -0.99999988079071045 0
4131 -0.00044838804751634598 -0.99999994039535522 -0
4132 -0.00042473417124710977 -0.99999994039535522 -0
4133 -0.00046811986248940229 -0.99999988079071045 0
4134 -0.00039475018274970353 -0.99999994039535522 -0
4135 -0.00040159517084248364 -0.99999994039535522 0
4136 -0.00046514722635038197 -0.99999988079071045 -0
4137 -0.00042634629062376916 -0.99999994039535522 -0
4138 -0.00047814962454140186 -0.99999988079071045 -0
4139 -0.00047504532267339528 -0.99999988079071045 -0
4140 -0.00041806761873885989 -0.99999994039535522 0
4141 -0.00038399625918827951 -0.99999994039535522 -0
4142 -0.00039278692565858364 -0.99999994039535522 0
4143 -0.00044856654130853713 -0.99999994039535522 -0
4144 -0.00040202672244049609 -0.99999994039535522 0
4145 -0.00047779269516468048 -0.99999988079071045 -0
4146 -0.00043954621651209891 -0.99999994039535522 0
4147 -0.00046562706120312214 -0.99999988079071045 -0
4148 -0.00034642414539121091 -0.99999994039535522 0
4149 -0.00045478393440134823 -0.99999994039535522 -0
4150 -0.00041889562271535397 -0.99999994039535522 0
4151 -0.00042702362406998873 -0.99999994039535522 0
4152 -0.00040174878085963428 -0.99999994039535522 0
4153 -0.00045958813279867172 -0.99999988079071045 0
4154 -0.00039758384809829295 -0.99999994039535522 0
4155 -0.00038470138679258525 -0.99999994039535522 0
4156 -0.00045585187035612762 -0.99999994039535522 0
4157 -0.00039111773367039859 -0.99999994039535522 -0
4158 -0.00046624441165477037 -0.99999988079071045 0
4159 -0.00046168302651494741 -0.99999988079071045 -0
4160 -0.0003928556980099529 -0.99999994039535522 0
4161 -0.00046441284939646721 -0.99999988079071045 -0
4162 -0.00038885461981408298 -0.99999994039535522 0
4163 -0.00045177616993896663 -0.99999994039535522 -0
4164 -0.000392507528886199 -0.99999994039535522 0
4165 -0.00036947240005247295 -0.99999994039535522 0
4166 -0.00047570071183145046 -0.99999988079071045 -0
4167 -0.00039357252535410225 -0.99999994039535522 0
4168 -0.00035757888690568507 -0.99999994039535522 0
4169 -0.00047080579679459333 -0.99999988079071045 -0
4170 -0.00047428460675291717 -0.99999988079071045 -0
4171 -0.00046682081301696599 -0.99999988079071045 -0
4172 -0.00039736146572977304 -0.99999994039535522 0
4173 -0.00038790371036157012 -0.99999994039535522 0
4174 -0.00046111250412650406 -0.99999988079071045 -0
4175 -0.00045746690011583269 -0.99999988079071045 0
4176 -0.00039480283157899976 -0.99999994039535522 -0
4177 -0.00037668604636564851 -0.99999994039535522 0
4178 -0.00038440001662820578 -0.99999994039535522 -0
4179 -0.00042513792868703604 -0.99999994039535522 0
4180 -0.00047448650002479553 -0.99999988079071045 0
4181 -0.00045572899398393929 -0.99999994039535522 0
4182 -0.00046285043936222792 -0.99999988079071045 0
4183 -0.00039325215038843453 -0.99999994039535522 -0
4184 -0.00041762873297557235 -0.99999994039535522 -0
4185 -0.00042590597877278924 -0.99999994039535522 0
4186 -0.00041076180059462786 -0.99999994039535522 -0
4187 -0.0004225851153023541 -0.99999994039535522 0
4188 -0.00045667696394957602 -0.99999994039535522 -0
4189 -0.00039672365528531373 -0.99999994039535522 -0
4190 -0.00040844600880518556 -0.99999994039535522 0
4191 -0.0003846574982162565 -0.99999994039535522 -0
4192 -0.00042738643242046237 -0.99999994039535522 0
4193 -0.00039559428114444017 -0.99999994039535522 0
4194 -0.00041163369314745069 -0.99999994039535522 0
4195 -0.00046137580648064613 -0.99999988079071045 -0
4196 -0.00041202869033440948 -0.99999994039535522 0
4197 -0.0004205414152238518 -0.99999994039535522 0
4198 -0.00042052241042256355 -0.99999994039535522 0
4199 -0.00045882156700827181 -0.99999988079071045 -0
4200 -0.00040764285949990153 -0.99999994039535522 0
4201 -0.00041076034540310502 -0.99999994039535522 0
4202 -0.00046154260053299367 -0.99999988079071045 -0
4203 -0.00040845770854502916 -0.99999994039535522 0
4204 -0.00039719470078125596 -0.99999994039535522 -0
4205 -0.0004236384411342442 -0.99999994039535522 0
4206 -0.00040103340870700777 -0.99999994039535522 0
4207 -0.00041554847848601639 -0.99999994039535522 0
4208 -0.00038706691702827811 -0.99999994039535522 0
4209 -0.00044228186015971005 -0.99999994039535522 -0
4210 -0.00043446110794320703 -0.99999994039535522 -0
4211 -0.00038317410508170724 -0.99999994039535522 0
4212 -0.0012787503655999899 0.99999922513961792 0
4213 -0.00087971182074397802 0.99999964237213135 -0
4214 -0.0010645720176398754 0.99999946355819702 -0
4215 -0.00081236200639978051 0.99999970197677612 -0
4216 -0.00067460490390658379 0.9999997615814209 0
4217 -0.00051798200001940131 0.99999988079071045 0
4218 -0.00067151518305763602 0.9999997615814209 0
4219 -0.0007357870927080512 0.9999997615814209 0
4220 -0.00078734027920290828 0.99999970197677612 -0
4221 -0.00087087287101894617 0.99999964237213135 -0
4222 -0.0010310037760064006 0.99999946355819702 0
4223 -0.00075976137304678559 0.99999970197677612 -0
4224 -0.0012916927225887775 0.99999916553497314 0
4225 -0.00098252273164689541 0.9999995231628418 0
4226 -0.00079364835983142257 0.99999970197677612 0
4227 -0.0012104554334655404 0.9999992847442627 0
4228 -0.00092689821030944586 0.99999958276748657 -0
4229 -0.00094596447888761759 0.99999958276748657 0
4230 -0.00077590317232534289 0.99999970197677612 -0
4231 -0.00062319060089066625 0.99999982118606567 0
4232 -0.00065868254750967026 0.99999982118606567 -0
4233 -0.000897026970051229 0.99999964237213135 0
4234 -0.000745597411878407 0.9999997615814209 0
4235 -0.001018630457110703 0.9999995231628418 -0
4236 -0.00073859008261933923 0.9999997615814209 0
4237 -0.00052220252109691501 0.99999988079071045 0
4238 -0.00086833321256563067 0.99999964237213135 -0
4239 -0.001015163492411375 0.9999995231628418 0
4240 -0.00080659805098548532 0.99999970197677612 -0
4241 -0.0010241426061838865 0.99999946355819702 0
4242 -0.00128655054140836 0.99999916553497314 0
4243 -0.0011682356707751751 0.99999934434890747 0
4244 -0.00093837775057181716 0.99999958276748657 0
4245 -0.00088271667482331395 0.99999964237213135 0
4246 -0.00074301392305642366 0.9999997615814209 0
4247 -0.00083063088823109865 0.99999964237213135 0
4248 -0.00071459816535934806 0.9999997615814209 0
4249 -0.00067411625059321523 0.9999997615814209 0
4250 -0.0010708742775022984 0.99999946355819702 0
4251 -0.0012668231502175331 0.99999922513961792 0
4252 -0.0010113511234521866 0.9999995231628418 0
4253 -0.00052041042363271117 0.99999988079071045 -0
4254 -0.00088110164506360888 0.99999964237213135 0
4255 -0.00095955055439844728 0.99999958276748657 -0
4256 -0.0008334045996889472 0.99999964237213135 0
4257 -0.00073782057734206319 0.9999997615814209 0
4258 -0.00069130555493757129 0.9999997615814209 0
4259 -0.00076680822530761361 0.99999970197677612 0
4260 -0.0007492971490137279 0.9999997615814209 -0
4261 -0.001026372192427516 0.99999946355819702 0
4262 -0.00076845107832923532 0.99999970197677612 0
4263 -0.00085309107089415193 0.99999964237213135 0
4264 -0.00099019135814160109 0.9999995231628418 0
4265 -0.00053544924594461918 0.99999988079071045 -0
4266 -0.00072671985253691673 0.9999997615814209 -0
4267 -0.00080974050797522068 0.99999970197677612 0
4268 -0.00081772217527031898 0.99999970197677612 0
4269 -0.001018127310089767 0.9999995231628418 -0
4270 -0.00058362598065286875 0.99999982118606567 -0
4271 -0.00096253631636500359 0.9999995231628418 0
4272 -0.0010452554561197758 0.99999946355819702 -0
4273 -0.0008431008318439126 0.99999964237213135 0
4274 -0.00051061913836747408 0.99999988079071045 0
4275 -0.00096595956711098552 0.9999995231628418 0
4276 -0.0010177044896408916 0.9999995231628418 0
4277 -0.00076415890362113714 0.99999970197677612 0
4278 -0.00088412110926583409 0.99999964237213135 0
4279 -0.00074537505861371756 0.9999997615814209 0
4280 -0.00056998286163434386 0.99999988079071045 0
4281 -0.0012128809466958046 0.9999992847442627 0
4282 -0.00086184666724875569 0.99999964237213135 0
4283 -0.00083594711031764746 0.99999964237213135 -0
4284 -0.0010451910784468055 0.99999946355819702 -0
4285 -0.00097850849851965904 0.9999995231628418 -0
4286 -0.00065913895377889276 0.99999982118606567 0
4287 -0.0011060528922826052 0.99999940395355225 -0
4288 -0.0007266233442351222 0.9999997615814209 -0
4289 -0.00089480623137205839 0.99999964237213135 -0
4290 -0.00052391557255759835 0.99999988079071045 0
4291 -0.00097700173500925303 0.9999995231628418 0
4292 -0.00076360738603398204 0.99999970197677612 0
4293 -0.00073767133289948106 0.9999997615814209 -0
4294 -0.0007056714384816587 0.9999997615814209 0
4295 -0.00073227309621870518 0.9999997615814209 0
4296 -0.0012904243776574731 0.99999916553497314 0
4297 -0.0006753626512363553 0.9999997615814209 0
4298 -0.00093316391576081514 0.99999958276748657 0
4299 -0.00082174228737130761 0.99999970197677612 0
4300 -0.0012919442960992455 0.99999916553497314 0
4301 -0.00085954694077372551 0.99999964237213135 0
4302 -0.00066470977617427707 0.99999982118606567 0
4303 -0.00078622990986332297 0.99999970197677612 0
4304 -0.0005163084133528173 0.99999988079071045 0
4305 -0.001014870940707624 0.9999995231628418 0
4306 -0.00072700658347457647 0.9999997615814209 0
4307 -0.0007416768348775804 0.9999997615814209 0
4308 -0.00087128538871183991 0.99999964237213135 0
4309 -0.00092093826970085502 0.99999958276748657 0
4310 -0.00076192501001060009 0.99999970197677612 -0
4311 -0.0009003886952996254 0.99999958276748657 0
4312 -0.0010251052444800735 0.99999946355819702 -0
4313 -0.00051845889538526535 0.99999988079071045 0
4314 -0.00080462172627449036 0.99999970197677612 -0
4315 -0.0010442372877150774 0.99999946355819702 -0
4316 -0.00074316310929134488 0.9999997615814209 0
4317 -0.00065489945700392127 0.99999982118606567 0
4318 -0.00061774859204888344 0.99999982118606567 0
4319 -0.00094703829381614923 0.99999958276748657 0
4320 -0.00067194527946412563 0.9999997615814209 0
4321 -0.00088101386791095138 0.99999964237213135 0
4322 -0.0012818062677979469 0.99999916553497314 0
4323 -0.00099763181060552597 0.9999995231628418 -0
4324 -0.00079156516585499048 0.99999970197677612 0
4325 -0.0010714652016758919 0.99999946355819702 -0
4326 -0.0010189962340518832 0.9999995231628418 0
4327 -0.0007757247076369822 0.99999970197677612 0
4328 -0.0012160744518041611 0.9999992847442627 0
4329 -0.00080770405475050211 0.99999970197677612 0
4330 -0.0012950325617566705 0.99999916553497314 0
4331 -0.00087541376706212759 0.99999964237213135 0
4332 0.62419766187667847 -0.78126627206802368 -0.00058162648929283023
4333 0.39891907572746277 0.91698598861694336 -0.00053859484614804387
4334 0.60768383741378784 -0.79417878389358521 -0.00065607222495600581
4335 0.46172648668289185 0.88702219724655151 -0.00053483108058571815
4336 0.8457188606262207 0.53362834453582764 -0.00068771839141845703
4337 0.86707878112792969 0.49817082285881042 -0.00056175462668761611
4338 0.9945189356803894 0.10455562919378281 -0.00054096843814477324
4339 0.59394347667694092 -0.80450654029846191 -0.00065452954731881618
4340 0.99516361951828003 0.098229251801967621 -0.00063298677559942007
4341 0.85500496625900269 0.5186193585395813 -0.00066776049789041281
4342 0.82461917400360107 0.56568807363510132 -0.0005464936257340014
4343 0.99379873275756836 -0.11119244247674942 -0.00060358818154782057
4344 0.74628180265426636 -0.66562986373901367 -0.0006114865536801517
4345 0.94787013530731201 -0.31865626573562622 -0.00067424360895529389
4346 0.30899915099143982 0.95106208324432373 -0.00069426075788214803
4347 0.86924952268600464 -0.49437332153320312 -0.00060372811276465654
4348 0.66076034307479858 -0.75059670209884644 -0.00067023420706391335
4349 -0.00089116208255290985 0.023634379729628563 -0.99972033500671387
4350 0.00014233551337383687 -0.024149386212229729 -0.99970841407775879
4351 0.80902916193008423 -0.58776795864105225 -0.00079814018681645393
4352 0.95261013507843018 0.30419325828552246 -0.00064847135217860341
4353 0.97814345359802246 -0.20792993903160095 -0.00071853917324915528
4354 0.59219139814376831 0.8057970404624939 -0.000657680444419384
4355 0.48653179407119751 -0.87366276979446411 -0.00048665812937542796
4356 0.23787422478199005 0.97129577398300171 -0.00062733300728723407
4357 0.97749876976013184 0.21094042062759399 -0.0005239961901679635
4358 0.76173466444015503 -0.6478888988494873 -0.0006153349531814456
4359 0.49187737703323364 -0.87066429853439331 -0.00055456551490351558
4360 0.9236375093460083 0.38326653838157654 -0.00074539537308737636
4361 0.60259497165679932 0.79804706573486328 -0.0005243583582341671
4362 0.26672154664993286 0.96377354860305786 -0.00038876786129549146
4363 0.73036819696426392 0.68305343389511108 -0.00061785697471350431
4364 0.97582107782363892 0.21856966614723206 -0.00073516403790563345
4365 0.30259370803833008 -0.95311939716339111 -0.00077274447539821267
4366 0.95245373249053955 0.30468261241912842 -0.00064663728699088097
4367 0.94869107007980347 -0.316203773021698 -0.00066748278914019465
4368 0.1230190247297287 -0.99240416288375854 -0.00054752267897129059
4369 0.12296008318662643 -0.99241149425506592 -0.00054640840971842408
4370 0.86843621730804443 -0.49580058455467224 -0.00057685695355758071
4371 0.30524623394012451 -0.95227324962615967 -0.00060690374812111259
4372 0.71881735324859619 0.69519883394241333 -0.0005178864230401814
4373 0.9930037260055542 -0.11808184534311295 -0.00058286945568397641
4374 0.75061094760894775 -0.66074419021606445 -0.00060234189732000232
4375 0.923636794090271 0.38326847553253174 -0.00063669733935967088
4376 0.58195793628692627 0.81321877241134644 -0.00042399900848977268
4377 0.41074296832084656 -0.91175109148025513 -0.00052809686167165637
4378 0.98795020580291748 -0.15477077662944794 -0.00065683538559824228
4379 0.7284666895866394 0.68508106470108032 -0.00061527820071205497
4380 0.22461973130702972 -0.97444641590118408 -0.0005322954966686666
4381 0.8397824764251709 0.54292267560958862 -0.00062598683871328831
4382 0.36258304119110107 -0.93195128440856934 -0.00060057692462578416
4383 0.76503616571426392 -0.64398711919784546 -0.00061865989118814468
4384 0.58776003122329712 0.80903506278991699 -0.00064845848828554153
4385 0.59050071239471436 0.80703693628311157 -0.00055192020954564214
4386 0.43659031391143799 0.89966022968292236 -0.00059658306417986751
4387 0.49892786145210266 -0.86664336919784546 -0.00060423550894483924
4388 0.50076329708099365 -0.86558401584625244 -0.00061686028493568301
4389 0.99945670366287231 0.032954290509223938 -0.00063804950332269073
4390 0.99945682287216187 0.032949794083833694 -0.00063851178856566548
4391 0.64371901750564575 -0.76526165008544922 -0.00061420380370691419
4392 0.57655799388885498 0.81705617904663086 -0.00042101784492842853
4393 0.59128409624099731 0.80646312236785889 -0.00061238551279529929
4394 0.49976274371147156 -0.86616212129592896 -0.0006062174797989428
4395 0.49697208404541016 -0.86776632070541382 -0.0006090069655328989
4396 0.94666892290115356 0.32220733165740967 -0.00063264655182138085
4397 0.49999266862869263 -0.86602956056594849 -0.0003449178475420922
4398 0.59125977754592896 0.80648094415664673 -0.00058637483743950725
4399 0.50000995397567749 0.86601954698562622 -0.00039586127968505025
4400 0.74597287178039551 0.66597604751586914 -0.00058420863933861256
4401 0.97718697786331177 0.21238008141517639 -0.00063935149228200316
4402 0.59121984243392944 0.80651026964187622 -0.00058617733884602785
4403 0.77056795358657837 -0.63735759258270264 -0.00063317210879176855
4404 0.66914069652557373 -0.74313563108444214 -0.00044975319178774953
4405 0.77056699991226196 -0.63735872507095337 -0.00063026970019564033
4406 0.66911596059799194 0.74315780401229858 -0.00065960269421339035
4407 0.33770251274108887 -0.94125276803970337 -0.0006281335954554379
4408 0.49502843618392944 -0.86887657642364502 -0.00059995509218424559
4409 0.64328551292419434 -0.76562607288360596 -0.00062091281870380044
4410 0.50112324953079224 -0.86537569761276245 -0.00061137170996516943
4411 0.49813944101333618 -0.86709678173065186 -0.0006091612740419805
4412 0.64329338073730469 -0.76561945676803589 -0.00061413069488480687
4413 0.59126681089401245 0.80647581815719604 -0.00062776077538728714
4414 0.8090088963508606 -0.58779615163803101 -0.00046831241343170404
4415 0.91353553533554077 0.4067578911781311 -0.00091758760390803218
4416 0.97718888521194458 0.21237123012542725 -0.00064006540924310684
4417 0.77055865526199341 -0.63736885786056519 -0.00062980741495266557
4418 0.59119671583175659 0.80652719736099243 -0.00058430625358596444
4419 0.80902844667434692 0.58776915073394775 -0.00066261453321203589
4420 0.66913884878158569 0.74313730001449585 -0.00042632588883861899
4421 0.4984804093837738 -0.8669007420539856 -0.00061276735505089164
4422 0.872702956199646 -0.48825109004974365 -0.000653345778118819
4423 0.87270623445510864 -0.48824530839920044 -0.00065441959304735065
4424 0.49671536684036255 -0.86791330575942993 -0.00060661387396976352
4425 0.64386618137359619 -0.76513791084289551 -0.00061687227571383119
4426 0.9781450629234314 0.20792347192764282 -0.00039789016591385007
4427 0.50149774551391602 -0.8651587963104248 -0.00060545559972524643
4428 0.92137825489044189 0.38866668939590454 -0.00060839217621833086
4429 0.6440163254737854 -0.7650114893913269 -0.00062225555302575231
4430 0.98905497789382935 -0.14754621684551239 -0.00063596921972930431
4431 0.99389064311981201 -0.11036737263202667 -0.00070664036320522428
4432 0.77056199312210083 -0.63736480474472046 -0.00063303753267973661
4433 0.99452245235443115 0.10452204942703247 -0.00053503160597756505
4434 0.83610641956329346 0.54856693744659424 -0.00057551107602193952
4435 0.59125244617462158 0.80648630857467651 -0.00063139904523268342
4436 0.49502429366111755 -0.86887896060943604 -0.0005910343024879694
4437 0.99945658445358276 0.032958410680294037 -0.00063508853781968355
4438 0.87268328666687012 -0.48828625679016113 -0.00064776325598359108
4439 0.92297077178955078 0.38486957550048828 -0.00062802847241982818
4440 0.8726922869682312 -0.488270103931427 -0.00065494619775563478
4441 0.99945592880249023 0.03297806903719902 -0.00063554203370586038
4442 0.9463881254196167 -0.32303127646446228 -0.00063655147096142173
4443 0.94633865356445312 -0.32317617535591125 -0.00064130302052944899
4444 0.98906111717224121 -0.1475052535533905 -0.00062805775087326765
4445 0.92294842004776001 0.38492327928543091 -0.00062146584969013929
4446 0.97717481851577759 0.21243582665920258 -0.00063671235693618655
4447 0.946338951587677 -0.32317525148391724 -0.00064029067289084196
4448 -0.00041931401938199997 0.030259877443313599 -0.9995419979095459
4449 0.64329105615615845 -0.76562154293060303 -0.00061106157954782248
4450 0.49519109725952148 -0.86878389120101929 -0.00056730577489361167
4451 0.92295533418655396 0.3849065899848938 -0.0006284322589635849
4452 0.92034971714019775 0.39109602570533752 -0.00062025972874835134
4453 0.97815060615539551 -0.20789705216884613 -0.00054541428107768297
4454 -0.00039434200152754784 -0.03025764599442482 -0.99954205751419067
4455 0.98909348249435425 -0.14728778600692749 -0.00059625686844810843
4456 0.77055114507675171 -0.63737791776657104 -0.00062453211285173893
4457 0.92296218872070312 0.38489025831222534 -0.00062183750560507178
4458 0.98905801773071289 -0.14752568304538727 -0.00063665385823696852
4459 0.87270379066467285 -0.48824962973594666 -0.00065451022237539291
4460 0.64667898416519165 -0.76276206970214844 -0.00063045101705938578
4461 0.43648764491081238 0.89971011877059937 -0.00056579307420179248
4462 0.99945515394210815 0.033001750707626343 -0.0006293978076428175
4463 0.72679716348648071 0.68685191869735718 -0.00059694150695577264
4464 0.83857834339141846 0.54478079080581665 -0.0005938255344517529
4465 0.49686339497566223 -0.86782854795455933 -0.00061605981318280101
4466 0.97803819179534912 0.20842497050762177 -0.00063116365345194936
4467 0.43654051423072815 0.89968442916870117 -0.00058254791656509042
4468 0.72677797079086304 0.68687230348587036 -0.00058447156334295869
4469 0.64329296350479126 -0.76561993360519409 -0.00060995854437351227
4470 0.94633340835571289 -0.32319143414497375 -0.00064417911926284432
4471 0.92296582460403442 0.38488137722015381 -0.00062636664370074868
4472 0.49512010812759399 -0.86882436275482178 -0.00058900367002934217
4473 0.97718137502670288 0.21240566670894623 -0.00063430733280256391
4474 0.72677582502365112 0.68687450885772705 -0.00060587696498259902
4475 0.72674894332885742 0.68690294027328491 -0.00056771677918732166
4476 0.92296725511550903 0.38487809896469116 -0.00063011166639626026
4477 0.64328724145889282 -0.76562470197677612 -0.00060467154253274202
4478 0.97707003355026245 0.21291740238666534 -0.00064154871506616473
4479 0.99947959184646606 0.032251659780740738 -0.00062461080960929394
4480 0.92294055223464966 0.38494208455085754 -0.00061885308241471648
4481 0.9890754222869873 -0.14740917086601257 -0.00061620521591976285
4482 0.643574059009552 -0.76538366079330444 -0.00061949959490448236
4483 0.59129780530929565 0.80645304918289185 -0.00059665035223588347
4484 0.92297309637069702 0.38486409187316895 -0.00063260452589020133
4485 0.97901570796966553 0.20378361642360687 -0.00062271143542602658
4486 0.83856946229934692 0.54479444026947021 -0.00058951287064701319
4487 0.83856046199798584 0.54480826854705811 -0.00058704923139885068
4488 0.97716838121414185 0.21246553957462311 -0.00063574098749086261
4489 0.72678577899932861 0.68686395883560181 -0.00060271710390225053
4490 0.83858007192611694 0.54477798938751221 -0.00059965957188978791
4491 0.99945199489593506 0.033096950501203537 -0.00063606869662180543
4492 0.99950844049453735 0.031346306204795837 -0.00064086116617545485
4493 0.98908108472824097 -0.14737109839916229 -0.00061022769659757614
4494 0.83857822418212891 0.54478096961975098 -0.00060136540560051799
4495 0.090216130018234253 0.99592208862304688 -0.00056692247744649649
4496 0.83857452869415283 0.54478651285171509 -0.00061212072614580393
4497 0.94639867544174194 -0.32300025224685669 -0.00062950310530140996
4498 0.97716325521469116 0.2124888151884079 -0.00064043398015201092
4499 0.92273050546646118 0.38544529676437378 -0.00063785928068682551
4500 0.87269222736358643 -0.48827037215232849 -0.00066464534029364586
4501 0.59130316972732544 0.80644905567169189 -0.00061116833239793777
4502 0.98901450634002686 -0.14781741797924042 -0.00059479661285877228
4503 0.97716140747070312 0.2124975323677063 -0.00063703424530103803
4504 0.83855515718460083 0.54481643438339233 -0.00058486370835453272
4505 0.086177267134189606 -0.99627971649169922 -0.00055039447033777833
4506 0.92285370826721191 0.38515013456344604 -0.00063454132759943604
4507 0.99945437908172607 0.033024929463863373 -0.00063338573090732098
4508 0.50220906734466553 -0.86474609375 -0.00060857745120301843
4509 0.2677229642868042 0.96349579095840454 -0.00057598808780312538
4510 0.72676432132720947 0.68688666820526123 -0.00057019054656848311
4511 0.99958467483520508 0.028812389820814133 -0.00062951497966423631
4512 0.83858084678649902 0.54477691650390625 -0.00059570686426013708
4513 0.43658503890037537 0.89966279268264771 -0.0005820387159474194
4514 0.87213796377182007 -0.4892597496509552 -0.00062507455004379153
4515 0.64349138736724854 -0.76545310020446777 -0.00061025103786960244
4516 0.090210966765880585 -0.99592256546020508 -0.00055031839292496443
4517 0.97738754749298096 0.21145513653755188 -0.00064383639255538583
4518 0.77090764045715332 -0.63694673776626587 -0.00062206538859754801
4519 0.92255103588104248 0.38587465882301331 -0.00060135067906230688
4520 0.64329010248184204 -0.76562225818634033 -0.00061453745001927018
4521 0.090191453695297241 0.99592435359954834 -0.00053825217764824629
4522 0.87296497821807861 -0.48778259754180908 -0.00064994575222954154
4523 0.090210966765880585 -0.99592256546020508 -0.00054604082833975554
4524 0.72679620981216431 0.68685293197631836 -0.00058959180023521185
4525 0.99944967031478882 0.033167455345392227 -0.00064466189360246062
4526 0.87277942895889282 -0.48811447620391846 -0.00063499785028398037
4527 0.97718620300292969 0.21238343417644501 -0.00063729751855134964
4528 0.94632458686828613 -0.32321730256080627 -0.00064200814813375473
4529 0.090193711221218109 0.99592411518096924 -0.0005296136368997395
4530 0.72680705785751343 0.68684142827987671 -0.00059107370907440782
4531 0.87102961540222168 -0.49123018980026245 -0.00062101456569507718
4532 0.87222307920455933 -0.48910790681838989 -0.00067715253680944443
4533 0.59129321575164795 0.80645638704299927 -0.00064938416471704841
4534 0.77054649591445923 -0.63738352060317993 -0.00062760425498709083
4535 0.591289222240448 0.80645930767059326 -0.00063521723495796323
4536 0.8728175163269043 -0.4880463182926178 -0.00062911398708820343
4537 0.090210296213626862 0.99592256546020508 -0.00057246687356382608
4538 0.64334559440612793 -0.76557570695877075 -0.00061215873574838042
4539 0.090202160179615021 0.99592334032058716 -0.00055241328664124012
4540 0.98882377147674561 -0.14908801019191742 -0.00059474952286109328
4541 0.090212881565093994 0.99592238664627075 -0.00055315648205578327
4542 0.77062982320785522 -0.63728278875350952 -0.00062602135585620999
4543 0.94615823030471802 -0.32370385527610779 -0.0006284932023845613
4544 0.43660968542098999 0.89965087175369263 -0.00058709748554974794
4545 0.090210959315299988 -0.9959225058555603 -0.00058891589287668467
4546 0.72680562734603882 0.68684297800064087 -0.00058983173221349716
4547 0.59132760763168335 0.80643129348754883 -0.00060675479471683502
4548 0.83838552236557007 0.54507738351821899 -0.000584293098654598
4549 0.87356472015380859 -0.48670756816864014 -0.00065443944185972214
4550 0.87270450592041016 -0.4882483184337616 -0.00064673629822209477
4551 0.083749115467071533 -0.99648672342300415 -0.00055236642947420478
4552 0.09019065648317337 0.99592435359954834 -0.00060197978746145964
4553 0.77072650194168091 -0.63716572523117065 -0.00062884180806577206
4554 0.77156811952590942 -0.63614648580551147 -0.00062226143199950457
4555 0.77055817842483521 -0.63736939430236816 -0.00063506222795695066
4556 0.43659740686416626 0.89965677261352539 -0.00059669278562068939
4557 0.83893394470214844 0.54423296451568604 -0.00062300777062773705
4558 0.090204447507858276 0.99592310190200806 -0.00058035639813169837
4559 0.72700220346450806 0.68663495779037476 -0.00060577742988243699
4560 0.59131795167922974 0.8064383864402771 -0.00060109765036031604
4561 0.088225856423377991 -0.99610036611557007 -0.00054968893527984619
4562 0.83875739574432373 0.54450494050979614 -0.00061189825646579266
4563 0.2677273154258728 0.96349459886550903 -0.00058289896696805954
4564 0.94564235210418701 -0.32520788908004761 -0.00061211409047245979
4565 0.9463270902633667 -0.32321006059646606 -0.00061620015185326338
4566 0.074007615447044373 -0.99725759029388428 -0.00054175732657313347
4567 0.088274635374546051 0.99609607458114624 -0.00047838370664976537
4568 0.94636523723602295 -0.32309830188751221 -0.00064433709485456347
4569 0.59132200479507446 0.80643534660339355 -0.00060873990878462791
4570 0.090210966765880585 -0.99592256546020508 -0.00054009549785405397
4571 0.26773864030838013 0.96349143981933594 -0.00058299844386056066
4572 0.089979931712150574 0.99594348669052124 -0.00051583733875304461
4573 0.72727346420288086 0.68634766340255737 -0.00061351637123152614
4574 0.43661203980445862 0.89964973926544189 -0.0005907416925765574
4575 0.089973971247673035 0.99594396352767944 -0.00061010627541691065
4576 0.090192586183547974 0.99592423439025879 -0.00053302373271435499
4577 0.98905152082443237 -0.14756926894187927 -0.00065036141313612461
4578 0.087101295590400696 -0.99619930982589722 -0.00055378617253154516
4579 0.090214498341083527 0.99592220783233643 -0.00056420720648020506
4580 0.090195655822753906 -0.99592387676239014 -0.00058665423421189189
4581 0.94631075859069824 -0.32325765490531921 -0.00064659299096092582
4582 0.94637203216552734 -0.32307833433151245 -0.00064015021780505776
4583 0.26769447326660156 0.96350371837615967 -0.00056832976406440139
4584 0.87268614768981934 -0.48828119039535522 -0.00064499833388254046
4585 0.10281574726104736 -0.99470031261444092 -0.00054836540948599577
4586 0.088391058146953583 0.99608570337295532 -0.00061635731253772974
4587 0.98906570672988892 -0.14747418463230133 -0.00062557373894378543
4588 0.87269383668899536 -0.48826742172241211 -0.00064990203827619553
4589 0.26774272322654724 0.96349030733108521 -0.00058068707585334778
4590 0.089130446314811707 0.99601984024047852 -0.00048287727986462414
4591 0.77055513858795166 -0.63737297058105469 -0.00063229136867448688
4592 0.98908519744873047 -0.14734366536140442 -0.00060487637529149652
4593 0.079167790710926056 -0.99686115980148315 -0.00056804507039487362
4594 0.27637067437171936 0.96105104684829712 -0.00050620484398677945
4595 0.090197555720806122 0.99592369794845581 -0.0005904227145947516
4596 0.090082183480262756 0.99593418836593628 -0.0006121309706941247
4597 0.98904520273208618 -0.14761170744895935 -0.00066091486951336265
4598 0.090086795389652252 0.99593383073806763 -0.00052789621986448765
4599 0.43645554780960083 0.89972561597824097 -0.00061675085453316569
4600 0.83848965167999268 0.54491722583770752 -0.00058903294848278165
4601 0.94661694765090942 -0.32236009836196899 -0.00066795392194762826
4602 0.4357055127620697 0.9000890851020813 -0.00064431806094944477
4603 0.94635844230651855 -0.32311820983886719 -0.00064611609559506178
4604 0.096911631524562836 -0.99529284238815308 -0.00057738687610253692
4605 0.94636064767837524 -0.32311171293258667 -0.00065398367587476969
4606 0.92265790700912476 0.38561907410621643 -0.00060173380188643932
4607 0.77056705951690674 -0.63735866546630859 -0.0006224928074516356
4608 0.99945414066314697 0.033032752573490143 -0.00062602129764854908
4609 0.090203292667865753 -0.99592322111129761 -0.00059297552797943354
4610 0.98905026912689209 -0.14757777750492096 -0.00063541624695062637
4611 0.98904752731323242 -0.14759635925292969 -0.00064041942823678255
4612 0.089164815843105316 0.9960167407989502 -0.00061509863007813692
4613 0.43659394979476929 0.89965850114822388 -0.00059785001212731004
4614 0.87271243333816528 -0.48823410272598267 -0.0006352611817419529
4615 0.83808833360671997 0.54553419351577759 -0.00057982519501820207
4616 0.97727584838867188 0.21197076141834259 -0.00063459109514951706
4617 0.43652081489562988 0.89969402551651001 -0.00061174330767244101
4618 0.99944806098937988 0.033215519040822983 -0.00062668847385793924
4619 0.26748746633529663 0.96356117725372314 -0.00059919001068919897
4620 0.97718924283981323 0.21236956119537354 -0.00062674982473254204
4621 0.94634276628494263 -0.32316410541534424 -0.0006484860205091536
4622 0.72668558359146118 0.686970055103302 -0.00055636902106925845
4623 0.87273275852203369 -0.48819795250892639 -0.00063660414889454842
4624 0.59056180715560913 0.80699223279953003 -0.0005586232291534543
4625 0.43697053194046021 0.89947569370269775 -0.00055446993792429566
4626 0.97714400291442871 0.21257756650447845 -0.00062854931456968188
4627 0.97715145349502563 0.21254348754882812 -0.00063715712167322636
4628 0.99945247173309326 0.033082608133554459 -0.0006336109945550561
4629 0.59101814031600952 0.80665808916091919 -0.00057386391563341022
4630 0.26765710115432739 0.96351408958435059 -0.00059891643468290567
4631 0.92289012670516968 0.38506293296813965 -0.00060444331029430032
4632 0.94634312391281128 -0.32316288352012634 -0.00065111042931675911
4633 0.83774203062057495 0.54606586694717407 -0.00058604858350008726
4634 0.99945008754730225 0.033154342323541641 -0.00063097185920923948
4635 0.94631832838058472 -0.32323554158210754 -0.0006456917617470026
4636 0.27260139584541321 0.96212691068649292 -0.00052895292174071074
4637 0.26863545179367065 0.96324175596237183 -0.00054725643713027239
4638 0.26820030808448792 0.96336299180984497 -0.00056195998331531882
4639 0.26772746443748474 0.96349453926086426 -0.0005993539234623313
4640 0.98905450105667114 -0.14754955470561981 -0.00064530264353379607
4641 0.26772788166999817 0.96349442005157471 -0.00059748132480308414
4642 0.26766744256019592 0.96351122856140137 -0.00056600081734359264
4643 0.4365045428276062 0.89970189332962036 -0.0005753225414082408
4644 0.26701170206069946 0.96369308233261108 -0.00059724418679252267
4645 0.43609312176704407 0.89990133047103882 -0.00061901821754872799
4646 0.92284417152404785 0.38517305254936218 -0.00060269952518865466
4647 0.26583725214004517 0.96401774883270264 -0.00059206498553976417
4648 0.2676752507686615 0.96350908279418945 -0.0005662612384185195
4649 0.72634637355804443 0.68732857704162598 -0.00058506691129878163
4650 0.43060705065727234 0.90253931283950806 -0.00064365356229245663
4651 0.72625142335891724 0.68742889165878296 -0.00057660398306325078
4652 0.72648841142654419 0.68717843294143677 -0.00057609338546171784
4653 0.2607075572013855 0.96541762351989746 -0.00057766318786889315
4654 0.63821446895599365 -0.76985841989517212 -0.0006081481697037816
4655 0.44022053480148315 0.89788949489593506 -0.00055096176220104098
4656 0.43715855479240417 0.8993842601776123 -0.00054821453522890806
4657 0.7680249810218811 -0.64041966199874878 -0.00062262266874313354
4658 0.64245063066482544 -0.766326904296875 -0.00061603344511240721
4659 0.41434052586555481 -0.91012179851531982 -0.00054103753063827753
4660 0.6332094669342041 -0.77398025989532471 -0.00061087164795026183
4661 0.76979446411132812 -0.63829159736633301 -0.00062698178226128221
4662 0.30899208784103394 -0.95106416940689087 -0.00093980523524805903
4663 0.30902665853500366 0.95105338096618652 -0.00032105180434882641
4664 0.74089080095291138 0.67162525653839111 -0.00058895628899335861
4665 0.74944972991943359 -0.66206097602844238 -0.00059553841128945351
4666 0.49189487099647522 -0.8706544041633606 -0.00057569378986954689
4667 0.91355109214782715 0.40672376751899719 -0.0004450566484592855
4668 0.50001984834671021 -0.86601364612579346 -0.00072579382685944438
4669 0.97815263271331787 0.20788641273975372 -0.00081759114982560277
4670 0.4249209463596344 -0.90523034334182739 -0.00052477326244115829
4671 0.39630073308944702 0.91812068223953247 -0.00048961886204779148
4672 0.73907673358917236 0.67362099885940552 -0.00060420867521315813
4673 0.60718768835067749 -0.79455816745758057 -0.00061772513436153531
4674 0.74214088916778564 -0.67024344205856323 -0.00083422381430864334
4675 0.97743517160415649 0.21123477816581726 -0.00065323198214173317
4676 0.77629542350769043 -0.63036900758743286 -0.00065825338242575526
4677 0.65546226501464844 -0.75522768497467041 -0.00061415322124958038
4678 0.99986386299133301 0.016490025445818901 -0.000605516426730901
4679 0.98743969202041626 -0.15799516439437866 -0.00063040171517059207
4680 0.999755859375 0.022087445482611656 -0.00066282809711992741
4681 0.82871955633163452 0.55966389179229736 -0.0005953317740932107
4682 0.58004921674728394 0.81458109617233276 -0.00076883734436705709
4683 0.87241953611373901 -0.48875761032104492 -0.0004387195804156363
4684 0.94594109058380127 -0.32433810830116272 -0.00055050477385520935
4685 0.74685347080230713 0.66498857736587524 -0.00040856137638911605
4686 0.85422307252883911 0.51990628242492676 -0.00070508086355403066
4687 0.074480913579463959 -0.99722236394882202 -0.00051021389663219452
4688 0.073235996067523956 -0.99731451272964478 -0.00055229332065209746
4689 0.99340969324111938 -0.11461565643548965 -0.00071065576048567891
4690 0.34845998883247375 -0.93732339143753052 -0.00071522465441375971
4691 0.10451117157936096 -0.99452352523803711 -0.00061213469598442316
4692 0.10453490167856216 0.99452120065689087 -0.00022803634055890143
4693 0.10450857132673264 0.99452376365661621 -0.00070416048401966691
4694 0.076295271515846252 -0.99708515405654907 -0.00050452898722141981
4695 0.076295271515846252 0.99708515405654907 -0.0004887367831543088
4696 0.076295264065265656 0.9970850944519043 -0.00064068712526932359
4697 0.34756764769554138 -0.93765479326248169 -0.00054489786271005869
4698 0.45524942874908447 0.89036381244659424 -0.00050758192082867026
4699 0.87429869174957275 -0.4853876531124115 -0.00081485294504091144
4700 0.1045399010181427 -0.99452066421508789 -0.00039978817221708596
4701 0.07586997002363205 -0.99711763858795166 -0.00050287152407690883
4702 0.2452203631401062 0.96946722269058228 -0.00057970976922661066
4703 0.94507300853729248 -0.32685849070549011 -0.00072978850221261382
4704 0.86817985773086548 0.49624934792518616 -0.00057742436183616519
4705 0.49255716800689697 -0.87027990818023682 -0.00055418437113985419
4706 0.3090289831161499 -0.95105254650115967 -0.00036592973629012704
4707 0.92210692167282104 0.38693472743034363 -0.00063872314058244228
4708 0.59160476922988892 -0.80622798204421997 -0.0005738733452744782
4709 0.99493187665939331 0.10054918378591537 -0.00062804651679471135
4710 0.94516122341156006 0.32660365104675293 -0.00061219133203849196
4711 0.87013548612594604 -0.49281218647956848 -0.00069227628409862518
4712 0.94766569137573242 -0.31926384568214417 -0.00061974971322342753
4713 0.42411914467811584 0.90560621023178101 -0.00059817952569574118
4714 0.66910862922668457 -0.74316424131393433 -0.00077943364158272743
4715 0.7751191258430481 -0.63181483745574951 -0.00064034108072519302
4716 0.9878508448600769 -0.15540388226509094 -0.00061461521545425057
4717 0.42467662692070007 -0.90534496307373047 -0.00052209233399480581
4718 0.98825305700302124 -0.15282492339611053 -0.00067347357980906963
4719 0.216112419962883 -0.97636836767196655 -0.00056105403928086162
4720 0.21715094149112701 -0.97613787651062012 -0.00059142126701772213
4721 0.72220379114151001 0.69168013334274292 -0.00054902560077607632
4722 0.42015886306762695 0.90745037794113159 -0.00064854667289182544
4723 0.59674108028411865 0.80243366956710815 -0.0005558622651733458
4724 0.4999765157699585 0.86603868007659912 -0.00068052049027755857
4725 0.91355860233306885 -0.40670633316040039 -0.00083005329361185431
4726 0.91353869438171387 -0.40675163269042969 -0.00041375143337063491
4727 0.80900335311889648 0.58780372142791748 -0.00057615019613876939
4728 0.079187475144863129 -0.99685966968536377 -0.00053235830273479223
4729 0.08033057302236557 -0.99676811695098877 -0.00062081089708954096
4730 0.22818037867546082 -0.97361868619918823 -0.00060936837689951062
4731 0.22681932151317596 0.97393679618835449 -0.00032590513001196086
4732 0.35440906882286072 -0.93509036302566528 -0.00054703169735148549
4733 0.087334215641021729 -0.99617904424667358 -0.00039268797263503075
4734 0.075513444840908051 -0.99714463949203491 -0.00054300547344610095
4735 0.080856971442699432 0.99672567844390869 -0.00041457693441770971
4736 0.080788224935531616 0.99673110246658325 -0.00063136761309579015
4737 0.23513704538345337 -0.9719620943069458 -0.00059568294091150165
4738 0.35751569271087646 -0.93390697240829468 -0.00054955470841377974
4739 0.3575471043586731 -0.93389499187469482 -0.00055541523033753037
4740 0.35745954513549805 -0.93392848968505859 -0.00055607937974855304
4741 0.35930609703063965 -0.9332195520401001 -0.0006689559668302536
4742 0.35952657461166382 -0.93313473463058472 -0.00053651852067559958
4743 0.35475018620491028 -0.93496090173721313 -0.00066360883647575974
4744 0.23987844586372375 -0.97080284357070923 -0.00053782504983246326
4745 0.36152026057243347 -0.93236404657363892 -0.00066447636345401406
4746 0.36042237281799316 -0.93278908729553223 -0.0005386057891882956
4747 0.23791055381298065 -0.97128689289093018 -0.00059234898071736097
4748 0.36099174618721008 -0.93256890773773193 -0.00053924298845231533
4749 0.23990838229656219 -0.9707953929901123 -0.00054740713676437736
4750 0.23653692007064819 -0.97162234783172607 -0.00052742823027074337
4751 0.35759660601615906 -0.9338759183883667 -0.00066743942443281412
4752 0.23907013237476349 -0.97100216150283813 -0.0006343626300804317
4753 0.23983389139175415 -0.97081375122070312 -0.00063603941816836596
4754 0.35757288336753845 -0.93388509750366211 -0.00055366556625813246
4755 0.24499538540840149 -0.96952402591705322 -0.00065966887632384896
4756 0.24009743332862854 -0.97074860334396362 -0.00064175936859101057
4757 0.23993310332298279 -0.97078931331634521 -0.00055159116163849831
4758 0.36037322878837585 -0.93280798196792603 -0.00066705886274576187
4759 0.23072201013565063 -0.97301959991455078 -0.00052722095279023051
4760 0.22245660424232483 -0.97494250535964966 -0.00051238370360806584
4761 0.23166884481906891 -0.97279453277587891 -0.00056310876971110702
4762 0.23240490257740021 -0.97261899709701538 -0.00055977585725486279
4763 0.23038238286972046 0.97310012578964233 -0.00034591933945193887
4764 0.23012769222259521 -0.9731602668762207 -0.00055552256526425481
4765 0.35660699009895325 -0.93425434827804565 -0.00060284911887720227
4766 0.22661174833774567 -0.97398495674133301 -0.00061290932353585958
4767 0.22697092592716217 -0.97390139102935791 -0.00055305921705439687
4768 -0.00032301011378876865 -0.99999994039535522 -0
4769 -0.00033798161894083023 -0.99999994039535522 -0
4770 -0.00033879501279443502 -0.99999994039535522 -0
4771 -0.00033327395794913173 -0.99999994039535522 0
4772 -0.0003502701292745769 -0.99999994039535522 -0
4773 -0.00035613938234746456 -0.99999994039535522 0
4774 -0.00040388901834376156 -0.99999994039535522 0
4775 -0.00036775786429643631 -0.99999994039535522 0
4776 -0.00035501876845955849 -0.99999994039535522 -0
4777 -0.00036560153239406645 -0.99999994039535522 -0
4778 -0.00039436249062418938 -0.99999994039535522 0
4779 -0.00038801049231551588 -0.99999994039535522 -0
4780 -0.00039320971700362861 -0.99999994039535522 0
4781 -0.00031405413756147027 -0.99999994039535522 -0
4782 -0.00034380404395051301 -0.99999994039535522 0
4783 -0.0003381308342795819 -0.99999994039535522 -0
4784 -0.00033867504680529237 -0.99999994039535522 0
4785 -0.00039474284858442843 -0.99999994039535522 0
4786 -0.00038630180642940104 -0.99999994039535522 0
4787 -0.00038289028452709317 -0.99999994039535522 0
4788 -0.00033219726174138486 -0.99999994039535522 0
4789 -0.00035054225008934736 -0.99999994039535522 0
4790 -0.00036653486313298345 -0.99999994039535522 -0
4791 -0.00034239963861182332 -0.99999994039535522 0
4792 -0.00037581269862130284 -0.99999994039535522 -0
4793 -0.00035570049658417702 -0.99999994039535522 0
4794 -0.00036104305763728917 -0.99999994039535522 0
4795 -0.00039136642590165138 -0.99999994039535522 0
4796 -0.00037875608541071415 -0.99999994039535522 -0
4797 -0.00035990783362649381 -0.99999994039535522 -0
4798 -0.00039519634447060525 -0.99999994039535522 0
4799 -0.00037274349597282708 -0.99999994039535522 0
4800 -0.00039139861473813653 -0.99999994039535522 0
4801 -0.00036436683149076998 -0.99999994039535522 -0
4802 -0.00039282935904338956 -0.99999994039535522 -0
4803 -0.00034287656308151782 -0.99999994039535522 0
4804 -0.00037934124702587724 -0.99999994039535522 0
4805 -0.00035624176962301135 -0.99999994039535522 0
4806 -0.00033026034361682832 -0.99999994039535522 0
4807 -0.00036209344398230314 -0.99999994039535522 -0
4808 -0.00034232065081596375 -0.99999994039535522 -0
4809 -0.00037099968176335096 -0.99999994039535522 0
4810 -0.00035219534765928984 -0.99999994039535522 -0
4811 -0.00035675088292919099 -0.99999994039535522 0
4812 -0.0003328146121930331 -0.99999994039535522 0
4813 -0.00037208516732789576 -0.99999994039535522 0
4814 -0.00034448577207513154 -0.99999994039535522 0
4815 -0.0003604432858992368 -0.99999994039535522 -0
4816 -0.00037075683940201998 -0.99999994039535522 -0
4817 -0.00038236656109802425 -0.99999994039535522 -0
4818 -0.0003860853030346334 -0.99999994039535522 0
4819 -0.00038945293636061251 -0.99999994039535522 -0
4820 -0.00036576244747266173 -0.99999994039535522 0
4821 -0.0003479675215203315 -0.99999994039535522 0
4822 -0.00036143220495432615 -0.99999994039535522 0
4823 -0.00035697614657692611 -0.99999994039535522 0
4824 -0.00036276932223699987 -0.99999994039535522 0
4825 -0.00036337788333185017 -0.99999994039535522 -0
4826 -0.00037131569115445018 -0.99999994039535522 -0
4827 -0.00038641592254862189 -0.99999994039535522 -0
4828 -0.00038151515764184296 -0.99999994039535522 0
4829 -0.00035793290589936078 -0.99999994039535522 0
4830 -0.00034080797922797501 -0.99999994039535522 0
4831 -0.00035168332397006452 -0.99999994039535522 -0
4832 -0.00036689473199658096 -0.99999994039535522 -0
4833 -0.00034736772067844868 -0.99999994039535522 0
4834 -0.00036324330721981823 -0.99999994039535522 0
4835 -0.00037517485907301307 -0.99999994039535522 0
4836 -0.00038639252306893468 -0.99999994039535522 -0
4837 -0.00037827625055797398 -0.99999994039535522 -0
4838 -0.00039126403862610459 -0.99999994039535522 0
4839 -0.00040092514245770872 -0.99999994039535522 0
4840 -0.00036640028702095151 -0.99999994039535522 0
4841 -0.00037248601438477635 -0.99999994039535522 -0
4842 -0.00036856246879324317 -0.99999994039535522 0
4843 -0.00034121761564165354 -0.99999994039535522 -0
4844 -0.00034179107751697302 -0.99999994039535522 0
4845 -0.00036051642382517457 -0.99999994039535522 0
4846 -0.00034857317223213613 -0.99999994039535522 -0
4847 -0.00037160242209210992 -0.99999994039535522 0
4848 -0.00037315310328267515 -0.99999994039535522 0
4849 -0.00034715997753664851 -0.99999994039535522 0
4850 -0.00039092462975531816 -0.99999994039535522 0
4851 -0.00034940993646159768 -0.99999994039535522 0
4852 -0.00036255866871215403 -0.99999994039535522 0
4853 -0.00037666410207748413 -0.99999994039535522 -0
4854 -0.00039136351551860571 -0.99999994039535522 0
4855 -0.00035907397978007793 -0.99999994039535522 -0
4856 -0.00037004001205787063 -0.99999994039535522 -0
4857 -0.00034958258038386703 -0.99999994039535522 0
4858 -0.00036905985325574875 -0.99999994039535522 0
4859 -0.00038596827653236687 -0.99999994039535522 0
4860 -0.00031825565383769572 -0.99999994039535522 -0
4861 -0.00036026773159392178 -0.99999994039535522 -0
4862 -0.00038172872154973447 -0.99999994039535522 0
4863 -0.00035929927253164351 -0.99999994039535522 -0
4864 -0.00037162876105867326 -0.99999994039535522 -0
4865 -0.0003875833353959024 -0.99999994039535522 0
4866 -0.00036224559880793095 -0.99999994039535522 0
4867 -0.00032751006074249744 -0.99999994039535522 -0
4868 -0.00034494511783123016 -0.99999994039535522 -0
4869 -0.00037236313801258802 -0.99999994039535522 0
4870 -0.00038384410436265171 -0.99999994039535522 0
4871 -0.00037100262125022709 -0.99999994039535522 -0
4872 -0.00034215679625049233 -0.99999994039535522 -0
4873 -0.00035329838283360004 -0.99999994039535522 -0
4874 -0.0003506768262013793 -0.99999994039535522 0
4875 -0.00036242406349629164 -0.99999994039535522 -0
4876 -0.00039933933294378221 -0.99999994039535522 -0
4877 -0.00037816507392562926 -0.99999994039535522 0
4878 -0.00039520807331427932 -0.99999994039535522 0
4879 -0.00039600973832421005 -0.99999994039535522 0
4880 -0.000362479651812464 -0.99999994039535522 0
4881 -0.0003534241986926645 -0.99999994039535522 -0
4882 -0.0003478855942375958 -0.99999994039535522 0
4883 -0.00035405324888415635 -0.99999994039535522 0
4884 -0.00038310972740873694 -0.99999994039535522 0
4885 -0.00035045153344981372 -0.99999994039535522 0
4886 -0.00038789640530012548 -0.99999994039535522 -0
4887 -0.00037491737748496234 -0.99999994039535522 0
4888 -0.000362207560101524 -0.99999994039535522 -0
4889 -0.00035996345104649663 -0.99999994039535522 -0
4890 -0.00037999372580088675 -0.99999994039535522 0
4891 -0.00035141708212904632 -0.99999994039535522 -0
4892 -0.00039205694338306785 -0.99999994039535522 0
4893 -0.00037196523044258356 -0.99999994039535522 0
4894 -0.00034596622572280467 -0.99999994039535522 0
4895 -0.00035316671710461378 -0.99999994039535522 -0
4896 -0.00035310527891851962 -0.99999994039535522 0
4897 -0.00033174082636833191 -0.99999994039535522 0
4898 -0.00036283954977989197 -0.99999994039535522 0
4899 -0.00035318426671437919 -0.99999994039535522 0
4900 -0.00037675187923014164 -0.99999994039535522 0
4901 -0.00038089780719019473 -0.99999994039535522 -0
4902 -0.00037152925506234169 -0.99999994039535522 0
4903 -0.00033268000697717071 -0.99999994039535522 0
4904 -0.00034988392144441605 -0.99999994039535522 -0
4905 -0.00034213924664072692 -0.99999994039535522 -0
4906 -0.00034526697709225118 -0.99999994039535522 0
4907 -0.00037063981289975345 -0.99999994039535522 -0
4908 -0.0003517681616358459 -0.99999994039535522 0
4909 -0.0003822085855063051 -0.99999994039535522 -0
4910 -0.00040284157148562372 -0.99999994039535522 0
4911 -0.00034012334072031081 -0.99999994039535522 0
4912 -0.00036470621125772595 -0.99999994039535522 0
4913 -0.00033073141821660101 -0.99999994039535522 -0
4914 -0.00032157354871742427 -0.99999994039535522 -0
4915 -0.00034964986843988299 -0.99999994039535522 0
4916 -0.00035220704739913344 -0.99999994039535522 0
4917 -0.00036901890416629612 -0.99999994039535522 0
4918 -0.00034468178637325764 -0.99999994039535522 -0
4919 -0.00034820157452486455 -0.99999994039535522 0
4920 -0.00034447407233528793 -0.99999994039535522 0
4921 -0.00033006723970174789 -0.99999994039535522 0
4922 -0.00036872338387183845 -0.99999994039535522 0
4923 -0.00035160139668732882 -0.99999994039535522 -0
4924 -0.00038660902646370232 -0.99999994039535522 0
4925 -0.0003746891743503511 -0.99999994039535522 -0
4926 -0.00038589219911955297 -0.99999994039535522 -0
4927 -0.00038202133146114647 -0.99999994039535522 0
4928 -0.00041272796806879342 -0.99999994039535522 -0
4929 -0.00036723999073728919 -0.99999994039535522 -0
4930 -0.0003971332625951618 -0.99999994039535522 0
4931 -0.00037449607043527067 -0.99999994039535522 0
4932 -0.00039488915354013443 -0.99999994039535522 0
4933 -0.00037505783257074654 -0.99999994039535522 -0
4934 -0.00035840104101225734 -0.99999994039535522 0
4935 -0.00036012436612509191 -0.99999994039535522 -0
4936 -0.00034982542274519801 -0.99999994039535522 -0
4937 -0.00039526951150037348 -0.99999994039535522 0
4938 -0.0003466596535872668 -0.99999994039535522 0
4939 -0.00034196663182228804 -0.99999994039535522 -0
4940 -0.0003637992194853723 -0.99999994039535522 -0
4941 -0.00035111571196466684 -0.99999994039535522 0
4942 -0.00037728730239905417 -0.99999994039535522 -0
4943 -0.00036830498720519245 -0.99999994039535522 0
4944 -0.00038730830419808626 -0.99999994039535522 -0
4945 -0.00032166423625312746 -0.99999994039535522 0
4946 -0.00037427371717058122 -0.99999994039535522 -0
4947 -0.00036280736094340682 -0.99999994039535522 0
4948 -0.00036132102832198143 -0.99999994039535522 0
4949 -0.00038526314892806113 -0.99999994039535522 -0
4950 -0.00036366755375638604 -0.99999994039535522 0
4951 -0.00037227827124297619 -0.99999994039535522 0
4952 -0.00035151070915162563 -0.99999994039535522 0
4953 -0.0003413492813706398 -0.99999994039535522 0
4954 -0.00038954656338319182 -0.99999994039535522 -0
4955 -0.00034901202889159322 -0.99999994039535522 -0
4956 -0.00035016189212910831 -0.99999994039535522 0
4957 -0.00035151946940459311 -0.99999994039535522 0
4958 -0.00034715997753664851 -0.99999994039535522 -0
4959 -0.00036927929613739252 -0.99999994039535522 -0
4960 -0.00037382898153737187 -0.99999994039535522 -0
4961 -0.00035087577998638153 -0.99999994039535522 0
4962 -0.00033255713060498238 -0.99999994039535522 0
4963 -0.00038569030584767461 -0.99999994039535522 -0
4964 -0.00034359924029558897 -0.99999994039535522 0
4965 -0.00033181105391122401 -0.99999994039535522 0
4966 -0.00037194765172898769 -0.99999994039535522 -0
4967 -0.00038761552423238754 -0.99999994039535522 -0
4968 -0.0003478914441075176 -0.99999994039535522 -0
4969 -0.00035596967791207135 -0.99999994039535522 0
4970 -0.00035234747338108718 -0.99999994039535522 0
4971 -0.00037446682108566165 -0.99999994039535522 -0
4972 -0.00038997665978968143 -0.99999994039535522 -0
4973 -0.00034892719122581184 -0.99999994039535522 -0
4974 -0.00037350421189330518 -0.99999994039535522 0
4975 -0.00035848881816491485 -0.99999994039535522 -0
4976 -0.00033979566069319844 -0.99999994039535522 0
4977 -0.00039047992322593927 -0.99999994039535522 0
4978 -0.00036674845614470541 -0.99999994039535522 0
4979 -0.00038782908814027905 -0.99999994039535522 0
4980 -0.00037111088749952614 -0.99999994039535522 0
4981 -0.00038511393358930945 -0.99999994039535522 -0
4982 -0.00034891840186901391 -0.99999994039535522 -0
4983 -0.0003848096530418843 -0.99999994039535522 -0
4984 -0.00036178622394800186 -0.99999994039535522 0
4985 -0.00037563129444606602 -0.99999994039535522 -0
4986 -0.00036152583197690547 -0.99999994039535522 0
4987 -0.00036268445546738803 -0.99999994039535522 0
4988 -0.00036663727951236069 -0.99999994039535522 0
4989 -0.00034730043262243271 -0.99999994039535522 0
4990 -0.00037118108593858778 -0.99999994039535522 0
4991 -0.00037891115061938763 -0.99999994039535522 0
4992 -0.00037198569043539464 -0.99999994039535522 -0
4993 -0.000360981619451195 -0.99999994039535522 0
4994 -0.00038554987986572087 -0.99999994039535522 -0
4995 -0.00038709180080331862 -0.99999994039535522 -0
4996 -0.00035996345104649663 -0.99999994039535522 0
4997 -0.00036453065695241094 -0.99999994039535522 0
4998 -0.00036235092557035387 -0.99999994039535522 0
4999 -0.00038993862108327448 -0.99999994039535522 0
5000 -0.00037698596133850515 -0.99999994039535522 -0
5001 -0.00035946312709711492 -0.99999994039535522 0
5002 -0.00036078851553611457 -0.99999994039535522 0
5003 -0.00035050712176598608 -0.99999994039535522 0
5004 -0.00037716736551374197 -0.99999994039535522 -0
5005 -0.00037791929207742214 -0.99999994039535522 0
5006 -0.00037000491283833981 -0.99999994039535522 -0
5007 -0.00034949480323120952 -0.99999994039535522 0
5008 -0.00043339902185834944 0.99999994039535522 -0
5009 -0.00056714774109423161 0.99999988079071045 0
5010 -0.00042543784365989268 0.99999994039535522 0
5011 -0.00055538449669256806 0.99999988079071045 0
5012 -0.00043315032962709665 0.99999994039535522 -0
5013 -0.00055449793580919504 0.99999988079071045 0
5014 -0.00043496434227563441 0.99999994039535522 0
5015 -0.00055971322581171989 0.99999988079071045 0
5016 -0.00051251216791570187 0.99999988079071045 0
5017 -0.00043087988160550594 0.99999994039535522 0
5018 -0.00048599965521134436 0.99999988079071045 0
5019 -0.00055790215265005827 0.99999988079071045 -0
5020 -0.00049933564150705934 0.99999988079071045 0
5021 -0.00058361137052997947 0.99999982118606567 0
5022 -0.00055866583716124296 0.99999988079071045 0
5023 -0.00058225961402058601 0.99999982118606567 -0
5024 -0.00049108773237094283 0.99999988079071045 0
5025 -0.00039123769965954125 0.99999994039535522 0
5026 -0.00050083367386832833 0.99999988079071045 -0
5027 -0.00049771909834817052 0.99999988079071045 0
5028 -0.00050454802112653852 0.99999988079071045 0
5029 -0.00056509237037971616 0.99999988079071045 0
5030 -0.00054604816250503063 0.99999988079071045 0
5031 -0.00056960689835250378 0.99999988079071045 -0
5032 -0.00042137820855714381 0.99999994039535522 0
5033 -0.00052304076962172985 0.99999988079071045 0
5034 -0.0005138595006428659 0.99999988079071045 0
5035 -0.00050001736963167787 0.99999988079071045 0
5036 -0.00054102297872304916 0.99999988079071045 0
5037 -0.00051578617421910167 0.99999988079071045 0
5038 -0.00057708093663677573 0.99999982118606567 0
5039 -0.00050466798711568117 0.99999988079071045 -0
5040 -0.00055688834981992841 0.99999988079071045 0
5041 -0.00058538152370601892 0.99999982118606567 -0
5042 -0.00056550931185483932 0.99999988079071045 0
5043 -0.00050337769789621234 0.99999988079071045 0
5044 -0.00052223470993340015 0.99999988079071045 0
5045 -0.00057295546866953373 0.99999982118606567 -0
5046 -0.00058059633010998368 0.99999982118606567 0
5047 -0.00053595833014696836 0.99999988079071045 0
5048 -0.0005024750716984272 0.99999988079071045 0
5049 -0.00042736303294077516 0.99999994039535522 0
5050 -0.00046591379214078188 0.99999988079071045 0
5051 -0.00049380288692191243 0.99999988079071045 0
5052 -0.00056910223793238401 0.99999988079071045 0
5053 -0.00053884321823716164 0.99999988079071045 -0
5054 -0.0005582532612606883 0.99999988079071045 0
5055 -0.00043349264888092875 0.99999994039535522 0
5056 -0.0005679114256054163 0.99999988079071045 0
5057 -0.00049555982695892453 0.99999988079071045 0
5058 -0.00047081749653443694 0.99999988079071045 -0
5059 -0.00051361811347305775 0.99999988079071045 0
5060 -0.00056200119433924556 0.99999988079071045 0
5061 -0.00050378730520606041 0.99999988079071045 -0
5062 -0.00056303112069144845 0.99999988079071045 0
5063 -0.00055624323431402445 0.99999988079071045 0
5064 -0.00052791228517889977 0.99999988079071045 0
5065 -0.00058246735716238618 0.99999982118606567 0
5066 -0.00056790263624861836 0.99999988079071045 0
5067 -0.00055254349717870355 0.99999988079071045 0
5068 -0.00055790360784158111 0.99999988079071045 0
5069 -0.0005220577004365623 0.99999988079071045 -0
5070 -0.00050644541624933481 0.99999988079071045 0
5071 -0.00046815205132588744 0.99999988079071045 0
5072 -0.00050762016326189041 0.99999988079071045 0
5073 -0.00050365418428555131 0.99999988079071045 0
5074 -0.00049704324919730425 0.99999988079071045 0
5075 -0.00054620177252218127 0.99999988079071045 0
5076 -0.00054767931578680873 0.99999988079071045 0
5077 -0.00050210935296490788 0.99999988079071045 -0
5078 -0.00051981210708618164 0.99999988079071045 0
5079 -0.00057587109040468931 0.99999982118606567 0
5080 -0.00054505036678165197 0.99999988079071045 0
5081 -0.00050781178288161755 0.99999988079071045 -0
5082 -0.00055466475896537304 0.99999988079071045 0
5083 -0.00048838421935215592 0.99999988079071045 0
5084 -0.00049165677046403289 0.99999988079071045 0
5085 -0.00056036567548289895 0.99999988079071045 0
5086 -0.00051448564045131207 0.99999988079071045 -0
5087 -0.00049503176705911756 0.99999988079071045 0
5088 -0.00042378035141155124 0.99999994039535522 0
5089 -0.00054733845172449946 0.99999988079071045 0
5090 -0.00054892426123842597 0.99999988079071045 0
5091 -0.00054285890655592084 0.99999988079071045 0
5092 -0.00050551648018881679 0.99999988079071045 0
5093 -0.00052664830582216382 0.99999988079071045 -0
5094 -0.0004922653897665441 0.99999988079071045 0
5095 -0.0005137760890647769 0.99999988079071045 0
5096 -0.00053600809769704938 0.99999988079071045 0
5097 -0.00056352408137172461 0.99999988079071045 0
5098 -0.00038853715523146093 0.99999994039535522 -0
5099 -0.00057132291840389371 0.99999988079071045 0
5100 -0.00058189686387777328 0.99999982118606567 -0
5101 -0.00052332313498482108 0.99999988079071045 -0
5102 -0.00049853103701025248 0.99999988079071045 0
5103 -0.00055753643391653895 0.99999988079071045 -0
5104 -0.00056379620218649507 0.99999988079071045 -0
5105 -0.00056646601296961308 0.99999988079071045 0
5106 -0.00042846606811508536 0.99999994039535522 0
5107 -0.00051186844939365983 0.99999988079071045 0
5108 -0.00049040745943784714 0.99999988079071045 0
5109 -0.00050071370787918568 0.99999988079071045 -0
5110 -0.00050069321878254414 0.99999988079071045 -0
5111 -0.00056788796791806817 0.99999988079071045 0
5112 -0.00052768993191421032 0.99999988079071045 0
5113 -0.00049256236525252461 0.99999988079071045 0
5114 -0.00057927967282012105 0.99999982118606567 -0
5115 -0.00054919341346248984 0.99999988079071045 -0
5116 -0.00050128862494602799 0.99999988079071045 0
5117 -0.00059326953487470746 0.99999982118606567 0
5118 -0.00055703317048028111 0.99999988079071045 0
5119 -0.00049846374895423651 0.99999988079071045 0
5120 -0.00053245318122208118 0.99999988079071045 -0
5121 -0.00044237548718228936 0.99999994039535522 0
5122 -0.00053810002282261848 0.99999988079071045 0
5123 -0.00049515021964907646 0.99999988079071045 0
5124 -0.00051466701552271843 0.99999988079071045 0
5125 -0.00056442525237798691 0.99999988079071045 -0
5126 -0.00054799672216176987 0.99999988079071045 0
5127 -0.00057977560209110379 0.99999982118606567 0
5128 -0.00052583345677703619 0.99999988079071045 -0
5129 -0.00049208832206204534 0.99999988079071045 0
5130 -0.00050324603216722608 0.99999988079071045 0
5131 -0.00049409252824261785 0.99999988079071045 0
5132 -0.0005451044999063015 0.99999988079071045 -0
5133 -0.00050365854986011982 0.99999988079071045 0
5134 -0.0004282071313355118 0.99999994039535522 0
5135 -0.00054074352374300361 0.99999988079071045 0
5136 -0.00040699917008168995 0.99999994039535522 0
5137 -0.0005818938952870667 0.99999982118606567 0
5138 -0.00057570281205698848 0.99999982118606567 0
5139 -0.00054208358051255345 0.99999988079071045 0
5140 -0.00055826938478276134 0.99999988079071045 0
5141 -0.00051612115930765867 0.99999988079071045 0
5142 -0.00050319777801632881 0.99999988079071045 0
5143 -0.00056858139578253031 0.99999988079071045 -0
5144 -0.00043143139919266105 0.99999994039535522 0
5145 -0.00050094485050067306 0.99999988079071045 0
5146 -0.00050045625539496541 0.99999988079071045 -0
5147 -0.00053838238818570971 0.99999988079071045 0
5148 -0.00050939468201249838 0.99999988079071045 -0
5149 -0.00050073274178430438 0.99999988079071045 0
5150 -0.00051036459626629949 0.99999988079071045 0
5151 -0.00048308991244994104 0.99999988079071045 0
5152 -0.000408877560403198 0.99999994039535522 0
5153 -0.00057914067292585969 0.99999982118606567 0
5154 -0.00038461360963992774 0.99999994039535522 0
5155 -0.00058333779452368617 0.99999982118606567 0
5156 -0.00053158128866925836 0.99999988079071045 0
5157 -0.00050963752437382936 0.99999988079071045 0
5158 -0.00053630355978384614 0.99999988079071045 0
5159 -0.00044084529508836567 0.99999994039535522 0
5160 -0.0005066955927759409 0.99999988079071045 0
5161 -0.00051364151295274496 0.99999988079071045 0
5162 -0.00048796436749398708 0.99999988079071045 -0
5163 -0.00050007441313937306 0.99999988079071045 0
5164 -0.00050809269305318594 0.99999988079071045 -0
5165 -0.00049617135664448142 0.99999988079071045 0
5166 -0.00048569097998552024 0.99999988079071045 0
5167 -0.00057914800709113479 0.99999982118606567 -0
5168 -0.0005638123257085681 0.99999988079071045 0
5169 -0.00050159002421423793 0.99999988079071045 0
5170 -0.00057750806445255876 0.99999982118606567 -0
5171 -0.00053328997455537319 0.99999988079071045 0
5172 -0.00054494652431458235 0.99999988079071045 0
5173 -0.00060113129438832402 0.99999982118606567 0
5174 -0.00056729844072833657 0.99999988079071045 -0
5175 -0.00056455982849001884 0.99999988079071045 -0
5176 -0.00055631488794460893 0.99999988079071045 0
5177 -0.0005080648697912693 0.99999988079071045 0
5178 -0.00050303537864238024 0.99999988079071045 0
5179 -0.00049876654520630836 0.99999988079071045 -0
5180 -0.0005694782012142241 0.99999988079071045 0
5181 -0.00052665127441287041 0.99999988079071045 0
5182 -0.00054240250028669834 0.99999988079071045 0
5183 -0.00050110579468309879 0.99999988079071045 0
5184 -0.0005150839569978416 0.99999988079071045 -0
5185 -0.00043473907862789929 0.99999994039535522 0
5186 -0.00051371613517403603 0.99999988079071045 -0
5187 -0.00057874573394656181 0.99999982118606567 0
5188 -0.00052291789324954152 0.99999988079071045 0
5189 -0.00050346547504886985 0.99999988079071045 0
5190 -0.00051644450286403298 0.99999988079071045 0
5191 -0.00045841195969842374 0.99999988079071045 0
5192 -0.00051840773085132241 0.99999988079071045 0
5193 -0.00050534826004877687 0.99999988079071045 -0
5194 -0.00056071823928505182 0.99999988079071045 0
5195 -0.00052964437054470181 0.99999988079071045 -0
5196 -0.00051453243941068649 0.99999988079071045 0
5197 -0.00055578676983714104 0.99999988079071045 -0
5198 -0.00051894312491640449 0.99999988079071045 0
5199 -0.00050061277579516172 0.99999988079071045 -0
5200 -0.00051238341256976128 0.99999988079071045 0
5201 -0.00043935750727541745 0.99999994039535522 0
5202 -0.00056810304522514343 0.99999988079071045 0
5203 -0.00050392630510032177 0.99999988079071045 0
5204 -0.00045009527821093798 0.99999994039535522 0
5205 -0.00050494156312197447 0.99999988079071045 -0
5206 -0.00056505872635170817 0.99999988079071045 0
5207 -0.00056100351503118873 0.99999988079071045 -0
5208 -0.00051922403508797288 0.99999988079071045 0
5209 -0.00048732943832874298 0.99999988079071045 0
5210 -0.00050542136887088418 0.99999988079071045 -0
5211 -0.00050010951235890388 0.99999988079071045 0
5212 -0.00051712914137169719 0.99999988079071045 0
5213 -0.00045509994379244745 0.99999994039535522 0
5214 -0.00050839257892221212 0.99999988079071045 -0
5215 -0.00048741430509835482 0.99999988079071045 0
5216 -0.00056273996597155929 0.99999988079071045 0
5217 -0.00052060501184314489 0.99999988079071045 0
5218 -0.00050898210611194372 0.99999988079071045 0
5219 -0.0005078630056232214 0.99999988079071045 0
5220 -0.00055548251839354634 0.99999988079071045 0
5221 -0.00056169694289565086 0.99999988079071045 0
5222 -0.00054476509103551507 0.99999988079071045 0
5223 -0.00057880859822034836 0.99999982118606567 0
5224 -0.00050972384633496404 0.99999988079071045 -0
5225 -0.000448563601821661 0.99999994039535522 0
5226 -0.0005203578039072454 0.99999988079071045 -0
5227 -0.00051028415327891707 0.99999988079071045 0
5228 -0.00048152019735425711 0.99999988079071045 0
5229 -0.00052400486310943961 0.99999988079071045 0
5230 -0.00050631962949410081 0.99999988079071045 -0
5231 -0.00054801866644993424 0.99999988079071045 0
5232 -0.00055571366101503372 0.99999988079071045 0
5233 -0.00055591406999155879 0.99999988079071045 0
5234 -0.00057698728051036596 0.99999982118606567 0
5235 -0.00051449442980811 0.99999988079071045 -0
5236 -0.00052621675422415137 0.99999988079071045 0
5237 -0.0005404582479968667 0.99999988079071045 0
5238 -0.00050504249520599842 0.99999988079071045 -0
5239 -0.00044413827708922327 0.99999994039535522 0
5240 -0.00052196701290085912 0.99999988079071045 -0
5241 -0.00057724915677681565 0.99999982118606567 0
5242 -0.00053238152759149671 0.99999988079071045 0
5243 -0.00055994873400777578 0.99999988079071045 0
5244 -0.00050935079343616962 0.99999988079071045 0
5245 -0.00049307435983791947 0.99999988079071045 -0
5246 -0.00044190298649482429 0.99999994039535522 0
5247 -0.0005338341579772532 0.99999988079071045 0
