0 0.0036023885477334261 -0.0082164108753204346 -0.99995976686477661
1 -0.0014662456233054399 0.0066975057125091553 -0.9999765157699585
2 0.0080894036218523979 0.011574556119740009 -0.99990028142929077
3 -0.0064694029279053211 -0.011855591088533401 -0.99990880489349365
4 0.0032163285650312901 0.025642221793532372 -0.99966603517532349
5 -0.017727231606841087 0.013795198872685432 -0.99974769353866577
6 0.018388167023658752 -0.012899067252874374 -0.99974775314331055
7 -0.0085502341389656067 -0.015347828157246113 -0.99984568357467651
8 0.0055351080372929573 0.0078529026359319687 -0.99995386600494385
9 0.022327648475766182 -0.024261772632598877 -0.99945628643035889
10 -0.0012061570305377245 0.0057487976737320423 -0.99998277425765991
11 0.025802427902817726 0.0076842070557177067 -0.99963754415512085
12 -0.025458596646785736 -0.0087158186361193657 -0.9996379017829895
13 0.017709489911794662 -0.014760700054466724 -0.99973422288894653
14 -0.016571959480643272 0.01529861893504858 -0.99974560737609863
15 -0.99990129470825195 0.014049731194972992 -0.00011561175051610917
16 -0.014894022606313229 0.021916570141911507 -0.99964886903762817
17 -0.0012354302452877164 -0.0016864895587787032 -0.99999785423278809
18 0.003608346451073885 -0.0048223547637462616 -0.99998188018798828
19 0.00184446363709867 0.00067923311144113541 -0.99999809265136719
20 0.025241069495677948 -0.013833547942340374 -0.99958568811416626
21 -0.024694968014955521 0.014739915728569031 -0.99958640336990356
22 -0.02121221087872982 -0.0057150502689182758 -0.99975866079330444
23 0.021443326026201248 0.0046297097578644753 -0.99975937604904175
24 0.0019870102405548096 0.0010828012600541115 -0.99999749660491943
25 -0.0049737649969756603 -0.025171671062707901 -0.99967080354690552
26 -0.00090402178466320038 -0.0017610685899853706 -0.99999809265136719
27 0.0035990886390209198 -0.0048146834596991539 -0.99998193979263306
28 -0.00036547548370435834 0.0077934055589139462 -0.99996960163116455
29 0.03196302056312561 -0.0094283446669578552 -0.99944460391998291
30 -0.03163498267531395 0.010486587882041931 -0.99944454431533813
31 0.0002843148831743747 0.0012919787550345063 -0.99999916553497314
32 -0.048913251608610153 0.0065987906418740749 -0.99878120422363281
33 0.049149177968502045 -0.0055605834349989891 -0.99877601861953735
34 -0.043397597968578339 0.014411811716854572 -0.99895393848419189
35 0.04361318051815033 -0.013482159003615379 -0.99895751476287842
36 0.0055976784788072109 0.012160327285528183 -0.99991041421890259
37 -0.023375032469630241 0.027335440739989281 -0.99935299158096313
38 -0.0036450261250138283 -0.0104700718075037 -0.99993860721588135
39 -0.0338919498026371 0.016054306179285049 -0.99929660558700562
40 0.034327734261751175 -0.015080052427947521 -0.99929690361022949
41 -0.0059041096828877926 -0.0074015157297253609 -0.99995517730712891
42 0.001385553041473031 -0.0046969871036708355 -0.99998807907104492
43 -0.0026279895100742579 0.0042734285816550255 -0.99998742341995239
44 0.005284629762172699 0.0068853078410029411 -0.99996232986450195
45 -0.007734332699328661 -0.0063465298153460026 -0.99994999170303345
46 0.0085576744750142097 0.0054993694648146629 -0.99994826316833496
47 0.00075744395144283772 -0.00021616698359139264 -0.99999970197677612
48 0.00036611329414881766 -0.00041802856139838696 -0.99999988079071045
49 0.00019015818543266505 -0.00050180091056972742 -0.99999988079071045
50 0.00027315787156112492 -0.00047765072667971253 -0.99999988079071045
51 -0.00283652707003057 0.0021655701566487551 -0.99999362230300903
52 9.4933122454676777e-05 -0.00074590847361832857 -0.9999997615814209
53 0.00047118403017520905 -0.00035979560925625265 -0.99999982118606567
54 -0.020197082310914993 0.023576624691486359 -0.99951797723770142
55 0.0023994068615138531 -0.00075857853516936302 -0.99999690055847168
56 0.0017058030935004354 -0.00066295324359089136 -0.99999833106994629
57 0.00039475737139582634 -0.00039708748226985335 -0.99999982118606567
58 -0.011665580794215202 -0.036320269107818604 -0.99927210807800293
59 0.0015791935147717595 -0.00031566087272949517 -0.99999874830245972
60 -0.0011346491519361734 0.0012691752053797245 -0.99999856948852539
61 0.0004875244339928031 0.00041372471605427563 -0.99999982118606567
62 -0.013122303411364555 0.024288950487971306 -0.99961888790130615
63 -0.021644722670316696 -0.020293820649385452 -0.99955976009368896
64 -0.02225310355424881 0.02050476148724556 -0.99954205751419067
65 0.00049564597429707646 0.00041206591413356364 -0.99999982118606567
66 0.022959848865866661 -0.019703138619661331 -0.999542236328125
67 0.022376064211130142 0.019330115988850594 -0.99956274032592773
68 0.00054508040193468332 -0.00027717385091818869 -0.99999988079071045
69 -0.00059437379240989685 0.00080517964670434594 -0.9999995231628418
70 0.00038859329652041197 0.00045001611579209566 -0.99999982118606567
71 0.00026847142726182938 0.00046184717211872339 -0.99999988079071045
72 0.00067229458363726735 -9.9443270300980657e-05 -0.9999997615814209
73 0.0003821240970864892 0.00045640277676284313 -0.99999988079071045
74 0.00026577076641842723 0.00048175829579122365 -0.99999988079071045
75 0.015695888549089432 -0.033347312361001968 -0.99932056665420532
76 0.011205702088773251 0.022906694561243057 -0.99967479705810547
77 -0.0026505342684686184 -0.030145727097988129 -0.9995419979095459
78 0.00049240922089666128 0.00039824866689741611 -0.99999982118606567
79 -0.0049705812707543373 0.0033388496376574039 -0.99998211860656738
80 0.00040965815423987806 -0.00041905639227479696 -0.99999982118606567
81 0.00038834096631035209 0.0004375314456410706 -0.99999982118606567
82 0.00045377050992101431 -0.00041417332249693573 -0.99999982118606567
83 0.016373010352253914 -0.021583078429102898 -0.99963301420211792
84 0.00059334537945687771 0.00032240073778666556 -0.9999997615814209
85 0.00068587623536586761 -0.00013846480578649789 -0.9999997615814209
86 0.00087733508553355932 0.00010728009510785341 -0.99999964237213135
87 0.0066683385521173477 0.029516218230128288 -0.99954205751419067
88 0.00027046850300393999 0.00047562920372001827 -0.99999988079071045
89 0.00050584261771291494 0.00040964753134176135 -0.99999982118606567
90 0.00059444655198603868 0.00033076014369726181 -0.9999997615814209
91 0.00067990639945492148 -2.5060480766114779e-05 -0.9999997615814209
92 0.00065044272923842072 0.0002136974799213931 -0.9999997615814209
93 -0.010500010102987289 -0.024764163419604301 -0.99963819980621338
94 0.013766180723905563 0.038862511515617371 -0.99914979934692383
95 -0.0024576794821768999 0.0020336799789220095 -0.99999493360519409
96 0.00067645683884620667 0.0001446758396923542 -0.9999997615814209
97 0.00060723611386492848 0.00033100126893259585 -0.9999997615814209
98 -0.99999994039535522 9.0670655481517315e-06 -0.00029952471959404647
99 0.0043313060887157917 -0.033435355871915817 -0.9994315505027771
100 0.00022807533969171345 -0.00059329898795112967 -0.99999982118606567
101 0.00094991008518263698 0.00089326658053323627 -0.99999916553497314
102 0.0032007431145757437 -0.0011983062140643597 -0.99999415874481201
103 0.00028046293300576508 0.00047997850924730301 -0.99999988079071045
104 0.00064777466468513012 0.00022926385281607509 -0.9999997615814209
105 0.0006247839774005115 -0.00029409705894067883 -0.9999997615814209
106 0.00067567994119599462 9.0286965132690966e-05 -0.9999997615814209
107 0.00059946579858660698 0.00032669981010258198 -0.9999997615814209
108 0.00068243406713008881 -0.001112530822865665 -0.99999916553497314
109 0.00068632140755653381 -0.00015336324577219784 -0.9999997615814209
110 0.00067782332189381123 -0.00027221819618716836 -0.9999997615814209
111 0.00068380584707483649 -1.2181322745163925e-05 -0.9999997615814209
112 0.0006728959851898253 -3.2498574000783265e-05 -0.9999997615814209
113 0.00054871587781235576 -0.00036904917214997113 -0.99999982118606567
114 -0.0061707887798547745 -0.03345847874879837 -0.99942106008529663
115 -0.0051600229926407337 0.026906706392765045 -0.99962466955184937
116 0.00047660243581049144 0.00041375594446435571 -0.99999982118606567
117 0.00058148131938651204 0.00033339436049573123 -0.9999997615814209
118 0.00038728932850062847 0.00045675010187551379 -0.99999982118606567
119 0.00054012960754334927 -0.00035381087218411267 -0.99999982118606567
120 0.00058172264834865928 -0.00034095553564839065 -0.9999997615814209
121 0.00064224243396893144 -0.00026333742425777018 -0.9999997615814209
122 -0.00081901333760470152 0.001445152098312974 -0.99999862909317017
123 0.00067714683245867491 -0.00015891919611021876 -0.9999997615814209
124 -0.0067302156239748001 0.0043008513748645782 -0.99996811151504517
125 0.00069013558095321059 -0.00014728924725204706 -0.9999997615814209
126 0.0003292369656264782 0.00047425596858374774 -0.99999982118606567
127 0.00068688223836943507 -1.7388168998877518e-05 -0.9999997615814209
128 0.00031493874848820269 -0.00044660386629402637 -0.99999988079071045
129 0.00064446742180734873 0.00022895298025105149 -0.9999997615814209
130 0.00077434309059754014 0.00035900669172406197 -0.99999964237213135
131 0.00026427663397043943 0.00049480370944365859 -0.99999988079071045
132 0.00067070522345602512 0.00010812859545694664 -0.9999997615814209
133 0.0003808101755566895 0.00046373551595024765 -0.99999982118606567
134 0.00062791915843263268 -0.00030698650516569614 -0.9999997615814209
135 0.00053628155728802085 -0.00042149887303821743 -0.9999997615814209
136 0.00067944824695587158 9.4881099357735366e-05 -0.9999997615814209
137 0.00065276731038466096 0.00022965928656049073 -0.9999997615814209
138 0.00054799939971417189 -0.0003283513942733407 -0.99999982118606567
139 0.00079920102143660188 1.174875160359079e-05 -0.99999970197677612
140 0.00063735066214576364 -0.00025324887246824801 -0.9999997615814209
141 0.00053962250240147114 -0.003132594982162118 -0.99999499320983887
142 0.00039238354656845331 0.00045530579518526793 -0.99999982118606567
143 0.00067997141741216183 9.6133109764195979e-05 -0.9999997615814209
144 0.0006664949469268322 0.00022260156401898712 -0.9999997615814209
145 0.00058886775514110923 -0.00035054303589276969 -0.9999997615814209
146 0.00060568610206246376 0.00033981763408519328 -0.9999997615814209
147 0.0003835244569927454 -0.0005175242549739778 -0.99999982118606567
148 0.0004372561234049499 -0.00041801604675129056 -0.99999982118606567
149 0.00066223164321854711 0.00022530760907102376 -0.9999997615814209
150 0.00062229472678154707 -0.00025676976656541228 -0.99999982118606567
151 0.00063027581200003624 -0.00024735860642977059 -0.9999997615814209
152 4.3250456656096503e-05 0.00050001114141196012 -0.99999988079071045
153 5.1783365051960573e-05 -0.00057164771715179086 -0.99999988079071045
154 0.0010878480970859528 -0.00097141688456758857 -0.99999898672103882
155 0.00041851331479847431 -0.0007313975365832448 -0.99999964237213135
156 0.00067334965569898486 7.3885588790290058e-05 -0.9999997615814209
157 0.00062948622507974505 -0.00025726642343215644 -0.9999997615814209
158 0.00060995947569608688 0.00062821194296702743 -0.99999964237213135
159 0.00039535519317723811 0.00047384185018017888 -0.99999982118606567
160 0.00040579060441814363 0.00045922244316898286 -0.99999982118606567
161 0.00060528411995619535 0.00035137112718075514 -0.9999997615814209
162 0.0013315376127138734 0.0030611457768827677 -0.99999445676803589
163 0.00049142091302201152 -0.0003801112761721015 -0.99999982118606567
164 0.00094819499645382166 0.0061831120401620865 -0.99998044967651367
165 0.00048373566824011505 -0.00046156419557519257 -0.9999997615814209
166 0.0010483579244464636 0.00045480296830646694 -0.99999940395355225
167 0.0003854214446619153 0.0004672537324950099 -0.99999982118606567
168 0.0006664448301307857 -0.00015940511366352439 -0.99999982118606567
169 0.0028035885188728571 0.0021638893522322178 -0.99999374151229858
170 0.0016470476984977722 -0.0014807352563366294 -0.99999755620956421
171 0.0045515703968703747 -0.0031072127167135477 -0.99998480081558228
172 0.00064823008142411709 0.00017474096966907382 -0.9999997615814209
173 0.00069567561149597168 -0.00014146397006697953 -0.9999997615814209
174 0.00042030081385746598 -0.0005624452605843544 -0.9999997615814209
175 9.0606044977903366e-07 0.001445424510166049 -0.99999898672103882
176 0.00068042974453419447 3.8925318222027272e-06 -0.9999997615814209
177 0.0008523747674189508 -0.00027474641683511436 -0.99999964237213135
178 0.00025264432770200074 -0.0011178593849763274 -0.99999934434890747
179 4.5965924073243514e-05 0.00050746049964800477 -0.99999988079071045
180 0.0072797681204974651 -0.003395577659830451 -0.99996775388717651
181 0.0016457861056551337 -0.0064284591935575008 -0.99997800588607788
182 0.00066855893237516284 -0.00017909923917613924 -0.9999997615814209
183 0.00050228077452629805 0.00042538557318039238 -0.99999982118606567
184 5.50671829842031e-05 -0.00060793774900957942 -0.99999982118606567
185 0.00068154593463987112 8.8662010966800153e-05 -0.9999997615814209
186 0.00058157584862783551 0.00032400363124907017 -0.9999997615814209
187 0.00051569845527410507 0.00043786389869637787 -0.99999982118606567
188 3.9844639104558155e-05 -0.00055891706142574549 -0.99999988079071045
189 -0.0013231555931270123 -0.0031939723994582891 -0.99999403953552246
190 0.00039815809577703476 0.00046039372682571411 -0.99999982118606567
191 0.00042706291424110532 -0.00041979766683652997 -0.99999982118606567
192 0.00053324300097301602 0.00042662402847781777 -0.9999997615814209
193 0.00066480494569987059 0.00016990705626085401 -0.99999982118606567
194 4.8162713937927037e-05 0.00053171289619058371 -0.99999988079071045
195 5.5312306358246133e-05 -0.00061053462559357285 -0.99999982118606567
196 -0.00044893252197653055 0.001125137903727591 -0.9999992847442627
197 0.00053004862274974585 0.00043576941243372858 -0.9999997615814209
198 0.00063577800756320357 -0.0002942527353297919 -0.9999997615814209
199 5.3603671403834596e-05 -0.00059174635680392385 -0.99999982118606567
200 0.00042777939233928919 -0.00043979351175948977 -0.99999982118606567
201 0.0055335443466901779 -0.002490009181201458 -0.9999815821647644
202 4.6920689783291891e-05 -0.00051812344463542104 -0.99999988079071045
203 4.6626042603747919e-05 0.0005147481570020318 -0.99999988079071045
204 0.00030711281578987837 -0.00058205093955621123 -0.9999997615814209
205 -0.00380123988725245 0.0040163486264646053 -0.9999847412109375
206 0.00023177106049843132 -0.00065181800164282322 -0.9999997615814209
207 0.00036589676165021956 -0.0004552935715764761 -0.99999988079071045
208 0.00057694548740983009 -0.0003928639052901417 -0.9999997615814209
209 0.000265374721493572 -0.00050714181270450354 -0.99999988079071045
210 4.8065518058137968e-05 -0.00053067877888679504 -0.99999988079071045
211 5.8512170653557405e-05 -0.00059587007854133844 -0.99999982118606567
212 0.00024073982785921544 -0.00049975828733295202 -0.99999988079071045
213 0.0016081085195764899 0.0019444591598585248 -0.9999968409538269
214 0.003479688661172986 0.00019648787565529346 -0.99999392032623291
215 0.00054706266382709146 -0.00036097542033530772 -0.99999982118606567
216 0.00066189334029331803 0.00025374913820996881 -0.9999997615814209
217 0.00015976060240063816 -0.00053484772797673941 -0.99999988079071045
218 0.00033478051773272455 -0.00048596641863696277 -0.99999982118606567
219 0.00035607884638011456 -0.00051295652519911528 -0.99999982118606567
220 0.00044566922588273883 -0.00046466515050269663 -0.99999982118606567
221 0.00055220030480995774 -0.00034462485928088427 -0.99999982118606567
222 0.00068045762600377202 1.0646490409271792e-05 -0.9999997615814209
223 0.00033723984961397946 -0.00045711753773503006 -0.99999982118606567
224 0.00066207163035869598 9.1790796432178468e-05 -0.99999982118606567
225 4.8685320507502183e-05 0.0005374824395403266 -0.99999988079071045
226 0.00014556273526977748 -0.00055702071404084563 -0.99999988079071045
227 0.00064790213946253061 -0.00028052253765054047 -0.9999997615814209
228 4.7241293941624463e-05 0.00052154052536934614 -0.99999988079071045
229 0.00025709439069032669 -0.00050932762678712606 -0.99999988079071045
230 0.00033238151809200644 -0.00044729409273713827 -0.99999988079071045
231 0.00025129885761998594 -0.0005534098600037396 -0.99999982118606567
232 -0.00079599570017307997 0.0020388111006468534 -0.99999761581420898
233 -0.0023941928520798683 0.0056061353534460068 -0.99998146295547485
234 0.0002392082242295146 -0.00047074272879399359 -0.99999988079071045
235 0.00017594121163710952 -0.00057504652068018913 -0.99999982118606567
236 0.00064360752003267407 0.00022109631390776485 -0.9999997615814209
237 0.00052084540948271751 0.00067214504815638065 -0.99999964237213135
238 0.00064022827427834272 0.00022598916257265955 -0.9999997615814209
239 4.6366589231183752e-05 0.00051188381621614099 -0.99999988079071045
240 4.1042163502424955e-05 -0.00060741917695850134 -0.99999982118606567
241 5.7888311857823282e-05 -0.00064081046730279922 -0.99999982118606567
242 -3.0127790523692966e-05 0.0010079266503453255 -0.9999995231628418
243 4.5153854443924502e-05 -0.00049996766028925776 -0.99999988079071045
244 5.353155211196281e-05 -0.00058526912471279502 -0.99999982118606567
245 0.00051581236766651273 0.00041961725219152868 -0.99999982118606567
246 5.4134488891577348e-05 0.00052366458112373948 -0.99999988079071045
247 5.732296995120123e-05 -0.00064612226560711861 -0.99999982118606567
248 5.4714808356948197e-05 0.00052936089923605323 -0.99999988079071045
249 4.1436440369579941e-05 -0.00046705192653462291 -0.99999988079071045
250 0.00071291916538029909 -4.5006730942986906e-05 -0.9999997615814209
251 0.00024662082432769239 -0.0005287591484375298 -0.99999982118606567
252 0.00015523600450251251 -0.00051169015932828188 -0.99999988079071045
253 0.00061414088122546673 0.00025370114599354565 -0.99999982118606567
254 0.0001705262839095667 -0.00056154548656195402 -0.99999988079071045
255 0.00015300478844437748 -0.00055241398513317108 -0.99999988079071045
256 -0.00016404356574639678 -0.00053043803200125694 -0.99999988079071045
257 0.0011526084272190928 -0.00042032822966575623 -0.9999992847442627
258 0.00043217319762334228 0.00045933274668641388 -0.99999982118606567
259 0.00076169753447175026 9.1845606220886111e-05 -0.9999997615814209
260 0.00063832319574430585 0.00023348374816123396 -0.9999997615814209
261 0.00016346701886504889 -0.00055475876433774829 -0.99999988079071045
262 4.8403435357613489e-05 0.00053437042515724897 -0.99999988079071045
263 3.4554370358819142e-05 -0.00052201381186023355 -0.99999988079071045
264 4.7074874601094052e-05 0.00051970325876027346 -0.99999988079071045
265 0.00015041368897072971 -0.00055817951215431094 -0.99999988079071045
266 0.00070469803176820278 -0.00027517732814885676 -0.9999997615814209
267 0.00052363198483362794 0.00041586082079447806 -0.9999997615814209
268 0.00043621205259114504 -0.00047174777137115598 -0.99999982118606567
269 0.0014605127507820725 -0.00051823258399963379 -0.99999880790710449
270 0.00069116411032155156 -0.0001994161430047825 -0.9999997615814209
271 0.00027884208247996867 -0.00059355609118938446 -0.99999982118606567
272 0.00059878034517168999 0.0003502938780002296 -0.9999997615814209
273 0.00039403862319886684 -0.00049149052938446403 -0.99999982118606567
274 -0.011554689146578312 0.0016949634300544858 -0.99993181228637695
275 0.011642581783235073 -0.00063257617875933647 -0.99993205070495605
276 0.00023317741579376161 -0.00053533213213086128 -0.99999982118606567
277 0.0002350755239604041 -0.00048540713032707572 -0.99999988079071045
278 -5.3065145038999617e-05 -0.00064939295407384634 -0.99999982118606567
279 0.00062248681206256151 0.000318150530802086 -0.9999997615814209
280 0.0006847277982160449 0.00010693557123886421 -0.9999997615814209
281 0.00068542273947969079 9.4451417680829763e-05 -0.9999997615814209
282 0.00036525644827634096 -0.00040836789412423968 -0.99999988079071045
283 0.00013535648758988827 -0.00056557048810645938 -0.99999988079071045
284 -0.0013387422077357769 -0.00061722402460873127 -0.99999892711639404
285 0.00063264428172260523 0.00023039968800731003 -0.9999997615814209
286 0.00075423001544550061 -0.00036322796950116754 -0.99999964237213135
287 0.00044836246524937451 -0.00044159300159662962 -0.99999982118606567
288 0.00070705707184970379 -1.563267142046243e-05 -0.9999997615814209
289 -4.0591290598968044e-05 0.0014130467316135764 -0.99999904632568359
290 0.00060169701464474201 -0.00033936748513951898 -0.9999997615814209
291 -0.00042978362762369215 -0.00088628707453608513 -0.9999995231628418
292 0.00068646547151729465 0.00012440024875104427 -0.9999997615814209
293 0.00032044976251199841 -0.000536075618583709 -0.99999982118606567
294 0.00068404129706323147 -9.1373753093648702e-05 -0.9999997615814209
295 0.00069246528437361121 2.5264445866923779e-05 -0.9999997615814209
296 0.0003402497386559844 -0.00043499868479557335 -0.99999988079071045
297 0.00064417149405926466 -0.00046711330651305616 -0.99999970197677612
298 -6.6760694608092308e-06 -0.00053701235447078943 -0.99999988079071045
299 0.00066291110124439001 -0.00025999240460805595 -0.9999997615814209
300 0.00027770345332100987 -0.00052401766879484057 -0.99999982118606567
301 0.00015181493654381484 -0.0004991016467101872 -0.99999988079071045
302 0.0009629573323763907 -0.00037595001049339771 -0.99999946355819702
303 0.00014490936882793903 -0.00051987211918458343 -0.99999988079071045
304 0.00024035433307290077 -0.00055711687309667468 -0.99999982118606567
305 0.00051030609756708145 -0.00040159613126888871 -0.99999982118606567
306 0.00081215280806645751 -0.00019191385945305228 -0.99999970197677612
307 0.00071104068774729967 -0.00016447505913674831 -0.9999997615814209
308 0.00057217455469071865 -0.00040741174598224461 -0.9999997615814209
309 0.00058621785137802362 0.00031249038875102997 -0.9999997615814209
310 0.00038240366848185658 -0.0004810265963897109 -0.99999982118606567
311 0.00036478915717452765 -0.00047562757390551269 -0.99999982118606567
312 -0.00048442353727295995 -0.00065655889920890331 -0.99999970197677612
313 -0.00074573600431904197 -0.0024804417043924332 -0.99999666213989258
314 -0.0012094746343791485 -0.0009830936323851347 -0.99999880790710449
315 0.00050086539704352617 -0.00043215657933615148 -0.99999982118606567
316 0.0014857116620987654 -9.6037692856043577e-05 -0.99999892711639404
317 0.00090304890181869268 -0.0003822939470410347 -0.9999995231628418
318 0.00060730456607416272 0.00042044036672450602 -0.9999997615814209
319 0.0088986493647098541 0.0035890098661184311 -0.9999539852142334
320 0.00059187121223658323 -0.00047459697816520929 -0.9999997615814209
321 -0.0084678269922733307 -0.0046729701571166515 -0.99995326995849609
322 0.0006682561943307519 -0.00029147340683266521 -0.9999997615814209
323 0.00073538132710382342 -9.1103276645299047e-05 -0.9999997615814209
324 0.0010317930718883872 -0.00095917383441701531 -0.99999904632568359
325 0.0083410367369651794 0.0016121151857078075 -0.99996393918991089
326 0.00070505309849977493 -0.00020804982341360301 -0.9999997615814209
327 -0.0079758558422327042 -0.0026772874407470226 -0.99996465444564819
328 0.0067852810025215149 -0.028414485976099968 -0.9995732307434082
329 -0.03526763990521431 0.016449304297566414 -0.99924248456954956
330 0.035714160650968552 -0.015477553009986877 -0.99924218654632568
331 -0.0020642210729420185 -0.014508402906358242 -0.99989265203475952
332 -0.0091155814006924629 0.029464283958077431 -0.99952429533004761
333 0.0056051034480333328 0.026010079309344292 -0.99964600801467896
334 -0.027228007093071938 0.016439884901046753 -0.99949407577514648
335 0.027772504836320877 -0.01551339216530323 -0.99949389696121216
336 0.011842397972941399 0.012220786884427071 -0.99985522031784058
337 -0.0031143887899816036 0.036393571645021439 -0.9993327260017395
338 -0.0061675845645368099 -0.0078831156715750694 -0.99994993209838867
339 0.0008518254617229104 0.0094623463228344917 -0.9999549388885498
340 0.0012074128026142716 0.0024930776562541723 -0.99999618530273438
341 0.0035885758697986603 -0.003403843380510807 -0.99998778104782104
342 -0.006321644876152277 0.0062357662245631218 -0.99996060132980347
343 0.0032327054068446159 -0.022080045193433762 -0.99975103139877319
344 0.0069457669742405415 -0.0051944530569016933 -0.99996238946914673
345 0.0031339493580162525 0.0109913544729352 -0.99993473291397095
346 0.0042368150316178799 0.03448384627699852 -0.99939632415771484
347 -0.023253185674548149 -0.026597317308187485 -0.99937576055526733
348 -0.010933314450085163 -0.019241295754909515 -0.99975508451461792
349 0.023215111345052719 -0.025033047422766685 -0.99941706657409668
350 0.026723584160208702 0.018514553084969521 -0.99947142601013184
351 -0.025913793593645096 -0.019289333373308182 -0.99947810173034668
352 0.0094193201512098312 -0.025742389261722565 -0.99962425231933594
353 0.024266332387924194 0.025923913344740868 -0.99936938285827637
354 0.013051228597760201 0.02031782828271389 -0.99970841407775879
355 0.0029547496233135462 -0.0063475253991782665 -0.99997550249099731
356 4.0592476580059156e-05 0.00054345896933227777 -0.99999988079071045
357 4.0124032238963991e-05 0.00054645398631691933 -0.99999988079071045
358 -0.0034531424753367901 0.035327054560184479 -0.99936985969543457
359 0.020099513232707977 -0.0067590754479169846 -0.99977517127990723
360 -0.028151920065283775 -0.0035702337045222521 -0.99959731101989746
361 0.028281776234507561 0.0023347337264567614 -0.99959731101989746
362 4.9350186600349844e-05 -0.00064494612161070108 -0.99999982118606567
363 3.7031040847068653e-05 -0.00048395004705525935 -0.99999988079071045
364 -0.019428260624408722 0.0076899887062609196 -0.99978166818618774
365 -0.028592851012945175 0.0032101140823215246 -0.99958598613739014
366 0.028674773871898651 -0.0024366655852645636 -0.99958580732345581
367 0.013841163367033005 -0.023192312568426132 -0.99963521957397461
368 3.367400131537579e-05 0.00044255913235247135 -0.99999994039535522
369 4.3951331463176757e-05 0.00057763344375416636 -0.99999982118606567
370 -0.011557689867913723 -0.0035835825838148594 -0.9999268651008606
371 0.011839250102639198 0.0025040009059011936 -0.99992680549621582
372 -0.032831795513629913 0.010848851874470711 -0.99940198659896851
373 0.033158257603645325 -0.0098789865151047707 -0.99940133094787598
374 -0.00034260761458426714 -0.0025339100975543261 -0.99999672174453735
375 -0.00414613401517272 -0.012164110317826271 -0.99991744756698608
376 0.022463239729404449 -0.015895185992121696 -0.99962133169174194
377 -0.02180466428399086 0.016687935218214989 -0.99962300062179565
378 0.015765942633152008 0.043644607067108154 -0.99892276525497437
379 -0.01149293314665556 -0.035835567861795425 -0.99929165840148926
380 0.0012013562954962254 -0.00064732338069006801 -0.99999910593032837
381 -0.022556347772479057 -0.011225770227611065 -0.99968254566192627
382 0.023034978657960892 0.0101822130382061 -0.99968284368515015
383 0.0020694013219326735 -0.0090466262772679329 -0.99995696544647217
384 0.0061062769964337349 -0.0064930934458971024 -0.99996030330657959
385 -0.0049114283174276352 0.0070256213657557964 -0.99996328353881836
386 -0.99999994039535522 -1.601035546627827e-05 -0.00041737445280887187
387 -0.01391170546412468 0.0035688865464180708 -0.99989688396453857
388 0.013758279383182526 -0.0024928655475378036 -0.99990224838256836
389 0.0095986528322100639 0.003842619014903903 -0.99994659423828125
390 0.023400764912366867 0.031383175402879715 -0.99923348426818848
391 -0.0093171987682580948 -0.0049592563882470131 -0.99994432926177979
392 -0.033954381942749023 -0.020125741139054298 -0.99922072887420654
393 0.034699760377407074 0.019203362986445427 -0.99921333789825439
394 -0.015216031111776829 0.036689296364784241 -0.9992108941078186
395 -0.022941784933209419 -0.032763216644525528 -0.99919980764389038
396 -0.0026111272163689137 0.0060075251385569572 -0.99997860193252563
397 0.01144714467227459 -0.00042737580952234566 -0.99993443489074707
398 -0.017100943252444267 0.0019343573367223144 -0.99985194206237793
399 -0.0038053859025239944 -0.043140705674886703 -0.99906176328659058
400 0.030760046094655991 -0.0023422259837388992 -0.99952405691146851
401 -0.03064996562898159 0.0033590872772037983 -0.99952453374862671
402 0.0012607513926923275 0.00025035694125108421 -0.99999922513961792
403 0.012260841205716133 0.00037887704093009233 -0.99992477893829346
404 -0.012171142734587193 -0.0014821612276136875 -0.99992483854293823
405 0.0025770529173314571 -0.00038322745240293443 -0.99999666213989258
406 0.00018299215298611671 0.00048322282964363694 -0.99999988079071045
407 0.00018130632815882564 0.00048531402717344463 -0.99999988079071045
408 -0.0040159439668059349 0.0020990381017327309 -0.99998974800109863
409 0.00015328246809076518 0.00049844238674268126 -0.99999988079071045
410 0.0043827542103827 -0.0010637693339958787 -0.99998986721038818
411 -0.00094072159845381975 0.0008949406910687685 -0.99999916553497314
412 -0.0020846957340836525 0.0013429571408778429 -0.99999696016311646
413 0.00012289090955164284 0.00048960256390273571 -0.99999988079071045
414 -0.0022859270684421062 0.001116341445595026 -0.99999678134918213
415 -0.0016888685058802366 0.0011768843978643417 -0.99999791383743286
416 0.0001236928510479629 0.00050053145969286561 -0.99999988079071045
417 0.0025744023732841015 -0.00035106216091662645 -0.99999666213989258
418 0.00013032196147833019 0.00052740430692210793 -0.99999988079071045
419 0.00049644027603790164 0.0004201951960567385 -0.99999982118606567
420 0.00012266644625924528 0.00049637135816738009 -0.99999988079071045
421 -0.00081112742191180587 0.00075798900797963142 -0.99999940395355225
422 -0.00016801156743895262 0.00063368643168359995 -0.99999982118606567
423 0.00020958650566171855 0.00046883831964805722 -0.99999988079071045
424 0.0065188407897949219 -0.0010425872169435024 -0.99997824430465698
425 9.6761425083968788e-05 0.00050844281213358045 -0.99999988079071045
426 -0.0062436815351247787 0.0020888317376375198 -0.99997836351394653
427 -8.1619073171168566e-05 0.00059077417245134711 -0.99999988079071045
428 0.0011978016700595617 0.00015084078768268228 -0.9999992847442627
429 0.00040308106690645218 0.00042497835238464177 -0.99999988079071045
430 0.018110340461134911 -0.0038152388297021389 -0.9998287558555603
431 0.0012294664047658443 0.014395908452570438 -0.99989563226699829
432 -0.017896523699164391 0.004744955338537693 -0.99982857704162598
433 0.01913045346736908 -0.0040437881834805012 -0.99980884790420532
434 -0.018913567066192627 0.0049728034064173698 -0.99980872869491577
435 -0.0091325836256146431 0.002718278905376792 -0.99995464086532593
436 0.013264823704957962 -0.0026040782686322927 -0.99990862607955933
437 0.0011904691345989704 0.01301900576800108 -0.99991458654403687
438 0.012043192982673645 -0.0084360586479306221 -0.99989193677902222
439 -0.019481686875224113 -0.0093170460313558578 -0.99976682662963867
440 -0.017173035070300102 0.014379334636032581 -0.99974918365478516
441 0.019327718764543533 0.0091638211160898209 -0.99977123737335205
442 0.0086008375510573387 0.012164940126240253 -0.99988901615142822
443 -0.010815579444169998 -0.020439296960830688 -0.9997326135635376
444 0.0033839910756796598 0.025610588490962982 -0.99966627359390259
445 -0.017501555383205414 0.014098593965172768 -0.99974745512008667
446 -0.0014490843750536442 -0.023193061351776123 -0.99972999095916748
447 -0.0084771411493420601 -0.015423769131302834 -0.99984514713287354
448 0.013661628589034081 0.018458280712366104 -0.99973630905151367
449 -0.0029884318355470896 0.034013248980045319 -0.99941688776016235
450 0.022627191618084908 -0.024010473862290382 -0.99945563077926636
451 -0.00092891865642741323 0.0054880543611943722 -0.99998456239700317
452 0.025874005630612373 0.0074576437473297119 -0.9996374249458313
453 0.0031748476903885603 -0.0038043945096433163 -0.99998778104782104
454 0.017965495586395264 -0.014465915970504284 -0.99973398447036743
455 -0.99995517730712891 0.0094386972486972809 -0.00073392299236729741
456 -0.99989849328994751 0.014243981800973415 -0.00044186433660797775
457 -0.014689765870571136 0.022074345499277115 -0.99964845180511475
458 0.01154441200196743 0.033208116888999939 -0.99938178062438965
459 0.0064059924334287643 -0.025214157998561859 -0.99966156482696533
460 0.0021672355942428112 0.0005721885827369988 -0.99999749660491943
461 0.025407580658793449 -0.013533941470086575 -0.99958556890487671
462 -0.021148119121789932 -0.0059545463882386684 -0.99975866079330444
463 0.0059331911616027355 0.023940375074744225 -0.99969577789306641
464 -0.0023703449405729771 0.0042980904690921307 -0.99998795986175537
465 -0.0077210916206240654 0.0054654302075505257 -0.99995529651641846
466 0.010726823471486568 0.023353831842541695 -0.99966973066329956
467 -0.00061487080529332161 -0.0015016925754025578 -0.99999868869781494
468 0.02460327185690403 0.0060673970729112625 -0.9996788501739502
469 -0.00085461564594879746 -0.0020836684852838516 -0.99999749660491943
470 -0.0047758058644831181 -0.025260321795940399 -0.99966949224472046
471 0.032040048390626907 -0.0091390563175082207 -0.99944484233856201
472 -0.0111630754545331 -0.037812381982803345 -0.9992225170135498
473 0.00038047696580179036 0.0015492411330342293 -0.99999874830245972
474 -0.049010463058948517 0.0067965178750455379 -0.9987751841545105
475 0.049176521599292755 -0.0053728614002466202 -0.99877572059631348
476 0.001888132537715137 -0.0015965686179697514 -0.99999696016311646
477 -0.043270174413919449 0.014799114316701889 -0.99895381927490234
478 0.0015811566263437271 0.00037775922100991011 -0.99999868869781494
479 0.0052225426770746708 -0.03719276562333107 -0.99929451942443848
480 -0.023087384179234505 0.027585675939917564 -0.99935281276702881
481 -0.0037910754326730967 -0.011197899468243122 -0.99993014335632324
482 -0.023923404514789581 -0.01793992891907692 -0.99955284595489502
483 0.034500524401664734 -0.014670860953629017 -0.99929702281951904
484 0.0015047907363623381 -0.0043781124986708164 -0.99998933076858521
485 0.0025521472562104464 0.0015483682509511709 -0.99999558925628662
486 0.0092736268416047096 -0.001247350824996829 -0.99995625019073486
487 -0.00081747054355219007 -0.0027261755894869566 -0.99999600648880005
488 -0.0070482837036252022 0.0037648191209882498 -0.99996811151504517
489 0.0042019076645374298 -0.0034728252794593573 -0.99998515844345093
490 0.0086837206035852432 0.0052925455383956432 -0.99994832277297974
491 9.3671813374385238e-05 -0.00092262169346213341 -0.99999958276748657
492 0.00033722870284691453 -0.00073968933429569006 -0.99999970197677612
493 0.00070529745426028967 0.00060664309421554208 -0.99999958276748657
494 -0.0023551203776150942 0.0023793512955307961 -0.99999445676803589
495 0.00080624979455024004 -1.8530687157181092e-05 -0.99999970197677612
496 0.00081154360668733716 -2.6490281015867367e-05 -0.99999970197677612
497 0.00036743457894772291 0.000931084796320647 -0.9999995231628418
498 0.0004967746208421886 -0.00064443779410794377 -0.99999970197677612
499 0.021713860332965851 0.022984422743320465 -0.99950003623962402
500 0.0025830077938735485 -0.00043499574530869722 -0.9999966025352478
501 -0.0025756978429853916 0.0024642767384648323 -0.99999368190765381
502 -0.011667490936815739 -0.036469284445047379 -0.99926668405532837
503 0.024781445041298866 0.016673026606440544 -0.9995538592338562
504 0.021551975980401039 -0.011620058678090572 -0.99970018863677979
505 0.00043536085286177695 -0.00068375642877072096 -0.99999970197677612
506 -0.024874433875083923 -0.015079444274306297 -0.9995768666267395
507 0.00078963750274851918 -0.00017188374476972967 -0.99999970197677612
508 0.00050009851111099124 -0.00062668492319062352 -0.99999970197677612
509 0.00073164689820259809 0.00062029517721384764 -0.99999958276748657
510 -0.021971235051751137 0.020817795768380165 -0.99954181909561157
511 0.00072787853423506021 0.00062048318795859814 -0.99999958276748657
512 0.022625265643000603 0.01926107332110405 -0.99955850839614868
513 -0.00050168792949989438 0.0010871062986552715 -0.9999992847442627
514 0.00045753709855489433 0.00081145309377461672 -0.99999958276748657
515 0.0006247489363886416 0.00072147330502048135 -0.9999995231628418
516 0.00046136206947267056 0.0007901281351223588 -0.99999958276748657
517 -0.0046060597524046898 0.0036105795297771692 -0.99998289346694946
518 0.00061176804592832923 0.00073363358387723565 -0.99999958276748657
519 0.00046023051254451275 -0.0006599733023904264 -0.99999970197677612
520 0.017643019556999207 -0.022984679788351059 -0.99958014488220215
521 -0.00249281688593328 -0.030162302777171135 -0.99954193830490112
522 0.011306470260024071 0.022974919527769089 -0.99967211484909058
523 0.00077796867117285728 -0.00018537491268943995 -0.99999970197677612
524 0.00073736667400225997 0.00059884425718337297 -0.99999958276748657
525 0.00046166771790012717 -0.00065809418447315693 -0.99999970197677612
526 -0.016784602776169777 -0.024729782715439796 -0.99955326318740845
527 0.00046126195229589939 0.00080175173934549093 -0.99999958276748657
528 0.00080996920587494969 0.00043980812188237906 -0.99999958276748657
529 0.00080195954069495201 0.00044853074359707534 -0.99999958276748657
530 0.0033822243567556143 -0.00086542672943323851 -0.99999392032623291
531 0.00062296784017235041 0.00072195066604763269 -0.9999995231628418
532 0.0069212513044476509 0.029462456703186035 -0.99954193830490112
533 0.0010698072146624327 0.00042577533167786896 -0.99999934434890747
534 -0.018908213824033737 -0.018125662580132484 -0.99965691566467285
535 -0.0014394777826964855 -0.0055719106458127499 -0.99998342990875244
536 -0.00015077053103595972 0.0013580000959336758 -0.99999910593032837
537 0.00082756875781342387 0.00011532784265000373 -0.99999970197677612
538 0.00074289023177698255 0.00060859095538035035 -0.99999958276748657
539 0.003482466796413064 0.0038123542908579111 -0.99998670816421509
540 0.00048930454067885876 -0.00064016174292191863 -0.99999970197677612
541 0.00046532580745406449 0.00080832978710532188 -0.99999958276748657
542 0.00080857408465817571 -4.1349987441208214e-05 -0.99999970197677612
543 0.00080751965288072824 0.00044521767995320261 -0.99999958276748657
544 -1 6.1889022617833689e-06 -0.00020444643450900912
545 0.0044441395439207554 -0.033353265374898911 -0.99943375587463379
546 0.00074802042217925191 -0.00029466778505593538 -0.99999970197677612
547 0.00079228670801967382 0.00047329734661616385 -0.99999958276748657
548 0.00080163963139057159 -5.9643058193614706e-05 -0.99999970197677612
549 0.00083911727415397763 0.0002348331909161061 -0.99999964237213135
550 0.00083084404468536377 0.00025426154024899006 -0.99999964237213135
551 0.00082396686775609851 0.00011495059879962355 -0.99999970197677612
552 0.00074717990355566144 -0.00032348715467378497 -0.99999970197677612
553 0.00079173402627930045 -0.00019288432667963207 -0.99999964237213135
554 0.00083513482240960002 0.00025752690271474421 -0.99999964237213135
555 0.00061454472597688437 0.00073176290607079864 -0.99999958276748657
556 0.00051052367780357599 0.00079081283183768392 -0.99999958276748657
557 0.00075942813418805599 -0.00029470707522705197 -0.99999970197677612
558 0.00016658160893712193 -0.0017807615222409368 -0.99999845027923584
559 -0.99999994039535522 -1.3131960258760955e-05 -0.00043380595161579549
560 -0.0050072409212589264 0.026974901556968689 -0.99962359666824341
561 0.0008134757517836988 0.00017052194743882865 -0.99999970197677612
562 0.00071870599640533328 0.00060995534295216203 -0.99999958276748657
563 0.00074581982335075736 -0.00032229861244559288 -0.99999970197677612
564 0.00081831612624228001 0.00015029730275273323 -0.99999970197677612
565 0.0007959154318086803 0.00045506749302148819 -0.99999958276748657
566 0.0046524475328624249 -0.0027085959445685148 -0.99998557567596436
567 0.00036217065644450486 -0.00070832658093422651 -0.99999970197677612
568 0.00080524047371000051 -1.8745915440376848e-05 -0.99999970197677612
569 0.00061991804977878928 -0.00055470579536631703 -0.99999970197677612
570 0.00070580997271463275 -0.00044607662130147219 -0.99999970197677612
571 -0.0065367459319531918 0.0046230088919401169 -0.99996793270111084
572 -0.00036768609425053 -0.00571413803845644 -0.99998360872268677
573 0.00039530449430458248 -0.0006929964292794466 -0.99999970197677612
574 0.00060209952061995864 -0.00060810823924839497 -0.99999964237213135
575 0.0006125493673607707 0.00073610869003459811 -0.99999958276748657
576 0.00082175916759297252 0.00028074206784367561 -0.99999964237213135
577 0.00074801675509661436 -0.00030520555446855724 -0.99999970197677612
578 0.00063484167912974954 0.00071914371801540256 -0.99999958276748657
579 0.0008000499801710248 -0.00013993894390296191 -0.99999970197677612
580 0.0006082423496991396 -0.00054865278070792556 -0.99999970197677612
581 0.00058128789532929659 -0.00059467391110956669 -0.99999964237213135
582 0.00074371288064867258 -0.0003101408074144274 -0.99999970197677612
583 0.00061669776914641261 0.00072751764673739672 -0.99999958276748657
584 0.00089216837659478188 0.00035202008439227939 -0.99999958276748657
585 0.00078787375241518021 -0.0010103866225108504 -0.99999922513961792
586 0.00076659064507111907 -0.00029332679696381092 -0.99999970197677612
587 0.0008308847900480032 5.5576732847839594e-05 -0.99999964237213135
588 0.0011241966858506203 0.00030014573712833226 -0.99999934434890747
589 0.00049733149353414774 -0.00063024257542565465 -0.99999970197677612
590 0.00073960708687081933 -0.00030237660394050181 -0.99999970197677612
591 0.0011344999074935913 0.0013335160911083221 -0.99999845027923584
592 0.00069230218650773168 -0.00047086676931940019 -0.99999964237213135
593 0.00069695001002401114 -0.00043974729487672448 -0.99999970197677612
594 0.00080674508353695273 -0.00014228944201022387 -0.99999970197677612
595 0.00059429986868053675 -0.00056999921798706055 -0.99999970197677612
596 0.00069631641963496804 -0.00045233583659864962 -0.99999970197677612
597 0.00080850312951952219 0.00019847996009048074 -0.99999970197677612
598 0.00069916382199153304 -0.0030759766232222319 -0.99999505281448364
599 0.00082187220687046647 0.00012158625759184361 -0.99999970197677612
600 0.0006929670344106853 -0.00044299074215814471 -0.99999970197677612
601 6.8428969825617969e-05 -0.0007554073235951364 -0.99999970197677612
602 0.00068718334659934044 -0.00045310455607250333 -0.99999970197677612
603 0.00082038674736395478 0.00028838234720751643 -0.99999964237213135
604 0.00072344002546742558 -0.00038709858199581504 -0.99999970197677612
605 0.00074214657070115209 -0.0002742517099250108 -0.99999970197677612
606 0.0008243251359090209 0.00041836578748188913 -0.99999958276748657
607 0.00046356674283742905 -0.00067046569893136621 -0.99999964237213135
608 0.00068324373569339514 0.0010905268136411905 -0.99999916553497314
609 0.00079649820690974593 -0.00019818459986709058 -0.99999964237213135
610 0.00069144560256972909 -0.00045627483632415533 -0.99999970197677612
611 7.0881302235648036e-05 0.00078252452658489347 -0.99999970197677612
612 0.0005266935913823545 -0.00079639360774308443 -0.99999958276748657
613 0.00080907234223559499 -5.915391375310719e-05 -0.99999970197677612
614 -8.3404302131384611e-05 0.0010802556062117219 -0.99999940395355225
615 0.00024101992312353104 -0.00074559851782396436 -0.99999970197677612
616 0.0006101237959228456 -0.0005684948991984129 -0.99999970197677612
617 0.00097275071311742067 0.005204472690820694 -0.99998599290847778
618 0.00069972308119758964 -0.0004517267516348511 -0.99999970197677612
619 0.00031850446248427033 -0.00073117169085890055 -0.99999970197677612
620 0.0019774094689637423 -0.0016373378457501531 -0.99999672174453735
621 0.00047734897816553712 0.00087144720600917935 -0.9999995231628418
622 0.0014426937559619546 0.002968544140458107 -0.99999457597732544
623 0.0013442214112728834 -0.000164420111104846 -0.99999910593032837
624 0.00061559758614748716 -0.0006458218558691442 -0.99999964237213135
625 0.00061375723453238606 0.00073403900023549795 -0.99999958276748657
626 6.9612906372640282e-05 -0.0007686891476623714 -0.99999970197677612
627 0.0012157747987657785 -0.00030565969063900411 -0.99999922513961792
628 7.5391217251308262e-05 0.00083231361350044608 -0.99999964237213135
629 0.00062097754562273622 -0.00056254945229738951 -0.99999970197677612
630 0.00080466421786695719 7.5616466347128153e-05 -0.99999970197677612
631 0.00074766762554645538 0.0005649153608828783 -0.99999958276748657
632 0.00079025200102478266 -0.00017810075951274484 -0.99999970197677612
633 0.00083442556206136942 0.00023513419728260487 -0.99999964237213135
634 6.9749235990457237e-05 -0.00077017507283017039 -0.99999970197677612
635 0.00060270191170275211 -0.0005728101241402328 -0.99999964237213135
636 2.0766165107488632e-05 0.0018386011943221092 -0.99999833106994629
637 -0.0021692286245524883 0.0057325931265950203 -0.99998122453689575
638 0.00055206957040354609 -0.00061647396069020033 -0.99999970197677612
639 5.8357934904051945e-05 0.00079179281601682305 -0.99999970197677612
640 0.00072025391273200512 0.00059494382003322244 -0.99999958276748657
641 0.00054687057854607701 -0.00059344276087358594 -0.99999970197677612
642 0.00081312161637470126 0.00044560636160895228 -0.99999958276748657
643 5.4332595027517527e-05 -0.00073949503712356091 -0.9999997615814209
644 0.00072452117456123233 0.00065047002863138914 -0.9999995231628418
645 8.8170796516351402e-05 -0.00076692015863955021 -0.99999970197677612
646 0.0010225068544968963 -0.0011625182814896107 -0.99999880790710449
647 6.934953125892207e-05 -0.00076559750596061349 -0.99999970197677612
648 0.00066421565134078264 0.00072580086998641491 -0.9999995231628418
649 0.00040241287206299603 0.0015086298808455467 -0.99999880790710449
650 0.00035929289879277349 -0.00070661643985658884 -0.99999970197677612
651 7.0913898525759578e-05 0.00078288436634466052 -0.99999970197677612
652 7.2270508098881692e-05 0.00079799769446253777 -0.99999970197677612
653 0.00060327828396111727 -0.0005784344975836575 -0.99999964237213135
654 0.00047652481589466333 -0.00063967134337872267 -0.99999970197677612
655 0.00061866769101470709 -0.00055369996698573232 -0.99999970197677612
656 0.00013292970834299922 0.0016278410330414772 -0.99999868869781494
657 0.00076351000461727381 0.00050241861026734114 -0.99999958276748657
658 7.2464252298232168e-05 0.0008622140740044415 -0.99999964237213135
659 6.4910760556813329e-05 -0.00071681023109704256 -0.9999997615814209
660 0.00083488563541322947 0.00052404677262529731 -0.9999995231628418
661 0.0001676444080658257 0.0012500642333179712 -0.99999922513961792
662 0.00074074644362553954 0.00062019395409151912 -0.99999958276748657
663 0.00033231108682230115 -0.00071715784724801779 -0.99999970197677612
664 0.00066316482843831182 -0.00046947319060564041 -0.99999970197677612
665 6.6119806433562189e-05 -0.00073003402212634683 -0.9999997615814209
666 0.00099732901435345411 -0.00012969416275154799 -0.9999995231628418
667 0.00046158366603776813 -0.00065441837068647146 -0.99999970197677612
668 0.00037041105679236352 -0.00093911157455295324 -0.9999995231628418
669 0.00021966794156469405 -0.00074339308775961399 -0.99999970197677612
670 0.0013262343127280474 -0.0011856028577312827 -0.99999845027923584
671 0.002480348339304328 -0.0045396946370601654 -0.99998664855957031
672 6.4524363551754504e-05 0.00086947018280625343 -0.99999964237213135
673 6.82835016050376e-05 -0.00077051494736224413 -0.99999970197677612
674 0.0008168902131728828 0.00027980818413197994 -0.99999964237213135
675 0.00049107777886092663 -0.0006457712734118104 -0.99999970197677612
676 0.00020055127970408648 -0.00075981178088113666 -0.99999970197677612
677 6.9701462052762508e-05 -0.00077149114804342389 -0.99999970197677612
678 0.00052977201994508505 -0.00062474625883623958 -0.99999964237213135
679 0.00035514865885488689 -0.00070842279819771647 -0.99999970197677612
680 7.0192414568737149e-05 0.00077491917181760073 -0.99999970197677612
681 6.7940549342893064e-05 -0.00077200314262881875 -0.99999970197677612
682 0.00083593314047902822 2.1716579794883728e-05 -0.99999964237213135
683 -0.0053176027722656727 0.0013213950442150235 -0.99998503923416138
684 7.1714282967150211e-05 -0.00076041545253247023 -0.99999970197677612
685 6.2871447880752385e-05 -0.00069589557824656367 -0.9999997615814209
686 0.00081275962293148041 0.00030584741034545004 -0.99999964237213135
687 0.00080640724627301097 0.00031483054044656456 -0.99999964237213135
688 0.00019321872969157994 -0.00076498551061376929 -0.99999970197677612
689 0.0007950138533487916 0.00044554183841682971 -0.99999958276748657
690 7.4695708462968469e-05 0.00072260911110788584 -0.9999997615814209
691 6.0423652030294761e-05 -0.00068093353183940053 -0.9999997615814209
692 0.00081501336535438895 0.0001685791794443503 -0.99999970197677612
693 0.00081106892321258783 0.0004232010105624795 -0.99999958276748657
694 0.00020677650172729045 -0.00075478560756891966 -0.99999970197677612
695 0.0015335655771195889 -0.00063871400197967887 -0.99999862909317017
696 8.7000058556441218e-05 0.00081301108002662659 -0.99999970197677612
697 -0.0001156360303866677 -0.00071789661888033152 -0.9999997615814209
698 0.00075381610076874495 0.00062051491113379598 -0.9999995231628418
699 0.00083193712634965777 7.4385636253282428e-05 -0.99999964237213135
700 -0.0072967568412423134 0.0014385299291461706 -0.99997234344482422
701 -0.0013909712433815002 -0.0012138201855123043 -0.99999833106994629
702 7.0924586907494813e-05 0.00078300235327333212 -0.99999970197677612
703 5.1995826652273536e-05 -0.00072495278436690569 -0.9999997615814209
704 0.00082899222616106272 9.5536182925570756e-05 -0.99999964237213135
705 0.00025464489590376616 -0.00075327418744564056 -0.99999970197677612
706 0.00033985768095590174 -0.00073751970194280148 -0.99999970197677612
707 0.00080211804015561938 -0.00028011866379529238 -0.99999964237213135
708 0.0012519804295152426 -0.00099713949020951986 -0.99999874830245972
709 0.00029143114807084203 -0.00078852660953998566 -0.99999970197677612
710 0.00080936466110870242 0.00031588898855261505 -0.99999964237213135
711 0.00080625602276995778 0.00030476084793917835 -0.99999964237213135
712 0.00043425467447377741 -0.0010830862447619438 -0.99999934434890747
713 0.00077605433762073517 0.00059709011111408472 -0.9999995231628418
714 0.00082579237641766667 0.00033917021937668324 -0.99999964237213135
715 0.00045713054714724422 -0.00068066181847825646 -0.99999964237213135
716 0.00038001599023118615 -0.00069541530683636665 -0.99999970197677612
717 0.00082127942005172372 0.00017030700109899044 -0.99999970197677612
718 0.00081714411498978734 0.00013679792755283415 -0.99999970197677612
719 -0.011529904790222645 0.0018872626824304461 -0.99993175268173218
720 0.00033624845673330128 -0.00071822118479758501 -0.99999970197677612
721 0.00078992359340190887 0.00048151190276257694 -0.99999958276748657
722 0.0011416601482778788 0.00023559771943837404 -0.99999934434890747
723 0.00088789121946319938 0.00016913027502596378 -0.99999964237213135
724 0.00081475143088027835 2.1933894458925352e-05 -0.99999970197677612
725 0.00073546625208109617 -0.00053617660887539387 -0.99999958276748657
726 0.00083432777319103479 0.00023566157324239612 -0.99999964237213135
727 0.00069488608278334141 -0.00048196775605902076 -0.99999964237213135
728 9.7608826763462275e-05 -0.00077753595542162657 -0.99999970197677612
729 0.00082814256893470883 0.00042036594823002815 -0.99999958276748657
730 -0.0013345410116016865 -0.00081590923946350813 -0.99999880790710449
731 -1.3825076166540384e-05 -0.0010086849797517061 -0.9999995231628418
732 0.0011995146051049232 -0.00030831509502604604 -0.9999992847442627
733 0.00081167044118046761 -0.00018019172421190888 -0.99999964237213135
734 0.00081370474072173238 -0.00011866103886859491 -0.99999970197677612
735 0.00081471109297126532 4.063253800268285e-05 -0.99999970197677612
736 0.00077186792623251677 -0.0004303493769839406 -0.99999964237213135
737 0.00067852012580260634 -0.00050274009117856622 -0.99999964237213135
738 0.00084232568042352796 0.00021824761643074453 -0.99999964237213135
739 0.00056806893553584814 -0.0006435121176764369 -0.99999964237213135
740 0.00080724857980385423 -8.3822895248886198e-05 -0.99999970197677612
741 0.00079971062950789928 0.00034422421595081687 -0.99999964237213135
742 -0.0071703582070767879 -0.0028588068671524525 -0.99997025728225708
743 3.3392527257092297e-05 -0.00082145316991955042 -0.99999970197677612
744 -0.00070814928039908409 -0.0010199085809290409 -0.9999992847442627
745 0.00022111172438599169 -0.00074486556695774198 -0.99999970197677612
746 0.00083166902186349034 5.5996548326220363e-05 -0.99999964237213135
747 0.00021685734100174159 -0.00073897227412089705 -0.99999970197677612
748 0.00021348071459215134 -0.00076113099930807948 -0.99999970197677612
749 0.00033410507603548467 -0.00072528241435065866 -0.99999970197677612
750 -0.00044510947191156447 -0.0009251462179236114 -0.9999995231628418
751 0.00075826840475201607 -0.00031263989512808621 -0.99999964237213135
752 0.00096504011889919639 -0.0004278423439245671 -0.99999946355819702
753 0.0015701707452535629 -0.0003524884523358196 -0.99999874830245972
754 0.00022467394592240453 -0.00074893876444548368 -0.99999970197677612
755 0.00093322241446003318 -0.0002420532691758126 -0.9999995231628418
756 0.0090177785605192184 0.0033797640353441238 -0.99995362758636475
757 0.00077134073944762349 -0.00041107612196356058 -0.99999964237213135
758 0.00035492822644300759 -0.00084451714064925909 -0.99999958276748657
759 -0.0079228933900594711 -0.0029271575622260571 -0.99996435642242432
760 0.0058259335346519947 -0.0035708092618733644 -0.99997669458389282
761 0.0062818876467645168 0.0021797481458634138 -0.99997794628143311
762 0.00088481861166656017 -0.00045488402247428894 -0.9999995231628418
763 -0.00078761362237855792 0.002472123596817255 -0.99999666213989258
764 -0.001341380993835628 0.0024018015246838331 -0.99999624490737915
765 -0.035071510821580887 0.016834424808621407 -0.99924302101135254
766 -0.0034725479781627655 0.0040933899581432343 -0.99998563528060913
767 0.0024511350784450769 -0.0014227615902200341 -0.99999600648880005
768 0.026779593899846077 -0.0071649942547082901 -0.99961572885513306
769 -0.02991078794002533 -0.010204731486737728 -0.99950051307678223
770 -0.021860226988792419 -0.025417927652597427 -0.99943792819976807
771 0.014863671734929085 -0.015399472787976265 -0.99977093935012817
772 -0.0051548308692872524 0.0039974097162485123 -0.99997878074645996
773 -0.012069829739630222 -0.029127767309546471 -0.99950283765792847
774 -0.027003223076462746 0.016825517639517784 -0.99949371814727783
775 -0.0055001652799546719 -0.031036831438541412 -0.99950313568115234
776 -0.032242532819509506 0.016227114945650101 -0.99934840202331543
777 0.025370204821228981 0.010182097554206848 -0.99962633848190308
778 0.012079738080501556 0.0121315848082304 -0.99985349178314209
779 -0.015532512217760086 0.01309807226061821 -0.99979358911514282
780 -0.023669231683015823 0.027921862900257111 -0.99932986497879028
781 0.0013755940599367023 0.0026488236617296934 -0.99999558925628662
782 0.0038185592275112867 -0.0032056781928986311 -0.99998760223388672
783 -0.006123359315097332 0.0065515507012605667 -0.99995982646942139
784 0.00064469029894098639 -0.0099534625187516212 -0.99995028972625732
785 0.00021727039711549878 0.0042607286013662815 -0.99999088048934937
786 0.0010316906264051795 0.0094284079968929291 -0.99995505809783936
787 -0.0058989529497921467 -0.010275792330503464 -0.99992984533309937
788 -0.025855259969830513 -0.019537881016731262 -0.99947476387023926
789 -0.014045828953385353 0.026520898565649986 -0.99954962730407715
790 0.0096217012032866478 -0.025790417566895485 -0.99962109327316284
791 -0.023297036066651344 -0.027058521285653114 -0.99936234951019287
792 -0.010922010987997055 -0.019438048824667931 -0.99975144863128662
793 5.4695941798854619e-05 0.0007444891962222755 -0.9999997615814209
794 5.358290218282491e-05 0.00072968227323144674 -0.9999997615814209
795 -0.0033190627582371235 0.035258475691080093 -0.99937272071838379
796 0.02019379660487175 -0.0064751855097711086 -0.99977511167526245
797 0.028348410502076149 -0.0017005675472319126 -0.99959665536880493
798 -0.028142364695668221 -0.003661127295345068 -0.99959725141525269
799 0.028292760252952576 0.0022301941644400358 -0.99959719181060791
800 6.6569387854542583e-05 0.00086997984908521175 -0.99999964237213135
801 5.6287757615791634e-05 -0.00073561165481805801 -0.9999997615814209
802 4.9304311687592417e-05 -0.00064434658270329237 -0.99999982118606567
803 -0.018858674913644791 0.0077909077517688274 -0.99979180097579956
804 -0.01177167147397995 -0.0068770456127822399 -0.99990707635879517
805 0.014020428992807865 -0.02310490794479847 -0.99963474273681641
806 -0.0285458043217659 0.0036574609111994505 -0.99958580732345581
807 5.2415929530980065e-05 0.0006888739881105721 -0.9999997615814209
808 0.011914867907762527 0.0022655879147350788 -0.99992650747299194
809 -0.0073715145699679852 0.024439474567770958 -0.99967414140701294
810 0.014848802238702774 0.024228621274232864 -0.99959617853164673
811 -0.0062536713667213917 0.0046258065849542618 -0.99996978044509888
812 -0.032691877335309982 0.011277145706117153 -0.99940186738967896
813 -0.00030319264624267817 -0.0027732462622225285 -0.9999961256980896
814 0.02272438257932663 -0.015548792667686939 -0.99962085485458374
815 0.0036541889421641827 0.027712676674127579 -0.99960923194885254
816 0.015828043222427368 0.043651960790157318 -0.99892139434814453
817 0.0014815536560490727 -0.0007403823547065258 -0.99999862909317017
818 0.00011180038563907146 0.0024436144158244133 -0.99999701976776123
819 -0.02246963232755661 -0.011397863738238811 -0.99968254566192627
820 0.028767753392457962 -0.024368483573198318 -0.99928903579711914
821 0.0063905306160449982 -0.0063472213223576546 -0.99995946884155273
822 -0.00069413933670148253 0.0099831726402044296 -0.99994999170303345
823 0.043481737375259399 -0.019297340884804726 -0.99886786937713623
824 0.0022140634246170521 -0.0089402394369244576 -0.9999576210975647
825 -0.013839462772011757 0.0038586603477597237 -0.9998968243598938
826 0.013684472069144249 -0.0021294842008501291 -0.9999040961265564
827 0.0087250117212533951 0.0078491661697626114 -0.99993115663528442
828 -0.0091962274163961411 -0.0051782219670712948 -0.99994432926177979
829 0.011741542257368565 0.0077027473598718643 -0.9999014139175415
830 0.034874886274337769 0.018811127170920372 -0.99921464920043945
831 -0.01528039388358593 0.036712482571601868 -0.99920910596847534
832 0.016832578927278519 -0.036082819104194641 -0.9992070198059082
833 0.023816650733351707 0.032039683312177658 -0.99920278787612915
834 0.017158888280391693 -0.00063763419166207314 -0.99985259771347046
835 -0.017072353512048721 0.0021715522743761539 -0.99985194206237793
836 -0.017547128722071648 0.0051444601267576218 -0.9998328685760498
837 0.017446260899305344 0.0033188257366418839 -0.99984234571456909
838 0.0038644892629235983 -0.00048995460383594036 -0.99999243021011353
839 0.030759938061237335 -0.0022219552192837 -0.99952435493469238
840 0.0021957964636385441 0.0007114285253919661 -0.99999737739562988
841 0.012515317648649216 0.00026704819174483418 -0.99992167949676514
842 0.0016799347940832376 0.00043026095954701304 -0.99999850988388062
843 -0.012177338823676109 -0.0016511790454387665 -0.99992448091506958
844 0.00039441249100491405 0.00080913113197311759 -0.99999958276748657
845 0.00031180900987237692 0.00082221050979569554 -0.99999964237213135
846 0.00029102907865308225 0.00085938343545421958 -0.99999964237213135
847 0.0026237133424729109 -7.8294367995113134e-05 -0.9999966025352478
848 -0.0019663497805595398 0.0016368767246603966 -0.99999672174453735
849 0.004476398229598999 -0.0007998589426279068 -0.99998968839645386
850 0.00012592122948262841 0.00083804666064679623 -0.99999964237213135
851 -0.0012889320496469736 0.0013741140719503164 -0.99999821186065674
852 0.0027775473427027464 -0.00010429853136884049 -0.99999618530273438
853 0.00020775615121237934 0.00080254662316292524 -0.99999964237213135
854 -0.0015959125012159348 0.0014743605861440301 -0.99999767541885376
855 0.00019316680845804513 0.0008194614783860743 -0.99999964237213135
856 0.0041106152348220348 -0.00012633159349206835 -0.99999159574508667
857 0.00061762251425534487 0.00067572580883279443 -0.99999958276748657
858 0.00019897932361345738 0.00080541364150121808 -0.99999964237213135
859 -0.00071143696550279856 0.0010366822825744748 -0.99999922513961792
860 -0.00012930815864820033 0.00088089826749637723 -0.99999964237213135
861 0.00029159261612221599 0.00079736305633559823 -0.99999964237213135
862 0.006574731320142746 -0.00080513901775702834 -0.99997806549072266
863 0.00021255404863040894 0.00080649327719584107 -0.99999964237213135
864 0.0012812463100999594 0.00046308198943734169 -0.99999904632568359
865 -0.0034983993973582983 0.0017049609450623393 -0.99999243021011353
866 0.0062690866179764271 -0.00056725734611973166 -0.99998021125793457
867 -0.017808716744184494 0.0050985640846192837 -0.99982845783233643
868 -0.0021188841201364994 0.0014548695180565119 -0.99999672174453735
869 -0.0096571063622832298 -0.0030467980541288853 -0.99994874000549316
870 0.019214930012822151 -0.0036856934893876314 -0.99980860948562622
871 0.0067654335871338844 -0.0015666262479498982 -0.99997591972351074
872 -0.012738359160721302 0.0038628980983048677 -0.99991142749786377
873 0.013323670253157616 -0.0023219352588057518 -0.99990856647491455
874 -0.0077765402384102345 -0.03458051010966301 -0.99937164783477783
875 5.2133644203422591e-05 0.00053593167103827 -0.99999988079071045
876 0.010267792269587517 -0.0097989225760102272 -0.99989926815032959
877 -0.0064309407025575638 0.008394390344619751 -0.99994409084320068
878 0.0013071922585368156 0.00027511766529642045 -0.99999910593032837
879 -0.032592542469501495 0.023292332887649536 -0.99919730424880981
880 0.019210623577237129 -0.0011631830129772425 -0.99981474876403809
881 0.040914308279752731 -0.012031998485326767 -0.99909019470214844
882 0.018753336742520332 -0.0080315480008721352 -0.99979192018508911
883 0.0090483827516436577 0.035614706575870514 -0.99932461977005005
884 0.00019241368863731623 -0.00053278473205864429 -0.99999982118606567
885 0.024571569636464119 0.020620930939912796 -0.99948543310165405
886 0.023409349843859673 0.020766859874129295 -0.99951028823852539
887 -0.024221664294600487 -0.023015551269054413 -0.99944168329238892
888 -0.031412117183208466 0.0099724316969513893 -0.99945682287216187
889 -0.00099086156114935875 0.00094054482178762555 -0.99999910593032837
890 -6.2629987951368093e-06 -0.00057278649182990193 -0.99999982118606567
891 0.0343492291867733 -0.023174135014414787 -0.99914121627807617
892 -0.022071078419685364 -0.019965082406997681 -0.99955707788467407
893 -0.027345629408955574 -0.01414220780134201 -0.99952602386474609
894 0.017959820106625557 0.010067010298371315 -0.99978804588317871
895 0.024211091920733452 -0.01282939501106739 -0.99962460994720459
896 0.0011051667388528585 0.00027289957506582141 -0.99999940395355225
897 0.0099322441965341568 0.02977958507835865 -0.99950718879699707
898 0.0069331224076449871 0.0012372350320219994 -0.99997520446777344
899 -0.017471401020884514 -0.014358174987137318 -0.99974429607391357
900 -0.008830181322991848 -0.030013583600521088 -0.99951052665710449
901 0.020951468497514725 0.02269401028752327 -0.999522864818573
902 -0.0055368635803461075 -0.0020328282844275236 -0.99998265504837036
903 -0.00071267446037381887 -0.00075905676931142807 -0.99999946355819702
904 0.014651223085820675 0.024667045101523399 -0.99958837032318115
905 0.0068499259650707245 -0.0039832131005823612 -0.99996864795684814
906 -0.017045313492417336 -0.025432227179408073 -0.99953126907348633
907 -0.025164732709527016 -0.0076978029683232307 -0.99965369701385498
908 -0.99991065263748169 0.01335599273443222 -0.00055354891810566187
909 -0.0011677176225930452 0.027706094086170197 -0.99961549043655396
910 0.014298627153038979 0.0031224461272358894 -0.9998929500579834
911 -1 4.598850409820443e-06 -0.00015931051166262478
912 -0.010039961896836758 0.021640768274664879 -0.99971544742584229
913 0.0055030076764523983 0.032093103975057602 -0.99946975708007812
914 -0.011104365810751915 -0.027779197320342064 -0.99955248832702637
915 0.013520650565624237 0.0029392160940915346 -0.99990427494049072
916 0.006520900409668684 0.027885708957910538 -0.99958986043930054
917 -0.013986033387482166 0.011157792061567307 -0.99983996152877808
918 0.023957548663020134 -0.020544955506920815 -0.99950182437896729
919 -0.016957666724920273 -0.0049258414655923843 -0.99984413385391235
920 -0.014105010777711868 -0.025079132989048958 -0.99958598613739014
921 -0.023116892203688622 0.0098975459113717079 -0.99968373775482178
922 -0.011920935474336147 0.027633130550384521 -0.99954712390899658
923 -0.00069193338276818395 0.00093572819605469704 -0.99999934434890747
924 -0.0047378819435834885 0.0015168720856308937 -0.99998766183853149
925 -0.024208873510360718 0.017979349941015244 -0.99954527616500854
926 -0.022803489118814468 0.02091226726770401 -0.99952125549316406
927 0.012620286084711552 -0.026535546407103539 -0.99956828355789185
928 0.027770031243562698 0.0074829538352787495 -0.99958634376525879
929 -0.001930637750774622 -0.027534881606698036 -0.9996190071105957
930 0.010489271022379398 -0.02428758516907692 -0.99965000152587891
931 0.023901866748929024 -0.02044319361448288 -0.99950528144836426
932 0.020514791831374168 -0.021537553519010544 -0.99955755472183228
933 0.018105041235685349 -0.023278934881091118 -0.99956506490707397
934 -0.023206111043691635 0.021109029650688171 -0.9995078444480896
935 -0.030641103163361549 -0.015881374478340149 -0.99940425157546997
936 -0.028649177402257919 0.0095210857689380646 -0.99954420328140259
937 0.016211947426199913 0.0027315784245729446 -0.99986487627029419
938 0.01322416216135025 0.025975460186600685 -0.99957513809204102
939 -0.023831233382225037 -0.016134021803736687 -0.99958580732345581
940 0.015618438832461834 -0.025852244347333908 -0.99954378604888916
941 0.0095873139798641205 -0.027457837015390396 -0.99957704544067383
942 0.026042656973004341 0.0076920501887798309 -0.99963128566741943
943 0.02953827939927578 0.014289082959294319 -0.99946153163909912
944 -0.019813936203718185 0.022417983040213585 -0.99955230951309204
945 -0.017217423766851425 0.024079577997326851 -0.99956178665161133
946 -0.017354594543576241 0.024727459996938705 -0.99954360723495483
947 -0.025395950302481651 0.01514375489205122 -0.99956279993057251
948 -0.023893821984529495 0.017851363867521286 -0.99955517053604126
949 -0.0086237639188766479 0.028071686625480652 -0.99956876039505005
950 0.023347735404968262 0.018129134550690651 -0.99956303834915161
951 0.027225952595472336 -0.01177485752850771 -0.99955999851226807
952 -0.024148536846041679 -0.016211684793233871 -0.99957692623138428
953 -0.02474808506667614 -0.018916726112365723 -0.99951469898223877
954 -0.022951586171984673 -0.012634427286684513 -0.99965673685073853
955 0.024311801418662071 -0.017184516414999962 -0.9995567798614502
956 -0.025275938212871552 -0.018660170957446098 -0.99950635433197021
957 0.025681573897600174 -0.014400682412087917 -0.99956649541854858
958 0.034790776669979095 -0.010607439093291759 -0.99933832883834839
959 -0.020648134872317314 -0.02339465357363224 -0.99951308965682983
960 -0.015794999897480011 -0.024896010756492615 -0.9995652437210083
961 -0.01469013188034296 0.026432691141963005 -0.99954265356063843
962 0.0098134791478514671 -0.027476342394948006 -0.99957430362701416
963 0.02557079866528511 0.0108376769348979 -0.99961429834365845
964 0.022337865084409714 0.023606773465871811 -0.99947172403335571
965 0.015705244615674019 -0.025032658129930496 -0.99956327676773071
966 0.025730235502123833 0.017973911017179489 -0.9995073676109314
967 -0.011711256578564644 0.027677252888679504 -0.99954831600189209
968 -0.025446122512221336 0.011822487227618694 -0.99960631132125854
969 0.0051303845830261707 -0.023584162816405296 -0.99970871210098267
970 0.0093376319855451584 -0.027275534346699715 -0.9995843768119812
971 0.023194203153252602 0.0178204495459795 -0.99957215785980225
972 0.026230230927467346 -0.011496723629534245 -0.99958980083465576
973 -0.029401745647192001 0.0098242359235882759 -0.99951940774917603
974 0.023925887420773506 -0.01677761971950531 -0.9995729923248291
975 -0.019314810633659363 -0.0055066971108317375 -0.99979829788208008
976 -0.0084371995180845261 0.028204355388879776 -0.99956661462783813
977 0.016739659011363983 0.024233996868133545 -0.99956619739532471
978 -0.018637845292687416 -0.011866982094943523 -0.999755859375
979 -0.020451107993721962 -0.021096289157867432 -0.99956828355789185
980 -0.015637857839465141 0.028628559783101082 -0.99946779012680054
981 -0.021932922303676605 0.020257126539945602 -0.99955421686172485
982 0.0042060958221554756 0.033106956630945206 -0.99944299459457397
983 -0.027135644108057022 -0.0094484500586986542 -0.99958711862564087
984 0.022538522258400917 -0.019603773951530457 -0.99955379962921143
985 -0.02099294401705265 0.015983592718839645 -0.99965190887451172
986 0.025331007316708565 -0.013991420157253742 -0.99958121776580811
987 0.024628687649965286 0.017059449106454849 -0.99955111742019653
988 0.019136682152748108 0.022371966391801834 -0.99956655502319336
989 0.021285194903612137 0.020274678245186806 -0.99956786632537842
990 0.020591873675584793 0.0046898042783141136 -0.99977695941925049
991 -0.022349556908011436 -0.018495919182896614 -0.99957913160324097
992 0.020463852211833 -0.021952850744128227 -0.99954956769943237
993 0.02171366848051548 0.010843994095921516 -0.99970549345016479
994 -0.023112110793590546 -0.019277535378932953 -0.99954706430435181
995 0.022746408358216286 0.019613457843661308 -0.99954891204833984
996 0.026578854769468307 0.014537465758621693 -0.99954098463058472
997 0.024826902896165848 0.01568545401096344 -0.99956870079040527
998 0.026694631204009056 -0.0083528971299529076 -0.99960875511169434
999 -0.020195001736283302 -0.023621726781129837 -0.99951702356338501
1000 0.023141009733080864 0.018094008788466454 -0.99956852197647095
1001 0.0043170992285013199 -0.0012614852748811245 -0.99998992681503296
1002 -0.027619875967502594 -0.016556555405259132 -0.99948137998580933
1003 0.014966380782425404 0.0055544446222484112 -0.99987262487411499
1004 -0.019989257678389549 0.022761017084121704 -0.99954104423522949
1005 -0.018174456432461739 -0.026050608605146408 -0.99949544668197632
1006 -0.021633081138134003 0.019896252080798149 -0.99956798553466797
1007 0.020433312281966209 -0.021566750481724739 -0.99955862760543823
1008 -0.022680319845676422 -0.012325660325586796 -0.99966681003570557
1009 -0.025996452197432518 -0.012396169826388359 -0.99958521127700806
1010 -0.019423501566052437 0.022125404328107834 -0.99956649541854858
1011 -0.022486204281449318 -0.018735621124505997 -0.99957162141799927
1012 0.019152112305164337 0.022505056113004684 -0.99956327676773071
1013 0.02668052539229393 0.013096420094370842 -0.99955826997756958
1014 -0.01724548451602459 0.024022622033953667 -0.99956268072128296
1015 -0.022217236459255219 0.020560495555400848 -0.9995417594909668
1016 -0.002525348449125886 0.030351627618074417 -0.99953609704971313
1017 0.022308835759758949 -0.012196911498904228 -0.99967670440673828
1018 -0.022853724658489227 -0.015556714497506618 -0.9996178150177002
1019 -0.021443551406264305 -0.014580088667571545 -0.99966377019882202
1020 -0.020482597872614861 -0.021037189289927483 -0.9995688796043396
1021 0.020676488056778908 -0.021966623142361641 -0.99954491853713989
1022 0.020579058676958084 -0.021220298483967781 -0.99956303834915161
1023 0.02308645099401474 0.014181743375957012 -0.99963289499282837
1024 0.018431778997182846 -0.024008981883525848 -0.99954181909561157
1025 0.023228855803608894 0.017964852973818779 -0.99956881999969482
1026 -0.017560809850692749 0.02469414658844471 -0.99954080581665039
1027 0.024783072993159294 0.015409786254167557 -0.99957412481307983
1028 0.024793662130832672 0.015599007718265057 -0.99957090616226196
1029 -0.99999994039535522 -1.0459527402417734e-05 -0.00034552413853816688
1030 -0.031246280297636986 -0.016326190903782845 -0.99937838315963745
1031 -0.022910052910447121 0.017168572172522545 -0.99959009885787964
1032 -0.012071867473423481 0.027077991515398026 -0.99956047534942627
1033 0.014275306835770607 0.02589506097137928 -0.99956274032592773
1034 0.01829523965716362 -0.023792872205376625 -0.9995495080947876
1035 0.015856295824050903 -0.025024835020303726 -0.9995611310005188
1036 0.010267051868140697 -0.027755828574299812 -0.99956202507019043
1037 -0.026287004351615906 0.015521948225796223 -0.99953395128250122
1038 -0.0063887210562825203 -0.032562199980020523 -0.99944931268692017
1039 -0.022475900128483772 -0.018840331584215164 -0.99956989288330078
1040 0.013020086102187634 -0.027934892103075981 -0.99952495098114014
1041 0.012638259679079056 0.026850908994674683 -0.99955958127975464
1042 -0.022645339369773865 -0.021035362035036087 -0.99952220916748047
1043 -0.020560398697853088 -0.021232450380921364 -0.99956315755844116
1044 0.0087325479835271835 0.028275731950998306 -0.99956202507019043
1045 -0.0056210155598819256 0.028968449681997299 -0.999564528465271
1046 0.015590288676321507 -0.025240680202841759 -0.99955981969833374
1047 -0.014661086723208427 0.025884512811899185 -0.99955743551254272
1048 -0.024553069844841957 0.014874606393277645 -0.99958789348602295
1049 -0.010454138740897179 -0.027732254937291145 -0.99956071376800537
1050 -0.017455866560339928 0.0244593545794487 -0.99954843521118164
1051 -0.026811983436346054 0.012654710561037064 -0.99956041574478149
1052 -0.014803411439061165 -0.0066717471927404404 -0.99986821413040161
1053 0.024984152987599373 0.009252806194126606 -0.99964505434036255
1054 0.023169144988059998 -0.0100070396438241 -0.99968147277832031
1055 0.012899840250611305 -0.026598978787660599 -0.99956297874450684
1056 -0.018285766243934631 -0.023202322423458099 -0.99956357479095459
1057 -0.0092227132990956306 0.028151396661996841 -0.9995611310005188
1058 -0.018326535820960999 -0.023162031546235085 -0.99956375360488892
1059 0.0071478448808193207 -0.030556093901395798 -0.99950754642486572
1060 0.022510208189487457 -0.019025420770049095 -0.99956560134887695
1061 0.016259783878922462 0.024027993902564049 -0.99957907199859619
1062 -0.99965864419937134 -0.02612442709505558 -0.00031179256620816886
1063 -0.013740508817136288 -0.025398805737495422 -0.99958294630050659
1064 -0.01201609056442976 0.027099916711449623 -0.99956053495407104
1065 0.013125798664987087 -0.026541311293840408 -0.99956154823303223
1066 0.02170620858669281 -0.014798639342188835 -0.99965488910675049
1067 0.021551890298724174 0.020264565944671631 -0.99956238269805908
1068 0.0027793156914412975 0.029522774741053581 -0.99956023693084717
1069 0.016806798055768013 0.024210751056671143 -0.99956560134887695
1070 0.023179832845926285 0.01458777766674757 -0.99962490797042847
1071 0.015605445019900799 -0.025109222158789635 -0.99956291913986206
1072 0.010381575673818588 -0.027762187644839287 -0.9995606541633606
1073 -0.0046041272580623627 -0.029304120689630508 -0.99955993890762329
1074 0.019204961135983467 0.022339843213558197 -0.99956595897674561
1075 0.017738102003931999 0.023498648777604103 -0.99956655502319336
1076 0.020993202924728394 -0.017531195655465126 -0.99962592124938965
1077 -0.0016444670036435127 -0.029649123549461365 -0.99955904483795166
1078 0.02376619353890419 -0.016355076804757118 -0.99958378076553345
1079 0.025415768846869469 0.010542332194745541 -0.99962139129638672
1080 -0.025897234678268433 -0.013830395415425301 -0.99956893920898438
1081 -0.014669300056993961 0.025730861350893974 -0.99956130981445312
1082 -0.99964123964309692 -0.026785410940647125 -0.00013038529141340405
1083 -0.020501451566815376 -0.020918453112244606 -0.99957102537155151
1084 -0.022942043840885162 0.014070441946387291 -0.99963778257369995
1085 0.010149888694286346 -0.027746224775910378 -0.99956351518630981
1086 0.0073112482205033302 -0.028675097972154617 -0.99956208467483521
1087 -0.022997956722974777 -0.019279198721051216 -0.99954962730407715
1088 -0.013242366723716259 -0.026463586837053299 -0.99956208467483521
1089 -0.011925456114113331 0.027086399495601654 -0.99956202507019043
1090 -0.024369711056351662 -0.016540834680199623 -0.99956619739532471
1091 0.026347089558839798 -0.011227170936763287 -0.99958980083465576
1092 0.025210905820131302 -0.013867929577827454 -0.99958598613739014
1093 0.019310548901557922 0.022345881909132004 -0.99956381320953369
1094 0.0043712095357477665 -0.029325339943170547 -0.99956041574478149
1095 -0.01961338147521019 0.022181641310453415 -0.99956154823303223
1096 -0.01322514470666647 -0.026547439396381378 -0.99956011772155762
1097 0.018384868279099464 -0.023762309923768044 -0.99954861402511597
1098 -0.010551925748586655 -0.027608886361122131 -0.99956315755844116
1099 -0.0032510787714272738 0.029501592740416527 -0.99955946207046509
1100 -0.0061867926269769669 0.028944941237568855 -0.99956190586090088
1101 0.02126581221818924 0.020336346700787544 -0.99956703186035156
1102 0.0056482609361410141 0.02913426049053669 -0.99955958127975464
1103 0.021974362432956696 0.01651737280189991 -0.99962210655212402
1104 -0.015827586874365807 -0.025033969432115555 -0.99956130981445312
1105 -0.017215769737958908 0.024413423612713814 -0.99955374002456665
1106 0.021338019520044327 0.020200937986373901 -0.99956822395324707
1107 0.020500898361206055 -0.021347492933273315 -0.99956190586090088
1108 0.034265089780092239 0.016501234844326973 -0.99927657842636108
1109 0.0074247806333005428 -0.028722202405333519 -0.99955987930297852
1110 0.014335873536765575 0.025843134149909019 -0.99956321716308594
1111 -0.014685645699501038 0.025643583387136459 -0.99956327676773071
1112 -0.9995618462562561 -0.029600359499454498 8.0178724601864815e-05
1113 -0.0063613061793148518 0.028974771499633789 -0.99955993890762329
1114 -0.01327023096382618 -0.026372527703642845 -0.99956411123275757
1115 -0.019851149991154671 0.022695185616612434 -0.9995453953742981
1116 -0.0090647321194410324 0.028182590380311012 -0.99956172704696655
1117 -0.0091125555336475372 0.028091557323932648 -0.99956387281417847
1118 0.0028681661933660507 0.029505159705877304 -0.99956053495407104
1119 0.0088637666776776314 0.028204821050167084 -0.99956291913986206
1120 -0.028884297236800194 -0.01967310719192028 -0.9993891716003418
1121 -0.01957712322473526 0.022085057571530342 -0.99956440925598145
1122 -0.0017008498543873429 -0.029587667435407639 -0.99956077337265015
1123 -0.018298478797078133 -0.023041779175400734 -0.99956703186035156
1124 0.011551194824278355 0.027265453711152077 -0.99956148862838745
1125 -0.014685453847050667 0.026126470416784286 -0.99955081939697266
1126 -0.01585453562438488 -0.024855908006429672 -0.99956536293029785
1127 0.015623693354427814 -0.025509217754006386 -0.99955254793167114
1128 -0.023696271702647209 0.017837956547737122 -0.99956005811691284
1129 -0.010472014546394348 -0.027602829039096832 -0.99956411123275757
1130 -0.018428212031722069 -0.023037649691104889 -0.9995647668838501
1131 -0.0062545919790863991 0.028898555785417557 -0.99956279993057251
1132 0.020518077537417412 -0.016972240060567856 -0.9996454119682312
1133 4.7057743358891457e-05 0.00063169683562591672 -0.99999982118606567
1134 0.011600825935602188 0.027168424800038338 -0.99956357479095459
1135 0.005861369427293539 0.02909405343234539 -0.99955952167510986
1136 0.018245605751872063 -0.023230452090501785 -0.99956363439559937
1137 0.01168555486947298 0.027240801602602005 -0.99956059455871582
1138 -0.0033420990221202374 0.029472315683960915 -0.99956005811691284
1139 -0.0092992326244711876 0.028142640367150307 -0.9995606541633606
1140 -0.011916289106011391 0.02724972739815712 -0.99955767393112183
1141 0.021856160834431648 0.021046662703156471 -0.99953955411911011
1142 0.00720600550994277 -0.028642438352108002 -0.99956375360488892
1143 4.4070697185816243e-05 -0.00049134914297610521 -0.99999988079071045
1144 -0.99970752000808716 -0.024184780195355415 -0.00024277188640553504
1145 0.012988273985683918 -0.02653522789478302 -0.99956351518630981
1146 -0.010897986590862274 -0.029841393232345581 -0.99949526786804199
1147 -0.021660178899765015 0.019940154626965523 -0.99956655502319336
1148 0.0059941760264337063 0.028944466263055801 -0.99956309795379639
1149 0.016923977062106133 0.024252403527498245 -0.99956262111663818
1150 0.0042890575714409351 -0.029359692707657814 -0.99955976009368896
1151 -0.0045336885377764702 -0.029461339116096497 -0.99955564737319946
1152 0.014433534815907478 0.025879161432385445 -0.9995608925819397
1153 -0.0077022132463753223 -0.028525900095701218 -0.99956339597702026
1154 0.0030097139533609152 0.029055878520011902 -0.99957329034805298
1155 -0.0076083862222731113 -0.028672929853200912 -0.99955993890762329
1156 5.3420317271957174e-05 0.00057228462537750602 -0.99999988079071045
1157 0.0035482263192534447 -0.027433602139353752 -0.99961733818054199
1158 -0.015938833355903625 -0.024849662557244301 -0.99956417083740234
1159 0.014235547743737698 0.025990195572376251 -0.99956083297729492
1160 4.2603565816534683e-05 -0.00050127936992794275 -0.99999988079071045
1161 -0.0015055091353133321 -0.030735161155462265 -0.99952644109725952
1162 0.0023912237957119942 -0.029914572834968567 -0.99954962730407715
1163 5.6115623010555282e-05 0.00066802726360037923 -0.99999982118606567
1164 -0.0074829482473433018 -0.028821429237723351 -0.99955660104751587
1165 0.005762824323028326 0.02907363697886467 -0.99956071376800537
1166 -0.0044273696839809418 -0.032516941428184509 -0.99946141242980957
1167 0.012786112725734711 -0.026580695062875748 -0.99956494569778442
1168 0.017418088391423225 0.025392033159732819 -0.99952584505081177
1169 4.6632681915070862e-05 -0.00052373809739947319 -0.99999988079071045
1170 -0.0075340163893997669 -0.028728004544973373 -0.99955892562866211
1171 0.0062837009318172932 0.029790448024868965 -0.99953645467758179
1172 -0.019373498857021332 0.018173286691308022 -0.99964714050292969
1173 -0.02688167430460453 0.01574552059173584 -0.99951463937759399
1174 -0.010402191430330276 -0.027820892632007599 -0.99955880641937256
1175 0.014342366717755795 0.0263475701212883 -0.9995499849319458
1176 -0.020231503993272781 -0.020482504740357399 -0.99958550930023193
1177 0.011474632658064365 0.027275001630187035 -0.99956214427947998
1178 0.0086605735123157501 0.028343932703137398 -0.99956077337265015
1179 0.0024696323089301586 0.029296506196260452 -0.99956774711608887
1180 -0.0047332285903394222 -0.029091343283653259 -0.99956560134887695
1181 0.0085059264674782753 0.028106413781642914 -0.99956876039505005
1182 0.010067451745271683 -0.027781302109360695 -0.99956333637237549
1183 0.011617124080657959 0.028548680245876312 -0.99952489137649536
1184 5.8926761994371191e-05 0.00067722774110734463 -0.9999997615814209
1185 4.8548216000199318e-05 -0.00056680449051782489 -0.99999988079071045
1186 -0.01833873987197876 0.017247362062335014 -0.99968308210372925
1187 -0.001704178168438375 -0.028941979631781578 -0.99957966804504395
1188 0.0067313653416931629 -0.027738176286220551 -0.99959260225296021
1189 -0.023085970431566238 0.017278052866458893 -0.9995841383934021
1190 3.9098038541851565e-05 0.00052798370597884059 -0.99999988079071045
1191 -0.014771395362913609 0.025681432336568832 -0.99956107139587402
1192 0.017889562994241714 -0.023488625884056091 -0.99956405162811279
1193 0.002950865775346756 0.029309147968888283 -0.99956607818603516
1194 -0.019082903861999512 -0.024304041638970375 -0.99952250719070435
1195 0.024868637323379517 0.019615884870290756 -0.99949824810028076
1196 -0.0048764524981379509 -0.029334522783756256 -0.99955779314041138
1197 0.013218389824032784 -0.026490705087780952 -0.99956166744232178
1198 0.018353033810853958 -0.023151304572820663 -0.99956351518630981
1199 0.018203131854534149 -0.022560039535164833 -0.9995797872543335
1200 -0.0034217871725559235 0.029395520687103271 -0.99956202507019043
1201 4.5237226004246622e-05 -0.00052629649871960282 -0.99999988079071045
1202 -0.013278655707836151 -0.02684302069246769 -0.99955153465270996
1203 -0.99972414970397949 -0.023485865443944931 -0.00025596309569664299
1204 0.0037593645974993706 -0.00017834763275459409 -0.9999929666519165
1205 5.8142868510913104e-05 0.00067806191509589553 -0.9999997615814209
1206 0.020190166309475899 0.023105733096599579 -0.99952912330627441
1207 5.3766230848850682e-05 -0.00055449549108743668 -0.99999988079071045
1208 0.023019954562187195 -0.01596626453101635 -0.99960750341415405
1209 0.01175246573984623 0.027189856395125389 -0.99956125020980835
1210 -0.0046769394539296627 -0.029300786554813385 -0.99955970048904419
1211 0.0026799323968589306 0.029478441923856735 -0.9995618462562561
1212 -0.019596753641963005 0.022183934226632118 -0.9995618462562561
1213 -0.0064602894708514214 0.026026707142591476 -0.99964040517807007
1214 -0.01828174851834774 -0.022524585947394371 -0.99957913160324097
1215 0.022339450195431709 -0.019088568165898323 -0.99956816434860229
1216 -0.01060832291841507 -0.027534952387213707 -0.99956458806991577
1217 -0.013355490751564503 -0.026343163102865219 -0.99956375360488892
1218 -0.0015534040285274386 -0.029606945812702179 -0.99956047534942627
1219 0.020510867238044739 -0.020865976810455322 -0.99957191944122314
1220 0.004469230305403471 -0.029342548921704292 -0.99955946207046509
1221 0.016962399706244469 0.024144371971487999 -0.99956458806991577
1222 5.8714900660561398e-05 0.00067543407203629613 -0.9999997615814209
1223 4.5660013711312786e-05 -0.00052525557111948729 -0.99999988079071045
1224 4.5426651922753081e-05 -0.00055485195480287075 -0.99999988079071045
1225 -0.0077456366270780563 -0.02834182046353817 -0.99956828355789185
1226 -0.017244929447770119 0.023958265781402588 -0.99956423044204712
1227 -0.015928100794553757 -0.024689262732863426 -0.99956828355789185
1228 0.0058982572518289089 0.028903940692543983 -0.99956482648849487
1229 -3.7505713407881558e-05 0.00070501695154234767 -0.9999997615814209
1230 0.0087946383282542229 0.028166553005576134 -0.99956458806991577
1231 0.001505156047642231 -0.0295720174908638 -0.99956154823303223
1232 0.0025431527756154537 0.00045876225340180099 -0.99999666213989258
1233 -0.99957466125488281 -0.029160914942622185 -0.00041114143095910549
1234 -0.0046899388544261456 -0.029066814109683037 -0.99956649541854858
1235 -0.0021590711548924446 0.0012512794928625226 -0.99999690055847168
1236 -0.0017063497798517346 -0.029343973845243454 -0.99956792593002319
1237 -0.0076390104368329048 -0.028543421998620033 -0.99956339597702026
1238 -0.002358913654461503 -0.00073618441820144653 -0.99999696016311646
1239 0.0090017989277839661 0.028329642489552498 -0.99955815076828003
1240 -0.012604049406945705 0.027997788041830063 -0.99952852725982666
1241 -0.0010174022754654288 0.00077275116927921772 -0.99999922513961792
1242 -0.0095159504562616348 -0.0014325621305033565 -0.9999537467956543
1243 -0.00045271922135725617 0.029479809105396271 -0.99956530332565308
1244 0.042624916881322861 -0.0041340603493154049 -0.99908262491226196
1245 0.0074737034738063812 -0.02853955514729023 -0.9995647668838501
1246 -0.0031470838002860546 0.029267078265547752 -0.99956667423248291
1247 0.02967776358127594 0.013827904127538204 -0.99946385622024536
1248 0.014512697234749794 0.025776263326406479 -0.99956238269805908
1249 -0.024479584768414497 -0.010297598317265511 -0.99964731931686401
1250 -0.0067225503735244274 0.029938381165266037 -0.99952912330627441
1251 -0.0060515711084008217 0.028746629133820534 -0.99956846237182617
1252 -0.003608479630202055 0.02890348806977272 -0.99957573413848877
1253 0.0048325406387448311 -0.030106719583272934 -0.99953502416610718
1254 0.0009143232018686831 -0.00045257166493684053 -0.9999995231628418
1255 0.015972761437296867 -0.024998459964990616 -0.99955993890762329
1256 0.0010620839893817902 0.00058891181834042072 -0.9999992847442627
1257 -0.0026297969743609428 0.028156934306025505 -0.99960005283355713
1258 0.004181460477411747 -0.029136396944522858 -0.99956673383712769
1259 0.013076143339276314 0.0006205383688211441 -0.99991434812545776
1260 0.023251937702298164 0.01138695515692234 -0.9996647834777832
1261 -0.015179039910435677 0.026216952130198479 -0.99954104423522949
1262 -0.99975889921188354 -0.02195693738758564 -0.0002913367934525013
1263 0.0011539743281900883 0.00040325213922187686 -0.9999992847442627
1264 0.017542798072099686 0.024114936590194702 -0.99955528974533081
1265 -0.99977129697799683 -0.021383777260780334 -0.00030060845892876387
1266 0.010466167703270912 -0.027467492967844009 -0.99956792593002319
1267 0.0070691034197807312 -0.028456335887312889 -0.99957007169723511
1268 -0.012854714877903461 -0.025170264765620232 -0.99960052967071533
1269 -0.0088562322780489922 0.027967493981122971 -0.99956965446472168
1270 -0.044671501964330673 0.0058874436654150486 -0.99898439645767212
1271 0.012501408345997334 0.028289243578910828 -0.99952161312103271
1272 0.028617158532142639 -0.008306075818836689 -0.99955600500106812
1273 -0.0029927520081400871 0.028884453698992729 -0.99957829713821411
1274 -0.0095455078408122063 -0.030160807073116302 -0.99949949979782104
1275 -0.022373288869857788 0.0081408293917775154 -0.99971657991409302
1276 -0.028946079313755035 0.013488640077412128 -0.99949002265930176
1277 4.1347913793288171e-05 -0.00053808488883078098 -0.99999988079071045
1278 0.02445671521127224 -0.016292888671159744 -0.99956810474395752
1279 4.7146080760285258e-05 -0.00056430249242112041 -0.99999988079071045
1280 0.011138219386339188 -0.0034115109592676163 -0.99993216991424561
1281 -0.00072355830343440175 0.00091917603276669979 -0.99999934434890747
1282 -0.0010979052167385817 0.0010025950614362955 -0.99999892711639404
1283 -0.00585508206859231 0.028668435290455818 -0.99957185983657837
1284 -0.015642264857888222 -0.0037164753302931786 -0.99987077713012695
1285 -0.013979663141071796 0.0036701206117868423 -0.99989557266235352
1286 0.00051480857655405998 0.00056467688409611583 -0.9999997615814209
1287 -0.00094703695503994823 -0.00082461221609264612 -0.99999922513961792
1288 0.0040135830640792847 -0.028689350932836533 -0.99958032369613647
1289 -0.027549929916858673 0.0035899805370718241 -0.99961400032043457
1290 3.9809183363104239e-05 0.00051389401778578758 -0.99999988079071045
1291 -0.011732418090105057 0.007518453523516655 -0.99990296363830566
1292 -0.019103482365608215 0.015677681192755699 -0.9996945858001709
1293 -0.0092982072383165359 0.0030053243972361088 -0.99995225667953491
1294 0.019583899527788162 -0.01093742623925209 -0.99974840879440308
1295 -0.031440373510122299 0.015777116641402245 -0.99938112497329712
1296 -0.021756671369075775 0.025325175374746323 -0.99944251775741577
1297 0.013162610121071339 0.0049845748580992222 -0.99990099668502808
1298 -0.99984747171401978 -0.017460634931921959 -0.00042084898450411856
1299 -0.99984562397003174 -0.017567725852131844 -0.00041713204700499773
1300 -0.0044679879210889339 0.026151211932301521 -0.99964803457260132
1301 0.0032766307704150677 0.028409507125616074 -0.99959099292755127
1302 -0.015082559548318386 -0.020640751346945763 -0.99967318773269653
1303 -0.012655811384320259 0.0034222237300127745 -0.99991410970687866
1304 0.01645713672041893 0.026900272816419601 -0.99950265884399414
1305 -0.013538979925215244 0.003711208701133728 -0.99990147352218628
1306 0.011395520530641079 0.032598100602626801 -0.99940359592437744
1307 -0.0084630828350782394 -0.0012245451798662543 -0.99996346235275269
1308 -0.010441695339977741 -0.0050019095651805401 -0.99993300437927246
1309 -0.00095271284226328135 0.00070705532561987638 -0.99999934434890747
1310 0.0085555315017700195 -2.111110370606184e-05 -0.99996340274810791
1311 0.020064260810613632 0.019678430631756783 -0.99960500001907349
1312 -0.0014295169385150075 -0.00068392418324947357 -0.99999874830245972
1313 -0.032531190663576126 0.014669328927993774 -0.99936306476593018
1314 -0.025810932740569115 0.0029476357158273458 -0.99966251850128174
1315 4.3814823584398255e-05 -0.00055338646052405238 -0.99999988079071045
1316 0.016144724562764168 -0.026840083301067352 -0.99950939416885376
1317 0.021382668986916542 -0.021829385310411453 -0.99953299760818481
1318 -0.0010311185615137219 0.00087633979273959994 -0.99999910593032837
1319 -0.010089986957609653 -0.0045285662636160851 -0.99993884563446045
1320 0.028622899204492569 -0.011969580315053463 -0.99951863288879395
1321 4.2460855183890089e-05 -0.00053469790145754814 -0.99999988079071045
1322 -0.032121304422616959 -0.0039805718697607517 -0.99947607517242432
1323 0.0030753784812986851 -0.00023439570213668048 -0.99999523162841797
1324 0.02946966327726841 0.0026121223345398903 -0.99956232309341431
1325 -0.016271105036139488 -0.02614622563123703 -0.99952572584152222
1326 3.9693983126198873e-05 -0.00054617150453850627 -0.99999988079071045
1327 -0.021513186395168304 -0.022531049326062202 -0.99951463937759399
1328 4.0568735130364075e-05 -0.0005355958710424602 -0.99999988079071045
1329 -0.010511704720556736 -0.0051125842146575451 -0.9999316930770874
1330 -0.0082092219963669777 0.0023015534970909357 -0.99996364116668701
1331 0.0074864323250949383 -0.025442041456699371 -0.99964827299118042
1332 -0.026098569855093956 0.012808545492589474 -0.99957734346389771
1333 4.2646828660508618e-05 0.0005791056901216507 -0.99999982118606567
1334 0.011844734661281109 -0.022707326337695122 -0.99967199563980103
1335 0.018483011052012444 -0.0010361587628722191 -0.99982869625091553
1336 4.2234325519530103e-05 0.00061393942451104522 -0.99999982118606567
1337 -0.0028179886285215616 0.00073565961793065071 -0.99999576807022095
1338 -0.022672854363918304 -0.0022904647048562765 -0.9997403621673584
1339 0.02190735749900341 0.001222932361997664 -0.9997592568397522
1340 0.031379029154777527 -0.0028390525840222836 -0.99950355291366577
1341 0.011543123051524162 0.0021058479323983192 -0.9999312162399292
1342 5.1367125706747174e-05 0.00069520360557362437 -0.9999997615814209
1343 0.016156665980815887 -0.0060350904241204262 -0.99985134601593018
1344 0.024314118549227715 -0.01598488911986351 -0.99957656860351562
1345 0.013138151727616787 -0.0071814726106822491 -0.99988794326782227
1346 0.032895643264055252 0.0093455957248806953 -0.99941509962081909
1347 0.01671980507671833 -0.0066449339501559734 -0.99983817338943481
1348 -0.011570625007152557 0.0078355884179472923 -0.99990236759185791
1349 3.5802364436676726e-05 0.00054839166114106774 -0.99999988079071045
1350 -0.0086004184558987617 -0.0026962202973663807 -0.99995940923690796
1351 0.014395618811249733 -0.0029858043417334557 -0.99989193677902222
1352 0.0010726165492087603 -0.00021070105140097439 -0.99999940395355225
1353 0.030262947082519531 -0.026141900569200516 -0.99920004606246948
1354 -0.029886426404118538 -0.0094655407592654228 -0.99950850009918213
1355 -0.0047141476534307003 0.0085305636748671532 -0.99995249509811401
1356 4.6576747990911826e-05 0.0006363780121318996 -0.99999982118606567
1357 0.0068854750134050846 0.0011670619715005159 -0.99997562170028687
1358 -0.017861276865005493 0.0086664268746972084 -0.99980294704437256
1359 -0.020539931952953339 0.028062375262379646 -0.99939513206481934
1360 0.0071215741336345673 3.9731618016958237e-05 -0.99997466802597046
1361 -0.99990600347518921 0.013714167289435863 0.0001000204065348953
1362 0.027087666094303131 0.01715453714132309 -0.99948590993881226
1363 0.0011547181056812406 0.00019653074559755623 -0.99999934434890747
1364 0.0041919215582311153 -0.033956173807382584 -0.99941456317901611
1365 0.021771462634205818 -0.0042937803082168102 -0.99975377321243286
1366 -0.003128075273707509 -0.034820135682821274 -0.99938875436782837
1367 -0.012470652349293232 -0.026943139731884003 -0.99955922365188599
1368 0.021063009276986122 0.024947712197899818 -0.99946683645248413
1369 -0.013151722960174084 -0.030742481350898743 -0.99944084882736206
1370 -0.0062317498959600925 -0.0010705066379159689 -0.99998003244400024
1371 0.025895083323121071 0.0067367884330451488 -0.999642014503479
1372 -0.0088402563706040382 0.026214113458991051 -0.99961733818054199
1373 -0.0027388043235987425 -0.0012582979397848248 -0.99999547004699707
1374 0.0019743414595723152 -4.154778434894979e-05 -0.99999809265136719
1375 0.016309561207890511 0.020445236936211586 -0.99965792894363403
1376 0.018533013761043549 -0.0036502201110124588 -0.99982160329818726
1377 0.0014555762754753232 -0.00023613020312041044 -0.99999892711639404
1378 0.0051358845084905624 -0.00010815501445904374 -0.99998682737350464
1379 -0.030598336830735207 -0.0092765921726822853 -0.9994887113571167
1380 -0.017875567078590393 0.0020961284171789885 -0.99983805418014526
1381 -0.023567361757159233 0.0060574542731046677 -0.99970394372940063
1382 0.016338726505637169 0.0055609163828194141 -0.99985110759735107
1383 -0.02267855778336525 0.006201867014169693 -0.99972361326217651
1384 -0.01765749417245388 -0.0047216680832207203 -0.99983298778533936
1385 -0.0094750365242362022 0.024924978613853455 -0.99964445829391479
1386 -0.0055328519083559513 0.0018280566437169909 -0.99998307228088379
1387 0.018984081223607063 0.0072545190341770649 -0.99979346990585327
1388 0.018800526857376099 0.0071454308927059174 -0.99979770183563232
1389 -0.018374087288975716 -0.0082490472123026848 -0.99979716539382935
1390 -0.032956879585981369 -0.01519741490483284 -0.99934124946594238
1391 0.01896170899271965 -0.0041844071820378304 -0.99981147050857544
1392 0.021463839337229729 0.0043506775982677937 -0.99976015090942383
1393 -0.022617407143115997 -0.0063755903393030167 -0.99972391128540039
1394 3.7327223253669217e-05 0.00053324614418670535 -0.99999988079071045
1395 0.013173555955290794 -0.0024541427846997976 -0.99991023540496826
1396 -0.019654152914881706 -0.0086200227960944176 -0.99976968765258789
1397 0.016899926587939262 -0.0094614084810018539 -0.99981242418289185
1398 0.010693769901990891 0.0037147910334169865 -0.99993592500686646
1399 0.00095265696290880442 0.00036351211019791663 -0.9999995231628418
1400 2.8789330826839432e-05 -0.00048261674237437546 -0.99999988079071045
1401 0.010520102456212044 0.0002409357693977654 -0.99994462728500366
1402 -0.0009966166689991951 -0.00061585463117808104 -0.99999934434890747
1403 -0.0095925303176045418 -0.0062718130648136139 -0.99993431568145752
1404 -0.013506612740457058 0.0018057323759421706 -0.99990713596343994
1405 -0.015398495830595493 0.0063116881065070629 -0.99986153841018677
1406 0.0051095657981932163 0.00027165075880475342 -0.99998694658279419
1407 0.012240370735526085 -0.017825884744524956 -0.99976617097854614
1408 0.0012074541300535202 -0.00030790228629484773 -0.99999922513961792
1409 0.0012648177798837423 0.00027523373137228191 -0.99999916553497314
1410 -0.010039901360869408 -0.0030288849957287312 -0.99994504451751709
1411 0.0061310711316764355 0.00084424251690506935 -0.9999808669090271
1412 0.0045375819317996502 0.0012256212066859007 -0.99998897314071655
1413 0.02835514023900032 -0.006086825393140316 -0.99957937002182007
1414 0.02361316978931427 -0.009652785025537014 -0.99967455863952637
1415 -0.0041085672564804554 -0.0015872638905420899 -0.99999034404754639
1416 -0.015746492892503738 0.010299935936927795 -0.99982297420501709
1417 0.020587733015418053 0.011218427680432796 -0.99972516298294067
1418 -0.0059916139580309391 -0.0021529444493353367 -0.99997973442077637
1419 0.0034988054540008307 0.002057224977761507 -0.999991774559021
1420 -0.0037420843727886677 -0.0020687999203801155 -0.99999088048934937
1421 -0.032950136810541153 0.010158568620681763 -0.9994053840637207
1422 0.0038515455089509487 0.0033650409895926714 -0.99998694658279419
1423 0.0031569437123835087 -0.012887759134173393 -0.99991196393966675
1424 -0.0042528444901108742 0.010451577603816986 -0.99993640184402466
1425 -0.0036397913936525583 -0.0031325574964284897 -0.99998849630355835
1426 0.0086225550621747971 0.010408191941678524 -0.9999086856842041
1427 0.033715445548295975 -0.012322148308157921 -0.99935555458068848
1428 -0.0087692318484187126 0.0085164532065391541 -0.99992531538009644
1429 0.0064459829591214657 -0.0086988676339387894 -0.99994140863418579
1430 -0.0098527753725647926 -0.019269773736596107 -0.99976575374603271
1431 -0.005839263554662466 -0.022753769531846046 -0.99972409009933472
1432 -3.5206816392019391e-05 0.00036226800875738263 -0.99999994039535522
1433 0.00033001427073031664 0.0044752107933163643 -0.99998992681503296
1434 0.032293137162923813 0.010712676681578159 -0.99942106008529663
1435 -0.032658174633979797 -0.0095621207728981972 -0.99942082166671753
1436 -0.017630219459533691 0.0065238708630204201 -0.99982327222824097
1437 -0.0024374888744205236 0.014139109291136265 -0.99989712238311768
1438 -0.0067223226651549339 0.009884650819003582 -0.99992859363555908
1439 0.013641450554132462 -0.0076875351369380951 -0.99987739324569702
1440 0.0061993272975087166 0.017469072714447975 -0.99982821941375732
1441 0.0055071455426514149 -0.011754699982702732 -0.99991577863693237
1442 0.019600201398134232 0.0021080290898680687 -0.99980568885803223
1443 -0.014240758493542671 0.0092383688315749168 -0.99985593557357788
1444 -0.00099301734007894993 0.0025694181676954031 -0.99999624490737915
1445 0.0094562321901321411 -0.0083262808620929718 -0.99992066621780396
1446 0.03337286040186882 0.010806340724229813 -0.99938458204269409
1447 0.015482053160667419 -0.0051618688739836216 -0.99986684322357178
1448 -0.033341571688652039 -0.0098764076828956604 -0.99939519166946411
1449 -0.016824854537844658 -0.00349214649759233 -0.99985241889953613
1450 0.015561492182314396 0.0040287328884005547 -0.99987083673477173
1451 -0.016109336167573929 0.003449498675763607 -0.99986428022384644
1452 0.021517509594559669 -0.013489690609276295 -0.99967747926712036
1453 0.021580727770924568 -0.020516658201813698 -0.99955660104751587
1454 -0.022786259651184082 0.019821349531412125 -0.99954390525817871
1455 -0.023077059537172318 0.016299648210406303 -0.99960082769393921
1456 -0.023795807734131813 0.010483087040483952 -0.99966186285018921
1457 0.019698642194271088 -0.022920193150639534 -0.99954324960708618
1458 -0.026302164420485497 -0.011005469597876072 -0.99959343671798706
1459 -0.012727908790111542 0.027244951575994492 -0.99954777956008911
1460 0.0084522124379873276 -0.02862059697508812 -0.99955463409423828
1461 -0.02525831013917923 -0.01745961420238018 -0.99952846765518188
1462 0.014298843219876289 -0.026299340650439262 -0.99955189228057861
1463 0.024700162932276726 0.018515225499868393 -0.99952346086502075
1464 0.011692885309457779 0.027598077431321144 -0.99955075979232788
1465 0.0027214374858886003 0.030022017657756805 -0.99954557418823242
1466 0.016999442130327225 -0.024527119472622871 -0.99955463409423828
1467 -0.012925143353641033 -0.027084462344646454 -0.99954962730407715
1468 -0.018071761354804039 0.024010390043258667 -0.99954837560653687
1469 0.02690553106367588 0.016025861725211143 -0.99950951337814331
1470 0.022657407447695732 0.010833996348083019 -0.99968457221984863
1471 -0.027285143733024597 -0.014924306422472 -0.99951630830764771
1472 0.023684659972786903 0.017799722030758858 -0.99956101179122925
1473 -0.0039947717450559139 0.00019846175564453006 -0.9999920129776001
1474 0.014570964500308037 -0.0044999378733336926 -0.99988377094268799
1475 0.022604331374168396 -0.018055444583296776 -0.99958145618438721
1476 -0.025755276903510094 -0.014112998731434345 -0.9995686411857605
1477 0.02528957836329937 0.01525555457919836 -0.99956375360488892
1478 -0.020725885406136513 0.02215820737183094 -0.99953961372375488
1479 0.0028500545304268599 0.030107069760560989 -0.99954265356063843
1480 -0.022772209718823433 -0.019496733322739601 -0.99955058097839355
1481 0.026252433657646179 -0.016815351322293282 -0.99951392412185669
1482 -0.026200117543339729 -0.014358230866491795 -0.9995536208152771
1483 -0.02699294313788414 0.015333155170083046 -0.99951803684234619
1484 -0.0036709897685796022 0.029937101528048515 -0.99954509735107422
1485 -0.019681466743350029 0.0039708060212433338 -0.99979841709136963
1486 -0.022098487243056297 0.019587494432926178 -0.99956393241882324
1487 0.0053386678919196129 -0.029374271631240845 -0.99955427646636963
1488 -0.024542246013879776 -0.017077278345823288 -0.99955296516418457
1489 0.014651489444077015 0.026582701131701469 -0.99953925609588623
1490 -0.015453222207725048 0.025534136220812798 -0.99955451488494873
1491 -0.018264753744006157 -0.024052154272794724 -0.99954390525817871
1492 0.023814177140593529 0.018053615465760231 -0.99955344200134277
1493 0.026678804308176041 -0.0090958429500460625 -0.99960267543792725
1494 0.026007486507296562 0.012222380377352238 -0.99958705902099609
1495 0.019587850198149681 0.022403640672564507 -0.99955713748931885
1496 -0.0098318774253129959 0.028186304494738579 -0.99955439567565918
1497 -0.99994736909866333 0.010256243869662285 0.0003760543477255851
1498 0.0055681252852082253 -0.029647544026374817 -0.99954497814178467
1499 -0.02594291977584362 -0.011033479124307632 -0.9996025562286377
1500 -0.024509180337190628 -0.010467697866261005 -0.99964487552642822
1501 -0.021121324971318245 0.011835630983114243 -0.9997069239616394
1502 0.0088044758886098862 0.029107958078384399 -0.99953746795654297
1503 0.023995855823159218 -0.01816399022936821 -0.99954706430435181
1504 0.022531189024448395 0.013598199933767319 -0.99965369701385498
1505 -0.015842776745557785 -0.02605099231004715 -0.99953508377075195
1506 -0.029756657779216766 -0.0089742150157690048 -0.99951690435409546
1507 0.01909223198890686 -0.02296125516295433 -0.99955403804779053
1508 0.025812109932303429 0.012312730774283409 -0.99959099292755127
1509 -0.031299464404582977 0.0090140495449304581 -0.99946939945220947
1510 -0.010032727383077145 -0.028605945408344269 -0.99954038858413696
1511 -0.023420169949531555 -0.010173746384680271 -0.99967396259307861
1512 -0.024741444736719131 -0.017423644661903381 -0.99954205751419067
1513 -0.022728629410266876 -0.019433274865150452 -0.99955278635025024
1514 -0.024785293266177177 0.017343912273645401 -0.99954235553741455
1515 -0.020203378051519394 0.011535730212926865 -0.99972933530807495
1516 0.022585172206163406 -0.018145417794585228 -0.9995802640914917
1517 -0.023257488384842873 0.016640113666653633 -0.99959105253219604
1518 -0.003796667791903019 -0.029566764831542969 -0.99955564737319946
1519 -0.012870192527770996 -0.027331477031111717 -0.99954360723495483
1520 -0.0067415684461593628 0.02897750586271286 -0.99955731630325317
1521 -0.024485791102051735 -0.016904624179005623 -0.99955731630325317
1522 0.025411996990442276 0.015202565118670464 -0.99956148862838745
1523 0.023887898772954941 0.017814803868532181 -0.99955588579177856
1524 -0.0040322900749742985 -0.029879461973905563 -0.9995453953742981
1525 0.02140478789806366 -0.013983665034174919 -0.99967306852340698
1526 -0.017877690494060516 0.024124322459101677 -0.99954915046691895
1527 -0.0072251246310770512 -0.029333325102925301 -0.99954360723495483
1528 0.02099149115383625 -0.020631611347198486 -0.99956679344177246
1529 0.026257306337356567 0.012273608706891537 -0.99957990646362305
1530 -0.022964546456933022 0.013077640905976295 -0.99965077638626099
1531 0.021943431347608566 0.020426193252205849 -0.99955058097839355
1532 -0.023606270551681519 0.016919733956456184 -0.99957817792892456
1533 -0.02438710443675518 -0.016866840422153473 -0.99956029653549194
1534 0.019648477435112 0.0227061677724123 -0.99954915046691895
1535 -0.020254258066415787 0.02212655171751976 -0.9995499849319458
1536 0.019793868064880371 0.022449690848588943 -0.99955201148986816
1537 0.014041095040738583 -0.026604436337947845 -0.99954742193222046
1538 0.025994345545768738 0.015491751953959465 -0.99954205751419067
1539 0.025930052623152733 0.0088549861684441566 -0.99962460994720459
1540 0.021292777732014656 -0.020718852058053017 -0.99955862760543823
1541 0.025968573987483978 -0.015571773983538151 -0.99954146146774292
1542 -0.02057369239628315 -0.021643126383423805 -0.9995540976524353
1543 -0.022995162755250931 -0.019790582358837128 -0.99953967332839966
1544 -0.026934100314974785 -0.011377197690308094 -0.99957245588302612
1545 0.022095320746302605 0.020607048645615578 -0.99954348802566528
1546 -0.022914934903383255 -0.019789967685937881 -0.9995415210723877
1547 0.017328342422842979 0.024472575634717941 -0.99955034255981445
1548 -0.022958580404520035 0.019721290096640587 -0.99954187870025635
1549 0.0052814912050962448 -0.030078480020165443 -0.99953359365463257
1550 -0.027339821681380272 0.011659141629934311 -0.99955826997756958
1551 0.00078139436664059758 -0.0011868500150740147 -0.99999898672103882
1552 -0.026798956096172333 -0.014644120819866657 -0.99953359365463257
1553 0.021935218945145607 -0.020509496331214905 -0.99954903125762939
1554 0.022206733003258705 0.020556308329105377 -0.99954205751419067
1555 -0.020219810307025909 0.022059967741370201 -0.99955224990844727
1556 0.002095349133014679 -0.030430847778916359 -0.99953466653823853
1557 0.021897422149777412 0.020247031003236771 -0.99955523014068604
1558 -0.0049886438064277172 -0.022217251360416412 -0.99974071979522705
1559 0.022955212742090225 -0.018016170710325241 -0.99957418441772461
1560 -0.99994516372680664 0.010466870851814747 0.000379675388103351
1561 -0.018364137038588524 -0.023769022896885872 -0.99954885244369507
1562 -0.020770112052559853 -0.021915219724178314 -0.99954408407211304
1563 0.025934828445315361 -0.01204297412186861 -0.99959111213684082
1564 0.022053467109799385 0.020189490169286728 -0.99955296516418457
1565 -0.022531909868121147 0.019991757348179817 -0.99954628944396973
1566 0.0078782197088003159 0.026803663000464439 -0.99960970878601074
1567 -0.012618813663721085 0.027472039684653282 -0.99954289197921753
1568 0.016700569540262222 -0.025032008066773415 -0.99954718351364136
1569 0.0029576253145933151 0.040016219019889832 -0.9991946816444397
1570 0.0082593569532036781 -0.029140783473849297 -0.99954122304916382
1571 -0.0066611263900995255 0.029468555003404617 -0.99954354763031006
1572 0.019820054993033409 0.022748908028006554 -0.99954479932785034
1573 -0.0095043126493692398 -0.027833754196763039 -0.99956738948822021
1574 0.005601181648671627 0.028915178030729294 -0.99956619739532471
1575 -0.0036282713990658522 -0.031096847727894783 -0.99950981140136719
1576 0.011409309692680836 -0.027382383123040199 -0.99955993890762329
1577 0.012001127004623413 0.028500035405158997 -0.99952179193496704
1578 -0.0069159464910626411 -0.029520226642489433 -0.99954026937484741
1579 -0.012921220622956753 0.027368221431970596 -0.99954193830490112
1580 -0.99999994039535522 -8.9713148554437794e-06 0.0003618447226472199
1581 -0.99992185831069946 0.012496846728026867 0.00038427600520662963
1582 0.005105113610625267 -0.029749933630228043 -0.99954438209533691
1583 -0.0034838253632187843 0.029770528897643089 -0.99955070018768311
1584 0.019231285899877548 -0.023279843851923943 -0.99954402446746826
1585 -0.0035766684450209141 0.030046897009015083 -0.99954205751419067
1586 0.0020260494202375412 -0.030135728418827057 -0.99954378604888916
1587 -0.99998682737350464 0.0051328875124454498 0.00032854132587090135
1588 -0.01536469254642725 0.025910057127475739 -0.99954622983932495
1589 -0.020586760714650154 -0.021677626296877861 -0.99955308437347412
1590 -0.018218200653791428 -0.023661026731133461 -0.99955403804779053
1591 -0.021891115233302116 -0.012101397849619389 -0.99968713521957397
1592 0.0045251105912029743 -0.02634098008275032 -0.99964278936386108
1593 -0.007088489830493927 -0.02938123419880867 -0.99954313039779663
1594 -0.015371589921414852 0.026011699810624123 -0.99954348802566528
1595 0.014095041900873184 -0.026935923844575882 -0.99953776597976685
1596 -0.99991708993911743 0.012873413972556591 0.00041650663479231298
1597 0.0030455491505563259 0.030823944136500359 -0.99952018260955811
1598 -0.0072637828998267651 -0.029329285025596619 -0.99954342842102051
1599 -0.0040995832532644272 -0.029752163216471672 -0.99954891204833984
1600 0.020733702927827835 -0.013870454393327236 -0.99968880414962769
1601 -0.0096449358388781548 0.028566299006342888 -0.9995453953742981
1602 -0.0063493484631180763 0.027417497709393501 -0.99960392713546753
1603 0.0081951096653938293 -0.029226915910840034 -0.99953919649124146
1604 -0.021967144683003426 0.019420741125941277 -0.99957007169723511
1605 -0.015825590118765831 -0.025575097650289536 -0.99954766035079956
1606 0.0059532057493925095 0.029443170875310898 -0.99954873323440552
1607 -0.010222046636044979 -0.028264230117201805 -0.99954825639724731
1608 0.017230460420250893 0.024498496204614639 -0.99955141544342041
1609 0.0022065881639719009 -0.030582200735807419 -0.99952983856201172
1610 0.011917882598936558 0.027661081403493881 -0.9995463490486145
1611 -0.020657295361161232 -0.021949559450149536 -0.99954569339752197
1612 0.024363277480006218 0.017930980771780014 -0.99954235553741455
1613 -0.015163762494921684 0.025440415367484093 -0.9995613694190979
1614 0.016695054247975349 -0.024800561368465424 -0.99955308437347412
1615 0.011393771506845951 -0.027788490056991577 -0.99954891204833984
1616 0.014654199592769146 0.02621099166572094 -0.99954903125762939
1617 0.014541676267981529 0.025817422196269035 -0.9995608925819397
1618 0.011199058033525944 -0.02812378853559494 -0.99954169988632202
1619 -0.012631157413125038 0.027553172782063484 -0.99954050779342651
1620 0.016472266986966133 -0.024815447628498077 -0.99955636262893677
1621 -0.015066822059452534 -0.024098614230751991 -0.99959605932235718
1622 -0.01682668924331665 -0.021502874791622162 -0.99962723255157471
1623 0.0091657917946577072 0.029122103005647659 -0.99953383207321167
1624 -0.017840186133980751 0.023991541936993599 -0.99955302476882935
1625 -2.7821484763990156e-05 0.00029068844742141664 -1
1626 -0.01583629846572876 -0.025754634290933609 -0.99954283237457275
1627 -0.021831359714269638 -0.023637166246771812 -0.99948227405548096
1628 -0.017967661842703819 0.024288469925522804 -0.99954354763031006
1629 -0.01299928966909647 -0.026913976296782494 -0.99955326318740845
1630 -0.0068191918544471264 0.029865428805351257 -0.99953067302703857
1631 0.016977114602923393 -0.024794356897473335 -0.99954843521118164
1632 -0.020026963204145432 0.021700246259570122 -0.99956393241882324
1633 0.011830721981823444 0.027617013081908226 -0.99954861402511597
1634 -2.8288062821957283e-05 0.00030388971208594739 -0.99999994039535522
1635 0.01582634449005127 0.02204558439552784 -0.99963170289993286
1636 -6.9883288233540952e-05 -0.00083503220230340958 -0.99999964237213135
1637 -0.0037800348363816738 0.029816016554832458 -0.99954831600189209
1638 0.019439006224274635 -0.023096645250916481 -0.99954426288604736
1639 -0.013136394321918488 -0.027043800801038742 -0.99954795837402344
1640 0.011308033019304276 -0.028022371232509613 -0.99954336881637573
1641 -0.0097735198214650154 0.028757102787494659 -0.99953866004943848
1642 0.0089214267209172249 0.028710836544632912 -0.99954795837402344
1643 -9.50880057644099e-05 -0.00089287763694301248 -0.99999964237213135
1644 -7.6856449595652521e-05 -0.00094855844508856535 -0.99999958276748657
1645 -0.0096608493477106094 0.02814621664583683 -0.99955713748931885
1646 0.0025236222427338362 0.029839411377906799 -0.99955153465270996
1647 -6.8907102104276419e-05 -0.00083457463188096881 -0.99999964237213135
1648 -7.8464865509886295e-05 -0.00094254023861140013 -0.99999958276748657
1649 -0.0227366853505373 -0.019451567903161049 -0.99955230951309204
1650 0.0023706334177404642 -0.030049379914999008 -0.9995456337928772
1651 -0.015955403447151184 -0.026861917227506638 -0.99951183795928955
1652 0.014273637905716896 -0.026692789047956467 -0.9995417594909668
1653 -2.463687997078523e-05 0.00032172881765291095 -0.99999994039535522
1654 -7.1893198764882982e-05 -0.00082703219959512353 -0.99999970197677612
1655 0.030320512130856514 -0.014243719168007374 -0.99943876266479492
1656 0.0090286042541265488 0.015219550579786301 -0.99984341859817505
1657 -0.018363535404205322 -0.024015674367547035 -0.99954289197921753
1658 0.017291948199272156 0.024702167138457298 -0.99954533576965332
1659 0.014609312638640404 0.026260958984494209 -0.99954837560653687
1660 0.017679948359727859 0.019733045250177383 -0.99964898824691772
1661 -0.012757759541273117 0.027631279081106186 -0.99953675270080566
1662 -0.032781928777694702 -0.0098988320678472519 -0.99941349029541016
1663 0.0088475476950407028 0.028775537386536598 -0.99954676628112793
1664 -0.0010124789550900459 -0.00075601384742185473 -0.99999922513961792
1665 -0.019799327477812767 0.0010618740925565362 -0.99980342388153076
1666 -0.99998915195465088 0.0046517676673829556 0.00030602590413764119
1667 0.026052579283714294 -0.019803950563073158 -0.99946439266204834
1668 0.019753629341721535 -0.0028535167220979929 -0.99980080127716064
1669 0.034765798598527908 0.011497144587337971 -0.9993293285369873
1670 0.0017602867446839809 -0.0010978283826261759 -0.99999785423278809
1671 0.0083829285576939583 -0.028980724513530731 -0.99954485893249512
1672 -1 8.5522906374535523e-06 0.00028245736029930413
1673 0.0037845687475055456 -0.0011415922781452537 -0.99999219179153442
1674 0.0057163722813129425 0.02940572053194046 -0.99955123662948608
1675 0.0186191126704216 -0.021724717691540718 -0.99959063529968262
1676 -0.99998623132705688 0.0052441474981606007 0.00032759387977421284
1677 0.017582077533006668 0.025166116654872894 -0.99952864646911621
1678 0.015781000256538391 -0.028700847178697586 -0.99946349859237671
1679 -0.023945758119225502 0.017464905977249146 -0.99956071376800537
1680 0.011554881930351257 0.026059713214635849 -0.99959361553192139
1681 0.0074208392761647701 -0.024509880691766739 -0.9996720552444458
1682 0.0024746060371398926 -0.025639578700065613 -0.9996681809425354
1683 0.005902246106415987 0.029554041102528572 -0.99954581260681152
1684 -0.010201952420175076 -0.028489373624324799 -0.99954205751419067
1685 -0.018684789538383484 0.02049526572227478 -0.9996153712272644
1686 -0.0084936069324612617 0.025603236630558968 -0.99963611364364624
1687 0.023149285465478897 -0.01224364060908556 -0.9996570348739624
1688 0.013188165612518787 -0.0063224975019693375 -0.99989306926727295
1689 -0.016603058204054832 0.028576318174600601 -0.99945372343063354
1690 -2.9049375370959751e-05 0.00034242778201587498 -0.99999994039535522
1691 -0.010210808366537094 -0.027940670028328896 -0.99955743551254272
1692 0.0047228843905031681 0.0014985516900196671 -0.99998772144317627
1693 0.0065294620580971241 0.030387116596102715 -0.99951690435409546
1694 -0.0273430235683918 0.014722625724971294 -0.99951767921447754
1695 -0.025569453835487366 0.011335933580994606 -0.99960875511169434
1696 0.021417979151010513 -0.021144939586520195 -0.99954700469970703
1697 -0.0036954479292035103 -0.026405464857816696 -0.99964451789855957
1698 -0.00099420570768415928 -0.00087113032350316644 -0.99999910593032837
1699 -0.00052562769269570708 -0.0019465002696961164 -0.99999797344207764
1700 -0.023495091125369072 0.010559022426605225 -0.9996681809425354
1701 -0.018927188590168953 0.024511611089110374 -0.99952036142349243
1702 -0.0090730469673871994 -9.2064910859335214e-05 -0.99995887279510498
1703 0.011014986783266068 -0.027931760996580124 -0.99954915046691895
1704 -0.0069597344845533371 0.028608348220586777 -0.99956649541854858
1705 -0.027667943388223648 -0.0024672071449458599 -0.9996141791343689
1706 -3.1460080208489671e-05 0.00040611601434648037 -0.99999994039535522
1707 0.012903087772428989 0.0035736693535000086 -0.99991041421890259
1708 -0.99989950656890869 0.01417482178658247 0.000283338304143399
1709 -6.130727706477046e-05 -0.000806549156550318 -0.99999970197677612
1710 -7.8187316830735654e-05 -0.00095195788890123367 -0.99999958276748657
1711 0.0066786175593733788 0.0008836979977786541 -0.99997735023498535
1712 -0.011618624441325665 0.0037560716737061739 -0.99992543458938599
1713 0.013678673654794693 0.025232637301087379 -0.9995880126953125
1714 -0.015576006844639778 -0.0011193177197128534 -0.99987810850143433
1715 -0.00059937714831903577 -0.0036562434397637844 -0.99999314546585083
1716 0.021616477519273758 0.0022309259511530399 -0.9997638463973999
1717 0.029363080859184265 0.0035271511878818274 -0.99956262111663818
1718 0.00055104593047872186 0.00036512649967335165 -0.99999982118606567
1719 -0.019276173785328865 -0.0013901444617658854 -0.9998132586479187
1720 -2.630996641528327e-05 0.00034730302286334336 -0.99999994039535522
1721 -0.0062051350250840187 -0.0087391110137104988 -0.9999426007270813
1722 -0.022695409134030342 -0.001753424177877605 -0.99974089860916138
1723 -0.014671809040009975 -0.0029657222330570221 -0.99988800287246704
1724 -0.024135390296578407 0.010718898847699165 -0.99965125322341919
1725 0.016222571954131126 -0.0051245721988379955 -0.99985527992248535
1726 -0.014149624854326248 -0.0029148729518055916 -0.99989569187164307
1727 0.023117739707231522 -0.011527910828590393 -0.99966627359390259
1728 -0.011063303798437119 0.0034187519922852516 -0.99993300437927246
1729 0.02236577495932579 -0.01171207707375288 -0.99968129396438599
1730 -0.037559967488050461 0.0031010373495519161 -0.99928963184356689
1731 0.033179022371768951 -0.0040850755758583546 -0.99944108724594116
1732 -6.6467262513469905e-05 -0.00098338187672197819 -0.9999995231628418
1733 -5.6466062233084813e-05 -0.00079150666715577245 -0.99999970197677612
1734 0.027238825336098671 0.01230852585285902 -0.99955320358276367
1735 0.012232259847223759 -0.003582472912967205 -0.99991881847381592
1736 0.015393409878015518 -0.0064823818393051624 -0.99986052513122559
1737 0.0182349793612957 0.0019034412689507008 -0.99983197450637817
1738 -0.012675912119448185 -0.0041594523936510086 -0.99991101026535034
1739 0.01430830080062151 0.0036208189558237791 -0.99989110231399536
1740 -0.0060839802026748657 -0.0011474556522443891 -0.9999808669090271
1741 -2.3831589714973234e-05 0.0003142636560369283 -0.99999994039535522
1742 -2.2850928871775977e-05 0.00032168460893444717 -0.99999994039535522
1743 -2.1082025341456756e-05 0.00030360635719262064 -0.99999994039535522
1744 -0.020910067483782768 0.0039999219588935375 -0.99977338314056396
1745 0.016441952437162399 0.0042717191390693188 -0.99985569715499878
1746 -0.019045332446694374 0.0063395719043910503 -0.99979853630065918
1747 0.022451052442193031 -0.0059075253084301949 -0.99973046779632568
1748 -0.0097172129899263382 -0.022063286975026131 -0.9997093677520752
1749 0.018765570595860481 0.0050843134522438049 -0.99981099367141724
1750 -0.020140927284955978 -0.0044934749603271484 -0.99978703260421753
1751 0.00053015234880149364 -0.0010287417098879814 -0.99999940395355225
1752 0.017615722492337227 -0.007775498554110527 -0.99981462955474854
1753 -0.0092591699212789536 -0.000384774204576388 -0.99995708465576172
1754 -0.00051677168812602758 0.00020256686548236758 -0.99999988079071045
1755 0.016563320532441139 0.0065487651154398918 -0.99984139204025269
1756 -0.0016321516595780849 -0.00056261348072439432 -0.99999850988388062
1757 -0.020953329280018806 0.0045020105317234993 -0.99977034330368042
1758 -0.0029350318945944309 0.020730307325720787 -0.99978083372116089
1759 0.0043792645446956158 -0.0017871269956231117 -0.99998879432678223
1760 0.0059579047374427319 -0.0021674167364835739 -0.99997991323471069
1761 -0.012250098399817944 0.0017544457223266363 -0.9999234676361084
1762 0.0088711408898234367 0.0025232690386474133 -0.99995750188827515
1763 -0.0042704096995294094 -0.00049242778914049268 -0.99999082088470459
1764 0.012959237210452557 -0.0019593215547502041 -0.99991416931152344
1765 -0.030243787914514542 0.0070362091064453125 -0.99951779842376709
1766 0.030590418726205826 -0.0089259594678878784 -0.99949222803115845
1767 -0.025016741827130318 -0.0056451372802257538 -0.99967110157012939
1768 -2.9462851671269163e-05 -0.00037292146589607 -0.99999994039535522
1769 0.019213099032640457 -0.0024761890526860952 -0.99981236457824707
1770 -0.0072828251868486404 -0.0010263388976454735 -0.99997293949127197
1771 -0.0032997094094753265 0.01122927013784647 -0.99993151426315308
1772 0.0013192505575716496 -0.012984250672161579 -0.99991488456726074
1773 0.021891128271818161 0.0084290392696857452 -0.9997248649597168
1774 -0.031110089272260666 -0.012361042201519012 -0.999439537525177
1775 0.0044932016171514988 0.0025933098513633013 -0.99998658895492554
1776 -0.040564369410276413 0.01201330404728651 -0.99910473823547363
1777 0.024875037372112274 0.015451483428478241 -0.99957114458084106
1778 -0.024252848699688911 -0.016885295510292053 -0.99956327676773071
1779 0.040574394166469574 -0.013087643310427666 -0.99909079074859619
1780 -0.034583784639835358 0.0037125826347619295 -0.99939495325088501
1781 0.018080547451972961 0.021613560616970062 -0.99960291385650635
1782 -0.024507520720362663 -0.0071191969327628613 -0.99967432022094727
1783 0.040946956723928452 0.005746189970523119 -0.99914485216140747
1784 -0.00025739302509464324 -0.00080600962974131107 -0.99999964237213135
1785 -0.0007954711327329278 -2.9820599593222141e-05 -0.99999970197677612
1786 -2.754917113634292e-05 -0.00034869933733716607 -0.99999994039535522
1787 -0.014878027141094208 -0.024461714550852776 -0.99959003925323486
1788 0.00089156650938093662 -0.0048756618052721024 -0.99998772144317627
1789 -0.021472247317433357 -0.018748123198747635 -0.99959367513656616
1790 0.020755182951688766 0.020006345584988594 -0.99958443641662598
1791 0.016548203304409981 0.02438877709209919 -0.99956560134887695
1792 -0.01740814745426178 -0.023183440789580345 -0.99957966804504395
1793 0.011065172031521797 0.027146516367793083 -0.99957025051116943
1794 -0.0024803068954497576 0.004242883063852787 -0.99998795986175537
1795 -0.0096057737246155739 -0.027431605383753777 -0.99957752227783203
1796 -0.00089412654051557183 -0.0012012800434604287 -0.99999892711639404
1797 0.024734215810894966 -0.014927458018064499 -0.99958264827728271
1798 0.00090316467685624957 0.0010324354516342282 -0.99999910593032837
1799 0.0050710123032331467 0.028558880090713501 -0.99957925081253052
1800 -6.5194210037589073e-05 0.00092509982641786337 -0.99999958276748657
1801 -0.0037251957692205906 -0.029240258038043976 -0.9995654821395874
1802 0.027833733707666397 -0.012793759815394878 -0.99953067302703857
1803 -0.043335024267435074 -0.0038121342658996582 -0.99905335903167725
1804 0.022448087111115456 -0.0079687545076012611 -0.99971628189086914
1805 -0.02688932977616787 0.011326609179377556 -0.99957424402236938
1806 -0.99996203184127808 -0.0087006688117980957 0.00053176330402493477
1807 0.032874304801225662 0.01544233039021492 -0.9993402361869812
1808 -0.024263378232717514 0.016747381538152695 -0.99956530332565308
1809 -0.025503478944301605 0.0080497432500123978 -0.99964237213134766
1810 0.023658540099859238 -0.01784064993262291 -0.99956095218658447
1811 -0.015666775405406952 0.025885093957185745 -0.99954217672348022
1812 -0.030466163530945778 -0.013042223639786243 -0.99945074319839478
1813 -0.0238789152354002 0.01672598160803318 -0.99957495927810669
1814 0.014804263599216938 -0.026586925610899925 -0.99953687191009521
1815 0.0025980644859373569 -0.029156040400266647 -0.99957156181335449
1816 0.017280008643865585 -0.024684606119990349 -0.99954599142074585
1817 -0.02628493495285511 0.01093430258333683 -0.99959468841552734
1818 -0.0067883781157433987 0.028371289372444153 -0.99957442283630371
1819 0.02190689742565155 -0.013376457616686821 -0.99967050552368164
1820 -0.025667158886790276 0.014206569641828537 -0.9995695948600769
1821 0.021693594753742218 0.014049207791686058 -0.99966597557067871
1822 0.0088470447808504105 -0.028884008526802063 -0.99954366683959961
1823 -0.012808997184038162 0.026993658393621445 -0.9995536208152771
1824 0.024684753268957138 -0.018457656726241112 -0.99952489137649536
1825 0.025408189743757248 -0.012030160985887051 -0.99960476160049438
1826 -0.028631830587983131 -0.0078235901892185211 -0.99955940246582031
1827 0.027560360729694366 -0.0094055263325572014 -0.9995759129524231
1828 -0.024701459333300591 0.010689723305404186 -0.99963772296905518
1829 0.026628982275724411 0.013304416090250015 -0.99955689907073975
1830 -0.023813178762793541 -0.016957065090537071 -0.99957263469696045
1831 0.011563293635845184 -0.0032117406371980906 -0.9999280571937561
1832 0.024757353588938713 0.018928885459899902 -0.99951428174972534
1833 0.024167070165276527 -0.018089829012751579 -0.99954426288604736
1834 -0.028017370030283928 0.015456495806574821 -0.99948793649673462
1835 0.026995634660124779 0.016242960467934608 -0.99950361251831055
1836 -0.024616245180368423 0.016783924773335457 -0.99955612421035767
1837 -0.022710110992193222 0.019347371533513069 -0.99955487251281738
1838 -0.022901102900505066 -0.024471867829561234 -0.99943822622299194
1839 -0.020530730485916138 0.02187875472009182 -0.99954986572265625
1840 0.020963503047823906 0.020413722842931747 -0.99957185983657837
1841 -0.00032872037263587117 0.0011896410724148154 -0.9999992847442627
1842 -0.026638861745595932 -0.014534738846123219 -0.99953943490982056
1843 0.023016404360532761 0.0062751253135502338 -0.99971544742584229
1844 -0.025852257385849953 -0.018020555377006531 -0.99950337409973145
1845 -0.019982894882559776 -0.021736076101660728 -0.99956405162811279
1846 0.022131744772195816 -0.020636551082134247 -0.99954205751419067
1847 -0.021891448646783829 0.012092091143131256 -0.99968725442886353
1848 -0.022796683013439178 -0.019664142280817032 -0.99954676628112793
1849 0.028667822480201721 0.014073877595365047 -0.99948996305465698
1850 -0.025697551667690277 -0.014381558634340763 -0.99956631660461426
1851 0.021931232884526253 0.017375428229570389 -0.99960851669311523
1852 0.025969799607992172 -0.015579327940940857 -0.99954134225845337
1853 0.020829645916819572 -0.023685216903686523 -0.99950248003005981
1854 -0.024520697072148323 0.021314369514584541 -0.99947208166122437
1855 -0.022523215040564537 0.019380996003746986 -0.99955844879150391
1856 0.016325732693076134 0.024200409650802612 -0.99957388639450073
1857 -0.024950070306658745 -0.014473131857812405 -0.99958395957946777
1858 -0.020445916801691055 -0.021821694448590279 -0.99955284595489502
1859 -0.01506390143185854 -0.025414852425456047 -0.99956351518630981
1860 0.015159852802753448 0.027822533622384071 -0.99949795007705688
1861 0.010655229911208153 0.026112806051969528 -0.99960219860076904
1862 0.022037304937839508 -0.020289765670895576 -0.99955123662948608
1863 -0.0098470477387309074 -0.028895985335111618 -0.99953389167785645
1864 0.0023757533635944128 0.030067754909396172 -0.99954509735107422
1865 -0.023951033130288124 -0.021322403103113174 -0.99948573112487793
1866 0.023639185354113579 0.022130528464913368 -0.99947559833526611
1867 -0.99996811151504517 -0.0079682916402816772 0.00052432069787755609
1868 -0.99999994039535522 1.321526724495925e-05 0.00043991830898448825
1869 0.021730465814471245 -0.020193317905068398 -0.99955993890762329
1870 0.0083640944212675095 0.028959758579730988 -0.9995456337928772
1871 -0.012970251962542534 -0.027270937338471413 -0.99954396486282349
1872 0.0086592528969049454 0.029111232608556747 -0.99953866004943848
1873 0.02535971999168396 0.019743718206882477 -0.99948340654373169
1874 0.013639620505273342 0.025518620386719704 -0.99958133697509766
1875 0.0021913624368607998 0.030507504940032959 -0.99953210353851318
1876 0.0053387810476124287 0.028797663748264313 -0.99957102537155151
1877 0.0023324815556406975 0.029516594484448433 -0.999561607837677
1878 -0.012682066299021244 -0.027357831597328186 -0.99954527616500854
1879 -0.0036780305672436953 0.02954048290848732 -0.99955683946609497
1880 -0.0033377907238900661 -0.027690606191754341 -0.99961096048355103
1881 0.012332659214735031 -0.028283234685659409 -0.99952387809753418
1882 0.01228971965610981 0.029547451063990593 -0.99948787689208984
1883 -0.016853250563144684 -0.027780968695878983 -0.99947196245193481
1884 -0.0095755187794566154 0.026819499209523201 -0.99959444999694824
1885 -0.0040519735775887966 -0.03113933838903904 -0.99950689077377319
1886 -0.010365458205342293 -0.029530774801969528 -0.99951010942459106
1887 0.0059781339950859547 0.031604602932929993 -0.99948263168334961
1888 0.011720389127731323 -0.027700342237949371 -0.99954760074615479
1889 0.018848838284611702 0.027196923270821571 -0.99945235252380371
1890 -0.01743740402162075 0.023264851421117783 -0.99957728385925293
1891 -0.99999982118606567 -1.9036489902646281e-05 0.00062885810621082783
1892 -0.0069442000240087509 -0.029195699840784073 -0.99954962730407715
1893 0.0057431161403656006 -0.029652779921889305 -0.99954378604888916
1894 0.008333815261721611 -0.026250114664435387 -0.99962067604064941
1895 -0.0039899698458611965 0.030028354376554489 -0.99954110383987427
1896 0.0061052404344081879 -0.029203860089182854 -0.99955487251281738
1897 -0.01327931322157383 -0.028726324439048767 -0.99949914216995239
1898 -0.0066742799244821072 -0.029138859361410141 -0.9995531439781189
1899 -0.99992817640304565 -0.011986595578491688 0.00032391081913374364
1900 0.003136069281026721 -0.031450707465410233 -0.99950039386749268
1901 -0.0099692195653915405 0.028718549758195877 -0.99953782558441162
1902 -0.0073439320549368858 0.030392758548259735 -0.99951106309890747
1903 -0.014728542417287827 0.024036861956119537 -0.99960261583328247
1904 -0.019939042627811432 -0.027074370533227921 -0.99943459033966064
1905 0.015552288852632046 -0.021950056776404381 -0.9996381402015686
1906 0.0091089271008968353 -0.028783323243260384 -0.99954420328140259
1907 -0.02158178947865963 0.022504424676299095 -0.99951380491256714
1908 -0.013141673058271408 0.027196589857339859 -0.99954378604888916
1909 0.044818028807640076 -0.0053308173082768917 -0.99898093938827515
1910 0.0058865179307758808 -0.029164940118789673 -0.99955731630325317
1911 0.019831005483865738 -0.022573165595531464 -0.99954849481582642
1912 0.01477675698697567 -0.026229415088891983 -0.99954676628112793
1913 0.019460143521428108 0.022810734808444977 -0.99955040216445923
1914 0.021279782056808472 0.025073353201150894 -0.99945914745330811
1915 -0.018417110666632652 0.023809844627976418 -0.99954688549041748
1916 0.01985553465783596 -0.02276158519089222 -0.99954378604888916
1917 -0.020622914656996727 0.021704105660319328 -0.99955177307128906
1918 -0.010071131400763988 0.028343860059976578 -0.99954754114151001
1919 -0.016968593001365662 -0.0023749340325593948 -0.99985325336456299
1920 0.014030221849679947 0.025874229148030281 -0.99956679344177246
1921 -0.018302418291568756 0.023962322622537613 -0.99954533576965332
1922 0.011891790665686131 -0.027586802840232849 -0.99954873323440552
1923 -0.033685844391584396 0.010257267393171787 -0.99937987327575684
1924 0.028212310746312141 0.0096851177513599396 -0.99955505132675171
1925 0.01746373251080513 -0.024729091674089432 -0.99954164028167725
1926 -0.015695316717028618 0.025526579469442368 -0.99955093860626221
1927 -3.1125284294830635e-05 -0.00033112234086729586 -0.99999994039535522
1928 -6.8528912379406393e-05 0.00085330905858427286 -0.99999964237213135
1929 -2.2013631678419188e-05 -0.00030324395629577339 -0.99999994039535522
1930 -6.963457417441532e-05 0.0008846073760651052 -0.99999964237213135
1931 0.013091802597045898 -0.003259990131482482 -0.99990898370742798
1932 0.027581227943301201 0.0067819776013493538 -0.99959653615951538
1933 -0.010723342187702656 0.0033981993328779936 -0.99993675947189331
1934 -0.018248260021209717 -0.023937135934829712 -0.99954694509506226
1935 -7.0533431426156312e-05 0.00086543598445132375 -0.99999964237213135
1936 -0.0011149875354021788 0.00077309965854510665 -0.99999910593032837
1937 0.0022618519142270088 0.0010675614466890693 -0.99999690055847168
1938 0.029831547290086746 -0.013958356343209743 -0.99945747852325439
1939 -0.028193516656756401 -0.011939005926251411 -0.99953120946884155
1940 -0.014510785229504108 0.0033378566149622202 -0.99988913536071777
1941 -0.011669897474348545 -0.0017951633781194687 -0.99993032217025757
1942 0.010056438855826855 0.0047821514308452606 -0.99993801116943359
1943 -0.0061228545382618904 0.027088413015007973 -0.99961429834365845
1944 -0.0092008514329791069 -0.0011932123452425003 -0.99995696544647217
1945 -0.014709068462252617 0.00099469604901969433 -0.99989134073257446
1946 -0.0036530725192278624 -3.1841482268646359e-05 -0.99999332427978516
1947 0.014781123958528042 -0.026430994272232056 -0.99954134225845337
1948 -2.224708441644907e-05 -0.00032448957790620625 -0.99999994039535522
1949 -0.0071070771664381027 -0.030911926180124283 -0.99949687719345093
1950 -0.0082795163616538048 -0.033805400133132935 -0.99939417839050293
1951 -0.0041151400655508041 0.03065849281847477 -0.99952143430709839
1952 -6.3240891904570162e-05 0.00090167438611388206 -0.99999958276748657
1953 0.036151226609945297 0.0043509630486369133 -0.99933689832687378
1954 -0.035160399973392487 0.0030915867537260056 -0.99937689304351807
1955 0.022822795435786247 0.032804019749164581 -0.99920117855072021
1956 -0.025958379730582237 -0.034696850925683975 -0.99906069040298462
1957 -2.9736840588157065e-05 -0.00041912798769772053 -0.99999994039535522
1958 -5.6448050600010902e-05 0.0008195695118047297 -0.99999970197677612
1959 -2.1301215383573435e-05 -0.00027618114836513996 -1
1960 -0.017091661691665649 -0.0024621803313493729 -0.99985092878341675
1961 0.0041726897470653057 -0.0012479473371058702 -0.99999052286148071
1962 -0.024057257920503616 -0.0046906317584216595 -0.99969959259033203
1963 0.024321723729372025 -0.0060363858938217163 -0.99968600273132324
1964 -0.021779328584671021 0.0045874523930251598 -0.99975234270095825
1965 0.0071311588399112225 0.038338705897331238 -0.99923938512802124
1966 0.0097240163013339043 -0.017337381839752197 -0.99980241060256958
1967 -0.052067160606384277 -0.0044647627510130405 -0.99863368272781372
1968 0.0020495189819484949 -0.019144743680953979 -0.99981462955474854
1969 0.011067017912864685 0.0033380291424691677 -0.99993318319320679
1970 -0.018467992544174194 0.0038938850630074739 -0.99982190132141113
1971 0.0012751031899824739 -0.020445566624403 -0.99979019165039062
1972 -0.0023931111209094524 0.021697022020816803 -0.99976176023483276
1973 -0.00066560693085193634 -0.018597090616822243 -0.99982684850692749
1974 -0.03097185306251049 0.021741151809692383 -0.99928379058837891
1975 0.020424799993634224 -0.0052645155228674412 -0.99977755546569824
1976 0.026321595534682274 0.016279185190796852 -0.99952095746994019
1977 -0.02707647904753685 0.029164284467697144 -0.99920785427093506
1978 0.034296136349439621 -0.020165590569376945 -0.99920827150344849
1979 0.031807098537683487 -0.014781142584979534 -0.99938476085662842
1980 -0.015860330313444138 -0.0052431146614253521 -0.99986052513122559
1981 -0.036574471741914749 -0.01612161286175251 -0.99920088052749634
1982 -0.0036751874722540379 -7.1264017606154084e-05 -0.99999326467514038
1983 -0.035050839185714722 0.019223323091864586 -0.99920064210891724
1984 0.028719978407025337 0.026797527447342873 -0.99922823905944824
1985 -0.03023085929453373 -0.021593283861875534 -0.99930965900421143
1986 0.02361837774515152 -0.021248247474431992 -0.99949526786804199
1987 -0.013192291371524334 0.028074903413653374 -0.9995187520980835
1988 -0.034611821174621582 0.014781943522393703 -0.99929153919219971
1989 0.032111424952745438 -0.023666366934776306 -0.99920403957366943
1990 0.0082126930356025696 0.0015185681404545903 -0.9999651312828064
1991 -0.0077148959971964359 0.015894848853349686 -0.99984389543533325
1992 -0.025136053562164307 -0.027403684332966805 -0.99930840730667114
1993 0.0197409987449646 0.035977039486169815 -0.9991576075553894
1994 0.002952053677290678 -0.00098900403827428818 -0.99999517202377319
1995 0.014535379596054554 -0.0059216450899839401 -0.99987685680389404
1996 0.0065521225333213806 0.02109023742377758 -0.99975615739822388
1997 0.03251948207616806 -0.036806195974349976 -0.99879318475723267
1998 -0.03162972629070282 -0.018053749576210976 -0.9993366003036499
1999 0.029361091554164886 0.033652063459157944 -0.99900221824645996
2000 -0.027033638209104538 0.02285953052341938 -0.99937313795089722
2001 0.036139301955699921 0.027032328769564629 -0.99898111820220947
2002 -0.033744733780622482 -0.029458543285727501 -0.99899625778198242
2003 -0.01864914782345295 -0.03118382953107357 -0.99933969974517822
2004 -0.99999880790710449 -0.0015270485309883952 0.00023165179300121963
2005 -0.0020037433132529259 0.00043487356742843986 -0.99999791383743286
2006 0.011569592170417309 0.03811505064368248 -0.99920636415481567
2007 0.020034205168485641 0.0058053545653820038 -0.99978244304656982
2008 0.023933062329888344 -0.002364718122407794 -0.9997107982635498
2009 -0.010886876843869686 4.443794023245573e-05 -0.99994075298309326
2010 -5.3945474064676091e-05 0.00094047305174171925 -0.99999958276748657
2011 -0.0074475416913628578 0.010895621031522751 -0.99991291761398315
2012 0.041593283414840698 0.01918288879096508 -0.99895048141479492
2013 -0.018377372995018959 0.0039435587823390961 -0.99982333183288574
2014 0.014165920205414295 0.033626571297645569 -0.99933409690856934
2015 -0.016160031780600548 -0.034561809152364731 -0.9992719292640686
2016 0.0001177487793029286 0.014743775129318237 -0.99989134073257446
2017 -0.0088300919160246849 -0.023227876052260399 -0.9996911883354187
2018 0.012280747294425964 0.0017619121354073286 -0.99992311000823975
2019 0.0041813808493316174 -0.011486920528113842 -0.99992531538009644
2020 6.7088811192661524e-05 0.00084916641935706139 -0.99999964237213135
2021 0.019366901367902756 -0.0010120817460119724 -0.99981194734573364
2022 -0.040132362395524979 0.013383451849222183 -0.99910479784011841
2023 -0.02677040733397007 -0.012327908538281918 -0.99956560134887695
2024 -0.0071715116500854492 -0.0022826152853667736 -0.99997168779373169
2025 0.021352069452404976 0.012281091883778572 -0.99969661235809326
2026 0.041039973497390747 -0.011756758205592632 -0.9990883469581604
2027 -0.034499760717153549 0.0050309109501540661 -0.99939209222793579
2028 -0.022670339792966843 -0.017330121248960495 -0.99959278106689453
2029 6.8735527747776359e-05 0.00087000947678461671 -0.99999964237213135
2030 0.0047397231683135033 0.0014397036284208298 -0.99998778104782104
2031 0.0099973483011126518 0.003566850908100605 -0.99994367361068726
2032 -0.021223824471235275 -0.019975297152996063 -0.99957519769668579
2033 0.00061119551537558436 -0.0023679048754274845 -0.99999701976776123
2034 0.019590349867939949 0.021399794146418571 -0.99957907199859619
2035 0.0018195322481915355 -2.1102139726281166e-05 -0.99999833106994629
2036 0.023351939395070076 0.016602601855993271 -0.99958944320678711
2037 -0.013955652713775635 -0.025766871869564056 -0.99957060813903809
2038 0.017603635787963867 0.023523775860667229 -0.99956834316253662
2039 0.025501446798443794 -0.013576773926615715 -0.99958258867263794
2040 0.019439343363046646 0.02082286961376667 -0.99959421157836914
2041 -0.0023245613556355238 -0.02926928922533989 -0.9995688796043396
2042 1.5429221093654633e-05 -0.0021581447217613459 -0.99999767541885376
2043 0.0065241195261478424 0.028359523043036461 -0.99957650899887085
2044 0.028466500341892242 -0.011426473036408424 -0.99952942132949829
2045 -0.01129575353115797 -0.027288803830742836 -0.99956381320953369
2046 0.010433496907353401 -0.028803616762161255 -0.99953067302703857
2047 -0.99995428323745728 -0.0095599545165896416 -0.00039361167000606656
2048 -0.016384206712245941 -0.024223573505878448 -0.99957233667373657
2049 -0.021076623350381851 -0.020268639549612999 -0.99957239627838135
2050 -0.027963371947407722 -0.013148149475455284 -0.99952250719070435
2051 -0.025051198899745941 0.0094763264060020447 -0.99964123964309692
2052 0.0039906427264213562 -0.029392598196864128 -0.99955999851226807
2053 -0.023343043401837349 0.018015027046203613 -0.99956518411636353
2054 0.02456173300743103 -0.016581607982516289 -0.99956083297729492
2055 -0.025208143517374992 -0.012407002039253712 -0.99960523843765259
2056 -0.022992873564362526 0.017940333113074303 -0.99957466125488281
2057 0.018432226032018661 -0.023671895265579224 -0.99954986572265625
2058 -0.026286665350198746 0.012726705521345139 -0.9995734691619873
2059 0.00062902126228436828 0.0019277211977168918 -0.99999797344207764
2060 -0.0087273642420768738 0.029610669240355492 -0.99952340126037598
2061 -0.025680571794509888 0.012272886000573635 -0.99959486722946167
2062 0.022955987602472305 -0.0064884684979915619 -0.99971550703048706
2063 -0.0055013904348015785 0.028890633955597878 -0.99956744909286499
2064 0.022626103833317757 -0.012089644558727741 -0.99967092275619507
2065 -0.024888636544346809 0.015534989535808563 -0.99956953525543213
2066 0.022428171709179878 0.013040198944509029 -0.99966341257095337
2067 0.025096612051129341 0.011344244703650475 -0.99962067604064941
2068 0.015080651268362999 0.024919742718338966 -0.99957573413848877
2069 0.0097001688554883003 0.028542852029204369 -0.99954551458358765
2070 0.011877510696649551 -0.0019978571217507124 -0.99992752075195312
2071 0.025670299306511879 -0.017456056550145149 -0.99951803684234619
2072 0.026071395725011826 -0.010641067288815975 -0.99960345029830933
2073 -0.023135853931307793 -0.018211411312222481 -0.99956649541854858
2074 0.02897072397172451 0.0087529812008142471 -0.99954193830490112
2075 0.028129294514656067 -0.0076522375456988811 -0.99957501888275146
2076 0.012487609870731831 0.026978449895977974 -0.99955809116363525
2077 -0.024067584425210953 0.012080998159945011 -0.99963736534118652
2078 0.0096531733870506287 0.02741515263915062 -0.99957752227783203
2079 -0.0080903880298137665 -0.027464162558317184 -0.99959003925323486
2080 0.02185731939971447 0.019439468160271645 -0.99957209825515747
2081 -0.024645719677209854 -0.018706809729337692 -0.99952119588851929
2082 0.021613676100969315 0.019050944596529007 -0.99958491325378418
2083 -0.014122761785984039 0.026221290230751038 -0.99955642223358154
2084 -0.021413993090391159 -0.013550646603107452 -0.9996788501739502
2085 -0.027265850454568863 0.016767553985118866 -0.99948757886886597
2086 -0.024888297542929649 -0.014754896052181721 -0.99958133697509766
2087 0.025078404694795609 -0.016821997240185738 -0.99954396486282349
2088 -0.0052459831349551678 -0.029789268970489502 -0.99954241514205933
2089 -0.023717431351542473 0.018003754317760468 -0.99955660104751587
2090 -0.019292687997221947 0.022802013903856277 -0.99955379962921143
2091 0.027314968407154083 0.015047839842736721 -0.99951362609863281
2092 -0.011475435458123684 0.027479851618409157 -0.99955654144287109
2093 -0.021651092916727066 0.020451927557587624 -0.99955636262893677
2094 -0.0088119031861424446 -0.029173050075769424 -0.99953556060791016
2095 0.024827560409903526 0.017648864537477493 -0.99953591823577881
2096 0.027593536302447319 0.01241716556251049 -0.99954211711883545
2097 -0.023513719439506531 -0.022796526551246643 -0.99946355819702148
2098 0.0094136269763112068 0.026777014136314392 -0.99959713220596313
2099 0.023507930338382721 0.020311165601015091 -0.99951732158660889
2100 0.023169267922639847 -0.019476793706417084 -0.99954181909561157
2101 0.015827538445591927 -0.025235870853066444 -0.99955624341964722
2102 -0.021133620291948318 0.013375715352594852 -0.99968719482421875
2103 -0.019282577559351921 -0.023029910400509834 -0.99954885244369507
2104 -0.011173469945788383 -0.027513124048709869 -0.99955904483795166
2105 -0.021508404985070229 0.020552650094032288 -0.99955743551254272
2106 0.026809848845005035 -0.014116887003183365 -0.99954086542129517
2107 0.016765981912612915 0.022334562614560127 -0.99960994720458984
2108 -0.023451350629329681 0.022310258820652962 -0.99947601556777954
2109 0.02213255874812603 -0.022994767874479294 -0.99949061870574951
2110 0.013132588937878609 -0.027085777372121811 -0.99954688549041748
2111 -0.023913398385047913 -0.015372835099697113 -0.99959582090377808
2112 -0.019897615537047386 -0.023052338510751724 -0.99953621625900269
2113 0.021212661638855934 0.022694019600749016 -0.99951738119125366
2114 0.013703824020922184 0.028874002397060394 -0.9994891881942749
2115 -0.014014117419719696 -0.026412423700094223 -0.99955296516418457
2116 -0.018821602687239647 -0.022118875756859779 -0.99957817792892456
2117 -0.01469954289495945 -0.026810426265001297 -0.99953246116638184
2118 0.022821677848696709 -0.019075337797403336 -0.99955755472183228
2119 0.012484077364206314 0.026383835822343826 -0.99957394599914551
2120 -0.017205070704221725 -0.025391578674316406 -0.99952954053878784
2121 0.02298317663371563 -0.01909932866692543 -0.99955344200134277
2122 -0.0075780637562274933 -0.026869067922234535 -0.99961024522781372
2123 0.018396411091089249 0.024133188650012016 -0.99953949451446533
2124 0.0069472775794565678 0.030840065330266953 -0.99950021505355835
2125 0.023290786892175674 0.016699030995368958 -0.99958926439285278
2126 0.0039027004968374968 0.030239423736929893 -0.99953508377075195
2127 0.016888804733753204 -0.027103627100586891 -0.99949002265930176
2128 -0.99999994039535522 -1.2784724276571069e-05 -0.0004231967031955719
2129 0.0071324598975479603 -0.029345190152525902 -0.99954396486282349
2130 -0.018327143043279648 0.026710167527198792 -0.99947524070739746
2131 -0.0023528570309281349 0.030281923711299896 -0.9995386004447937
2132 -0.0055832718499004841 -0.029746869578957558 -0.99954187870025635
2133 -0.012864816002547741 0.03073938749730587 -0.99944466352462769
2134 0.0071900174953043461 0.029918337240815163 -0.9995265007019043
2135 -0.016622016206383705 -0.024028120562434196 -0.99957311153411865
2136 0.01134449802339077 -0.031581580638885498 -0.99943679571151733
2137 -0.0060393540188670158 0.031901732087135315 -0.99947273731231689
2138 -0.99999988079071045 1.3683612451131921e-05 -0.00050087942508980632
2139 -0.0025380789302289486 -0.030069468542933464 -0.99954462051391602
2140 0.0042413906194269657 -0.031535450369119644 -0.99949365854263306
2141 0.0079628489911556244 -0.03120882622897625 -0.99948114156723022
2142 0.0035621076822280884 0.030022203922271729 -0.99954289197921753
2143 -0.0032581833656877279 0.03399224579334259 -0.9994167685508728
2144 0.014842105098068714 0.025000249966979027 -0.99957728385925293
2145 -0.99989098310470581 -0.014763141050934792 -0.00032125491998158395
2146 -0.0021310565061867237 -0.031526211649179459 -0.99950069189071655
2147 -0.99991458654403687 -0.01306487713009119 -0.00044091447489336133
2148 0.0043579586781561375 -0.029872799292206764 -0.99954426288604736
2149 -0.0087256655097007751 0.028662078082561493 -0.99955111742019653
2150 -0.99995881319046021 -0.0090673379600048065 -0.00039195173303596675
2151 -0.0058433348312973976 0.029570562765002251 -0.9995456337928772
2152 0.044985257089138031 -0.0040136338211596012 -0.99897962808609009
2153 0.0073479716666042805 -0.029127834364771843 -0.99954873323440552
2154 0.02089640311896801 -0.021434418857097626 -0.99955189228057861
2155 -0.0026652035303413868 0.029985412955284119 -0.99954682588577271
2156 -0.019390759989619255 0.02265099436044693 -0.99955540895462036
2157 0.013360001146793365 -0.026849392801523209 -0.9995502233505249
2158 -0.0094204507768154144 0.030237739905714989 -0.99949836730957031
2159 0.010450916364789009 -0.028201131150126457 -0.99954766035079956
2160 0.01607784628868103 -0.025375936180353165 -0.99954873323440552
2161 -0.017128750681877136 0.024606509134173393 -0.99955052137374878
2162 0.021003153175115585 -0.021712198853492737 -0.99954366683959961
2163 -0.011765811592340469 0.027682183310389519 -0.99954754114151001
2164 -0.00089936464792117476 -0.00056955788750201464 -0.99999946355819702
2165 -0.014599057845771313 0.026223909109830856 -0.9995495080947876
2166 0.018633702769875526 -0.023489192128181458 -0.999550461769104
2167 -0.019622504711151123 0.022620189934968948 -0.99955159425735474
2168 0.018522351980209351 -0.02354036457836628 -0.99955135583877563
2169 0.013301433995366096 -0.0019839559681713581 -0.99990957975387573
2170 0.013370751403272152 -0.027188854292035103 -0.99954092502593994
2171 -0.016769222915172577 0.02440878190100193 -0.99956142902374268
2172 0.0012785542057827115 0.0014835591427981853 -0.99999815225601196
2173 -0.027767069637775421 -0.0090662138536572456 -0.99957334995269775
2174 -0.033236131072044373 0.011647626757621765 -0.99937969446182251
2175 -0.014529460109770298 0.026465879753232002 -0.99954414367675781
2176 -0.010156360454857349 0.0047973226755857468 -0.99993693828582764
2177 9.0894027380272746e-05 0.00096581288380548358 -0.9999995231628418
2178 2.5859788365778513e-05 -0.00033380399690940976 -0.99999994039535522
2179 2.4155282517313026e-05 -0.00031037998269312084 -0.99999994039535522
2180 6.5735162934288383e-05 0.00090461882064118981 -0.99999958276748657
2181 2.5304503651568666e-05 -0.00032081705285236239 -0.99999994039535522
2182 2.6928157240035944e-05 -0.00033336726482957602 -0.99999994039535522
2183 0.00031207001302391291 -0.00028452489641495049 -0.99999994039535522
2184 0.00088665593648329377 -0.00023660247097723186 -0.99999958276748657
2185 0.0015908087370917201 -0.00020215596305206418 -0.99999874830245972
2186 0.028155699372291565 0.012442299164831638 -0.99952614307403564
2187 0.030401201918721199 -0.012654500082135201 -0.99945765733718872
2188 -0.014164595864713192 0.004726258572191 -0.99988853931427002
2189 2.7036116080125794e-05 -0.00034255007631145418 -0.99999994039535522
2190 -0.0015662595396861434 -0.0004626757581718266 -0.99999868869781494
2191 -0.018961047753691673 -0.0050396444275975227 -0.99980753660202026
2192 0.014063191600143909 0.0050967666320502758 -0.99988812208175659
2193 -0.011313773691654205 -0.0029229389037936926 -0.99993175268173218
2194 0.0042724385857582092 0.033137477934360504 -0.99944168329238892
2195 -0.014598135836422443 0.0022611930035054684 -0.99989092350006104
2196 -0.003609892213717103 0.0011917066294699907 -0.99999278783798218
2197 -0.014158277772367001 -0.032890986651182175 -0.9993586540222168
2198 -0.011726736091077328 -0.02891061082482338 -0.99951320886611938
2199 6.0380123613867909e-05 0.00088009051978588104 -0.99999964237213135
2200 0.0034294403158128262 0.02787347137928009 -0.99960559606552124
2201 -0.036526862531900406 -0.0040330826304852962 -0.99932456016540527
2202 -0.034968685358762741 0.0049154600128531456 -0.99937635660171509
2203 0.036544144153594971 0.0035414118319749832 -0.99932575225830078
2204 6.8697663664352149e-05 0.00096826400840654969 -0.9999995231628418
2205 2.6061625248985365e-05 -0.00038120904355309904 -0.99999994039535522
2206 2.4699098503333516e-05 -0.00035996557562611997 -0.99999994039535522
2207 7.144186383811757e-05 0.00092470430536195636 -0.99999958276748657
2208 0.0044889696873724461 -4.5370543375611305e-06 -0.99998998641967773
2209 -0.014711102470755577 -0.0058913319371640682 -0.99987447261810303
2210 0.017824409529566765 0.038572072982788086 -0.99909687042236328
2211 0.024237964302301407 0.0051891948096454144 -0.99969273805618286
2212 0.024644017219543457 -0.0048853964544832706 -0.99968439340591431
2213 0.021933143958449364 0.0050732088275253773 -0.99974662065505981
2214 -0.021515989676117897 0.0058421818539500237 -0.99975144863128662
2215 -0.00092796568060293794 -0.020590202882885933 -0.99978756904602051
2216 -0.01828470267355442 0.0050920024514198303 -0.99981987476348877
2217 -0.0096173686906695366 -0.0025283319409936666 -0.9999505877494812
2218 0.029264852404594421 0.0165081936866045 -0.9994354248046875
2219 -0.0036767497658729553 -0.019969191402196884 -0.99979382753372192
2220 -0.030450310558080673 0.023116355761885643 -0.99926894903182983
2221 -0.023932835087180138 -0.0058926031924784184 -0.99969619512557983
2222 0.020799512043595314 -0.0038627863395959139 -0.99977624416351318
2223 -0.025550428777933121 0.0294197928160429 -0.99924051761627197
2224 0.032318901270627975 -0.013455412350594997 -0.99938708543777466
2225 -0.037351429462432861 -0.017857955768704414 -0.99914264678955078
2226 0.035024695098400116 -0.018943184986710548 -0.99920690059661865
2227 0.028452392667531967 0.024743089452385902 -0.99928891658782959
2228 -0.027452439069747925 -0.021132713183760643 -0.99939972162246704
2229 -0.0036186263896524906 0.0011403155513107777 -0.99999278783798218
2230 -0.014476470649242401 -0.0060152024962007999 -0.99987715482711792
2231 -0.018626580014824867 0.033409975469112396 -0.99926817417144775
2232 -0.034319527447223663 0.020498210564255714 -0.99920070171356201
2233 0.044241108000278473 0.019008813425898552 -0.99884003400802612
2234 -0.011760749854147434 0.037752334028482437 -0.9992179274559021
2235 0.029494890943169594 -0.024895912036299706 -0.99925488233566284
2236 -0.022949030622839928 -0.026552965864539146 -0.99938398599624634
2237 0.0090953102335333824 -0.035852242261171341 -0.99931573867797852
2238 0.016475537791848183 -0.033683203160762787 -0.99929678440093994
2239 -0.003894484369084239 0.044591661542654037 -0.99899774789810181
2240 0.023951983079314232 -0.030789837241172791 -0.99923884868621826
2241 -0.034004267305135727 0.016082359477877617 -0.99929231405258179
2242 0.032866109162569046 -0.022317348048090935 -0.99921059608459473
2243 0.022514689713716507 0.029664753004908562 -0.999306321144104
2244 -0.034681499004364014 -0.021094223484396935 -0.9991757869720459
2245 0.0032627109903842211 0.00025667587760835886 -0.99999469518661499
2246 0.015109403990209103 -0.0045537874102592468 -0.99987554550170898
2247 -0.034571699798107147 -0.032007783651351929 -0.99888956546783447
2248 0.03859984502196312 0.027227692306041718 -0.99888372421264648
2249 0.01194481085985899 0.01862528920173645 -0.99975520372390747
2250 -0.029798012226819992 0.027604982256889343 -0.99917471408843994
2251 0.028494169935584068 -0.029513433575630188 -0.99915814399719238
2252 -0.024045387282967567 0.033845551311969757 -0.99913781881332397
2253 0.032049044966697693 0.034621309489011765 -0.99888646602630615
2254 0.022282978519797325 -0.035591393709182739 -0.99911803007125854
2255 -0.0081680798903107643 0.039374671876430511 -0.99919116497039795
2256 -0.017064882442355156 0.039126630872488022 -0.99908852577209473
2257 -0.0089003676548600197 -0.046958059072494507 -0.99885720014572144
2258 -0.0011566762113943696 -0.00068131729494780302 -0.99999916553497314
2259 0.0061769038438796997 -0.04802023246884346 -0.99882727861404419
2260 0.021125404164195061 0.034955814480781555 -0.99916559457778931
2261 0.014716192148625851 -0.040320221334695816 -0.99907845258712769
2262 -0.024491298943758011 -0.034493878483772278 -0.99910479784011841
2263 0.010267924517393112 0.0018904091557487845 -0.99994552135467529
2264 0.019039580598473549 0.0042594815604388714 -0.99980968236923218
2265 0.024168742820620537 -0.0011258658487349749 -0.99970728158950806
2266 0.0087833339348435402 0.00026941459509544075 -0.99996143579483032
2267 -0.00016921575297601521 -0.00035127103910781443 -0.99999994039535522
2268 -0.0095849009230732918 -0.001048323349095881 -0.99995356798171997
2269 -0.018226044252514839 0.0052159777842462063 -0.9998202919960022
2270 0.0048823370598256588 0.016511788591742516 -0.99985182285308838
2271 -0.013344085775315762 -0.023172631859779358 -0.99964243173599243
2272 -0.99999982118606567 -0.00058696145424619317 0
2273 -0.99999988079071045 -0.00054869166342541575 0
2274 -0.99999982118606567 -0.00058469391660764813 0
2275 -0.99999988079071045 -0.00056708190822973847 0
2276 -0.99999988079071045 -0.00055280682863667607 0
2277 -0.99999982118606567 -0.00059030274860560894 0
2278 -0.99999982118606567 -0.00059060414787381887 0
2279 -0.99999988079071045 -0.00055050855735316873 0
2280 -0.99999982118606567 -0.00058869353961199522 0
2281 -0.99999982118606567 -0.00059269025223329663 0
2282 -0.99999988079071045 -0.00054687471129000187 0
2283 -0.99999988079071045 -0.00054838001960888505 0
2284 -0.99999988079071045 -0.0005505305016413331 0
2285 -0.99999988079071045 -0.00056832685368135571 0
2286 -0.99999988079071045 -0.00055535376304760575 0
2287 -0.99999988079071045 -0.00057148240739479661 0
2288 -0.99999988079071045 -0.00056987465359270573 0
2289 -0.99999988079071045 -0.00055270001757889986 0
2290 -0.99999988079071045 -0.00057053880300372839 0
2291 -0.99999988079071045 -0.00055595650337636471 0
2292 -0.99999982118606567 -0.00059064070228487253 0
2293 -0.99999988079071045 -0.00055662356317043304 0
2294 -0.99999982118606567 -0.00058654160238802433 0
2295 -0.99999988079071045 -0.00054926215671002865 0
2296 -0.99999988079071045 -0.00055755546782165766 0
2297 -0.99999988079071045 -0.00057218753499910235 0
2298 -0.99999982118606567 -0.00058773678028956056 0
2299 -0.99999988079071045 -0.0005497814854606986 0
2300 -0.99999982118606567 -0.00057402485981583595 0
2301 -0.99999982118606567 -0.00058000965509563684 0
2302 -0.99999982118606567 -0.00057530490448698401 0
2303 -0.99999982118606567 -0.00057691411348059773 0
2304 -0.99999988079071045 -0.00057203974574804306 0
2305 -0.99999988079071045 -0.00056446768576279283 0
2306 -0.99999988079071045 -0.00055288872681558132 0
2307 -0.99999988079071045 -0.0005640785675495863 0
2308 -0.99999988079071045 -0.00055727898143231869 0
2309 -0.99999988079071045 -0.00056500162463635206 0
2310 -0.99999982118606567 -0.00057993066729977727 0
2311 -0.99999982118606567 -0.00057884224224835634 0
2312 -0.99999982118606567 -0.00057427794672548771 0
2313 -0.99999988079071045 -0.00056783971376717091 0
2314 -0.99999988079071045 -0.0005722503992728889 0
2315 -0.99999988079071045 -0.0005697444430552423 0
2316 -0.99999988079071045 -0.00056358409347012639 0
2317 -0.99999988079071045 -0.00056517281336709857 0
2318 -0.99999982118606567 -0.00058262830134481192 0
2319 -0.99999988079071045 -0.00053338945144787431 0
2320 -0.99999982118606567 -0.00060654990375041962 0
2321 -0.99999988079071045 -0.00054696539882570505 0
2322 -0.99999988079071045 -0.00056128582218661904 0
2323 -0.99999988079071045 -0.000556807906832546 0
2324 -0.99999988079071045 -0.00056745496112853289 0
2325 -0.99999988079071045 -0.00054709706455469131 0
2326 -0.99999988079071045 -0.00057251960970461369 0
2327 -0.99999982118606567 -0.00059985561529174447 0
2328 -0.99999982118606567 -0.00061071926029399037 0
2329 -0.99999982118606567 -0.00058500992599874735 0
2330 -0.99999982118606567 -0.00060417415807023644 0
2331 -0.99999982118606567 -0.00057731056585907936 0
2332 -0.99999988079071045 -0.00054302718490362167 0
2333 -0.99999982118606567 -0.00058307300787419081 0
2334 -0.99999982118606567 -0.000584837282076478 0
2335 -0.99999982118606567 -0.0005847875727340579 0
2336 -0.99999982118606567 -0.00058348261518403888 0
2337 -0.99999988079071045 -0.00055344903375953436 0
2338 -0.99999982118606567 -0.00057407899294048548 0
2339 -0.99999982118606567 -0.00057823513634502888 0
2340 -0.99999988079071045 -0.00055485783377662301 0
2341 -0.99999988079071045 -0.00056343048345297575 0
2342 -0.99999982118606567 -0.00058037979761138558 0
2343 -0.99999982118606567 -0.00057710433611646295 0
2344 -0.99999988079071045 -0.00056150235468521714 0
2345 -0.99999988079071045 -0.00056348461657762527 0
2346 -0.99999988079071045 -0.00057174422545358539 0
2347 -0.99999988079071045 -0.00056737888371571898 0
2348 -0.99999988079071045 -0.00057159940479323268 0
2349 -0.99999988079071045 -0.00056821276666596532 0
2350 -0.99999988079071045 -0.00057229871163144708 0
2351 -0.99999988079071045 -0.00057193735847249627 0
2352 -0.99999982118606567 -0.00057462614495307207 0
2353 -0.99999982118606567 -0.00057347922120243311 0
2354 -0.99999988079071045 -0.00055479200091212988 0
2355 -0.99999988079071045 -0.0005623142933472991 0
2356 -0.99999988079071045 -0.00057099229888990521 0
2357 -0.99999988079071045 -0.00056262733414769173 0
2358 -0.99999988079071045 -0.00056016963208094239 0
2359 -0.99999988079071045 -0.00056368939112871885 0
2360 -0.99999988079071045 -0.00055991217959672213 0
2361 -0.99999982118606567 -0.00058375473599880934 0
2362 -0.99999982118606567 -0.0005855292547494173 0
2363 -0.99999988079071045 -0.00055541371693834662 0
2364 -0.99999982118606567 -0.00057887443108484149 0
2365 -0.99999982118606567 -0.00058016914408653975 0
2366 -0.99999988079071045 -0.00055862194858491421 0
2367 -0.99999982118606567 -0.00058353529311716557 0
2368 -0.99999988079071045 -0.00057237478904426098 0
2369 -0.99999988079071045 -0.00055444968165829778 0
2370 -0.99999982118606567 -0.00058089912636205554 0
2371 -0.99999982118606567 -0.00058281264500692487 0
2372 -0.99999982118606567 -0.00058463250752538443 0
2373 -0.99999982118606567 -0.00058036367408931255 0
2374 -0.99999988079071045 -0.00055612908909097314 0
2375 -0.99999988079071045 -0.00055871845688670874 0
2376 -0.99999988079071045 -0.00056950742146000266 0
2377 -0.99999988079071045 -0.00056884036166593432 0
2378 -0.99999988079071045 -0.00055476423585787416 0
2379 -0.99999982118606567 -0.00058362307026982307 0
2380 -0.99999988079071045 -0.00056862382916733623 0
2381 -0.99999988079071045 -0.00055636023171246052 0
2382 -0.99999988079071045 -0.00056321104057133198 0
2383 -0.99999982118606567 -0.0005836962372995913 0
2384 -0.99999988079071045 -0.00057128636399284005 0
2385 -0.99999982118606567 -0.00059186515863984823 0
2386 -0.99999988079071045 -0.00056747253984212875 0
2387 -0.99999988079071045 -0.00055528059601783752 0
2388 -0.99999988079071045 -0.00056041538482531905 0
2389 -0.99999982118606567 -0.00059838831657543778 0
2390 -0.99999982118606567 -0.00058233569143339992 0
2391 -0.99999988079071045 -0.0005506519228219986 0
2392 -0.99999988079071045 -0.00055213680025190115 0
2393 -0.99999988079071045 -0.00054837274365127087 0
2394 -0.99999988079071045 -0.0005526707973331213 0
2395 -0.99999988079071045 -0.00056978687644004822 0
2396 -0.99999988079071045 -0.00056930701248347759 0
2397 -0.99999988079071045 -0.0005605236510746181 0
2398 -0.99999988079071045 -0.00056593789486214519 0
2399 -0.99999982118606567 -0.00059243279974907637 0
2400 -0.99999988079071045 -0.00055090943351387978 0
2401 -0.99999988079071045 -0.00054113415535539389 0
2402 -0.99999988079071045 -0.00056732038501650095 0
2403 -0.99999982118606567 -0.00058991945115849376 0
2404 -0.99999982118606567 -0.00058550148969516158 0
2405 -0.99999982118606567 -0.00061246892437338829 0
2406 -0.99999988079071045 -0.00054590910440310836 0
2407 -0.99999988079071045 -0.00056925142416730523 0
2408 -0.99999988079071045 -0.00055281707318499684 0
2409 -0.99999982118606567 -0.00057377910707145929 0
2410 -0.99999982118606567 -0.00058358506066724658 0
2411 -0.99999988079071045 -0.00053507037227973342 0
2412 -0.99999988079071045 -0.00053662544814869761 0
2413 -0.99999988079071045 -0.00055286678252741694 0
2414 -0.99999988079071045 -0.00056883157230913639 0
2415 -0.99999982118606567 -0.00060648849466815591 0
2416 -0.99999982118606567 -0.0006093324045650661 0
2417 -0.99999988079071045 -0.00055009603966027498 0
2418 -0.99999982118606567 -0.00057532102800905704 0
2419 -0.99999988079071045 -0.00055690447334200144 0
2420 -0.99999982118606567 -0.00058728037402033806 0
2421 -0.99999982118606567 -0.00057627481874078512 0
2422 -0.99999982118606567 -0.0006043438334017992 0
2423 -0.99999982118606567 -0.000606781046371907 0
2424 -0.99999982118606567 -0.00061057001585140824 0
2425 -0.99999982118606567 -0.00058246444677934051 0
2426 -0.99999982118606567 -0.00060087675228714943 0
2427 -0.99999988079071045 -0.00056737597333267331 0
2428 -0.99999982118606567 -0.00059028522809967399 0
2429 -0.99999982118606567 -0.00058976002037525177 0
2430 -0.99999988079071045 -0.00053660053526982665 0
2431 -0.99999988079071045 -0.00054213328985497355 0
2432 -0.99999988079071045 -0.00056734815007075667 0
2433 -0.99999988079071045 -0.0005644208868034184 0
2434 -0.99999988079071045 -0.00055487395729869604 0
2435 -0.99999982118606567 -0.00058170960983261466 0
2436 -0.99999982118606567 -0.00058228598209097981 0
2437 -0.99999982118606567 -0.00058065337361767888 0
2438 -0.99999988079071045 -0.00055660604266449809 0
2439 -0.99999982118606567 -0.00059052510187029839 0
2440 -0.99999988079071045 -0.00053730129729956388 0
2441 -0.99999988079071045 -0.00056416337611153722 0
2442 -0.99999982118606567 -0.00058314029593020678 0
2443 -0.99999988079071045 -0.00056859309552237391 0
2444 -0.99999988079071045 -0.00055579119361937046 0
2445 -0.99999982118606567 -0.00058804842410609126 0
2446 -0.99999982118606567 -0.00059018278261646628 0
2447 -0.99999988079071045 -0.00056150380987673998 0
2448 -0.99999988079071045 -0.00056407559895887971 0
2449 -0.99999988079071045 -0.00054046849254518747 0
2450 -0.99999988079071045 -0.00054391956655308604 0
2451 -0.99999982118606567 -0.00058269267901778221 0
2452 -0.99999982118606567 -0.00058411166537553072 0
2453 -0.99999988079071045 -0.000562516157515347 0
2454 -0.99999988079071045 -0.00056027201935648918 0
2455 -0.99999982118606567 -0.00058505672495812178 0
2456 -0.0075519043020904064 -0.0056500867940485477 -0.99995553493499756
2457 0.019531887024641037 0.013727930374443531 -0.99971503019332886
2458 -0.031063394621014595 -0.014258351176977158 -0.99941569566726685
2459 0.029515486210584641 0.01175259705632925 -0.99949526786804199
2460 2.6120535039808601e-05 0.00032761148759163916 -0.99999994039535522
2461 -0.0003546583466231823 -0.0079939020797610283 -0.99996799230575562
2462 0.00093191105406731367 0.0038494872860610485 -0.99999219179153442
2463 0.017583912238478661 -0.0015698873903602362 -0.99984419345855713
2464 -0.011116744019091129 -0.019350331276655197 -0.99975097179412842
2465 0.00088662886992096901 -0.0038534598425030708 -0.99999219179153442
2466 -0.00035831372952088714 0.0085512222722172737 -0.99996340274810791
2467 -0.022445853799581528 0.016309550032019615 -0.99961507320404053
2468 -0.006894710473716259 -0.021631211042404175 -0.99974226951599121
2469 0.0025759648997336626 0.0067410101182758808 -0.99997401237487793
2470 9.3076574557926506e-05 -0.0009493137476965785 -0.99999958276748657
2471 1.958716893568635e-05 0.0010233015054836869 -0.99999946355819702
2472 0.05243346095085144 -0.016414500772953033 -0.99848955869674683
2473 0.0085927369073033333 0.015665832906961441 -0.9998403787612915
2474 -0.031942419707775116 -0.0107831796631217 -0.9994315505027771
2475 0.0050637661479413509 -0.0062869754619896412 -0.99996745586395264
2476 5.5615899327676743e-05 0.00041888284613378346 -0.99999994039535522
2477 0.0028793965466320515 -0.0076784044504165649 -0.99996638298034668
2478 0.032324627041816711 0.0094008492305874825 -0.99943321943283081
2479 0.0017206799238920212 -0.0036918071564286947 -0.99999171495437622
2480 0.015109661035239697 -0.0060784746892750263 -0.99986737966537476
2481 0.0036850040778517723 -0.0027622433844953775 -0.99998939037322998
2482 -0.040706265717744827 0.01332826167345047 -0.99908226728439331
2483 0.020422026515007019 0.00086980027845129371 -0.99979108572006226
2484 -0.023615403100848198 0.01064123772084713 -0.99966448545455933
2485 -0.033489294350147247 -0.011227447539567947 -0.99937599897384644
2486 0.033203788101673126 0.009835241362452507 -0.99940025806427002
2487 0.017079737037420273 0.0032918341457843781 -0.99984872341156006
2488 -0.016501564532518387 -0.0045931180939078331 -0.99985331296920776
2489 -0.037634007632732391 0.0049229525029659271 -0.9992794394493103
2490 -0.025032928213477135 0.0092486916109919548 -0.99964386224746704
2491 0.025858106091618538 -0.011215968988835812 -0.99960267543792725
2492 -0.0072506950236856937 0.0021263863891363144 -0.99997144937515259
2493 2.6648400307749398e-05 0.00033423211425542831 -0.99999994039535522
2494 0.023407097905874252 -0.016540901735424995 -0.99958920478820801
2495 0.025820942595601082 0.011218942701816559 -0.99960362911224365
2496 -0.025595439597964287 -0.015224626287817955 -0.99955648183822632
2497 0.0021449185442179441 -0.00019913914729841053 -0.99999767541885376
2498 -0.024682998657226562 0.01521649956703186 -0.99957948923110962
2499 0.025279814377427101 0.010871314443647861 -0.99962133169174194
2500 -0.026970669627189636 -0.012750979512929916 -0.99955493211746216
2501 0.02032843790948391 -0.0219147689640522 -0.99955320358276367
2502 -0.021346218883991241 0.020236022770404816 -0.99956732988357544
2503 0.044402867555618286 -0.0047181867994368076 -0.99900257587432861
2504 0.03362925723195076 0.0095815295353531837 -0.99938845634460449
2505 -0.0085036167874932289 0.028654938563704491 -0.99955320358276367
2506 0.01531652919948101 -0.025572527199983597 -0.99955564737319946
2507 -0.016576813533902168 0.024136366322636604 -0.99957126379013062
2508 0.024399291723966599 0.01720748282968998 -0.99955421686172485
2509 0.035071615129709244 0.010477676056325436 -0.99932986497879028
2510 -0.010811861604452133 0.0073144026100635529 -0.99991482496261597
2511 0.012709697708487511 0.027202196419239044 -0.99954921007156372
2512 -0.023904858157038689 0.011586739681661129 -0.99964714050292969
2513 -0.025360772386193275 -0.01189840491861105 -0.99960756301879883
2514 0.022429879754781723 0.019554469734430313 -0.99955719709396362
2515 -0.011855133809149265 -0.027631772682070732 -0.99954789876937866
2516 0.032923329621553421 -0.023148277774453163 -0.99918979406356812
2517 0.026188228279352188 0.011400023475289345 -0.99959206581115723
2518 -0.012730134651064873 -0.016766605898737907 -0.9997783899307251
2519 0.014764050953090191 -0.025076523423194885 -0.99957656860351562
2520 -0.025644971057772636 -0.015298308804631233 -0.9995540976524353
2521 0.01526354905217886 0.014654403552412987 -0.99977612495422363
2522 0.028158359229564667 0.012227188795804977 -0.99952870607376099
2523 0.012466390617191792 -0.027008991688489914 -0.9995574951171875
2524 -0.023974590003490448 -0.017881294712424278 -0.99955272674560547
2525 -0.033254507929086685 -0.011320801451802254 -0.99938285350799561
2526 0.026117296889424324 0.014658357948064804 -0.99955147504806519
2527 0.025691617280244827 -0.014327031560242176 -0.99956727027893066
2528 0.011853945441544056 -0.026134653016924858 -0.99958819150924683
2529 -0.011969498358666897 0.028107456862926483 -0.99953323602676392
2530 -0.022620836272835732 0.01722283847630024 -0.9995957612991333
2531 -0.026647184044122696 -0.012331347912549973 -0.9995688796043396
2532 -0.012383770197629929 0.022569598630070686 -0.99966859817504883
2533 0.023840907961130142 -0.010796729475259781 -0.99965745210647583
2534 -0.019768789410591125 -0.022460203617811203 -0.99955230951309204
2535 0.0036467616446316242 -0.029688151553273201 -0.99955260753631592
2536 -0.027055775746703148 -0.015989257022738457 -0.99950605630874634
2537 0.025669004768133163 0.014455468393862247 -0.99956601858139038
2538 -0.02921874076128006 -0.010022629983723164 -0.99952280521392822
2539 0.026756549254059792 -0.0081162573769688606 -0.99960905313491821
2540 -0.023861054331064224 -0.017808390781283379 -0.99955666065216064
2541 0.0096830995753407478 -0.028427977114915848 -0.99954897165298462
2542 0.0251458790153265 -0.011083484627306461 -0.9996224045753479
2543 0.018528955057263374 -0.010969517752528191 -0.99976813793182373
2544 -0.026457211002707481 0.016341222450137138 -0.99951636791229248
2545 -0.021852888166904449 -0.020131358876824379 -0.99955856800079346
2546 -0.021587731316685677 0.020643880590796471 -0.9995538592338562
2547 0.020229475572705269 -0.022246448323130608 -0.99954783916473389
2548 0.024247594177722931 0.017054375261068344 -0.99956053495407104
2549 -0.027944659814238548 0.013476957567036152 -0.99951863288879395
2550 0.0078569995239377022 0.0026180874556303024 -0.99996572732925415
2551 0.024317625910043716 0.017242364585399628 -0.99955558776855469
2552 0.0038246854674071074 0.030056549236178398 -0.99954092502593994
2553 -0.0058534606359899044 0.029770571738481522 -0.99953961372375488
2554 -0.0059165749698877335 -0.029740724712610245 -0.99954015016555786
2555 -0.030149409547448158 0.022518627345561981 -0.99929171800613403
2556 -0.0059193223714828491 -0.02995271235704422 -0.99953377246856689
2557 0.027368837967514992 -0.012149031274020672 -0.99955165386199951
2558 -0.023808112367987633 -0.017789309844374657 -0.99955826997756958
2559 -0.016999632120132446 0.024874048307538033 -0.9995461106300354
2560 0.022859295830130577 -0.012999448925256729 -0.99965423345565796
2561 0.024540720507502556 0.017342882230877876 -0.99954843521118164
2562 -0.013334121555089951 0.0038915334735065699 -0.99990355968475342
2563 -0.023567099124193192 0.018097886815667152 -0.99955844879150391
2564 -0.026023749262094498 -0.012041607871651649 -0.99958878755569458
2565 0.022515881806612015 0.019663603976368904 -0.9995531439781189
2566 0.018645888194441795 0.019731152802705765 -0.99963146448135376
2567 -0.026001283898949623 0.0083322878926992416 -0.99962723255157471
2568 0.023972779512405396 0.013031246140599251 -0.99962770938873291
2569 -0.025312269106507301 0.014480768702924252 -0.99957472085952759
2570 -0.008841322734951973 -0.028738997876644135 -0.99954789876937866
2571 -0.026221781969070435 -0.015561923384666443 -0.99953502416610718
2572 0.018523236736655235 0.02479279600083828 -0.99952101707458496
2573 -0.01783425360918045 0.025403827428817749 -0.99951821565628052
2574 0.018112840130925179 0.023913025856018066 -0.9995499849319458
2575 0.0096936468034982681 0.028358122333884239 -0.99955081939697266
2576 -0.014850545674562454 -0.02660663053393364 -0.99953567981719971
2577 -0.021941559389233589 -0.020240664482116699 -0.99955439567565918
2578 -0.019943233579397202 -0.022686135023832321 -0.99954372644424438
2579 0.01529326569288969 -0.026019047945737839 -0.99954450130462646
2580 -0.013954197987914085 -0.025247177109122276 -0.99958384037017822
2581 -0.027750210836529732 -0.020866880193352699 -0.99939709901809692
2582 0.022294659167528152 -0.019927484914660454 -0.99955284595489502
2583 -0.022306222468614578 -0.020565010607242584 -0.99953967332839966
2584 0.022654758766293526 -0.019661663100123405 -0.9995499849319458
2585 0.026211671531200409 -0.0084483427926898003 -0.99962073564529419
2586 0.015609718859195709 0.026089923456311226 -0.99953770637512207
2587 0.014481614343822002 0.024508412927389145 -0.99959474802017212
2588 -0.014355681836605072 0.026160873472690582 -0.99955469369888306
2589 -0.018715189769864082 -0.021703315898776054 -0.99958926439285278
2590 -0.0023945730645209551 0.029935415834188461 -0.99954897165298462
2591 0.020453173667192459 0.022128250449895859 -0.99954593181610107
2592 -0.019789893180131912 0.022906916216015816 -0.99954169988632202
2593 -0.022027978673577309 -0.020351031795144081 -0.9995502233505249
2594 0.0035207022447139025 -0.029599910601973534 -0.99955564737319946
2595 0.024398578330874443 0.013620668090879917 -0.99960952997207642
2596 -0.024598760530352592 0.015325517393648624 -0.99957996606826782
2597 -0.0034796162508428097 0.0045150537043809891 -0.99998378753662109
2598 0.026857892051339149 0.014998899772763252 -0.9995267391204834
2599 0.022288652136921883 -0.019966913387179375 -0.99955219030380249
2600 -0.016528327018022537 -0.023306041955947876 -0.99959176778793335
2601 0.022517545148730278 0.019723653793334961 -0.99955195188522339
2602 0.024182805791497231 -0.01745353639125824 -0.99955523014068604
2603 -0.99999988079071045 0.00043320952681824565 -0.0002693000715225935
2604 0.0036432147026062012 -0.02994999848306179 -0.99954479932785034
2605 -0.0051622488535940647 0.02686699666082859 -0.99962574243545532
2606 0.003657924709841609 0.030247246846556664 -0.99953579902648926
2607 0.0068319765850901604 0.029408987611532211 -0.99954414367675781
2608 0.012790976092219353 0.027656536549329758 -0.99953562021255493
2609 -0.019491901621222496 0.022920249029994011 -0.99954730272293091
2610 -0.011529919691383839 0.027979975566267967 -0.9995419979095459
2611 -0.0088048968464136124 0.028992926701903343 -0.99954080581665039
2612 0.0096175139769911766 -0.028779467567801476 -0.99953949451446533
2613 -0.017514705657958984 -0.024764221161603928 -0.99953985214233398
2614 -0.0089860418811440468 -0.029102738946676254 -0.99953603744506836
2615 -0.0055051296949386597 0.029786858707666397 -0.99954110383987427
2616 -0.0197707898914814 -0.022506441920995712 -0.99955123662948608
2617 0.020359029993414879 0.021822154521942139 -0.99955457448959351
2618 0.018059350550174713 -0.023932404816150665 -0.999550461769104
2619 -0.99999964237213135 0.00084776832954958081 -0.00026559163234196603
2620 -0.0026946591679006815 -0.029932679608464241 -0.99954831600189209
2621 0.010226815938949585 -0.022304996848106384 -0.99969887733459473
2622 0.01112219225615263 0.024096306413412094 -0.99964779615402222
2623 -0.011382106691598892 0.027339750900864601 -0.99956142902374268
2624 -0.0026979600079357624 -0.030162647366523743 -0.99954134225845337
2625 0.020373094826936722 0.02186918631196022 -0.99955326318740845
2626 -0.0058418945409357548 -0.029707323759794235 -0.99954158067703247
2627 0.0098544862121343613 0.028801977634429932 -0.99953657388687134
2628 0.0036265766248106956 0.029976610094308853 -0.99954402446746826
2629 0.01287985872477293 -0.027534943073987961 -0.9995378851890564
2630 -0.011916827410459518 -0.02784346416592598 -0.99954122304916382
2631 -1 -7.7338436312857084e-06 -0.00025427000946365297
2632 -1 5.0800344979506917e-06 -0.00016784638864919543
2633 0.0034583811648190022 -0.030027264729142189 -0.99954307079315186
2634 0.006100683007389307 -0.027367299422621727 -0.99960684776306152
2635 -0.002356572775170207 0.030183691531419754 -0.99954158067703247
2636 -0.0026465309783816338 0.029618002474308014 -0.99955779314041138
2637 -0.011348647996783257 -0.026575569063425064 -0.99958240985870361
2638 -0.99996250867843628 0.0086566237732768059 -0.00028663617558777332
2639 -0.0085563212633132935 0.028996489942073822 -0.99954289197921753
2640 0.015084709040820599 -0.0081694256514310837 -0.99985289573669434
2641 0.017885884270071983 -0.024222325533628464 -0.99954664707183838
2642 0.0067656016908586025 0.029574360698461533 -0.99953967332839966
2643 -0.99997258186340332 0.0074041374027729034 -0.00027481696452014148
2644 -0.0059230988845229149 -0.029334276914596558 -0.99955219030380249
2645 -0.005506797693669796 0.029790658503770828 -0.99954098463058472
2646 -0.021663205698132515 0.020647553727030754 -0.99955213069915771
2647 -0.023984856903553009 -0.017798569053411484 -0.99955391883850098
2648 -0.017317013815045357 -0.024435948580503464 -0.99955141544342041
2649 0.0039141145534813404 0.029952451586723328 -0.99954372644424438
2650 0.012750411406159401 0.015433578751981258 -0.99979960918426514
2651 -0.014797653071582317 -0.026239117607474327 -0.99954617023468018
2652 0.0066117327660322189 -0.029598051682114601 -0.99954003095626831
2653 -0.002863315399736166 -0.030186764895915985 -0.99954015016555786
2654 -0.0055739819072186947 0.029546899721026421 -0.99954789876937866
2655 0.024392286315560341 -0.017896728590130806 -0.999542236328125
2656 0.0070403260178864002 0.029456937685608864 -0.99954122304916382
2657 -0.017007958143949509 0.024851232767105103 -0.99954652786254883
2658 -0.02010682038962841 0.023685960099101067 -0.99951726198196411
2659 0.012892651371657848 0.027338186278939247 -0.99954307079315186
2660 0.018057521432638168 0.023895228281617165 -0.99955141544342041
2661 -0.0090539101511240005 -0.028846751898527145 -0.99954283237457275
2662 0.0096649033948779106 -0.028625287115573883 -0.99954354763031006
2663 0.015546847134828568 0.025698548182845116 -0.99954885244369507
2664 0.018207218497991562 0.024219715967774391 -0.99954086542129517
2665 -0.014364403672516346 0.026577942073345184 -0.99954360723495483
2666 -0.023238001391291618 0.017938954755663872 -0.99956899881362915
2667 0.02472861111164093 -0.017779044806957245 -0.99953609704971313
2668 0.017956199124455452 -0.019998200237751007 -0.99963879585266113
2669 0.012553521431982517 -0.027536680921912193 -0.99954193830490112
2670 -0.021540995687246323 -0.013167775236070156 -0.99968123435974121
2671 -0.026395712047815323 0.012835613451898098 -0.99956917762756348
2672 0.020061656832695007 -0.022004304453730583 -0.99955660104751587
2673 -0.014113613404333591 0.026730002835392952 -0.99954307079315186
2674 -0.014799428172409534 -0.026360781863331795 -0.9995429515838623
2675 -0.0059607969596982002 -0.029563600197434425 -0.99954515695571899
2676 -0.019416360184550285 0.022818636149168015 -0.99955111742019653
2677 -0.011953926645219326 -0.027631977573037148 -0.99954670667648315
2678 -0.017532743513584137 -0.024816025048494339 -0.99953830242156982
2679 0.026313168928027153 -0.024594776332378387 -0.9993511438369751
2680 0.015559552237391472 0.025785872712731361 -0.99954640865325928
2681 0.0057743154466152191 -0.0021184426732361317 -0.9999811053276062
2682 0.016744649037718773 0.014011694118380547 -0.99976164102554321
2683 0.025474641472101212 -0.014493462629616261 -0.99957042932510376
2684 0.017683811485767365 -0.023768501356244087 -0.9995611310005188
2685 -0.016209786757826805 -0.014727219007909298 -0.99976015090942383
2686 0.012835151515901089 0.027258500456809998 -0.99954605102539062
2687 0.02224276214838028 0.019765008240938187 -0.9995572566986084
2688 0.02022816427052021 -0.022127158939838409 -0.99955052137374878
2689 2.4045455575105734e-05 0.00031314400257542729 -0.99999994039535522
2690 7.9972560342866927e-05 -0.00083202333189547062 -0.99999964237213135
2691 0.009990353137254715 0.028507908806204796 -0.99954366683959961
2692 -0.016379928216338158 -0.018478520214557648 -0.9996950626373291
2693 0.016836948692798615 -0.02282959409058094 -0.99959760904312134
2694 0.0066670021042227745 -0.029237978160381317 -0.99955028295516968
2695 0.021557137370109558 0.013961341232061386 -0.99967014789581299
2696 -0.022336464375257492 0.021710164844989777 -0.99951475858688354
2697 -0.014149082824587822 0.026086144149303436 -0.99955958127975464
2698 0.022593308240175247 -0.020035699009895325 -0.99954396486282349
2699 0.015240130946040154 -0.025803925469517708 -0.99955087900161743
2700 2.9776627343380824e-05 0.00031919582397677004 -0.99999994039535522
2701 8.7114902271423489e-05 -0.00089924660278484225 -0.99999958276748657
2702 6.0662528994726017e-05 -0.00080658617662265897 -0.99999970197677612
2703 2.6341711418353952e-05 0.00031446252251043916 -0.99999994039535522
2704 -0.031028600409626961 0.01348193921148777 -0.99942761659622192
2705 0.0099100088700652122 0.028459066525101662 -0.9995458722114563
2706 -0.99999397993087769 0.0034630920272320509 -0.00030697844340465963
2707 -0.011504159308969975 0.027837293222546577 -0.99954628944396973
2708 0.0035349335521459579 -0.029986457899212837 -0.99954408407211304
2709 0.009794456884264946 -0.028553565964102745 -0.99954432249069214
2710 -0.0087643666192889214 0.028971884399652481 -0.99954181909561157
2711 -0.0025431227404624224 0.029926074668765068 -0.99954891204833984
2712 -0.002250587334856391 -0.02762719988822937 -0.99961578845977783
2713 0.01407819427549839 0.022527074441313744 -0.99964714050292969
2714 0.011314193718135357 0.031655102968215942 -0.99943482875823975
2715 -0.0064346040599048138 -0.022869698703289032 -0.99971777200698853
2716 -0.0089980484917759895 -0.028841672465205193 -0.99954354763031006
2717 -0.0028413864783942699 -0.03025658056139946 -0.9995381236076355
2718 -0.0062987492419779301 0.023269269615411758 -0.99970942735671997
2719 -0.99997091293334961 0.0076228566467761993 -0.00027949802461080253
2720 0.0039891297928988934 0.030250309035181999 -0.99953436851501465
2721 -0.99999457597732544 0.0033003468997776508 -0.0003071879327762872
2722 0.0069656209088861942 0.029370108619332314 -0.99954438209533691
2723 -0.01908186636865139 0.017513938248157501 -0.9996645450592041
2724 -0.012905447743833065 0.019718160852789879 -0.99972236156463623
2725 0.0068562794476747513 -0.029577180743217468 -0.99953895807266235
2726 -0.011218014173209667 -0.025799164548516273 -0.99960422515869141
2727 0.006845494732260704 0.029803527519106865 -0.99953234195709229
2728 -0.011843007989227772 0.0032908048015087843 -0.99992448091506958
2729 0.019616600126028061 -0.035193376243114471 -0.99918800592422485
2730 2.4131682948791422e-05 0.00031837818096391857 -0.99999994039535522
2731 -0.99996578693389893 0.0082710487768054008 -0.00028567368281073868
2732 -0.0020191979128867388 0.028090842068195343 -0.99960333108901978
2733 0.0065202256664633751 -0.029513541609048843 -0.99954319000244141
2734 -0.00072747690137475729 0.0028863660991191864 -0.99999558925628662
2735 -0.027510408312082291 -0.0039659049361944199 -0.99961364269256592
2736 7.4538489570841193e-05 -0.00096221215790137649 -0.9999995231628418
2737 0.0013206272851675749 6.0448248405009508e-05 -0.99999916553497314
2738 -0.014203310012817383 -0.0041258074343204498 -0.99989062547683716
2739 -0.0017984200967475772 0.00045787243288941681 -0.99999827146530151
2740 0.0060500842519104481 -0.00034210653393529356 -0.99998164176940918
2741 0.013382529839873314 0.0025215991772711277 -0.99990725517272949
2742 -0.0039683720096945763 0.00064358330564573407 -0.99999195337295532
2743 0.0064474423415958881 -0.002176657086238265 -0.99997687339782715
2744 -0.021073071286082268 -0.0029587745666503906 -0.99977356195449829
2745 0.0065711927600204945 -0.00021161626500543207 -0.99997842311859131
2746 -0.00010283566371072084 0.00027815689099952579 -1
2747 -0.01317325048148632 0.031518176198005676 -0.99941641092300415
2748 -0.0053392676636576653 -0.0021235609892755747 -0.99998348951339722
2749 -0.021923072636127472 0.025169160217046738 -0.99944281578063965
2750 0.018365351483225822 0.020362336188554764 -0.99962401390075684
2751 0.0082791522145271301 -0.0029049261938780546 -0.99996155500411987
2752 -0.012223625555634499 -0.012836421839892864 -0.99984294176101685
2753 0.021460514515638351 0.0011114624794572592 -0.99976909160614014
2754 -0.031086945906281471 0.0035112409386783838 -0.99951058626174927
2755 -0.021987084299325943 -0.0029214001260697842 -0.99975401163101196
2756 -0.01620231568813324 -0.002317498903721571 -0.9998660683631897
2757 2.4226357709267177e-05 0.00032961409306153655 -0.99999994039535522
2758 -0.00010496811592020094 -0.00081931403838098049 -0.99999970197677612
2759 2.4551776732550934e-05 0.00032542366534471512 -0.99999994039535522
2760 -0.0026720110327005386 0.0036663736682385206 -0.99998968839645386
2761 0.022900665178894997 -0.013571726158261299 -0.9996456503868103
2762 -0.014512726105749607 -0.0041691754013299942 -0.99988603591918945
2763 -0.0054267873056232929 0.0031321400310844183 -0.9999803900718689
2764 0.0142246438190341 -0.0030461684800684452 -0.99989420175552368
2765 0.00080048938980326056 -0.00027954581310041249 -0.99999964237213135
2766 -0.0098983738571405411 0.0025275314692407846 -0.99994784593582153
2767 6.5950443968176842e-05 -0.00079340493539348245 -0.99999970197677612
2768 -0.0011409512953832746 0.00039905350422486663 -0.9999992847442627
2769 0.014408939518034458 -0.00092669244622811675 -0.99989581108093262
2770 2.5410930902580731e-05 0.00032120486139319837 -0.99999994039535522
2771 -0.016596527770161629 -0.0080630583688616753 -0.99982976913452148
2772 0.022744132205843925 0.0086402371525764465 -0.99970400333404541
2773 0.00018851851928047836 0.00035094161285087466 -0.99999994039535522
2774 0.016696849837899208 0.0034274191129952669 -0.99985474348068237
2775 6.8495777668431401e-05 -0.00092914019478484988 -0.99999958276748657
2776 6.0706905060214922e-05 -0.00085997727001085877 -0.99999964237213135
2777 0.020298877730965614 0.00093162717530503869 -0.99979352951049805
2778 6.1901824665255845e-05 -0.00082076300168409944 -0.99999970197677612
2779 -0.024775540456175804 0.0065295402891933918 -0.99967175722122192
2780 -0.014064529910683632 -0.0019096364267170429 -0.99989926815032959
2781 0.015540306456387043 0.0029395490419119596 -0.99987494945526123
2782 -0.016427496448159218 0.0017069190507754683 -0.99986362457275391
2783 0.020871708169579506 -0.0045918999239802361 -0.9997715950012207
2784 -0.013621383346617222 0.010815231129527092 -0.99984878301620483
2785 0.019133644178509712 0.0039926441386342049 -0.99980896711349487
2786 0.018235715106129646 -0.0039142081514000893 -0.99982607364654541
2787 2.303148721694015e-05 0.000306181755149737 -0.99999994039535522
2788 0.016765587031841278 0.0052706999704241753 -0.99984562397003174
2789 -0.011574406176805496 -0.017360299825668335 -0.99978232383728027
2790 0.038634717464447021 0.0031099813058972359 -0.99924862384796143
2791 0.011048173531889915 0.015236062929034233 -0.99982285499572754
2792 -0.0093521410599350929 -0.018475588411092758 -0.99978560209274292
2793 0.0029143074061721563 -0.00037641226663254201 -0.99999570846557617
2794 0.012160668149590492 0.0017624342581257224 -0.99992454051971436
2795 0.00030486012110486627 -0.00076065526809543371 -0.99999970197677612
2796 -0.015341941267251968 0.0060045174323022366 -0.99986428022384644
2797 0.0068438379094004631 -0.02043209969997406 -0.99976783990859985
2798 0.011529043316841125 -0.015631424263119698 -0.99981135129928589
2799 0.0021332504693418741 0.00015973793051671237 -0.99999773502349854
2800 5.5845528549980372e-05 -0.00083380553405731916 -0.99999964237213135
2801 -0.0021354828495532274 0.00074801937444135547 -0.99999743700027466
2802 0.022538242861628532 -0.005194452591240406 -0.99973249435424805
2803 -0.021064797416329384 -0.0064386534504592419 -0.99975740909576416
2804 0.00019317708211019635 0.000234379040193744 -0.99999994039535522
2805 -0.0047873691655695438 0.0013570087030529976 -0.99998760223388672
2806 -0.022842312231659889 -0.0061917360872030258 -0.99971997737884521
2807 0.016447097063064575 0.0029379609040915966 -0.99986046552658081
2808 -0.013818965293467045 -0.0059737581759691238 -0.99988669157028198
2809 -0.022011836990714073 -0.00563005730509758 -0.99974185228347778
2810 -1 0.00025903675123117864 0
2811 -1 0.00025717300013639033 0
2812 -1 0.00026440565125085413 0
2813 -1 0.0002691250410862267 0
2814 -1 0.00025162560632452369 0
2815 -1 0.00024784982088021934 0
2816 -1 0.00025226635625585914 0
2817 -1 0.00026966046425513923 0
2818 -1 0.00025516439927741885 0
2819 -1 0.00025549941346980631 0
2820 -1 0.00025470211403444409 0
2821 -1 0.00025312654906883836 0
2822 -1 0.00026006516418419778 0
2823 -1 0.00025850423844531178 0
2824 -1 0.00024788492009975016 0
2825 -1 0.00025093072326853871 0
2826 -1 0.00025064984220080078 0
2827 -1 0.00025945514789782465 0
2828 -1 0.00025655564968474209 0
2829 -1 0.00025681019178591669 0
2830 -1 0.00026132329367101192 0
2831 -1 0.00025982380611822009 0
2832 -1 0.00024758209474384785 0
2833 -1 0.00025342791923321784 0
2834 -1 0.00025835796259343624 0
2835 -1 0.00025329185882583261 0
2836 -1 0.00026116089429706335 0
2837 -1 0.00024571834364905953 0
2838 -1 0.00025912743876688182 0
2839 -1 0.00025746849132701755 0
2840 -1 0.00026961948606185615 0
2841 -1 0.00024885483435355127 0
2842 -1 0.00026995595544576645 0
2843 -1 0.00026079808594658971 0
2844 -1 0.0002685603394638747 0
2845 -1 0.00025077711325138807 0
2846 -1 0.00025033822748810053 0
2847 -1 0.00025478113093413413 0
2848 -1 0.00025345131871290505 0
2849 -1 0.00025268184253945947 0
2850 -1 0.00025517170433886349 0
2851 -1 0.0002546450705267489 0
2852 -1 0.00025289104087278247 0
2853 -1 0.00025327870389446616 0
2854 -1 0.00025438758893869817 0
2855 -1 0.00025407745852135122 0
2856 -1 0.00025151442969217896 0
2857 -1 0.00025930299307219684 0
2858 -1 0.00026041772798635066 0
2859 -1 0.00025914792786352336 0
2860 -1 0.00025599388754926622 0
2861 -1 0.00026128964964300394 0
2862 -1 0.00025488497340120375 0
2863 -1 0.00025799221475608647 0
2864 -1 0.00025988815468735993 0
2865 -1 0.00025812973035499454 0
2866 -1 0.00026094878558069468 0
2867 -1 0.00024497223785147071 0
2868 -1 0.00025161096709780395 0
2869 -1 0.00023097940720617771 0
2870 -1 0.00025811072555370629 0
2871 -1 0.00027262725052423775 0
2872 -1 0.00025937613099813461 0
2873 -1 0.00025259258109144866 0
2874 -1 0.00025814727996475995 0
2875 -1 0.00025586367701180279 0
2876 -1 0.00025234973873011768 0
2877 -1 0.00027459926786832511 0
2878 -1 0.00025488791288807988 0
2879 -1 0.00025649418239481747 0
2880 -1 0.00025718761025927961 0
2881 -1 0.00025637424550950527 0
2882 -1 0.00026091805193573236 0
2883 -1 0.00026286666980013251 0
2884 -1 0.00024710810976102948 0
2885 -1 0.00025038651074282825 0
2886 -1 0.00025448706583119929 0
2887 -1 0.00025109894340857863 0
2888 -1 0.00025911573902703822 0
2889 -1 0.00025390484370291233 0
2890 -1 0.00025564277893863618 0
2891 -1 0.00025479719624854624 0
2892 -1 0.00025394870317541063 0
2893 -1 0.00025235707289539278 0
2894 -1 0.00025252089835703373 0
2895 -1 0.00025385507615283132 0
2896 -1 0.00025291883503086865 0
2897 -1 0.00025631132302805781 0
2898 -1 0.00025133742019534111 0
2899 -1 0.00025107993860729039 0
2900 -1 0.00025479719624854624 0
2901 -1 0.00025238632224500179 0
2902 -1 0.00025467286468483508 0
2903 -1 0.00025324505986645818 0
2904 -1 0.0002519225818105042 0
2905 -1 0.00024790831957943738 0
2906 -1 0.00026614946546033025 0
2907 -1 0.00025182749959640205 0
2908 -1 0.00025320847635157406 0
2909 -1 0.00026489427546039224 0
2910 -1 0.00025685408036224544 0
2911 -1 0.00025698280660435557 0
2912 -1 0.00025883779744617641 0
2913 -1 0.00024609430693089962 0
2914 -1 0.00025452219415456057 0
2915 -1 0.00025474600261077285 0
2916 -1 0.0002585217880550772 0
2917 -1 0.00025223565171472728 0
2918 -1 0.00027078398852609098 0
2919 -1 0.00025407891371287405 0
2920 -1 0.00025777571136131883 0
2921 -1 0.00025711447233334184 0
2922 -1 0.00025291735073551536 0
2923 -1 0.0002564210444688797 0
2924 -1 0.00026834968593902886 0
2925 -1 0.00025854812702164054 0
2926 -1 0.0002510345948394388 0
2927 -1 0.00025497569004073739 0
2928 -1 0.00026553502539172769 0
2929 -1 0.00027160614263266325 0
2930 -1 0.00025859495508484542 0
2931 -1 0.00025581978843547404 0
2932 -1 0.00025189184816554189 0
2933 -1 0.00024896601098589599 0
2934 -1 0.00025476794689893723 0
2935 -1 0.00024672190193086863 0
2936 -1 0.00025051672128029168 0
2937 -1 0.0002466619189362973 0
2938 -1 0.0002590864896774292 0
2939 -1 0.00026019831420853734 0
2940 -1 0.00025150418514385819 0
2941 -1 0.00026087710284627974 0
2942 -1 0.00025548622943460941 0
2943 -1 0.00023939558013807982 0
2944 -1 0.00025767329498194158 0
2945 -1 0.00025353618548251688 0
2946 -1 0.00025386680499650538 0
2947 -1 0.00026985062868334353 0
2948 -1 0.00025388874928466976 0
2949 -1 0.00025736901443451643 0
2950 -1 0.00025701790582388639 0
2951 -1 0.00025948439724743366 0
2952 -1 0.00026007540873251855 0
2953 -1 0.00026124576106667519 0
2954 -1 0.00026030655135400593 0
2955 -1 0.00025526242097839713 0
2956 -1 0.00024631814449094236 0
2957 -1 0.00025610506418161094 0
2958 -1 0.0002740111667662859 0
2959 -1 0.00025066445232369006 0
2960 -1 0.00025771427317522466 0
2961 -1 0.00025906015071086586 0
2962 -1 0.0002542442234698683 0
2963 -1 0.00025030603865161538 0
2964 -1 0.00023613912344444543 0
2965 -1 0.00025643859407864511 0
2966 -1 0.00025230878964066505 0
2967 -1 0.00027413407224230468 0
2968 -1 0.00027196895098313689 0
2969 -1 0.00025790007202886045 0
2970 -1 0.00026505813002586365 0
2971 -1 0.00024347711587324739 0
2972 -1 0.00024725732509978116 0
2973 -1 0.00023970425536390394 0
2974 -1 0.00025362541782669723 0
2975 -1 0.00025449585518799722 0
2976 -1 0.00025877341977320611 0
2977 -1 0.00025953998556360602 0
2978 -1 0.00023862754460424185 0
2979 -1 0.00024258620396722108 0
2980 -1 0.00024573443806730211 0
2981 -1 0.00026329091633670032 0
2982 -1 0.00025660829851403832 0
2983 -1 0.00024690915597602725 0
2984 -1 0.00025270669721066952 0
2985 -1 0.00024640007177367806 0
2986 -1 0.00025609336444176733 0
2987 -1 0.00025606117560528219 0
2988 -1 0.00024448655312880874 0
2989 -1 0.00025673411437310278 0
2990 -1 0.00026016612537205219 0
2991 -1 0.00025756945251487195 0
2992 0.0077999909408390522 0.034541431814432144 -0.99937283992767334
2993 -4.9737249355530366e-05 -0.00051129685016348958 -0.99999988079071045
2994 -0.010159577243030071 0.0098997754976153374 -0.99989938735961914
2995 0.0065261125564575195 -0.0083086201921105385 -0.99994421005249023
2996 -0.0012076026760041714 -5.5013722885632887e-05 -0.9999992847442627
2997 0.032697118818759918 -0.023142445832490921 -0.99919736385345459
2998 -0.019210310652852058 0.0011669575469568372 -0.99981480836868286
2999 -0.040851239114999771 0.012238071300089359 -0.99909031391143799
3000 -0.018677858635783195 0.0081911478191614151 -0.99979197978973389
3001 -0.024510117247700691 -0.020810522139072418 -0.99948298931121826
3002 -0.0090171657502651215 -0.035606347024440765 -0.9993252158164978
3003 -0.00020071078324690461 0.00063737801974639297 -0.9999997615814209
3004 -0.023423733189702034 -0.020751241594552994 -0.99951028823852539
3005 0.024201039224863052 0.023038016632199287 -0.99944162368774414
3006 0.03147197887301445 -0.009774395264685154 -0.99945682287216187
3007 0.0010180525714531541 -0.0008356348262168467 -0.99999916553497314
3008 -1.1144598829559982e-05 0.00064687425037845969 -0.99999982118606567
3009 0.022149423137307167 0.019937992095947266 -0.99955588579177856
3010 -0.034245707094669342 0.023323994129896164 -0.99914127588272095
3011 0.027356261387467384 0.014120724983513355 -0.99952602386474609
3012 -0.017967056483030319 -0.010054905898869038 -0.99978804588317871
3013 -0.024139387533068657 0.012957324273884296 -0.99962466955184937
3014 -0.0010429772082716227 -0.0001258573611266911 -0.99999946355819702
3015 -0.0098401913419365883 -0.029808396473526955 -0.99950718879699707
3016 -0.0069381436333060265 -0.0012099698651582003 -0.99997520446777344
3017 0.017465028911828995 0.014366275630891323 -0.99974429607391357
3018 0.0089197857305407524 0.029985420405864716 -0.99951052665710449
3019 -0.020863441750407219 -0.022772148251533508 -0.99952298402786255
3020 0.0055234525352716446 0.0020835872273892164 -0.99998259544372559
3021 0.00071151251904666424 0.00076342676766216755 -0.99999946355819702
3022 -0.01456656027585268 -0.024715060368180275 -0.99958842992782593
3023 -0.0066641857847571373 0.0042300303466618061 -0.99996888637542725
3024 0.017119379714131355 0.025380387902259827 -0.99953126907348633
3025 0.025158902630209923 0.0077182459644973278 -0.99965369701385498
3026 -0.99991077184677124 0.013352120295166969 0.00049368554027751088
3027 0.0012793992646038532 -0.027699368074536324 -0.99961555004119873
3028 -0.014311213977634907 -0.0030747842974960804 -0.99989289045333862
3029 -1 3.5659033983392874e-06 0.000123527817777358
3030 0.010234527289867401 -0.021544847637414932 -0.99971550703048706
3031 -0.0053268224000930786 -0.032117452472448349 -0.99946993589401245
3032 0.011189204640686512 0.027743520215153694 -0.99955248832702637
3033 -0.013518481515347958 -0.002947698812931776 -0.99990427494049072
3034 -0.0064237462356686592 -0.027906361967325211 -0.99958992004394531
3035 0.014129653573036194 -0.010956179350614548 -0.99984019994735718
3036 -0.023881234228610992 0.020631292834877968 -0.99950194358825684
3037 0.016938872635364532 0.0049987677484750748 -0.99984407424926758
3038 0.023170186206698418 -0.0097655551508069038 -0.99968385696411133
3039 0.014213166199624538 0.024962499737739563 -0.99958735704421997
3040 0.012047503143548965 -0.027575818821787834 -0.99954718351364136
3041 0.00072950293542817235 -0.00078829115955159068 -0.99999946355819702
3042 0.0047520031221210957 -0.0014552163193002343 -0.99998766183853149
3043 0.024272358044981956 -0.017891589552164078 -0.99954527616500854
3044 0.02289089560508728 -0.02081378735601902 -0.99952131509780884
3045 -0.012508396059274673 0.02658630907535553 -0.99956834316253662
3046 -0.027768176048994064 -0.0074893771670758724 -0.99958634376525879
3047 0.0020527513697743416 0.02752348966896534 -0.99961906671524048
3048 -0.010323002003133297 0.024354804307222366 -0.99965006113052368
3049 -0.023793108761310577 0.020566653460264206 -0.99950534105300903
3050 -0.02038395032286644 0.021657604724168777 -0.99955767393112183
3051 -0.01794511079788208 0.023398257791996002 -0.99956518411636353
3052 0.023326324298977852 -0.020972715690732002 -0.99950790405273438
3053 0.030647927895188332 0.015867726877331734 -0.99940431118011475
3054 0.028655804693698883 -0.0095004197210073471 -0.99954420328140259
3055 0.025378121063113213 0.01851181872189045 -0.99950653314590454
3056 -0.016229378059506416 -0.0026454455219209194 -0.99986481666564941
3057 0.023841267451643944 0.016118651255965233 -0.99958580732345581
3058 -0.015505354851484299 0.025917824357748032 -0.99954384565353394
3059 -0.0094628110527992249 0.027498748153448105 -0.9995771050453186
3060 -0.02602715790271759 -0.0077397488057613373 -0.99963128566741943
3061 -0.029531614854931831 -0.014302320778369904 -0.99946153163909912
3062 0.019948281347751617 -0.022294698283076286 -0.99955242872238159
3063 0.017377590760588646 -0.02396010234951973 -0.99956190586090088
3064 0.017452439293265343 -0.024656372144818306 -0.99954366683959961
3065 0.02542671374976635 -0.015090586617588997 -0.99956279993057251
3066 0.023936500772833824 -0.017792649567127228 -0.99955517053604126
3067 0.0087551651522517204 -0.028028640896081924 -0.99956881999969482
3068 -0.023333046585321426 -0.018147369846701622 -0.99956303834915161
3069 -0.027210792526602745 0.01180878933519125 -0.99955999851226807
3070 0.024176809936761856 0.016167985275387764 -0.99957692623138428
3071 -0.013046854175627232 -0.02598750963807106 -0.9995771050453186
3072 0.024759730324149132 0.018900791183114052 -0.99951475858688354
3073 0.022923186421394348 0.01269178744405508 -0.99965667724609375
3074 -0.024277804419398308 0.017231332138180733 -0.9995567798614502
3075 -0.025656279176473618 0.014444432221353054 -0.99956649541854858
3076 -0.034778714179992676 0.010645851492881775 -0.99933838844299316
3077 0.015857072547078133 0.024854935705661774 -0.99956530332565308
3078 0.014810629189014435 -0.026362862437963486 -0.9995427131652832
3079 -0.0096742501482367516 0.027523327618837357 -0.99957436323165894
3080 -0.02561073936522007 -0.010853689163923264 -0.99961310625076294
3081 -0.024533269926905632 -0.017208458855748177 -0.99955093860626221
3082 -0.015536392107605934 0.025133952498435974 -0.99956339597702026
3083 -0.025756495073437691 -0.017937993630766869 -0.9995073676109314
3084 0.011834790930151939 -0.027622254565358162 -0.99954837560653687
3085 0.025448085740208626 -0.011818140745162964 -0.99960631132125854
3086 -0.0051016174256801605 0.023589754477143288 -0.99970871210098267
3087 -0.009294695220887661 0.027289306744933128 -0.9995843768119812
3088 -0.023152079433202744 -0.017873303964734077 -0.99957215785980225
3089 -0.026230005547404289 0.011497225612401962 -0.99958980083465576
3090 0.029383769258856773 -0.0098795564845204353 -0.99951934814453125
3091 -0.023862961679697037 0.016864702105522156 -0.9995729923248291
3092 0.019302196800708771 0.005555800162255764 -0.9997982382774353
3093 0.0084712309762835503 -0.028193464502692223 -0.99956661462783813
3094 -0.016677934676408768 -0.024274881929159164 -0.99956619739532471
3095 0.018618430942296982 0.011899232864379883 -0.999755859375
3096 0.020812086760997772 0.023322371765971184 -0.99951136112213135
3097 0.020499108359217644 0.02104797400534153 -0.99956834316253662
3098 0.015772156417369843 -0.028551755473017693 -0.99946784973144531
3099 0.021987523883581161 -0.020196264609694481 -0.99955427646636963
3100 -0.004041736014187336 -0.033121980726718903 -0.9994431734085083
3101 0.027116315439343452 0.0095055270940065384 -0.99958711862564087
3102 -0.022477865219116211 0.01967143826186657 -0.9995538592338562
3103 0.021087838336825371 -0.015852469950914383 -0.99965196847915649
3104 -0.02521788701415062 0.014187329448759556 -0.99958133697509766
3105 -0.022248959168791771 -0.023785872384905815 -0.99946945905685425
3106 -0.019071398302912712 -0.022425660863518715 -0.99956661462783813
3107 -0.021238414570689201 -0.02032199315726757 -0.99956786632537842
3108 -0.020600797608494759 -0.004654791671782732 -0.99977695941925049
3109 0.022388100624084473 0.018447648733854294 -0.99957913160324097
3110 -0.020387794822454453 0.022021546959877014 -0.99954962730407715
3111 -0.021764371544122696 -0.0107504827901721 -0.99970537424087524
3112 0.023129615932703018 0.01925579272210598 -0.99954706430435181
3113 -0.022713290527462959 -0.019650239497423172 -0.99954891204833984
3114 -0.02656388096511364 -0.014563406817615032 -0.99954104423522949
3115 -0.024832993745803833 -0.015676943585276604 -0.99956870079040527
3116 -0.026627823710441589 0.0085515808314085007 -0.99960881471633911
3117 0.02025904692709446 0.023564793169498444 -0.99951702356338501
3118 -0.023122470825910568 -0.018116910010576248 -0.99956852197647095
3119 -0.0042890929616987705 0.001332781626842916 -0.99998992681503296
3120 0.027700494974851608 0.016425879672169685 -0.99948132038116455
3121 -0.014999453909695148 -0.0054737725295126438 -0.99987256526947021
3122 0.020098250359296799 -0.022661877796053886 -0.99954116344451904
3123 0.018317995592951775 0.025970513001084328 -0.99949485063552856
3124 0.021763032302260399 -0.019748969003558159 -0.99956810474395752
3125 -0.020298333838582039 0.021689962595701218 -0.99955868721008301
3126 -0.016112629324197769 -0.024061888456344604 -0.99958062171936035
3127 0.022693470120429993 0.012300280854105949 -0.99966681003570557
3128 0.026012198999524117 0.012361147440969944 -0.99958521127700806
3129 0.019563250243663788 -0.02199794165790081 -0.99956661462783813
3130 0.022511716932058334 0.018703879788517952 -0.99957162141799927
3131 -0.019086513668298721 -0.022558795288205147 -0.99956333637237549
3132 -0.026663908734917641 -0.013128869235515594 -0.99955826997756958
3133 0.017406478524208069 -0.023901773616671562 -0.99956279993057251
3134 0.022260081022977829 -0.020512912422418594 -0.9995417594909668
3135 0.0026059316005557775 -0.030343132093548775 -0.99953615665435791
3136 -0.022224336862564087 0.012342533096671104 -0.99967682361602783
3137 0.022879756987094879 0.015516950748860836 -0.9996178150177002
3138 0.021468967199325562 0.014540859498083591 -0.99966377019882202
3139 0.020528564229607582 0.020990738645195961 -0.99956893920898438
3140 -0.020575681701302528 0.022058358415961266 -0.99954497814178467
3141 -0.02043614536523819 0.02135290764272213 -0.99956309795379639
3142 -0.023058017715811729 -0.014225879684090614 -0.99963295459747314
3143 -0.018296027556061745 0.024107616394758224 -0.99954193830490112
3144 -0.023196300491690636 -0.018005400896072388 -0.99956881999969482
3145 0.01770145446062088 -0.024590147659182549 -0.99954086542129517
3146 -0.024758972227573395 -0.015447115525603294 -0.99957412481307983
3147 -0.024783113971352577 -0.015615178272128105 -0.99957090616226196
3148 -0.99999994039535522 -1.2781727491528727e-05 0.00042223662603646517
3149 0.031202206388115883 0.016414206475019455 -0.99937832355499268
3150 0.023028627038002014 -0.017003806307911873 -0.99959021806716919
3151 0.012234714813530445 -0.02700146846473217 -0.99956059455871582
3152 -0.014206847175955772 -0.025931058451533318 -0.99956279993057251
3153 -0.018159704282879829 0.023893138393759727 -0.99954962730407715
3154 -0.015683703124523163 0.025129139423370361 -0.99956119060516357
3155 -0.010105032473802567 0.027812352403998375 -0.99956208467483521
3156 0.026267834007740021 -0.015555151738226414 -0.99953395128250122
3157 0.0065595465712249279 0.032527454197406769 -0.99944937229156494
3158 0.022494764998555183 0.01881704106926918 -0.99956989288330078
3159 -0.012930589728057384 0.027974741533398628 -0.99952501058578491
3160 -0.01255411934107542 -0.026888372376561165 -0.99955964088439941
3161 0.022762291133403778 0.020922133699059486 -0.99952197074890137
3162 0.020603213459253311 0.021189501509070396 -0.99956315755844116
3163 -0.0086452746763825417 -0.028300784528255463 -0.99956208467483521
3164 0.0057477410882711411 -0.02894151397049427 -0.99956458806991577
3165 -0.015454712323844433 0.025320976972579956 -0.99955993890762329
3166 0.014805823564529419 -0.02579888142645359 -0.99955755472183228
3167 0.024628179147839546 -0.014744612388312817 -0.99958795309066772
3168 0.010535118170082569 0.027699898928403854 -0.99956077337265015
3169 0.01759769394993782 -0.024354005232453346 -0.99954855442047119
3170 0.026869757100939751 -0.012526163831353188 -0.99956047534942627
3171 0.014768056571483612 0.0067578554153442383 -0.99986815452575684
3172 -0.024985304102301598 -0.0092498855665326118 -0.99964505434036255
3173 -0.023091588169336319 0.010172787122428417 -0.99968159198760986
3174 -0.01276127714663744 0.026663100346922874 -0.99956303834915161
3175 0.018341042101383209 0.023157080635428429 -0.99956357479095459
3176 0.0093803415074944496 -0.028096478432416916 -0.99956125020980835
3177 0.018378904089331627 0.023118993267416954 -0.99956381320953369
3178 -0.0071317665278911591 0.030559509992599487 -0.99950754642486572
3179 -0.02237955667078495 0.019173659384250641 -0.9995657205581665
3180 -0.99965858459472656 -0.026127610355615616 0.00020456116180866957
3181 0.013820864260196686 0.025353258475661278 -0.99958300590515137
3182 0.012175521813333035 -0.027025617659091949 -0.99956059455871582
3183 -0.012971427291631699 0.026613933965563774 -0.99956166744232178
3184 -0.02159428782761097 0.014953958801925182 -0.99965500831604004
3185 -0.021494198590517044 -0.020323697477579117 -0.99956238269805908
3186 -0.0027067670598626137 -0.029528211802244186 -0.99956029653549194
3187 -0.016749199479818344 -0.024249093607068062 -0.99956566095352173
3188 -0.02315027080476284 -0.014632881619036198 -0.99962496757507324
3189 -0.015449364669620991 0.025202155113220215 -0.99956303834915161
3190 -0.010222085751593113 0.027818383648991585 -0.99956077337265015
3191 0.0046819583512842655 0.029290333390235901 -0.99955999851226807
3192 -0.019132887944579124 -0.022399405017495155 -0.99956601858139038
3193 -0.017666015774011612 -0.023551022633910179 -0.99956655502319336
3194 -0.020857101306319237 0.017685448750853539 -0.99962610006332397
3195 0.0017082395497709513 0.029644381254911423 -0.99955910444259644
3196 -0.023641183972358704 0.016529075801372528 -0.99958384037017822
3197 -0.02539430558681488 -0.010590799152851105 -0.99962145090103149
3198 0.0259114820510149 0.013802616856992245 -0.99956899881362915
3199 0.014824839308857918 -0.025638263672590256 -0.9995613694190979
3200 -0.99964112043380737 -0.026787571609020233 0.00020328548271209002
3201 0.020547065883874893 0.020872091874480247 -0.99957102537155151
3202 0.023031173273921013 -0.01391663309186697 -0.9996379017829895
3203 -0.010002743452787399 0.027797028422355652 -0.99956357479095459
3204 -0.0071691824123263359 0.028708601370453835 -0.99956214427947998
3205 0.022994596511125565 0.019285803660750389 -0.99954956769943237
3206 0.013316813856363297 0.02642449364066124 -0.99956214427947998
3207 0.012071849778294563 -0.027018740773200989 -0.99956208467483521
3208 0.024367311969399452 0.01654449850320816 -0.99956619739532471
3209 -0.026294682174921036 0.011343894526362419 -0.99958986043930054
3210 -0.025142019614577293 0.013987372629344463 -0.99958604574203491
3211 -0.019254416227340698 -0.022392569109797478 -0.99956381320953369
3212 -0.0042524649761617184 0.029340950772166252 -0.99956047534942627
3213 0.019757257774472237 -0.022049056366086006 -0.99956166744232178
3214 0.013283735141158104 0.02651684358716011 -0.99956011772155762
3215 -0.018232874572277069 0.023875230923295021 -0.99954873323440552
3216 0.010627673007547855 0.027578201144933701 -0.99956315755844116
3217 0.0033656938467174768 -0.029486946761608124 -0.99955952167510986
3218 0.0063132806681096554 -0.028915571048855782 -0.99956196546554565
3219 -0.021216649562120438 -0.020385876297950745 -0.99956709146499634
3220 -0.0055714724585413933 -0.029147639870643616 -0.99955964088439941
3221 -0.021945655345916748 -0.016553970053792 -0.99962210655212402
3222 0.01587819866836071 0.025000635534524918 -0.9995613694190979
3223 0.017352908849716187 -0.024312932044267654 -0.99955379962921143
3224 -0.021280193701386452 -0.020259780809283257 -0.99956828355789185
3225 -0.02035076916217804 0.021485906094312668 -0.99956202507019043
3226 -0.034311134368181229 -0.016408951953053474 -0.99927651882171631
3227 -0.007287053856998682 0.028755133971571922 -0.99955993890762329
3228 -0.01424737274646759 -0.025889938697218895 -0.99956327676773071
3229 0.014851022511720657 -0.025544431060552597 -0.99956339597702026
3230 -0.99956166744232178 -0.029605822637677193 0.00010402698535472155
3231 0.0064996746368706226 -0.028941750526428223 -0.99955999851226807
3232 0.013351108878850937 0.026329807937145233 -0.99956417083740234
3233 0.019932057708501816 -0.022622119635343552 -0.9995453953742981
3234 0.009214058518409729 -0.028131589293479919 -0.99956178665161133
3235 0.0092575689777731895 -0.028041571378707886 -0.99956393241882324
3236 -0.0028160877991467714 -0.029509220272302628 -0.99956059455871582
3237 -0.0087860384956002235 -0.028227534145116806 -0.99956291913986206
3238 0.028934763744473457 0.019644435495138168 -0.99938827753067017
3239 0.019717194139957428 -0.021955229341983795 -0.999564528465271
3240 0.0017693680711090565 0.029582379385828972 -0.99956083297729492
3241 0.018361425027251244 0.022989816963672638 -0.99956709146499634
3242 -0.011457771062850952 -0.027302836999297142 -0.99956154823303223
3243 0.014816900715231895 -0.026049375534057617 -0.99955087900161743
3244 0.015908559784293175 0.024819981306791306 -0.99956536293029785
3245 -0.015493148937821388 0.025585852563381195 -0.99955260753631592
3246 0.023823248222470284 -0.017659362405538559 -0.99956023693084717
3247 0.010562373325228691 0.027566459029912949 -0.99956417083740234
3248 0.018477274104952812 0.02299688383936882 -0.9995647668838501
3249 0.0063964580185711384 -0.028865175321698189 -0.99956285953521729
3250 -0.020359126850962639 0.017152793705463409 -0.99964559078216553
3251 -3.9616039430256933e-05 -0.00053180038230493665 -0.99999988079071045
3252 -0.01150237675756216 -0.027208106592297554 -0.99956363439559937
3253 -0.0057744714431464672 -0.029109751805663109 -0.99955958127975464
3254 -0.018078034743666649 0.023356350138783455 -0.99956375360488892
3255 -0.011598160490393639 -0.027276249602437019 -0.9995606541633606
3256 0.003455350873991847 -0.029457485303282738 -0.99956011772155762
3257 0.0094535881653428078 -0.028088346123695374 -0.99956077337265015
3258 0.012051166966557503 -0.027187846601009369 -0.9995577335357666
3259 -0.021820638328790665 -0.021086152642965317 -0.99953949451446533
3260 -0.0070785703137516975 0.028672114014625549 -0.99956381320953369
3261 -5.3335515985963866e-05 0.00059464364312589169 -0.99999982118606567
3262 -0.99970752000808716 -0.024183109402656555 0.00018627819372341037
3263 -0.012827641330659389 0.026610126718878746 -0.99956363439559937
3264 0.011018434539437294 0.029760982841253281 -0.99949634075164795
3265 0.021781791001558304 -0.019803093746304512 -0.99956661462783813
3266 -0.005900080781430006 -0.028961889445781708 -0.99956315755844116
3267 -0.016861887648701668 -0.024293970316648483 -0.99956268072128296
3268 -0.0041704359464347363 0.029374932870268822 -0.99955981969833374
3269 0.0046261087991297245 0.029445286840200424 -0.99955570697784424
3270 -0.014379003085196018 -0.02590818889439106 -0.99956095218658447
3271 0.0077719707041978836 0.028505561873316765 -0.99956345558166504
3272 -0.0029109939932823181 -0.029064025729894638 -0.99957334995269775
3273 0.0076913861557841301 0.028649153187870979 -0.99955999851226807
3274 -4.4834196160081774e-05 -0.00048030263860709965 -0.99999988079071045
3275 -0.0034851799719035625 0.027440691366791725 -0.99961739778518677
3276 0.015992952510714531 0.024813469499349594 -0.99956417083740234
3277 -0.014173115603625774 -0.026022836565971375 -0.9995608925819397
3278 -5.2988700190326199e-05 0.00062347232596948743 -0.99999982118606567
3279 0.0015955980634316802 0.030729228630661964 -0.9995265007019043
3280 -0.0022927164100110531 0.029920831322669983 -0.99954968690872192
3281 -4.7294972318923101e-05 -0.00056302308803424239 -0.99999988079071045
3282 0.0075898747891187668 0.028791435062885284 -0.99955666065216064
3283 -0.0056729703210294247 -0.02908959798514843 -0.99956071376800537
3284 0.0046019600704312325 0.032490167766809464 -0.99946147203445435
3285 -0.012662781402468681 0.02663736417889595 -0.9995650053024292
3286 -0.017346261069178581 -0.025442237034440041 -0.99952578544616699
3287 -5.0427774112904444e-05 0.00056636135559529066 -0.99999988079071045
3288 0.0076191327534615993 0.028703870251774788 -0.99955892562866211
3289 -0.0061490330845117569 -0.029815923422574997 -0.99953651428222656
3290 0.019510488957166672 -0.018018743023276329 -0.99964731931686401
3291 0.026955755427479744 -0.015612894669175148 -0.99951469898223877
3292 0.010482908226549625 0.027788892388343811 -0.99955886602401733
3293 -0.014218535274267197 -0.026397736743092537 -0.99955040216445923
3294 0.020274577662348747 0.020438401028513908 -0.99958556890487671
3295 -0.011380174197256565 -0.027312492951750755 -0.99956220388412476
3296 -0.0085719702765345573 -0.028369097039103508 -0.99956077337265015
3297 -0.0023630179930478334 -0.029303578659892082 -0.99956780672073364
3298 0.0048261433839797974 0.029074201360344887 -0.99956566095352173
3299 -0.0083915507420897484 -0.028138548135757446 -0.99956881999969482
3300 -0.0099209705367684364 0.0278314258903265 -0.99956345558166504
3301 -0.011438071727752686 -0.028581205755472183 -0.99952602386474609
3302 -4.7734603867866099e-05 -0.00054860697127878666 -0.99999988079071045
3303 -5.6114746257662773e-05 0.00065516174072399735 -0.99999982118606567
3304 0.018492938950657845 -0.01707230880856514 -0.9996832013130188
3305 0.0018441928550601006 0.02893047034740448 -0.99957972764968872
3306 -0.0066076843068003654 0.027765866369009018 -0.99959260225296021
3307 0.023183643817901611 -0.01714254729449749 -0.99958425760269165
3308 -3.6884386645397171e-05 -0.00049809034680947661 -0.99999988079071045
3309 0.014932041056454182 -0.025584472343325615 -0.9995611310005188
3310 -0.01777290552854538 0.023574203252792358 -0.99956411123275757
3311 -0.0028603645041584969 -0.029316384345293045 -0.99956613779067993
3312 0.019156618043780327 0.02425309456884861 -0.99952226877212524
3313 -0.024832751601934433 -0.01965387724339962 -0.99949842691421509
3314 0.0049716327339410782 0.029316531494259834 -0.99955785274505615
3315 -0.013064641505479813 0.02656363882124424 -0.99956178665161133
3316 -0.018193051218986511 0.023272272199392319 -0.99956363439559937
3317 -0.018031278625130653 0.022691326215863228 -0.99957990646362305
3318 0.0035233739763498306 -0.029381897300481796 -0.99956208467483521
3319 -4.7454836021643132e-05 0.00055209652055054903 -0.99999988079071045
3320 0.013370731845498085 0.026791555806994438 -0.99955165386199951
3321 -0.99972414970397949 -0.02348819188773632 0.00017744174692779779
3322 -0.0037671907339245081 0.00026805090601556003 -0.99999290704727173
3323 -0.020177051424980164 -0.023116784170269966 -0.99952912330627441
3324 -0.022922469303011894 0.016101483255624771 -0.99960756301879883
3325 -0.011682195588946342 -0.027218583971261978 -0.99956125020980835
3326 -4.7056695620995015e-05 -0.00054877856746315956 -0.99999988079071045
3327 -6.4587518863845617e-05 0.00066610181238502264 -0.99999982118606567
3328 0.0047499607317149639 0.029287643730640411 -0.99955976009368896
3329 -0.0025876178406178951 -0.029485082253813744 -0.99956190586090088
3330 0.019725702702999115 -0.022064032033085823 -0.99956196546554565
3331 0.0065927947871387005 -0.025990808382630348 -0.99964046478271484
3332 0.018301013857126236 0.022508341819047928 -0.99957913160324097
3333 -0.022223280742764473 0.019219532608985901 -0.99956834316253662
3334 0.010670137591660023 0.027509717270731926 -0.99956458806991577
3335 0.013404959812760353 0.026316868141293526 -0.99956381320953369
3336 0.0016472471179440618 0.029600245878100395 -0.99956047534942627
3337 -0.020366542041301727 0.021000485867261887 -0.9995720386505127
3338 -0.0043459604494273663 0.029359120875597 -0.99955952167510986
3339 -0.016921175643801689 -0.024172157049179077 -0.99956464767456055
3340 -4.6416618715738878e-05 -0.00053395924624055624 -0.99999988079071045
3341 -4.7463101509492844e-05 0.00054599763825535774 -0.99999988079071045
3342 -5.4040829127188772e-05 0.00066008605062961578 -0.99999982118606567
3343 0.0077997446060180664 0.028325868770480156 -0.99956834316253662
3344 0.01739407517015934 -0.023845631629228592 -0.99956434965133667
3345 0.015970088541507721 0.024661002680659294 -0.99956834316253662
3346 -0.0058212969452142715 -0.028918024152517319 -0.99956488609313965
3347 6.75559276714921e-05 -0.0005962986615486443 -0.99999982118606567
3348 -0.0086984867230057716 -0.028194429352879524 -0.99956464767456055
3349 -0.0014124410226941109 0.029575105756521225 -0.999561607837677
3350 -0.00253263209015131 -0.0003462012973614037 -0.99999672174453735
3351 -0.99957466125488281 -0.029163239523768425 0.00033299176720902324
3352 0.0047661629505455494 0.029052924364805222 -0.99956655502319336
3353 0.0021863698493689299 -0.0011424459517002106 -0.99999696016311646
3354 0.0018042386509478092 0.029336219653487206 -0.99956798553466797
3355 0.0077271428890526295 0.028517922386527061 -0.99956345558166504
3356 0.0023563122376799583 0.00076591584365814924 -0.99999696016311646
3357 -0.0089313685894012451 -0.028350453823804855 -0.9995582103729248
3358 0.012757644988596439 -0.027925055474042892 -0.99952858686447144
3359 0.0010289784986525774 -0.00063252716790884733 -0.9999992847442627
3360 0.00054668111260980368 -0.02947670966386795 -0.99956536293029785
3361 -0.042607046663761139 0.0042941696010529995 -0.99908268451690674
3362 -0.00734373414888978 0.028571119531989098 -0.99956482648849487
3363 0.0095048472285270691 0.0015630427515134215 -0.99995362758636475
3364 0.0032477499917149544 -0.029254479333758354 -0.99956673383712769
3365 -0.029647782444953918 -0.013889370486140251 -0.99946391582489014
3366 -0.014456949196755886 -0.025806210935115814 -0.99956244230270386
3367 0.024478135630488396 0.010301252827048302 -0.99964731931686401
3368 0.0068464027717709541 -0.029908377677202225 -0.99952924251556396
3369 0.0061770551837980747 -0.028717868030071259 -0.99956852197647095
3370 0.0037089760880917311 -0.02888927236199379 -0.99957579374313354
3371 -0.0047281607985496521 0.030121786519885063 -0.99953508377075195
3372 -0.00091638544108718634 0.00047643505968153477 -0.99999946355819702
3373 -0.015822310000658035 0.025089887902140617 -0.99955999851226807
3374 0.0027366578578948975 -0.028145007789134979 -0.9996001124382019
3375 -0.01308345515280962 -0.00055501202587038279 -0.99991428852081299
3376 -0.0040731481276452541 0.029150029644370079 -0.99956679344177246
3377 -0.0010506632970646024 -0.00045117782428860664 -0.99999940395355225
3378 -0.023240786045789719 -0.011408606544137001 -0.9996647834777832
3379 0.015343933366239071 -0.026116464287042618 -0.99954116344451904
3380 -0.0011241328902542591 -0.00028979018679820001 -0.99999934434890747
3381 -0.99975895881652832 -0.021953701972961426 0.00018104800255969167
3382 -0.017510123550891876 -0.024137791246175766 -0.99955534934997559
3383 -0.99977129697799683 -0.021387616172432899 0.00016971018339972943
3384 -0.010373293422162533 0.027500901371240616 -0.99956798553466797
3385 -0.006949316244572401 0.028483880683779716 -0.99957013130187988
3386 0.012896869331598282 0.025147650390863419 -0.99960052967071533
3387 0.0090008871629834175 -0.027918843552470207 -0.99956971406936646
3388 0.044687919318675995 -0.0057481857948005199 -0.99898451566696167
3389 -0.012421486899256706 -0.028322800993919373 -0.99952167272567749
3390 -0.028573248535394669 0.008441263809800148 -0.99955612421035767
3391 0.0031081214547157288 -0.028870442882180214 -0.99957835674285889
3392 0.0097061693668365479 0.030074788257479668 -0.99950051307678223
3393 0.022434988990426064 -0.0079589113593101501 -0.99971663951873779
3394 0.029036113992333412 -0.013284041546285152 -0.99949014186859131
3395 -4.2979638237738982e-05 0.0005593195091933012 -0.99999988079071045
3396 -0.024328954517841339 0.016473585739731789 -0.99956828355789185
3397 -5.815641998196952e-05 0.00069608376361429691 -0.9999997615814209
3398 -0.011086931452155113 0.0035504046827554703 -0.99993228912353516
3399 0.00075844145612791181 -0.00078553799539804459 -0.99999940395355225
3400 0.0011288858950138092 -0.00087587826419621706 -0.99999898672103882
3401 0.0059855221770703793 -0.028639396652579308 -0.99957191944122314
3402 0.015624173916876316 0.003805733285844326 -0.99987071752548218
3403 0.01400162186473608 -0.0035738744772970676 -0.99989563226699829
3404 -0.0004463978111743927 -0.00040833768434822559 -0.99999982118606567
3405 0.00093303975882008672 0.00091714836889877915 -0.99999916553497314
3406 -0.003900439478456974 0.028703173622488976 -0.99958038330078125
3407 0.02755933441221714 -0.0035005114041268826 -0.99961405992507935
3408 -4.1462983062956482e-05 -0.00053524278337135911 -0.99999988079071045
3409 0.011776539497077465 -0.0074439705349504948 -0.99990296363830566
3410 0.019292710348963737 -0.01542937383055687 -0.99969482421875
3411 0.0093179643154144287 -0.0029257424175739288 -0.99995231628417969
3412 -0.01953243650496006 0.011025107465684414 -0.99974846839904785
3413 0.031512316316366196 -0.015626024454832077 -0.99938124418258667
3414 0.021862426772713661 -0.025228885933756828 -0.99944263696670532
3415 -0.013195609673857689 -0.0049064299091696739 -0.9999009370803833
3416 -0.99984747171401978 -0.017465509474277496 0.00024627093807794154
3417 0.015118819661438465 0.020541707053780556 -0.99967467784881592
3418 -0.99984574317932129 -0.017563242465257645 0.00025266752345487475
3419 0.004491936881095171 -0.026146626099944115 -0.99964803457260132
3420 -0.0031590440776199102 -0.028420470654964447 -0.99959111213684082
3421 0.012671602889895439 -0.0033520904835313559 -0.99991410970687866
3422 -0.01627662219107151 -0.026934118941426277 -0.9995046854019165
3423 0.01356253307312727 -0.0036152303218841553 -0.99990153312683105
3424 -0.011195890605449677 -0.032636426389217377 -0.99940460920333862
3425 0.0084611494094133377 0.0012481288285925984 -0.99996346235275269
3426 0.010475127026438713 0.0049221431836485863 -0.99993306398391724
3427 0.0009600325720384717 -0.00060798157937824726 -0.99999940395355225
3428 -0.019972480833530426 -0.019689092412590981 -0.9996066689491272
3429 -0.0085476534441113472 0.00011859746882691979 -0.99996346235275269
3430 0.0014221037272363901 0.00080237811198458076 -0.99999868869781494
3431 0.032544523477554321 -0.014638891443610191 -0.99936306476593018
3432 0.025814760476350784 -0.0029045760165899992 -0.99966251850128174
3433 -5.1274408178869635e-05 0.00064760184613987803 -0.99999982118606567
3434 -0.016001516953110695 0.026922214776277542 -0.99950945377349854
3435 -0.021269496530294418 0.021934039890766144 -0.99953311681747437
3436 0.0010538672795519233 -0.00082127342466264963 -0.99999910593032837
3437 0.010120167396962643 0.0044500287622213364 -0.99993890523910522
3438 -0.028536880388855934 0.012163191102445126 -0.9995187520980835
3439 -5.1064507715636864e-05 0.00064304127590730786 -0.99999982118606567
3440 0.032087597995996475 0.0042936285026371479 -0.99947583675384521
3441 -0.0030624617356806993 0.00029199232812970877 -0.99999529123306274
3442 -0.029463211074471474 -0.0026735134888440371 -0.99956232309341431
3443 0.016362695023417473 0.026079801842570305 -0.99952596426010132
3444 -5.1138853450538591e-05 0.00070363411214202642 -0.9999997615814209
3445 0.021565599367022514 0.022473406046628952 -0.99951481819152832
3446 -4.0239250665763393e-05 0.00053124595433473587 -0.99999988079071045
3447 0.010485130362212658 0.0051756189204752445 -0.9999316930770874
3448 0.0082223610952496529 -0.0022434478159993887 -0.99996370077133179
3449 -0.0073618465103209019 0.02547585591673851 -0.9996483325958252
3450 0.026177326217293739 -0.012636700645089149 -0.99957746267318726
3451 -3.5307995858602226e-05 -0.00047945091500878334 -0.99999988079071045
3452 -0.011661430820822716 0.022797925397753716 -0.9996720552444458
3453 -0.018473038449883461 0.001154098310507834 -0.9998287558555603
3454 -3.4673485060920939e-05 -0.00050403119530528784 -0.99999988079071045
3455 0.0028218489605933428 -0.0006819495465606451 -0.99999576807022095
3456 0.022662505507469177 0.0024215334560722113 -0.99974024295806885
3457 -0.02191208116710186 -0.0011624464532360435 -0.9997592568397522
3458 -0.031367231160402298 0.0029512944165617228 -0.99950361251831055
3459 -0.011536674574017525 -0.0021338632795959711 -0.9999312162399292
3460 -3.8886697439011186e-05 -0.00052629329729825258 -0.99999988079071045
3461 -0.016126368194818497 0.0061107203364372253 -0.99985134601593018
3462 -0.024175561964511871 0.016181597486138344 -0.99957674741744995
3463 -0.013030610047280788 0.0073590977117419243 -0.99988800287246704
3464 -0.032909102737903595 -0.0092973997816443443 -0.99941509962081909
3465 -0.016680499538779259 0.006734001450240612 -0.99983823299407959
3466 0.011650364845991135 -0.007704857736825943 -0.99990248680114746
3467 -3.3676958992145956e-05 -0.00051583640743046999 -0.99999988079071045
3468 0.0085833873599767685 0.0027718767523765564 -0.99995934963226318
3469 -0.014362495392560959 0.0031238533556461334 -0.99989199638366699
3470 -0.001097274711355567 0.00025379573344253004 -0.99999940395355225
3471 -0.030121928080916405 0.026298599317669868 -0.99920022487640381
3472 0.02986845001578331 0.009528355672955513 -0.99950844049453735
3473 0.0047878469340503216 -0.0084837023168802261 -0.99995255470275879
3474 -3.9249636756721884e-05 -0.00053626770386472344 -0.99999988079071045
3475 -0.0068964702077209949 -0.001127192284911871 -0.99997562170028687
3476 0.017920862883329391 -0.008532683365046978 -0.99980300664901733
3477 0.020703265443444252 -0.027937235310673714 -0.99939531087875366
3478 -0.0071185864508152008 3.0774972401559353e-06 -0.99997466802597046
3479 -0.99990600347518921 0.013711966574192047 -4.3037900468334556e-05
3480 -0.027059596031904221 -0.017209861427545547 -0.99948573112487793
3481 -0.0011423702817410231 -0.00014108681352809072 -0.99999934434890747
3482 -0.0041035432368516922 0.033965311944484711 -0.99941456317901611
3483 -0.021749870851635933 0.0043926117941737175 -0.99975383281707764
3484 0.0032858871854841709 0.034800127148628235 -0.9993889331817627
3485 0.012545949779450893 0.026782950386404991 -0.99956256151199341
3486 0.013323315419256687 0.030682314187288284 -0.99944043159484863
3487 -0.020982151851058006 -0.025017745792865753 -0.99946677684783936
3488 0.0062208664603531361 0.0011783416848629713 -0.99997997283935547
3489 -0.025899313390254974 -0.0067216828465461731 -0.99964195489883423
3490 0.0089236246421933174 -0.026184156537055969 -0.99961733818054199
3491 0.0027317614294588566 0.0012866538017988205 -0.99999547004699707
3492 -0.0019783829338848591 5.7821482187137008e-05 -0.99999809265136719
3493 -0.018519274890422821 0.0037129612173885107 -0.99982160329818726
3494 -0.0014787480467930436 0.0003211029979865998 -0.99999886751174927
3495 -0.016171092167496681 -0.020550098270177841 -0.99965804815292358
3496 -0.0051448256708681583 0.00021725351689383388 -0.99998676776885986
3497 0.030596615746617317 0.0092826122418045998 -0.9994887113571167
3498 0.017884582281112671 -0.0019867070950567722 -0.99983811378479004
3499 0.023599591106176376 -0.0059204674325883389 -0.99970400333404541
3500 -0.016307063400745392 -0.005644368939101696 -0.99985116720199585
3501 0.022727474570274353 -0.0059961583465337753 -0.99972373247146606
3502 0.017667513340711594 0.0046782903373241425 -0.99983298778533936
3503 0.0095939831808209419 -0.024876786395907402 -0.99964451789855957
3504 0.0055558681488037109 -0.00172787019982934 -0.99998307228088379
3505 -0.019013483077287674 -0.0071868561208248138 -0.9997934103012085
3506 -0.018771898001432419 -0.0072148679755628109 -0.9997977614402771
3507 0.018339464440941811 0.0083319619297981262 -0.99979710578918457
3508 0.033017769455909729 0.015259357169270515 -0.99933832883834839
3509 -0.018937559798359871 0.0042848112061619759 -0.99981147050857544
3510 -0.021485311910510063 -0.004278931301087141 -0.99976003170013428
3511 0.022614290937781334 0.0063878092914819717 -0.99972391128540039
3512 -3.3018048270605505e-05 -0.00047168650780804455 -0.99999988079071045
3513 -0.013121532276272774 0.002666073152795434 -0.99991041421890259
3514 0.019631683826446533 0.0086834263056516647 -0.99976956844329834
3515 -0.016826387494802475 0.0095832515507936478 -0.99981248378753662
3516 -0.010717051103711128 -0.0036539533175528049 -0.99993592500686646
3517 -0.00093921396182850003 -0.00030053616501390934 -0.9999995231628418
3518 -3.4961038181791082e-05 0.00058607757091522217 -0.99999982118606567
3519 -0.010529029183089733 -0.00011416221968829632 -0.99994456768035889
3520 0.00099601317197084427 0.00062378263100981712 -0.9999992847442627
3521 0.0096826367080211639 0.0061333789490163326 -0.99993437528610229
3522 0.013519068248569965 -0.0016481145285069942 -0.99990725517272949
3523 0.015448967926204205 -0.0061728926375508308 -0.99986165761947632
3524 -0.0051014297641813755 -0.00015662075020372868 -0.99998700618743896
3525 -0.012111952528357506 0.017908727750182152 -0.99976629018783569
3526 -0.0012016905238851905 0.00028364374884404242 -0.9999992847442627
3527 -0.0011885241838172078 -9.7164505859836936e-05 -0.9999992847442627
3528 0.010019278153777122 0.0031182710081338882 -0.99994498491287231
3529 -0.0061226999387145042 -0.00088127073831856251 -0.9999808669090271
3530 -0.0045672301203012466 -0.0011575855314731598 -0.99998891353607178
3531 -0.028326863422989845 0.0062073851004242897 -0.99957948923110962
3532 -0.0235261470079422 0.0098505979403853416 -0.99967467784881592
3533 0.0040872832760214806 0.0016809013905003667 -0.99999028444290161
3534 0.015848336741328239 -0.010131979361176491 -0.99982309341430664
3535 -0.020546577870845795 -0.011364887468516827 -0.99972432851791382
3536 -0.011875997297465801 -0.0086453268304467201 -0.99989211559295654
3537 0.019526353105902672 -0.0092207891866564751 -0.99976682662963867
3538 0.017342379316687584 0.014158023521304131 -0.99974942207336426
3539 -0.019270651042461395 0.0092694656923413277 -0.9997713565826416
3540 -0.0086127705872058868 0.012157384306192398 -0.99988901615142822
3541 0.010870574042201042 -0.020403765141963959 -0.99973273277282715
3542 -0.0033788799773901701 0.025605103000998497 -0.99966645240783691
3543 0.017652623355388641 0.013894081115722656 -0.99974769353866577
3544 0.0015113195404410362 -0.023186840116977692 -0.99973005056381226
3545 0.0084635112434625626 -0.015431812964379787 -0.99984514713287354
3546 -0.013583471067249775 0.01851305179297924 -0.99973636865615845
3547 0.0032106887083500624 0.033988378942012787 -0.99941706657409668
3548 -0.022411447018384933 -0.024202980101108551 -0.99945580959320068
3549 0.0010787165956571698 0.0054403343237936497 -0.99998462200164795
3550 -0.025895213708281517 0.0073912395164370537 -0.99963736534118652
3551 -0.002968108281493187 -0.0039219744503498077 -0.99998795986175537
3552 -0.017765453085303307 -0.014693187549710274 -0.99973422288894653
3553 -0.99995517730712891 -0.0094390064477920532 0.00074699491960927844
3554 -0.99989837408065796 -0.014247793704271317 0.00051129609346389771
3555 0.014819035306572914 0.021980423480272293 -0.99964863061904907
3556 -0.011423707008361816 0.033245757222175598 -0.99938195943832397
3557 -0.0061699310317635536 -0.02526433952152729 -0.99966174364089966
3558 -0.0021733059547841549 0.0005625740741379559 -0.99999749660491943
3559 -0.025375735014677048 -0.01359251607209444 -0.99958556890487671
3560 0.021137682721018791 -0.0059978836216032505 -0.99975860118865967
3561 -0.0058760684914886951 0.023952662944793701 -0.99969583749771118
3562 0.0025922355707734823 0.0041093630716204643 -0.99998819828033447
3563 0.0078784506767988205 0.005186891183257103 -0.99995553493499756
3564 -0.010656480677425861 0.023382376879453659 -0.99966979026794434
3565 0.00068655074574053288 -0.0013999904040247202 -0.99999880790710449
3566 -0.024578293785452843 0.0061583179049193859 -0.99967896938323975
3567 0.00085002649575471878 -0.0020868275314569473 -0.99999749660491943
3568 0.0047797183506190777 -0.025258110836148262 -0.99966955184936523
3569 -0.03203192725777626 -0.0091671841219067574 -0.99944484233856201
3570 0.011268477886915207 -0.037777908146381378 -0.99922263622283936
3571 -0.00024523207684978843 0.0015048462664708495 -0.99999886751174927
3572 0.048912897706031799 0.0067791766487061977 -0.99878007173538208
3573 -0.049176204949617386 -0.005375406239181757 -0.99877572059631348
3574 -0.0016732752555981278 -0.001719233114272356 -0.99999713897705078
3575 0.043271824717521667 0.014762468636035919 -0.99895429611206055
3576 -0.0014810002176091075 0.00046918762382119894 -0.99999880790710449
3577 -0.0050145401619374752 -0.037217497825622559 -0.99929463863372803
3578 0.023300958797335625 0.027397727593779564 -0.99935305118560791
3579 0.0038442297372967005 -0.011175789870321751 -0.99993020296096802
3580 0.02397235669195652 -0.017856460064649582 -0.99955320358276367
3581 -0.034421626478433609 -0.014845744706690311 -0.99929714202880859
3582 -0.0014206836931407452 -0.0043934127315878868 -0.99998939037322998
3583 -0.0025541759096086025 0.0015463469317182899 -0.99999558925628662
3584 -0.0092322090640664101 -0.0014270280953496695 -0.99995636940002441
3585 0.00082709884736686945 -0.0027198579628020525 -0.99999600648880005
3586 0.0071326117031276226 0.0035480714868754148 -0.99996829032897949
3587 -0.0039758570492267609 -0.0036631089169532061 -0.99998539686203003
3588 -0.008708578534424305 0.0052583278156816959 -0.99994826316833496
3589 -4.1010265704244375e-05 -0.00085881270933896303 -0.99999964237213135
3590 -0.00031911721453070641 -0.00069932371843606234 -0.99999970197677612
3591 -0.00059454288566485047 0.00041427198448218405 -0.9999997615814209
3592 0.0024554000701755285 0.0022061862982809544 -0.99999457597732544
3593 -0.00072640035068616271 -1.5897876437520608e-05 -0.9999997615814209
3594 -0.00072620535502210259 -2.3676873752265237e-05 -0.9999997615814209
3595 -0.00017909461166709661 0.00070716888876631856 -0.9999997615814209
3596 -0.024718726053833961 0.016751978546380997 -0.9995540976524353
3597 -0.00048560122377239168 -0.00063149334164336324 -0.99999970197677612
3598 -0.0024658693000674248 -0.00063883332768455148 -0.99999678134918213
3599 0.0026761721819639206 0.0022886628285050392 -0.99999380111694336
3600 0.011725629679858685 -0.036449495702981949 -0.99926674365997314
3601 -0.021374236792325974 -0.011927920393645763 -0.99970036745071411
3602 -0.00040416675619781017 -0.0006412075599655509 -0.99999970197677612
3603 0.024940131232142448 -0.014968047849833965 -0.99957692623138428
3604 -0.021699646487832069 0.023004315793514252 -0.9994998574256897
3605 -0.00074859830783680081 -0.00016296436660923064 -0.9999997615814209
3606 -0.0004677345568779856 -0.00058253580937162042 -0.99999970197677612
3607 -0.00051228317897766829 0.00043885348713956773 -0.99999982118606567
3608 0.022150957956910133 0.020618204027414322 -0.9995419979095459
3609 -0.0005078556714579463 0.00043849568464793265 -0.99999982118606567
3610 -0.02271537110209465 0.019160991534590721 -0.99955832958221436
3611 0.00054329866543412209 0.0009711278835311532 -0.99999940395355225
3612 -0.0003326588193885982 0.0005922660930082202 -0.9999997615814209
3613 -0.00043945523793809116 0.00050094036851078272 -0.99999982118606567
3614 -0.00034471193794161081 0.00058868830092251301 -0.9999997615814209
3615 0.0047016884200274944 0.0034441219177097082 -0.99998307228088379
3616 -0.00042745075188577175 0.00051426730351522565 -0.99999982118606567
3617 -0.00045891857007518411 -0.00065818865550681949 -0.99999970197677612
3618 -0.017435029149055481 -0.023135801777243614 -0.99958032369613647
3619 -0.011328550986945629 0.022965088486671448 -0.99967211484909058
3620 -0.00074387964559718966 -0.0001779663871275261 -0.99999970197677612
3621 -0.00052003120072185993 0.00041907484410330653 -0.9999997615814209
3622 -0.00042181095341220498 -0.00060372048756107688 -0.9999997615814209
3623 0.016834413632750511 -0.02469194121658802 -0.999553382396698
3624 0.01897227019071579 -0.0180539321154356 -0.9996570348739624
3625 -0.00034349106135778129 0.00059693882940337062 -0.9999997615814209
3626 -0.00057765579549595714 0.00030983574106357992 -0.9999997615814209
3627 -0.00057661469327285886 0.00032245906186290085 -0.9999997615814209
3628 -0.0032576732337474823 -0.0010822075419127941 -0.99999409914016724
3629 -0.00043447868665680289 0.00049795967061072588 -0.99999982118606567
3630 -0.0066667716018855572 0.029516551643610001 -0.99954205751419067
3631 -0.00095583469374105334 0.00022915561567060649 -0.9999995231628418
3632 0.0015211938880383968 -0.0055362987332046032 -0.99998354911804199
3633 0.0003362926363479346 0.0011376227485015988 -0.9999992847442627
3634 -0.00071600504452362657 9.8684875410981476e-05 -0.9999997615814209
3635 -0.0044388296082615852 -0.033361125737428665 -0.99943351745605469
3636 -0.00051968533080071211 0.00042396862409077585 -0.9999997615814209
3637 0.0024836550001055002 -0.030157610774040222 -0.99954205751419067
3638 -0.0034118473995476961 0.003857702249661088 -0.99998676776885986
3639 -0.0004853661812376231 -0.00064238696359097958 -0.99999970197677612
3640 -0.00033709526178427041 0.00058325636200606823 -0.9999997615814209
3641 -0.00072637357516214252 -3.863931488012895e-05 -0.9999997615814209
3642 -0.00057562766596674919 0.00031546878744848073 -0.9999997615814209
3643 -0.00070993317058309913 -0.00027878579567186534 -0.9999997615814209
3644 -0.00056133588077500463 0.0003440806467551738 -0.99999982118606567
3645 -0.00072783901123329997 -5.7207933423342183e-05 -0.9999997615814209
3646 -0.00065465370425954461 0.00017187010962516069 -0.99999982118606567
3647 -0.00065350730437785387 0.00019370074733160436 -0.9999997615814209
3648 -0.00070247804978862405 9.683216194389388e-05 -0.9999997615814209
3649 -0.0006933339755050838 -0.00030103028984740376 -0.99999970197677612
3650 -0.00073694891761988401 -0.00018097416614182293 -0.99999970197677612
3651 -0.00064849329646676779 0.00019378872821107507 -0.9999997615814209
3652 -0.99999982118606567 -1.8755459677777253e-05 0.00061952893156558275
3653 -0.00043052362161688507 0.00051274779252707958 -0.99999982118606567
3654 -0.00037384155439212918 0.00055101199541240931 -0.99999982118606567
3655 -0.00071171048330143094 -0.00027480704011395574 -0.9999997615814209
3656 -8.9748536993283778e-05 -0.00174808653537184 -0.99999850988388062
3657 0.0051171490922570229 0.026952553540468216 -0.99962365627288818
3658 -0.99999994039535522 1.3440925613394938e-05 0.00044401240302249789
3659 -0.00066065194550901651 0.00014776467287447304 -0.99999982118606567
3660 -0.00050553231267258525 0.00043362411088310182 -0.99999982118606567
3661 -0.000701247772667557 -0.00030371130560524762 -0.99999970197677612
3662 -0.00069535762304440141 0.00013195708743296564 -0.9999997615814209
3663 -0.00057367607951164246 0.00033073179656639695 -0.9999997615814209
3664 -0.0044706854969263077 -0.002922985702753067 -0.99998575448989868
3665 -0.00032682713936083019 -0.00063547474564984441 -0.9999997615814209
3666 -0.00072747172089293599 -1.6178009900613688e-05 -0.9999997615814209
3667 -0.00059604179114103317 -0.00053214177023619413 -0.99999970197677612
3668 -0.00066163635347038507 -0.00041737931314855814 -0.99999970197677612
3669 0.0066172899678349495 0.0044869468547403812 -0.99996805191040039
3670 0.00044791196705773473 -0.0056970412842929363 -0.99998366832733154
3671 -0.00036629312671720982 -0.00063320569461211562 -0.9999997615814209
3672 -0.00054389593424275517 -0.0005531004280783236 -0.99999970197677612
3673 -0.00042450276669114828 0.00051230360986664891 -0.99999982118606567
3674 -0.00064653460867702961 0.00022089944104664028 -0.9999997615814209
3675 -0.00070738053182139993 -0.00028826005291193724 -0.9999997615814209
3676 -0.0005028792074881494 0.00048757938202470541 -0.9999997615814209
3677 -0.00075208483031019568 -0.00012951296230312437 -0.9999997615814209
3678 -0.00059593137120828032 -0.00053701770957559347 -0.99999970197677612
3679 -0.00053262535948306322 -0.00054867943981662393 -0.99999970197677612
3680 -0.00070539221633225679 -0.00029416105826385319 -0.9999997615814209
3681 -0.00043153812293894589 0.00050714518874883652 -0.99999982118606567
3682 -0.00086243299301713705 0.00035849981941282749 -0.99999958276748657
3683 -0.00067727325949817896 -0.0010068176779896021 -0.9999992847442627
3684 -0.00070496276021003723 -0.00026762290508486331 -0.9999997615814209
3685 -0.0006910687661729753 3.4738928661681712e-05 -0.9999997615814209
3686 -0.00093737116549164057 7.7974371379241347e-05 -0.99999958276748657
3687 -0.00047620426630601287 -0.00060142774600535631 -0.99999970197677612
3688 -0.00070701789809390903 -0.00028878744342364371 -0.9999997615814209
3689 -0.0010491970460861921 0.0013512722216546535 -0.99999856948852539
3690 -0.00064361828844994307 -0.00043923826888203621 -0.99999970197677612
3691 -0.00065626617288216949 -0.00041331519605591893 -0.99999970197677612
3692 -0.0007476931787095964 -0.00012944979243911803 -0.9999997615814209
3693 -0.00057762092910706997 -0.00055423646699637175 -0.99999970197677612
3694 -0.00066033145412802696 -0.00042895844671875238 -0.99999970197677612
3695 -0.00075093226041644812 0.00020038642105646431 -0.99999970197677612
3696 -0.00065971561707556248 -0.0030726015102118254 -0.99999511241912842
3697 -0.00067781005054712296 0.00010012128768721595 -0.9999997615814209
3698 -0.00066770659759640694 -0.00042658034362830222 -0.99999970197677612
3699 -6.7769076849799603e-05 -0.00074812257662415504 -0.9999997615814209
3700 -0.00066334480652585626 -0.00043761765118688345 -0.99999970197677612
3701 -0.00062815804267302155 0.00022277585230767727 -0.9999997615814209
3702 -0.00070233328733593225 -0.00038250884972512722 -0.99999970197677612
3703 -0.00071762868901714683 -0.00026401004288345575 -0.99999970197677612
3704 -0.00059560337103903294 0.00029039615765213966 -0.99999982118606567
3705 -0.00045113079249858856 -0.00065351283410564065 -0.99999970197677612
3706 -0.00052217062329873443 0.0010664529399946332 -0.9999992847442627
3707 -0.00073354132473468781 -0.00018449373601470143 -0.99999970197677612
3708 -0.00064269994618371129 -0.00042460436816327274 -0.99999970197677612
3709 -6.2357830756809562e-05 0.00072090752655640244 -0.9999997615814209
3710 -0.00050050643039867282 -0.00078546447912231088 -0.99999958276748657
3711 -0.00072401645593345165 -5.634341505356133e-05 -0.9999997615814209
3712 0.00019276211969554424 0.00089194357860833406 -0.99999958276748657
3713 -0.00022875441936776042 -0.00070145673817023635 -0.9999997615814209
3714 -0.00056227989261969924 -0.00052327627781778574 -0.99999970197677612
3715 -0.00087001034989953041 0.0052074342966079712 -0.99998611211776733
3716 -0.0006611765711568296 -0.00042668535024859011 -0.99999970197677612
3717 -0.00029057147912681103 -0.00067361065885052085 -0.9999997615814209
3718 -0.0017476235516369343 -0.0017662454629316926 -0.99999696016311646
3719 -0.00028735882369801402 0.00064544792985543609 -0.9999997615814209
3720 -6.4951433159876615e-05 0.00071705918526276946 -0.9999997615814209
3721 -0.0014278811868280172 0.0029693590477108955 -0.99999457597732544
3722 -0.001136921695433557 -0.00033569720108062029 -0.9999992847442627
3723 -0.00055324792629107833 -0.00061970192473381758 -0.99999970197677612
3724 -0.00042997265700250864 0.00051530479686334729 -0.99999982118606567
3725 -6.6579552367329597e-05 -0.00073519378202036023 -0.9999997615814209
3726 -0.0010166185675188899 -0.00041694127139635384 -0.99999940395355225
3727 -6.5726104367058724e-05 0.00072561146225780249 -0.9999997615814209
3728 -0.00058521534083411098 -0.00052875268738716841 -0.99999970197677612
3729 -0.00075743941124528646 7.7183656685519964e-05 -0.99999970197677612
3730 -0.00051429832819849253 0.00043440028093755245 -0.99999982118606567
3731 -0.00074445945210754871 -0.00016814812261145562 -0.9999997615814209
3732 -0.00066407991107553244 0.00017695262795314193 -0.9999997615814209
3733 -6.5547414124011993e-05 -0.00072377832839265466 -0.9999997615814209
3734 -0.00057843310059979558 -0.00054987578187137842 -0.99999970197677612
3735 0.00021441234275698662 0.0017059687525033951 -0.99999850988388062
3736 0.0023546316660940647 0.0056285480968654156 -0.99998140335083008
3737 -0.00054878188529983163 -0.00060847005806863308 -0.99999970197677612
3738 -0.00051050947513431311 0.00042144666076637805 -0.99999982118606567
3739 -0.0005520510021597147 -0.00059906975366175175 -0.99999970197677612
3740 -0.00057887646835297346 0.00031462538754567504 -0.9999997615814209
3741 -5.7676170399645343e-05 -0.00074930116534233093 -0.9999997615814209
3742 -0.00053933629533275962 0.00043010158697143197 -0.9999997615814209
3743 -8.5635219875257462e-05 -0.00073892483487725258 -0.9999997615814209
3744 -0.00085694855079054832 -0.001187480054795742 -0.99999892711639404
3745 -6.7766777647193521e-05 -0.00074812432285398245 -0.9999997615814209
3746 -0.00043039163574576378 0.00053243694128468633 -0.9999997615814209
3747 -0.00021219716290943325 0.0014435524353757501 -0.99999892711639404
3748 -0.00033762931707315147 -0.00066197779960930347 -0.9999997615814209
3749 -7.2193884989246726e-05 0.00079701532376930118 -0.99999970197677612
3750 -0.00057296914746984839 -0.00054979190463200212 -0.99999970197677612
3751 -0.00046929807285778224 -0.00062981573864817619 -0.99999970197677612
3752 -0.00057103694416582584 -0.00052273273468017578 -0.99999970197677612
3753 6.0592195950448513e-05 0.0015206041280180216 -0.99999886751174927
3754 -0.00055646075634285808 0.00038658161065541208 -0.9999997615814209
3755 -6.205855606822297e-05 0.00073840213008224964 -0.9999997615814209
3756 -6.7920685978606343e-05 -0.00075000961078330874 -0.9999997615814209
3757 -0.00060370552819222212 0.00033292826265096664 -0.9999997615814209
3758 2.8426933567970991e-05 0.0010884063085541129 -0.99999940395355225
3759 -0.00051162001909688115 0.00043067141086794436 -0.99999982118606567
3760 -0.00031740087433718145 -0.00069505424471572042 -0.99999970197677612
3761 -0.00064840924460440874 -0.00045990067883394659 -0.99999970197677612
3762 -6.7523440520744771e-05 -0.00074550817953422666 -0.9999997615814209
3763 -0.00098551565315574408 -0.00011827339767478406 -0.9999995231628418
3764 -0.00044778958545066416 -0.00063560606213286519 -0.99999970197677612
3765 -0.0034984806552529335 0.00040885340422391891 -0.99999380111694336
3766 -0.00034777549444697797 -0.00092465453781187534 -0.9999995231628418
3767 -0.00020986070740036666 -0.00071724684676155448 -0.99999970197677612
3768 -0.0011022830149158835 -0.0012626202078536153 -0.99999862909317017
3769 -0.0022515666205435991 -0.0046178335323929787 -0.99998682737350464
3770 -5.3131585445953533e-05 0.00071595166809856892 -0.9999997615814209
3771 -5.8994308346882463e-05 -0.00066569523187354207 -0.99999982118606567
3772 -0.00064517633290961385 0.0002211833925684914 -0.9999997615814209
3773 -0.00048042062553577125 -0.00062487105606123805 -0.99999970197677612
3774 -6.4317449869122356e-05 0.00071006000507622957 -0.9999997615814209
3775 -0.00018917376291938126 -0.00071886839577928185 -0.99999970197677612
3776 -6.2810067902319133e-05 -0.0006952136754989624 -0.9999997615814209
3777 -0.00052040995797142386 -0.00061708653811365366 -0.99999970197677612
3778 -0.00033774907933548093 -0.0006725705461576581 -0.99999970197677612
3779 -6.7022119765169919e-05 -0.000741884286981076 -0.9999997615814209
3780 -6.4073785324580967e-05 -0.0007293056114576757 -0.9999997615814209
3781 -0.00073775358032435179 7.067908882163465e-06 -0.9999997615814209
3782 0.0053277616389095783 0.0012052078964188695 -0.99998509883880615
3783 -7.0689093263354152e-05 -0.00074909784598276019 -0.9999997615814209
3784 -7.5880554504692554e-05 0.00083785917377099395 -0.99999964237213135
3785 -0.00064152077538892627 0.00024735258193686604 -0.9999997615814209
3786 -0.00062566401902586222 0.00025312730576843023 -0.9999997615814209
3787 -0.00017677441064734012 -0.00070579804014414549 -0.9999997615814209
3788 -0.0005893949419260025 0.0003304949204903096 -0.9999997615814209
3789 -8.3849256043322384e-05 0.00081120728282257915 -0.99999970197677612
3790 -6.6203247115481645e-05 -0.0007460495107807219 -0.9999997615814209
3791 -0.00067864533048123121 0.0001482460938859731 -0.9999997615814209
3792 -0.00059924734523519874 0.00030468800105154514 -0.9999997615814209
3793 -0.00019412506662774831 -0.00070925860200077295 -0.9999997615814209
3794 -0.0015251839067786932 -0.00054505042498931289 -0.99999868869781494
3795 -0.00051625649211928248 0.00042401495738886297 -0.99999982118606567
3796 -0.00068047043168917298 5.1821687520714477e-05 -0.9999997615814209
3797 0.0073052938096225262 0.0013310374924913049 -0.99997246265411377
3798 0.0014184905448928475 -0.0011182082816958427 -0.99999839067459106
3799 -5.5659445933997631e-05 -0.0007475242018699646 -0.9999997615814209
3800 0.00012016513210255653 -0.00076750072184950113 -0.99999970197677612
3801 -0.00074247107841074467 8.2623184425756335e-05 -0.9999997615814209
3802 -0.00024837185628712177 -0.00068392383400350809 -0.9999997615814209
3803 -0.00032882639789022505 -0.00070442998548969626 -0.99999970197677612
3804 -0.00075381208444014192 -0.00024875428061932325 -0.99999970197677612
3805 -0.0011091390624642372 -0.0010462886421009898 -0.99999886751174927
3806 -0.00028077480965293944 -0.00077132420847192407 -0.99999970197677612
3807 -0.00063570402562618256 0.00025659549282863736 -0.9999997615814209
3808 0.011525968089699745 0.0019759167917072773 -0.99993163347244263
3809 -0.00065936334431171417 0.0002546079340390861 -0.9999997615814209
3810 -0.00037271258770488203 -0.0010572151513770223 -0.99999940395355225
3811 -0.00053779879817739129 0.00040002193418331444 -0.9999997615814209
3812 -0.0007257774705067277 0.00034247577423229814 -0.99999970197677612
3813 -8.672208059579134e-05 0.0008099420228973031 -0.99999970197677612
3814 -0.00071177660720422864 0.00015396790695376694 -0.9999997615814209
3815 -0.00071905471850186586 0.00012215996684972197 -0.9999997615814209
3816 0.0013228931929916143 -0.00087015563622117043 -0.99999874830245972
3817 -0.00032352213747799397 -0.0006923567270860076 -0.99999970197677612
3818 -0.00056000787299126387 0.00035288682556711137 -0.99999982118606567
3819 -0.0010863438947126269 0.00027145911008119583 -0.99999940395355225
3820 -0.0008092530770227313 0.00018615070439409465 -0.99999964237213135
3821 -0.000440659758169204 -0.00064497406128793955 -0.99999970197677612
3822 -0.00071917910827323794 2.5110131900873967e-05 -0.9999997615814209
3823 -0.00038399966433644295 -0.0006759465322829783 -0.99999970197677612
3824 -0.00065462972270324826 -0.00051860843086615205 -0.99999964237213135
3825 -0.00066518469247967005 0.00017790132551454008 -0.9999997615814209
3826 -0.00064248894341289997 -0.00043243431719020009 -0.99999970197677612
3827 -0.00059516762848943472 0.0002900421095546335 -0.99999982118606567
3828 6.3383951783180237e-05 -0.00094096368411555886 -0.99999958276748657
3829 -0.0011573907686397433 -0.00022121469373814762 -0.99999934434890747
3830 -0.00073354545747861266 -0.0001631594350328669 -0.9999997615814209
3831 -0.00074529071571305394 -0.00010378007573308423 -0.9999997615814209
3832 -0.00072641385486349463 4.3555235606618226e-05 -0.9999997615814209
3833 -0.00073303998215124011 -0.00037735459045507014 -0.99999970197677612
3834 -9.2186404799576849e-05 -0.00076068786438554525 -0.99999970197677612
3835 -0.00062338588759303093 -0.00047972030006349087 -0.99999970197677612
3836 -0.00068176176864653826 0.00016341729497071356 -0.9999997615814209
3837 -0.00050897052278742194 -0.00060499028768390417 -0.99999970197677612
3838 -0.00072878721402958035 -8.1220132415182889e-05 -0.9999997615814209
3839 -0.00063482474070042372 0.00028790385113097727 -0.9999997615814209
3840 0.0071992324665188789 -0.0027611264958977699 -0.99997031688690186
3841 -1.0566160199232399e-05 -0.00073960598092526197 -0.9999997615814209
3842 0.00072796613676473498 -0.00094927474856376648 -0.99999934434890747
3843 -0.0002138119307346642 -0.00072467140853404999 -0.99999970197677612
3844 -0.0007337988936342299 4.1396044252905995e-05 -0.9999997615814209
3845 -0.00021218479378148913 -0.00072168756742030382 -0.99999970197677612
3846 -0.00019485464144963771 -0.00069408351555466652 -0.9999997615814209
3847 -0.00030116952257230878 -0.0006573973223567009 -0.9999997615814209
3848 0.0004493612505029887 -0.00090774981072172523 -0.9999995231628418
3849 -0.00095494301058351994 -0.00040838337736204267 -0.99999946355819702
3850 -0.00069911021273583174 -0.00028798863058909774 -0.9999997615814209
3851 -0.0015635628951713443 -0.00035425866371951997 -0.99999874830245972
3852 -0.00020991815836168826 -0.00069582468131557107 -0.9999997615814209
3853 -0.00087483099196106195 -0.00018026406178250909 -0.99999958276748657
3854 -0.0090253120288252831 0.0033619552850723267 -0.99995362758636475
3855 -0.00071322068106383085 -0.00035606292658485472 -0.99999970197677612
3856 -0.00030113817774690688 -0.00079363759141415358 -0.99999964237213135
3857 0.0079171834513545036 -0.0029447660781443119 -0.99996435642242432
3858 -0.0056397258304059505 -0.0037954251747578382 -0.99997687339782715
3859 -0.006233543623238802 0.0022802508901804686 -0.99997800588607788
3860 -0.00083675317000597715 -0.00035599974216893315 -0.99999958276748657
3861 0.0010116500779986382 0.0022853105328977108 -0.99999690055847168
3862 0.0015310019953176379 0.0021756184287369251 -0.99999648332595825
3863 0.035148642957210541 0.016661249101161957 -0.99924319982528687
3864 0.0036538769491016865 0.0038717496208846569 -0.99998587369918823
3865 -0.0022209228482097387 -0.00161364721134305 -0.99999624490737915
3866 -0.026685947552323341 -0.0074532460421323776 -0.99961614608764648
3867 0.029881896451115608 -0.010293620638549328 -0.99950045347213745
3868 0.021868076175451279 -0.025423083454370499 -0.99943763017654419
3869 -0.01464054174721241 -0.015596587210893631 -0.99977117776870728
3870 0.0052913278341293335 0.0037558099720627069 -0.99997895956039429
3871 0.01226932555437088 -0.029038861393928528 -0.99950301647186279
3872 0.027107708156108856 0.016644531860947609 -0.99949395656585693
3873 0.0056265979073941708 -0.031009906902909279 -0.99950325489044189
3874 0.032388482242822647 0.01591620035469532 -0.99934864044189453
3875 -0.025329450145363808 0.010288882069289684 -0.99962621927261353
3876 -0.01210368424654007 0.012109549716114998 -0.99985349178314209
3877 0.015724668279290199 0.012846620753407478 -0.99979382753372192
3878 0.023921329528093338 0.027694189921021461 -0.99933016300201416
3879 -0.001356010208837688 0.002653367118909955 -0.99999558925628662
3880 -0.0036213465500622988 -0.0033657378517091274 -0.99998778104782104
3881 0.0062956744804978371 0.0063530583865940571 -0.99996000528335571
3882 -0.00053785921772941947 -0.0099516995251178741 -0.9999503493309021
3883 -4.063884261995554e-05 0.0042324671521782875 -0.99999105930328369
3884 -0.00095503218472003937 0.009426911361515522 -0.99995511770248413
3885 0.0059753712266683578 -0.010219859890639782 -0.99992996454238892
3886 0.025803612545132637 -0.019610406830906868 -0.99947464466094971
3887 0.014250859618186951 0.026406032964587212 -0.9995497465133667
3888 -0.0094694448634982109 -0.025845097377896309 -0.99962115287780762
3889 0.023253349587321281 -0.027097418904304504 -0.9993622899055481
3890 0.010886697098612785 -0.019459540024399757 -0.99975138902664185
3891 -5.537893230211921e-05 0.00074146664701402187 -0.9999997615814209
3892 -5.7154033129336312e-05 0.00077831326052546501 -0.99999970197677612
3893 0.0033540329895913601 0.035261616110801697 -0.99937248229980469
3894 -0.020140541717410088 -0.0066185295581817627 -0.999775230884552
3895 -0.028298629447817802 -0.0021743562538176775 -0.99959719181060791
3896 0.028154479339718819 -0.003545885905623436 -0.99959731101989746
3897 -0.028310274705290794 0.0020635477267205715 -0.99959707260131836
3898 -5.3893418225925416e-05 0.00070432055508717895 -0.9999997615814209
3899 -4.7928559069987386e-05 -0.0006263671675696969 -0.99999982118606567
3900 -5.5714284826535732e-05 -0.00072811701102182269 -0.9999997615814209
3901 0.01935180090367794 0.0078760590404272079 -0.99978172779083252
3902 0.011827491223812103 -0.0067732552997767925 -0.99990713596343994
3903 -0.013956112787127495 -0.023140531033277512 -0.99963480234146118
3904 0.028546294197440147 0.0036528022028505802 -0.99958580732345581
3905 -6.2797415012028068e-05 0.00082531216321513057 -0.99999970197677612
3906 -0.011924522928893566 0.0022327108308672905 -0.99992644786834717
3907 0.0076407124288380146 0.024346370249986649 -0.99967437982559204
3908 -0.014741410501301289 0.024283420294523239 -0.99959641695022583
3909 0.0063953250646591187 0.0043755262158811092 -0.99997001886367798
3910 0.032742567360401154 0.011121168732643127 -0.99940198659896851
3911 0.00033331004669889808 -0.0027609630487859249 -0.9999961256980896
3912 -0.022570084780454636 -0.015759140253067017 -0.99962109327316284
3913 -0.0035419419873505831 0.027723927050828934 -0.99960935115814209
3914 -0.015757869929075241 0.043676383793354034 -0.99892145395278931
3915 -0.0013439747272059321 -0.00081905088154599071 -0.99999880790710449
3916 0.00012270471779629588 0.0023646107874810696 -0.99999725818634033
3917 0.022474087774753571 -0.011387152597308159 -0.99968260526657104
3918 -0.02851477637887001 -0.024649469181895256 -0.99928945302963257
3919 -0.0061837388202548027 -0.0065157841891050339 -0.99995964765548706
3920 0.00086670409655198455 0.009956025518476963 -0.999950110912323
3921 -0.043329931795597076 -0.0196209866553545 -0.99886816740036011
3922 -0.002120044082403183 -0.0089515373110771179 -0.99995774030685425
3923 0.013859312981367111 0.0037690473254770041 -0.99989688396453857
3924 -0.01379804965108633 -0.0023109796456992626 -0.99990212917327881
3925 -0.0086414637044072151 0.0079234708100557327 -0.99993127584457397
3926 0.0091869626194238663 -0.0051980637945234776 -0.99994432926177979
3927 -0.011682246811687946 0.0077881678007543087 -0.99990147352218628
3928 -0.034817777574062347 0.01891004666686058 -0.999214768409729
3929 0.015297215431928635 0.036704994738101959 -0.99920910596847534
3930 -0.016630431637167931 -0.036172822117805481 -0.99920713901519775
3931 -0.024024078622460365 0.031888972967863083 -0.9992026686668396
3932 -0.011471950449049473 -0.00019142962992191315 -0.99993419647216797
3933 0.017068764194846153 0.0022160983644425869 -0.99985188245773315
3934 0.017600385472178459 0.0049172178842127323 -0.99983304738998413
3935 -0.017407406121492386 0.0034897336736321449 -0.99984240531921387
3936 -0.0037798627745360136 -0.00071323727024719119 -0.99999260902404785
3937 -0.030760504305362701 -0.0021115895360708237 -0.99952453374862671
3938 -0.0021841584239155054 0.00055774877546355128 -0.99999749660491943
3939 -0.012505081482231617 0.00039324635872617364 -0.99992179870605469
3940 0.012171188369393349 -0.0017471371684223413 -0.9999244213104248
3941 -0.0013051179703325033 0.00041953561594709754 -0.99999910593032837
3942 -0.00027196231530979276 0.00060806883266195655 -0.99999982118606567
3943 -0.00023909169249236584 0.00063246174249798059 -0.9999997615814209
3944 -0.00020457553910091519 0.00063350767595693469 -0.9999997615814209
3945 -0.0025891098193824291 -0.00016800238518044353 -0.99999666213989258
3946 0.0020238282158970833 0.001485730754211545 -0.9999968409538269
3947 -0.004453183151781559 -0.00086666742572560906 -0.99998974800109863
3948 -0.00013040810881648213 0.0006796402158215642 -0.9999997615814209
3949 -0.0027292713057249784 -0.00022894935682415962 -0.99999624490737915
3950 0.00088670151308178902 0.0010445269290357828 -0.99999910593032837
3951 0.0022444406058639288 0.0012866524048149586 -0.99999666213989258
3952 0.0016302922740578651 0.001323851989582181 -0.99999779462814331
3953 -0.00016744868480600417 0.00067758536897599697 -0.9999997615814209
3954 -0.0040709627792239189 -0.00028921171906404197 -0.99999171495437622
3955 -0.00058298901421949267 0.00060603267047554255 -0.99999964237213135
3956 0.00072644877946004272 0.00097591383382678032 -0.9999992847442627
3957 -0.00017828574345912784 0.00075963197741657495 -0.99999970197677612
3958 -0.00026622065342962742 0.00061098538571968675 -0.99999982118606567
3959 -0.0065678991377353668 -0.00084512826288118958 -0.99997812509536743
3960 0.00013149977894499898 0.00084111897740513086 -0.99999964237213135
3961 -0.00014004319382365793 0.00069221435114741325 -0.9999997615814209
3962 -0.0012379111722111702 0.00035074690822511911 -0.99999916553497314
3963 0.0035379747860133648 0.0015380610711872578 -0.99999254941940308
3964 -0.0062307007610797882 -0.00073548906948417425 -0.99998033046722412
3965 0.017859280109405518 0.0048733074218034744 -0.99982869625091553
3966 0.0021690723951905966 0.001244831713847816 -0.99999690055847168
3967 0.0096972519531846046 -0.0028789564967155457 -0.99994885921478271
3968 -0.019163591787219048 -0.0039027845486998558 -0.99980872869491577
3969 -0.0066834478639066219 -0.001781417871825397 -0.99997609853744507
3970 0.0090967891737818718 0.0028982458170503378 -0.9999544620513916
3971 -0.013304437510669231 -0.0024044343736022711 -0.99990862607955933
3972 -0.99999994039535522 0.00034922416671179235 0
3973 -0.99999988079071045 0.00047552809701301157 0
3974 -0.99999994039535522 0.0003706149582285434 0
3975 -0.99999988079071045 0.00046265148557722569 0
3976 -0.99999994039535522 0.00037084022187627852 0
3977 -0.99999988079071045 0.00046300259418785572 0
3978 -0.99999994039535522 0.0003545667277649045 0
3979 -0.99999994039535522 0.00045482197310775518 0
3980 -0.99999994039535522 0.00039355349144898355 0
3981 -0.99999994039535522 0.00039349350845441222 0
3982 -0.99999994039535522 0.0004389815148897469 0
3983 -0.99999994039535522 0.00041573573253117502 0
3984 -0.99999994039535522 0.00042441525147296488 0
3985 -0.99999988079071045 0.00046928142546676099 0
3986 -0.99999988079071045 0.00049401354044675827 0
3987 -0.99999994039535522 0.00043828957132063806 0
3988 -0.99999994039535522 0.00031939233304001391 0
3989 -0.99999994039535522 0.0003834257076960057 0
3990 -0.99999994039535522 0.00038988451706245542 0
3991 -0.99999994039535522 0.00038929056609049439 0
3992 -0.99999988079071045 0.00046081698383204639 0
3993 -0.99999994039535522 0.00041321365279145539 0
3994 -0.99999988079071045 0.00046380425919778645 0
3995 -0.99999988079071045 0.00047596989315934479 0
3996 -0.99999994039535522 0.00035594773362390697 0
3997 -0.99999988079071045 0.00045884790597483516 0
3998 -0.99999994039535522 0.00039303710218518972 0
3999 -0.99999994039535522 0.00044677298865281045 0
4000 -0.99999994039535522 0.00038502470124512911 0
4001 -0.99999994039535522 0.00041356476140208542 0
4002 -0.99999994039535522 0.00042692999704740942 0
4003 -0.99999994039535522 0.00045595134724862874 0
4004 -0.99999994039535522 0.00041821683407761157 0
4005 -0.99999994039535522 0.00041561870602890849 0
4006 -0.99999994039535522 0.00042548024794086814 0
4007 -0.99999994039535522 0.00042086324538104236 0
4008 -0.99999988079071045 0.00046563876094296575 0
4009 -0.99999994039535522 0.0003960536269005388 0
4010 -0.99999994039535522 0.00041415137820877135 0
4011 -0.99999994039535522 0.00039931008359417319 0
4012 -0.99999994039535522 0.00045496827806346118 0
4013 -0.99999994039535522 0.00035597698297351599 0
4014 -0.99999994039535522 0.00042493166984058917 0
4015 -0.99999994039535522 0.00038116989890113473 0
4016 -0.99999988079071045 0.00047643508878536522 0
4017 -0.99999994039535522 0.00039486866444349289 0
4018 -0.99999994039535522 0.00040493061533197761 0
4019 -0.99999994039535522 0.00035821524215862155 0
4020 -0.99999988079071045 0.00047393643762916327 0
4021 -0.99999994039535522 0.00045257201418280602 0
4022 -0.99999994039535522 0.0004258723056409508 0
4023 -0.99999994039535522 0.00038393188151530921 0
4024 -0.99999994039535522 0.00041571524343453348 0
4025 -0.99999988079071045 0.00046373697114177048 0
4026 -0.99999994039535522 0.0004124821862205863 0
4027 -0.99999994039535522 0.00039824508712626994 0
4028 -0.99999994039535522 0.00041525295819155872 0
4029 -0.99999994039535522 0.00041486968984827399 0
4030 -0.99999994039535522 0.00042094665695913136 0
4031 -0.99999994039535522 0.00041121093090623617 0
4032 -0.99999994039535522 0.000414208450820297 0
4033 -0.99999994039535522 0.00038814215804450214 0
4034 -0.99999988079071045 0.00046280655078589916 0
4035 -0.99999994039535522 0.00040202378295361996 0
4036 -0.99999994039535522 0.00039138985448516905 0
4037 -0.99999994039535522 0.00038543576374650002 0
4038 -0.99999994039535522 0.00045325371320359409 0
4039 -0.99999994039535522 0.00039940665010362864 0
4040 -0.99999988079071045 0.00047359702875837684 0
4041 -0.99999994039535522 0.00044983928091824055 0
4042 -0.99999994039535522 0.0003848608466796577 0
4043 -0.99999994039535522 0.00042914925143122673 0
4044 -0.99999994039535522 0.0004150774038862437 0
4045 -0.99999988079071045 0.00046079064486548305 0
4046 -0.99999994039535522 0.00041066962876357138 0
4047 -0.99999994039535522 0.00043791651842184365 0
4048 -0.99999994039535522 0.00045610056258738041 0
4049 -0.99999994039535522 0.00041881809011101723 0
4050 -0.99999994039535522 0.000392779620597139 0
4051 -0.99999988079071045 0.00045740252244286239 0
4052 -0.99999994039535522 0.00042827881406992674 0
4053 -0.99999994039535522 0.00038644371670670807 0
4054 -0.99999988079071045 0.00047480541979894042 0
4055 -0.99999994039535522 0.00040987675311043859 0
4056 -0.99999988079071045 0.00046416706754826009 0
4057 -0.99999994039535522 0.00040814903331920505 0
4058 -0.99999994039535522 0.00044177862582728267 0
4059 -0.99999994039535522 0.00038437516195699573 0
4060 -0.99999994039535522 0.00040046285721473396 0
4061 -0.99999994039535522 0.00041830900590866804 0
4062 -0.99999988079071045 0.00049268227303400636 0
4063 -0.99999994039535522 0.00032368744723498821 0
4064 -0.99999994039535522 0.00042134895920753479 0
4065 -0.99999994039535522 0.00039625843055546284 0
4066 -0.99999988079071045 0.00046420801663771272 0
4067 -0.99999994039535522 0.00040725080179981887 0
4068 -0.99999994039535522 0.00041525295819155872 0
4069 -0.99999994039535522 0.00041523686377331614 0
4070 -0.99999994039535522 0.00035532598849385977 0
4071 -0.99999988079071045 0.00045729719568043947 0
4072 -0.99999988079071045 0.00046305818250402808 0
4073 -0.99999994039535522 0.0003867128980346024 0
4074 -0.99999994039535522 0.00045546272303909063 0
4075 -0.99999988079071045 0.00047836321755312383 0
4076 -0.99999994039535522 0.00039241096237674356 0
4077 -0.99999994039535522 0.0003811611095443368 0
4078 -0.99999994039535522 0.00040452976827509701 0
4079 -0.99999994039535522 0.00043897860450670123 0
4080 -0.99999988079071045 0.00046276560169644654 0
4081 -0.99999994039535522 0.0004243757575750351 0
4082 -0.99999994039535522 0.00040544118382968009 0
4083 -0.99999994039535522 0.00045414024498313665 0
4084 -0.99999994039535522 0.00043418022687546909 0
4085 -0.99999994039535522 0.00038255966501310468 0
4086 -0.99999994039535522 0.0004006983945146203 0
4087 -0.99999988079071045 0.00045903222053311765 0
4088 -0.99999994039535522 0.00038558497908525169 0
4089 -0.99999994039535522 0.00040702844853512943 0
4090 -0.99999994039535522 0.00042631849646568298 0
4091 -0.99999994039535522 0.00042243735515512526 0
4092 -0.99999994039535522 0.00039511150680482388 0
4093 -0.99999988079071045 0.00046440112055279315 0
4094 -0.99999994039535522 0.00038765062345191836 0
4095 -0.99999994039535522 0.00044955839985050261 0
4096 -0.99999994039535522 0.00040123675717040896 0
4097 -0.99999994039535522 0.00045567925553768873 0
4098 -0.99999994039535522 0.00038756139110773802 0
4099 -0.99999994039535522 0.00042677202145569026 0
4100 -0.99999988079071045 0.00049212347948923707 0
4101 -0.99999994039535522 0.00034911150578409433 0
4102 -0.99999994039535522 0.00042599666630849242 0
4103 -0.99999994039535522 0.00041220569983124733 0
4104 -0.99999994039535522 0.00041755413985811174 0
4105 -0.99999994039535522 0.00038757018046453595 0
4106 -0.99999994039535522 0.00045614154078066349 0
4107 -0.99999988079071045 0.00047522381646558642 0
4108 -0.99999994039535522 0.0003568196261767298 0
4109 -0.99999994039535522 0.0004534877953119576 0
4110 -0.99999994039535522 0.0003864334721583873 0
4111 -0.99999988079071045 0.00046307573211379349 0
4112 -0.99999994039535522 0.00039513784577138722 0
4113 -0.99999994039535522 0.00045202195178717375 0
4114 -0.99999994039535522 0.00039317022310569882 0
4115 -0.99999994039535522 0.0004356314311735332 0
4116 -0.99999994039535522 0.00034805529867298901 0
4117 -0.99999988079071045 0.00048961018910631537 0
4118 -0.99999988079071045 0.00049417157424613833 0
4119 -0.99999994039535522 0.00032121659023687243 0
4120 -0.99999994039535522 0.00039140740409493446 0
4121 -0.99999988079071045 0.00046012355596758425 0
4122 -0.99999994039535522 0.00040146935498341918 0
4123 -0.99999994039535522 0.00039217836456373334 0
4124 -0.99999994039535522 0.00039884194848127663 0
4125 -0.99999994039535522 0.00035315062268637121 0
4126 -0.99999994039535522 0.0003891632950399071 0
4127 -0.99999994039535522 0.00045486880117096007 0
4128 -0.99999988079071045 0.00046786241000518203 0
4129 -0.99999994039535522 0.00037824551691301167 0
4130 -0.99999988079071045 0.00045787065755575895 0
4131 -0.99999994039535522 0.00044838804751634598 0
4132 -0.99999994039535522 0.00042473417124710977 0
4133 -0.99999988079071045 0.00046811986248940229 0
4134 -0.99999994039535522 0.00039475018274970353 0
4135 -0.99999994039535522 0.00040159517084248364 0
4136 -0.99999988079071045 0.00046514722635038197 0
4137 -0.99999994039535522 0.00042634629062376916 0
4138 -0.99999988079071045 0.00047814962454140186 0
4139 -0.99999988079071045 0.00047504532267339528 0
4140 -0.99999994039535522 0.00041806761873885989 0
4141 -0.99999994039535522 0.00038399625918827951 0
4142 -0.99999994039535522 0.00039278692565858364 0
4143 -0.99999994039535522 0.00044856654130853713 0
4144 -0.99999994039535522 0.00040202672244049609 0
4145 -0.99999988079071045 0.00047779269516468048 0
4146 -0.99999994039535522 0.00043954621651209891 0
4147 -0.99999988079071045 0.00046562706120312214 0
4148 -0.99999994039535522 0.00034642414539121091 0
4149 -0.99999994039535522 0.00045478393440134823 0
4150 -0.99999994039535522 0.00041889562271535397 0
4151 -0.99999994039535522 0.00042702362406998873 0
4152 -0.99999994039535522 0.00040174878085963428 0
4153 -0.99999988079071045 0.00045958813279867172 0
4154 -0.99999994039535522 0.00039758384809829295 0
4155 -0.99999994039535522 0.00038470138679258525 0
4156 -0.99999994039535522 0.00045585187035612762 0
4157 -0.99999994039535522 0.00039111773367039859 0
4158 -0.99999988079071045 0.00046624441165477037 0
4159 -0.99999988079071045 0.00046168302651494741 0
4160 -0.99999994039535522 0.0003928556980099529 0
4161 -0.99999988079071045 0.00046441284939646721 0
4162 -0.99999994039535522 0.00038885461981408298 0
4163 -0.99999994039535522 0.00045177616993896663 0
4164 -0.99999994039535522 0.000392507528886199 0
4165 -0.99999994039535522 0.00036947240005247295 0
4166 -0.99999988079071045 0.00047570071183145046 0
4167 -0.99999994039535522 0.00039357252535410225 0
4168 -0.99999994039535522 0.00035757888690568507 0
4169 -0.99999988079071045 0.00047080579679459333 0
4170 -0.99999988079071045 0.00047428460675291717 0
4171 -0.99999988079071045 0.00046682081301696599 0
4172 -0.99999994039535522 0.00039736146572977304 0
4173 -0.99999994039535522 0.00038790371036157012 0
4174 -0.99999988079071045 0.00046111250412650406 0
4175 -0.99999988079071045 0.00045746690011583269 0
4176 -0.99999994039535522 0.00039480283157899976 0
4177 -0.99999994039535522 0.00037668604636564851 0
4178 -0.99999994039535522 0.00038440001662820578 0
4179 -0.99999994039535522 0.00042513792868703604 0
4180 -0.99999988079071045 0.00047448650002479553 0
4181 -0.99999994039535522 0.00045572899398393929 0
4182 -0.99999988079071045 0.00046285043936222792 0
4183 -0.99999994039535522 0.00039325215038843453 0
4184 -0.99999994039535522 0.00041762873297557235 0
4185 -0.99999994039535522 0.00042590597877278924 0
4186 -0.99999994039535522 0.00041076180059462786 0
4187 -0.99999994039535522 0.0004225851153023541 0
4188 -0.99999994039535522 0.00045667696394957602 0
4189 -0.99999994039535522 0.00039672365528531373 0
4190 -0.99999994039535522 0.00040844600880518556 0
4191 -0.99999994039535522 0.0003846574982162565 0
4192 -0.99999994039535522 0.00042738643242046237 0
4193 -0.99999994039535522 0.00039559428114444017 0
4194 -0.99999994039535522 0.00041163369314745069 0
4195 -0.99999988079071045 0.00046137580648064613 0
4196 -0.99999994039535522 0.00041202869033440948 0
4197 -0.99999994039535522 0.0004205414152238518 0
4198 -0.99999994039535522 0.00042052241042256355 0
4199 -0.99999988079071045 0.00045882156700827181 0
4200 -0.99999994039535522 0.00040764285949990153 0
4201 -0.99999994039535522 0.00041076034540310502 0
4202 -0.99999988079071045 0.00046154260053299367 0
4203 -0.99999994039535522 0.00040845770854502916 0
4204 -0.99999994039535522 0.00039719470078125596 0
4205 -0.99999994039535522 0.0004236384411342442 0
4206 -0.99999994039535522 0.00040103340870700777 0
4207 -0.99999994039535522 0.00041554847848601639 0
4208 -0.99999994039535522 0.00038706691702827811 0
4209 -0.99999994039535522 0.00044228186015971005 0
4210 -0.99999994039535522 0.00043446110794320703 0
4211 -0.99999994039535522 0.00038317410508170724 0
4212 -0.99999922513961792 -0.0012787503655999899 0
4213 -0.99999964237213135 -0.00087971182074397802 0
4214 -0.99999946355819702 -0.0010645720176398754 0
4215 -0.99999970197677612 -0.00081236200639978051 0
4216 -0.9999997615814209 -0.00067460490390658379 0
4217 -0.99999988079071045 -0.00051798200001940131 0
4218 -0.9999997615814209 -0.00067151518305763602 0
4219 -0.9999997615814209 -0.0007357870927080512 0
4220 -0.99999970197677612 -0.00078734027920290828 0
4221 -0.99999964237213135 -0.00087087287101894617 0
4222 -0.99999946355819702 -0.0010310037760064006 0
4223 -0.99999970197677612 -0.00075976137304678559 0
4224 -0.99999916553497314 -0.0012916927225887775 0
4225 -0.9999995231628418 -0.00098252273164689541 0
4226 -0.99999970197677612 -0.00079364835983142257 0
4227 -0.9999992847442627 -0.0012104554334655404 0
4228 -0.99999958276748657 -0.00092689821030944586 0
4229 -0.99999958276748657 -0.00094596447888761759 0
4230 -0.99999970197677612 -0.00077590317232534289 0
4231 -0.99999982118606567 -0.00062319060089066625 0
4232 -0.99999982118606567 -0.00065868254750967026 0
4233 -0.99999964237213135 -0.000897026970051229 0
4234 -0.9999997615814209 -0.000745597411878407 0
4235 -0.9999995231628418 -0.001018630457110703 0
4236 -0.9999997615814209 -0.00073859008261933923 0
4237 -0.99999988079071045 -0.00052220252109691501 0
4238 -0.99999964237213135 -0.00086833321256563067 0
4239 -0.9999995231628418 -0.001015163492411375 0
4240 -0.99999970197677612 -0.00080659805098548532 0
4241 -0.99999946355819702 -0.0010241426061838865 0
4242 -0.99999916553497314 -0.00128655054140836 0
4243 -0.99999934434890747 -0.0011682356707751751 0
4244 -0.99999958276748657 -0.00093837775057181716 0
4245 -0.99999964237213135 -0.00088271667482331395 0
4246 -0.9999997615814209 -0.00074301392305642366 0
4247 -0.99999964237213135 -0.00083063088823109865 0
4248 -0.9999997615814209 -0.00071459816535934806 0
4249 -0.9999997615814209 -0.00067411625059321523 0
4250 -0.99999946355819702 -0.0010708742775022984 0
4251 -0.99999922513961792 -0.0012668231502175331 0
4252 -0.9999995231628418 -0.0010113511234521866 0
4253 -0.99999988079071045 -0.00052041042363271117 0
4254 -0.99999964237213135 -0.00088110164506360888 0
4255 -0.99999958276748657 -0.00095955055439844728 0
4256 -0.99999964237213135 -0.0008334045996889472 0
4257 -0.9999997615814209 -0.00073782057734206319 0
4258 -0.9999997615814209 -0.00069130555493757129 0
4259 -0.99999970197677612 -0.00076680822530761361 0
4260 -0.9999997615814209 -0.0007492971490137279 0
4261 -0.99999946355819702 -0.001026372192427516 0
4262 -0.99999970197677612 -0.00076845107832923532 0
4263 -0.99999964237213135 -0.00085309107089415193 0
4264 -0.9999995231628418 -0.00099019135814160109 0
4265 -0.99999988079071045 -0.00053544924594461918 0
4266 -0.9999997615814209 -0.00072671985253691673 0
4267 -0.99999970197677612 -0.00080974050797522068 0
4268 -0.99999970197677612 -0.00081772217527031898 0
4269 -0.9999995231628418 -0.001018127310089767 0
4270 -0.99999982118606567 -0.00058362598065286875 0
4271 -0.9999995231628418 -0.00096253631636500359 0
4272 -0.99999946355819702 -0.0010452554561197758 0
4273 -0.99999964237213135 -0.0008431008318439126 0
4274 -0.99999988079071045 -0.00051061913836747408 0
4275 -0.9999995231628418 -0.00096595956711098552 0
4276 -0.9999995231628418 -0.0010177044896408916 0
4277 -0.99999970197677612 -0.00076415890362113714 0
4278 -0.99999964237213135 -0.00088412110926583409 0
4279 -0.9999997615814209 -0.00074537505861371756 0
4280 -0.99999988079071045 -0.00056998286163434386 0
4281 -0.9999992847442627 -0.0012128809466958046 0
4282 -0.99999964237213135 -0.00086184666724875569 0
4283 -0.99999964237213135 -0.00083594711031764746 0
4284 -0.99999946355819702 -0.0010451910784468055 0
4285 -0.9999995231628418 -0.00097850849851965904 0
4286 -0.99999982118606567 -0.00065913895377889276 0
4287 -0.99999940395355225 -0.0011060528922826052 0
4288 -0.9999997615814209 -0.0007266233442351222 0
4289 -0.99999964237213135 -0.00089480623137205839 0
4290 -0.99999988079071045 -0.00052391557255759835 0
4291 -0.9999995231628418 -0.00097700173500925303 0
4292 -0.99999970197677612 -0.00076360738603398204 0
4293 -0.9999997615814209 -0.00073767133289948106 0
4294 -0.9999997615814209 -0.0007056714384816587 0
4295 -0.9999997615814209 -0.00073227309621870518 0
4296 -0.99999916553497314 -0.0012904243776574731 0
4297 -0.9999997615814209 -0.0006753626512363553 0
4298 -0.99999958276748657 -0.00093316391576081514 0
4299 -0.99999970197677612 -0.00082174228737130761 0
4300 -0.99999916553497314 -0.0012919442960992455 0
4301 -0.99999964237213135 -0.00085954694077372551 0
4302 -0.99999982118606567 -0.00066470977617427707 0
4303 -0.99999970197677612 -0.00078622990986332297 0
4304 -0.99999988079071045 -0.0005163084133528173 0
4305 -0.9999995231628418 -0.001014870940707624 0
4306 -0.9999997615814209 -0.00072700658347457647 0
4307 -0.9999997615814209 -0.0007416768348775804 0
4308 -0.99999964237213135 -0.00087128538871183991 0
4309 -0.99999958276748657 -0.00092093826970085502 0
4310 -0.99999970197677612 -0.00076192501001060009 0
4311 -0.99999958276748657 -0.0009003886952996254 0
4312 -0.99999946355819702 -0.0010251052444800735 0
4313 -0.99999988079071045 -0.00051845889538526535 0
4314 -0.99999970197677612 -0.00080462172627449036 0
4315 -0.99999946355819702 -0.0010442372877150774 0
4316 -0.9999997615814209 -0.00074316310929134488 0
4317 -0.99999982118606567 -0.00065489945700392127 0
4318 -0.99999982118606567 -0.00061774859204888344 0
4319 -0.99999958276748657 -0.00094703829381614923 0
4320 -0.9999997615814209 -0.00067194527946412563 0
4321 -0.99999964237213135 -0.00088101386791095138 0
4322 -0.99999916553497314 -0.0012818062677979469 0
4323 -0.9999995231628418 -0.00099763181060552597 0
4324 -0.99999970197677612 -0.00079156516585499048 0
4325 -0.99999946355819702 -0.0010714652016758919 0
4326 -0.9999995231628418 -0.0010189962340518832 0
4327 -0.99999970197677612 -0.0007757247076369822 0
4328 -0.9999992847442627 -0.0012160744518041611 0
4329 -0.99999970197677612 -0.00080770405475050211 0
4330 -0.99999916553497314 -0.0012950325617566705 0
4331 -0.99999964237213135 -0.00087541376706212759 0
4332 -0.011827869340777397 -0.0087055657058954239 -0.99989217519760132
4333 0.019577186554670334 -0.009103936143219471 -0.99976688623428345
4334 0.017372405156493187 0.014118781313300133 -0.99974942207336426
4335 -0.019205620512366295 0.0093943923711776733 -0.99977141618728638
4336 -0.0085207447409629822 0.012215451337397099 -0.99988913536071777
4337 0.01102431770414114 -0.020315434783697128 -0.9997328519821167
4338 -0.0032372456043958664 0.0256199911236763 -0.99966651201248169
4339 0.017675699666142464 0.013862824067473412 -0.99974769353866577
4340 0.0016514386516064405 -0.023173009976744652 -0.99973016977310181
4341 0.0085483584553003311 -0.015380347147583961 -0.99984520673751831
4342 -0.013433202169835567 0.018616136163473129 -0.999736487865448
4343 0.0031960164196789265 0.033990021795034409 -0.99941706657409668
4344 -0.022408556193113327 -0.024205559864640236 -0.99945580959320068
4345 0.0011136742541566491 0.0054285824298858643 -0.99998468160629272
4346 -0.025809295475482941 0.0076556946150958538 -0.99963760375976562
4347 -0.0029356102459132671 -0.0039404570125043392 -0.99998795986175537
4348 -0.017739027738571167 -0.014723206870257854 -0.99973428249359131
4349 -0.99995529651641846 -0.0094371465966105461 0.00066826812690123916
4350 -0.99989837408065796 -0.014255265705287457 0.00020199378195684403
4351 0.014926229603588581 0.021902546286582947 -0.99964874982833862
4352 -0.011308314278721809 0.033282604068517685 -0.99938201904296875
4353 -0.0061077508144080639 -0.025277556851506233 -0.99966180324554443
4354 -0.0020690720994025469 0.00070440553827211261 -0.99999761581420898
4355 -0.025383338332176208 -0.013578861020505428 -0.99958556890487671
4356 0.021178223192691803 -0.0058323484845459461 -0.99975872039794922
4357 -0.0057124081067740917 0.023987980559468269 -0.99969595670700073
4358 0.0026474520564079285 0.0040623992681503296 -0.99998825788497925
4359 0.0079208845272660255 0.0051117809489369392 -0.99995559453964233
4360 -0.010530963540077209 0.023434458300471306 -0.99966990947723389
4361 0.00079452875070273876 -0.0012569895479828119 -0.99999892711639404
4362 -0.024516494944691658 0.0063816187903285027 -0.9996790885925293
4363 0.00098640588112175465 -0.0019592829048633575 -0.99999761581420898
4364 0.0048983637243509293 -0.025231536477804184 -0.99966961145401001
4365 -0.031976573169231415 -0.0093415314331650734 -0.99944496154785156
4366 0.011393661610782146 -0.037737865000963211 -0.99922275543212891
4367 -0.00020633044186979532 0.0014918801607564092 -0.99999886751174927
4368 0.048933021724224091 0.006616808008402586 -0.99878013134002686
4369 -0.049155749380588531 -0.0055404994636774063 -0.99877578020095825
4370 -0.0016525364480912685 -0.0017310732509940863 -0.99999713897705078
4371 0.043346021324396133 0.014530996792018414 -0.99895447492599487
4372 -0.0013224980793893337 0.00062248198082670569 -0.99999898672103882
4373 -0.0050122682005167007 -0.037217769771814346 -0.99929463863372803
4374 0.023309202864766121 0.02739047072827816 -0.99935305118560791
4375 0.0039329011924564838 -0.011138994246721268 -0.99993026256561279
4376 0.024057609960436821 -0.017737327143549919 -0.99955326318740845
4377 -0.034390784800052643 -0.014914210885763168 -0.99929720163345337
4378 -0.0013547234702855349 -0.0044037457555532455 -0.99998939037322998
4379 -0.0024186929222196341 0.001673760823905468 -0.99999570846557617
4380 -0.0091983135789632797 -0.0015740734525024891 -0.99995648860931396
4381 0.00095819332636892796 -0.0026351050473749638 -0.9999961256980896
4382 0.0071760881692171097 0.0034363230224698782 -0.99996834993362427
4383 -0.0039268722757697105 -0.0037043425254523754 -0.9999854564666748
4384 -0.0085816485807299614 0.0054330453276634216 -0.99994844198226929
4385 5.6652763305464759e-05 -0.00072533678030595183 -0.9999997615814209
4386 -0.00024406977172475308 -0.00054467725567519665 -0.99999982118606567
4387 -0.00056888576364144683 0.00036970520159229636 -0.99999982118606567
4388 0.0024870526976883411 0.0021514741238206625 -0.99999463558197021
4389 -0.00063796824542805552 -1.2982073712919373e-05 -0.99999982118606567
4390 -0.00063817383488640189 -2.0774676158907823e-05 -0.99999982118606567
4391 -0.00015189617988653481 0.00067483494058251381 -0.9999997615814209
4392 -0.024635907262563705 0.01686934195458889 -0.99955421686172485
4393 -0.00037679370143450797 -0.00048308874829672277 -0.99999982118606567
4394 -0.0024294862523674965 -0.00070189055986702442 -0.9999968409538269
4395 0.0026995490770787001 0.0022478443570435047 -0.99999386072158813
4396 0.011736822314560413 -0.036445684731006622 -0.99926674365997314
4397 -0.021368131041526794 -0.011938500218093395 -0.99970042705535889
4398 -0.00030382134718820453 -0.00050433602882549167 -0.99999982118606567
4399 0.024988440796732903 -0.014884378761053085 -0.99957698583602905
4400 -0.021488456055521965 0.023192860186100006 -0.99950003623962402
4401 -0.00062471098499372602 -0.00013603891420643777 -0.99999982118606567
4402 -0.00037303424323908985 -0.0004533507744781673 -0.99999988079071045
4403 -0.00048047132440842688 0.00041254106326960027 -0.99999982118606567
4404 0.02218472957611084 0.020580699667334557 -0.99954205751419067
4405 -0.00047661201097071171 0.00041265317122451961 -0.99999982118606567
4406 -0.022514460608363152 0.019384138286113739 -0.99955862760543823
4407 0.00057790311984717846 0.00087467755656689405 -0.99999946355819702
4408 -0.00029338983586058021 0.0005233409465290606 -0.99999982118606567
4409 -0.0004103044921066612 0.00046624569222331047 -0.99999982118606567
4410 -0.00030922831501811743 0.00052741263061761856 -0.99999982118606567
4411 0.0047191926278173923 0.0034136525355279446 -0.99998307228088379
4412 -0.00039234067662619054 0.00047248078044503927 -0.99999982118606567
4413 -0.00035580404801294208 -0.00051754253217950463 -0.99999982118606567
4414 -0.017404412850737572 -0.02315804548561573 -0.99958032369613647
4415 -0.011245859786868095 0.023001905530691147 -0.99967217445373535
4416 -0.000622082210611552 -0.00015149630780797452 -0.99999982118606567
4417 -0.00049074034905061126 0.00039484689477831125 -0.99999982118606567
4418 -0.00033195843570865691 -0.00048114111996255815 -0.99999982118606567
4419 0.017021561041474342 -0.024555977433919907 -0.99955356121063232
4420 0.01916985772550106 -0.017834493890404701 -0.99965721368789673
4421 -0.00030563495238311589 0.00053110375301912427 -0.99999982118606567
4422 -0.00057586334878578782 0.00030883291037753224 -0.9999997615814209
4423 -0.00057117349933832884 0.00031941488850861788 -0.99999982118606567
4424 -0.0032217788975685835 -0.0011449261801317334 -0.99999415874481201
4425 -0.00040622468804940581 0.0004643840657081455 -0.99999982118606567
4426 -0.0066802911460399628 0.029513677582144737 -0.99954205751419067
4427 -0.00091965182218700647 0.00016673468053340912 -0.99999958276748657
4428 0.0016518430784344673 -0.0054811863228678703 -0.99998360872268677
4429 0.00035655440296977758 0.0011135544627904892 -0.99999934434890747
4430 -0.00063019478693604469 8.5883802967146039e-05 -0.99999982118606567
4431 -0.0044154818169772625 -0.033363718539476395 -0.99943357706069946
4432 -0.0004906852263957262 0.00039998136344365776 -0.99999982118606567
4433 0.0026301464531570673 -0.030142217874526978 -0.99954217672348022
4434 -0.0032772710546851158 0.003945997916162014 -0.99998688697814941
4435 -0.00038269441574811935 -0.00050233950605615973 -0.99999982118606567
4436 -0.00029619867564179003 0.00051147362682968378 -0.99999988079071045
4437 -0.0006342597771435976 -3.5601740819402039e-05 -0.99999982118606567
4438 -0.0005681081092916429 0.00031126145040616393 -0.99999982118606567
4439 -0.00058577937306836247 -0.00022701488342136145 -0.99999982118606567
4440 -0.00055877742124721408 0.00034264917485415936 -0.99999982118606567
4441 -0.00063410232542082667 -5.4114992963150144e-05 -0.99999982118606567
4442 -0.00061819452093914151 0.0001594254863448441 -0.99999982118606567
4443 -0.00061590381665155292 0.00018085910414811224 -0.99999982118606567
4444 -0.00062234495999291539 8.488137973472476e-05 -0.99999982118606567
4445 -0.00056936417240649462 -0.00024932765518315136 -0.99999982118606567
4446 -0.00061786931473761797 -0.00015508648357354105 -0.99999982118606567
4447 -0.00061439519049599767 0.00018214419833384454 -0.99999982118606567
4448 -0.99999994039535522 -1.2688391507253982e-05 0.00041912199230864644
4449 -0.00039291603025048971 0.00046798857511021197 -0.99999982118606567
4450 -0.0003260418598074466 0.00046715023927390575 -0.99999982118606567
4451 -0.00058783148415386677 -0.00022314491798169911 -0.99999982118606567
4452 4.4632528442889452e-05 -0.0016909822588786483 -0.99999856948852539
4453 0.0051688011735677719 0.026941576972603798 -0.99962371587753296
4454 -0.99999994039535522 1.1931861081393436e-05 0.00039416144136339426
4455 -0.00058255932526662946 0.00013613574265036732 -0.99999982118606567
4456 -0.00047364001511596143 0.00040724372956901789 -0.99999982118606567
4457 -0.00056992558529600501 -0.00024894782109186053 -0.99999982118606567
4458 -0.00062556733610108495 0.0001215473166666925 -0.99999982118606567
4459 -0.00056702719302847981 0.00032701189047656953 -0.99999982118606567
4460 -0.0044505652040243149 -0.0029467178974300623 -0.99998581409454346
4461 -0.0002619624137878418 -0.00050177233060821891 -0.99999988079071045
4462 -0.00062931369757279754 -1.2936856364831328e-05 -0.99999982118606567
4463 -0.00044940118095837533 -0.00039356068009510636 -0.99999982118606567
4464 -0.0005036576185375452 -0.00031474875868298113 -0.99999982118606567
4465 0.0066123073920607567 0.0044956495985388756 -0.99996805191040039
4466 0.00056349404621869326 -0.0056724105961620808 -0.99998378753662109
4467 -0.00030210448312573135 -0.00050091661978513002 -0.99999982118606567
4468 -0.00040527796954847872 -0.00042209363891743124 -0.99999982118606567
4469 -0.00038889585994184017 0.00046992572606541216 -0.99999982118606567
4470 -0.0006095792050473392 0.00020827846310567111 -0.99999982118606567
4471 -0.00058050267398357391 -0.00023535135551355779 -0.99999982118606567
4472 -0.00046148576075211167 0.00041494311881251633 -0.99999982118606567
4473 -0.00062688306206837296 -0.00010229840700048953 -0.99999982118606567
4474 -0.00045341392979025841 -0.00040232474566437304 -0.99999982118606567
4475 -0.00038999522803351283 -0.00041386933298781514 -0.99999982118606567
4476 -0.00058156828163191676 -0.00024252638104371727 -0.99999982118606567
4477 -0.00039215965080074966 0.00046027792268432677 -0.99999982118606567
4478 -0.00074051605770364404 0.00038506725104525685 -0.99999970197677612
4479 -0.00059253541985526681 -0.0010040831984952092 -0.99999934434890747
4480 -0.00058054568944498897 -0.00021573076082859188 -0.99999982118606567
4481 -0.00061942520551383495 2.406136627541855e-05 -0.99999982118606567
4482 -0.00090940867085009813 4.4719490688294172e-05 -0.99999964237213135
4483 -0.00037571226130239666 -0.00046436974662356079 -0.99999982118606567
4484 -0.00058601796627044678 -0.00023833253362681717 -0.99999982118606567
4485 -0.00092280353419482708 0.0013775811530649662 -0.99999862909317017
4486 -0.00048470895853824914 -0.00033599941525608301 -0.99999982118606567
4487 -0.00049824174493551254 -0.00031064756331034005 -0.99999982118606567
4488 -0.00062810251256451011 -0.00010344721522415057 -0.99999982118606567
4489 -0.00043388103949837387 -0.00041839206824079156 -0.99999982118606567
4490 -0.00050287251360714436 -0.00032666628248989582 -0.99999982118606567
4491 -0.00064317137002944946 0.00020395494357217103 -0.99999982118606567
4492 -0.00054492405615746975 -0.0030690014827996492 -0.99999517202377319
4493 -0.00060369173297658563 8.9077802840620279e-05 -0.99999982118606567
4494 -0.00050757854478433728 -0.00032255341648124158 -0.99999982118606567
4495 -5.1145554607501253e-05 -0.00056461070198565722 -0.99999988079071045
4496 -0.00051026156870648265 -0.00033816593349911273 -0.99999982118606567
4497 -0.00059319654246792197 0.00021084370382595807 -0.99999982118606567
4498 -0.00057809741701930761 -0.00035549316089600325 -0.99999982118606567
4499 -0.0006012906669639051 -0.00021541300520766526 -0.99999982118606567
4500 -0.00059828697703778744 0.00029189762426540256 -0.99999982118606567
4501 -0.00034315194352529943 -0.00050624582218006253 -0.99999982118606567
4502 -0.0004437630414031446 0.0010547342244535685 -0.99999934434890747
4503 -0.00061729951994493604 -0.00015921532758511603 -0.99999982118606567
4504 -0.00048722574138082564 -0.00032359143369831145 -0.99999982118606567
4505 -4.7431494749616832e-05 0.00054834689944982529 -0.99999988079071045
4506 -0.00038065086118876934 -0.00073544308543205261 -0.99999970197677612
4507 -0.00063197017880156636 -5.3301930165616795e-05 -0.99999982118606567
4508 0.0002258680178783834 0.0008349389536306262 -0.99999964237213135
4509 -0.00018562280456535518 -0.00054623233154416084 -0.99999982118606567
4510 -0.00041846337262541056 -0.00038735097041353583 -0.99999982118606567
4511 -0.00077994365710765123 0.0052100303582847118 -0.99998617172241211
4512 -0.00050084688700735569 -0.00032252853270620108 -0.99999982118606567
4513 -0.00022471565171144903 -0.00053790281526744366 -0.99999982118606567
4514 -0.0017171481158584356 -0.0017833416350185871 -0.99999696016311646
4515 -0.00024313673202414066 0.00059284438611939549 -0.99999982118606567
4516 -4.9644757382338867e-05 0.00054807454580441117 -0.99999988079071045
4517 -0.0013068083208054304 0.0029955531936138868 -0.99999469518661499
4518 -0.0011056417133659124 -0.00036154169356450438 -0.99999934434890747
4519 -0.00041654784581623971 -0.00056252448121085763 -0.9999997615814209
4520 -0.00039356973138637841 0.00047197920503094792 -0.99999982118606567
4521 -4.854574945056811e-05 -0.00053605850553140044 -0.99999988079071045
4522 -0.00098680658265948296 -0.00043359925621189177 -0.99999946355819702
4523 -4.9258873332291842e-05 0.00054381444351747632 -0.99999988079071045
4524 -0.00044064395478926599 -0.00039212667616084218 -0.99999982118606567
4525 -0.00064769905293360353 8.0825469922274351e-05 -0.99999982118606567
4526 -0.00049168604891747236 0.00042175405542366207 -0.99999982118606567
4527 -0.00062144146068021655 -0.00014141116116661578 -0.99999982118606567
4528 -0.00062280002748593688 0.00016285345191136003 -0.99999982118606567
4529 -4.7767822252353653e-05 -0.00052745506400242448 -0.99999988079071045
4530 -0.00042797444621101022 -0.00040769053157418966 -0.99999982118606567
4531 0.00024076126283034682 0.0016911090351641178 -0.99999856948852539
4532 0.0023738760501146317 0.0056177563965320587 -0.99998140335083008
4533 -0.00045073861838318408 -0.00047475023893639445 -0.99999982118606567
4534 -0.0004840101464651525 0.00039952681981958449 -0.99999982118606567
4535 -0.00044897155021317303 -0.00045847959700040519 -0.99999982118606567
4536 -0.0005529612535610795 0.00030013461946509778 -0.99999982118606567
4537 -4.1530136513756588e-05 -0.00057104881852865219 -0.99999988079071045
4538 -0.0004981002421118319 0.00038103098631836474 -0.99999982118606567
4539 -6.8386420025490224e-05 -0.00054848054423928261 -0.99999988079071045
4540 -0.00078221014700829983 -0.001198748592287302 -0.99999898672103882
4541 -4.9901842430699617e-05 -0.00055090099340304732 -0.99999988079071045
4542 -0.00039574078982695937 0.00050378195010125637 -0.99999982118606567
4543 -0.00017476422362960875 0.0014307458186522126 -0.99999898672103882
4544 -0.00026957769296132028 -0.00052175484597682953 -0.99999982118606567
4545 -5.3126677812542766e-05 0.00058651471044868231 -0.99999982118606567
4546 -0.0004245363234076649 -0.00040952046401798725 -0.99999982118606567
4547 -0.00036365300184115767 -0.00048574080574326217 -0.99999982118606567
4548 -0.0004206423182040453 -0.00042495349771343172 -0.99999982118606567
4549 8.9174893219023943e-05 0.0015046792104840279 -0.99999886751174927
4550 -0.00053234142251312733 0.00037308767787180841 -0.99999982118606567
4551 -4.6260211092885584e-05 0.00055042596068233252 -0.99999988079071045
4552 -5.429296288639307e-05 -0.00059952645096927881 -0.99999982118606567
4553 -0.00056626315927132964 0.00030197438900358975 -0.99999982118606567
4554 6.5609929151833057e-05 0.0010577494977042079 -0.99999946355819702
4555 -0.00048567709745839238 0.00040921266190707684 -0.99999982118606567
4556 -0.00024440439301542938 -0.00054463697597384453 -0.99999982118606567
4557 -0.0005047351005487144 -0.00036669641849584877 -0.99999982118606567
4558 -5.2350736950756982e-05 -0.00057799043133854866 -0.99999982118606567
4559 -0.00084599992260336876 1.3495649909600616e-05 -0.99999964237213135
4560 -0.00034356059040874243 -0.0004934587050229311 -0.99999982118606567
4561 -0.0034838151186704636 0.00024327171558979899 -0.99999392032623291
4562 -0.00019404786871746182 -0.00082485750317573547 -0.99999964237213135
4563 -0.0001658597175264731 -0.00055889645591378212 -0.99999988079071045
4564 -0.0010837123263627291 -0.0012690067524090409 -0.99999862909317017
4565 -0.0022307508625090122 -0.0046249427832663059 -0.99998682737350464
4566 -4.0094171708915383e-05 0.00054027169244363904 -0.99999988079071045
4567 -4.2229152313666418e-05 -0.00047651620116084814 -0.99999988079071045
4568 -0.00060949887847527862 0.00020900277013424784 -0.99999982118606567
4569 -0.00037441926542669535 -0.00048030813923105597 -0.99999982118606567
4570 -4.8722540668677539e-05 0.00053789338562637568 -0.99999988079071045
4571 -0.00014626211486756802 -0.00056444539222866297 -0.99999988079071045
4572 -4.6415010729106143e-05 -0.00051374488975852728 -0.99999988079071045
4573 -0.00038331892574205995 -0.00048771002911962569 -0.99999982118606567
4574 -0.00026710450765676796 -0.0005270056426525116 -0.99999982118606567
4575 -5.4893695050850511e-05 -0.00060763175133615732 -0.99999982118606567
4576 -4.6117478632368147e-05 -0.00053102854872122407 -0.99999988079071045
4577 -0.00065827538492158055 -4.790469120052876e-06 -0.99999982118606567
4578 0.0053436830639839172 0.0010231082560494542 -0.9999852180480957
4579 -5.3709525673184544e-05 -0.00056165212299674749 -0.99999988079071045
4580 -5.2913670515408739e-05 0.00058426306350156665 -0.99999982118606567
4581 -0.00060324836522340775 0.00023427880660165101 -0.99999982118606567
4582 -0.00059373269323259592 0.00024222637875936925 -0.99999982118606567
4583 -0.00013420270988717675 -0.00055257120402529836 -0.99999988079071045
4584 -0.00056257465621456504 0.0003154885780531913 -0.99999982118606567
4585 -5.6380602472927421e-05 0.00054545933380723 -0.99999988079071045
4586 -5.4480482504004613e-05 -0.00061394483782351017 -0.99999982118606567
4587 -0.00061186985112726688 0.00013828955707140267 -0.99999982118606567
4588 -0.00058019929565489292 0.00029403073131106794 -0.99999982118606567
4589 -0.00015271801385097206 -0.00056025251979008317 -0.99999988079071045
4590 -0.0015077193966135383 -0.00034988560946658254 -0.99999880790710449
4591 -0.0004886948736384511 0.00040121711208485067 -0.99999982118606567
4592 -0.0006054952391423285 4.0652659663464874e-05 -0.99999982118606567
4593 0.0073195826262235641 0.0011511179618537426 -0.99997258186340332
4594 0.0014672484248876572 -0.0009486576309427619 -0.99999850988388062
4595 -4.1311279346700758e-05 -0.00058909773360937834 -0.99999982118606567
4596 0.00013290498463902622 -0.00062665104633197188 -0.99999982118606567
4597 -0.0006577902240678668 6.9984853325877339e-05 -0.99999982118606567
4598 -0.00023255065025296062 -0.0005090161575935781 -0.99999988079071045
4599 -0.00025874859420582652 -0.00055996904848143458 -0.99999982118606567
4600 -0.00060407345881685615 -0.00015144224744290113 -0.99999982118606567
4601 -0.0010668300092220306 -0.0010606965515762568 -0.99999886751174927
4602 -0.0002057124802377075 -0.00061625888338312507 -0.99999982118606567
4603 -0.00059936521574854851 0.00024418820976279676 -0.99999982118606567
4604 0.011552353389561176 0.0017049303278326988 -0.99993181228637695
4605 -0.00060988881159573793 0.00023771604173816741 -0.99999982118606567
4606 -0.00023446613340638578 -0.00099943589884787798 -0.99999946355819702
4607 -0.00050167867448180914 0.00037014586268924177 -0.99999982118606567
4608 -0.00063777831383049488 0.00034538423642516136 -0.9999997615814209
4609 -6.6743195930030197e-05 0.00058935768902301788 -0.99999982118606567
4610 -0.00062148721190169454 0.000140495685627684 -0.99999982118606567
4611 -0.00063123682048171759 0.00010905483213718981 -0.99999982118606567
4612 0.0013348089996725321 -0.00073705177055671811 -0.99999886751174927
4613 -0.00025092414580285549 -0.00054275913862511516 -0.99999982118606567
4614 -0.00053753011161461473 0.00034031178802251816 -0.99999982118606567
4615 -0.00093336164718493819 0.00037103937938809395 -0.9999995231628418
4616 -0.00069509359309449792 0.0002109118941007182 -0.9999997615814209
4617 -0.00037042651092633605 -0.00050021940842270851 -0.99999982118606567
4618 -0.00062796974088996649 2.8141374059487134e-05 -0.99999982118606567
4619 -0.00034258159575983882 -0.00052674766629934311 -0.99999982118606567
4620 -0.0005343532538972795 -0.00049246911657974124 -0.9999997615814209
4621 -0.00062875228468328714 0.00016546012193430215 -0.99999982118606567
4622 -0.0004916377947665751 -0.00028982755611650646 -0.99999988079071045
4623 -0.00057385885156691074 0.00027812219923362136 -0.99999982118606567
4624 0.00015981985779944807 -0.00080918573075905442 -0.99999970197677612
4625 -0.0010917343897745013 -8.6065469076856971e-05 -0.99999940395355225
4626 -0.00061344035202637315 -0.00013703056902159005 -0.99999982118606567
4627 -0.00063471362227573991 -7.972808089107275e-05 -0.99999982118606567
4628 -0.0006354993674904108 4.6564571675844491e-05 -0.99999982118606567
4629 -0.00063624756876379251 -0.00024524639593437314 -0.9999997615814209
4630 -4.971148882759735e-05 -0.00060778635088354349 -0.99999982118606567
4631 -0.00047978779184632003 -0.00041980601963587105 -0.99999982118606567
4632 -0.00063739658799022436 0.00014826720871496946 -0.99999982118606567
4633 -0.00036596617428585887 -0.00051177572458982468 -0.99999982118606567
4634 -0.00062873476417735219 -7.7901131589896977e-05 -0.99999982118606567
4635 -0.00058929226361215115 0.00027235125890001655 -0.99999982118606567
4636 0.0072442386299371719 -0.0026022833772003651 -0.99997043609619141
4637 3.4564989618957043e-05 -0.00057777989422902465 -0.99999982118606567
4638 0.00077015289571136236 -0.00079774169716984034 -0.99999940395355225
4639 -0.00017201792798005044 -0.000574263627640903 -0.99999982118606567
4640 -0.00064817391103133559 2.862230030586943e-05 -0.99999982118606567
4641 -0.00017077573284041137 -0.00057266536168754101 -0.99999982118606567
4642 -0.00015338952653110027 -0.00054482329869642854 -0.99999988079071045
4643 -0.000236740947002545 -0.00052460026927292347 -0.99999982118606567
4644 0.00049143255455419421 -0.00075590680353343487 -0.99999958276748657
4645 -0.00088301778305321932 -0.00025996184558607638 -0.99999958276748657
4646 -0.00055754970526322722 -0.00022890469699632376 -0.99999982118606567
4647 -0.0015196729218587279 -0.00019509869161993265 -0.99999880790710449
4648 -0.00016699318075552583 -0.00054131430806592107 -0.99999988079071045
4649 -0.00074825482442975044 -6.0487222071969882e-05 -0.9999997615814209
4650 -0.0089355548843741417 0.0035500824451446533 -0.99995380640029907
4651 -0.00057803501840680838 -0.00022810370137449354 -0.99999982118606567
4652 -0.00016452143609058112 -0.00066441314993426204 -0.99999982118606567
4653 0.0079696420580148697 -0.0027505075559020042 -0.99996447563171387
4654 -0.0055955098941922188 -0.0038487613201141357 -0.99997693300247192
4655 -0.0061693722382187843 0.0024111371021717787 -0.99997806549072266
4656 -0.00077653024345636368 -0.00023210055951494724 -0.99999970197677612
4657 0.0010607765289023519 0.002244346309453249 -0.99999696016311646
4658 0.0015744381817057729 0.0021238068584352732 -0.99999654293060303
4659 0.035173352807760239 0.016606980934739113 -0.99924325942993164
4660 0.003699546679854393 0.0038159261457622051 -0.99998587369918823
4661 -0.002180356765165925 -0.0016472833231091499 -0.99999630451202393
4662 -0.026618653908371925 -0.0076603763736784458 -0.99961638450622559
4663 0.029954392462968826 -0.010070513933897018 -0.999500572681427
4664 0.022078715264797211 -0.025232139974832535 -0.99943780899047852
4665 -0.014602278359234333 -0.015630390495061874 -0.99977123737335205
4666 0.0053363628685474396 0.0036760983057320118 -0.99997901916503906
4667 0.012413030490279198 -0.028974881395697594 -0.99950307607650757
4668 0.027174996212124825 0.016527989879250526 -0.99949407577514648
4669 0.0057495343498885632 -0.030983779579401016 -0.99950337409973145
4670 0.032439835369586945 0.015806801617145538 -0.99934875965118408
4671 -0.025288945063948631 0.01038272213190794 -0.9996262788772583
4672 -0.011967558413743973 0.012233620509505272 -0.99985361099243164
4673 0.015750149264931679 0.012813277542591095 -0.9997938871383667
4674 0.023902913555502892 0.027710823342204094 -0.99933016300201416
4675 -0.0012468311470001936 0.0026769619435071945 -0.9999956488609314
4676 -0.0035970231983810663 -0.0033854891080409288 -0.99998784065246582
4677 0.0063332319259643555 0.0063097844831645489 -0.99996006488800049
4678 -0.00044146887375973165 -0.0099501106888055801 -0.99995040893554688
4679 3.6817684303969145e-05 0.004220073577016592 -0.99999111890792847
4680 -0.0008712684502825141 0.0094287628307938576 -0.99995517730712891
4681 0.0061183166690170765 -0.010123323649168015 -0.99993008375167847
4682 0.025941938161849976 -0.019416157156229019 -0.99947488307952881
4683 0.01428130641579628 0.026388974860310555 -0.9995497465133667
4684 -0.0094460891559720039 -0.025853104889392853 -0.99962115287780762
4685 0.023435827344655991 -0.026934944093227386 -0.99936246871948242
4686 0.01098285336047411 -0.019401019439101219 -0.9997515082359314
4687 -3.8001202483428642e-05 0.00050879677291959524 -0.99999988079071045
4688 -4.044775414513424e-05 0.00055081018945202231 -0.99999988079071045
4689 0.0033534311223775148 0.035261683166027069 -0.99937248229980469
4690 -0.020105902105569839 -0.0067117065191268921 -0.99977535009384155
4691 -0.028279485180974007 -0.0023565397132188082 -0.99959731101989746
4692 0.028191631659865379 -0.0031924450304359198 -0.99959743022918701
4693 -0.028289105743169785 0.0022649809252470732 -0.99959725141525269
4694 -3.8493180909426883e-05 0.00050305842887610197 -0.99999988079071045
4695 -3.7288307794369757e-05 -0.00048731223796494305 -0.99999988079071045
4696 -4.888140392722562e-05 -0.00063881970709189773 -0.99999982118606567
4697 0.019391490146517754 0.0077689923346042633 -0.99978178739547729
4698 0.011890619061887264 -0.0066497894003987312 -0.99990719556808472
4699 -0.013820486143231392 -0.023215828463435173 -0.99963498115539551
4700 0.028572319075465202 0.0034052287228405476 -0.99958592653274536
4701 -3.815285163000226e-05 0.00050142215332016349 -0.99999988079071045
4702 -0.011880401521921158 0.0024071461521089077 -0.99992656707763672
4703 0.0076475506648421288 0.024344004690647125 -0.99967437982559204
4704 -0.014593495987355709 0.024367969483137131 -0.99959653615951538
4705 0.0064464039169251919 0.0042852768674492836 -0.99997007846832275
4706 0.032771211117506027 0.011033001355826855 -0.99940198659896851
4707 0.00044603249989449978 -0.0027136625722050667 -0.99999624490737915
4708 -0.022526627406477928 -0.015818359330296516 -0.99962109327316284
4709 -0.0034339204430580139 0.027734840288758278 -0.99960941076278687
4710 -0.015741489827632904 0.043682042509317398 -0.99892145395278931
4711 -0.0012799968244507909 -0.00085528561612591147 -0.99999886751174927
4712 0.00014061923138797283 0.0023585755843669176 -0.99999725818634033
4713 0.022551530972123146 -0.011221794411540031 -0.9996827244758606
4714 -0.028526820242404938 -0.024636087939143181 -0.99928939342498779
4715 -0.0061557963490486145 -0.0065385610796511173 -0.99995970726013184
4716 0.00094222166808322072 0.009944145567715168 -0.99995017051696777
4717 -0.043280690908432007 -0.019725959748029709 -0.99886822700500488
4718 -0.0020669973455369473 -0.0089597394689917564 -0.99995774030685425
4719 0.013886069878935814 0.0036481607239693403 -0.99989694356918335
4720 -0.013765680603682995 -0.0024564838968217373 -0.99990224838256836
4721 -0.0084887873381376266 0.0080696940422058105 -0.99993139505386353
4722 0.0092745618894696236 -0.0050088688731193542 -0.99994444847106934
4723 -0.011583198793232441 0.007921355776488781 -0.99990153312683105
4724 -0.034642163664102554 0.019214248284697533 -0.99921506643295288
4725 0.015410363674163818 0.036654625087976456 -0.99920922517776489
4726 -0.016570353880524635 -0.036199573427438736 -0.99920719861984253
4727 -0.023930709809064865 0.031956810504198074 -0.99920272827148438
4728 -0.011457279324531555 -0.00037613074528053403 -0.99993431568145752
4729 0.017086202278733253 0.0019997265189886093 -0.99985206127166748
4730 0.017637388780713081 0.0047593303024768829 -0.99983316659927368
4731 -0.017356667667627335 0.0037076056469231844 -0.99984252452850342
4732 -0.0037353318184614182 -0.00083073001587763429 -0.99999266862869263
4733 -0.030743874609470367 -0.0023012841120362282 -0.99952465295791626
4734 -0.0021707105915993452 0.00038017187034711242 -0.99999761581420898
4735 -0.012488535605370998 0.00059719616547226906 -0.99992191791534424
4736 0.012181434780359268 -0.0016207343433052301 -0.99992454051971436
4737 -0.0012771431356668472 0.00030389952007681131 -0.99999916553497314
4738 -0.00023064926790539175 0.00050015043234452605 -0.99999988079071045
4739 -0.00019592705939430743 0.00051971792709082365 -0.99999982118606567
4740 -0.00016572000458836555 0.00053199054673314095 -0.99999988079071045
4741 -0.0025515458546578884 -0.00026556680677458644 -0.99999672174453735
4742 0.0020677805878221989 0.0013716549146920443 -0.99999696016311646
4743 -0.0044156275689601898 -0.00096564757404848933 -0.99998980760574341
4744 -9.3645830929744989e-05 0.00053086102707311511 -0.99999988079071045
4745 -0.0026899564545601606 -0.00033034294028766453 -0.9999963641166687
4746 0.0009285576525144279 0.00093620119150727987 -0.99999916553497314
4747 0.0022737951949238777 0.001166809699498117 -0.99999672174453735
4748 0.0016688532195985317 0.0012242356315255165 -0.99999791383743286
4749 -0.00013132760068401694 0.00053142046090215445 -0.99999988079071045
4750 -0.0040344167500734329 -0.00043933180859312415 -0.999991774559021
4751 -0.00054472801275551319 0.00050611270125955343 -0.9999997615814209
4752 0.00075981824193149805 0.0008403813699260354 -0.99999940395355225
4753 -0.0001437062892364338 0.00061965920031070709 -0.99999982118606567
4754 -0.00022613028704654425 0.00050628010649234056 -0.99999988079071045
4755 -0.0065360306762158871 -0.00097124231979250908 -0.99997818470001221
4756 0.00016587767458986491 0.00070212414721027017 -0.9999997615814209
4757 -0.00010309246863471344 0.00054270873079076409 -0.99999988079071045
4758 -0.0011996283428743482 0.00025165360420942307 -0.9999992847442627
4759 0.0035732886753976345 0.0013891328126192093 -0.99999266862869263
4760 -0.0061958581209182739 -0.00088819180382415652 -0.99998044967651367
4761 0.017868610098958015 0.0048341271467506886 -0.99982869625091553
4762 0.0022032056003808975 0.0011019834782928228 -0.99999701976776123
4763 0.0097482893615961075 -0.002663380466401577 -0.99994897842407227
4764 -0.019150562584400177 -0.0039578871801495552 -0.99980878829956055
4765 -0.0066419988870620728 -0.0018900081049650908 -0.99997615814208984
4766 0.0091304471716284752 0.0027535827830433846 -0.99995458126068115
4767 -0.013276059180498123 -0.0025262010749429464 -0.9999086856842041
4768 -0.99999994039535522 0.00032301011378876865 0
4769 -0.99999994039535522 0.00033798161894083023 0
4770 -0.99999994039535522 0.00033879501279443502 0
4771 -0.99999994039535522 0.00033327395794913173 0
4772 -0.99999994039535522 0.0003502701292745769 0
4773 -0.99999994039535522 0.00035613938234746456 0
4774 -0.99999994039535522 0.00040388901834376156 0
4775 -0.99999994039535522 0.00036775786429643631 0
4776 -0.99999994039535522 0.00035501876845955849 0
4777 -0.99999994039535522 0.00036560153239406645 0
4778 -0.99999994039535522 0.00039436249062418938 0
4779 -0.99999994039535522 0.00038801049231551588 0
4780 -0.99999994039535522 0.00039320971700362861 0
4781 -0.99999994039535522 0.00031405413756147027 0
4782 -0.99999994039535522 0.00034380404395051301 0
4783 -0.99999994039535522 0.0003381308342795819 0
4784 -0.99999994039535522 0.00033867504680529237 0
4785 -0.99999994039535522 0.00039474284858442843 0
4786 -0.99999994039535522 0.00038630180642940104 0
4787 -0.99999994039535522 0.00038289028452709317 0
4788 -0.99999994039535522 0.00033219726174138486 0
4789 -0.99999994039535522 0.00035054225008934736 0
4790 -0.99999994039535522 0.00036653486313298345 0
4791 -0.99999994039535522 0.00034239963861182332 0
4792 -0.99999994039535522 0.00037581269862130284 0
4793 -0.99999994039535522 0.00035570049658417702 0
4794 -0.99999994039535522 0.00036104305763728917 0
4795 -0.99999994039535522 0.00039136642590165138 0
4796 -0.99999994039535522 0.00037875608541071415 0
4797 -0.99999994039535522 0.00035990783362649381 0
4798 -0.99999994039535522 0.00039519634447060525 0
4799 -0.99999994039535522 0.00037274349597282708 0
4800 -0.99999994039535522 0.00039139861473813653 0
4801 -0.99999994039535522 0.00036436683149076998 0
4802 -0.99999994039535522 0.00039282935904338956 0
4803 -0.99999994039535522 0.00034287656308151782 0
4804 -0.99999994039535522 0.00037934124702587724 0
4805 -0.99999994039535522 0.00035624176962301135 0
4806 -0.99999994039535522 0.00033026034361682832 0
4807 -0.99999994039535522 0.00036209344398230314 0
4808 -0.99999994039535522 0.00034232065081596375 0
4809 -0.99999994039535522 0.00037099968176335096 0
4810 -0.99999994039535522 0.00035219534765928984 0
4811 -0.99999994039535522 0.00035675088292919099 0
4812 -0.99999994039535522 0.0003328146121930331 0
4813 -0.99999994039535522 0.00037208516732789576 0
4814 -0.99999994039535522 0.00034448577207513154 0
4815 -0.99999994039535522 0.0003604432858992368 0
4816 -0.99999994039535522 0.00037075683940201998 0
4817 -0.99999994039535522 0.00038236656109802425 0
4818 -0.99999994039535522 0.0003860853030346334 0
4819 -0.99999994039535522 0.00038945293636061251 0
4820 -0.99999994039535522 0.00036576244747266173 0
4821 -0.99999994039535522 0.0003479675215203315 0
4822 -0.99999994039535522 0.00036143220495432615 0
4823 -0.99999994039535522 0.00035697614657692611 0
4824 -0.99999994039535522 0.00036276932223699987 0
4825 -0.99999994039535522 0.00036337788333185017 0
4826 -0.99999994039535522 0.00037131569115445018 0
4827 -0.99999994039535522 0.00038641592254862189 0
4828 -0.99999994039535522 0.00038151515764184296 0
4829 -0.99999994039535522 0.00035793290589936078 0
4830 -0.99999994039535522 0.00034080797922797501 0
4831 -0.99999994039535522 0.00035168332397006452 0
4832 -0.99999994039535522 0.00036689473199658096 0
4833 -0.99999994039535522 0.00034736772067844868 0
4834 -0.99999994039535522 0.00036324330721981823 0
4835 -0.99999994039535522 0.00037517485907301307 0
4836 -0.99999994039535522 0.00038639252306893468 0
4837 -0.99999994039535522 0.00037827625055797398 0
4838 -0.99999994039535522 0.00039126403862610459 0
4839 -0.99999994039535522 0.00040092514245770872 0
4840 -0.99999994039535522 0.00036640028702095151 0
4841 -0.99999994039535522 0.00037248601438477635 0
4842 -0.99999994039535522 0.00036856246879324317 0
4843 -0.99999994039535522 0.00034121761564165354 0
4844 -0.99999994039535522 0.00034179107751697302 0
4845 -0.99999994039535522 0.00036051642382517457 0
4846 -0.99999994039535522 0.00034857317223213613 0
4847 -0.99999994039535522 0.00037160242209210992 0
4848 -0.99999994039535522 0.00037315310328267515 0
4849 -0.99999994039535522 0.00034715997753664851 0
4850 -0.99999994039535522 0.00039092462975531816 0
4851 -0.99999994039535522 0.00034940993646159768 0
4852 -0.99999994039535522 0.00036255866871215403 0
4853 -0.99999994039535522 0.00037666410207748413 0
4854 -0.99999994039535522 0.00039136351551860571 0
4855 -0.99999994039535522 0.00035907397978007793 0
4856 -0.99999994039535522 0.00037004001205787063 0
4857 -0.99999994039535522 0.00034958258038386703 0
4858 -0.99999994039535522 0.00036905985325574875 0
4859 -0.99999994039535522 0.00038596827653236687 0
4860 -0.99999994039535522 0.00031825565383769572 0
4861 -0.99999994039535522 0.00036026773159392178 0
4862 -0.99999994039535522 0.00038172872154973447 0
4863 -0.99999994039535522 0.00035929927253164351 0
4864 -0.99999994039535522 0.00037162876105867326 0
4865 -0.99999994039535522 0.0003875833353959024 0
4866 -0.99999994039535522 0.00036224559880793095 0
4867 -0.99999994039535522 0.00032751006074249744 0
4868 -0.99999994039535522 0.00034494511783123016 0
4869 -0.99999994039535522 0.00037236313801258802 0
4870 -0.99999994039535522 0.00038384410436265171 0
4871 -0.99999994039535522 0.00037100262125022709 0
4872 -0.99999994039535522 0.00034215679625049233 0
4873 -0.99999994039535522 0.00035329838283360004 0
4874 -0.99999994039535522 0.0003506768262013793 0
4875 -0.99999994039535522 0.00036242406349629164 0
4876 -0.99999994039535522 0.00039933933294378221 0
4877 -0.99999994039535522 0.00037816507392562926 0
4878 -0.99999994039535522 0.00039520807331427932 0
4879 -0.99999994039535522 0.00039600973832421005 0
4880 -0.99999994039535522 0.000362479651812464 0
4881 -0.99999994039535522 0.0003534241986926645 0
4882 -0.99999994039535522 0.0003478855942375958 0
4883 -0.99999994039535522 0.00035405324888415635 0
4884 -0.99999994039535522 0.00038310972740873694 0
4885 -0.99999994039535522 0.00035045153344981372 0
4886 -0.99999994039535522 0.00038789640530012548 0
4887 -0.99999994039535522 0.00037491737748496234 0
4888 -0.99999994039535522 0.000362207560101524 0
4889 -0.99999994039535522 0.00035996345104649663 0
4890 -0.99999994039535522 0.00037999372580088675 0
4891 -0.99999994039535522 0.00035141708212904632 0
4892 -0.99999994039535522 0.00039205694338306785 0
4893 -0.99999994039535522 0.00037196523044258356 0
4894 -0.99999994039535522 0.00034596622572280467 0
4895 -0.99999994039535522 0.00035316671710461378 0
4896 -0.99999994039535522 0.00035310527891851962 0
4897 -0.99999994039535522 0.00033174082636833191 0
4898 -0.99999994039535522 0.00036283954977989197 0
4899 -0.99999994039535522 0.00035318426671437919 0
4900 -0.99999994039535522 0.00037675187923014164 0
4901 -0.99999994039535522 0.00038089780719019473 0
4902 -0.99999994039535522 0.00037152925506234169 0
4903 -0.99999994039535522 0.00033268000697717071 0
4904 -0.99999994039535522 0.00034988392144441605 0
4905 -0.99999994039535522 0.00034213924664072692 0
4906 -0.99999994039535522 0.00034526697709225118 0
4907 -0.99999994039535522 0.00037063981289975345 0
4908 -0.99999994039535522 0.0003517681616358459 0
4909 -0.99999994039535522 0.0003822085855063051 0
4910 -0.99999994039535522 0.00040284157148562372 0
4911 -0.99999994039535522 0.00034012334072031081 0
4912 -0.99999994039535522 0.00036470621125772595 0
4913 -0.99999994039535522 0.00033073141821660101 0
4914 -0.99999994039535522 0.00032157354871742427 0
4915 -0.99999994039535522 0.00034964986843988299 0
4916 -0.99999994039535522 0.00035220704739913344 0
4917 -0.99999994039535522 0.00036901890416629612 0
4918 -0.99999994039535522 0.00034468178637325764 0
4919 -0.99999994039535522 0.00034820157452486455 0
4920 -0.99999994039535522 0.00034447407233528793 0
4921 -0.99999994039535522 0.00033006723970174789 0
4922 -0.99999994039535522 0.00036872338387183845 0
4923 -0.99999994039535522 0.00035160139668732882 0
4924 -0.99999994039535522 0.00038660902646370232 0
4925 -0.99999994039535522 0.0003746891743503511 0
4926 -0.99999994039535522 0.00038589219911955297 0
4927 -0.99999994039535522 0.00038202133146114647 0
4928 -0.99999994039535522 0.00041272796806879342 0
4929 -0.99999994039535522 0.00036723999073728919 0
4930 -0.99999994039535522 0.0003971332625951618 0
4931 -0.99999994039535522 0.00037449607043527067 0
4932 -0.99999994039535522 0.00039488915354013443 0
4933 -0.99999994039535522 0.00037505783257074654 0
4934 -0.99999994039535522 0.00035840104101225734 0
4935 -0.99999994039535522 0.00036012436612509191 0
4936 -0.99999994039535522 0.00034982542274519801 0
4937 -0.99999994039535522 0.00039526951150037348 0
4938 -0.99999994039535522 0.0003466596535872668 0
4939 -0.99999994039535522 0.00034196663182228804 0
4940 -0.99999994039535522 0.0003637992194853723 0
4941 -0.99999994039535522 0.00035111571196466684 0
4942 -0.99999994039535522 0.00037728730239905417 0
4943 -0.99999994039535522 0.00036830498720519245 0
4944 -0.99999994039535522 0.00038730830419808626 0
4945 -0.99999994039535522 0.00032166423625312746 0
4946 -0.99999994039535522 0.00037427371717058122 0
4947 -0.99999994039535522 0.00036280736094340682 0
4948 -0.99999994039535522 0.00036132102832198143 0
4949 -0.99999994039535522 0.00038526314892806113 0
4950 -0.99999994039535522 0.00036366755375638604 0
4951 -0.99999994039535522 0.00037227827124297619 0
4952 -0.99999994039535522 0.00035151070915162563 0
4953 -0.99999994039535522 0.0003413492813706398 0
4954 -0.99999994039535522 0.00038954656338319182 0
4955 -0.99999994039535522 0.00034901202889159322 0
4956 -0.99999994039535522 0.00035016189212910831 0
4957 -0.99999994039535522 0.00035151946940459311 0
4958 -0.99999994039535522 0.00034715997753664851 0
4959 -0.99999994039535522 0.00036927929613739252 0
4960 -0.99999994039535522 0.00037382898153737187 0
4961 -0.99999994039535522 0.00035087577998638153 0
4962 -0.99999994039535522 0.00033255713060498238 0
4963 -0.99999994039535522 0.00038569030584767461 0
4964 -0.99999994039535522 0.00034359924029558897 0
4965 -0.99999994039535522 0.00033181105391122401 0
4966 -0.99999994039535522 0.00037194765172898769 0
4967 -0.99999994039535522 0.00038761552423238754 0
4968 -0.99999994039535522 0.0003478914441075176 0
4969 -0.99999994039535522 0.00035596967791207135 0
4970 -0.99999994039535522 0.00035234747338108718 0
4971 -0.99999994039535522 0.00037446682108566165 0
4972 -0.99999994039535522 0.00038997665978968143 0
4973 -0.99999994039535522 0.00034892719122581184 0
4974 -0.99999994039535522 0.00037350421189330518 0
4975 -0.99999994039535522 0.00035848881816491485 0
4976 -0.99999994039535522 0.00033979566069319844 0
4977 -0.99999994039535522 0.00039047992322593927 0
4978 -0.99999994039535522 0.00036674845614470541 0
4979 -0.99999994039535522 0.00038782908814027905 0
4980 -0.99999994039535522 0.00037111088749952614 0
4981 -0.99999994039535522 0.00038511393358930945 0
4982 -0.99999994039535522 0.00034891840186901391 0
4983 -0.99999994039535522 0.0003848096530418843 0
4984 -0.99999994039535522 0.00036178622394800186 0
4985 -0.99999994039535522 0.00037563129444606602 0
4986 -0.99999994039535522 0.00036152583197690547 0
4987 -0.99999994039535522 0.00036268445546738803 0
4988 -0.99999994039535522 0.00036663727951236069 0
4989 -0.99999994039535522 0.00034730043262243271 0
4990 -0.99999994039535522 0.00037118108593858778 0
4991 -0.99999994039535522 0.00037891115061938763 0
4992 -0.99999994039535522 0.00037198569043539464 0
4993 -0.99999994039535522 0.000360981619451195 0
4994 -0.99999994039535522 0.00038554987986572087 0
4995 -0.99999994039535522 0.00038709180080331862 0
4996 -0.99999994039535522 0.00035996345104649663 0
4997 -0.99999994039535522 0.00036453065695241094 0
4998 -0.99999994039535522 0.00036235092557035387 0
4999 -0.99999994039535522 0.00038993862108327448 0
5000 -0.99999994039535522 0.00037698596133850515 0
5001 -0.99999994039535522 0.00035946312709711492 0
5002 -0.99999994039535522 0.00036078851553611457 0
5003 -0.99999994039535522 0.00035050712176598608 0
5004 -0.99999994039535522 0.00037716736551374197 0
5005 -0.99999994039535522 0.00037791929207742214 0
5006 -0.99999994039535522 0.00037000491283833981 0
5007 -0.99999994039535522 0.00034949480323120952 0
5008 -0.99999994039535522 -0.00043339902185834944 0
5009 -0.99999988079071045 -0.00056714774109423161 0
5010 -0.99999994039535522 -0.00042543784365989268 0
5011 -0.99999988079071045 -0.00055538449669256806 0
5012 -0.99999994039535522 -0.00043315032962709665 0
5013 -0.99999988079071045 -0.00055449793580919504 0
5014 -0.99999994039535522 -0.00043496434227563441 0
5015 -0.99999988079071045 -0.00055971322581171989 0
5016 -0.99999988079071045 -0.00051251216791570187 0
5017 -0.99999994039535522 -0.00043087988160550594 0
5018 -0.99999988079071045 -0.00048599965521134436 0
5019 -0.99999988079071045 -0.00055790215265005827 0
5020 -0.99999988079071045 -0.00049933564150705934 0
5021 -0.99999982118606567 -0.00058361137052997947 0
5022 -0.99999988079071045 -0.00055866583716124296 0
5023 -0.99999982118606567 -0.00058225961402058601 0
5024 -0.99999988079071045 -0.00049108773237094283 0
5025 -0.99999994039535522 -0.00039123769965954125 0
5026 -0.99999988079071045 -0.00050083367386832833 0
5027 -0.99999988079071045 -0.00049771909834817052 0
5028 -0.99999988079071045 -0.00050454802112653852 0
5029 -0.99999988079071045 -0.00056509237037971616 0
5030 -0.99999988079071045 -0.00054604816250503063 0
5031 -0.99999988079071045 -0.00056960689835250378 0
5032 -0.99999994039535522 -0.00042137820855714381 0
5033 -0.99999988079071045 -0.00052304076962172985 0
5034 -0.99999988079071045 -0.0005138595006428659 0
5035 -0.99999988079071045 -0.00050001736963167787 0
5036 -0.99999988079071045 -0.00054102297872304916 0
5037 -0.99999988079071045 -0.00051578617421910167 0
5038 -0.99999982118606567 -0.00057708093663677573 0
5039 -0.99999988079071045 -0.00050466798711568117 0
5040 -0.99999988079071045 -0.00055688834981992841 0
5041 -0.99999982118606567 -0.00058538152370601892 0
5042 -0.99999988079071045 -0.00056550931185483932 0
5043 -0.99999988079071045 -0.00050337769789621234 0
5044 -0.99999988079071045 -0.00052223470993340015 0
5045 -0.99999982118606567 -0.00057295546866953373 0
5046 -0.99999982118606567 -0.00058059633010998368 0
5047 -0.99999988079071045 -0.00053595833014696836 0
5048 -0.99999988079071045 -0.0005024750716984272 0
5049 -0.99999994039535522 -0.00042736303294077516 0
5050 -0.99999988079071045 -0.00046591379214078188 0
5051 -0.99999988079071045 -0.00049380288692191243 0
5052 -0.99999988079071045 -0.00056910223793238401 0
5053 -0.99999988079071045 -0.00053884321823716164 0
5054 -0.99999988079071045 -0.0005582532612606883 0
5055 -0.99999994039535522 -0.00043349264888092875 0
5056 -0.99999988079071045 -0.0005679114256054163 0
5057 -0.99999988079071045 -0.00049555982695892453 0
5058 -0.99999988079071045 -0.00047081749653443694 0
5059 -0.99999988079071045 -0.00051361811347305775 0
5060 -0.99999988079071045 -0.00056200119433924556 0
5061 -0.99999988079071045 -0.00050378730520606041 0
5062 -0.99999988079071045 -0.00056303112069144845 0
5063 -0.99999988079071045 -0.00055624323431402445 0
5064 -0.99999988079071045 -0.00052791228517889977 0
5065 -0.99999982118606567 -0.00058246735716238618 0
5066 -0.99999988079071045 -0.00056790263624861836 0
5067 -0.99999988079071045 -0.00055254349717870355 0
5068 -0.99999988079071045 -0.00055790360784158111 0
5069 -0.99999988079071045 -0.0005220577004365623 0
5070 -0.99999988079071045 -0.00050644541624933481 0
5071 -0.99999988079071045 -0.00046815205132588744 0
5072 -0.99999988079071045 -0.00050762016326189041 0
5073 -0.99999988079071045 -0.00050365418428555131 0
5074 -0.99999988079071045 -0.00049704324919730425 0
5075 -0.99999988079071045 -0.00054620177252218127 0
5076 -0.99999988079071045 -0.00054767931578680873 0
5077 -0.99999988079071045 -0.00050210935296490788 0
5078 -0.99999988079071045 -0.00051981210708618164 0
5079 -0.99999982118606567 -0.00057587109040468931 0
5080 -0.99999988079071045 -0.00054505036678165197 0
5081 -0.99999988079071045 -0.00050781178288161755 0
5082 -0.99999988079071045 -0.00055466475896537304 0
5083 -0.99999988079071045 -0.00048838421935215592 0
5084 -0.99999988079071045 -0.00049165677046403289 0
5085 -0.99999988079071045 -0.00056036567548289895 0
5086 -0.99999988079071045 -0.00051448564045131207 0
5087 -0.99999988079071045 -0.00049503176705911756 0
5088 -0.99999994039535522 -0.00042378035141155124 0
5089 -0.99999988079071045 -0.00054733845172449946 0
5090 -0.99999988079071045 -0.00054892426123842597 0
5091 -0.99999988079071045 -0.00054285890655592084 0
5092 -0.99999988079071045 -0.00050551648018881679 0
5093 -0.99999988079071045 -0.00052664830582216382 0
5094 -0.99999988079071045 -0.0004922653897665441 0
5095 -0.99999988079071045 -0.0005137760890647769 0
5096 -0.99999988079071045 -0.00053600809769704938 0
5097 -0.99999988079071045 -0.00056352408137172461 0
5098 -0.99999994039535522 -0.00038853715523146093 0
5099 -0.99999988079071045 -0.00057132291840389371 0
5100 -0.99999982118606567 -0.00058189686387777328 0
5101 -0.99999988079071045 -0.00052332313498482108 0
5102 -0.99999988079071045 -0.00049853103701025248 0
5103 -0.99999988079071045 -0.00055753643391653895 0
5104 -0.99999988079071045 -0.00056379620218649507 0
5105 -0.99999988079071045 -0.00056646601296961308 0
5106 -0.99999994039535522 -0.00042846606811508536 0
5107 -0.99999988079071045 -0.00051186844939365983 0
5108 -0.99999988079071045 -0.00049040745943784714 0
5109 -0.99999988079071045 -0.00050071370787918568 0
5110 -0.99999988079071045 -0.00050069321878254414 0
5111 -0.99999988079071045 -0.00056788796791806817 0
5112 -0.99999988079071045 -0.00052768993191421032 0
5113 -0.99999988079071045 -0.00049256236525252461 0
5114 -0.99999982118606567 -0.00057927967282012105 0
5115 -0.99999988079071045 -0.00054919341346248984 0
5116 -0.99999988079071045 -0.00050128862494602799 0
5117 -0.99999982118606567 -0.00059326953487470746 0
5118 -0.99999988079071045 -0.00055703317048028111 0
5119 -0.99999988079071045 -0.00049846374895423651 0
5120 -0.99999988079071045 -0.00053245318122208118 0
5121 -0.99999994039535522 -0.00044237548718228936 0
5122 -0.99999988079071045 -0.00053810002282261848 0
5123 -0.99999988079071045 -0.00049515021964907646 0
5124 -0.99999988079071045 -0.00051466701552271843 0
5125 -0.99999988079071045 -0.00056442525237798691 0
5126 -0.99999988079071045 -0.00054799672216176987 0
5127 -0.99999982118606567 -0.00057977560209110379 0
5128 -0.99999988079071045 -0.00052583345677703619 0
5129 -0.99999988079071045 -0.00049208832206204534 0
5130 -0.99999988079071045 -0.00050324603216722608 0
5131 -0.99999988079071045 -0.00049409252824261785 0
5132 -0.99999988079071045 -0.0005451044999063015 0
5133 -0.99999988079071045 -0.00050365854986011982 0
5134 -0.99999994039535522 -0.0004282071313355118 0
5135 -0.99999988079071045 -0.00054074352374300361 0
5136 -0.99999994039535522 -0.00040699917008168995 0
5137 -0.99999982118606567 -0.0005818938952870667 0
5138 -0.99999982118606567 -0.00057570281205698848 0
5139 -0.99999988079071045 -0.00054208358051255345 0
5140 -0.99999988079071045 -0.00055826938478276134 0
5141 -0.99999988079071045 -0.00051612115930765867 0
5142 -0.99999988079071045 -0.00050319777801632881 0
5143 -0.99999988079071045 -0.00056858139578253031 0
5144 -0.99999994039535522 -0.00043143139919266105 0
5145 -0.99999988079071045 -0.00050094485050067306 0
5146 -0.99999988079071045 -0.00050045625539496541 0
5147 -0.99999988079071045 -0.00053838238818570971 0
5148 -0.99999988079071045 -0.00050939468201249838 0
5149 -0.99999988079071045 -0.00050073274178430438 0
5150 -0.99999988079071045 -0.00051036459626629949 0
5151 -0.99999988079071045 -0.00048308991244994104 0
5152 -0.99999994039535522 -0.000408877560403198 0
5153 -0.99999982118606567 -0.00057914067292585969 0
5154 -0.99999994039535522 -0.00038461360963992774 0
5155 -0.99999982118606567 -0.00058333779452368617 0
5156 -0.99999988079071045 -0.00053158128866925836 0
5157 -0.99999988079071045 -0.00050963752437382936 0
5158 -0.99999988079071045 -0.00053630355978384614 0
5159 -0.99999994039535522 -0.00044084529508836567 0
5160 -0.99999988079071045 -0.0005066955927759409 0
5161 -0.99999988079071045 -0.00051364151295274496 0
5162 -0.99999988079071045 -0.00048796436749398708 0
5163 -0.99999988079071045 -0.00050007441313937306 0
5164 -0.99999988079071045 -0.00050809269305318594 0
5165 -0.99999988079071045 -0.00049617135664448142 0
5166 -0.99999988079071045 -0.00048569097998552024 0
5167 -0.99999982118606567 -0.00057914800709113479 0
5168 -0.99999988079071045 -0.0005638123257085681 0
5169 -0.99999988079071045 -0.00050159002421423793 0
5170 -0.99999982118606567 -0.00057750806445255876 0
5171 -0.99999988079071045 -0.00053328997455537319 0
5172 -0.99999988079071045 -0.00054494652431458235 0
5173 -0.99999982118606567 -0.00060113129438832402 0
5174 -0.99999988079071045 -0.00056729844072833657 0
5175 -0.99999988079071045 -0.00056455982849001884 0
5176 -0.99999988079071045 -0.00055631488794460893 0
5177 -0.99999988079071045 -0.0005080648697912693 0
5178 -0.99999988079071045 -0.00050303537864238024 0
5179 -0.99999988079071045 -0.00049876654520630836 0
5180 -0.99999988079071045 -0.0005694782012142241 0
5181 -0.99999988079071045 -0.00052665127441287041 0
5182 -0.99999988079071045 -0.00054240250028669834 0
5183 -0.99999988079071045 -0.00050110579468309879 0
5184 -0.99999988079071045 -0.0005150839569978416 0
5185 -0.99999994039535522 -0.00043473907862789929 0
5186 -0.99999988079071045 -0.00051371613517403603 0
5187 -0.99999982118606567 -0.00057874573394656181 0
5188 -0.99999988079071045 -0.00052291789324954152 0
5189 -0.99999988079071045 -0.00050346547504886985 0
5190 -0.99999988079071045 -0.00051644450286403298 0
5191 -0.99999988079071045 -0.00045841195969842374 0
5192 -0.99999988079071045 -0.00051840773085132241 0
5193 -0.99999988079071045 -0.00050534826004877687 0
5194 -0.99999988079071045 -0.00056071823928505182 0
5195 -0.99999988079071045 -0.00052964437054470181 0
5196 -0.99999988079071045 -0.00051453243941068649 0
5197 -0.99999988079071045 -0.00055578676983714104 0
5198 -0.99999988079071045 -0.00051894312491640449 0
5199 -0.99999988079071045 -0.00050061277579516172 0
5200 -0.99999988079071045 -0.00051238341256976128 0
5201 -0.99999994039535522 -0.00043935750727541745 0
5202 -0.99999988079071045 -0.00056810304522514343 0
5203 -0.99999988079071045 -0.00050392630510032177 0
5204 -0.99999994039535522 -0.00045009527821093798 0
5205 -0.99999988079071045 -0.00050494156312197447 0
5206 -0.99999988079071045 -0.00056505872635170817 0
5207 -0.99999988079071045 -0.00056100351503118873 0
5208 -0.99999988079071045 -0.00051922403508797288 0
5209 -0.99999988079071045 -0.00048732943832874298 0
5210 -0.99999988079071045 -0.00050542136887088418 0
5211 -0.99999988079071045 -0.00050010951235890388 0
5212 -0.99999988079071045 -0.00051712914137169719 0
5213 -0.99999994039535522 -0.00045509994379244745 0
5214 -0.99999988079071045 -0.00050839257892221212 0
5215 -0.99999988079071045 -0.00048741430509835482 0
5216 -0.99999988079071045 -0.00056273996597155929 0
5217 -0.99999988079071045 -0.00052060501184314489 0
5218 -0.99999988079071045 -0.00050898210611194372 0
5219 -0.99999988079071045 -0.0005078630056232214 0
5220 -0.99999988079071045 -0.00055548251839354634 0
5221 -0.99999988079071045 -0.00056169694289565086 0
5222 -0.99999988079071045 -0.00054476509103551507 0
5223 -0.99999982118606567 -0.00057880859822034836 0
5224 -0.99999988079071045 -0.00050972384633496404 0
5225 -0.99999994039535522 -0.000448563601821661 0
5226 -0.99999988079071045 -0.0005203578039072454 0
5227 -0.99999988079071045 -0.00051028415327891707 0
5228 -0.99999988079071045 -0.00048152019735425711 0
5229 -0.99999988079071045 -0.00052400486310943961 0
5230 -0.99999988079071045 -0.00050631962949410081 0
5231 -0.99999988079071045 -0.00054801866644993424 0
5232 -0.99999988079071045 -0.00055571366101503372 0
5233 -0.99999988079071045 -0.00055591406999155879 0
5234 -0.99999982118606567 -0.00057698728051036596 0
5235 -0.99999988079071045 -0.00051449442980811 0
5236 -0.99999988079071045 -0.00052621675422415137 0
5237 -0.99999988079071045 -0.0005404582479968667 0
5238 -0.99999988079071045 -0.00050504249520599842 0
5239 -0.99999994039535522 -0.00044413827708922327 0
5240 -0.99999988079071045 -0.00052196701290085912 0
5241 -0.99999982118606567 -0.00057724915677681565 0
5242 -0.99999988079071045 -0.00053238152759149671 0
5243 -0.99999988079071045 -0.00055994873400777578 0
5244 -0.99999988079071045 -0.00050935079343616962 0
5245 -0.99999988079071045 -0.00049307435983791947 0
5246 -0.99999994039535522 -0.00044190298649482429 0
5247 -0.99999988079071045 -0.0005338341579772532 0
