0 -0.00017697756993584335 0.23004256188869476 -0.97318059206008911
1 -0.00017345621017739177 0.22921623289585114 -0.97337549924850464
2 -7.3739851359277964e-05 -0.99511110782623291 -0.098761893808841705
3 0.00012313661864027381 0.96466988325119019 -0.26346156001091003
4 -4.8595968110021204e-05 -0.8196408748626709 -0.57287770509719849
5 8.1339414464309812e-05 0.96738159656524658 -0.25332364439964294
6 -0.00010834234853973612 -0.95527654886245728 -0.29571408033370972
7 9.501066233497113e-05 0.99688571691513062 -0.07885974645614624
8 -9.7516669484321028e-05 -0.99648624658584595 -0.083756864070892334
9 9.713190229376778e-05 0.97434687614440918 -0.2250514030456543
10 0.00022983324015513062 0.85173898935317993 -0.52396643161773682
11 0.00023914048506412655 0.84965717792510986 -0.527335524559021
12 -0.00012015340325888246 -0.95642900466918945 -0.29196509718894958
13 0.00010301826114300638 -0.40815743803977966 -0.91291159391403198
14 8.84635592228733e-05 -0.41963165998458862 -0.90769451856613159
15 8.8252047135028988e-05 -0.59758418798446655 -0.80180621147155762
16 0.00011003255349351093 -0.58035993576049805 -0.81436014175415039
17 -9.8814736702479422e-05 -0.95442920923233032 -0.29843738675117493
18 -6.7474342358764261e-05 -0.82166993618011475 -0.56996369361877441
19 3.238955105189234e-05 -0.86922597885131836 -0.49441507458686829
20 -0.00012935289123561233 -0.90505498647689819 -0.42529460787773132
21 0.99977624416351318 -0.021152496337890625 -0.00028438077424652874
22 7.2918206569738686e-05 -0.041445448994636536 -0.99914079904556274
23 -8.7522123067174107e-05 -0.95343625545501709 -0.30159479379653931
24 4.3173182348255068e-05 -0.73146981000900269 -0.6818738579750061
25 0.00018215476302430034 0.2995072603225708 -0.9540940523147583
26 -8.9527835370972753e-05 -0.93786698579788208 -0.34699511528015137
27 0.00018247270782012492 0.9655764102935791 -0.26011952757835388
28 0.00018102070316672325 0.29920750856399536 -0.95418804883956909
29 0.0002220997994299978 0.95395117998123169 -0.29996180534362793
30 -0.00010785916674649343 0.16884696483612061 -0.98564225435256958
31 0.00011058108793804422 0.96246105432510376 -0.27141985297203064
32 0.00022414742852561176 0.95476609468460083 -0.29735782742500305
33 0.00020707063958980143 0.80737614631652832 -0.59003710746765137
34 0.00012132395204389468 0.96745359897613525 -0.25304847955703735
35 7.2739974712021649e-05 0.89623910188674927 -0.44357123970985413
36 2.2744190573575906e-05 -0.73489093780517578 -0.67818534374237061
37 0.00016809483349788934 0.66802108287811279 -0.74414241313934326
38 0.00012261385563760996 0.96835547685623169 -0.2495749443769455
39 0.00016352471720892936 0.7209475040435791 -0.69298964738845825
40 8.1195328675676137e-05 0.96917867660522461 -0.2463589608669281
41 0.00016235702787525952 0.868263840675354 -0.49610278010368347
42 -3.9519334677606821e-05 0.50655210018157959 -0.86220937967300415
43 0.00015669259300921112 0.56572568416595459 -0.82459354400634766
44 0.00016384517948608845 0.49569347500801086 -0.86849761009216309
45 -8.4337771113496274e-05 -0.74791580438613892 -0.66379362344741821
46 8.2652863056864589e-05 0.83216410875320435 -0.55452948808670044
47 -2.0381196009111591e-05 -0.92682105302810669 -0.37550333142280579
48 0.00011020660167559981 0.96677225828170776 -0.25563934445381165
49 0.99957013130187988 0.02931673638522625 -0.00031326929456554353
50 0.00011468838783912361 0.20791493356227875 -0.97814691066741943
51 0.00014617246051784605 0.98127162456512451 -0.19262921810150146
52 7.2748662205412984e-05 -0.20802044868469238 -0.97812449932098389
53 0.00014398043276742101 0.38720411062240601 -0.92199403047561646
54 -0.00012289594451431185 -0.80932551622390747 -0.58736038208007812
55 -7.740844739601016e-05 -0.97384548187255859 -0.22721144556999207
56 -5.4537158575840294e-05 -0.74659186601638794 -0.66528236865997314
57 -5.6059481721604243e-05 -0.41054245829582214 -0.91184151172637939
58 4.7563822590745986e-05 -0.23826703429222107 -0.97119975090026855
59 -7.0416906964965165e-05 -0.41143983602523804 -0.91143697500228882
60 -0.00011029827874153852 -0.74677407741546631 -0.66507786512374878
61 -2.9689988878089935e-05 -0.67254656553268433 -0.74005484580993652
62 -8.1983998825307935e-05 0.43757155537605286 -0.89918357133865356
63 0.00012666228576563299 0.91614800691604614 -0.400840163230896
64 -0.00012892033555544913 -0.95181101560592651 -0.30668514966964722
65 0.00012863098527304828 0.96814256906509399 -0.25039973855018616
66 3.4166954719694331e-05 0.54934269189834595 -0.83559715747833252
67 -1.9843151676468551e-05 -0.59391897916793823 -0.80452489852905273
68 -6.20533901383169e-05 -0.74684494733810425 -0.66499823331832886
69 -0.0001919430069392547 -0.9935721755027771 -0.11320065706968307
70 4.3105184886371717e-05 0.89591753482818604 -0.44422039389610291
71 -5.9113517636433244e-05 -0.86544710397720337 -0.50100040435791016
72 0.00018172730051446706 0.092194311320781708 -0.99574106931686401
73 -4.3553485738812014e-05 -0.9117891788482666 -0.41065865755081177
74 -0.00026848370907828212 0.31476059556007385 -0.94917106628417969
75 9.2488124209921807e-05 0.84087598323822021 -0.54122781753540039
76 0.00020315733854658902 0.66759592294692993 -0.74452382326126099
77 -6.4533371187280864e-05 -0.31171458959579468 -0.95017576217651367
78 -3.628883496276103e-05 -0.91189831495285034 -0.41041627526283264
79 -5.1202594477217644e-05 -0.3107738196849823 -0.95048391819000244
80 3.5194301744922996e-05 0.89480054378509521 -0.44646623730659485
81 -2.6537314624874853e-05 -0.59400701522827148 -0.80445986986160278
82 -1.8927576093119569e-05 -0.67302048206329346 -0.73962390422821045
83 -5.0645547162275761e-05 -0.91235136985778809 -0.40940815210342407
84 0.00012033409439027309 0.78202641010284424 -0.62324529886245728
85 -0.00014330250269267708 -0.95340782403945923 -0.30168443918228149
86 -3.9328937418758869e-05 -0.86563235521316528 -0.50068014860153198
87 0.00015174483996815979 0.8419002890586853 -0.53963303565979004
88 -8.726792293600738e-05 -0.91164249181747437 -0.4109840989112854
89 1.2747269465762656e-05 0.8911014199256897 -0.45380428433418274
90 -6.2324274040292948e-05 -0.50166356563568115 -0.86506283283233643
91 1.0397042387921829e-05 0.67050755023956299 -0.74190270900726318
92 9.2936512373853475e-05 0.55742561817169189 -0.83022695779800415
93 -5.2117207815172151e-05 -0.85748231410980225 -0.51451343297958374
94 0.00018923603056464344 0.91418057680130005 -0.40530705451965332
95 4.8313445404346567e-06 0.67138189077377319 -0.74111157655715942
96 0.00015559456369373947 0.9147491455078125 -0.40402227640151978
97 0.00010445962834637612 -0.6704859733581543 -0.74192225933074951
98 -2.9190030545578338e-05 -0.50965100526809692 -0.86038124561309814
99 -0.00010280965943820775 -0.86311048269271851 -0.50501525402069092
100 -1.3944320016889833e-05 -0.8104170560836792 -0.5858534574508667
101 -3.8094440242275596e-05 -0.58778625726699829 -0.80901634693145752
102 -5.2003699238412082e-05 -0.40673816204071045 -0.91354483366012573
103 0.00021359384118113667 0.80754244327545166 -0.5898093581199646
104 -5.3304804168874398e-05 -0.80899208784103394 -0.58781951665878296
105 0.00018072464445140213 0.78397512435913086 -0.6207922101020813
106 -4.6033659600652754e-05 -0.95105695724487305 -0.3090156614780426
107 -1.847926432674285e-05 -0.80940574407577515 -0.58724987506866455
108 0.00014917703811079264 0.91152304410934448 -0.41124895215034485
109 8.2760292571038008e-05 -0.10653135925531387 -0.99430936574935913
110 -0.00010147108696401119 -0.80942249298095703 -0.5872267484664917
111 8.8777902419678867e-05 0.55755549669265747 -0.83013969659805298
112 -4.7622794227208942e-05 -0.80897772312164307 -0.58783936500549316
113 0.00011104014265583828 0.71417564153671265 -0.69996660947799683
114 -0.00010996645141858608 0.11048411577939987 -0.99387794733047485
115 0.00013731245417147875 -0.49844679236412048 -0.8669203519821167
116 0.00027443902217783034 0.95105373859405518 -0.30902555584907532
117 -2.1641280909534544e-05 -0.80831736326217651 -0.58874702453613281
118 -0.00016439250612165779 -0.86574870347976685 -0.50047898292541504
119 -6.4096617279574275e-05 -0.7437700629234314 -0.66843563318252563
120 -2.6843770683626644e-05 -0.86602503061294556 -0.5000007152557373
121 0.00020600232528522611 0.80820214748382568 -0.5889052152633667
122 0.0001089840880013071 0.63945233821868896 -0.76883077621459961
123 0.00012174701259937137 0.71460473537445068 -0.69952845573425293
124 0.000136139991809614 -0.30921986699104309 -0.95099055767059326
125 -7.9877187090460211e-05 -0.91201001405715942 -0.41016796231269836
126 0.00017879846564028412 0.78352278470993042 -0.62136304378509521
127 1.6918604160309769e-05 0.89466851949691772 -0.44673076272010803
128 -5.3041578212287277e-05 -0.50131368637084961 -0.8652656078338623
129 0.00011455675848992541 0.7822234034538269 -0.62299805879592896
130 -7.9169476521201432e-06 -0.80966991186141968 -0.58688563108444214
131 7.8467426646966487e-05 0.8414456844329834 -0.54034173488616943
132 0.00013215758372098207 0.86602747440338135 -0.49999651312828064
133 -9.4717084721196443e-05 -0.94695615768432617 -0.32136282324790955
134 0.00010691071656765416 0.78159046173095703 -0.62379199266433716
135 -0.0001386112708132714 -0.8684728741645813 -0.49573662877082825
136 0.00037744655855931342 0.95105952024459839 -0.30900758504867554
137 0.00022485577210318297 0.86602205038070679 -0.50000584125518799
138 9.1208479716442525e-05 0.92803949117660522 -0.37248194217681885
139 -5.4556407121708617e-05 -0.86602628231048584 -0.499998539686203
140 -5.5954482377273962e-05 -0.6716422438621521 -0.74087560176849365
141 -0.00010407779336674139 0.587787926197052 -0.80901509523391724
142 -6.7621222115121782e-05 -0.6718180775642395 -0.74071621894836426
143 4.0534523577662185e-06 -0.74581485986709595 -0.66615337133407593
144 -4.707317566499114e-05 -0.7438928484916687 -0.66829890012741089
145 -4.7612011258024722e-05 -0.6716960072517395 -0.74082684516906738
146 0.00013205061259213835 0.78227627277374268 -0.62293171882629395
147 8.1987011071760207e-05 0.63901287317276001 -0.7691960334777832
148 0.00011866662680404261 0.89202588796615601 -0.45198440551757812
149 -0.00014193751849234104 -0.99305015802383423 -0.11769216507673264
150 -0.00010253705841023475 -0.86301565170288086 -0.50517719984054565
151 -1.3490961464412976e-05 -0.59531396627426147 -0.8034932017326355
152 -3.6725759855471551e-05 -0.74314558506011963 -0.66912984848022461
153 0.00011686424113577232 0.8399309515953064 -0.54269325733184814
154 0.00013530142314266413 -0.3088851273059845 -0.95109933614730835
155 0.00012767236330546439 0.71449816226959229 -0.69963735342025757
156 -2.3361373678199016e-05 -0.67488545179367065 -0.7379225492477417
157 0.00016822207544464618 0.84138643741607666 -0.54043394327163696
158 0.00026018958305940032 0.74314999580383301 -0.66912484169006348
159 -7.0354813942685723e-05 -0.67174142599105835 -0.74078571796417236
160 0.00016312215302605182 0.84271454811096191 -0.53836065530776978
161 0.00014888026635162532 -0.58778887987136841 -0.80901437997817993
162 0.00014234200352802873 0.78249937295913696 -0.62265139818191528
163 -5.7966590247815475e-05 -0.59251910448074341 -0.80555647611618042
164 0.99954211711883545 -0.030257618054747581 -0.00023634904937352985
165 0.00012305116979405284 0.84228146076202393 -0.53903788328170776
166 7.3184892244171351e-05 0.84104585647583008 -0.54096394777297974
167 -3.6015244404552504e-05 0.8941771388053894 -0.44771343469619751
168 -3.6391022149473429e-05 -0.80871325731277466 -0.5882030725479126
169 4.2698420656961389e-06 -0.41960731148719788 -0.90770578384399414
170 8.6999789346009493e-05 0.47037407755851746 -0.88246715068817139
171 -0.00026571939815767109 0.2079206258058548 -0.97814565896987915
172 -1.0212523193331435e-05 -0.51103973388671875 -0.85955715179443359
173 -6.6290202084928751e-05 -0.59250515699386597 -0.80556666851043701
174 -2.1548034055740573e-05 -0.32403022050857544 -0.94604676961898804
175 9.6604759164620191e-05 0.78153896331787109 -0.62385648488998413
176 0.00017268978990614414 -0.40674170851707458 -0.9135432243347168
177 0.00026864555547945201 0.40674400329589844 -0.91354215145111084
178 0.0001170944087789394 0.74314230680465698 -0.66913342475891113
179 9.8297306976746768e-05 0.71372222900390625 -0.70042884349822998
180 9.1523834271356463e-05 0.28133431077003479 -0.95960980653762817
181 -5.8175417507300153e-05 -0.2079133540391922 -0.97814726829528809
182 -5.8485245972406119e-05 -0.50679129362106323 -0.862068772315979
183 -2.7783920813817531e-05 -0.86377525329589844 -0.50387740135192871
184 7.5991549238096923e-05 0.37710532546043396 -0.92617034912109375
185 -2.5218381779268384e-05 -0.50661289691925049 -0.86217367649078369
186 -3.3123171306215227e-05 -0.59322160482406616 -0.80503922700881958
187 -2.1015992388129234e-05 -0.91048645973205566 -0.41353890299797058
188 5.7069024478551e-05 -0.74314600229263306 -0.66912931203842163
189 0.00012301981041673571 0.92695629596710205 -0.37516933679580688
190 0.00017617196135688573 0.93273800611495972 -0.36055478453636169
191 -2.0270110326237045e-05 -0.41650301218032837 -0.90913432836532593
192 8.2621729234233499e-05 0.63880866765975952 -0.76936566829681396
193 -1.3947137631475925e-05 -0.32386782765388489 -0.94610238075256348
194 -4.0174149035010487e-05 -0.66985267400741577 -0.74249404668807983
195 0.00011272731353528798 0.63937914371490479 -0.76889163255691528
196 0.00014673209807369858 -0.20791627466678619 -0.97814667224884033
197 -6.3112092902883887e-06 -0.74593645334243774 -0.66601711511611938
198 0.99955916404724121 0.029678875580430031 -0.00079327402636408806
199 -1.4833315617579501e-05 -0.41793739795684814 -0.90847587585449219
200 4.5190139644546434e-05 0.080342262983322144 -0.99676734209060669
201 -1.0458211363584269e-05 -0.41973939538002014 -0.90764468908309937
202 0.00017129705520346761 0.71739441156387329 -0.69666725397109985
203 0.00010379433661000803 0.83969390392303467 -0.54305994510650635
204 0.00011505820293677971 0.55828768014907837 -0.82964742183685303
205 5.9634461649693549e-05 0.18091617524623871 -0.98349857330322266
206 -1.7746191588230431e-05 -0.5077783465385437 -0.8614877462387085
207 -7.4693016358651221e-06 -0.32547923922538757 -0.94554919004440308
208 0.00013151192979421467 0.64036500453948975 -0.7680707573890686
209 3.7867219361942261e-05 -0.74717682600021362 -0.66462528705596924
210 -2.0747129383380525e-05 -0.80896186828613281 -0.58786118030548096
211 4.5959193812450394e-05 0.080025814473628998 -0.99679279327392578
212 0.00011398226342862472 0.89185976982116699 -0.45231208205223083
213 -6.8727072175533976e-06 -0.50788962841033936 -0.86142218112945557
214 0.99955970048904419 -0.029668502509593964 0.00047669126070104539
215 -1.5503086615353823e-05 -0.32209759950637817 -0.94670647382736206
216 7.0364776547648944e-06 -0.22447438538074493 -0.97447997331619263
217 8.2404352724552155e-05 0.78125506639480591 -0.62421202659606934
218 0.0001751386298565194 0.71550005674362183 -0.6986127495765686
219 -1.7383545127813704e-05 -0.41631308197975159 -0.909221351146698
220 8.666336361784488e-05 0.47015026211738586 -0.88258641958236694
221 -4.2464027501409873e-05 -0.5901188850402832 -0.80731642246246338
222 0.00014946587907616049 0.96176737546920776 -0.27386793494224548
223 8.9754757937043905e-05 0.83879423141479492 -0.54444855451583862
224 -2.3078599042491987e-05 -0.91056692600250244 -0.41336175799369812
225 -3.2156189263332635e-05 -0.86397063732147217 -0.50354224443435669
226 2.0849121938226745e-05 -0.1244734525680542 -0.99222296476364136
227 0.00015130198153201491 0.64178812503814697 -0.76688194274902344
228 -4.0856034502212424e-06 -0.67364412546157837 -0.73905593156814575
229 9.7776595794130117e-05 0.46923050284385681 -0.8830757737159729
230 -3.8077516364865005e-05 -0.59294462203979492 -0.80524325370788574
231 -3.1860592571320012e-05 -0.80919420719146729 -0.58754128217697144
232 1.0522529919398949e-05 -0.12258873134851456 -0.99245756864547729
233 -1.1043121048714966e-05 -0.2227184921503067 -0.97488284111022949
234 0.00012281964882276952 0.37902775406837463 -0.92538529634475708
235 6.1968421505298465e-05 0.55661207437515259 -0.8307725191116333
236 9.3799950263928622e-05 0.7142975926399231 -0.69984209537506104
237 1.7968437532545067e-05 0.17927293479442596 -0.98379939794540405
238 0.00016248330939561129 0.71580427885055542 -0.69830101728439331
239 0.00021009839838370681 0.78714960813522339 -0.61676216125488281
240 -2.7484979000291787e-05 -0.67361992597579956 -0.73907792568206787
241 6.2987546698423102e-06 0.89730703830718994 -0.44140708446502686
242 -1.1221492059121374e-05 -0.22617621719837189 -0.97408640384674072
243 9.2644368123728782e-05 0.88969731330871582 -0.45655089616775513
244 0.00012436382530722767 0.47130721807479858 -0.881969153881073
245 -1.2736481949104927e-05 -0.50966572761535645 -0.86037254333496094
246 0.99955928325653076 -0.029681889340281487 0.00051939999684691429
247 -5.23580820299685e-05 -0.50502020120620728 -0.86310750246047974
248 1.7474185369792394e-05 -0.22601541876792908 -0.97412371635437012
249 0.00012280227383598685 0.47108668088912964 -0.88208699226379395
250 9.5244373369496316e-05 0.82970607280731201 -0.55820059776306152
251 -2.9839226044714451e-05 -0.3204687237739563 -0.94725906848907471
252 -1.8161510979552986e-06 -0.32185140252113342 -0.94679021835327148
253 0.00012732064351439476 0.28328093886375427 -0.95903694629669189
254 0.00010594759078230709 0.081912793219089508 -0.99663954973220825
255 -6.7101645981892943e-05 -0.31847643852233887 -0.94793081283569336
256 5.0477933655201923e-06 -0.67472350597381592 -0.73807060718536377
257 8.3449260273482651e-05 0.37734648585319519 -0.92607218027114868
258 0.00014088820898905396 0.64016669988632202 -0.76823604106903076
259 -4.6289209421956912e-05 -0.66984742879867554 -0.74249881505966187
260 -5.1141127187293023e-05 -0.50466924905776978 -0.86331284046173096
261 0.00010581020615063608 0.081475578248500824 -0.99667537212371826
262 0.00011950944463023916 0.5580829381942749 -0.82978522777557373
263 0.00015493152022827417 0.64155071973800659 -0.76708060503005981
264 7.2207303674076684e-06 -0.22422274947166443 -0.97453790903091431
265 0.00013013703573960811 0.37824824452400208 -0.92570418119430542
266 8.1720092566683888e-05 0.75192821025848389 -0.65924501419067383
267 -0.00013671847409568727 -0.9962429404258728 -0.086602538824081421
268 0.00010828465747181326 0.37846684455871582 -0.92561489343643188
269 8.1799662439152598e-06 -0.1242339015007019 -0.99225300550460815
270 -1.0972938980557956e-05 -0.59546852111816406 -0.80337870121002197
271 6.9993133365642279e-05 0.18258462846279144 -0.98319011926651001
272 0.0001293703680858016 0.37919488549232483 -0.92531687021255493
273 9.8060059826821089e-05 0.71378672122955322 -0.7003631591796875
274 -4.1847335523925722e-05 -0.41493001580238342 -0.90985333919525146
275 -3.4538966247055214e-06 -0.32519891858100891 -0.94564563035964966
276 -5.8227988120052032e-06 -0.22307038307189941 -0.97480237483978271
277 -1.5769239325891249e-05 -0.41781821846961975 -0.90853065252304077
278 -4.1257339034928009e-05 0.3686186671257019 -0.9295806884765625
279 0.99956369400024414 -0.029534658417105675 0.00042143213795498013
280 -4.8924975999398157e-05 -0.74496883153915405 -0.66709929704666138
281 8.8613961679584463e-07 -0.12301882356405258 -0.99240434169769287
282 0.00015522370813414454 0.18422134220600128 -0.98288476467132568
283 0.00013137112546246499 0.5593487024307251 -0.82893252372741699
284 1.6874617358553223e-05 0.17912387847900391 -0.98382657766342163
285 0.00014833609748166054 0.47243401408195496 -0.8813660740852356
286 0.00013545980618800968 0.28295767307281494 -0.95913237333297729
287 0.00015673099551349878 0.083565741777420044 -0.99650228023529053
288 -0.00013536088226828724 -0.99577498435974121 -0.091827504336833954
289 9.9505188700277358e-05 0.46936860680580139 -0.88300234079360962
290 9.1307279944885522e-05 0.28108376264572144 -0.95968329906463623
291 0.00014449965965468436 0.55910795927047729 -0.82909488677978516
292 9.5098454039543867e-05 0.9962429404258728 -0.086602538824081421
293 -7.9752127930987626e-05 -0.92948973178863525 -0.36884799599647522
294 -0.00011285828077234328 -0.99542242288589478 -0.095572970807552338
295 0.00010342016321374103 -0.043447311967611313 -0.99905574321746826
296 2.0296265574870631e-06 0.076078526675701141 -0.99710184335708618
297 5.0857990572694689e-05 0.18113932013511658 -0.98345744609832764
298 -1.7465345081291161e-05 0.2783641517162323 -0.9604756236076355
299 -1.4783522601646837e-05 0.17027230560779572 -0.98539704084396362
300 -5.2264684200054035e-05 -0.41523852944374084 -0.90971261262893677
301 6.6875443735625595e-05 0.55669832229614258 -0.83071476221084595
302 5.7993827795144171e-05 0.27981087565422058 -0.96005517244338989
303 0.00012275931658223271 0.99612623453140259 -0.087934799492359161
304 6.6911910835187882e-05 0.46660631895065308 -0.88446515798568726
305 0.00015875506505835801 0.18735556304454803 -0.98229217529296875
306 4.5468161260941997e-05 -0.74701434373855591 -0.66480791568756104
307 5.4541396821150556e-06 -0.86924934387207031 -0.49437397718429565
308 5.1276081649120897e-05 0.37590226531028748 -0.92665934562683105
309 3.5667893826030195e-05 0.37601718306541443 -0.9266127347946167
310 0.00017434170877095312 0.71719461679458618 -0.6968730092048645
311 -2.8599670258699916e-05 0.36871272325515747 -0.92954343557357788
312 4.0224302210845053e-05 0.27999293804168701 -0.96000206470489502
313 -8.8819306256482378e-06 0.076194263994693756 -0.99709302186965942
314 -5.2364226576173678e-05 -0.32075321674346924 -0.94716280698776245
315 0.00016555067850276828 0.18381309509277344 -0.98296123743057251
316 -2.8659967938438058e-05 0.27850350737571716 -0.96043521165847778
317 -0.00011942970741074532 -0.99645215272903442 -0.084161393344402313
318 -4.484788587433286e-05 -0.59030836820602417 -0.8071778416633606
319 9.3591646873392165e-05 0.99645423889160156 -0.084136910736560822
320 0.0002127783081959933 0.083363302052021027 -0.99651926755905151
321 -3.9362083043670282e-05 -0.80877315998077393 -0.58812069892883301
322 -0.00010891132842516527 -0.99716538190841675 -0.075241275131702423
323 8.6157324403757229e-06 -0.51076823472976685 -0.85971850156784058
324 0.00014722821651957929 0.082571789622306824 -0.99658513069152832
325 9.9745593615807593e-05 0.78233057260513306 -0.62286341190338135
326 3.2203039154410362e-05 0.63793271780014038 -0.77009212970733643
327 2.0939776732120663e-05 -0.42135301232337952 -0.90689677000045776
328 7.3724542744457722e-05 -0.59783083200454712 -0.80162221193313599
329 1.5307146895793267e-05 -0.59685271978378296 -0.80235081911087036
330 6.6682034230325371e-05 0.46909415721893311 -0.883148193359375
331 0.99956327676773071 0.029541283845901489 -0.0007713866070844233
332 1.1405760460547754e-06 -0.12594136595726013 -0.99203771352767944
333 0.00016259749827440828 0.9962620735168457 -0.086382828652858734
334 0.00015149764658417553 0.64290142059326172 -0.76594889163970947
335 -3.9190195820992813e-05 -0.80869007110595703 -0.58823490142822266
336 8.4881437942385674e-05 0.99612361192703247 -0.087964467704296112
337 -0.00012086044444004074 -0.99672424793243408 -0.080875314772129059
338 0.00014181162987370044 0.38049128651618958 -0.92478454113006592
339 1.2227555089339148e-05 0.078695088624954224 -0.99689877033233643
340 9.3509544967673719e-05 0.18228065967559814 -0.9832465648651123
341 1.8279682990396395e-05 -0.67238074541091919 -0.74020552635192871
342 0.00017788867990020663 0.64263898134231567 -0.76616913080215454
343 -4.8769896238809451e-05 -0.74488657712936401 -0.66719120740890503
344 0.00013724953169003129 0.38017663359642029 -0.92491394281387329
345 0.00014646181080024689 0.47219300270080566 -0.88149523735046387
346 1.7746171579346992e-05 0.078517124056816101 -0.99691277742385864
347 3.1850246159592643e-05 -0.67286181449890137 -0.73976826667785645
348 1.1256602192588616e-05 -0.12609487771987915 -0.99201822280883789
349 0.00019218734814785421 0.58779001235961914 -0.8090134859085083
350 0.00015253903984557837 0.56073945760726929 -0.82799226045608521
351 -0.00011788779374910519 -0.99682283401489258 -0.079650774598121643
352 0.00018299350631423295 0.9962429404258728 -0.086602538824081421
353 8.285383228212595e-05 0.9962615966796875 -0.086388140916824341
354 9.0282475866843015e-05 0.99618840217590332 -0.087227985262870789
355 3.2942276448011398e-05 -0.59656590223312378 -0.80256408452987671
356 0.00014654919505119324 0.28421854972839355 -0.95875954627990723
357 0.0001581222313689068 0.56043648719787598 -0.82819747924804688
358 0.00013726731413044035 0.18353986740112305 -0.98301231861114502
359 0.00011634214024525136 0.28261867165565491 -0.9592323899269104
360 -0.00012163838982814923 -0.99589377641677856 -0.090529702603816986
361 0.99956172704696655 -0.029601193964481354 0.00037022697506472468
362 -6.885478796903044e-05 -0.91385722160339355 -0.40603575110435486
363 0.99956017732620239 0.029644249007105827 -0.00084775063442066312
364 0.00013133639004081488 0.18298043310642242 -0.98311656713485718
365 0.00016296279500238597 0.08204418420791626 -0.99662870168685913
366 0.0001243728183908388 0.28230777382850647 -0.95932388305664062
367 0.00013604835839942098 0.99619418382644653 -0.087162256240844727
368 0.00015551598335150629 0.28464880585670471 -0.95863187313079834
369 3.050491250178311e-05 -0.42094621062278748 -0.90708565711975098
370 -0.00011928002641070634 -0.9965815544128418 -0.082614906132221222
371 -8.4721228631678969e-05 -0.93639129400253296 -0.35095778107643127
372 0.99956440925598145 0.029503326863050461 -0.00080248864833265543
373 5.6882686294557061e-06 -0.227995365858078 -0.97366225719451904
374 0.00014535416266880929 0.473763108253479 -0.88065236806869507
375 -1.0098545317305252e-05 -0.12139803916215897 -0.99260389804840088
376 -3.7283414712874219e-05 -0.21634218096733093 -0.9763176441192627
377 3.5140328691340983e-05 -0.22773043811321259 -0.97372424602508545
378 0.0001827994710765779 0.1867842972278595 -0.98240095376968384
379 -1.3832739114150172e-06 -0.13089822232723236 -0.99139583110809326
380 -3.5265133192297071e-05 -0.1286090761423111 -0.99169540405273438
381 -2.8131495128036477e-05 -0.22130377590656281 -0.9752049446105957
382 0.00022975495085120201 0.78667140007019043 -0.61737185716629028
383 -7.9377095971722156e-06 -0.1106906533241272 -0.99385488033294678
384 4.4573018385563046e-05 0.96998757123947144 -0.24315463006496429
385 4.4810174586018547e-05 -0.51160484552383423 -0.85922092199325562
386 0.00016279352712444961 0.99625295400619507 -0.086487613618373871
387 -0.00011447328142821789 -0.99677538871765137 -0.080242544412612915
388 -2.5835664928308688e-05 -0.1217959001660347 -0.99255520105361938
389 6.3839528593234718e-05 -0.51289218664169312 -0.85845303535461426
390 0.0001648925244808197 0.72132062911987305 -0.69260126352310181
391 0.99957126379013062 -0.029276527464389801 0.00042582637979649007
392 0.00017184739408548921 0.49686133861541748 -0.86782997846603394
393 8.9855333499144763e-05 0.996418297290802 -0.084561578929424286
394 0.00017775330343283713 0.93137681484222412 -0.36405661702156067
395 0.99957007169723511 0.029312912374734879 -0.00068352435482665896
396 5.9759113355539739e-05 -0.3289516270160675 -0.94434678554534912
397 0.00016562461678404361 0.56667923927307129 -0.82393854856491089
398 -4.0189501305576414e-05 -0.22172543406486511 -0.97510915994644165
399 0.00016051116108428687 0.38605886697769165 -0.92247414588928223
400 6.906034832354635e-05 0.70549023151397705 -0.70871961116790771
401 -4.962124876328744e-05 -0.31789594888687134 -0.94812560081481934
402 8.3433071267791092e-05 0.99631160497665405 -0.085809521377086639
403 0.00011589287896640599 0.47337406873703003 -0.88086152076721191
404 8.2289145211689174e-05 0.9963909387588501 -0.084883138537406921
405 -1.4193788047123235e-05 -0.95105642080307007 -0.30901733040809631
406 -3.8868884075782262e-06 -0.11078700423240662 -0.99384421110153198
407 0.00010129368456546217 0.89900386333465576 -0.43794068694114685
408 -2.3189142666524276e-05 -0.11972310394048691 -0.99280738830566406
409 -0.00013041152851656079 -0.94568061828613281 -0.32509708404541016
410 -6.0294278227956966e-05 -0.91280460357666016 -0.40839657187461853
411 -0.00011080676631536335 -0.96792453527450562 -0.25124123692512512
412 0.00013843756460119039 0.89088279008865356 -0.45423334836959839
413 0.00019228066958021373 0.96961158514022827 -0.24464936554431915
414 -0.00010598869994282722 -0.97380572557449341 -0.22738178074359894
415 1.4729665053891949e-05 0.60914403200149536 -0.79305964708328247
416 0.00020498408412095159 0.99693512916564941 -0.078232593834400177
417 9.4574730610474944e-05 0.99540132284164429 -0.095792338252067566
418 -6.3727522501721978e-05 -0.97520321607589722 -0.22131134569644928
419 -7.0594658609479666e-05 -0.93696963787078857 -0.34941089153289795
420 -0.00014114912482909858 -0.97085851430892944 -0.23965352773666382
421 -3.1819789001019672e-05 -0.21594515442848206 -0.97640550136566162
422 -3.8581438275286928e-05 -0.11999664455652237 -0.99277430772781372
423 -2.7397911253501661e-05 -0.86004918813705444 -0.51021116971969604
424 7.4594667239580303e-05 -0.99452167749404907 -0.10453052073717117
425 -1.6846965081640519e-05 -0.99701297283172607 -0.077234283089637756
426 -4.3479198211571202e-05 -0.86119037866592407 -0.50828254222869873
427 7.7188960858620703e-05 0.75319069623947144 -0.65780222415924072
428 0.99960470199584961 0.028110621497035027 -0.00052370328921824694
429 -7.8403951192740351e-05 -0.91152095794677734 -0.41125360131263733
430 1.5521385648753494e-05 -0.72742331027984619 -0.68618905544281006
431 0.00015885017637629062 0.92351734638214111 -0.3835567831993103
432 0.00015840174455661327 -0.41183760762214661 -0.91125726699829102
433 0.99962180852890015 -0.027499496936798096 0.00037507529486902058
434 -4.690675632446073e-05 -0.92393738031387329 -0.38254386186599731
435 1.8077978893416002e-05 -0.20152154564857483 -0.97948408126831055
436 -0.00013263581786304712 -0.9966241717338562 -0.082099020481109619
437 -8.2811435277108103e-05 0.5029674768447876 -0.86430531740188599
438 -0.00012964326015207916 -0.99618369340896606 -0.087281763553619385
439 -2.3635313482373022e-05 -0.97139197587966919 -0.23748181760311127
440 -0.00025636880309320986 0.31366229057312012 -0.94953459501266479
441 0.00018032178923022002 0.93422526121139526 -0.35668361186981201
442 -6.5044696384575218e-05 -0.9108884334564209 -0.41265285015106201
443 -0.00014792654837947339 -0.9716532826423645 -0.2364107221364975
444 -2.3416685507982038e-05 -0.99583995342254639 -0.091120049357414246
445 0.0001383566705044359 0.092098601162433624 -0.99574989080429077
446 0.00020874093752354383 0.99660557508468628 -0.082324415445327759
447 -4.0059902062239416e-07 -0.91576284170150757 -0.4017193615436554
448 0.00010982032836182043 0.9957268238067627 -0.092347703874111176
449 0.00011705348879331723 0.9230840802192688 -0.38459816575050354
450 9.1906367742922157e-05 0.99685525894165039 -0.079244017601013184
451 3.811139686149545e-05 0.55114269256591797 -0.83441108465194702
452 0.00024760238011367619 0.99452108144760132 -0.10453571379184723
453 8.4839295595884323e-05 0.704997718334198 -0.70920956134796143
454 -9.7474250651430339e-05 0.9945216178894043 -0.10453146696090698
455 8.7710715888533741e-05 0.99713659286499023 -0.075621619820594788
456 -8.1700280134100467e-05 -0.97481256723403931 -0.22302597761154175
457 0.00018060309230349958 0.99733442068099976 -0.072966411709785461
458 -0.00010995877528330311 -0.9970429539680481 -0.076846323907375336
459 0.00016300694551318884 0.98117780685424805 -0.19310678541660309
460 0.00010147092689294368 0.99691444635391235 -0.078495986759662628
461 0.00010970410221489146 0.92346042394638062 -0.38369375467300415
462 -7.1090566052589566e-05 -0.97434228658676147 -0.22507151961326599
463 3.7167676055105403e-05 -0.24389202892780304 -0.9698023796081543
464 -9.6222232969012111e-05 -0.91332972049713135 -0.40722084045410156
465 0.00016719667473807931 0.97445034980773926 -0.2246033251285553
466 -0.00016732672520447522 -0.9964873194694519 -0.083743751049041748
467 -0.00010163182014366612 -0.90758818387985229 -0.4198615550994873
468 9.8323012934997678e-05 -0.41642773151397705 -0.90916883945465088
469 -0.00010277504770783707 -0.99738508462905884 -0.072270199656486511
470 -9.8858152341563255e-05 -0.99738413095474243 -0.072283506393432617
471 0.00016440878971479833 0.99699515104293823 -0.077464103698730469
472 -7.048867701087147e-05 -0.92694157361984253 -0.37520578503608704
473 -2.1191588530200534e-05 -0.80914372205734253 -0.58761084079742432
474 -0.00022455414000432938 -0.99452114105224609 -0.10453561693429947
475 5.1730545237660408e-05 0.99706465005874634 -0.076564356684684753
476 -0.00011677305155899376 -0.99738395214080811 -0.072285987436771393
477 -0.00010883289360208437 -0.971363365650177 -0.23759891092777252
478 -0.00010489979467820376 -0.91007900238037109 -0.41443490982055664
479 -0.00014304245996754616 -0.96864616870880127 -0.24844445288181305
480 -4.9748625315260142e-05 -0.97061121463775635 -0.24065297842025757
481 8.5798266809433699e-05 0.96805346012115479 -0.25074386596679688
482 -7.2958653618115932e-05 -0.99762052297592163 -0.068944007158279419
483 -0.00012587533274199814 -0.99701845645904541 -0.077163577079772949
484 -5.7744600781006739e-05 -0.85756599903106689 -0.51437389850616455
485 0.0002307990362169221 0.91235178709030151 -0.40940696001052856
486 0.00015860210987739265 0.87039625644683838 -0.4923519492149353
487 0.00010459401528351009 -0.66867601871490479 -0.74355387687683105
488 9.951524407370016e-05 -0.5771300196647644 -0.81665223836898804
489 0.00019453588174656034 0.80970823764801025 -0.58683264255523682
490 -0.00018106622155755758 -0.97517484426498413 -0.22143624722957611
491 9.7681957413442433e-05 0.97116631269454956 -0.23840296268463135
492 0.00010089502757182345 -0.50074607133865356 -0.86559420824050903
493 0.99935603141784668 0.035880811512470245 -0.0002482985146343708
494 9.2734444478992373e-05 -0.10362707078456879 -0.99461627006530762
495 -8.5352476162370294e-06 0.10341650992631912 -0.99463814496994019
496 3.1783045415068045e-05 0.63853484392166138 -0.7695930004119873
497 -9.945353667717427e-05 -0.99739813804626465 -0.072089478373527527
498 -2.071199196507223e-05 -0.82787936925888062 -0.56090617179870605
499 -0.00020439499348867685 0.40674293041229248 -0.91354268789291382
500 9.3084454420022666e-05 0.99667733907699585 -0.081451460719108582
501 -8.6554638983216137e-05 -0.97591996192932129 -0.21812896430492401
502 0.00020602173754014075 0.96670693159103394 -0.25588616728782654
503 0.00012639899796340615 0.97043889760971069 -0.24134714901447296
504 -0.00011029043525923043 -0.9758715033531189 -0.21834583580493927
505 7.5315248977858573e-05 -0.32849773764610291 -0.94450479745864868
506 7.7008207881590351e-06 0.60754376649856567 -0.79428619146347046
507 -9.3329559604171664e-05 -0.97170019149780273 -0.23621752858161926
508 0.00016580596275161952 0.96219611167907715 -0.27235761284828186
509 -0.00010182241385336965 -0.99658364057540894 -0.082589820027351379
510 -7.8218436101451516e-05 0.4392801821231842 -0.89835011959075928
511 -0.00014432932948693633 -0.97195005416870117 -0.2351873517036438
512 -7.2837508469092427e-07 -0.97498321533203125 -0.22227846086025238
513 8.9788030891213566e-05 0.97092652320861816 -0.23937779664993286
514 9.8893506219610572e-05 0.99660307168960571 -0.082355029881000519
515 0.00010572780593065545 0.96405047178268433 -0.2657192051410675
516 0.00016697992396075279 0.92517828941345215 -0.37953290343284607
517 0.00011442429240560159 0.92548447847366333 -0.37878569960594177
518 7.1962597303354414e-07 -0.97255462408065796 -0.23267480731010437
519 0.00026774074649438262 0.97554552555084229 -0.21979731321334839
520 0.00011421400267863646 0.97340518236160278 -0.22909030318260193
521 -0.00011034499038942158 -0.99756157398223877 -0.069791682064533234
522 9.9896227766294032e-05 0.92440009117126465 -0.38142433762550354
523 -7.2626069595571607e-05 -0.97296720743179321 -0.23094359040260315
524 -8.0477657320443541e-05 -0.93843424320220947 -0.34545800089836121
525 0.0001831835979828611 0.93507367372512817 -0.35445341467857361
526 -0.00020512152696028352 -0.97580951452255249 -0.21862246096134186
527 5.3025083616375923e-05 0.99657744169235229 -0.082664228975772858
528 0.00028671530890278518 0.96830177307128906 -0.24978324770927429
529 0.00019542009977158159 0.99720805883407593 -0.074673391878604889
530 0.00013945705723017454 0.998360276222229 -0.057243581861257553
531 -0.00010877992463065311 -0.9971921443939209 -0.074885763227939606
532 3.0738894565729424e-05 -0.73620480298995972 -0.67675888538360596
533 -0.00016344878531526774 -0.99699467420578003 -0.077469758689403534
534 -0.00013266851601656526 -0.96869474649429321 -0.24825482070446014
535 -1.4693126104248222e-05 -0.82853531837463379 -0.55993682146072388
536 -0.00012267443526070565 -0.97580617666244507 -0.21863760054111481
537 0.0002032552583841607 0.97362720966339111 -0.22814473509788513
538 0.00014028123405296355 0.97252070903778076 -0.23281651735305786
539 0.00018436613027006388 0.97522181272506714 -0.22122947871685028
540 0.00010920227941824123 0.91783261299133301 -0.39696758985519409
541 -0.00017651153029873967 -0.97341799736022949 -0.22903603315353394
542 -0.00018380981055088341 0.94216763973236084 0.33514198660850525
543 -0.00022896131849847734 0.94216763973236084 0.33514195680618286
544 -0.00018404387810733169 0.94216763973236084 0.33514195680618286
545 -0.00018804935098160058 0.94216763973236084 0.33514198660850525
546 -0.00018606270896270871 0.94216763973236084 0.33514195680618286
547 -0.00022803089814260602 0.94216763973236084 0.33514198660850525
548 -0.00018387709860689938 0.94216763973236084 0.33514198660850525
549 -0.00017363081860821694 0.94216763973236084 0.33514195680618286
550 -0.00017471924365963787 0.94216763973236084 0.33514195680618286
551 -0.00018142818589694798 0.94216763973236084 0.33514198660850525
552 -0.00018483385792933404 0.94216763973236084 0.33514198660850525
553 -0.00016782889724709094 0.94216763973236084 0.33514195680618286
554 -0.00022779683058615774 0.94216763973236084 0.33514195680618286
555 -0.00018727692076936364 0.94216763973236084 0.33514195680618286
556 -0.00018677368643693626 0.94216763973236084 0.33514195680618286
557 -0.00017726470832712948 0.94216763973236084 0.33514195680618286
558 -0.00018288231512997299 0.94216763973236084 0.33514195680618286
559 -0.00017380344797857106 0.94216763973236084 0.33514195680618286
560 -0.00022808648645877838 0.94216763973236084 0.33514195680618286
561 -0.00017694872803986073 0.94216763973236084 0.33514195680618286
562 -0.00018127310613635927 0.94216763973236084 0.33514195680618286
563 -0.00018455882673151791 0.94216763973236084 0.33514195680618286
564 -0.00016602364485152066 0.94216763973236084 0.33514195680618286
565 -0.00016737538680899888 0.94216763973236084 0.33514195680618286
566 -0.00026151418569497764 0 1
567 -0.00025935200392268598 -0 1
568 -0.00027177511947229505 -0 1
569 -0.00026667246129363775 0 1
570 -0.00026250313385389745 0 1
571 -0.00025633253972046077 0 1
572 -0.00025339500280097127 -0 1
573 -0.00030080814030952752 0 0.99999994039535522
574 -0.00027850453625433147 -0 1
575 -0.00027172538102604449 0 1
576 -0.00028892344562336802 -0 1
577 -0.00028960808413103223 0 1
578 -0.00028511398704722524 -0 1
579 -0.00029153912328183651 -0 1
580 -0.00030282989609986544 -0 0.99999994039535522
581 -0.00027141816099174321 -0 1
582 -0.00026884928229264915 0 1
583 -0.00030571769457310438 0 0.99999994039535522
584 -0.00024812557967379689 0 1
585 -0.00027123966719955206 0 1
586 -0.0002701044431887567 0 1
587 -0.0002916737284976989 0 1
588 -0.00025027900119312108 0 1
589 -0.00027206476079300046 0 1
590 -0.00030232666176743805 0 0.99999994039535522
591 -0.00027286060503683984 -0 1
592 -0.0002735189045779407 -0 1
593 -0.00026335162692703307 -0 1
594 -0.00028551483410410583 -0 1
595 -0.00028678172384388745 0 1
596 -0.00027695676544681191 0 1
597 -0.00026379342307336628 0 1
598 -0.00025640567764639854 0 1
599 -0.00026698844158090651 0 1
600 -0.00024120301532093436 0 1
601 -0.00026085003628395498 0 1
602 -0.00027348965522833169 -0 1
603 -0.0002569440403021872 0 1
604 -0.00026508956216275692 0 1
605 -0.00028361304430291057 0 1
606 -0.00027591807884164155 0 1
607 -0.00024526703055016696 0 1
608 -0.00024215391022153199 0 1
609 -0.00028728789766319096 0 1
610 -0.0002551739162299782 0 1
611 -0.00027962512103840709 0 1
612 -0.00027609072276391089 -0 1
613 -0.00025162193924188614 0 1
614 -0.00028561431099660695 0 1
615 -0.00025824311887845397 0 1
616 -0.00026755311409942806 0 1
617 -0.00028761266730725765 0 1
618 -0.00027161711477674544 0 1
619 -0.00025450973771512508 0 1
620 -0.00025654319324530661 0 1
621 -0.00030674468143843114 0 0.99999994039535522
622 -0.00024825430591590703 0 1
623 -0.00025023802299983799 0 1
624 -0.00025282154092565179 0 1
625 -0.00030239979969337583 0 0.99999994039535522
626 -0.00024686160031706095 0 1
627 -0.00026106362929567695 -0 1
628 -0.00029240225558169186 -0 1
629 -0.00027740735094994307 0 1
630 -0.00024129079247359186 0 1
631 -0.00026170143974013627 -0 1
632 -0.00027375004719942808 0 1
633 -0.0002290929842274636 0 1
634 -0.0002673073613550514 0 1
635 -0.00027590931858867407 0 1
636 -0.00025911210104823112 -0 1
637 -0.00027319413493387401 -0 1
638 -0.00024160971224773675 0 1
639 -0.00025726296007633209 0 1
640 -0.00030428697937168181 0 0.99999994039535522
641 -0.00024825724540278316 0 1
642 -0.00028452003607526422 0 1
643 -0.00027853087522089481 0 1
644 -0.0002396552445134148 0 1
645 -0.00029995088698342443 0 0.99999994039535522
646 -0.00025586440460756421 0 1
647 -0.00027591222897171974 0 1
648 -0.00027188335661776364 0 1
649 -0.0002763803640846163 0 1
650 -0.00023438289645127952 -0 1
651 -0.00026524171698838472 0 1
652 -0.00025126207037828863 0 1
653 -0.00025036968872882426 -0 1
654 -0.00025610433658584952 0 1
655 -0.0002993569360114634 0 0.99999994039535522
656 -0.00025300879497081041 -0 1
657 -0.00028858694713562727 0 1
658 -0.00028090080013498664 0 1
659 -0.00026913016336038709 0 1
660 -0.00025881949113681912 0 1
661 -0.00026317022275179625 0 1
662 0 0.0003388645127415657 0.99999994039535522
663 0 0.00026471505407243967 1
664 0 0.00032737475703470409 0.99999994039535522
665 0 0.00030808470910415053 0.99999994039535522
666 0 0.00032891079899854958 0.99999994039535522
667 0 0.00026503691333346069 1
668 0 0.00028299569385126233 1
669 0 0.00030892150243744254 0.99999994039535522
670 0 0.0003060454037040472 0.99999994039535522
671 0 0.00030955931288190186 0.99999994039535522
672 0 0.00030857039382681251 0.99999994039535522
673 0 0.00030960320145823061 0.99999994039535522
674 0 0.00026264355983585119 1
675 0 0.00030724206590093672 0.99999994039535522
676 0 0.00028773260419256985 1
677 0 0.00030090470681898296 0.99999994039535522
678 0 0.00030495991813950241 0.99999994039535522
679 0 0.00028723521973006427 1
680 0 0.00030043072183616459 0.99999994039535522
681 0 0.0003092316328547895 0.99999994039535522
682 0 0.00031630045850761235 0.99999994039535522
683 0 0.00027928865165449679 1
684 0 0.0003091614053118974 0.99999994039535522
685 0 0.00027372664771974087 1
686 0 0.0002842303947545588 1
687 0 0.00026896921917796135 1
688 0 0.00030810519820079207 0.99999994039535522
689 0 0.00028011959511786699 1
690 0 0.00030306103872135282 0.99999994039535522
691 0 0.00030511204386129975 0.99999994039535522
692 0 0.00028636917704716325 1
693 0 0.00031255831709131598 0.99999994039535522
694 0 0.00029536904185079038 1
695 0 0.00027110509108752012 1
696 0 0.00027815636713057756 1
697 0 0.00027870055055245757 1
698 0 0.00034870408126153052 0.99999994039535522
699 0 0.00026259676087647676 1
700 0 0.00027382612461224198 1
701 0 0.00028615267365239561 1
702 0 0.00028980409842915833 1
703 0 0.0002956265234388411 1
704 0 0.00025337160332128406 1
705 0 0.00032387542887590826 0.99999994039535522
706 0 0.00025571518926881254 1
707 0 0.00028835874400101602 1
708 0 0.00029053850448690355 1
709 0 0.00030130261438898742 0.99999994039535522
710 0 0.00029879226349294186 1
711 0 0.0002746102400124073 1
712 0 0.0002636968856677413 1
713 0 0.00030535197583958507 0.99999994039535522
714 0 0.00029284405172802508 1
715 0 0.00029003818053752184 1
716 0 0.00028351062792353332 1
717 0 0.00030056529794819653 0.99999994039535522
718 0 0.00028419820591807365 1
719 0 0.00028485944494605064 1
720 0 0.00027253874577581882 1
721 0 0.00027759751537814736 1
722 0 0.00031534663867205381 0.99999994039535522
723 0 0.00030096908449195325 0.99999994039535522
724 0 0.00031410023802891374 0.99999994039535522
725 0 0.00026312927366234362 1
726 0 0.00028537731850519776 1
727 0 0.00028019567253068089 1
728 0 0.00028130746795795858 1
729 0 0.0002939704863820225 1
730 0 0.00029039513901807368 1
731 0 0.0003031020169146359 0.99999994039535522
732 0 0.0002612333046272397 1
733 0 0.00027047310140915215 1
734 0 0.00026434639585204422 1
735 0 0.00027181312907487154 1
736 0 0.00029439473291859031 1
737 0 0.0003132605052087456 0.99999994039535522
738 0 0.00031021470203995705 0.99999994039535522
739 0 0.00026951928157359362 1
740 0 0.00025735949748195708 1
741 0 0.00029122605337761343 1
742 0 0.00027769408188760281 1
743 0 0.00027172244153916836 1
744 0 0.00029993333737365901 0.99999994039535522
745 0 0.00028261533589102328 1
746 0 0.00027275524917058647 1
747 0 0.00027669928385876119 1
748 0 0.0002986167382914573 1
749 0 0.00029701922903768718 1
750 0 0.00030492187943309546 0.99999994039535522
751 0 0.00033189222449436784 0.99999994039535522
752 0 0.00030881032580509782 0.99999994039535522
753 0 0.00026384316151961684 1
754 0 0.00027080666041001678 1
755 0 0.00031257001683115959 0.99999994039535522
756 0 0.00030583181069232523 0.99999994039535522
757 0 0.00031616000342182815 0.99999994039535522
758 0 0.00030273335869424045 0.99999994039535522
759 0 0.00034597134799696505 0.99999994039535522
760 0 0.00029143964638933539 1
761 0 0.00027677827165462077 1
762 0 0.00032498434302397072 0.99999994039535522
763 0 0.00028661201940849423 1
764 0 0.0003029557119589299 0.99999994039535522
765 0 0.00032572456984780729 0.99999994039535522
766 0 0.00026692406390793622 1
767 0 0.00027171074179932475 1
768 0 0.00030866402084939182 0.99999994039535522
769 0 0.0002967178588733077 1
770 0 0.00027607023366726935 1
771 0 0.00029372179415076971 1
772 0 0.00027583324117586017 1
773 0 0.00030437475652433932 0.99999994039535522
774 0 0.00033247741521336138 0.99999994039535522
775 0 0.0003188634873367846 0.99999994039535522
776 0 0.00034418952418491244 0.99999994039535522
777 0 0.00029619707493111491 1
778 0 0.00029074036865495145 1
779 0 0.00034712706110440195 0.99999994039535522
780 0 0.00030564455664716661 0.99999994039535522
781 0 0.00028193360776640475 1
782 0 0.00030383054399862885 0.99999994039535522
783 0 0.00034694274654611945 0.99999994039535522
784 0 0.00031263145501725376 0.99999994039535522
785 0 0.00031288893660530448 0.99999994039535522
786 0 0.00027206476079300046 1
787 0 0.0003110017569269985 0.99999994039535522
788 0 0.00027286645490676165 1
789 0 0.0003041172749362886 0.99999994039535522
790 0 0.00029758390155620873 1
791 0 0.00030817539663985372 0.99999994039535522
792 0 0.00031333364313468337 0.99999994039535522
793 0 0.00033113444806076586 0.99999994039535522
794 -0.00026889762375503778 -0.22870723903179169 0.9734952449798584
795 0.00020994045189581811 0.99513143301010132 0.098556935787200928
796 0.00018429498595651239 0.68152612447738647 0.73179376125335693
797 0.00018527888460084796 0.67042559385299683 0.74197679758071899
798 -2.8869217203464359e-05 0.913779616355896 0.40621036291122437
799 -0.00011641665332717821 0.82116907835006714 0.57068508863449097
800 0.00016594018961768597 0.99649173021316528 0.083691470324993134
801 6.2737854022998363e-05 0.95602846145629883 0.29327395558357239
802 -6.9188550696708262e-05 0.9049798846244812 0.42545437812805176
803 -0.00029683863976970315 -0.75660914182662964 0.65386736392974854
804 -0.00026193313533440232 -0.22828428447246552 0.97359448671340942
805 -0.00015352446644101292 -0.99685859680175781 0.079201698303222656
806 -0.00010685381857911125 -0.73296153545379639 0.68027007579803467
807 -0.00012125238572480157 -0.7340008020401001 0.67914855480194092
808 4.4874897866975516e-05 0.95716631412506104 0.28953862190246582
809 3.3404256100766361e-05 0.96850210428237915 0.24900554120540619
810 -0.00016601779498159885 -0.97371065616607666 0.22778850793838501
811 -0.0002935659431386739 -0.7525714635848999 0.65851062536239624
812 -8.5178151493892074e-05 0.82328295707702637 0.56763118505477905
813 -0.00015322360559366643 -0.89496499300003052 0.44613632559776306
814 -7.7197510108817369e-05 -0.86018925905227661 0.50997495651245117
815 0.00010845528595382348 0.87095987796783447 0.49135422706604004
816 3.437564373598434e-05 0.92064797878265381 0.39039385318756104
817 5.8722998801385984e-05 -0.29958048462867737 0.954071044921875
818 -0.00022409090888686478 -0.96678578853607178 0.25558805465698242
819 -0.00014823129458818585 -0.78585076332092285 0.61841607093811035
820 5.9581958339549601e-05 -0.30028831958770752 0.95384848117828369
821 -5.6683362345211208e-05 -0.66365575790405273 0.74803823232650757
822 -0.00016830954700708389 -0.96639323234558105 0.2570684552192688
823 -0.00010871237464016303 -0.96551257371902466 0.26035633683204651
824 -4.132059621042572e-05 -0.49514478445053101 0.86881053447723389
825 2.5767178158275783e-05 0.80141216516494751 0.59811252355575562
826 -2.3165590391727164e-05 -0.56785672903060913 0.82312750816345215
827 -0.00013296803808771074 -0.9619641900062561 0.27317583560943604
828 -0.99969702959060669 -0.024610869586467743 -0.00042184264748357236
829 -0.00020019902149215341 0.047908511012792587 0.99885177612304688
830 -0.000257226696703583 -0.96829801797866821 0.2497977614402771
831 -0.99957311153411865 0.029215743765234947 -0.0004027647664770484
832 5.0521062803454697e-05 0.43666574358940125 0.89962387084960938
833 -0.0002888388407882303 -0.16109038889408112 0.98693960905075073
834 -4.0317121602129191e-05 -0.38537102937698364 0.92276173830032349
835 -0.00011943389836233109 -0.96830439567565918 0.24977318942546844
836 7.2636088589206338e-05 -0.20791372656822205 0.97814720869064331
837 2.3392180082737468e-05 0.81775349378585815 0.57556867599487305
838 -0.00017403018136974424 0.74952632188796997 0.66197460889816284
839 -0.00015106811770237982 -0.96844351291656494 0.24923321604728699
840 9.324793063569814e-05 0.92769855260848999 0.37333020567893982
841 -0.00029371766140684485 -0.50638586282730103 0.86230701208114624
842 -0.0002008192241191864 0.41069397330284119 0.91177326440811157
843 4.8557169066043571e-05 0.96937566995620728 0.24558280408382416
844 7.1249567554332316e-05 0.97406810522079468 0.22625511884689331
845 -0.00016731928917579353 0.81021833419799805 0.58612823486328125
846 -0.00016516423784196377 0.74807870388031006 0.66361004114151001
847 -0.00022764992900192738 0.41164416074752808 0.91134464740753174
848 -0.00012950268865097314 -0.96130341291427612 0.27549177408218384
849 3.0920335120754316e-05 -0.091944359242916107 0.99576413631439209
850 -1.3084275451547001e-05 0.37651371955871582 0.92641103267669678
851 -0.00018260831711813807 0.74923378229141235 0.66230559349060059
852 -0.00016741853323765099 0.67583560943603516 0.73705238103866577
853 -0.0001640825648792088 0.59805029630661011 0.80145865678787231
854 -0.00013871722330804914 0.7491767406463623 0.66237020492553711
855 -0.00012918074207846075 -0.89391869306564331 0.44822919368743896
856 -7.0707494160160422e-05 0.95198988914489746 0.3061295747756958
857 -0.00036858429666608572 -0.81142085790634155 0.58446228504180908
858 -0.00010449082765262574 -0.9807964563369751 0.19503404200077057
859 -0.00019390835950616747 -0.83734649419784546 0.546672523021698
860 -0.00022231022012419999 0.50126188993453979 0.8652956485748291
861 -0.00026183249428868294 0.30974498391151428 0.95081967115402222
862 -3.4336751468799775e-06 -0.95105654001235962 0.30901706218719482
863 -0.00013155915075913072 -0.89256304502487183 0.45092266798019409
864 -0.00013968150597065687 0.67615163326263428 0.73676252365112305
865 -0.0001562058023409918 0.59796059131622314 0.8015255331993103
866 -0.00021428959735203534 0.58779048919677734 0.80901318788528442
867 -0.00010428598034195602 0.86581426858901978 0.50036561489105225
868 -0.00014731613919138908 0.80905479192733765 0.58773326873779297
869 -0.0002323123044334352 0.30956664681434631 0.95087778568267822
870 -0.00017739806207828224 -0.77855229377746582 0.62757980823516846
871 -4.2106017644982785e-05 0.91232627630233765 0.40946409106254578
872 -0.00017659566947259009 -0.83970606327056885 0.54304128885269165
873 -0.00025304692098870873 -0.43626436591148376 0.8998185396194458
874 3.1320148991653696e-05 -0.8073238730430603 0.59010869264602661
875 -0.00019314055680297315 -0.88541704416275024 0.46479758620262146
876 -0.00015611932030878961 0.80925160646438599 0.58746224641799927
877 -8.4843668446410447e-05 0.86606085300445557 0.49993860721588135
878 -4.6974175347713754e-05 0.95355957746505737 0.30120447278022766
879 -0.00017622461018618196 -0.55208092927932739 0.83379054069519043
880 -0.00019501945644151419 0.50144588947296143 0.86518901586532593
881 -0.00020368435070849955 0.31994041800498962 0.94743770360946655
882 -0.00012178294855402783 -0.91210144758224487 0.40996459126472473
883 -0.0003368201432749629 -0.81144541501998901 0.58442807197570801
884 -0.00015371783229056746 0.51466649770736694 0.85739052295684814
885 9.5800904091447592e-05 -0.80742472410202026 0.58997064828872681
886 -0.00026100166724063456 0.40674391388893127 0.91354221105575562
887 -7.9330551670864224e-05 0.91204613447189331 0.41008755564689636
888 1.0936543731077109e-05 0.1938922256231308 0.98102283477783203
889 8.3534192526713014e-05 0.30714026093482971 0.95166432857513428
890 -0.00016900843183975667 -0.78219032287597656 0.62303954362869263
891 -8.7001099018380046e-05 0.91239631175994873 0.40930801630020142
892 1.2949418305652216e-05 0.95105642080307007 0.30901739001274109
893 -0.00012488535139709711 0.81043422222137451 0.58582973480224609
894 -0.00017603987362235785 -0.96921360492706299 0.24622149765491486
895 7.125773117877543e-05 0.30518233776092529 0.95229393243789673
896 -0.00016404685447923839 -0.55243092775344849 0.83355867862701416
897 -8.6496074800379574e-05 -0.85834622383117676 0.51307094097137451
898 -0.00022928038379177451 -0.67282670736312866 0.7398000955581665
899 -0.00016540834621991962 -0.70971208810806274 0.70449185371398926
900 3.5410586860962212e-05 0.49709194898605347 0.86769789457321167
901 -0.00016393106488976628 0.74434506893157959 0.66779518127441406
902 -0.00027374440105631948 -0.11032002419233322 0.99389612674713135
903 -0.00010631430632201955 -0.95105743408203125 0.30901414155960083
904 -0.00016970750584732741 0.74461442232131958 0.66749489307403564
905 -6.6591113863978535e-05 0.81094616651535034 0.58512091636657715
906 -0.00024684998788870871 0.86602187156677246 0.50000613927841187
907 -0.00027227547252550721 -0.67340642213821411 0.73927241563796997
908 -0.00018574534624349326 -0.63512420654296875 0.77240997552871704
909 -0.00020242722530383617 -0.71111369132995605 0.70307707786560059
910 -0.00019437998707871884 -0.96919167041778564 0.24630764126777649
911 -0.00018159113824367523 -0.78163236379623413 0.62373942136764526
912 -0.00018605215882416815 0.67009568214416504 0.7422747015953064
913 -0.00010557253699516878 -0.88450616598129272 0.46652847528457642
914 -0.0002004731068154797 -0.77868819236755371 0.62741106748580933
915 4.3896579882130027e-06 -0.74314486980438232 0.66913056373596191
916 9.4753539769953932e-07 -0.86602544784545898 0.49999994039535522
917 -0.00017523150017950684 -0.83659583330154419 0.54782068729400635
918 8.5093386587686837e-05 0.94818997383117676 0.31770390272140503
919 -3.0303153835120611e-05 -0.66497963666915894 0.74686157703399658
920 -0.00017423440294805914 -0.77723121643066406 0.62921518087387085
921 1.1293678653601091e-05 0.93007475137710571 0.36737030744552612
922 -0.00029419382917694747 -0.86603003740310669 0.49999186396598816
923 -0.00015890774375293404 -0.92579257488250732 0.37803193926811218
924 -0.00014160745195113122 0.67282986640930176 0.73979729413986206
925 -0.00026299565797671676 -0.58779191970825195 0.80901217460632324
926 -7.2304268542211503e-05 0.74988847970962524 0.66156429052352905
927 -0.00016655262152198702 0.67409181594848633 0.73864758014678955
928 -0.00017637111886870116 -0.54357045888900757 0.83936357498168945
929 -0.00018846930470317602 -0.88870608806610107 0.45847737789154053
930 -8.8838627561926842e-05 -0.9120866060256958 0.40999764204025269
931 -0.00015012997027952224 0.67380696535110474 0.73890739679336548
932 -0.00019308675837237388 -0.77946019172668457 0.62645184993743896
933 -0.00017224175098817796 -0.63362711668014526 0.77363860607147217
934 -0.00012181937199784443 -0.89007359743118286 0.45581680536270142
935 -4.9603349907556549e-05 0.6003568172454834 0.7997322678565979
936 -0.00017468591977376491 0.7431483268737793 0.66912674903869629
937 4.6939898311393335e-05 0.10595802962779999 0.99437057971954346
938 -2.1298339561326429e-05 0.86605918407440186 0.49994149804115295
939 -0.00019007772789336741 -0.83711230754852295 0.5470309853553772
940 -0.00010967940033879131 -0.84011417627334595 0.54240965843200684
941 -0.00019796162087004632 -0.71086287498474121 0.70333069562911987
942 -0.00015644657833036035 0.67307698726654053 0.73957240581512451
943 -5.7888719311449677e-05 0.68017655611038208 0.73304837942123413
944 -0.00011153054219903424 -0.8414379358291626 0.54035377502441406
945 0.00011676345457090065 0.58778810501098633 0.80901491641998291
946 -0.000191439816262573 -0.7798120379447937 0.62601381540298462
947 -0.00016107872943393886 0.59430825710296631 0.80423742532730103
948 -0.0001637035165913403 -0.84016638994216919 0.54232877492904663
949 -0.00019503780640661716 -0.83762890100479126 0.54623979330062866
950 -0.99954211711883545 -0.030257618054747581 -0.00015369711036328226
951 -0.00016800888988655061 -0.89159083366394043 0.45284196734428406
952 -8.4565421275328845e-05 0.81189364194869995 0.58380544185638428
953 -9.5176546892616898e-05 0.42532321810722351 0.90504157543182373
954 -0.00018153911514673382 -0.46537992358207703 0.88511103391647339
955 -0.00016470054106321186 0.59447664022445679 0.80411285161972046
956 -5.1343387895030901e-05 0.51721853017807007 0.85585343837738037
957 -0.0001659678528085351 0.32955983281135559 0.94413471221923828
958 -0.00014292502601165324 0.86602765321731567 0.49999618530273438
959 -0.00027898504049517214 -0.20792108774185181 0.97814559936523438
960 -0.00018533652473706752 -0.7770494818687439 0.6294395923614502
961 -1.0820597708516289e-05 0.40673640370368958 0.91354554891586304
962 6.1567494412884116e-05 -0.40673834085464478 0.91354471445083618
963 -0.00032150870538316667 -0.74315154552459717 0.66912311315536499
964 -0.0001996332430280745 -0.70820170640945435 0.70601022243499756
965 -0.00017479754751548171 -0.27590638399124146 0.96118450164794922
966 -0.00025596361956559122 0.20791926980018616 0.97814595699310303
967 -0.00018063811876345426 0.50946027040481567 0.86049419641494751
968 -0.00018106760398950428 0.50909411907196045 0.86071091890335083
969 2.6845160391530953e-05 0.86615079641342163 0.4997827410697937
970 -0.00017925746215041727 -0.37104398012161255 0.9286152720451355
971 -0.00016663069254718721 0.59607404470443726 0.80292952060699463
972 6.6674409026745707e-05 0.91222220659255981 0.40969598293304443
973 -0.00015908431669231504 -0.9249376654624939 0.38011881709098816
974 -9.8509655799716711e-05 -0.93127179145812988 0.36432534456253052
975 6.3957311795093119e-05 0.90672081708908081 0.42173144221305847
976 -0.00019786100892815739 0.41994345188140869 0.90755027532577515
977 -0.00017281205509789288 -0.6332593560218811 0.77393960952758789
978 -0.00013971998123452067 0.32918965816497803 0.94426381587982178
979 -0.00019213497580494732 -0.63488340377807617 0.77260786294937134
980 0.00020345355733297765 0.20791801810264587 0.9781462550163269
981 -6.6460794187150896e-05 0.75022906064987183 0.66117805242538452
982 -0.99955946207046509 0.029665326699614525 -0.00099158752709627151
983 -1.4842705240880605e-05 -0.49460753798484802 0.86911648511886597
984 -0.00016882842464838177 0.42241716384887695 0.90640157461166382
985 -9.4732218713033944e-05 0.42565539479255676 0.90488541126251221
986 -3.4714230423560366e-05 0.81191110610961914 0.58378112316131592
987 -0.00015519450244028121 -0.71580082178115845 0.69830453395843506
988 -0.00017670131637714803 -0.074709735810756683 0.99720531702041626
989 -0.00019649564637802541 -0.55415111780166626 0.8324161171913147
990 -0.00019346499175298959 -0.83697986602783203 0.54723364114761353
991 -0.00017393198504578322 0.51161479949951172 0.85921496152877808
992 -0.00012409161718096584 0.33229514956474304 0.94317549467086792
993 -0.00017594668315723538 -0.17447999119758606 0.98466074466705322
994 -0.00018458992417436093 -0.63705450296401978 0.77081876993179321
995 -1.6523916883670609e-06 -0.58778524398803711 0.80901700258255005
996 1.4012192877999041e-05 0.75060898065567017 0.66074675321578979
997 -0.00017120280244853348 -0.074180372059345245 0.99724489450454712
998 -5.7462642871541902e-05 0.8122979998588562 0.58324259519577026
999 -7.6261589128989726e-05 -0.91448432207107544 0.40462136268615723
1000 -0.00015337068180087954 -0.88981026411056519 0.45633074641227722
1001 -0.00016135949408635497 0.51153910160064697 0.85926002264022827
1002 -0.99955987930297852 -0.029661005362868309 0.00053183955606073141
1003 -0.00020835900795646012 -0.71282273530960083 0.70134431123733521
1004 -3.1224448321154341e-05 0.8659207820892334 0.50018125772476196
1005 -0.00016381042951252311 0.32633531093597412 0.94525408744812012
1006 -0.00014795031165704131 0.22950905561447144 0.97330653667449951
1007 -0.00023965294531080872 -0.77591633796691895 0.63083571195602417
1008 -0.00018696102779358625 -0.46497142314910889 0.88532567024230957
1009 -0.00019873223209287971 0.41955739259719849 0.90772885084152222
1010 -0.00017558813851792365 -0.83660417795181274 0.54780775308609009
1011 0.00010448060493217781 0.91239535808563232 0.40931013226509094
1012 2.5956052922992967e-05 0.86647719144821167 0.49921667575836182
1013 -0.00014614310930483043 -0.63951987028121948 0.76877456903457642
1014 -0.0001445020898245275 0.13028314709663391 0.99147683382034302
1015 -9.9212680652271956e-05 0.67775630950927734 0.73528659343719482
1016 -0.00017036696954164654 -0.46285209059715271 0.88643556833267212
1017 -0.00015408820763695985 0.59597104787826538 0.80300593376159668
1018 -0.00014633020327892154 -0.37549036741256714 0.92682629823684692
1019 -0.00016438898455817252 0.12684108316898346 0.99192303419113159
1020 -0.00016975877224467695 0.22622135281562805 0.97407597303390503
1021 -0.00016125266847666353 -0.70994436740875244 0.70425772666931152
1022 -0.00021244228992145509 -0.17169611155986786 0.98514997959136963
1023 -0.00010609039600240067 -0.78636109828948975 0.6177670955657959
1024 -0.0001549605221953243 -0.55004912614822388 0.83513236045837402
1025 -0.00016216722724493593 0.59077471494674683 0.80683660507202148
1026 -0.00019951144349761307 -0.7132415771484375 0.70091831684112549
1027 -0.00010636906517902389 0.67790842056274414 0.73514634370803833
1028 -0.00012066180352121592 -0.89466303586959839 0.44674164056777954
1029 -0.000150315958308056 0.23253768682479858 0.97258740663528442
1030 -0.00019554472237359732 -0.46753358840942383 0.8839753270149231
1031 -0.0001039449343807064 0.51449102163314819 0.85749584436416626
1032 -0.99955940246582031 -0.029679248109459877 0.00044892230653204024
1033 -0.00013735443644691259 0.23216357827186584 0.97267681360244751
1034 -0.00018323547556065023 -0.46713188290596008 0.88418757915496826
1035 -0.00018772461044136435 0.67007637023925781 0.74229216575622559
1036 -0.0001710659998934716 0.32322037220001221 0.94632381200790405
1037 -0.00014060991816222668 0.32588270306587219 0.94541019201278687
1038 -0.00014717788144480437 -0.077633112668991089 0.99698203802108765
1039 -0.00012283437536098063 -0.28046676516532898 0.95986372232437134
1040 -0.000252127880230546 -0.83221346139907837 0.55445533990859985
1041 -5.9687401517294347e-05 0.6798255443572998 0.73337388038635254
1042 -0.00014786524116061628 -0.076989434659481049 0.99703192710876465
1043 -0.0001984261762117967 -0.63669705390930176 0.77111399173736572
1044 -0.00017617231060285121 -0.37148147821426392 0.92844033241271973
1045 -0.00017430419393349439 0.50598561763763428 0.86254185438156128
1046 -0.00020530156325548887 -0.55377388000488281 0.83266705274581909
1047 -0.00017836253391578794 0.50645452737808228 0.86226660013198853
1048 1.7851401935331523e-05 0.81573295593261719 0.57842868566513062
1049 -0.00017635679978411645 -0.37344181537628174 0.92765361070632935
1050 -0.0001487256377004087 -0.63912206888198853 0.76910537481307983
1051 -0.00015559815801680088 0.22904613614082336 0.9734155535697937
1052 9.2135051090735942e-05 0.75197738409042358 0.65918898582458496
1053 0.0001064302196027711 0.9962429404258728 0.086602538824081421
1054 -0.00017432120512239635 -0.3738543689250946 0.92748743295669556
1055 -0.00016203447012230754 -0.17768976092338562 0.98408657312393188
1056 -0.00010309067874914035 0.6006895899772644 0.79948234558105469
1057 -0.00015944360347930342 -0.37586367130279541 0.92667502164840698
1058 -0.00014800565259065479 0.12982828915119171 0.99153649806976318
1059 -0.00011965809244429693 0.33180296421051025 0.94334870576858521
1060 -0.00018276707851327956 0.41708895564079285 0.90886557102203369
1061 -0.00019801458984147757 -0.70841634273529053 0.70579475164413452
1062 -0.00016282197611872107 0.22678081691265106 0.97394579648971558
1063 -0.00012103891640435904 -0.99608957767486572 0.088349342346191406
1064 -0.99956375360488892 -0.029529642313718796 0.00051987171173095703
1065 -0.00014664634363725781 0.42249453067779541 0.90636551380157471
1066 -0.00024902832228690386 -0.3613865077495575 0.93241608142852783
1067 -9.4533475930802524e-05 0.74824196100234985 0.6634259819984436
1068 -7.8381031926255673e-05 -0.18201163411140442 0.98329639434814453
1069 -0.00018011475913226604 -0.55633938312530518 0.83095520734786987
1070 -0.00015717138012405485 0.12748061120510101 0.99184107780456543
1071 -0.00018863019067794085 -0.17133393883705139 0.98521298170089722
1072 -0.00013932267029304057 -0.46983662247657776 0.88275343179702759
1073 -0.00010647741873981431 -0.27993878722190857 0.9600178599357605
1074 -3.4147389669669792e-05 -0.082048758864402771 0.99662834405899048
1075 -0.00017330577247776091 -0.27545261383056641 0.9613146185874939
1076 7.3426788731012493e-05 0.99585413932800293 0.090964421629905701
1077 -0.00019492083811201155 0.10999208688735962 0.99393248558044434
1078 -0.0001553907641209662 -0.55592542886734009 0.83123219013214111
1079 -0.00016853355919010937 -0.46317705512046814 0.88626581430435181
1080 -0.00011752791760955006 -0.99643731117248535 0.084337174892425537
1081 -0.00021840140107087791 -0.067521609365940094 0.99771785736083984
1082 -0.00020899806986562908 0.050606425851583481 0.99871867895126343
1083 6.3121988205239177e-05 0.99652564525604248 0.083286680281162262
1084 -0.00022386762429960072 -0.27010151743888855 0.96283191442489624
1085 -0.00017039623344317079 -0.1749139279127121 0.98458379507064819
1086 -0.00020686043717432767 -0.16226622462272644 0.98674702644348145
1087 -0.00018141955661121756 0.41756564378738403 0.90864676237106323
1088 -0.00015315938799176365 -0.55032038688659668 0.83495360612869263
1089 -0.00010960182407870889 -0.99609023332595825 0.088341899216175079
1090 -0.00018435486708767712 -0.2728734016418457 0.96204996109008789
1091 -4.9715914940406947e-08 -0.18615074455738068 0.98252123594284058
1092 1.6197229342651553e-05 0.74928528070449829 0.66224735975265503
1093 5.1628572691697627e-05 0.87091869115829468 0.49142709374427795
1094 -0.00020563077123370022 -0.3685726523399353 0.92959898710250854
1095 -0.0001873336877906695 -0.45914199948310852 0.88836288452148438
1096 -0.00014850498700980097 -0.71545869112014771 0.69865506887435913
1097 -0.00021207421377766877 -0.36888596415519714 0.92947465181350708
1098 -0.00019218704255763441 -0.27326095104217529 0.96193993091583252
1099 -0.00022243379498831928 -0.067922025918960571 0.99769061803817749
1100 -3.6676938179880381e-05 -0.18140003085136414 0.98340940475463867
1101 -0.00024083115567918867 -0.27045246958732605 0.96273332834243774
1102 -0.0001832266862038523 0.32371211051940918 0.9461556077003479
1103 -0.00024638453032821417 -0.36120662093162537 0.93248575925827026
1104 6.0441925597842783e-05 0.99623715877532959 0.086668722331523895
1105 -0.00013320455036591738 -0.99639362096786499 0.084851942956447601
1106 0.00012516822607722133 0.7519727349281311 0.65919411182403564
1107 1.2812644854420796e-05 -0.081648483872413635 0.99666124582290649
1108 -0.00019591588352341205 0.21648961305618286 0.97628492116928101
1109 -8.0794779933057725e-05 0.81125688552856445 0.5846899151802063
1110 0.00012861097638960928 0.99719142913818359 0.074895404279232025
1111 -1.3748328456131276e-05 0.51675379276275635 0.85613405704498291
1112 -0.00017316141747869551 0.59083676338195801 0.80679112672805786
1113 -9.5431350928265601e-05 -0.079656630754470825 0.99682241678237915
1114 -0.00019819186127278954 -0.63137698173522949 0.77547609806060791
1115 -0.00025841855676844716 -0.77729147672653198 0.62914061546325684
1116 3.5448611015453935e-05 -0.18566511571407318 0.98261308670043945
1117 -3.2702340831747279e-05 0.42847061157226562 0.90355575084686279
1118 -1.3733732885157224e-05 0.60314482450485229 0.79763174057006836
1119 4.2902811401290819e-05 0.60747897624969482 0.79433578252792358
1120 -0.00014394652680493891 0.13288642466068268 0.9911312460899353
1121 -0.00010593867773422971 -0.99626034498214722 0.086402259767055511
1122 -0.00019016627629753202 -0.46170824766159058 0.88703185319900513
1123 -0.99956339597702026 0.029534362256526947 -0.00088903802679851651
1124 -0.00012259774666745216 -0.99627703428268433 0.086209408938884735
1125 -0.00012580989277921617 -0.64403486251831055 0.76499617099761963
1126 -0.00014291246770881116 -0.99547964334487915 0.094975106418132782
1127 -7.1206151915248483e-05 0.81130474805831909 0.58462351560592651
1128 -0.00010470198321854696 -0.37840268015861511 0.92564111948013306
1129 5.6126315030269325e-05 0.9962887167930603 0.086074814200401306
1130 -0.00015708051796536893 -0.17717799544334412 0.98417884111404419
1131 -0.0001823634811444208 -0.071707345545291901 0.99742573499679565
1132 4.0618266211822629e-05 0.68151938915252686 0.73180001974105835
1133 -4.3221374653512612e-05 0.24917779862880707 0.96845781803131104
1134 -8.2493606896605343e-05 -0.64388948678970337 0.76511853933334351
1135 -0.00011185840412508696 0.74830514192581177 0.66335475444793701
1136 -9.7727279353421181e-05 -0.37793299555778503 0.92583298683166504
1137 -0.0001329504739260301 -0.46941018104553223 0.88298022747039795
1138 -0.00018361498950980604 -0.071313649415969849 0.99745392799377441
1139 4.5588018110720441e-05 0.68234634399414062 0.73102903366088867
1140 -0.00014622182061430067 0.13325724005699158 0.99108153581619263
1141 -0.00013525506074074656 -0.55889439582824707 0.8292388916015625
1142 2.5887798983603716e-05 0.99655050039291382 0.082988500595092773
1143 -9.8179363703820854e-05 -0.9962429404258728 0.086602538824081421
1144 -0.00013464112998917699 -0.99662715196609497 0.082062780857086182
1145 -3.5603618016466498e-05 -0.28268855810165405 0.95921176671981812
1146 1.8152732081944123e-05 0.60265707969665527 0.7980002760887146
1147 -9.7946634923573583e-05 -0.55838155746459961 0.82958424091339111
1148 -0.00013492180733010173 -0.17999647557735443 0.98366731405258179
1149 2.4755499907769263e-05 0.967498779296875 0.2528756856918335
1150 -0.00016426695219706744 -0.27852526307106018 0.96042889356613159
1151 -0.00018964857736136764 0.033025357872247696 0.99945449829101562
1152 6.1538863519672304e-05 0.99637877941131592 0.085025742650032043
1153 -0.99956041574478149 0.029631538316607475 -0.00097439257660880685
1154 -0.00010769419168354943 -0.17924538254737854 0.98380440473556519
1155 3.721649045473896e-05 0.9679674506187439 0.25107601284980774
1156 -7.7258337114471942e-05 -0.078928932547569275 0.99688029289245605
1157 -0.00015925112529657781 -0.27801099419593811 0.96057790517807007
1158 -0.00010600584937492386 -0.9961775541305542 0.087351903319358826
1159 -3.8264835893642157e-05 -0.28316065669059753 0.9590725302696228
1160 -5.6560889788670465e-05 0.42786592245101929 0.9038422703742981
1161 6.3552084611728787e-05 0.99626296758651733 0.086372032761573792
1162 -0.00015062798047438264 -0.99593675136566162 0.090055204927921295
1163 -0.00020080903777852654 0.032638981938362122 0.99946719408035278
1164 0.00013177997607272118 0.99374032020568848 0.11171499639749527
1165 -0.00012619768676813692 0.23568643629550934 0.97182917594909668
1166 -0.00015219177294056863 0.12429660558700562 0.9922451376914978
1167 -0.00015351884940173477 -0.89723485708236694 0.44155368208885193
1168 -7.8857825428713113e-05 -0.47290730476379395 0.88111215829849243
1169 -0.0001038516202243045 -0.93032711744308472 0.36673071980476379
1170 -0.0001079586218111217 0.23521167039871216 0.97194415330886841
1171 -0.00017455595661886036 0.22359925508499146 0.97468119859695435
1172 -0.0001742822933010757 0.13647344708442688 0.99064368009567261
1173 -0.00014243905025068671 0.13934525847434998 0.99024385213851929
1174 -0.00010403688793303445 -0.99625194072723389 0.08649926632642746
1175 2.4908196792239323e-05 0.51922875642776489 0.85463535785675049
1176 -0.00018167111556977034 0.10868804901838303 0.99407589435577393
1177 -0.00015505785995628685 0.12489619106054306 0.99216985702514648
1178 -0.00016739960119593889 -0.9959942102432251 0.089418098330497742
1179 5.6933640735223889e-05 0.99642384052276611 0.08449631929397583
1180 -0.00013408792437985539 -0.88968092203140259 0.45658281445503235
1181 3.9130554796429351e-05 0.52097839117050171 0.85356986522674561
1182 3.0133183827274479e-05 0.96755999326705933 0.25264129042625427
1183 -0.99957126379013062 -0.029276829212903976 0.0004883555811829865
1184 -7.7685399446636438e-05 -0.56750714778900146 0.82336843013763428
1185 -0.99957001209259033 0.029312962666153908 -0.0007629377068951726
1186 -7.7523967775050551e-05 0.33727425336837769 0.9414064884185791
1187 -0.00017940819088835269 0.22425800561904907 0.97452986240386963
1188 -8.0410107329953462e-05 -0.47225630283355713 0.88146132230758667
1189 -0.0002034836943494156 0.31922158598899841 0.94768011569976807
1190 0.00012517035065684468 0.99325579404830933 0.11594363301992416
1191 -2.9391716452664696e-05 -0.38476622104644775 0.92301410436630249
1192 0.00018544134218245745 0.95105820894241333 0.30901187658309937
1193 -0.00016339767898898572 0.12106665968894958 0.99264436960220337
1194 -0.00029916813946329057 -0.31600454449653625 0.94875764846801758
1195 4.4384480133885518e-05 0.9469873309135437 0.32127103209495544
1196 9.5182593213394284e-05 0.91462606191635132 0.40430080890655518
1197 -8.8567991042509675e-05 -0.9969031810760498 0.078638523817062378
1198 1.2882766895927489e-05 0.81678307056427002 0.57694500684738159
1199 -9.9536948255263269e-05 -0.99660730361938477 0.082303903996944427
1200 7.8546458098571748e-05 0.93853074312210083 0.3451957106590271
1201 3.9943384763319045e-05 0.96889191865921021 0.24748432636260986
1202 4.5637007133336738e-05 0.9680708646774292 0.25067687034606934
1203 -0.00017428658611606807 0.21646982431411743 0.97628933191299438
1204 -0.00010301700240233913 -0.98080176115036011 0.19500732421875
1205 4.5103475713403895e-05 0.9755626916885376 0.21972121298313141
1206 5.901411896047648e-06 0.91081541776657104 0.41281387209892273
1207 -0.00013787353236693889 -0.97047978639602661 0.24118253588676453
1208 -0.00016355876869056374 0.12171246856451035 0.99256545305252075
1209 0.00039131415542215109 0.99452072381973267 0.10453926026821136
1210 0.00023476617934647948 0.99701297283172607 0.077234283089637756
1211 -1.6415393474744633e-05 0.86111527681350708 0.50840973854064941
1212 3.1297324312618002e-05 0.79852753877639771 0.60195827484130859
1213 5.0611910410225391e-05 0.97022032737731934 0.24222405254840851
1214 -1.7191079678013921e-05 0.86223691701889038 0.50650531053543091
1215 -7.2258546424563974e-05 0.90392059087753296 0.42770028114318848
1216 0.00026761743356473744 0.67314839363098145 0.73950743675231934
1217 -0.00015547998191323131 -0.92159384489059448 0.38815557956695557
1218 -0.99962121248245239 0.02751716785132885 -0.0005702332709915936
1219 -0.00020705473434645683 -0.60752153396606445 0.79430323839187622
1220 -0.99963241815567017 -0.027108967304229736 0.00037600300856865942
1221 -1.7092410416807979e-05 0.19083096086978912 0.98162299394607544
1222 1.8244249076815322e-05 -0.09213545173406601 0.99574649333953857
1223 4.0174440073315054e-05 0.97203636169433594 0.23483048379421234
1224 -0.00026951226755045354 -0.5042383074760437 0.86356455087661743
1225 0.00015963149780873209 0.97143232822418213 0.23731683194637299
1226 -0.00029375363374128938 -0.31350281834602356 0.94958722591400146
1227 -9.0827394160442054e-05 -0.99658763408660889 0.082542277872562408
1228 -0.0001174306235043332 -0.92274355888366699 0.38541451096534729
1229 9.9054246675223112e-05 0.99676418304443359 0.0803818479180336
1230 -0.00026705427444539964 -0.70427590608596802 0.7099263072013855
1231 8.1262442108709365e-05 0.99691188335418701 0.07852819561958313
1232 -0.00012910545046906918 -0.99661713838577271 0.082184784114360809
1233 -2.8363757564875414e-07 0.91629701852798462 0.40049943327903748
1234 0.00028327616746537387 0.99586200714111328 0.090877912938594818
1235 -0.00014573882799595594 -0.99688029289245605 0.078928753733634949
1236 3.8128706364659593e-05 0.49744400382041931 0.86749613285064697
1237 0.0001781609607860446 0.67912840843200684 0.73401951789855957
1238 6.1515325796790421e-05 0.92476958036422729 0.38052749633789062
1239 -6.9180714490357786e-05 -0.9345441460609436 0.35584723949432373
1240 8.6907304648775607e-05 0.91269290447235107 0.40864622592926025
1241 -0.00013109209248796105 -0.99683910608291626 0.079446680843830109
1242 -2.8097903850721195e-05 -0.99452203512191772 0.10452760010957718
1243 6.5377134887967259e-05 0.97508811950683594 0.22181791067123413
1244 -0.00024108681827783585 -0.99452114105224609 0.10453581809997559
1245 -0.00017049990128725767 -0.54824578762054443 0.83631724119186401
1246 -0.00010397836740594357 -0.99728000164031982 0.073706232011318207
1247 -0.0002572623488958925 -0.70416420698165894 0.71003711223602295
1248 -7.790038944222033e-05 -0.99727356433868408 0.073793180286884308
1249 -0.00011891693429788575 -0.92089450359344482 0.3898119330406189
1250 9.8320844699628651e-05 0.97452235221862793 0.22429065406322479
1251 -5.5914097174536437e-05 0.25299754738807678 0.96746695041656494
1252 7.7873453847132623e-05 0.91039764881134033 0.41373449563980103
1253 5.9818721638293937e-05 0.9971165657043457 0.075885362923145294
1254 3.5509943700162694e-05 0.43435966968536377 0.90073955059051514
1255 4.7733909013913944e-05 0.99655014276504517 0.082992896437644958
1256 8.0706267908681184e-05 0.99737656116485596 0.072387881577014923
1257 0.00013207113079261035 0.99742186069488525 0.071761541068553925
1258 -0.00010166389256482944 -0.99697732925415039 0.077693477272987366
1259 -0.00014174448733683676 -0.99700230360031128 0.07737162709236145
1260 -0.0001045617536874488 0.99452155828475952 0.10453182458877563
1261 -0.00010245927114738151 -0.9740937352180481 0.22614476084709167
1262 -9.0291305241407827e-06 0.99736791849136353 0.072506934404373169
1263 -2.4135090370691614e-06 0.92763602733612061 0.37348547577857971
1264 1.0823485354194418e-05 0.82031345367431641 0.57191425561904907
1265 -2.3307709852815606e-05 0.85561096668243408 0.51761943101882935
1266 -0.00025892455596476793 -0.9580153226852417 0.28671687841415405
1267 -2.618214966787491e-05 0.91518068313598633 0.40304386615753174
1268 -2.5031113182194531e-05 0.85397344827651978 0.52031666040420532
1269 0.00016515467723365873 0.99763834476470947 0.068685583770275116
1270 -0.00015783755225129426 -0.9710579514503479 0.23884411156177521
1271 3.319409370305948e-05 0.97208064794540405 0.23464684188365936
1272 -9.5267896540462971e-05 -0.92825919389724731 0.37193399667739868
1273 0.00030403363052755594 0.74315226078033447 0.66912227869033813
1274 -0.00023391783179249614 -0.95868808031082153 0.28445938229560852
1275 8.6730251496192068e-05 0.53528344631195068 0.8446725606918335
1276 9.29479647311382e-05 0.99733233451843262 0.0729951411485672
1277 -0.00021910526265855879 -0.96949875354766846 0.24509632587432861
1278 1.2988446542294696e-05 0.91511029005050659 0.4032035768032074
1279 4.0294791688211262e-05 0.607219398021698 0.79453426599502563
1280 0.0001604593126103282 0.99741923809051514 0.071797549724578857
1281 -0.9993852972984314 0.035056740045547485 -0.00030433543724939227
1282 -0.00023094286734703928 -0.83657079935073853 0.54785889387130737
1283 5.9818426962010562e-05 0.97625666856765747 0.21661697328090668
1284 4.7543744585709646e-05 0.10330253094434738 0.99465000629425049
1285 6.0024972299288493e-06 0.97548973560333252 0.22004494071006775
1286 -0.00019343291933182627 -0.10315804183483124 0.99466496706008911
1287 -0.00025168852880597115 -0.43845164775848389 0.89875471591949463
1288 -0.00036405221908353269 -0.4067474901676178 0.9135405421257019
1289 -0.00020148960174992681 -0.63230365514755249 0.77472054958343506
1290 -0.00015398429241031408 -0.99666851758956909 0.081559106707572937
1291 -0.00015063115279190242 -0.96313983201980591 0.26900127530097961
1292 -6.8030589318368584e-05 0.33621573448181152 0.94178503751754761
1293 -0.00011238099978072569 -0.970661461353302 0.24045039713382721
1294 -0.00010051116260001436 -0.97043311595916748 0.24137002229690552
1295 6.7731838498730212e-05 0.97603499889373779 0.21761354804039001
1296 -0.00013730365026276559 -0.97008359432220459 0.24277117848396301
1297 -0.00020234493422321975 -0.60476160049438477 0.79640656709671021
1298 -0.00012280502414796501 -0.99665290117263794 0.081749588251113892
1299 -0.00012597907334566116 -0.96191394329071045 0.27335247397422791
1300 8.6460684542544186e-05 0.99666088819503784 0.081652536988258362
1301 3.9187492802739143e-05 0.97246718406677246 0.23304004967212677
1302 -7.6702148362528533e-05 -0.93572163581848145 0.35273942351341248
1303 8.5681516793556511e-05 0.97330003976821899 0.2295365184545517
1304 -3.4828561183530837e-05 -0.97481483221054077 0.22301597893238068
1305 4.9050513553083874e-06 0.37785404920578003 0.92586517333984375
1306 5.7811143051367253e-05 0.97234100103378296 0.23356597125530243
1307 -0.00013280342682264745 -0.92280793190002441 0.38526040315628052
1308 -0.00010770616790978238 -0.92506551742553711 0.37980750203132629
1309 -0.00014879960508551449 -0.92322450876235962 0.38426101207733154
1310 -8.3273102063685656e-05 -0.91489654779434204 0.40368840098381042
1311 0.00014955655205994844 0.97258466482162476 0.23254916071891785
1312 -0.00013897739700041711 -0.97431927919387817 0.22517101466655731
1313 -7.1775983087718487e-05 -0.96826785802841187 0.24991482496261597
1314 9.7684896900318563e-05 0.99760639667510986 0.069148093461990356
1315 1.889979830593802e-05 0.97144919633865356 0.23724785447120667
1316 -8.4387807874009013e-05 -0.925464928150177 0.37883332371711731
1317 -4.1595154470996931e-05 0.85683518648147583 0.5155903697013855
1318 -0.00011380579962860793 -0.92350810766220093 0.38357892632484436
1319 -3.0977869755588472e-05 0.97695755958557129 0.21343371272087097
1320 -0.00013378386211115867 -0.99831074476242065 0.058100301772356033
1321 -0.00011691221152432263 -0.99705022573471069 0.07675199955701828
1322 -8.1802601926028728e-05 -0.99715495109558105 0.07537899911403656
1323 -0.00023331592092290521 -0.86498934030532837 0.50179028511047363
1324 2.0327654056018218e-05 0.99707663059234619 0.076408505439758301
1325 5.4829652071930468e-05 0.94046944379806519 0.33987826108932495
1326 9.1780908405780792e-05 0.99698835611343384 0.077551856637001038
1327 6.5723390434868634e-05 0.53915798664093018 0.84220463037490845
1328 -7.2305374487768859e-05 -0.97305512428283691 0.2305724024772644
1329 -1.388305736327311e-05 0.92173570394515991 0.38781866431236267
1330 -0.00011066290608141571 -0.97253227233886719 0.23276820778846741
1331 -0.00010457979078637436 -0.97503304481506348 0.22205987572669983
1332 -9.7840209491550922e-05 -0.92216217517852783 0.38680353760719299
1333 -4.8738420446170494e-05 0.97390192747116089 0.22696931660175323
1334 -6.7413813667371869e-05 0.91635686159133911 0.40036255121231079
1335 -0.00015452383377123624 -0.97114294767379761 0.23849835991859436
1336 -5.8579102187650278e-05 0.85754877328872681 0.51440274715423584
1337 -0.00025793249369598925 -0.86831545829772949 0.49601238965988159
1338 0 0.00024476964608766139 1
1339 0 0.00026609897031448781 1
1340 0 0.00026925010024569929 1
1341 0 0.00031788332853466272 0.99999994039535522
1342 0 0.00023782659263815731 1
1343 0 0.00031142309308052063 0.99999994039535522
1344 0 0.00023761593911331147 1
1345 0 0.00026647932827472687 1
1346 0 0.00027927401242777705 1
1347 0 0.00030340629746206105 0.99999994039535522
1348 0 0.00026255872217006981 1
1349 0 0.0002686590887606144 1
1350 0 0.00024323647085111588 1
1351 0 0.00030318391509354115 0.99999994039535522
1352 0 0.00024364316777791828 1
1353 0 0.00031116267200559378 0.99999994039535522
1354 0 0.00029071990866214037 1
1355 0 0.00029405535315163434 1
1356 0 0.00030377201619558036 0.99999994039535522
1357 0 0.00028317124815657735 1
1358 0 0.00029375692247413099 1
1359 0 0.00027929159114137292 1
1360 0 0.00028271187329664826 1
1361 0 0.00028897024458274245 1
1362 0 0.00023707759100943804 1
1363 0 0.00028422745526768267 1
1364 0 0.00027364178095012903 1
1365 0 0.00029309859382919967 1
1366 0 0.00029730595997534692 1
1367 0 0.00026252362295053899 1
1368 0 0.00027790179592557251 1
1369 0 0.00023719754244666547 1
1370 0 0.00028875080170109868 1
1371 0 0.0002794466563500464 1
1372 0 0.00028238125378265977 1
1373 0 0.00029682318563573062 1
1374 0 0.00029735860880464315 1
1375 0 0.00028187801945023239 1
1376 0 0.00028577522607520223 1
1377 0 0.00031400661100633442 0.99999994039535522
1378 0 0.00031157815828919411 0.99999994039535522
1379 0 0.00029574063955806196 1
1380 0 0.00029516717768274248 1
1381 0 0.00029444447136484087 1
1382 0 0.0002611075178720057 1
1383 0 0.00028036243747919798 1
1384 0 0.00028703335556201637 1
1385 0 0.00029154791263863444 1
1386 0 0.00029416359029710293 1
1387 0 0.00028933305293321609 1
1388 0 0.00029383297078311443 1
1389 0 0.00032216089311987162 0.99999994039535522
1390 0 0.00030529929790645838 0.99999994039535522
1391 0 0.00031334537197835743 0.99999994039535522
1392 0 0.00028207406285218894 1
1393 0 0.00030024052830412984 0.99999994039535522
1394 0 0.00027008689357899129 1
1395 0 0.00024463213048875332 1
1396 0 0.00028063452919013798 1
1397 0 0.00029007327975705266 1
1398 0 0.0002890726609621197 1
1399 0 0.00027980946470052004 1
1400 0 0.00029930134769529104 0.99999994039535522
1401 0 0.0002979496493935585 1
1402 0 0.00024801146355457604 1
1403 0 0.00024606284569017589 1
1404 0 0.00028410751838237047 1
1405 0 0.00027506373589858413 1
1406 0 0.00028868351364508271 1
1407 0 0.00030440985574387014 0.99999994039535522
1408 0 0.00029585472657345235 1
1409 0 0.00029584011645056307 1
1410 0 0.00026304734637960792 1
1411 0 0.00029122020350769162 1
1412 0 0.00030400315881706774 0.99999994039535522
1413 0 0.00027080666041001678 1
1414 0 0.00028739613480865955 1
1415 0 0.00027725228574126959 1
1416 0 0.00028075449517928064 1
1417 0 0.00029185513267293572 1
1418 0 0.00028289912734180689 1
1419 0 0.00029783553327433765 1
1420 0 0.00029463466489687562 1
1421 0 0.0002981456636916846 1
1422 0 0.00029786187224090099 1
1423 0 0.00030587569926865399 0.99999994039535522
1424 0 0.00030500965658575296 0.99999994039535522
1425 0 0.00031247930019162595 0.99999994039535522
1426 0 0.00030054774833843112 0.99999994039535522
1427 0 0.00026772866840474308 1
1428 0 0.00029522861586883664 1
1429 0 0.00029330633697099984 1
1430 0 0.00030485459137707949 0.99999994039535522
1431 0 0.00030555386911146343 0.99999994039535522
1432 0 0.00031784528982825577 0.99999994039535522
1433 0 0.00029020494548603892 1
1434 0 0.00031471170950680971 0.99999994039535522
1435 0 0.00028275576187297702 1
1436 0 0.00029067893046885729 1
1437 0 0.00029344676295295358 1
1438 0 0.00026969777536578476 1
1439 0 0.00029157425160519779 1
1440 0 0.00029388564871624112 1
1441 0 0.00029394417651928961 1
1442 0 0.00027724934625439346 1
1443 0 0.00027687189867720008 1
1444 0 0.00030375446658581495 0.99999994039535522
1445 0 0.00028471607947722077 1
1446 0 0.00029905850533396006 0.99999994039535522
1447 0 0.00028746345196850598 1
1448 0 0.00030384515412151814 0.99999994039535522
1449 0 0.00030560360755771399 0.99999994039535522
1450 0 0.0002833350736182183 1
1451 0 0.00030120607698336244 0.99999994039535522
1452 0 0.0002595217083580792 1
1453 0 0.00029064089176245034 1
1454 0 0.00026960705872625113 1
1455 0 0.00029005279066041112 1
1456 0 0.00030658082687295973 0.99999994039535522
1457 0 0.00030189071549102664 0.99999994039535522
1458 0 0.00031603712704963982 0.99999994039535522
1459 0 0.0002973907976411283 1
1460 0 0.00026191212236881256 1
1461 0 0.00028799008578062057 1
1462 0 0.00029415774042718112 1
1463 0 0.00026848938432522118 1
1464 0 0.00029757220181636512 1
1465 0 0.00032259977888315916 0.99999994039535522
1466 0 0.00030147231882438064 0.99999994039535522
1467 0 0.00028126357938162982 1
1468 0 0.00028303958242759109 1
1469 0 0.00031811741064302623 0.99999994039535522
1470 0 0.00029049752629362047 1
1471 0 0.00025882828049361706 1
1472 0 0.00028480385662987828 1
1473 0 0.0002713362337090075 1
1474 0 0.00028401974122971296 1
1475 0 0.00028143037343397737 1
1476 0 0.00029385930974967778 1
1477 0 0.00030205457005649805 0.99999994039535522
1478 0 0.00027559624868445098 1
1479 0 0.00029960562824271619 0.99999994039535522
1480 0 0.00029614145751111209 1
1481 0 0.00028877129079774022 1
1482 0 0.00028069890686310828 1
1483 0 0.0002921301347669214 1
1484 0 0.00029810471460223198 1
1485 0 0.00028821537853218615 1
1486 0 0.00027691872674040496 1
1487 0 0.00026061595417559147 1
1488 0 0.00029536613146774471 1
1489 0 0.0002870216267183423 1
1490 0 0.00029363695648498833 1
1491 0 0.00028577522607520223 1
1492 0 0.00030218035681173205 0.99999994039535522
1493 0 0.00029143964638933539 1
1494 0 0.00026321117184124887 1
1495 0 0.00027798081282526255 1
1496 0 0.00026815585442818701 1
1497 0 0.00029036295018158853 1
1498 0 0.00027085639885626733 1
1499 0 0.00027111388044431806 1
1500 0 0.00030059163691475987 0.99999994039535522
1501 0 0.00029085448477417231 1
1502 0 0.00027953734388574958 1
1503 0 0.00029800523770973086 1
1504 0 0.0002840840897988528 1
1505 0 0.00028959929477423429 1
1506 0 0.0002741157659329474 1
1507 0 0.00029398806509561837 1
1508 0 0.00030143719050101936 0.99999994039535522
1509 0 0.00028955834568478167 1
1510 0 0.00028229056624695659 1
1511 0 0.00028716499218717217 1
1512 0 0.00028745760209858418 1
1513 0 0.00029097736114636064 1
1514 0 0.0003166105889249593 0.99999994039535522
1515 0 0.00029004694079048932 1
1516 0 0.00028263873537071049 1
1517 0 0.00029653354431502521 1
1518 0 0.00028891756664961576 1
1519 0 0.00028888831730000675 1
1520 0 0.00025539335911162198 1
1521 0 0.00029030442237854004 1
1522 0 0.00027637160383164883 1
1523 0 0.00029253977118059993 1
1524 0 0.00026729272212833166 1
1525 0 0.00028438545996323228 1
1526 0 0.00030632628477178514 0.99999994039535522
1527 0 0.00027991770184598863 1
1528 0 0.00026992303901351988 1
1529 0 0.00030692314612679183 0.99999994039535522
1530 0 0.00024854688672348857 1
1531 0 0.00028950860723853111 1
1532 0 0.00029116461519151926 1
1533 0 0.0002803975366987288 1
1534 0 0.00032145576551556587 0.99999994039535522
1535 0 0.00026775206788443029 1
1536 0 0.00027148835943080485 1
1537 0 0.0002694958820939064 1
1538 0 0.0002654728596098721 1
1539 0 0.00026947539299726486 1
1540 0 0.0002842947724275291 1
1541 0 0.0002856523497030139 1
1542 0 0.00028511398704722524 1
1543 0 0.00028809250215999782 1
1544 0 0.0002813630853779614 1
1545 0 0.00030687046819366515 0.99999994039535522
1546 0 0.0002827908901963383 1
1547 0 0.00028402559109963477 1
1548 0 0.00028070475673303008 1
1549 0 0.00025798563729040325 1
1550 0 0.00026448685093782842 1
1551 0 0.00027782865799963474 1
1552 0 0.00027949639479629695 1
1553 0 0.00028828560607507825 1
1554 0 0.00027318828506395221 1
1555 0 0.0002605486661195755 1
1556 0 0.00026872052694670856 1
1557 0 0.00025917938910424709 1
1558 0 0.00026542018167674541 1
1559 0 0.0002870918542612344 1
1560 0 0.00028569914866238832 1
1561 0 0.00026548746973276138 1
1562 0 0.00028184583061374724 1
1563 0 0.00026192088262178004 1
1564 0 0.0002843006222974509 1
1565 0 0.00028434451087377965 1
1566 0 0.00028259193641133606 1
1567 0 0.00026174826780334115 1
1568 0 0.00026528851594775915 1
1569 0 0.00026409479323774576 1
1570 0 0.00025903602363541722 1
1571 0 0.00028643355472013354 1
1572 0 0.00025872880360111594 1
1573 0 0.00028471607947722077 1
1574 0 0.00025334232486784458 1
1575 0 0.00027390220202505589 1
1576 0 0.00027145326021127403 1
1577 0 0.00028300154372118413 1
1578 0 0.00027290155412629247 1
1579 0 0.00028458735323511064 1
1580 0 0.00026466825511306524 1
1581 0 0.0002798650530166924 1
1582 0 0.0002776180044747889 1
1583 0 0.00026945199351757765 1
1584 0 0.00031040780595503747 0.99999994039535522
1585 0 0.00028100903728045523 1
1586 0 0.00026508956216275692 1
1587 0 0.00026935542700812221 1
1588 0 0.00028101488715037704 1
1589 0 0.00024938368005678058 1
1590 0 0.00028271481278352439 1
1591 0 0.00030951251392252743 0.99999994039535522
1592 0 0.00027741611120291054 1
1593 0 0.00030148986843414605 0.99999994039535522
1594 0 0.00030203408095985651 0.99999994039535522
1595 0 0.00027932375087402761 1
1596 0 0.00026767601957544684 1
1597 0 0.00029438012279570103 1
1598 -0.00011163820454385132 0 -1
1599 -0.00014140858547762036 0 -1
1600 -0.00011042691039619967 0 -1
1601 -0.00014630351506639272 0 -1
1602 -0.00011146850738441572 0 -1
1603 -0.00013903573562856764 0 -1
1604 -0.0001095228290068917 0 -1
1605 -0.00013718660920858383 0 -1
1606 -0.00010736063268268481 0 -1
1607 -0.00011331764108035713 0 -1
1608 -0.00010096768528455868 0 -1
1609 -0.00013100139040034264 0 -1
1610 -0.0001296174741582945 0 -1
1611 -0.000104171471321024 0 -1
1612 -9.3898859631735831e-05 0 -1
1613 -0.00012651900760829449 -0 -1
1614 -9.482635505264625e-05 0 -1
1615 -0.00010138022480532527 0 -1
1616 -9.9411139672156423e-05 0 -1
1617 -0.0001351531536784023 -0 -1
1618 -9.2476904683280736e-05 0 -1
1619 -0.00012584021897055209 0 -1
1620 0 0.0001568306761328131 -1
1621 0 0.00015494643594138324 -1
1622 0 0.000155335568706505 -1
1623 0 0.00016106729162856936 -1
1624 0 0.00016254483489319682 -1
1625 0 0.00015928837819956243 -1
1626 0 0.00014237119466997683 -1
1627 0 0.00014767280663363636 -1
1628 0 0.00014792734873481095 -1
1629 0 0.00016877394227776676 -1
1630 0 0.00015980917669367045 -1
1631 0 0.00015487620839849114 -1
1632 0 0.0001895824825624004 -1
1633 0 0.00015961022290866822 -1
1634 0 0.00021148822270333767 -1
1635 0 0.00016198014782276005 -1
1636 0 0.00015453973901458085 -1
1637 0 0.0001840585027821362 -1
1638 0 0.00017708331870380789 -1
1639 0 0.00013831013347953558 -1
1640 0 0.00015907478518784046 -1
1641 0 0.00014765818195883185 -1
1642 0 0.00013702276919502765 -1
1643 0 0.00015716714551672339 -1
1644 0 0.00015359176904894412 -1
1645 0 0.00017058210505638272 -1
1646 0 0.00020039344963151962 -1
1647 0 0.00018714526959229261 -1
1648 0 0.00015092048852238804 -1
1649 0 0.00017435058543924242 -1
1650 0 0.00017394681344740093 -1
1651 0 0.00019113025336991996 -1
1652 0 0.00018632017599884421 -1
1653 0 0.00017586616741027683 -1
1654 0 0.00018526980420574546 -1
1655 0 0.0001571759203216061 -1
1656 0 0.00019964443345088512 -1
1657 0 0.00017649521760176867 -1
1658 0 0.00019506257376633584 -1
1659 0 0.00018085178453475237 -1
1660 0 0.0001642857096157968 -1
1661 0 0.00013942194345872849 -1
1662 0 0.00015841354615986347 -1
1663 0 0.00016256530943792313 -1
1664 0 0.00015981795149855316 -1
1665 0 0.00016648300515953451 -1
1666 0 0.00016428863455075771 -1
1667 0 0.00016415696882177144 -1
1668 0 0.00015411549247801304 -1
1669 0 0.00017302518244832754 -1
1670 0 0.00018510594964027405 -1
1671 0 0.00015544089546892792 -1
1672 0 0.00018381858535576612 -1
1673 0 0.00015483818424399942 -1
1674 0 0.00017296665464527905 -1
1675 0 0.00019696143863257021 -1
1676 0 0.00018679708591662347 -1
1677 0 0.00014771669520996511 -1
1678 0 0.0001395155704813078 -1
1679 0 0.00012945361959282309 -1
1680 0 0.0001865717931650579 -1
1681 0 0.00020518303790595382 -1
1682 0 0.00015970092499628663 -1
1683 0 0.0001098680731956847 -1
1684 0 0.0001829700922826305 -1
1685 0 0.000164133554790169 -1
1686 0 0.00013435732398647815 -1
1687 0 0.00014978818944655359 -1
1688 0 0.00015469774371013045 -1
1689 0 0.00019718673138413578 -1
1690 0 0.00016879441682249308 -1
1691 0 0.00015973894915077835 -1
1692 0 0.00016568717546761036 -1
1693 0 0.00018182901840191334 -1
1694 0 0.00013399159070104361 -1
1695 0 0.00014464456762652844 -1
1696 0 0.0001612018677406013 -1
1697 0 0.00012081363092875108 -1
1698 0 0.00015166364028118551 -1
1699 0 0.00010838760499609634 -1
1700 0 0.00016615823551546782 -1
1701 0 0.00011290509428363293 -1
1702 0 0.00016101753863040358 -1
1703 0 0.00016076884639915079 -1
1704 0 0.00018728571012616158 -1
1705 0 0.00015006029570940882 -1
1706 0 0.00019986680126748979 -1
1707 0 0.0001409375254297629 -1
1708 0 0.00012745527783408761 -1
1709 0 0.00016290470375679433 -1
1710 0 0.00012730021262541413 -1
1711 0 0.0001587558799656108 -1
1712 0 0.00015972139954101294 -1
1713 0 0.00016884415526874363 -1
1714 0 0.00016333187522832304 -1
1715 0 0.00019859698659274727 -1
1716 0 0.00018027539772447199 -1
1717 0 0.00016891145787667483 -1
1718 0 0.00014317579916678369 -1
1719 0 0.00016694821533747017 -1
1720 0 0.00020252345711924136 -1
1721 0 0.00017040070088114589 -1
1722 0 0.00016282279102597386 -1
1723 0 0.00016468361718580127 -1
1724 0 0.00017064646817743778 -1
1725 -0.00018682634981814772 -1 0
1726 -0.00027625454822555184 -1 -0
1727 -0.00024721564841456711 -1 -0
1728 -0.00021642117644660175 -1 0
1729 -0.0002161168958991766 -1 0
1730 -0.0002193879772676155 -1 -0
1731 -0.0002057535748463124 -1 0
1732 -0.00026761749177239835 -1 -0
1733 -0.00025977625045925379 -1 0
1734 -0.00022078360780142248 -1 -0
1735 -0.00024500954896211624 -1 0
1736 -0.00022178716608323157 -1 0
1737 -0.00025758187985047698 -1 -0
1738 -0.00023402593797072768 -1 0
1739 -0.00024127322831191123 -1 -0
1740 -0.00023673818213865161 -1 0
1741 -0.00023769494146108627 -1 0
1742 -0.00023696639982517809 -1 -0
1743 -0.0002473121858201921 -1 -0
1744 -0.00021922413725405931 -1 0
1745 -0.00027834947104565799 -1 0
1746 -0.00023964061983861029 -1 -0
1747 -0.00022975128376856446 -1 -0
1748 -0.00025338330306112766 -1 -0
1749 -0.00021485000615939498 -1 0
1750 -0.00025740047567524016 -1 -0
1751 -0.00021669620764441788 -1 0
1752 -0.0002212371036875993 -1 0
1753 -0.0002160408184863627 -1 -0
1754 -0.00021657625620719045 -1 -0
1755 -0.00023885648988652974 -1 0
1756 -0.00024694937746971846 -1 0
1757 -0.00022621981042902917 -1 0
1758 -0.00022407808864954859 -1 -0
1759 -0.00022433557023759931 -1 -0
1760 -0.00026201159926131368 -1 0
1761 -0.00024768963339738548 -1 0
1762 -0.00022257422097027302 -1 -0
1763 -0.0002487458405084908 -1 0
1764 -0.00022625784913543612 -1 0
1765 -0.00024243771622423083 -1 0
1766 -0.00021139752061571926 -1 -0
1767 -0.00019158961367793381 -1 0
1768 -0.00027320877416059375 -1 -0
1769 -0.00021073920652270317 -1 -0
1770 -0.00021592964185401797 -1 0
1771 -0.00021587990340776742 -1 -0
1772 -0.00022955817985348403 -1 -0
1773 -0.0002142004668712616 -1 0
1774 -0.00025886337971314788 -1 -0
1775 -0.0001925873220898211 -1 0
1776 -0.00021092061069793999 -1 -0
1777 -0.00021883206500206143 -1 0
1778 -0.00021948745416011661 -1 -0
1779 -0.00021559609740506858 -1 0
1780 -0.00026330773835070431 -1 -0
1781 -0.00018675612227525562 -1 -0
1782 -0.0002726938109844923 -1 0
1783 -0.00028541535721160471 -1 -0
1784 -0.00022513432486448437 -1 0
1785 -0.00021259418281260878 -1 0
1786 -0.00023156823590397835 -1 -0
1787 -0.00025485790683887899 -1 0
1788 -0.00022863947378937155 -1 -0
1789 -0.00022387913486454636 -1 0
1790 -0.00022385281044989824 -1 0
1791 -0.00023140145640354604 -1 0
1792 -0.00021583893976639956 -1 -0
1793 -0.00023737017181701958 -1 0
1794 -0.00024085777113214135 -1 -0
1795 -0.00020783678337465972 -1 0
1796 -0.00020770511764567345 -1 0
1797 -0.0002208889345638454 -1 -0
1798 -0.00023593650257680565 -1 -0
1799 -0.00023132539354264736 -1 0
1800 -0.00025036674924194813 -1 0
1801 -0.00016753924137447029 -1 0
1802 -0.00027540020528249443 -1 -0
1803 -0.00022196272038854659 -1 -0
1804 -0.00020944891730323434 -1 0
1805 -0.00020929091260768473 -1 0
1806 -0.00026006298139691353 -1 0
1807 -0.00020986144954804331 -1 0
1808 -0.00025816410197876394 -1 -0
1809 -0.00017227031639777124 -1 0
1810 -0.00028407239005900919 -1 0
1811 -0.00020382546063046902 -1 -0
1812 -0.00021631877461913973 -1 0
1813 -0.00028158834902569652 -1 0
1814 -0.0001837103336583823 -1 0
1815 -0.00025977625045925379 -1 0
1816 -0.00023553567007184029 -1 0
1817 -0.00022923634969629347 -1 0
1818 -0.00024973478866741061 -1 0
1819 -0.00021956645650789142 -1 0
1820 -0.00026078274822793901 -1 0
1821 -0.00020508648594841361 -1 0
1822 -0.0002655372372828424 -1 0
1823 -0.00025112161529250443 -1 -0
1824 -0.00022050565166864544 -1 0
1825 -0.00023323010827880353 -1 -0
1826 -0.00022371529485099018 -1 -0
1827 -0.00026174241793341935 -1 0
1828 -0.00022482125496026129 -1 -0
1829 -0.00022611740860156715 -1 -0
1830 -0.00024027259496506304 -1 0
1831 -0.00021232794097159058 -1 -0
1832 -0.00021999070304445922 -1 0
1833 -0.00023370116832666099 -1 0
1834 -0.00021300087973941118 -1 -0
1835 -0.0002150284853996709 -1 0
1836 -0.00019224206334911287 -1 -0
1837 -0.00027181021869182587 -1 0
1838 -0.00025675387587398291 -1 -0
1839 -0.00021441405988298357 -1 -0
1840 -0.00023565562150906771 -1 0
1841 -0.00025156635092571378 -1 -0
1842 -0.00024664218653924763 -1 0
1843 -0.00025550159625709057 -1 -0
1844 -0.00023282927577383816 -1 0
1845 -0.00021308280702214688 -1 0
1846 -0.00018079912115354091 -1 0
1847 -0.00028137769550085068 -1 -0
1848 -0.00024272737209685147 -1 0
1849 -0.00021764710254501551 -1 -0
1850 -0.00027011323254555464 -1 0
1851 -0.00021757688955403864 -1 0
1852 -0.00025567424017935991 -1 -0
1853 -0.00023725313076283783 -1 0
1854 -0.00024736486375331879 -1 -0
1855 -0.00022578092466574162 -1 0
1856 -0.00021561364701483399 -1 -0
1857 -0.00026433178572915494 -1 0
1858 -0.00027873858925886452 -1 0
1859 -0.00016814487753435969 -1 -0
1860 -0.00022036521113477647 -1 0
1861 -0.00019907682144548744 -1 0
1862 -0.00022918953618500382 -1 -0
1863 -0.00027743366081267595 -1 0
1864 -0.00018124093185178936 -1 -0
1865 -0.0002658854064065963 -1 0
1866 -0.00020945769210811704 -1 -0
1867 -0.00022795189579483122 -1 0
1868 -0.00025533483130857348 -1 0
1869 -0.00021006041788496077 -1 0
1870 -0.00027562549803406 -1 0
1871 -0.00015032068768050522 -1 0
1872 -0.00028318294789642096 -1 0
1873 -0.00021337538782972842 -1 0
1874 -0.00023873361351434141 -1 0
1875 -0.00024775398196652532 -1 -0
1876 -0.00021631584968417883 -1 0
1877 -0.00021788117010146379 -1 -0
1878 -0.00022665283177047968 -1 0
1879 -0.00027477115509100258 -1 -0
1880 -0.00017878322978504002 -1 0
1881 -0.00022490610717795789 -1 -0
1882 -0.00026885513216257095 -1 0
1883 -0.00024966750061139464 -1 0
1884 -0.00022466326481662691 -1 0
1885 -0.00026871761656366289 -1 0
1886 -0.00021508992358576506 -1 0
1887 -0.00023621445870958269 -1 0
1888 -0.00026915062335319817 -1 0
1889 -0.00022121370420791209 -1 -0
1890 -0.00024861711426638067 -1 -0
1891 -0.00021987366199027747 -1 0
1892 -0.00024601895711384714 -1 -0
1893 2.3926069843582809e-05 -0.95540761947631836 -0.29529020190238953
1894 -0.00013861298793926835 -0.95906174182891846 -0.28319695591926575
1895 -0.00015022538718767464 -0.95988041162490845 -0.28040978312492371
1896 8.4576213339460082e-06 -0.29195323586463928 -0.95643264055252075
1897 -0.00010977926285704598 -0.70563268661499023 -0.70857781171798706
1898 -0.00012958227307535708 -0.70867538452148438 -0.70553475618362427
1899 3.0468314434983768e-05 -0.95640236139297485 -0.29205244779586792
1900 0.00017918748199008405 -0.92766821384429932 -0.37340548634529114
1901 -0.00012350532051641494 -0.56630730628967285 -0.82419419288635254
1902 0.00012342815170995891 -0.90882760286331177 -0.41717186570167542
1903 -0.00015552988043054938 -0.57173579931259155 -0.82043778896331787
1904 1.2182989848952275e-05 -0.29039874672889709 -0.95690572261810303
1905 0.00010861679038498551 -0.83392858505249023 -0.5518723726272583
1906 4.3366442696424201e-05 -0.81987553834915161 -0.57254177331924438
1907 -0.00011563271254999563 -0.97556793689727783 -0.21969816088676453
1908 -0.00012838562543038279 -0.97559624910354614 -0.21957223117351532
1909 -8.7886037363205105e-05 -0.24054847657680511 -0.97063714265823364
1910 -0.00011297105083940551 -0.92015743255615234 -0.39154866337776184
1911 4.5812277676304802e-05 -0.83004134893417358 -0.55770182609558105
1912 -3.2101346732815728e-05 -0.83010131120681763 -0.55761265754699707
1913 -2.2412054022424854e-05 -0.77168118953704834 -0.63600963354110718
1914 -3.4924090869026259e-05 -0.77163869142532349 -0.63606113195419312
1915 -1.2590233382070437e-05 -0.88075518608093262 -0.47357192635536194
1916 0.00010072834993479773 -0.96875852346420288 -0.24800588190555573
1917 0.00012910115765407681 -0.37880021333694458 -0.92547845840454102
1918 5.6612538173794746e-05 -0.77094185352325439 -0.6369054913520813
1919 -4.0109713154379278e-05 -0.23885869979858398 -0.97105437517166138
1920 3.9189940252981614e-06 -0.70731884241104126 -0.70689469575881958
1921 0.00013604907144326717 -0.38277304172515869 -0.92384243011474609
1922 9.1386369604151696e-05 -0.47938790917396545 -0.87760311365127563
1923 0.00010784405458252877 -0.47659769654273987 -0.87912154197692871
1924 2.6526990950515028e-06 -0.55568969249725342 -0.83138984441757202
1925 -3.328918683109805e-05 -0.47273609042167664 -0.88120406866073608
1926 -9.4898023235145956e-05 -0.83109301328659058 -0.55613350868225098
1927 -2.6789646199176786e-06 -0.70727646350860596 -0.70693713426589966
1928 -0.0001128925578086637 -0.92043823003768921 -0.39088821411132812
1929 6.0587244661292061e-05 -0.77091360092163086 -0.63693982362747192
1930 1.6670850300215534e-06 -0.55578255653381348 -0.83132773637771606
1931 0.00014853531320113689 -0.55496406555175781 -0.8318743109703064
1932 -0.00016164906264748424 -0.47496840357780457 -0.88000291585922241
1933 4.0299488318851218e-05 -0.9197540283203125 -0.39249533414840698
1934 0.00025526521494612098 -0.29027837514877319 -0.95694220066070557
1935 0.0003898868162650615 -0.95694386959075928 -0.29027298092842102
1936 0.00010345401824451983 -0.55564147233963013 -0.83142203092575073
1937 -8.7191219790838659e-05 -0.83126872777938843 -0.55587077140808105
1938 -0.00018263451056554914 -0.47139281034469604 -0.8819233775138855
1939 3.3326443372061476e-05 -0.63421720266342163 -0.77315497398376465
1940 6.810110789956525e-05 -0.87698030471801758 -0.48052641749382019
1941 -0.00020255170238669962 -0.88192397356033325 -0.47139158844947815
1942 4.8856229113880545e-05 -0.82765030860900879 -0.56124413013458252
1943 8.69586510816589e-05 -0.6343914270401001 -0.77301204204559326
1944 0.00017607504560146481 -0.47139236330986023 -0.88192355632781982
1945 -9.9988239526282996e-05 -0.77300864458084106 -0.63439548015594482
1946 3.5031196603085846e-05 -0.70611310005187988 -0.70809906721115112
1947 3.8455214962596074e-05 -0.91956943273544312 -0.39292755722999573
1948 3.1419425795320421e-05 -0.63419550657272339 -0.77317273616790771
1949 -1.8419854313833639e-05 -0.4735565185546875 -0.8807634711265564
1950 -7.7287819294724613e-05 -0.55786490440368652 -0.82993179559707642
1951 -8.771036664256826e-05 -0.77301204204559326 -0.63439136743545532
1952 -5.0304347496421542e-06 -0.63298332691192627 -0.77416545152664185
1953 4.8082420107675716e-05 -0.82753026485443115 -0.56142115592956543
1954 2.7354017220204696e-05 -0.70615106821060181 -0.70806127786636353
1955 1.3962446246296167e-05 -0.70422166585922241 -0.70998024940490723
1956 -0.00015136964793782681 -0.87698227167129517 -0.48052272200584412
1957 1.4681814946015947e-06 -0.63314348459243774 -0.77403444051742554
1958 2.5113915398833342e-05 -0.76893866062164307 -0.63932257890701294
1959 -8.2473743532318622e-05 -0.55676078796386719 -0.83067291975021362
1960 2.2984742827247828e-05 -0.70448124408721924 -0.70972257852554321
1961 6.0850947193102911e-05 -0.87746220827102661 -0.47964581847190857
1962 4.4453972805058584e-06 -0.88054907321929932 -0.47395497560501099
1963 1.9986408005934209e-05 -0.63519173860549927 -0.77235454320907593
1964 -5.2617560868384317e-05 -0.63458669185638428 -0.77285170555114746
1965 -0.00021609640680253506 -0.076695710420608521 -0.9970545768737793
1966 -0.00014773602015338838 -0.87745046615600586 -0.47966727614402771
1967 -0.00014133544755168259 -0.09661547839641571 -0.99532181024551392
1968 -7.7297670941334218e-05 -0.077109940350055695 -0.99702262878417969
1969 -0.00015398969117086381 -0.99542236328125 -0.095573768019676208
1970 -0.00021145895880181342 -0.072817392647266388 -0.99734532833099365
1971 -0.00026715520652942359 -0.99607723951339722 -0.08848794549703598
1972 -0.00019652549235615879 -0.072604462504386902 -0.99736082553863525
1973 -0.00031599911744706333 -0.99753475189208984 -0.070173986256122589
1974 -0.00017057957302313298 -0.088855937123298645 -0.99604451656341553
1975 -0.00021639368787873536 -0.074982360005378723 -0.9971848726272583
1976 -9.2279398813843727e-05 -0.087804198265075684 -0.99613779783248901
1977 -0.0002710924600251019 -0.92533385753631592 -0.37915331125259399
1978 -0.00020885496633127332 -0.072710797190666199 -0.99735307693481445
1979 -0.00028492609271779656 -0.97420752048492432 -0.22565373778343201
1980 -0.00057325378293171525 -0.29027041792869568 -0.95694446563720703
1981 -0.00047245790483430028 -0.9569438099861145 -0.29027298092842102
1982 -0.00022695628285873681 -0.21088555455207825 -0.97751075029373169
1983 -4.2038416722789407e-05 -0.070769116282463074 -0.99749273061752319
1984 -9.2447648057714105e-05 -0.9968675971031189 -0.079088911414146423
1985 -0.00024101068265736103 -0.94426262378692627 -0.329193115234375
1986 0.00020529780886135995 -0.92811012268066406 -0.37230584025382996
1987 -8.3663908299058676e-05 -0.572223961353302 -0.82009738683700562
1988 0.00012342097761575133 -0.83581632375717163 -0.54900920391082764
1989 -0.00018435543461237103 -0.70500779151916504 -0.70919954776763916
1990 1.6131623851833865e-05 -0.39626479148864746 -0.9181363582611084
1991 -0.00025465479120612144 -0.32662975788116455 -0.94515234231948853
1992 -0.00031869090162217617 -0.39134436845779419 -0.92024427652359009
1993 -0.00027850849437527359 -0.92338508367538452 -0.38387486338615417
1994 3.2134397770278156e-05 -0.81690222024917603 -0.57677620649337769
1995 -0.00033775795600377023 -0.97852146625518799 -0.20614463090896606
1996 -0.00016136920021381229 -0.70937621593475342 -0.70483005046844482
1997 9.5819712441880256e-05 -0.32984155416488647 -0.94403630495071411
1998 -3.150805423501879e-05 -0.40180981159210205 -0.91572314500808716
1999 -4.8843223339645192e-05 -0.074023880064487457 -0.99725651741027832
2000 -0.00010692775686038658 -0.9961695671081543 -0.087442435324192047
2001 -0.00020562285499181598 -0.99637693166732788 -0.085046969354152679
2002 -0.00020985760784242302 -0.9968225359916687 -0.079654917120933533
2003 0.0001348641817457974 -0.098013222217559814 -0.99518513679504395
2004 0.00011824926332337782 -0.99518507719039917 -0.098013892769813538
2005 -0.00030581606552004814 -0.99677485227584839 -0.08024858683347702
2006 -0.00033144457847811282 -0.99753957986831665 -0.070104889571666718
2007 -7.2578295657876879e-05 -0.06880621612071991 -0.99763005971908569
2008 -7.8971243056003004e-05 -0.99748349189758301 -0.070899352431297302
2009 -0.00016339182911906391 -0.47410067915916443 -0.8804706335067749
2010 1.8256117982673459e-05 -0.20735839009284973 -0.97826504707336426
2011 -0.00045309856068342924 -0.098003312945365906 -0.99518603086471558
2012 -0.00040677384822629392 -0.99518591165542603 -0.09800468385219574
2013 -0.00019511816208250821 -0.06758495420217514 -0.99771350622177124
2014 -0.0003041231248062104 -0.99772489070892334 -0.067416228353977203
2015 0.00023573750513605773 -0.88192462921142578 -0.47139042615890503
2016 -0.00021449850464705378 -0.63438737392425537 -0.77301526069641113
2017 3.0448285542661324e-05 -0.76896810531616211 -0.63928717374801636
2018 -0.00020840439538005739 -0.44625857472419739 -0.89490407705307007
2019 -0.00031751565984450281 -0.39178812503814697 -0.92005538940429688
2020 -0.00022027158411219716 -0.99771422147750854 -0.067574739456176758
2021 0.00011721636110451072 -0.90809696912765503 -0.41876006126403809
2022 4.0319118852494285e-05 -0.39468914270401001 -0.91881477832794189
2023 -0.00031895417487248778 -0.99754440784454346 -0.070036567747592926
2024 9.220809442922473e-05 -0.97047734260559082 -0.24119241535663605
2025 -4.6222448872867972e-05 -0.39901930093765259 -0.91694259643554688
2026 -0.00030230777338147163 -0.20599566400051117 -0.97855287790298462
2027 -0.00032640807330608368 -0.97874897718429565 -0.20506185293197632
2028 -0.00021789038146380335 -0.44444364309310913 -0.89580684900283813
2029 8.6380037828348577e-05 -0.32802578806877136 -0.94466876983642578
2030 0.0001350822567474097 -0.20711933076381683 -0.97831571102142334
2031 0.00016986492846626788 -0.97760790586471558 -0.21043470501899719
2032 -0.00025388621725142002 -0.21362453699111938 -0.97691583633422852
2033 -0.00036042064311914146 -0.97727704048156738 -0.21196573972702026
2034 -0.00032818521140143275 -0.98008406162261963 -0.19858284294605255
2035 -0.00015846782480366528 -0.31616789102554321 -0.94870328903198242
2036 -0.00012191804853500798 -0.56999951601028442 -0.82164502143859863
2037 -4.893452933174558e-05 -0.069467589259147644 -0.99758422374725342
2038 -6.2315069953911006e-05 -0.99727261066436768 -0.073806039988994598
2039 -0.00016728066839277744 -0.32056289911270142 -0.94722723960876465
2040 -0.0001988258445635438 -0.0694442018866539 -0.99758577346801758
2041 -0.00031392951495945454 -0.99765640497207642 -0.068422123789787292
2042 -0.0002124449674738571 -0.32358533143997192 -0.94619905948638916
2043 -0.00023030451848171651 -0.94538724422454834 -0.32594937086105347
2044 -0.00016910703561734408 -0.2013961523771286 -0.97950989007949829
2045 -0.00019683856226038188 -0.20421566069126129 -0.97892594337463379
2046 5.0227736210217699e-05 -0.21333123743534088 -0.97697991132736206
2047 0.00016222460544668138 -0.97715997695922852 -0.21250513195991516
2048 1.8900743725680513e-06 -0.20335376262664795 -0.97910535335540771
2049 -0.00018230790738016367 -0.20190425217151642 -0.97940522432327271
2050 -0.00031457579461857677 -0.97594249248504639 -0.21802780032157898
2051 9.4976730906637385e-06 -0.22877505421638489 -0.97347933053970337
2052 -0.00013895226584281772 -0.23236654698848724 -0.97262829542160034
2053 -0.00015607288514729589 0 -1
2054 -0.0001425116352038458 0 -1
2055 -9.9027856776956469e-05 0 -1
2056 -0.00013976720219943672 0 -1
2057 -0.00011549153714440763 0 -1
2058 -0.00016188944573514163 0 -1
2059 -0.00015665219689253718 0 -1
2060 -0.00010909565753536299 0 -1
2061 -0.00014616599946748465 0 -1
2062 -0.00016088881238829345 0 -1
2063 -0.00013282126747071743 0 -1
2064 -0.00010990318696713075 0 -1
2065 -0.00015154953871387988 0 -1
2066 -0.00014300901966635138 0 -1
2067 -8.9316999947186559e-05 0 -1
2068 -0.00018234104209113866 0 -1
2069 -0.00010504629608476534 0 -1
2070 -0.00014488740998785943 0 -1
2071 -0.00016359813162125647 0 -1
2072 -0.0001645431766519323 0 -1
2073 -0.00014020314847584814 0 -1
2074 -0.00011141291906824335 0 -1
2075 -0.00016659712127875537 0 -1
2076 -0.00014895724598318338 0 -1
2077 -0.00013990471779834479 0 -1
2078 -0.00014590560749638826 0 -1
2079 -0.00010219361138297245 0 -1
2080 -0.00017691361426841468 0 -1
2081 -0.00013320162543095648 0 -1
2082 -0.00016102340305224061 0 -1
2083 -0.0001498086639912799 0 -1
2084 -0.00012004705786239356 0 -1
2085 -0.0001594375935383141 0 -1
2086 -0.00013712809595745057 0 -1
2087 -0.00014680091408081353 -0 -1
2088 -8.992557559395209e-05 0 -1
2089 -8.6089807155076414e-05 0 -1
2090 -0.00018124970665667206 -0 -1
2091 -0.00018369570898357779 0 -1
2092 2.5417428332730196e-05 -0.95540761947631836 -0.29529014229774475
2093 -0.00018380842811893672 -0.95906215906143188 -0.28319555521011353
2094 -0.00020839259377680719 -0.95987981557846069 -0.28041166067123413
2095 -4.1048122511710972e-05 -0.29195535182952881 -0.95643198490142822
2096 -9.4290029664989561e-05 -0.70563274621963501 -0.70857775211334229
2097 -0.00012332684127613902 -0.70867538452148438 -0.70553475618362427
2098 1.733985664031934e-05 -0.9564024806022644 -0.29205206036567688
2099 0.00014010486484039575 -0.92766791582107544 -0.37340632081031799
2100 -8.866449206834659e-05 -0.56630736589431763 -0.82419419288635254
2101 0.00014095961523707956 -0.90882748365402222 -0.41717219352722168
2102 -0.00011385044490452856 -0.57173615694046021 -0.82043755054473877
2103 -3.5619017580756918e-05 -0.29039770364761353 -0.95690608024597168
2104 8.1720012531150132e-05 -0.83392828702926636 -0.55187290906906128
2105 8.2045728049706668e-05 -0.81987547874450684 -0.57254189252853394
2106 -0.00010715508688008413 -0.97556787729263306 -0.21969830989837646
2107 -9.9718636192847043e-05 -0.97559630870819092 -0.21957181394100189
2108 -0.00012580977636389434 -0.24055072665214539 -0.97063660621643066
2109 -4.5833071453671437e-06 -0.92015635967254639 -0.39155119657516479
2110 0.00012540175521280617 -0.8300400972366333 -0.55770367383956909
2111 0.00012182194041088223 -0.83010375499725342 -0.55760908126831055
2112 9.3263151939027011e-05 -0.7716791033744812 -0.63601213693618774
2113 8.4369421529117972e-05 -0.77164077758789062 -0.63605862855911255
2114 0.00011472466576378793 -0.88075697422027588 -0.4735686182975769
2115 6.6159482230432332e-05 -0.96875846385955811 -0.24800631403923035
2116 0.00034008163493126631 -0.37879469990730286 -0.92548066377639771
2117 0.00013664863945450634 -0.77094334363937378 -0.63690376281738281
2118 -4.154324415139854e-05 -0.23885884881019592 -0.97105437517166138
2119 8.5469160694628954e-05 -0.70731717348098755 -0.70689636468887329
2120 0.00035418616607785225 -0.3827785849571228 -0.92384004592895508
2121 0.00024375645443797112 -0.47939106822013855 -0.87760138511657715
2122 0.00021312589524313807 -0.47659534215927124 -0.87912279367446899
2123 9.609380504116416e-05 -0.5556875467300415 -0.83139127492904663
2124 2.4591063265688717e-05 -0.47273749113082886 -0.88120335340499878
2125 1.2391991731419694e-05 -0.83109134435653687 -0.55613601207733154
2126 7.9459365224465728e-05 -0.70727807283401489 -0.70693540573120117
2127 -5.6039725677692331e-06 -0.92043930292129517 -0.39088565111160278
2128 0.00011524913134053349 -0.77091258764266968 -0.63694101572036743
2129 9.4933180662337691e-05 -0.55578470230102539 -0.83132624626159668
2130 0.00024640461197122931 -0.55496174097061157 -0.83187586069107056
2131 -8.7237967818509787e-05 -0.47497037053108215 -0.88000184297561646
2132 0.00014442183601204306 -0.91975289583206177 -0.39249798655509949
2133 0.00044354208512231708 -0.29027378559112549 -0.9569435715675354
2134 0.00027422970742918551 -0.95694279670715332 -0.29027643799781799
2135 0.00024444606970064342 -0.55564481019973755 -0.83141976594924927
2136 1.0698559890442993e-05 -0.83127027750015259 -0.55586850643157959
2137 -1.7488335288362578e-05 -0.47139635682106018 -0.88192147016525269
2138 0.0001369615929434076 -0.6342194676399231 -0.77315312623977661
2139 0.00014656432904303074 -0.87698131799697876 -0.4805244505405426
2140 -0.0002167596248909831 -0.88192421197891235 -0.47139126062393188
2141 0.00011532467033248395 -0.82764923572540283 -0.56124573945999146
2142 0.00017971979104913771 -0.63438934087753296 -0.7730136513710022
2143 0.00036051182541996241 -0.47138780355453491 -0.88192600011825562
2144 -8.8213564595207572e-05 -0.77300888299942017 -0.63439524173736572
2145 0.00013038869656156749 -0.70611506700515747 -0.70809715986251831
2146 0.00013056874740868807 -0.91957038640975952 -0.39292532205581665
2147 0.00013213239435572177 -0.6341933012008667 -0.77317452430725098
2148 4.4189513573655859e-05 -0.47355499863624573 -0.88076430559158325
2149 -4.9484682676848024e-05 -0.55786424875259399 -0.82993221282958984
2150 3.0255543606472202e-05 -0.77300989627838135 -0.63439393043518066
2151 9.2987000243738294e-05 -0.63298547267913818 -0.77416366338729858
2152 0.00011428056313889101 -0.82753127813339233 -0.56141960620880127
2153 0.00012791433255188167 -0.70614898204803467 -0.70806336402893066
2154 6.7457855038810521e-05 -0.70422267913818359 -0.70997917652130127
2155 1.6713225704734214e-05 -0.87698423862457275 -0.48051911592483521
2156 7.9492376244161278e-05 -0.63314181566238403 -0.77403587102890015
2157 5.5079814046621323e-05 -0.76893919706344604 -0.63932192325592041
2158 -9.4120332505553961e-06 -0.55676239728927612 -0.83067184686660767
2159 6.916188431205228e-05 -0.70448035001754761 -0.70972353219985962
2160 0.00014823589299339801 -0.87746113538742065 -0.47964784502983093
2161 0.00011842303501907736 -0.88054752349853516 -0.47395789623260498
2162 1.4273916349338833e-05 -0.63519185781478882 -0.77235448360443115
2163 -3.1977087928680703e-05 -0.63458710908889771 -0.77285134792327881
2164 -0.00019161886302754283 -0.076699510216712952 -0.99705427885055542
2165 2.0731597032863647e-05 -0.8774484395980835 -0.47967106103897095
2166 -0.00011668527440633625 -0.096616022288799286 -0.99532175064086914
2167 -1.506513035565149e-05 -0.077109940350055695 -0.99702262878417969
2168 -0.00012637271720450372 -0.99542236328125 -0.095573768019676208
2169 -0.00017917528748512268 -0.072822563350200653 -0.99734491109848022
2170 -0.00025069445837289095 -0.99607723951339722 -0.08848794549703598
2171 -0.00014650246885139495 -0.072606280446052551 -0.9973607063293457
2172 -0.00026369979605078697 -0.99753475189208984 -0.070173986256122589
2173 -0.00014473374176304787 -0.088856682181358337 -0.99604439735412598
2174 -0.00018606755475047976 -0.07498641312122345 -0.99718457460403442
2175 -3.9408307202393189e-05 -0.087805464863777161 -0.99613767862319946
2176 -0.00029464665567502379 -0.92533409595489502 -0.37915265560150146
2177 -0.00015195916057564318 -0.072714276611804962 -0.99735283851623535
2178 -0.00022230093600228429 -0.97420740127563477 -0.22565454244613647
2179 -0.00052480370504781604 -0.29027163982391357 -0.95694416761398315
2180 -0.00051461096154525876 -0.9569440484046936 -0.29027190804481506
2181 -0.00019628310110419989 -0.21088716387748718 -0.97751039266586304
2182 7.077597729221452e-06 -0.070769116282463074 -0.99749273061752319
2183 -8.3131788414902985e-05 -0.9968675971031189 -0.079088911414146423
2184 -0.00027365240384824574 -0.94426250457763672 -0.32919344305992126
2185 0.0002057364908978343 -0.92811012268066406 -0.37230587005615234
2186 -6.0214148106751963e-05 -0.57222354412078857 -0.82009768486022949
2187 0.00013043043145444244 -0.83581620454788208 -0.54900944232940674
2188 -0.00015771604375913739 -0.70500719547271729 -0.70920014381408691
2189 9.5078583399299532e-05 -0.39626649022102356 -0.91813558340072632
2190 -0.00020962739654351026 -0.32662945985794067 -0.94515246152877808
2191 -0.00023055520432535559 -0.3913421630859375 -0.92024523019790649
2192 -0.00029822334181517363 -0.9233849048614502 -0.38387539982795715
2193 0.00010284117888659239 -0.81690317392349243 -0.57677483558654785
2194 -0.0003469386138021946 -0.97852152585983276 -0.20614452660083771
2195 -9.8627839179243892e-05 -0.70937740802764893 -0.70482879877090454
2196 0.00013637580559588969 -0.32984194159507751 -0.94403618574142456
2197 9.4126335170585662e-05 -0.40180754661560059 -0.91572415828704834
2198 8.6018362708273344e-06 -0.074024178087711334 -0.99725645780563354
2199 -6.8290428316686302e-05 -0.9961695671081543 -0.08744300901889801
2200 -0.00020845419203396887 -0.99637693166732788 -0.085047036409378052
2201 -0.00025624234694987535 -0.9968225359916687 -0.079654090106487274
2202 0.00030749055440537632 -0.098008178174495697 -0.99518555402755737
2203 5.7008597650565207e-05 -0.99518489837646484 -0.098015569150447845
2204 -0.00028178587672300637 -0.99677485227584839 -0.080248229205608368
2205 -0.00029356963932514191 -0.99753957986831665 -0.070104897022247314
2206 1.0047321666206699e-05 -0.06880621612071991 -0.99763005971908569
2207 -8.8272478024009615e-05 -0.99748349189758301 -0.070899352431297302
2208 -7.4707939347717911e-05 -0.47409826517105103 -0.88047194480895996
2209 7.8472046880051494e-05 -0.20735770463943481 -0.97826516628265381
2210 -0.00040497072041034698 -0.0980047807097435 -0.99518585205078125
2211 -0.00049299845704808831 -0.99518609046936035 -0.098002031445503235
2212 -0.00013919666525907815 -0.067585006356239319 -0.99771350622177124
2213 -0.00027213201974518597 -0.99772489070892334 -0.067416228353977203
2214 0.00022676224762108177 -0.88192451000213623 -0.47139069437980652
2215 -2.0979674445698038e-05 -0.63439273834228516 -0.7730109691619873
2216 5.1320261263754219e-05 -0.76896762847900391 -0.63928771018981934
2217 -0.00014407403068616986 -0.44625860452651978 -0.89490407705307007
2218 -0.00023694935953244567 -0.39179128408432007 -0.92005407810211182
2219 -0.00023936266370583326 -0.99771422147750854 -0.067574739456176758
2220 0.00014056953659746796 -0.90809720754623413 -0.4187595546245575
2221 0.00011103259021183476 -0.39468765258789062 -0.91881537437438965
2222 -0.00029403483495116234 -0.99754440784454346 -0.070036567747592926
2223 5.5295018682954833e-05 -0.97047752141952515 -0.24119167029857635
2224 8.1130609032697976e-05 -0.39902192354202271 -0.91694146394729614
2225 -0.00028946276870556176 -0.20599561929702759 -0.97855287790298462
2226 -0.00042906077578663826 -0.97874855995178223 -0.20506373047828674
2227 -0.0001479178317822516 -0.4444432258605957 -0.89580708742141724
2228 0.0001071771330316551 -0.32802551984786987 -0.94466888904571533
2229 0.00013137287169229239 -0.20711927115917206 -0.97831571102142334
2230 0.00016350214718841016 -0.97760796546936035 -0.21043461561203003
2231 -0.00024076108820736408 -0.21362538635730743 -0.97691565752029419
2232 -0.00038898547063581645 -0.97727704048156738 -0.2119656503200531
2233 -0.00030852356576360762 -0.98008406162261963 -0.19858284294605255
2234 -9.3213602667674422e-05 -0.31616982817649841 -0.94870263338088989
2235 -0.00010301471047569066 -0.5699998140335083 -0.82164484262466431
2236 8.9881541498471051e-06 -0.069467693567276001 -0.99758422374725342
2237 -4.9728594603948295e-05 -0.99727261066436768 -0.073806151747703552
2238 -0.00012251859880052507 -0.32056412100791931 -0.947226881980896
2239 -0.00014054388157092035 -0.069444552063941956 -0.99758583307266235
2240 -0.00027660184423439205 -0.99765646457672119 -0.068422034382820129
2241 -0.00013518241757992655 -0.32358479499816895 -0.94619917869567871
2242 -0.00024577422300353646 -0.94538730382919312 -0.32594913244247437
2243 -0.00016162276733666658 -0.20140233635902405 -0.97950863838195801
2244 -0.00016576910275034606 -0.20421843230724335 -0.97892534732818604
2245 9.2488437076099217e-05 -0.21333114802837372 -0.97697997093200684
2246 0.00014267467486206442 -0.97715997695922852 -0.21250526607036591
2247 8.563851224607788e-06 -0.20335371792316437 -0.97910535335540771
2248 -0.00016146435518749058 -0.2019098699092865 -0.97940415143966675
2249 -0.00025701589765958488 -0.97594279050827026 -0.21802651882171631
2250 -1.2764967323164456e-05 -0.22877462208271027 -0.97347944974899292
2251 -0.00014381321670953184 -0.23237176239490509 -0.97262710332870483
2252 0 0.0002418291405774653 -1
2253 0 0.00029794670990668237 -1
2254 0 0.00030760778463445604 -0.99999994039535522
2255 0 0.00022136876941658556 -1
2256 0 0.00020951913029421121 -1
2257 0 0.00022200660896487534 -1
2258 0 0.00019095177412964404 -1
2259 0 0.00022958159388508648 -1
2260 0 0.00025301755522377789 -1
2261 0 0.00019356161647010595 -1
2262 0 0.0002462969277985394 -1
2263 0 0.00022267077292781323 -1
2264 0 0.00020278386364225298 -1
2265 0 0.0002495007065590471 -1
2266 0 0.0002046622394118458 -1
2267 0 0.00025710495538078249 -1
2268 0 0.00024793832562863827 -1
2269 0 0.00019651964248623699 -1
2270 0 0.00021197975729592144 -1
2271 0 0.00029319516033865511 -1
2272 0 0.00022349877690430731 -1
2273 0 0.00025762867880985141 -1
2274 0 0.00021579797612503171 -1
2275 0 0.00021098789875395596 -1
2276 0 0.0002758478804025799 -1
2277 0 0.00032340438337996602 -0.99999994039535522
2278 0 0.00027954613324254751 -1
2279 0 0.00032736596767790616 -0.99999994039535522
2280 0 0.000217287233681418 -1
2281 0 0.00023358999169431627 -1
2282 0 0.00024146048235706985 -1
2283 0 0.00021362992993090302 -1
2284 0 0.00021403662685770541 -1
2285 0 0.00022451112454291433 -1
2286 0 0.00021723457030020654 -1
2287 0 0.00027229299303144217 -1
2288 0 0.0002226619835710153 -1
2289 0 0.00027054626843892038 -1
2290 0 0.0003108232922386378 -0.99999994039535522
2291 0 0.00021717896743211895 -1
2292 0 0.00022141265799291432 -1
2293 0 0.00021246545657049865 -1
2294 0 0.00022906664526090026 -1
2295 0 0.00020567751198541373 -1
2296 0 0.00022135706967674196 -1
2297 0 0.00029886543052271008 -1
2298 0 0.00021941431623417884 -1
2299 0 0.00024760185624472797 -1
2300 0 0.00021694782481063157 -1
2301 0 0.00021724334510508925 -1
2302 0 0.0003339344693813473 -0.99999994039535522
2303 0 0.00031957737519405782 -0.99999994039535522
2304 0 0.00021849559561815113 -1
2305 0 0.00022865409846417606 -1
2306 0 0.000217287233681418 -1
2307 0 0.00025055109290406108 -1
2308 0 0.00033089451608248055 -0.99999994039535522
2309 0 0.00027204721118323505 -1
2310 0 0.00022685178555548191 -1
2311 0 0.00021481196745298803 -1
2312 0 0.00019722769502550364 -1
2313 0 0.00020178321574348956 -1
2314 0 0.00020133849466219544 -1
2315 0 0.00027178387972526252 -1
2316 0 0.00023436825722455978 -1
2317 0 0.00021360945538617671 -1
2318 0 0.00026963630807586014 -1
2319 0 0.00031334537197835743 -0.99999994039535522
2320 0 0.00022923634969629347 -1
2321 0 0.00022585992701351643 -1
2322 0 0.00021591209224425256 -1
2323 0 0.00017880370432976633 -1
2324 0 0.00020526204025372863 -1
2325 0 0.00019308470655232668 -1
2326 0 0.0002297659229952842 -1
2327 0 0.00028285817825235426 -1
2328 0 0.00027330240118317306 -1
2329 0 0.00020232742826920003 -1
2330 0 0.0002171380037907511 -1
2331 0 0.00021849267068319023 -1
2332 0 0.00023348172544501722 -1
2333 0 0.00032431725412607193 -0.99999994039535522
2334 0 0.00026116310618817806 -1
2335 0 0.00021483538148459047 -1
2336 0 0.0002087525645038113 -1
2337 0 0.00020802403741981834 -1
2338 0 0.00019992531451862305 -1
2339 0 0.00030880738631822169 -0.99999994039535522
2340 0 0.00021431165805552155 -1
2341 0 0.00026453364989720285 -1
2342 0 0.00031138505437411368 -0.99999994039535522
2343 0 0.00021425313025247306 -1
2344 0 0.00020966834563296288 -1
2345 0 0.00021008089242968708 -1
2346 0 0.0002168776118196547 -1
2347 0 0.00024101283634081483 -1
2348 0 0.00019911193521693349 -1
2349 0 0.00023459647491108626 -1
2350 0 0.00024954168475233018 -1
2351 0 0.00023821573995519429 -1
2352 0 0.0003021423181053251 -0.99999994039535522
2353 0 0.00021519232541322708 -1
2354 0 0.00019965028332080692 -1
2355 0 0.00022332908702082932 -1
2356 0 0.00021463642769958824 -1
2357 0 0.0002220563474111259 -1
2358 0 0.00021971567184664309 -1
2359 0 0.00027682509971782565 -1
2360 0 0.00021300672960933298 -1
2361 0 0.00021276096231304109 -1
2362 0 0.00019234447972849011 -1
2363 0 0.00020944599236827344 -1
2364 0 0.00021052562806289643 -1
2365 0 0.00020673958351835608 -1
2366 0 0.00019742957374546677 -1
2367 0 0.00033763566170819104 -0.99999994039535522
2368 0 0.00020900710660498589 -1
2369 0 0.00021995851420797408 -1
2370 0 0.00020127413154114038 -1
2371 0 0.00024626473896205425 -1
2372 0 0.0002568679628893733 -1
2373 0 0.00033172545954585075 -0.99999994039535522
2374 0 0.00026083248667418957 -1
2375 0 0.00020826687978114933 -1
2376 0 0.00023731750843580812 -1
2377 0 0.00020201143343001604 -1
2378 0 0.0002357082994421944 -1
2379 0 0.00018813420319929719 -1
2380 0 0.00019553655874915421 -1
2381 0 0.00021258248307276517 -1
2382 0 0.00024578490410931408 -1
2383 0 0.00021372355695348233 -1
2384 0 0.00019508598779793829 -1
2385 0 0.00023956454242579639 -1
2386 0 0.00024382163246627897 -1
2387 0 0.00025217494112439454 -1
2388 0 0.0002268400858156383 -1
2389 0 0.00022192175674717873 -1
2390 0 0.00019776019325945526 -1
2391 0 0.00022531865397468209 -1
2392 0 0.00032492875470779836 -0.99999994039535522
2393 0 0.0003385660529602319 -0.99999994039535522
2394 0 0.00019797963614109904 -1
2395 0 0.00023299311578739434 -1
2396 0 0.00020308814418967813 -1
2397 0 0.00030357600189745426 -0.99999994039535522
2398 0 0.00019096639880444854 -1
2399 0 0.00022520746279042214 -1
2400 0 0.00018641087808646262 -1
2401 0 0.00021610227122437209 -1
2402 0 0.00031372279045172036 -0.99999994039535522
2403 0 0.00021423265570774674 -1
2404 0 0.00025622136308811605 -1
2405 0 0.00034803114249370992 -0.99999994039535522
2406 0 0.00030836265068501234 -0.99999994039535522
2407 0 0.00020507478620857 -1
2408 0 0.00023201003205031157 -1
2409 0 0.00021484708122443408 -1
2410 0 0.00020426725677680224 -1
2411 0 0.00019925822562072426 -1
2412 0 0.00021455742535181344 -1
2413 0 0.00019825759227387607 -1
2414 0 0.00030512668308801949 -0.99999994039535522
2415 0 0.00020987901370972395 -1
2416 0 0.00021960449521429837 -1
2417 0 0.00018299350631423295 -1
2418 0 0.00021008966723456979 -1
2419 0 0.0002102476719301194 -1
2420 0 0.00021595890575554222 -1
2421 0 0.00023410201538354158 -1
2422 0 0.00022143313253764063 -1
2423 0 0.00025551329599693418 -1
2424 0 0.00019182075629942119 -1
2425 0 0.00022837029246147722 -1
2426 0 0.00034673791378736496 -0.99999994039535522
2427 0 0.00021247130644042045 -1
2428 0 0.00022283753787633032 -1
2429 0 0.00020564824808388948 -1
2430 0 0.00019894223078154027 -1
2431 0 0.0003190536517649889 -0.99999994039535522
2432 0 0.00022402542526833713 -1
2433 0 0.00022377088316716254 -1
2434 0 0.00028832655516453087 -1
2435 0 0.0002234197745565325 -1
2436 0 0.00021908369672019035 -1
2437 0 0.00024752577883191407 -1
2438 0 0.00019708725449163467 -1
2439 0 0.00021432043286040425 -1
2440 0 0.00020243860490154475 -1
2441 0 0.00025616868515498936 -1
2442 0 0.00021526840282604098 -1
2443 0 0.0002128487394656986 -1
2444 0 0.0002304476365679875 -1
2445 0 0.00026158735272474587 -1
2446 0 0.00026837820769287646 -1
2447 0 0.00024907061015255749 -1
2448 0 0.00023574924853164703 -1
2449 0 0.00027076568221673369 -1
2450 0 0.00025237680529244244 -1
2451 0 0.00024178232706617564 -1
2452 0 0.00021261759684421122 -1
2453 0 0.00022582773817703128 -1
2454 0 0.0002359716163482517 -1
2455 0 0.00020888130529783666 -1
2456 0 0.00028117289184592664 -1
2457 0 0.00026810902636498213 -1
2458 0 0.00024753747857175767 -1
2459 0 0.00024244941596407443 -1
2460 0 0.00024287366250064224 -1
2461 0 0.0002468294114805758 -1
2462 0 0.00023063196567818522 -1
2463 0 0.00025579126668162644 -1
2464 0 0.00023835910542402416 -1
2465 0 0.00020801817299798131 -1
2466 0 0.00025446584913879633 -1
2467 0 0.00023817477631382644 -1
2468 0 0.00022351340157911181 -1
2469 0 0.00024187595408875495 -1
2470 0 0.00023297849111258984 -1
2471 0 0.00023691666137892753 -1
2472 0 0.0002110142377205193 -1
2473 0 0.00025138788623735309 -1
2474 0 0.00021262344671413302 -1
2475 0 0.00022190126765053719 -1
2476 0 0.00020086743461433798 -1
2477 0 0.00023778270406182855 -1
2478 0 0.0002429994783597067 -1
2479 0 0.00023650997900404036 -1
2480 0 0.00023237576533574611 -1
2481 0 0.00021155258582439274 -1
2482 0 0.00029696655110456049 -1
2483 0 0.00025111285503953695 -1
2484 0 0.00022640706447418779 -1
2485 0 0.00025551623548381031 -1
2486 0 0.00025216321228072047 -1
2487 0 0.00021428824402391911 -1
2488 0 0.00025900383479893208 -1
2489 0 0.00025223928969353437 -1
2490 0 0.00024005609157029539 -1
2491 0 0.00021391081099864095 -1
2492 0 0.00023903789406176656 -1
2493 0 0.00019543708185665309 -1
2494 0 0.00026194137171842158 -1
2495 0 0.00020491094619501382 -1
2496 0 0.0002193118998548016 -1
2497 0 0.00024447121541015804 -1
2498 0 0.00021610227122437209 -1
2499 0 0.00025701717822812498 -1
2500 0 0.00023267712094821036 -1
2501 0 0.00023222654999699444 -1
2502 0 0.0002481314295437187 -1
2503 0 0.00024931345251388848 -1
2504 0 0.00025300294510088861 -1
2505 0 0.00023632857482880354 -1
2506 0 0.00021657333127222955 -1
2507 0 0.00021623392240144312 -1
2508 0 0.00025417620781809092 -1
2509 0 0.00027042630244977772 -1
2510 0 0.00021917147387284786 -1
2511 0 0.00024342079996131361 -1
2512 0 0.00019962980877608061 -1
2513 0 0.0002447871956974268 -1
2514 0 0.00021376744552981108 -1
2515 0 0.00026376417372375727 -1
2516 0 0.0002039863757090643 -1
2517 0 0.00022673183411825448 -1
2518 0 0.00025037847808562219 -1
2519 0 0.0002451353648211807 -1
2520 0 0.00018554776033852249 -1
2521 0 0.00023589555348735303 -1
2522 0 0.00025877560256049037 -1
2523 0 0.00023102402337826788 -1
2524 0 0.00026339842588640749 -1
2525 0 0.00023837957996875048 -1
2526 0 0.00024172966368496418 -1
2527 0 0.00022819475270807743 -1
2528 0 0.00023261568276211619 -1
2529 0 0.00022687812452204525 -1
2530 0 0.0002315331221325323 -1
2531 0 0.0002539362758398056 -1
2532 0 0.00023414003953803331 -1
2533 0 0.0002330457791686058 -1
2534 0 0.00023084555868990719 -1
2535 0 0.00026169267948716879 -1
2536 0 0.00022228747548069805 -1
2537 0 0.00024064417812041938 -1
2538 0 0.00023115276417229325 -1
2539 0 0.00023220313596539199 -1
2540 0 0.00019883105414919555 -1
2541 0 0.00021417999232653528 -1
2542 0 0.00025485205696895719 -1
2543 0 0.0002769333659671247 -1
2544 0 0.00026239780709147453 -1
2545 0 0.00027327897259965539 -1
2546 0 0.00029741713660769165 -1
2547 0 0.00021417706739157438 -1
2548 0 0.00024508271599188447 -1
2549 0 0.00025197595823556185 -1
2550 0 0.00025359689607284963 -1
2551 0 0.00024598679738119245 -1
2552 0 0.00028453467530198395 -1
2553 0 0.00028073109569959342 -1
2554 0 0.00023608865740243345 -1
2555 0 0.00027870055055245757 -1
2556 0 0.00025467065279372036 -1
2557 0 0.00025273961364291608 -1
2558 0 0.00028154155006632209 -1
2559 0 0.00023681718448642641 -1
2560 0 0.00029524907586164773 -1
2561 0 0.00029051801539026201 -1
2562 0 0.00025634423946030438 -1
2563 0 0.00021822056442033499 -1
2564 0 0.00021877647668588907 -1
2565 0 0.00019884567882400006 -1
2566 0 0.00024178232706617564 -1
2567 0 0.00021623099746648222 -1
2568 0 0.00025376072153449059 -1
2569 0 0.00021710290457122028 -1
2570 0 0.00020202314772177488 -1
2571 0 0.00020617489644791931 -1
2572 0 0.00021508407371584326 -1
2573 0 0.00023568781034555286 -1
2574 0 0.00023233480169437826 -1
2575 0 0.00027916283579543233 -1
2576 -0.00011875091877300292 0 -1
2577 -0.00012344395508989692 0 -1
2578 -0.00013207810116000473 0 -1
2579 -0.00011928341700695455 0 -1
2580 -0.00013647563173435628 0 -1
2581 -0.00012444166350178421 0 -1
2582 -0.00012478692224249244 0 -1
2583 -0.00012342933041509241 0 -1
2584 -0.00011692811676766723 0 -1
2585 -0.00011018406803486869 0 -1
2586 -0.0001262703153770417 0 -1
2587 -0.00012171478738309816 0 -1
2588 -0.00013460309128277004 0 -1
2589 -0.00012369264732114971 0 -1
2590 -0.00012101844185963273 0 -1
2591 -0.00011518432438606396 0 -1
2592 -0.00012253987370058894 0 -1
2593 -0.00012447385233826935 0 -1
2594 -0.00011476885265437886 0 -1
2595 -0.00012365462316665798 0 -1
2596 -0.00012748454173561186 0 -1
2597 -0.00015358591917902231 0 -1
2598 -9.6842253697104752e-05 0 -1
2599 -9.9452096037566662e-05 0 -1
2600 -0.00012143390631536022 0 -1
2601 -0.00013742652663495392 0 -1
2602 -0.00011771809658966959 0 -1
2603 -0.00010945553367491812 0 -1
2604 -0.00012784733553417027 0 -1
2605 -0.00012306944699957967 -0 -1
2606 -0.00012031623919028789 0 -1
2607 -0.00012951799726579338 0 -1
2608 -0.00013264278823044151 0 -1
2609 -9.5481736934743822e-05 -0 -1
2610 -0.00012342640548013151 0 -1
2611 -0.00011020162492059171 0 -1
2612 -0.00011832667223643512 0 -1
2613 -0.00011527501919772476 0 -1
2614 -0.00012323330156505108 0 -1
2615 -0.00011707441444741562 0 -1
2616 -0.00012256034824531525 0 -1
2617 -9.9452096037566662e-05 0 -1
2618 -8.6088395619299263e-05 0.82263338565826416 -0.5685722827911377
2619 -0.00010913664300460368 0.82271867990493774 -0.56844878196716309
2620 -8.6328698671422899e-05 0.83224385976791382 -0.55440974235534668
2621 -8.7016313045751303e-05 0.83258014917373657 -0.55390459299087524
2622 -5.4138909035827965e-05 0.86081445217132568 -0.50891894102096558
2623 -7.8487377322744578e-05 0.86081480979919434 -0.50891834497451782
2624 -4.4741838792106137e-05 0.86263251304626465 -0.50583124160766602
2625 -7.8985787695273757e-05 0.86263257265090942 -0.50583100318908691
2626 -9.9040160421282053e-05 0.78462833166122437 -0.61996650695800781
2627 -0.00018350088794250041 0.78515684604644775 -0.61929690837860107
2628 -0.0001886446843855083 0.78518736362457275 -0.6192583441734314
2629 -6.8389723310247064e-05 0.78462380170822144 -0.61997216939926147
2630 -0.00012074621190549806 0.71119475364685059 -0.70299506187438965
2631 -0.00010332075180485845 0.79915624856948853 -0.6011233925819397
2632 -0.00014193162496667355 0.7972489595413208 -0.60365068912506104
2633 -0.00012381252599880099 0.74056237936019897 -0.67198759317398071
2634 -0.00013862612831871957 0.68402427434921265 -0.72945922613143921
2635 -9.4518472906202078e-05 0.77884334325790405 -0.62721860408782959
2636 -0.00013339772704057395 0.77884203195571899 -0.62722021341323853
2637 -0.00015089544467628002 0.7239079475402832 -0.68989658355712891
2638 -0.00013725951430387795 0.68329381942749023 -0.73014360666275024
2639 -9.8748721939045936e-05 0.7290273904800415 -0.68448460102081299
2640 -0.000151204047142528 0.72902578115463257 -0.6844862699508667
2641 -0.00014524362632073462 0.76889669895172119 -0.6393730640411377
2642 -0.00012040130241075531 0.76227110624313354 -0.64725786447525024
2643 -5.2429195420700125e-06 0.80838364362716675 -0.58865606784820557
2644 -0.00021446504979394376 0.80838251113891602 -0.58865755796432495
2645 -0.00011360675853211433 0.76242923736572266 -0.64707159996032715
2646 -0.00014506588922813535 0.68255841732025146 -0.73083102703094482
2647 -0.00013811122335027903 0.74943530559539795 -0.66207760572433472
2648 -0.00012423304724507034 0.74189192056655884 -0.67051953077316284
2649 -0.00012976668949704617 0.6786351203918457 -0.73447555303573608
2650 -7.9228731920011342e-05 0.84749341011047363 -0.53080600500106812
2651 -8.4995343058835715e-05 0.84749412536621094 -0.53080481290817261
2652 -9.4699353212490678e-05 0.77019757032394409 -0.63780546188354492
2653 -0.00016823981422930956 0.77019596099853516 -0.63780730962753296
2654 -0.00012319210509303957 0.82379996776580811 -0.56688058376312256
2655 -7.3132898251060396e-05 0.82372754812240601 -0.5669858455657959
2656 -2.6234964025206864e-05 0.87742102146148682 -0.47972115874290466
2657 -9.8552998679224402e-05 0.87742048501968384 -0.47972211241722107
2658 -4.2510269850026816e-05 0.90362340211868286 -0.42832791805267334
2659 -9.891566151054576e-05 0.90362221002578735 -0.42833039164543152
2660 -6.0218219005037099e-05 0.86054480075836182 -0.50937479734420776
2661 -7.5378833571448922e-05 0.86054396629333496 -0.5093761682510376
2662 -0.00012415790115483105 0.68411386013031006 -0.72937530279159546
2663 -0.00012113839329686016 0.74971187114715576 -0.66176444292068481
2664 -0.00015757145592942834 0.74910742044448853 -0.66244858503341675
2665 -7.7298995165619999e-05 0.88963925838470459 -0.45666414499282837
2666 -5.2827806939603761e-05 0.88963878154754639 -0.45666489005088806
2667 -0.00011652435205178335 0.74568313360214233 -0.66630071401596069
2668 -0.00013868218229617923 0.79749953746795654 -0.60331958532333374
2669 -9.6374395070597529e-05 0.79941749572753906 -0.60077595710754395
2670 -6.6199791035614908e-05 0.83198320865631104 -0.55480092763900757
2671 -0.00010770319931907579 0.83154362440109253 -0.55545949935913086
2672 -9.2836780822835863e-05 0.67875921726226807 -0.73436087369918823
2673 -0.00017205964832101017 0.67862671613693237 -0.73448336124420166
2674 -4.101630111108534e-05 0.86270880699157715 -0.50570100545883179
2675 -8.1014433817472309e-05 0.86270922422409058 -0.50570029020309448
2676 -0.00010961949737975374 0.7425885796546936 -0.66974788904190063
2677 -0.00012190145935164765 0.7444913387298584 -0.66763216257095337
2678 -0.00012595334555953741 0.71381133794784546 -0.70033806562423706
2679 -0.00014072764315642416 0.68503320217132568 -0.72851192951202393
2680 -8.6698222730774432e-05 0.6850317120552063 -0.72851324081420898
2681 -3.4150361898355186e-05 0.90758585929870605 -0.41986647248268127
2682 -9.6260009740944952e-05 0.90758585929870605 -0.41986653208732605
2683 -0.00012182597129140049 0.67848491668701172 -0.73461443185806274
2684 -4.1854840674204752e-05 0.87522590160369873 -0.48371449112892151
2685 -8.6360349087044597e-05 0.87522649765014648 -0.48371332883834839
2686 -1.370679910905892e-05 0.90427261590957642 -0.42695567011833191
2687 -0.00010695691162254661 0.90427207946777344 -0.42695680260658264
2688 -0.00013614491035696119 0.68349605798721313 -0.72995418310165405
2689 -0.00013060201308690012 0.68022835254669189 -0.73300027847290039
2690 -0.00013849973038304597 0.81459516286849976 -0.58003002405166626
2691 -6.5641099354252219e-05 0.81459629535675049 -0.58002841472625732
2692 -7.6588061347138137e-05 0.84343814849853516 -0.53722637891769409
2693 -7.3521965532563627e-05 0.84343898296356201 -0.53722500801086426
2694 -8.6385764006990939e-05 0.8887486457824707 -0.45839482545852661
2695 -5.5928685469552875e-05 0.8887479305267334 -0.458396315574646
2696 -9.2286652943585068e-05 0.88753360509872437 -0.46074306964874268
2697 -4.1643394069978967e-05 0.88753360509872437 -0.46074298024177551
2698 -1.7385318642482162e-05 0.90820068120956421 -0.41853493452072144
2699 -0.00013142563693691045 0.90820086002349854 -0.4185345470905304
2700 -0.00014790678687859327 0.71589487791061401 -0.69820815324783325
2701 -0.00012471375521272421 0.71067088842391968 -0.70352458953857422
2702 -0.00010824867058545351 0.89269030094146729 -0.45067077875137329
2703 -3.1377487175632268e-05 0.89269101619720459 -0.45066931843757629
2704 -0.00015868312038946897 0.7234986424446106 -0.69032579660415649
2705 -0.00013578796642832458 0.74613004922866821 -0.66580027341842651
2706 -0.00011736642045434564 0.7122071385383606 -0.7019694447517395
2707 -0.00012941852037329227 0.74659746885299683 -0.66527605056762695
2708 -0.00012102320033591241 0.74481594562530518 -0.66727006435394287
2709 -9.4861301477067173e-05 0.88766920566558838 -0.46048170328140259
2710 -4.5218723244033754e-05 0.88766920566558838 -0.46048182249069214
2711 -0.00013009438407607377 0.67858809232711792 -0.73451912403106689
2712 -0.0001303726457990706 0.71294897794723511 -0.70121592283248901
2713 -0.00012225715909153223 0.71165084838867188 -0.7025333046913147
2714 -0.0001217645185533911 0.71224957704544067 -0.70192629098892212
2715 -0.0001415723527316004 0.71806919574737549 -0.69597166776657104
2716 -2.488397694833111e-05 0.90864628553390503 -0.41756677627563477
2717 -9.1876143414992839e-05 0.90864646434783936 -0.41756632924079895
2718 -0.00016343430615961552 0.74842959642410278 -0.66321432590484619
2719 -0.00016895543376449496 0.76751148700714111 -0.64103519916534424
2720 9.4504508751924732e-07 0.91017931699752808 -0.41421446204185486
2721 -0.00014466504217125475 0.91017931699752808 -0.41421446204185486
2722 -0.00013136416964698583 0.71916490793228149 -0.6948394775390625
2723 -5.1854538469342515e-05 0.90797775983810425 -0.41901841759681702
2724 -7.5229021604172885e-05 0.90797799825668335 -0.4190179705619812
2725 -0.00011409297439968213 0.67864394187927246 -0.73446744680404663
2726 -0.00013169717567507178 0.71559697389602661 -0.6985134482383728
2727 -0.00014068803284317255 0.71869361400604248 -0.69532686471939087
