0 -0.001016010413877666 0 -0.9999995231628418
1 -0.0010064048692584038 0 -0.9999995231628418
2 -0.00099258904810994864 0 -0.9999995231628418
3 -0.0009886216139420867 0 -0.9999995231628418
4 -0.00098481809254735708 0 -0.9999995231628418
5 -0.00099712703377008438 0 -0.9999995231628418
6 -0.00094615027774125338 0 -0.99999958276748657
7 -0.00099916639737784863 0 -0.9999995231628418
8 -0.00098351901397109032 0 -0.9999995231628418
9 -0.000897069345228374 0 -0.99999958276748657
10 -0.0010507135884836316 0 -0.99999946355819702
11 -0.00091952510410919785 0 -0.99999958276748657
12 -0.0010048308176919818 -0 -0.9999995231628418
13 -0.00096147862495854497 0 -0.9999995231628418
14 -0.00088409619638696313 0 -0.99999964237213135
15 -0.0010592336766421795 0 -0.99999946355819702
16 -0.0010221077827736735 0 -0.99999946355819702
17 -0.00095137290190905333 -0 -0.99999958276748657
18 -0.00093380612088367343 0 -0.99999958276748657
19 -0.0009445848991163075 0 -0.99999958276748657
20 -0.00097815296612679958 0 -0.9999995231628418
21 -0.0010073734447360039 0 -0.9999995231628418
22 -0.00098850170616060495 0 -0.9999995231628418
23 -0.0010214844951406121 0 -0.99999946355819702
24 -0.00095720990793779492 0 -0.99999958276748657
25 -0.00091989379143342376 0 -0.99999958276748657
26 -0.00088637840235605836 0 -0.99999964237213135
27 -0.0010618699016049504 0 -0.99999946355819702
28 -0.00097342190565541387 0 -0.9999995231628418
29 -0.0010258059483021498 -0 -0.99999946355819702
30 -0.00098999973852187395 0 -0.9999995231628418
31 -0.000995020498521626 0 -0.9999995231628418
32 -0.0010257943067699671 0 -0.99999946355819702
33 -0.00096128258155658841 0 -0.9999995231628418
34 -0.0010365847265347838 0 -0.99999946355819702
35 -0.0010403415653854609 0 -0.99999946355819702
36 -0.00094262458151206374 0 -0.99999958276748657
37 -0.00094205111963674426 0 -0.99999958276748657
38 -0.00094036874361336231 0 -0.99999958276748657
39 -0.0010190298780798912 0 -0.9999995231628418
40 -0.0010128126014024019 0 -0.9999995231628418
41 -0.00098416558466851711 -0 -0.9999995231628418
42 -0.0010618757223710418 0 -0.99999946355819702
43 -0.00099930388387292624 0 -0.9999995231628418
44 -0.0009968198137357831 -0 -0.9999995231628418
45 -0.0010015626903623343 0 -0.9999995231628418
46 -0.0010134123731404543 0 -0.9999995231628418
47 -0.0010138746583834291 0 -0.9999995231628418
48 -0.00096159859094768763 0 -0.9999995231628418
49 -0.0010048717958852649 0 -0.9999995231628418
50 -0.0010569924488663673 0 -0.99999946355819702
51 -0.00087589502800256014 0 -0.99999964237213135
52 -0.0009951082756742835 0 -0.9999995231628418
53 -0.00099012849386781454 0 -0.9999995231628418
54 -0.0010283163283020258 0 -0.99999946355819702
55 -0.0010227222228422761 0 -0.99999946355819702
56 -0.00097456586081534624 0 -0.9999995231628418
57 -0.00093144789570942521 0 -0.99999958276748657
58 -0.0010198140516877174 0 -0.9999995231628418
59 -0.00091780762886628509 0 -0.99999958276748657
60 -0.0010116100311279297 0 -0.9999995231628418
61 -0.00099574611522257328 0 -0.9999995231628418
62 -0.0009867051849141717 0 -0.9999995231628418
63 -0.00103984703309834 0 -0.99999946355819702
64 -0.00098758586682379246 0 -0.9999995231628418
65 -0.000917640863917768 0 -0.99999958276748657
66 -0.0010333898244425654 0 -0.99999946355819702
67 -0.00088659778703004122 0 -0.99999964237213135
68 -0.001030566287226975 0 -0.99999946355819702
69 -0.00098684569820761681 0 -0.9999995231628418
70 -0.00097906589508056641 0 -0.9999995231628418
71 -0.0010252384236082435 0 -0.99999946355819702
72 -0.00092080369358882308 0 -0.99999958276748657
73 -0.00096702895825728774 0 -0.9999995231628418
74 -0.00093179312534630299 0 -0.99999958276748657
75 -0.0010313856182619929 0 -0.99999946355819702
76 -0.0010160133242607117 0 -0.9999995231628418
77 -0.0010050794808194041 0 -0.9999995231628418
78 -0.00091247970703989267 0 -0.99999958276748657
79 -0.001005591475404799 0 -0.9999995231628418
80 -0.0010241733398288488 0 -0.99999946355819702
81 -0.00098428851924836636 0 -0.9999995231628418
82 -0.00090722780441865325 0 -0.99999958276748657
83 -0.00099101208616048098 0 -0.9999995231628418
84 -0.0009392042993567884 0 -0.99999958276748657
85 -0.0010128447320312262 0 -0.9999995231628418
86 -0.00092931202379986644 0 -0.99999958276748657
87 -0.00099893519654870033 0 -0.9999995231628418
88 -0.0010246239835396409 0 -0.99999946355819702
89 -0.00091136497212573886 0 -0.99999958276748657
90 -0.0010280471760779619 0 -0.99999946355819702
91 -0.00099232874345034361 0 -0.9999995231628418
92 -0.00090642028953880072 0 -0.99999958276748657
93 -0.0009856782853603363 0 -0.9999995231628418
94 -0.0010489200940355659 0 -0.99999946355819702
95 -0.00088026339653879404 0 -0.99999964237213135
96 -0.0010521209333091974 0 -0.99999946355819702
97 -0.00087508460273966193 0 -0.99999964237213135
98 -0.00096875516464933753 0 -0.9999995231628418
99 -0.00099669408518821001 0 -0.9999995231628418
100 -0.0010577648645266891 -0 -0.99999946355819702
101 -0.0010339076397940516 0 -0.99999946355819702
102 -0.00097483216086402535 0 -0.9999995231628418
103 -0.00096921453950926661 0 -0.9999995231628418
104 -0.0010053223231807351 0 -0.9999995231628418
105 -0.0010135264601558447 0 -0.9999995231628418
106 -0.31182420253753662 0.95013958215713501 -0.00071734422817826271
107 -0.31507444381713867 0.94906675815582275 -0.000685523496940732
108 -0.31285554170608521 0.94980049133300781 -0.00069792068097740412
109 -0.86063289642333984 0.50922560691833496 -0.00051792169688269496
110 -0.87005817890167236 0.49294868111610413 -0.00068014842690899968
111 -0.31701728701591492 -0.94841980934143066 -4.5931847125757486e-05
112 -0.23649592697620392 0.97163230180740356 -0.00066387816332280636
113 -0.30682313442230225 0.95176631212234497 -0.00069199322024360299
114 -0.74706321954727173 -0.6647527813911438 -0.00063370174029842019
115 -0.74646121263504028 -0.66542869806289673 -0.00062270747730508447
116 -0.7491990327835083 0.66234457492828369 -0.00068480102345347404
117 -0.74487090110778809 0.66720825433731079 -0.00073101284215226769
118 -0.9746052622795105 -0.22392860054969788 -0.00075987749733030796
119 -0.40160387754440308 0.915813148021698 -0.00077715597581118345
120 -0.98721855878829956 -0.15936988592147827 -0.00089537049643695354
121 -0.60123395919799805 -0.79907292127609253 -0.00051268353126943111
122 -0.31484511494636536 -0.94914311170578003 -2.1542518879869021e-05
123 -0.44794225692749023 0.89406228065490723 -0.00063794426387175918
124 -0.6106223464012146 -0.79192173480987549 -0.00060933869099244475
125 -0.25924903154373169 -0.96581053733825684 -0.00013508819392882288
126 -0.85534602403640747 -0.51805680990219116 -0.00060295592993497849
127 -0.86755454540252686 -0.49734160304069519 -0.00072935485513880849
128 -0.586692214012146 0.80980986356735229 -0.00047981151146814227
129 8.3731174527201802e-05 -0.029327191412448883 0.99956989288330078
130 -0.99978929758071899 0.020500289276242256 -0.0010245771845802665
131 -0.23772259056568146 0.971332848072052 -0.00065499515039846301
132 -0.94484364986419678 0.32752123475074768 -0.00057531805941835046
133 -0.60743391513824463 0.79437011480331421 -0.00051198899745941162
134 -0.26952198147773743 0.96299391984939575 -0.00081909570144489408
135 -0.51547461748123169 0.85690456628799438 -0.00074449717067182064
136 -0.35719656944274902 0.93402904272079468 -0.00059576838975772262
137 -0.40701255202293396 0.91342228651046753 -0.00075918424408882856
138 -0.94741177558898926 0.32001617550849915 -0.00075180485146120191
139 -0.59063166379928589 0.80694091320037842 -0.00077573361340910196
140 -0.66911250352859497 0.74316072463989258 -0.00082652922719717026
141 -0.21727530658245087 0.97611021995544434 -0.00060221710009500384
142 -0.86877495050430298 0.49520635604858398 -0.00083178398199379444
143 -0.58966588973999023 0.8076469898223877 -0.00077955640153959394
144 -0.7431378960609436 0.66913783550262451 -0.00082264054799452424
145 -0.81147778034210205 0.58438271284103394 -0.00083849969087168574
146 -0.41785833239555359 0.90851205587387085 -0.00057071715127676725
147 -0.81070196628570557 0.58545845746994019 -0.00080934853758662939
148 -0.74430686235427856 0.66783732175827026 -0.00084623665316030383
149 -0.95142132043838501 0.30789092183113098 -0.00089157588081434369
150 -0.58958274126052856 -0.80770784616470337 -0.00057758373441174626
151 -0.91526490449905396 0.40285143256187439 -0.00087543518748134375
152 -0.91517180204391479 0.40306302905082703 -0.0008991413633339107
153 -0.5004468560218811 -0.86576724052429199 -0.00039121575537137687
154 -0.50215023756027222 -0.86478030681610107 -0.0004059330967720598
155 -0.9543418288230896 -0.29871556162834167 -0.00082806171849370003
156 -0.00036907009780406952 -0.029799001291394234 0.99955588579177856
157 -0.5080026388168335 0.86135530471801758 -0.0006089645903557539
158 -0.97896170616149902 0.20404219627380371 -0.00090763001935556531
159 -0.5116543173789978 -0.85919135808944702 -0.00035975189530290663
160 -0.95091301202774048 -0.30945760011672974 -0.00067596021108329296
161 -0.99461656808853149 0.10362053662538528 -0.00092960038455203176
162 -0.66767942905426025 -0.74444884061813354 -0.00052799377590417862
163 -0.67267900705337524 0.73993408679962158 -0.00072627392364665866
164 -0.95307707786560059 0.30272656679153442 -0.00086825736798346043
165 -0.97752916812896729 -0.21079905331134796 -0.00075649877544492483
166 -0.91238564252853394 -0.40933129191398621 -0.00061797531088814139
167 -0.86573195457458496 -0.50050759315490723 -0.00055285199778154492
168 -0.4254077672958374 0.90500164031982422 -0.00060957839014008641
169 -0.99456620216369629 0.10410193353891373 -0.00097271660342812538
170 -0.41912004351615906 0.90793067216873169 -0.00057991401990875602
171 -0.59514009952545166 0.80362182855606079 -0.00059961312217637897
172 -0.58720070123672485 -0.80944132804870605 -0.00038567368756048381
173 -0.9944528341293335 -0.10518057644367218 -0.00078378460602834821
174 -0.5012747049331665 -0.8652881383895874 -0.00035182092688046396
175 -0.59077268838882446 -0.80683791637420654 -0.00055653450544923544
176 -0.51402205228805542 -0.857776939868927 -0.00037210603477433324
177 -0.6741214394569397 0.73862028121948242 -0.00065802130848169327
178 -0.8136591911315918 0.58134162425994873 -0.00073006399907171726
179 -0.30902600288391113 -0.95105355978012085 -0.00033214289578609169
180 -0.3090360164642334 0.95105016231536865 -0.0005806080880574882
181 -0.40637132525444031 -0.91370797157287598 -0.00036372465547174215
182 -0.59024709463119507 -0.80722242593765259 -0.00059935316676273942
183 -0.59330552816390991 0.8049771785736084 -0.00061430537607520819
184 -0.81301069259643555 0.58224844932556152 -0.00072538334643468261
185 -0.97907364368438721 0.20350435376167297 -0.00088096444960683584
186 -0.58710753917694092 -0.80950886011123657 -0.00041000294731929898
187 -0.26030087471008301 -0.96552753448486328 -0.00026586739113554358
188 -0.50682646036148071 0.86204797029495239 -0.00059183646226301789
189 -0.40915334224700928 -0.91246563196182251 -0.00036308777634985745
190 -0.80764961242675781 -0.58966249227523804 -0.00051591551164165139
191 -0.74815398454666138 0.6635248064994812 -0.0006900159060023725
192 -0.91542905569076538 0.40247872471809387 -0.00075622240547090769
193 -0.49998226761817932 0.86603546142578125 -0.000684389378875494
194 -0.49999567866325378 -0.86602789163589478 -0.00018049360369332135
195 -0.6680944561958313 -0.74407637119293213 -0.00048882199916988611
196 -0.50956857204437256 0.86042988300323486 -0.00052150571718811989
197 -0.74283230304718018 -0.66947740316390991 -0.0004797971632797271
198 -0.42723417282104492 0.90414083003997803 -0.00061155488947406411
199 -0.73987716436386108 -0.67274177074432373 -0.00057355425087735057
200 -0.66776835918426514 -0.74436891078948975 -0.00064218894112855196
201 -0.51393258571624756 0.85783028602600098 -0.0007374000851996243
202 -0.58924281597137451 -0.80795586109161377 -0.00055778323439881206
203 -0.99403613805770874 -0.10904841870069504 -0.0007956664776429534
204 -0.66805815696716309 -0.74410897493362427 -0.00045784868416376412
205 -0.67444717884063721 0.73832285404205322 -0.00066051475005224347
206 -0.952667236328125 0.3040136992931366 -0.00089258077787235379
207 -0.66827082633972168 -0.74391800165176392 -0.00047371085383929312
208 -0.74008333683013916 -0.67251497507095337 -0.00058317399816587567
209 -0.81254458427429199 0.58289855718612671 -0.00075609370833262801
210 -0.97757726907730103 -0.21057561039924622 -0.00075318897143006325
211 -0.5949711799621582 0.80374681949615479 -0.00057144637685269117
212 -0.90959876775741577 -0.41548717021942139 -0.0006819426198489964
213 -0.86957049369812012 0.49380823969841003 -0.00078129232861101627
214 -0.50000929832458496 -0.86602002382278442 -0.00035464030224829912
215 -0.80902582406997681 -0.5877729058265686 -0.00050197442760691047
216 -0.86329007148742676 -0.5047076940536499 -0.00060405978001654148
217 -0.74276793003082275 -0.66954886913299561 -0.00049151823623105884
218 -0.86657679080963135 0.49904301762580872 -0.00089102599304169416
219 -0.950927734375 -0.30941227078437805 -0.00068327091867104173
220 -0.86567127704620361 -0.50061249732971191 -0.0005666026845574379
221 -0.74801468849182129 0.66368180513381958 -0.00067633885191753507
222 -0.91587704420089722 0.40145808458328247 -0.00082546501653268933
223 -0.91606396436691284 0.40103146433830261 -0.00082994642434641719
224 -0.86939537525177002 0.49411660432815552 -0.0007326971972361207
225 -0.99514204263687134 -0.098445586860179901 -0.00092068372759968042
226 -0.80505448579788208 -0.59320062398910522 -0.0005981441936455667
227 -0.9525793194770813 0.30428925156593323 -0.00087419163901358843
228 -0.59360659122467041 0.80475515127182007 -0.00061009381897747517
229 -0.91355246305465698 -0.40672057867050171 -0.00057974067749455571
230 -0.99366706609725952 0.11236196756362915 -0.00074880261672660708
231 -0.97814130783081055 0.20793925225734711 -0.00093816150911152363
232 -0.97814160585403442 -0.20793819427490234 -0.00084252713713794947
233 -0.00041957880603149533 0.030257640406489372 0.99954205751419067
234 -0.99481630325317383 -0.10168389230966568 -0.00093304330948740244
235 -0.97814995050430298 0.20790013670921326 -0.00042068911716341972
236 -0.66914540529251099 0.74313127994537354 -0.00066273694392293692
237 -0.6691405177116394 -0.74313586950302124 -0.00044183756108395755
238 -0.97815191745758057 -0.20789043605327606 -0.00071675528306514025
239 -0.80900055170059204 -0.587807297706604 -0.00090862857177853584
240 -0.80900061130523682 0.58780717849731445 -0.00091055943630635738
241 -0.91506272554397583 0.40331104397773743 -0.00057631783420220017
242 -0.99516916275024414 0.098172202706336975 -0.00077556353062391281
243 -0.95326244831085205 0.30214250087738037 -0.00086113071301952004
244 -0.97931551933288574 0.20233753323554993 -0.00085357867646962404
245 -0.99454140663146973 -0.10434013605117798 -0.00078114971984177828
246 -0.87024176120758057 0.492624431848526 -0.00068946991814300418
247 -0.97940516471862793 0.20190282166004181 -0.00086815521353855729
248 -0.00040814647218212485 0.030268425121903419 0.9995417594909668
249 -0.74658143520355225 0.66529363393783569 -0.00072836695471778512
250 -0.99528610706329346 0.096979424357414246 -0.00079400563845410943
251 -0.90987128019332886 -0.4148901104927063 -0.00067458383273333311
252 -5.1765284297289327e-05 -0.030765395611524582 0.99952667951583862
253 -0.74126452207565308 -0.67121291160583496 -0.00050498393829911947
254 -0.94914019107818604 -0.31485304236412048 -0.00073710334254428744
255 -0.99499690532684326 0.099902480840682983 -0.00084123882697895169
256 -0.7471466064453125 0.66465878486633301 -0.00075665308395400643
257 -0.99381786584854126 -0.11102051287889481 -0.00074740470154210925
258 -0.74148112535476685 -0.67097359895706177 -0.00051540421554818749
259 -0.66869783401489258 -0.74353408813476562 -0.00062897475436329842
260 -0.97704756259918213 -0.21301989257335663 -0.00076477101538330317
261 -0.91161811351776123 -0.41103771328926086 -0.0006645660032518208
262 -0.94927901029586792 -0.31443431973457336 -0.00074866757495328784
263 -0.50929760932922363 0.86059033870697021 -0.00053591281175613403
264 -0.86306613683700562 -0.50509053468704224 -0.00060883635887876153
265 -0.80660271644592285 -0.59109365940093994 -0.00057596166152507067
266 -0.86849212646484375 0.49570238590240479 -0.000798757653683424
267 -0.8064543604850769 -0.59129613637924194 -0.00055754522327333689
268 -0.80792593955993652 -0.58928382396697998 -0.00051928107859566808
269 -0.86417275667190552 -0.50319486856460571 -0.00058246980188414454
270 -0.86436629295349121 -0.50286233425140381 -0.00057910406030714512
271 -0.91247659921646118 -0.40912839770317078 -0.00063201843295246363
272 -0.99406838417053223 -0.10875441879034042 -0.00079344504047185183
273 -0.94976687431335449 -0.31295755505561829 -0.0007294240640476346
274 -0.91147720813751221 -0.41135022044181824 -0.00065180601086467505
275 -0.8128092885017395 0.58252942562103271 -0.00076940399594604969
276 -0.86665433645248413 0.49890831112861633 -0.00091446214355528355
277 -0.95145255327224731 0.30779415369033813 -0.00092144834343343973
278 -0.94984883069992065 -0.31270864605903625 -0.00072378222830593586
279 -0.97699266672134399 -0.21327148377895355 -0.00077636225614696741
280 -0.0001896102330647409 -0.030148714780807495 0.99954545497894287
281 -0.00037073908606544137 0.030115962028503418 0.99954640865325928
282 -0.086602531373500824 -0.99624288082122803 -0.00037000051815994084
283 -0.099990099668502808 0.99498820304870605 -0.00070688419509679079
284 -0.6755821704864502 0.73728448152542114 -0.00063849275466054678
285 -0.1105186715722084 -0.99387401342391968 -0.00030543317552655935
286 -0.67195326089859009 0.74059325456619263 -0.00068209785968065262
287 -0.077897824347019196 -0.99696129560470581 -0.00031086060334928334
288 -0.084131039679050446 -0.99645465612411499 -0.00028509274125099182
289 -0.10357726365327835 0.9946211576461792 -0.00076314213220030069
290 -0.99502646923065186 0.099607557058334351 -0.00085064186714589596
291 -0.97891992330551147 0.20424269139766693 -0.00088406930444762111
292 -0.070041149854660034 0.99754387140274048 -0.00070172885898500681
293 -0.072473913431167603 -0.99737030267715454 -0.00028513374854810536
294 -0.91353398561477661 0.40676143765449524 -0.00090863951481878757
295 -0.10041214525699615 -0.99494582414627075 -0.00043506865040399134
296 -0.082496426999568939 -0.99659132957458496 -0.00038000009953975677
297 -0.09876704216003418 -0.99511057138442993 -0.00013745456817559898
298 -0.075289465487003326 -0.99716174602508545 -0.00027943475288338959
299 -0.93637335300445557 -0.35100498795509338 -0.00066175457322970033
300 -0.30899196863174438 0.95106416940689087 -0.00093327730428427458
301 -0.30899855494499207 -0.95106226205825806 -0.00067543727345764637
302 -0.22092820703983307 -0.97529006004333496 -0.00022088663536123931
303 -0.072136640548706055 -0.99739474058151245 -0.00030128142680041492
304 -0.085672035813331604 0.99632316827774048 -0.00073168938979506493
305 -0.25199764966964722 0.96772760152816772 -0.00068710674531757832
306 -0.42777466773986816 -0.90388542413711548 8.615938713774085e-05
307 -0.42617237567901611 -0.90464198589324951 -0.00025752681540325284
308 -0.60548412799835205 -0.79585736989974976 -0.00023564953880850226
309 -0.40985521674156189 0.91215026378631592 -0.00075793894939124584
310 -0.41665792465209961 -0.90906327962875366 -0.0004052633885294199
311 -0.34851759672164917 -0.93730217218399048 -0.00029663441819138825
312 -0.40215471386909485 0.91557157039642334 -0.00055073254043236375
313 -0.74375343322753906 -0.6684536337852478 -0.0008032976184040308
314 -0.85306441783905029 -0.52180546522140503 -0.00056181318359449506
315 -0.089099511504173279 0.99602240324020386 -0.00081984099233523011
316 -0.58151698112487793 0.8135342001914978 -0.00045580390724353492
317 -0.95367681980133057 -0.30083206295967102 -0.00082615436986088753
318 -0.870258629322052 -0.49259454011917114 -0.00068634143099188805
319 -0.073090381920337677 0.99732506275177002 -0.00074814027175307274
320 -0.35866591334342957 -0.93346589803695679 -0.00047249835915863514
321 -0.74633550643920898 0.66556954383850098 -0.00076729757711291313
322 -0.078451275825500488 -0.9969179630279541 -0.0002499886613804847
323 -0.095079176127910614 0.99546951055526733 -0.00069178792182356119
324 -0.00080588756827637553 0.031919077038764954 0.99949014186859131
325 -0.99971270561218262 0.023949263617396355 -0.00098847749177366495
326 -0.97494697570800781 -0.22243627905845642 -0.00077442172914743423
327 -0.089676007628440857 0.99597084522247314 -0.00059080601204186678
328 -0.74948751926422119 -0.66201817989349365 -0.00069720263127237558
329 -0.74958610534667969 0.66190612316131592 -0.00097950047347694635
330 -0.091648787260055542 0.99579101800918579 -0.00092263490660116076
331 -0.94244241714477539 0.33436858654022217 -0.00023490053717978299
332 -0.10456522554159164 0.99451726675033569 -0.0012560231843963265
333 -0.10455755889415741 -0.99451839923858643 -0.00096185179427266121
334 -0.075621597468852997 0.99713617563247681 -0.00090446585090830922
335 -0.07404685765504837 -0.99725472927093506 -0.00041281135054305196
336 -0.97982662916183472 0.1998475193977356 -0.00087730627274140716
337 -0.61119812726974487 0.7914775013923645 -0.00047193185309879482
338 -0.50031173229217529 -0.86584526300430298 -0.00036773094325326383
339 -0.22001083195209503 -0.97549730539321899 -0.00049501028843224049
340 -0.10452455282211304 0.9945223331451416 -0.00012259870709385723
341 -0.10453835129737854 -0.99452084302902222 0.00031067061354406178
342 -0.072613649070262909 -0.99736016988754272 -0.00022379063011612743
343 -0.072298049926757812 0.99738293886184692 -0.0005636148271150887
344 -0.075924083590507507 0.99711328744888306 -0.00076695746975019574
345 -0.074415944516658783 0.9972270131111145 -0.00075789028778672218
346 -0.66911619901657104 -0.74315768480300903 -0.00053444679360836744
347 -0.4756864607334137 -0.87961483001708984 -0.00043823386658914387
348 -0.98517531156539917 0.17154759168624878 -0.0010352858807891607
349 -0.42570284008979797 -0.90486299991607666 -0.00026871240697801113
350 -0.80509227514266968 -0.59314936399459839 -0.0005861014942638576
351 -0.42422932386398315 -0.90555483102798462 8.1391255662310869e-05
352 -0.91353529691696167 -0.40675878524780273 -0.00071966345421969891
353 -0.50001388788223267 0.86601728200912476 -0.00046217371709644794
354 -0.99383676052093506 -0.11085139214992523 -0.00068937876494601369
355 -0.41680386662483215 -0.90899640321731567 -0.00039302193908952177
356 -0.9933275580406189 0.11532492935657501 -0.00076848693424835801
357 -0.67542147636413574 0.73743170499801636 -0.00064425048185512424
358 -0.80903667211532593 0.5877576470375061 -0.00084812747081741691
359 -0.85889452695846558 0.51215237379074097 -0.0004669764603022486
360 -0.91354793310165405 0.40673118829727173 -0.00018456115503795445
361 -0.26456782221794128 0.96436679363250732 -0.00080288393655791879
362 -0.44980382919311523 0.8931272029876709 -0.00063608575146645308
363 -0.93645602464675903 -0.35078439116477966 -0.00066638609860092402
364 -0.22098207473754883 0.97527766227722168 -0.0006909274379722774
365 -0.22252653539180756 -0.97492659091949463 -0.00032678307616151869
366 -0.33719503879547119 -0.94143480062484741 -0.00021492611267603934
367 -0.35324379801750183 -0.93553119897842407 -0.00049227074487134814
368 -0.2256065309047699 -0.97421842813491821 -0.00039042637217789888
369 -0.22796247899532318 0.97366970777511597 -0.00071651383768767118
370 -0.227927565574646 -0.97367805242538452 -0.00026317531592212617
371 -0.22609610855579376 0.97410482168197632 -0.00062045594677329063
372 -0.47379162907600403 -0.88063693046569824 -0.0004484726523514837
373 -0.98710358142852783 -0.16008034348487854 -0.00090580794494599104
374 -0.35147553682327271 0.93619692325592041 -0.00055370270274579525
375 -0.079183973371982574 0.99685978889465332 -0.00069362646900117397
376 -0.073433466255664825 -0.99730008840560913 -0.0003872974484693259
377 -0.60962843894958496 -0.79268711805343628 -0.00058779586106538773
378 -0.072564341127872467 -0.99736368656158447 -0.00024751332239247859
379 -0.071522116661071777 0.99743884801864624 -0.00066580111160874367
380 -0.94805437326431274 0.31810754537582397 -0.00072250561788678169
381 -0.21094635128974915 0.97749745845794678 -0.00070452631916850805
382 -0.2192315012216568 -0.97567284107208252 -0.00027041058638133109
383 -0.21583150327205658 -0.97643059492111206 -0.00025119236670434475
384 -0.2296968549489975 0.97326201200485229 -0.00072644004831090569
385 -0.23009635508060455 -0.9731677770614624 -0.00043886495404876769
386 -0.34256729483604431 -0.93949323892593384 -0.00028123613446950912
387 -0.34457382559776306 -0.9387592077255249 -0.00030949123902246356
388 -0.98534059524536133 0.17059552669525146 -0.0010368889197707176
389 -0.21577256917953491 -0.9764435887336731 -0.00042250135447829962
390 -0.2173646092414856 -0.97609049081802368 -0.00025795531109906733
391 -0.23972181975841522 0.97084134817123413 -0.0007887528627179563
392 -0.24809113144874573 -0.96873670816421509 -0.00016806760686449707
393 -0.25448316335678101 -0.96707719564437866 -0.00017799950728658587
394 -0.00053056457545608282 0 0.99999988079071045
395 -0.00052480358863249421 0 0.99999988079071045
396 -0.00058261217782273889 0 0.99999982118606567
397 -0.00058218796039000154 -0 0.99999982118606567
398 -0.00053059379570186138 0 0.99999988079071045
399 -0.00058428873308002949 0 0.99999982118606567
400 -0.00054785923566669226 0 0.99999988079071045
401 -0.00059149798471480608 0 0.99999982118606567
402 -0.00058052025269716978 0 0.99999982118606567
403 -0.00058535957941785455 0 0.99999982118606567
404 -0.00055767543381080031 0 0.99999988079071045
405 -0.00059079285711050034 -0 0.99999982118606567
406 -0.00054145161993801594 -0 0.99999988079071045
407 -0.00054927828023210168 0 0.99999988079071045
408 -0.00059874233556911349 -0 0.99999982118606567
409 -0.00052552332635968924 0 0.99999988079071045
410 -0.00060048908926546574 0 0.99999982118606567
411 -0.00057639478472992778 -0 0.99999982118606567
412 -0.00059198366943746805 0 0.99999982118606567
413 -0.00058891443768516183 0 0.99999982118606567
414 -0.00056563364341855049 0 0.99999988079071045
415 -0.00052727886941283941 0 0.99999988079071045
416 -0.00058766803704202175 0 0.99999982118606567
417 -0.00058942940086126328 0 0.99999982118606567
418 -0.00056576239876449108 0 0.99999988079071045
419 -0.0005827877321280539 0 0.99999982118606567
420 -0.00056846585357561707 0 0.99999988079071045
421 -0.00054381275549530983 0 0.99999988079071045
422 -0.00053211522754281759 0 0.99999988079071045
423 -0.00057344557717442513 0 0.99999982118606567
424 -0.00060123810544610023 0 0.99999982118606567
425 -0.00059320667060092092 0 0.99999982118606567
426 -0.00059513183077797294 0 0.99999982118606567
427 -0.00058489729417487979 0 0.99999982118606567
428 -0.00057287211529910564 0 0.99999982118606567
429 -0.00058070162776857615 -0 0.99999982118606567
430 -0.00053323293104767799 -0 0.99999988079071045
431 -0.00059584283735603094 0 0.99999982118606567
432 -0.0005852513131685555 -0 0.99999982118606567
433 -0.00055243232054635882 0 0.99999988079071045
434 -0.00055743841221556067 0 0.99999988079071045
435 -0.00058825616724789143 0 0.99999982118606567
436 -0.00059765100013464689 0 0.99999982118606567
437 -0.0005623830365948379 0 0.99999988079071045
438 -0.00055366114247590303 0 0.99999988079071045
439 -0.00058741640532389283 0 0.99999982118606567
440 -0.00058529811212792993 -0 0.99999982118606567
441 -0.00054615054978057742 0 0.99999988079071045
442 -0.00058238400379195809 0 0.99999982118606567
443 -0.00058841996360570192 0 0.99999982118606567
444 -0.00055857363622635603 0 0.99999988079071045
445 -0.0005946169258095324 0 0.99999982118606567
446 -0.00058398151304572821 0 0.99999982118606567
447 -0.00058973371051251888 0 0.99999982118606567
448 -0.00051518634427338839 0 0.99999988079071045
449 -0.00052328797755762935 0 0.99999988079071045
450 -0.00058482121676206589 0 0.99999982118606567
451 -0.00059622316621243954 0 0.99999982118606567
452 -0.00054084009025245905 0 0.99999988079071045
453 -0.00058263266691938043 0 0.99999982118606567
454 -0.00059938308550044894 0 0.99999982118606567
455 -0.00058272923342883587 -0 0.99999982118606567
456 -0.00056056608445942402 -0 0.99999988079071045
457 -0.00059752812376245856 0 0.99999982118606567
458 -0.00059552682796493173 0 0.99999982118606567
459 -0.000501999631524086 0 0.99999988079071045
460 -0.00058972201077267528 0 0.99999982118606567
461 -0.00059258053079247475 0 0.99999982118606567
462 -0.00048989249626174569 0 0.99999988079071045
463 -0.00059734086971729994 -0 0.99999982118606567
464 -0.00056349777150899172 0 0.99999988079071045
465 -0.00053151545580476522 0 0.99999988079071045
466 -0.00052255362970754504 0 0.99999988079071045
467 -0.00054716871818527579 0 0.99999988079071045
468 -0.00057082407874986529 0 0.99999988079071045
469 -0.00059995072660967708 -0 0.99999982118606567
470 -0.00054411409655585885 0 0.99999988079071045
471 -0.00058797234669327736 0 0.99999982118606567
472 -0.00050585588905960321 0 0.99999988079071045
473 -0.00059172912733629346 0 0.99999982118606567
474 -0.00059139850782230496 0 0.99999982118606567
475 -0.0005577017436735332 0 0.99999988079071045
476 -0.00057415943592786789 -0 0.99999982118606567
477 -0.00059282337315380573 0 0.99999982118606567
478 -0.00052945566130802035 0 0.99999988079071045
479 -0.00059099181089550257 -0 0.99999982118606567
480 -0.00052168755792081356 0 0.99999988079071045
481 -0.00058960495516657829 0 0.99999982118606567
482 -0.00059328274801373482 0 0.99999982118606567
483 -0.00059183442499488592 0 0.99999982118606567
484 -0.00056496949400752783 -0 0.99999988079071045
485 -0.0005642116884700954 -0 0.99999988079071045
486 -0.00059348461218178272 0 0.99999982118606567
487 -0.00058700679801404476 0 0.99999982118606567
488 -0.00058972201077267528 0 0.99999982118606567
489 -0.00055867608170956373 0 0.99999988079071045
490 -0.00055678008357062936 0 0.99999988079071045
491 -0.00056160474196076393 0 0.99999988079071045
492 -0.00058614078443497419 0 0.99999982118606567
493 -0.00051679555326700211 -0 0.99999988079071045
494 -0.00058933871332556009 0 0.99999982118606567
495 -0.00053349038353189826 0 0.99999988079071045
496 -0.00053130189189687371 0 0.99999988079071045
497 -0.00053523125825449824 -0 0.99999988079071045
498 -0.0005886657745577395 -0 0.99999982118606567
499 -0.00058459886349737644 0 0.99999982118606567
500 -0.00057048466987907887 -0 0.99999988079071045
501 -0.00059292285004630685 0 0.99999982118606567
502 0 0.001152769778855145 0.99999934434890747
503 0 0.001141388202086091 0.99999934434890747
504 0 0.0010698838159441948 0.99999946355819702
505 0 0.0010426909429952502 0.99999946355819702
506 0 0.0011671970132738352 0.99999934434890747
507 0 0.0010982614476233721 0.99999940395355225
508 0 0.0011591275688260794 0.99999934434890747
509 0 0.0010973514290526509 0.99999940395355225
510 0 0.0011048415908589959 0.99999940395355225
511 0 0.0010958533966913819 0.99999940395355225
512 0 0.0011650406522676349 0.99999934434890747
513 0 0.0010613753693178296 0.99999946355819702
514 0 0.0011588584166020155 0.99999934434890747
515 0 0.0011129110353067517 0.99999940395355225
516 0 0.0011134904343634844 0.99999940395355225
517 0 0.0011320753255859017 0.99999934434890747
518 0 0.0010285885073244572 0.99999946355819702
519 0 0.0011419705115258694 0.99999934434890747
520 0 0.0010406136279925704 0.99999946355819702
521 0 0.0011691192630678415 0.99999934434890747
522 0 0.0010523463133722544 0.99999946355819702
523 0 0.0010959353530779481 0.99999940395355225
524 0 0.001112448750063777 0.99999940395355225
525 0 0.0011129081249237061 0.99999940395355225
526 0 0.0011442409595474601 0.99999934434890747
527 0 0.0011325316736474633 0.99999934434890747
528 0 0.0011525385780259967 0.99999934434890747
529 0 0.0011198336724191904 0.99999940395355225
530 0 0.0011313409777358174 0.99999940395355225
531 0 0.0010845245560631156 0.99999940395355225
532 0 0.0010278014233335853 0.99999946355819702
533 0 0.0010179034434258938 0.9999995231628418
534 0 0.0011212527751922607 0.99999940395355225
535 0 0.0011330934939906001 0.99999934434890747
536 0 0.0011255742283537984 0.99999940395355225
537 0 0.001136642531491816 0.99999934434890747
538 0 0.0011406246339902282 0.99999934434890747
539 0 0.0010387265356257558 0.99999946355819702
540 0 0.0011090460466220975 0.99999940395355225
541 0 0.0011659798910841346 0.99999934434890747
542 0 0.0010901715140789747 0.99999940395355225
543 0 0.0011044231941923499 0.99999940395355225
544 0 0.001113812206313014 0.99999940395355225
545 0 0.0011522284476086497 0.99999934434890747
546 0 0.0011212966637685895 0.99999940395355225
547 0 0.0011098828399553895 0.99999940395355225
548 0 0.0011016670614480972 0.99999940395355225
549 0 0.0011553151998668909 0.99999934434890747
550 0 0.0010712648509070277 0.99999946355819702
551 0 0.0010662645800039172 0.99999946355819702
552 0 0.0011644760379567742 0.99999934434890747
553 0 0.0010232079075649381 0.99999946355819702
554 0 0.0010365701746195555 0.99999946355819702
555 0 0.0011597683187574148 0.99999934434890747
556 0 0.0010588620789349079 0.99999946355819702
557 0 0.0011685867793858051 0.99999934434890747
558 0 0.0010623701382428408 0.99999946355819702
559 0 0.0010290800128132105 0.99999946355819702
560 0 0.0011586272157728672 0.99999934434890747
561 0 0.001088998164050281 0.99999940395355225
562 0 0.0010585022391751409 0.99999946355819702
563 0 0.0011127354810014367 0.99999940395355225
564 0 0.0011631681118160486 0.99999934434890747
565 0 0.0010642427951097488 0.99999946355819702
566 0 0.0010645237052813172 0.99999946355819702
567 0 0.0011441970709711313 0.99999934434890747
568 0 0.0011496975785121322 0.99999934434890747
569 0 0.0010493589797988534 0.99999946355819702
570 0 0.0010374888079240918 0.99999946355819702
571 0 0.0011130602797493339 0.99999940395355225
572 0 0.0011059885146096349 0.99999940395355225
573 0 0.0011648358777165413 0.99999934434890747
574 0 0.0011688852682709694 0.99999934434890747
575 0 0.0011621294543147087 0.99999934434890747
576 0 0.0011158807901665568 0.99999940395355225
577 0 0.0010987411951646209 0.99999940395355225
578 0 0.001153624034486711 0.99999934434890747
579 0 0.00102791259996593 0.99999946355819702
580 0 0.0011542736319825053 0.99999934434890747
581 0 0.0010697082616388798 0.99999946355819702
582 0 0.0010708611225709319 0.99999946355819702
583 0 0.0011573340743780136 0.99999934434890747
584 0 0.0011282454943284392 0.99999940395355225
585 0 0.0010703578591346741 0.99999946355819702
586 0 0.0011639903532341123 0.99999934434890747
587 0 0.0010475274175405502 0.99999946355819702
588 0 0.0011370960855856538 0.99999934434890747
589 0 0.001076660118997097 0.99999946355819702
590 0 0.0010527090635150671 0.99999946355819702
591 0 0.0010841530747711658 0.99999940395355225
592 0 0.0011566610774025321 0.99999934434890747
593 0 0.0011533314827829599 0.99999934434890747
594 0 0.0011074134381487966 0.99999940395355225
595 0 0.0010900866473093629 0.99999940395355225
596 0 0.0010906278621405363 0.99999940395355225
597 0 0.0011266684159636497 0.99999940395355225
598 0 0.0011626502964645624 0.99999934434890747
599 0 0.0011516023660078645 0.99999934434890747
600 0 0.0010439432226121426 0.99999946355819702
601 0 0.0011459847446531057 0.99999934434890747
602 0 0.001075548236258328 0.99999946355819702
603 0 0.0011619627475738525 0.99999934434890747
604 0 0.0011625537881627679 0.99999934434890747
605 0 0.0011594465468078852 0.99999934434890747
606 0 0.0010782984318211675 0.99999940395355225
607 0 0.0010732251685112715 0.99999946355819702
608 0 0.0011311537818983197 0.99999940395355225
609 0 0.0010902738431468606 0.99999940395355225
610 0 0.00056716968538239598 -0.99999988079071045
611 0 0.00057407462736591697 -0.99999982118606567
612 0 0.00065145717235282063 -0.99999982118606567
613 0 0.00064258894417434931 -0.99999982118606567
614 0 0.00054712191922590137 -0.99999988079071045
615 0 0.00065088371047750115 -0.99999982118606567
616 0 0.00052193040028214455 -0.99999988079071045
617 0 0.0006257858476601541 -0.99999982118606567
618 0 0.0005428647855296731 -0.99999988079071045
619 0 0.00055486074415966868 -0.99999988079071045
620 0 0.00052344601135700941 -0.99999988079071045
621 0 0.00056723406305536628 -0.99999988079071045
622 0 0.00053607096197083592 -0.99999988079071045
623 0 0.00055290921591222286 -0.99999988079071045
624 0 0.00059797283029183745 -0.99999982118606567
625 0 0.00057572184596210718 -0.99999982118606567
626 0 0.00059741694713011384 -0.99999982118606567
627 0 0.0005523855215869844 -0.99999988079071045
628 0 0.00059113226598128676 -0.99999982118606567
629 0 0.00069929164601489902 -0.9999997615814209
630 0 0.00054307834943756461 -0.99999988079071045
631 0 0.00053127261344343424 -0.99999988079071045
632 0 0.0006526304641738534 -0.99999982118606567
633 0 0.00057247129734605551 -0.99999988079071045
634 0 0.00056983804097399116 -0.99999988079071045
635 0 0.00056204950669780374 -0.99999988079071045
636 0 0.00055217777844518423 -0.99999988079071045
637 0 0.00056039931951090693 -0.99999988079071045
638 0 0.0005662539042532444 -0.99999988079071045
639 0 0.00054554775124415755 -0.99999988079071045
640 0 0.00058621977223083377 -0.99999982118606567
641 0 0.00061949819792062044 -0.99999982118606567
642 0 0.0006286794668994844 -0.99999982118606567
643 0 0.00056366744684055448 -0.99999988079071045
644 0 0.00056491681607440114 -0.99999988079071045
645 0 0.00056947523262351751 -0.99999988079071045
646 0 0.00056735984981060028 -0.99999988079071045
647 0 0.00058293406618759036 -0.99999982118606567
648 0 0.00054067920427769423 -0.99999988079071045
649 0 0.00055934896226972342 -0.99999988079071045
650 0 0.00055492221144959331 -0.99999988079071045
651 0 0.00067146692890673876 -0.9999997615814209
652 0 0.00058437354164198041 -0.99999982118606567
653 0 0.00055523234186694026 -0.99999988079071045
654 0 0.00055364653235301375 -0.99999988079071045
655 0 0.00055201683426275849 -0.99999988079071045
656 0 0.00052351038902997971 -0.99999988079071045
657 0 0.0005631056847050786 -0.99999988079071045
658 0 0.00066611857619136572 -0.99999982118606567
659 0 0.00055240304209291935 -0.99999988079071045
660 0 0.00053900264902040362 -0.99999988079071045
661 0 0.00063854246400296688 -0.99999982118606567
662 0 0.00060346757527440786 -0.99999982118606567
663 0 0.00069800135679543018 -0.9999997615814209
664 0 0.00056518596829846501 -0.99999988079071045
665 0 0.00055041350424289703 -0.99999988079071045
666 0 0.00069282262120395899 -0.9999997615814209
667 0 0.00062118348432704806 -0.99999982118606567
668 0 0.0005255292053334415 -0.99999988079071045
669 0 0.00054826005361974239 -0.99999988079071045
670 0 0.00057770265266299248 -0.99999982118606567
671 0 0.00054239662131294608 -0.99999988079071045
672 0 0.0005312638240866363 -0.99999988079071045
673 0 0.00069705338682979345 -0.9999997615814209
674 0 0.00069492630427703261 -0.9999997615814209
675 0 0.00057401316007599235 -0.99999982118606567
676 0 0.00069319712929427624 -0.9999997615814209
677 0 0.00068873813143000007 -0.9999997615814209
678 0 0.00057425309205427766 -0.99999982118606567
679 0 0.00057576282415539026 -0.99999982118606567
680 0 0.0005307693500071764 -0.99999988079071045
681 0 0.00052760652033612132 -0.99999988079071045
682 0 0.00051976530812680721 -0.99999988079071045
683 0 0.00052137160673737526 -0.99999988079071045
684 0 0.00053032755386084318 -0.99999988079071045
685 0 0.00059063482331112027 -0.99999982118606567
686 0 0.00055946013890206814 -0.99999988079071045
687 0 0.00067572988336905837 -0.9999997615814209
688 0 0.00057771435240283608 -0.99999982118606567
689 0 0.00069002259988337755 -0.9999997615814209
690 0 0.0005687788943760097 -0.99999988079071045
691 0 0.00052965170470997691 -0.99999988079071045
692 0 0.0005417470820248127 -0.99999988079071045
693 0 0.00059258932014927268 -0.99999982118606567
694 0 0.00052290764870122075 -0.99999988079071045
695 0 0.00067991676041856408 -0.9999997615814209
696 0 0.00058525713393464684 -0.99999982118606567
697 0 0.0006837466498836875 -0.9999997615814209
698 0 0.00057342799846082926 -0.99999982118606567
699 0 0.00057740422198548913 -0.99999982118606567
700 0 0.00053954101167619228 -0.99999988079071045
701 0 0.00053805176867172122 -0.99999988079071045
702 0 0.00055812892969697714 -0.99999988079071045
703 0 0.00055288872681558132 -0.99999988079071045
704 0 0.00056941964430734515 -0.99999988079071045
705 0 0.0005432071047835052 -0.99999988079071045
706 0 0.000539526401553303 -0.99999988079071045
707 0 0.000540313427336514 -0.99999988079071045
708 0 0.00066366669489070773 -0.99999982118606567
709 0 0.00058228155830875039 -0.99999982118606567
710 0 0.00068699434632435441 -0.9999997615814209
711 0 0.00053026317618787289 -0.99999988079071045
712 0 0.00052075128769502044 -0.99999988079071045
713 0 0.00052289594896137714 -0.99999988079071045
714 0 0.00066319562029093504 -0.99999982118606567
715 0 0.00063506659353151917 -0.99999982118606567
716 0 0.00052295735804364085 -0.99999988079071045
717 0 0.00057897245278581977 -0.99999982118606567
718 -0.00061508314684033394 0.99999982118606567 0
719 -0.00062133563915267587 0.99999982118606567 -0
720 -0.00066311372211202979 0.99999982118606567 -0
721 -0.00062878773314878345 0.99999982118606567 0
722 -0.00062855368014425039 0.99999982118606567 -0
723 -0.00066688802326098084 0.99999982118606567 0
724 -0.00062121858354657888 0.99999982118606567 0
725 -0.00067239440977573395 0.9999997615814209 0
726 -0.00053044169908389449 0.99999988079071045 -0
727 -0.00061479344731196761 0.99999982118606567 0
728 -0.00063779641641303897 0.99999982118606567 0
729 -0.00053030415438115597 0.99999988079071045 0
730 -0.00064581906190142035 0.99999982118606567 -0
731 -0.00060842098901048303 0.99999982118606567 -0
732 -0.00062852737028151751 0.99999982118606567 0
733 -0.00054509134497493505 0.99999988079071045 0
734 -0.00063526845769956708 0.99999982118606567 0
735 -0.00065320974681526423 0.99999982118606567 0
736 -0.0006606121314689517 0.99999982118606567 0
737 -0.00054036610526964068 0.99999988079071045 -0
738 -0.00061331299366429448 0.99999982118606567 0
739 -0.00062402739422395825 0.99999982118606567 0
740 -0.00055738870287314057 0.99999988079071045 0
741 -0.00053888565162196755 0.99999988079071045 0
742 -0.00063335499726235867 0.99999982118606567 -0
743 -0.00065357843413949013 0.99999982118606567 0
744 -0.00052558770403265953 0.99999988079071045 0
745 -0.0005694021238014102 0.99999988079071045 0
746 -0.00065200432436540723 0.99999982118606567 -0
747 -0.00055741501273587346 0.99999988079071045 -0
748 -0.0005647558718919754 0.99999988079071045 0
749 -0.00064533337717875838 0.99999982118606567 -0
750 -0.00056651723571121693 0.99999988079071045 0
751 -0.00052560819312930107 0.99999988079071045 -0
752 -0.00056104297982528806 0.99999988079071045 0
753 -0.00066498335218057036 0.99999982118606567 0
754 -0.0006656504119746387 0.99999982118606567 0
755 -0.00063501979457214475 0.99999982118606567 0
756 -0.00062235089717432857 0.99999982118606567 0
757 -0.00061004486633464694 0.99999982118606567 0
758 -0.00068069499684497714 0.9999997615814209 0
759 -0.00053780310554429889 0.99999988079071045 0
760 -0.00064121087780222297 0.99999982118606567 0
761 -0.00062663143035024405 0.99999982118606567 0
762 -0.00054328900296241045 0.99999988079071045 0
763 -0.00051995547255501151 0.99999988079071045 0
764 -0.00065521395299583673 0.99999982118606567 0
765 -0.00054435402853414416 0.99999988079071045 0
766 -0.0005480055115185678 0.99999988079071045 0
767 -0.00056074745953083038 0.99999988079071045 0
768 -0.00066586403409019113 0.99999982118606567 -0
769 -0.00061222165822982788 0.99999982118606567 0
770 -0.00067195261362940073 0.9999997615814209 0
771 -0.0005546939792111516 0.99999988079071045 -0
772 -0.00064909015782177448 0.99999982118606567 0
773 -0.0005452376208268106 0.99999988079071045 0
774 -0.00063141807913780212 0.99999982118606567 0
775 -0.00064460485009476542 0.99999982118606567 0
776 -0.00055173889268189669 0.99999988079071045 0
777 -0.00060922559350728989 0.99999982118606567 0
778 -0.00056074745953083038 0.99999988079071045 0
779 -0.00056867062812671065 0.99999988079071045 0
780 -0.00054097175598144531 0.99999988079071045 -0
781 -0.000625025131739676 0.99999982118606567 0
782 -0.00062879943288862705 0.99999982118606567 0
783 -0.00068702356657013297 0.9999997615814209 0
784 -0.00057916849618777633 0.99999982118606567 -0
785 -0.00061500119045376778 0.99999982118606567 0
786 -0.00061682402156293392 0.99999982118606567 0
787 -0.0006399117992259562 0.99999982118606567 0
788 -0.00057837850181385875 0.99999982118606567 -0
789 -0.00065674417419359088 0.99999982118606567 0
790 -0.00051032652845606208 0.99999988079071045 0
791 -0.00053242541616782546 0.99999988079071045 0
792 -0.00061409419868141413 0.99999982118606567 0
793 -0.00054493040079250932 0.99999988079071045 0
794 -0.00066010304726660252 0.99999982118606567 0
795 -0.00058474804973229766 0.99999982118606567 0
796 -0.00061563024064525962 0.99999982118606567 -0
797 -0.00066264852648600936 0.99999982118606567 -0
798 -0.000595708261243999 0.99999982118606567 0
799 -0.00060405564727261662 0.99999982118606567 0
800 -0.00065706018358469009 0.99999982118606567 -0
801 -0.00065028393873944879 0.99999982118606567 0
802 -0.00051420327508822083 0.99999988079071045 0
803 -0.0006283752154558897 0.99999982118606567 -0
804 -0.00063455163035541773 0.99999982118606567 0
805 -0.0006626426475122571 0.99999982118606567 0
806 -0.00069239252479746938 0.9999997615814209 0
807 -0.00051849550800397992 0.99999988079071045 0
808 -0.0006474517285823822 0.99999982118606567 0
809 -0.00061232701409608126 0.99999982118606567 0
810 -0.00055946595966815948 0.99999988079071045 0
811 -0.00068025907967239618 0.9999997615814209 0
812 -0.00060947140445932746 0.99999982118606567 -0
813 -0.00053895002929493785 0.99999988079071045 0
814 -0.00064762431429699063 0.99999982118606567 0
815 -0.00059787626378238201 0.99999982118606567 0
816 -0.00063197396229952574 0.99999982118606567 -0
817 -0.00063300970941781998 0.99999982118606567 0
818 -0.00065772142261266708 0.99999982118606567 0
819 -0.00053511426085606217 0.99999988079071045 0
820 -0.00054893596097826958 0.99999988079071045 0
821 -0.0006453684763982892 0.99999982118606567 0
822 -0.00056306179612874985 0.99999988079071045 0
823 -0.00061446870677173138 0.99999982118606567 0
824 -0.00061132345581427217 0.99999982118606567 0
825 -0.00065485405502840877 0.99999982118606567 0
826 -0.00062487297691404819 0.99999982118606567 -0
827 -0.00064020435092970729 0.99999982118606567 0
828 -0.00068764388561248779 0.9999997615814209 0
829 -0.00055134098511189222 0.99999988079071045 0
830 -0.00060560926795005798 0.99999982118606567 0
831 -0.00061767542501911521 0.99999982118606567 0
832 -0.00051071273628622293 0.99999988079071045 0
833 -0.0005529297050088644 0.99999988079071045 -0
834 -0.00066773948492482305 0.99999982118606567 0
835 -0.00060670939274132252 0.99999982118606567 0
836 -0.00058296328643336892 0.99999982118606567 0
837 -0.00059411657275632024 0.99999982118606567 -0
838 -0.00064777064835652709 0.99999982118606567 0
839 -0.0005291952402330935 0.99999988079071045 0
840 -0.00067988160299137235 0.9999997615814209 0
841 -0.00068976508919149637 0.9999997615814209 0
842 -0.00066798232728615403 0.99999982118606567 0
843 -0.00064800761174410582 0.99999982118606567 -0
844 -0.00068894587457180023 0.9999997615814209 0
845 -0.00052508740918710828 0.99999988079071045 0
846 -0.0005450474563986063 0.99999988079071045 0
847 -0.00062900426564738154 0.99999982118606567 -0
848 -0.0005615579430013895 0.99999988079071045 -0
849 -0.00066920527024194598 0.9999997615814209 0
850 -0.00060664501506835222 0.99999982118606567 -0
851 -0.00061996636213734746 0.99999982118606567 -0
852 -0.00055052759125828743 0.99999988079071045 0
853 -0.00052587443497031927 0.99999988079071045 0
854 -0.00055278633954003453 0.99999988079071045 -0
855 -0.00062886672094464302 0.99999982118606567 0
856 -0.00066315761068835855 0.99999982118606567 0
857 -0.0006359267863444984 0.99999982118606567 -0
858 -0.00062779884319752455 0.99999982118606567 0
859 -0.0006146062514744699 0.99999982118606567 -0
860 -0.00055340660037472844 0.99999988079071045 -0
861 -0.00051994965178892016 0.99999988079071045 -0
862 -0.00054509425535798073 0.99999988079071045 0
863 -0.00061275123152881861 0.99999982118606567 0
864 -0.00058932113461196423 0.99999982118606567 0
865 -0.00063815625617280602 0.99999982118606567 -0
866 -0.00059448234969750047 0.99999982118606567 0
867 -0.0005677519366145134 0.99999988079071045 0
868 -0.00052911625243723392 0.99999988079071045 -0
869 -0.00068224279675632715 0.9999997615814209 -0
870 -0.00070136314025148749 0.9999997615814209 0
871 -0.00063084170687943697 0.99999982118606567 0
872 -0.00056802405742928386 0.99999988079071045 -0
873 -0.00069062237162142992 0.9999997615814209 0
874 -0.00061852391809225082 0.99999982118606567 0
875 -0.0005506973247975111 0.99999988079071045 0
876 -0.00065810175146907568 0.99999982118606567 0
877 -0.0005436138017103076 0.99999988079071045 0
878 -0.00059651868650689721 0.99999982118606567 0
879 -0.00057985901366919279 0.99999982118606567 -0
880 -0.00061060953885316849 0.99999982118606567 0
881 -0.00063657044665887952 0.99999982118606567 -0
882 -0.00061252596788108349 0.99999982118606567 -0
883 -0.00066956807859241962 0.9999997615814209 0
884 -0.00053804885828867555 0.99999988079071045 -0
885 -0.00057810347061604261 0.99999982118606567 0
886 -0.0005400735535658896 0.99999988079071045 -0
887 -0.000572383520193398 0.99999988079071045 0
888 -0.00055840396089479327 0.99999988079071045 0
889 -0.00069853093009442091 0.9999997615814209 0
890 -0.00057999067939817905 0.99999982118606567 0
891 -0.00068786623887717724 0.9999997615814209 0
892 -0.00058152084238827229 0.99999982118606567 0
893 -0.00053310708608478308 0.99999988079071045 0
894 -0.00064896146068349481 0.99999982118606567 0
895 -0.00060482515254989266 0.99999982118606567 -0
896 -0.00064366561127826571 0.99999982118606567 0
897 -0.000616153993178159 0.99999982118606567 0
898 -0.00054181733867153525 0.99999988079071045 0
899 -0.00063500809483230114 0.99999982118606567 0
900 -0.00068482628557831049 0.9999997615814209 0
901 -0.00054756662575528026 0.99999988079071045 0
902 -0.00062591751338914037 0.99999982118606567 0
903 -0.00063353637233376503 0.99999982118606567 0
904 -0.00060966156888753176 0.99999982118606567 -0
905 -0.00055089330999180675 0.99999988079071045 0
906 -0.00062490807613357902 0.99999982118606567 0
907 -0.00055501580936834216 0.99999988079071045 0
908 -0.00055302039254456758 0.99999988079071045 0
909 -0.00069461908424273133 0.9999997615814209 0
910 -0.00061250838916748762 0.99999982118606567 0
911 -0.00063981523271650076 0.99999982118606567 0
912 -0.00059779145522043109 0.99999982118606567 0
913 -0.00064774136990308762 0.99999982118606567 -0
914 -0.00064285221742466092 0.99999982118606567 -0
915 -0.00057162868324667215 0.99999988079071045 0
916 -0.00060105667216703296 0.99999982118606567 -0
917 -0.00062444579089060426 0.99999982118606567 -0
918 -0.0005954420194029808 0.99999982118606567 0
919 -0.00053530733566731215 0.99999988079071045 0
920 -0.000561595952603966 0.99999988079071045 0
921 -0.00059881253400817513 0.99999982118606567 0
922 -0.00056408881209790707 0.99999988079071045 0
923 -0.00054499186808243394 0.99999988079071045 0
924 -0.00056375819258391857 0.99999988079071045 -0
925 -0.00059511139988899231 0.99999982118606567 0
926 -0.0006375506054610014 0.99999982118606567 0
927 -0.00054019055096432567 0.99999988079071045 0
928 -0.00060742622008547187 0.99999982118606567 -0
929 -0.00055195833556354046 0.99999988079071045 0
930 -0.0006387443863786757 0.99999982118606567 0
931 -0.00059214752400293946 0.99999982118606567 0
932 -0.00056308228522539139 0.99999988079071045 0
933 -0.00056558387586846948 0.99999988079071045 0
934 -0.00060021696845069528 0.99999982118606567 0
935 -0.00054799969075247645 0.99999988079071045 -0
936 -0.00069731374969705939 0.9999997615814209 0
937 -0.00054870772873982787 0.99999988079071045 -0
938 -0.00058968982193619013 0.99999982118606567 0
939 -0.00057615782134234905 0.99999982118606567 0
940 -0.00056978833163157105 0.99999988079071045 0
941 -0.00061686791013926268 0.99999982118606567 0
942 -0.00056166620925068855 0.99999988079071045 0
943 -0.00061768421437591314 0.99999982118606567 0
944 -0.00056034373119473457 0.99999988079071045 0
945 -0.00055678305216133595 0.99999988079071045 0
946 -0.00060060899704694748 0.99999982118606567 0
947 -0.00055792706552892923 0.99999988079071045 0
948 -0.00064422737341374159 0.99999982118606567 -0
949 -0.00060881307581439614 0.99999982118606567 -0
950 -0.00059286726173013449 0.99999982118606567 0
951 -0.00068123923847451806 0.9999997615814209 0
952 -0.00060621782904490829 0.99999982118606567 0
953 -0.00058250100119039416 0.99999982118606567 -0
954 -0.00055531132966279984 0.99999988079071045 0
955 -0.00060692592523992062 0.99999982118606567 0
956 -0.00059552682796493173 0.99999982118606567 0
957 -0.00055208412231877446 0.99999988079071045 0
958 -0.00060787389520555735 0.99999982118606567 0
959 -0.00064957590075209737 0.99999982118606567 0
960 -0.00052813318325206637 0.99999988079071045 -0
961 -0.00055759644601494074 0.99999988079071045 0
962 -0.00065708940383046865 0.99999982118606567 0
963 -0.00059815129498019814 0.99999982118606567 0
964 -0.00063750968547537923 0.99999982118606567 0
965 -0.00056573894107714295 0.99999988079071045 0
966 -0.00056300329742953181 0.99999988079071045 0
967 -0.00060088402824476361 0.99999982118606567 0
968 -0.0005699346074834466 0.99999988079071045 0
969 -0.0005873959744349122 0.99999982118606567 0
970 -0.00061379285762086511 0.99999982118606567 0
971 -0.00059962592786177993 0.99999982118606567 0
972 -0.000613450538367033 0.99999982118606567 0
973 -0.00056258199037984014 0.99999988079071045 0
974 -0.00055405613966286182 0.99999988079071045 0
975 -0.00055829278426244855 0.99999988079071045 0
976 -0.00064387923339381814 0.99999982118606567 0
977 -0.00060830399161204696 0.99999982118606567 0
978 -0.00055345927830785513 0.99999988079071045 0
979 -0.00065366324270144105 0.99999982118606567 0
980 -0.00065782963065430522 0.99999982118606567 0
981 -0.00062460085609927773 0.99999982118606567 0
982 -0.00067127379588782787 0.9999997615814209 -0
983 -0.00057617243146523833 0.99999982118606567 0
984 -0.00066392123699188232 0.99999982118606567 -0
985 -0.00060242891777306795 0.99999982118606567 -0
986 -0.00061041937442496419 0.99999982118606567 0
987 -0.0006172073190100491 0.99999982118606567 0
988 -0.00060429557925090194 0.99999982118606567 0
989 -0.00059730577049776912 0.99999982118606567 0
990 -0.00059301353758201003 0.99999982118606567 0
991 -0.0006220934446901083 0.99999982118606567 0
992 -0.00060435704654082656 0.99999982118606567 0
993 -0.00062430539401248097 0.99999982118606567 -0
994 -0.00062670750776305795 0.99999982118606567 0
995 -0.00061108352383598685 0.99999982118606567 0
996 -0.00056988780852407217 0.99999988079071045 0
997 -0.00060993072111159563 0.99999982118606567 0
998 -0.00063229876104742289 0.99999982118606567 0
999 -0.00056565116392448545 0.99999988079071045 0
1000 -0.00061505095800384879 0.99999982118606567 0
1001 -0.00060151895741000772 0.99999982118606567 0
1002 -0.00054146035108715296 0.99999988079071045 0
1003 -0.00058636604808270931 0.99999982118606567 0
1004 -0.00061367580201476812 0.99999982118606567 0
1005 -0.00070951448287814856 0.9999997615814209 0
1006 -0.00061359093524515629 0.99999982118606567 0
1007 -0.00070651259738951921 0.9999997615814209 0
1008 -0.00060376891633495688 0.99999982118606567 0
1009 -0.00055072945542633533 0.99999988079071045 0
1010 -0.0005776616744697094 0.99999982118606567 0
1011 -0.00058292527683079243 0.99999982118606567 0
1012 -0.0006787200691178441 0.9999997615814209 0
1013 -0.00058479193830862641 0.99999982118606567 0
1014 -0.00060706929070875049 0.99999982118606567 -0
1015 -0.00059033057186752558 0.99999982118606567 0
1016 -0.00055236212210729718 0.99999988079071045 0
1017 -0.0006514747510664165 0.99999982118606567 -0
1018 -0.00060584041057154536 0.99999982118606567 0
1019 -0.00057640066370368004 0.99999982118606567 0
1020 -0.00060043344274163246 0.99999982118606567 0
1021 -0.00058754516066983342 0.99999982118606567 0
1022 -0.00066035758936777711 0.99999982118606567 -0
1023 -0.00054830691078677773 0.99999988079071045 0
1024 -0.00060101569397374988 0.99999982118606567 0
1025 -0.00060440966626629233 0.99999982118606567 0
1026 -0.00063435564516112208 0.99999982118606567 0
1027 -0.00058204459492117167 0.99999982118606567 0
1028 -0.00060806405963376164 0.99999982118606567 0
1029 -0.00055066216737031937 0.99999988079071045 0
1030 -0.00062935828464105725 0.99999982118606567 0
1031 -0.00057216704590246081 0.99999988079071045 -0
1032 -0.00052594469161704183 0.99999988079071045 -0
1033 -0.00062230700859799981 0.99999982118606567 -0
1034 -0.00060958549147471786 0.99999982118606567 0
1035 -0.00056530884467065334 0.99999988079071045 0
1036 -0.00056236545788124204 0.99999988079071045 0
1037 -0.00059803429758176208 0.99999982118606567 0
1038 -0.00055678887292742729 0.99999988079071045 -0
1039 -0.00058084499323740602 0.99999982118606567 -0
1040 -0.00062425562646239996 0.99999982118606567 -0
1041 -0.00055993994465097785 0.99999988079071045 0
1042 -0.00054899154929444194 0.99999988079071045 0
1043 -0.00055304967099800706 0.99999988079071045 0
1044 -0.00055900076404213905 0.99999988079071045 -0
1045 -0.00055912073003128171 0.99999988079071045 0
1046 -0.00055440433789044619 0.99999988079071045 0
1047 -0.00064186914823949337 0.99999982118606567 0
1048 -0.00061805284349247813 0.99999982118606567 0
1049 -0.00062734528910368681 0.99999982118606567 0
1050 -0.00061285658739507198 0.99999982118606567 0
1051 -0.00055843906011432409 0.99999988079071045 0
1052 -0.00065433327108621597 0.99999982118606567 0
1053 -0.00062479398911818862 0.99999982118606567 -0
1054 -0.00053301348816603422 0.99999988079071045 -0
1055 -0.00059185491409152746 0.99999982118606567 0
1056 -0.00057087675668299198 0.99999988079071045 0
1057 -0.00062481156783178449 0.99999982118606567 0
1058 -0.00057639775332063437 0.99999982118606567 0
1059 -0.00064467795891687274 0.99999982118606567 0
1060 -0.00064361881231889129 0.99999982118606567 -0
1061 -0.00064046768238767982 0.99999982118606567 0
1062 -0.00060750229749828577 0.99999982118606567 0
1063 -0.00063602626323699951 0.99999982118606567 0
1064 -0.00058640993665903807 0.99999982118606567 0
1065 -0.00064439710695296526 0.99999982118606567 -0
1066 -0.00055666017578914762 0.99999988079071045 0
1067 -0.00052661763038486242 0.99999988079071045 0
1068 -0.00053882127394899726 0.99999988079071045 0
1069 -0.00056015356676653028 0.99999988079071045 0
1070 -0.00062594091286882758 0.99999982118606567 0
1071 -0.00058675516629591584 0.99999982118606567 -0
1072 -0.00055554247228428721 0.99999988079071045 -0
1073 -0.00058888812782242894 0.99999982118606567 -0
1074 -0.00062447797972708941 0.99999982118606567 0
1075 -0.00062896328745409846 0.99999982118606567 0
1076 -0.00068335753167048097 0.9999997615814209 0
1077 -0.00062212854390963912 0.99999982118606567 0
1078 -0.0006483148317784071 0.99999982118606567 0
1079 -0.00065043021459132433 0.99999982118606567 0
1080 -0.00063259131275117397 0.99999982118606567 0
1081 -0.00062222511041909456 0.99999982118606567 0
1082 -0.0005454658530652523 0.99999988079071045 0
1083 -0.00056520063662901521 0.99999988079071045 -0
1084 -0.00063712638802826405 0.99999982118606567 -0
1085 -0.00062142341630533338 0.99999982118606567 0
1086 -0.00061518262373283505 0.99999982118606567 0
1087 -0.00063102017156779766 0.99999982118606567 0
1088 -0.00055423466255888343 0.99999988079071045 0
1089 -0.0005490471376106143 0.99999988079071045 0
1090 -0.00063793099252507091 0.99999982118606567 0
1091 -0.00061531719984486699 0.99999982118606567 0
1092 -0.00054137845290824771 0.99999988079071045 0
1093 -0.00060464668786153197 0.99999982118606567 0
1094 -0.00067408260656520724 0.9999997615814209 -0
1095 -0.00061063002794981003 0.99999982118606567 0
1096 -0.00063716148724779487 0.99999982118606567 -0
1097 -0.000557435501832515 0.99999988079071045 0
1098 -0.00055518554290756583 0.99999988079071045 0
1099 -0.00061299698427319527 0.99999982118606567 0
1100 -0.00065099488710984588 0.99999982118606567 -0
1101 -0.00055453600361943245 0.99999988079071045 0
1102 -0.00056397175649181008 0.99999988079071045 0
1103 -0.00061587605159729719 0.99999982118606567 -0
1104 -0.00052581593627110124 0.99999988079071045 -0
1105 -0.00061005947645753622 0.99999982118606567 0
1106 -0.00063229876104742289 0.99999982118606567 0
1107 -0.00062832253752276301 0.99999982118606567 0
1108 -0.00067233294248580933 0.9999997615814209 -0
1109 -0.00055232405429705977 0.99999988079071045 -0
1110 -0.00063076271908357739 0.99999982118606567 0
1111 -0.00053966388804838061 0.99999988079071045 0
1112 -0.00065056479070335627 0.99999982118606567 0
1113 -0.00054822786478325725 0.99999988079071045 0
1114 -0.00063047592993825674 0.99999982118606567 0
1115 -0.00055866432376205921 0.99999988079071045 0
1116 -0.00057632749667391181 0.99999982118606567 0
1117 -0.00058321782853454351 0.99999982118606567 0
1118 -0.00056048709666356444 0.99999988079071045 0
1119 -0.0005360241630114615 0.99999988079071045 -0
1120 -0.0005272291018627584 0.99999988079071045 -0
1121 -0.00055458571296185255 0.99999988079071045 0
1122 -0.00061569170793518424 0.99999982118606567 -0
1123 -0.00056316715199500322 0.99999988079071045 0
1124 -0.00062151998281478882 0.99999982118606567 0
1125 -0.0005526253953576088 0.99999988079071045 0
1126 -0.00062724290182814002 0.99999982118606567 0
1127 -0.00054805818945169449 0.99999988079071045 0
1128 -0.00062261422863230109 0.99999982118606567 -0
1129 -0.00054306373931467533 0.99999988079071045 -0
1130 -0.00055524404160678387 0.99999988079071045 0
1131 -0.0005403895047493279 0.99999988079071045 0
1132 -0.000603868393227458 0.99999982118606567 -0
1133 -0.00059594819322228432 0.99999982118606567 -0
1134 -0.00070303666871041059 0.9999997615814209 -0
1135 -0.00058840244309976697 0.99999982118606567 0
1136 -0.00062290095956996083 0.99999982118606567 0
1137 -0.00062597310170531273 0.99999982118606567 0
1138 -0.00054751103743910789 0.99999988079071045 0
1139 -0.00062717270338907838 0.99999982118606567 0
1140 -0.00060885987477377057 0.99999982118606567 0
1141 -0.00053262140136212111 0.99999988079071045 0
1142 -0.00055077631259337068 0.99999988079071045 0
1143 -0.00062764959875494242 0.99999982118606567 0
1144 -0.00060602184385061264 0.99999982118606567 0
1145 -0.00070505845360457897 0.9999997615814209 0
1146 -0.00054268044186756015 0.99999988079071045 0
1147 -0.00054059142712503672 0.99999988079071045 0
1148 -0.00056169251911342144 0.99999988079071045 0
1149 -0.00058102642651647329 0.99999982118606567 0
1150 -0.00055490172235295177 0.99999988079071045 -0
1151 -0.00065160932717844844 0.99999982118606567 -0
1152 -0.00058815960073843598 0.99999982118606567 0
1153 -0.00063786952523514628 0.99999982118606567 -0
1154 -0.00063556985696777701 0.99999982118606567 0
1155 -0.00070138357114046812 0.9999997615814209 -0
1156 -0.00059854629216715693 0.99999982118606567 0
1157 -0.0006506876670755446 0.99999982118606567 0
1158 -0.0005412906757555902 0.99999988079071045 0
1159 -0.00054686149815097451 0.99999988079071045 0
1160 -0.00062682450516149402 0.99999982118606567 -0
1161 -0.00064732297323644161 0.99999982118606567 0
1162 -0.00061492808163166046 0.99999982118606567 -0
1163 -0.00056124490220099688 0.99999988079071045 0
1164 -0.00063259131275117397 0.99999982118606567 -0
1165 -0.00055853853700682521 0.99999988079071045 0
1166 -0.00062611355679109693 0.99999982118606567 0
1167 -0.00054126139730215073 0.99999988079071045 0
1168 -0.0006911197560839355 0.9999997615814209 0
1169 -0.00065941252978518605 0.99999982118606567 -0
1170 -0.00057781091891229153 0.99999982118606567 0
1171 -0.00057585351169109344 0.99999982118606567 0
1172 -0.00065016397275030613 0.99999982118606567 -0
1173 -0.00062376115238294005 0.99999982118606567 0
1174 -0.00057446962455287576 0.99999982118606567 0
1175 -0.00059164426056668162 0.99999982118606567 -0
1176 -0.00062689476180821657 0.99999982118606567 -0
1177 -0.00058106443611904979 0.99999982118606567 0
1178 -0.00069584790617227554 0.9999997615814209 0
1179 -0.00064983626361936331 0.99999982118606567 0
1180 -0.00063195935217663646 0.99999982118606567 0
1181 -0.00063092651544138789 0.99999982118606567 0
1182 -0.00062966841505840421 0.99999982118606567 0
1183 -0.00065656861988827586 0.99999982118606567 -0
1184 -0.0006257858476601541 0.99999982118606567 -0
1185 -0.00062102259835228324 0.99999982118606567 0
1186 -0.00065383588662371039 0.99999982118606567 -0
1187 -0.000532571692019701 0.99999988079071045 -0
1188 -0.00055239431094378233 0.99999988079071045 0
1189 -0.00061556592117995024 0.99999982118606567 -0
1190 -0.00056358554866164923 0.99999988079071045 0
1191 -0.00064005219610407948 0.99999982118606567 0
1192 -0.00056040514027699828 0.99999988079071045 0
1193 -0.00061609549447894096 0.99999982118606567 -0
1194 -0.00054998043924570084 0.99999988079071045 -0
1195 -0.00055418780539184809 0.99999988079071045 0
1196 -0.00053374201525002718 0.99999988079071045 0
1197 -0.00066440110094845295 0.99999982118606567 0
1198 -0.00055532599799335003 0.99999988079071045 0
1199 -0.00054598378483206034 0.99999988079071045 0
1200 -0.00055439263815060258 0.99999988079071045 0
1201 -0.00055741501273587346 0.99999988079071045 0
1202 -0.00054780952632427216 0.99999988079071045 0
1203 -0.00062295072712004185 0.99999982118606567 0
1204 -0.00063678697915747762 0.99999982118606567 -0
1205 -0.00068076228490099311 0.9999997615814209 -0
1206 -0.00055771053303033113 0.99999988079071045 0
1207 -0.00063798658084124327 0.99999982118606567 0
1208 -0.00063424441032111645 0.99999982118606567 0
1209 -0.0006392768700607121 0.99999982118606567 0
1210 -0.00064516073325648904 0.99999982118606567 0
1211 -0.00063604966271668673 0.99999982118606567 -0
1212 -0.00064072810346260667 0.99999982118606567 -0
1213 0.290260910987854 -0.95694702863693237 -0.00098307454027235508
1214 0.29030331969261169 0.95693439245223999 -0.00077832175884395838
1215 0.82642257213592529 0.56304901838302612 -0.0012600397458299994
1216 0.83521527051925659 0.54992175102233887 -0.0012662730878219008
1217 0.22240230441093445 -0.97495472431182861 -0.00073656358290463686
1218 0.22238638997077942 0.97495818138122559 -0.00094959093257784843
1219 0.24023894965648651 0.97071313858032227 -0.0011465153656899929
1220 0.24035678803920746 -0.97068440914154053 -0.00063919933745637536
1221 0.70314520597457886 0.71104490756988525 -0.0014097871026024222
1222 0.70521622896194458 -0.70899194478988647 -0.00072872894816100597
1223 0.38019809126853943 0.92490428686141968 -0.0012266626581549644
1224 0.37516003847122192 -0.92695987224578857 -0.00057931971969082952
1225 0.92109405994415283 0.38933849334716797 -0.0011607104679569602
1226 0.92312753200531006 0.38449215888977051 -0.0011974535882472992
1227 0.71193993091583252 0.70223885774612427 -0.0014489276800304651
1228 0.9807848334312439 -0.19509023427963257 -0.00097143521998077631
1229 0.9807848334312439 -0.19509023427963257 -0.00097688613459467888
1230 0.92387926578521729 -0.38268333673477173 -0.00079193821875378489
1231 0.92387926578521729 -0.38268333673477173 -0.00079095223918557167
1232 -0.0012217345647513866 0 -0.9999992847442627
1233 -0.0012321944814175367 0 -0.9999992847442627
1234 0.98078459501266479 0.19509018957614899 -0.0012083371402695775
1235 0.98078453540802002 0.19509017467498779 -0.0012208479456603527
1236 0.83146929740905762 -0.55557006597518921 -0.00083743489813059568
1237 0.83146929740905762 -0.55557006597518921 -0.00084152817726135254
1238 0.70808357000350952 -0.70612829923629761 -0.00073789223097264767
1239 0.24008440971374512 0.97075146436691284 -0.0010483042569831014
1240 0.083948232233524323 0.99646967649459839 -0.00094606378115713596
1241 0.24003419280052185 -0.97076416015625 -0.00072913715848699212
1242 0.23987683653831482 0.97080278396606445 -0.0010192180052399635
1243 0.23982301354408264 -0.97081637382507324 -0.00074635236524045467
1244 0.40461054444313049 0.91448861360549927 -0.00098828133195638657
1245 0.40462693572044373 -0.91448146104812622 -0.0008525727316737175
1246 0.083900205790996552 -0.99647396802902222 -0.00072606763569638133
1247 0.084977611899375916 0.99638241529464722 -0.00091503397561609745
1248 0.084930837154388428 -0.99638664722442627 -0.00071510870475322008
1249 0.082855425775051117 0.99656116962432861 -0.0009493452962487936
1250 0.082819476723670959 -0.99656432867050171 -0.00072613032534718513
1251 0.88190418481826782 0.47142708301544189 -0.001227103522978723
1252 0.83148503303527832 0.55554568767547607 -0.0013150839367881417
1253 0.92387443780899048 0.38269388675689697 -0.0011779075721278787
1254 0.95676678419113159 0.29085415601730347 -0.0011113020591437817
1255 0.99517828226089478 0.098076142370700836 -0.0011248597875237465
1256 0.98077851533889771 0.19512145221233368 -0.0011031588073819876
1257 0.99516433477401733 -0.098220452666282654 -0.00087545695714652538
1258 -0.0011669278610497713 0.028920985758304596 -0.99958103895187378
1259 0.95684266090393066 -0.29060494899749756 -0.00095715356292203069
1260 0.99515998363494873 0.098261810839176178 -0.0011370667489245534
1261 0.98078233003616333 -0.1951032429933548 -0.00091393128968775272
1262 0.92389476299285889 -0.38264560699462891 -0.00089279160602018237
1263 0.8817371129989624 -0.47174054384231567 -0.00076384050771594048
1264 0.95686203241348267 -0.29054123163223267 -0.00096007011597976089
1265 0.83144927024841309 -0.55560028553009033 -0.00067750574089586735
1266 0.92384856939315796 -0.38275712728500366 -0.00087109638843685389
1267 0.47135242819786072 0.88194334506988525 -0.0016931156860664487
1268 0.5602070689201355 0.82835096120834351 -0.0016514689195901155
1269 0.95695042610168457 0.29024839401245117 -0.0013266463065519929
1270 0.77404522895812988 0.6331290602684021 -0.0012960328022018075
1271 0.99518203735351562 -0.098040789365768433 -0.00083887617802247405
1272 -0.0011535596568137407 -0.028385896235704422 -0.99959641695022583
1273 0.88191020488739014 -0.47141671180725098 -0.00080564920790493488
1274 0.77292823791503906 0.63449192047119141 -0.0013950308784842491
1275 0.7081182599067688 0.70609200000762939 -0.0016299127601087093
1276 0.47139900922775269 -0.88192003965377808 -8.9643770479597151e-05
1277 0.9951813817024231 0.098045729100704193 -0.0010141042293980718
1278 0.6343761682510376 -0.77302414178848267 -0.00075468473369255662
1279 0.70862609148025513 0.70558232069015503 -0.0016571412561461329
1280 0.9569476842880249 -0.29025900363922119 -0.00094171019736677408
1281 0.77298247814178467 0.6344255805015564 -0.0015048793284222484
1282 0.63435471057891846 0.7730402946472168 -0.0016919719055294991
1283 0.77302026748657227 -0.63438117504119873 -0.000548235431779176
1284 0.63441765308380127 0.77298974990844727 -0.0010961629450321198
1285 0.88193100690841675 -0.47137799859046936 -0.00074183812830597162
1286 0.8314669132232666 -0.55557388067245483 -0.00066282914485782385
1287 0.99518710374832153 -0.097987771034240723 -0.0010373409604653716
1288 0.98078441619873047 -0.19509255886077881 -0.00093715457478538156
1289 0.98079079389572144 0.1950596421957016 -0.0010983373504132032
1290 0.95693033933639526 0.29031544923782349 -0.0011395721230655909
1291 0.88160848617553711 0.47197964787483215 -0.0013228264870122075
1292 0.82487720251083374 0.56531041860580444 -0.0013333023525774479
1293 0.77366715669631958 -0.63359189033508301 -0.0007033461588434875
1294 0.92386144399642944 0.38272517919540405 -0.0011849789880216122
1295 0.8314211368560791 0.55564117431640625 -0.0013193164486438036
1296 0.70759451389312744 -0.7066185474395752 -0.0004948426503688097
1297 0.63440102338790894 -0.77300405502319336 -0.00035114880301989615
1298 0.55927151441574097 -0.82898449897766113 -0.00039377182838506997
1299 0.88187271356582642 0.47148585319519043 -0.0012614428997039795
1300 0.77294808626174927 -0.63446897268295288 -0.00065427308436483145
1301 0.70794928073883057 -0.70626318454742432 -0.00050222506979480386
1302 0.56079548597335815 -0.82795405387878418 -0.00075875461334362626
1303 0.56081926822662354 0.82793748378753662 -0.0011438078945502639
1304 0.29029539227485657 -0.95693701505661011 -0.00044575004721991718
1305 0.29025182127952576 0.95694935321807861 -0.0013461144408211112
1306 0.64102613925933838 0.76751744747161865 -0.0015939000295475125
1307 0.64074915647506714 -0.76775026321411133 -0.00040155011811293662
1308 0.69877737760543823 0.71533775329589844 -0.0014771139249205589
1309 0.69917190074920654 -0.71495342254638672 -0.00060176511760801077
1310 0.074271626770496368 -0.99723780155181885 -0.00070177274756133556
1311 0.4009765088558197 -0.9160882830619812 -0.00035005464451387525
1312 0.40073859691619873 0.91619133949279785 -0.0014134128578007221
1313 0.098026812076568604 -0.99518370628356934 -0.00040560538764111698
1314 0.5609443187713623 0.82785201072692871 -0.0016200467944145203
1315 0.56035476922988892 -0.82825261354446411 -0.00040616493788547814
1316 0.073018103837966919 0.99733024835586548 -0.000843842513859272
1317 0.073018111288547516 -0.99733030796051025 -0.00076296657789498568
1318 0.073018096387386322 0.99733012914657593 -0.0010002605849877
1319 0.097990766167640686 -0.99518674612045288 -0.0010617774678394198
1320 0.098030261695384979 0.99518328905105591 -0.00052992621203884482
1321 0.097983598709106445 0.99518710374832153 -0.0013493942096829414
1322 0.56447499990463257 -0.82544982433319092 -0.0007989720324985683
1323 0.56447368860244751 0.82545030117034912 -0.0011235682759433985
1324 0.22919155657291412 0.97338080406188965 -0.001027706079185009
1325 0.22915442287921906 -0.97338986396789551 -0.00071326567558571696
1326 0.83509594202041626 -0.55010366439819336 -0.00091533776139840484
1327 0.92402267456054688 0.38233634829521179 -0.0010345507180318236
1328 0.92126697301864624 0.38892912864685059 -0.0011368878185749054
1329 -0.0012987172231078148 -0.031550474464893341 -0.99950134754180908
1330 0.97948169708251953 0.20152905583381653 -0.0012874206295236945
1331 0.92133164405822754 -0.38877710700035095 -0.00067661050707101822
1332 0.98204094171524048 -0.18866497278213501 -0.0010591023601591587
1333 0.71661376953125 0.69746851921081543 -0.0015466352924704552
1334 0.92644298076629639 -0.37643459439277649 -0.00064388650935143232
1335 0.97945588827133179 -0.20165564119815826 -0.0010801033349707723
1336 -0.0013420145260170102 0.032238159328699112 -0.99947935342788696
1337 0.98206645250320435 0.18852919340133667 -0.0014999177074059844
1338 0.82772201299667358 -0.56113755702972412 -0.00097800674848258495
1339 0.71230173110961914 -0.70187318325042725 -0.00063376309117302299
1340 0.3949829638004303 0.91868776082992554 -0.0011364596430212259
1341 0.55584770441055298 0.8312835693359375 -0.00099713832605630159
1342 0.55590164661407471 -0.83124768733978271 -0.00083855754928663373
1343 0.39367946982383728 -0.91924762725830078 -0.000645435880869627
1344 0.39968213438987732 -0.91665339469909668 -0.00084806786617264152
1345 0.39963534474372864 0.91667371988296509 -0.0010040386114269495
1346 0.51045447587966919 0.85990393161773682 -0.0012098293518647552
1347 0.50588762760162354 -0.86259913444519043 -0.00071559863863512874
1348 0.39829638600349426 -0.91725671291351318 -0.00035547633888199925
1349 0.39825722575187683 0.91727274656295776 -0.0013846029760316014
1350 0.47136023640632629 -0.88194000720977783 -0.0011776227038353682
1351 0.47141775488853455 0.88190972805023193 -0.00068774301325902343
1352 0.39636656641960144 -0.91809189319610596 -0.00090559443924576044
1353 0.39633524417877197 0.91810542345046997 -0.00093959912192076445
1354 0.64307141304016113 0.76580458879470825 -0.0015781909460201859
1355 0.64263814687728882 -0.76616978645324707 -0.00040076466393657029
1356 0.88194435834884644 0.47135147452354431 -0.0013582468964159489
1357 0.83588892221450806 0.54889708757400513 -0.0013301598373800516
1358 0.9566270112991333 0.29131361842155457 -0.0010804678313434124
1359 0.99517512321472168 -0.098110698163509369 -0.00093916762853041291
1360 0.88176405429840088 -0.47168999910354614 -0.00078485708218067884
1361 0.77304446697235107 0.63434988260269165 -0.0015761149115860462
1362 0.95693081617355347 -0.29031485319137573 -0.00084505433915182948
1363 0.99518871307373047 0.097968578338623047 -0.0013030517147853971
1364 0.77299141883850098 -0.63441598415374756 -0.0007909463020041585
1365 0.077374160289764404 -0.99700188636779785 -0.0006933836848475039
1366 0.077435880899429321 0.99699699878692627 -0.00086127145914360881
1367 0.077438615262508392 -0.99699687957763672 -0.00075110787292942405
1368 0.076679259538650513 0.99705535173416138 -0.00099307100754231215
1369 0.22900424897670746 0.97342473268508911 -0.0011554877273738384
1370 0.56639862060546875 0.82413077354431152 -0.0010952223092317581
1371 0.56637293100357056 -0.82414871454238892 -0.00083045742940157652
1372 0.23068182170391083 -0.97302907705307007 -0.00063840416260063648
1373 0.23369772732257843 0.97230863571166992 -0.0011242460459470749
1374 0.23508797585964203 -0.97197389602661133 -0.00066416722256690264
1375 0.50776892900466919 0.86149245500564575 -0.0012012829538434744
1376 0.50225985050201416 -0.86471652984619141 -0.00070067512569949031
1377 -0.00081294280244037509 -0.99999970197677612 0
1378 -0.00069620489375665784 -0.9999997615814209 -0
1379 -0.00071535154711455107 -0.9999997615814209 0
1380 -0.00068811787059530616 -0.9999997615814209 -0
1381 -0.00070813932688906789 -0.9999997615814209 -0
1382 -0.00071865483187139034 -0.9999997615814209 0
1383 -0.00070895272074267268 -0.9999997615814209 0
1384 -0.00083107122918590903 -0.99999964237213135 -0
1385 -0.00070437963586300611 -0.9999997615814209 0
1386 -0.0008416481432504952 -0.99999964237213135 0
1387 -0.00072701391763985157 -0.9999997615814209 0
1388 -0.00062564248219132423 -0.99999982118606567 0
1389 -0.00065132550662383437 -0.99999982118606567 0
1390 -0.00073686236282810569 -0.9999997615814209 -0
1391 -0.00079949566861614585 -0.99999970197677612 0
1392 -0.00068843091139569879 -0.9999997615814209 0
1393 -0.00071510282577946782 -0.9999997615814209 0
1394 -0.00069872400490567088 -0.9999997615814209 -0
1395 -0.00076293147867545485 -0.99999970197677612 0
1396 -0.00081559654790908098 -0.99999970197677612 0
1397 -0.00069241592427715659 -0.9999997615814209 0
1398 -0.00070290797157213092 -0.9999997615814209 0
1399 -0.00070971052628010511 -0.9999997615814209 0
1400 -0.00076908158371224999 -0.99999970197677612 0
1401 -0.00070312741445377469 -0.9999997615814209 0
1402 -0.0007709600031375885 -0.99999970197677612 -0
1403 -0.00069149135379120708 -0.9999997615814209 0
1404 -0.00082503823796287179 -0.99999970197677612 0
1405 -0.00063240114832296968 -0.99999982118606567 -0
1406 -0.00077352009247988462 -0.99999970197677612 -0
1407 -0.0008447056170552969 -0.99999964237213135 0
1408 -0.00071097741601988673 -0.9999997615814209 -0
1409 -0.00068389292573556304 -0.9999997615814209 0
1410 -0.00085733353625983 -0.99999964237213135 -0
1411 -0.00065091298893094063 -0.99999982118606567 0
1412 -0.00081005209358409047 -0.99999970197677612 -0
1413 -0.00069456640630960464 -0.9999997615814209 -0
1414 -0.0007300684810616076 -0.9999997615814209 -0
1415 -0.00070422166027128696 -0.9999997615814209 -0
1416 -0.00069941743277013302 -0.9999997615814209 0
1417 -0.00069049658486619592 -0.9999997615814209 -0
1418 -0.00073709053685888648 -0.9999997615814209 0
1419 -0.00082775630289688706 -0.99999970197677612 0
1420 -0.00079452467616647482 -0.99999970197677612 0
1421 -0.00077533413423225284 -0.99999970197677612 -0
1422 -0.0008316973689943552 -0.99999964237213135 -0
1423 -0.00064247776754200459 -0.99999982118606567 0
1424 -0.00064226414542645216 -0.99999982118606567 0
1425 -0.0007573168259114027 -0.99999970197677612 0
1426 -0.00071421632310375571 -0.9999997615814209 -0
1427 -0.00070580159081146121 -0.9999997615814209 -0
1428 -0.00064764480339363217 -0.99999982118606567 -0
1429 -0.00076132226968184114 -0.99999970197677612 -0
1430 -0.00067144935019314289 -0.9999997615814209 0
1431 -0.00069943792186677456 -0.9999997615814209 -0
1432 -0.0007032649009488523 -0.9999997615814209 -0
1433 -0.00081825611414387822 -0.99999970197677612 0
1434 -0.00069992069620639086 -0.9999997615814209 -0
1435 -0.00083955615991726518 -0.99999964237213135 -0
1436 -0.00079236249439418316 -0.99999970197677612 0
1437 -0.00076586904469877481 -0.99999970197677612 -0
1438 -0.00071900885086506605 -0.9999997615814209 -0
1439 -0.00075245415791869164 -0.9999997615814209 -0
1440 -0.00078697892604395747 -0.99999970197677612 0
1441 -0.00070305133704096079 -0.9999997615814209 0
1442 -0.00076787325087934732 -0.99999970197677612 -0
1443 -0.00074237462831661105 -0.9999997615814209 0
1444 -0.00062455114675685763 -0.99999982118606567 0
1445 -0.00069650623481720686 -0.9999997615814209 0
1446 -0.00069162301952019334 -0.9999997615814209 0
1447 -0.00072785658994689584 -0.9999997615814209 0
1448 -0.00077972578583285213 -0.99999970197677612 -0
1449 -0.00069300690665841103 -0.9999997615814209 -0
1450 -0.00062889890978112817 -0.99999982118606567 -0
1451 -0.00074466847581788898 -0.9999997615814209 0
1452 -0.00064743414986878633 -0.99999982118606567 0
1453 -0.0007499700877815485 -0.9999997615814209 0
1454 -0.00080584181705489755 -0.99999970197677612 -0
1455 -0.00067977339494973421 -0.9999997615814209 0
1456 -0.00070044148014858365 -0.9999997615814209 0
1457 -0.00077830092050135136 -0.99999970197677612 0
1458 -0.00072407640982419252 -0.9999997615814209 -0
1459 -0.00063841667724773288 -0.99999982118606567 -0
1460 -0.0007430914556607604 -0.9999997615814209 -0
1461 -0.00085448671597987413 -0.99999964237213135 0
1462 -0.00073589390376582742 -0.9999997615814209 0
1463 -0.00069400464417412877 -0.9999997615814209 -0
1464 -0.0008338039624504745 -0.99999964237213135 0
1465 -0.00076663854997605085 -0.99999970197677612 0
1466 -0.0006655363249592483 -0.99999982118606567 -0
1467 -0.00069788721157237887 -0.9999997615814209 0
1468 -0.00079066253965720534 -0.99999970197677612 -0
1469 -0.00082920747809112072 -0.99999964237213135 0
1470 -0.00085076794493943453 -0.99999964237213135 0
1471 -0.00083831558004021645 -0.99999964237213135 -0
1472 -0.00075112871127203107 -0.9999997615814209 -0
1473 -0.00069946720032021403 -0.9999997615814209 -0
1474 -0.00082399370148777962 -0.99999970197677612 -0
1475 -0.00073544040787965059 -0.9999997615814209 -0
1476 -0.00068223400739952922 -0.9999997615814209 0
1477 -0.00070510816294699907 -0.9999997615814209 0
1478 -0.00068066577659919858 -0.9999997615814209 0
1479 -0.00068152887979522347 -0.9999997615814209 0
1480 -0.0006907013594172895 -0.9999997615814209 -0
1481 -0.00076985987834632397 -0.99999970197677612 -0
1482 -0.0006994320428930223 -0.9999997615814209 -0
1483 -0.0007109189173206687 -0.9999997615814209 -0
1484 -0.00068391638342291117 -0.9999997615814209 -0
1485 -0.00082945910980924964 -0.99999964237213135 0
1486 -0.00078997499076649547 -0.99999970197677612 -0
1487 -0.00075211474904790521 -0.9999997615814209 0
1488 -0.00083289988106116652 -0.99999964237213135 0
1489 -0.00077543064253404737 -0.99999970197677612 -0
1490 -0.00067957735154777765 -0.9999997615814209 0
1491 -0.00081437063636258245 -0.99999970197677612 0
1492 -0.00069777603494003415 -0.9999997615814209 0
1493 -0.00078108924208208919 -0.99999970197677612 0
1494 -0.00069031806197017431 -0.9999997615814209 -0
1495 -0.0007211476331576705 -0.9999997615814209 0
1496 -0.00067693239543586969 -0.9999997615814209 0
1497 -0.00086127169197425246 -0.99999964237213135 -0
1498 -0.00086256494978442788 -0.99999964237213135 -0
1499 -0.00085578870493918657 -0.99999964237213135 -0
1500 -0.00071670912439003587 -0.9999997615814209 0
1501 -0.00069489993620663881 -0.9999997615814209 0
1502 -0.00070988899096846581 -0.9999997615814209 -0
1503 -0.00081241910811513662 -0.99999970197677612 -0
1504 -0.0006177281029522419 -0.99999982118606567 -0
1505 -0.00072887766873463988 -0.9999997615814209 0
1506 -0.00078981113620102406 -0.99999970197677612 0
1507 -0.00074056937592104077 -0.9999997615814209 -0
1508 -0.0007605147548019886 -0.99999970197677612 -0
1509 -0.00083044217899441719 -0.99999964237213135 0
1510 -0.00067151663824915886 -0.9999997615814209 0
1511 -0.00083595153409987688 -0.99999964237213135 -0
1512 -0.00071323616430163383 -0.9999997615814209 0
1513 -0.00069577182875946164 -0.9999997615814209 0
1514 -0.00080010714009404182 -0.99999970197677612 0
1515 -0.00061987270601093769 -0.99999982118606567 0
1516 -0.00068595859920606017 -0.9999997615814209 0
1517 -0.00070787605363875628 -0.9999997615814209 -0
1518 -0.0007100938237272203 -0.9999997615814209 -0
1519 -0.00062865315703675151 -0.99999982118606567 0
1520 -0.00065147184068337083 -0.99999982118606567 -0
1521 -0.00083603052189573646 -0.99999964237213135 0
1522 -0.00068159325746819377 -0.9999997615814209 0
1523 -0.00068895466392859817 -0.9999997615814209 0
1524 -0.00063634809339419007 -0.99999982118606567 0
1525 -0.00083627336425706744 -0.99999964237213135 0
1526 -0.00069595617242157459 -0.9999997615814209 -0
1527 -0.00064189551630988717 -0.99999982118606567 0
1528 -0.0008540712296962738 -0.99999964237213135 0
1529 -0.00087499391520395875 -0.99999964237213135 -0
1530 -0.00085637386655434966 -0.99999964237213135 -0
1531 -0.00071524915983900428 -0.9999997615814209 -0
1532 -0.00074931763811036944 -0.9999997615814209 0
1533 -0.00083149841520935297 -0.99999964237213135 0
1534 -0.00081122829578816891 -0.99999970197677612 0
1535 -0.00075379409827291965 -0.99999970197677612 0
1536 -0.00070804281858727336 -0.9999997615814209 0
1537 -0.00068053411087021232 -0.9999997615814209 0
1538 -0.00085159891750663519 -0.99999964237213135 -0
1539 -0.00063284294446930289 -0.99999982118606567 0
1540 -0.00064420688431710005 -0.99999982118606567 0
1541 -0.00064403429860249162 -0.99999982118606567 0
1542 -0.00063953432254493237 -0.99999982118606567 -0
1543 -0.00066475803032517433 -0.99999982118606567 0
1544 -0.00063451653113588691 -0.99999982118606567 -0
1545 -0.00063940853578969836 -0.99999982118606567 0
1546 -0.00081995310029014945 -0.99999970197677612 0
1547 -0.00063427077839151025 -0.99999982118606567 0
1548 -0.00070002017309889197 -0.9999997615814209 -0
1549 -0.00067958614090457559 -0.9999997615814209 0
1550 -0.00078966194996610284 -0.99999970197677612 0
1551 -0.00074116920586675406 -0.9999997615814209 0
1552 -0.00075992959318682551 -0.99999970197677612 0
1553 -0.00084236788097769022 -0.99999964237213135 -0
1554 -0.00064705085242167115 -0.99999982118606567 0
1555 -0.00069372961297631264 -0.9999997615814209 0
1556 -0.00067752925679087639 -0.9999997615814209 0
1557 -0.00071748741902410984 -0.9999997615814209 -0
1558 -0.00071301672141999006 -0.9999997615814209 0
1559 -0.00082256883615627885 -0.99999970197677612 0
1560 -0.00067450979258865118 -0.9999997615814209 0
1561 -0.0008382833912037313 -0.99999964237213135 0
1562 -0.00082702486542984843 -0.99999970197677612 -0
1563 -0.00082435942022129893 -0.99999970197677612 -0
1564 -0.00064293417381122708 -0.99999982118606567 -0
1565 -0.00063872098689898849 -0.99999982118606567 0
1566 -0.00080299790715798736 -0.99999970197677612 0
1567 -0.00067834265064448118 -0.9999997615814209 -0
1568 -0.00081557896919548512 -0.99999970197677612 0
1569 -0.00064473063684999943 -0.99999982118606567 0
1570 -0.00063166971085593104 -0.99999982118606567 -0
1571 -0.00068939646007493138 -0.9999997615814209 -0
1572 -0.00087298970902338624 -0.99999964237213135 0
1573 -0.00079269602429121733 -0.99999970197677612 -0
1574 -0.00073540821904316545 -0.9999997615814209 -0
1575 -0.00074268184835091233 -0.9999997615814209 -0
1576 -0.00070510816294699907 -0.9999997615814209 -0
1577 -0.00086044368799775839 -0.99999964237213135 -0
1578 -0.00068980897776782513 -0.9999997615814209 0
1579 -0.0006836325628682971 -0.9999997615814209 -0
1580 -0.00082636653678491712 -0.99999970197677612 0
1581 -0.00062877312302589417 -0.99999982118606567 -0
1582 -0.0008249855600297451 -0.99999970197677612 0
1583 -0.00067436054814606905 -0.9999997615814209 0
1584 -0.0006844312883913517 -0.9999997615814209 0
1585 -0.00071833591209724545 -0.9999997615814209 -0
1586 -0.000702782126609236 -0.9999997615814209 0
1587 -0.0008126238826662302 -0.99999970197677612 -0
1588 -0.00068902195198461413 -0.9999997615814209 -0
1589 -0.00067350914468988776 -0.9999997615814209 0
1590 -0.00082164717605337501 -0.99999970197677612 0
1591 -0.00068365008337423205 -0.9999997615814209 0
1592 -0.00063578051049262285 -0.99999982118606567 0
1593 -0.00081240152940154076 -0.99999970197677612 -0
1594 -0.00063429999863728881 -0.99999982118606567 -0
1595 -0.00064694846514612436 -0.99999982118606567 -0
1596 -0.00067926134215667844 -0.9999997615814209 0
1597 -0.00063979474361985922 -0.99999982118606567 -0
1598 -0.00082816003123298287 -0.99999964237213135 -0
1599 -0.00063793390290811658 -0.99999982118606567 -0
1600 -0.00063048471929505467 -0.99999982118606567 0
1601 -0.00088129326468333602 -0.99999964237213135 -0
1602 -0.00067709037102758884 -0.9999997615814209 0
1603 -0.00064070470398291945 -0.99999982118606567 -0
1604 -0.00065335608087480068 -0.99999982118606567 0
1605 -0.00063038821099326015 -0.99999982118606567 0
1606 -0.00072525552241131663 -0.9999997615814209 -0
1607 -0.00070235790917649865 -0.9999997615814209 0
1608 -0.00079857400851324201 -0.99999970197677612 -0
1609 -0.00064369197934865952 -0.99999982118606567 0
1610 -0.00073178595630452037 -0.9999997615814209 -0
1611 -0.00079149933299049735 -0.99999970197677612 -0
1612 -0.00071026058867573738 -0.9999997615814209 -0
1613 -0.00063088262686505914 -0.99999982118606567 -0
1614 -0.00068574497709050775 -0.9999997615814209 0
1615 -0.00064305996056646109 -0.99999982118606567 -0
1616 -0.00083427794743329287 -0.99999964237213135 0
1617 -0.00082220893818885088 -0.99999970197677612 0
1618 -0.00067606050288304687 -0.9999997615814209 -0
1619 -0.00085684197256341577 -0.99999964237213135 -0
1620 -0.00064863375155255198 -0.99999982118606567 -0
1621 -0.00062620715470984578 -0.99999982118606567 0
1622 -0.00067486672196537256 -0.9999997615814209 -0
1623 -0.00079556921264156699 -0.99999970197677612 -0
1624 -0.00078671559458598495 -0.99999970197677612 0
1625 -0.00064872152870520949 -0.99999982118606567 0
1626 -0.00075098243542015553 -0.9999997615814209 -0
1627 -0.00071320688584819436 -0.9999997615814209 -0
1628 -0.00072131148772314191 -0.9999997615814209 -0
1629 -0.00063457799842581153 -0.99999982118606567 -0
1630 -0.00066755514126271009 -0.99999982118606567 -0
1631 -0.00067199359182268381 -0.9999997615814209 0
1632 -0.00067429326009005308 -0.9999997615814209 -0
1633 -0.00065610924502834678 -0.99999982118606567 -0
1634 -0.00079021492274478078 -0.99999970197677612 0
1635 -0.00068890489637851715 -0.9999997615814209 -0
1636 -0.00070126366335898638 -0.9999997615814209 -0
1637 -0.00068854796700179577 -0.9999997615814209 0
1638 -0.00079898949479684234 -0.99999970197677612 -0
1639 -0.00066046876600012183 -0.99999982118606567 -0
1640 -0.00069025077391415834 -0.9999997615814209 0
1641 -0.00083414046093821526 -0.99999964237213135 0
1642 -0.0006620457861572504 -0.99999982118606567 -0
1643 -0.00081616709940135479 -0.99999970197677612 0
1644 -0.0006532010156661272 -0.99999982118606567 -0
1645 -0.00070348434383049607 -0.9999997615814209 -0
1646 -0.00067372567718848586 -0.9999997615814209 0
1647 -0.00066053314367309213 -0.99999982118606567 -0
1648 -0.00067421427229419351 -0.9999997615814209 0
1649 -0.00068198528606444597 -0.9999997615814209 0
1650 -0.00065106217516586185 -0.99999982118606567 0
1651 -0.00067567429505288601 -0.9999997615814209 0
1652 -0.00069819734198972583 -0.9999997615814209 0
1653 -0.00084309931844472885 -0.99999964237213135 -0
1654 -0.00068388419458642602 -0.9999997615814209 0
1655 -0.00063384650275111198 -0.99999982118606567 -0
1656 -0.00066361110657453537 -0.99999982118606567 -0
1657 -0.00081067526480183005 -0.99999970197677612 0
1658 -0.00081825029337778687 -0.99999970197677612 0
1659 -0.00073424080619588494 -0.9999997615814209 -0
1660 -0.00071578455390408635 -0.9999997615814209 0
1661 -0.0006406344473361969 -0.99999982118606567 -0
1662 -0.00075647712219506502 -0.99999970197677612 -0
1663 -0.00070357212098315358 -0.9999997615814209 0
1664 -0.00073306169360876083 -0.9999997615814209 0
1665 -0.00079634744906798005 -0.99999970197677612 0
1666 -0.00081607635365799069 -0.99999970197677612 0
1667 -0.00068976508919149637 -0.9999997615814209 -0
1668 -0.00069952860940247774 -0.9999997615814209 -0
1669 -0.00085938745178282261 -0.99999964237213135 -0
1670 -0.00086878816364333034 -0.99999964237213135 -0
1671 -0.00085168081568554044 -0.99999964237213135 0
1672 -0.00085843366105109453 -0.99999964237213135 -0
1673 -0.0006366875022649765 -0.99999982118606567 0
1674 -0.00066632626112550497 -0.99999982118606567 -0
1675 -0.00086036178981885314 -0.99999964237213135 0
1676 -0.0006789863109588623 -0.9999997615814209 0
1677 -0.00082818634109571576 -0.99999964237213135 -0
1678 -0.00064538308652117848 -0.99999982118606567 0
1679 -0.00078060646774247289 -0.99999970197677612 0
1680 -0.00064663542434573174 -0.99999982118606567 0
1681 -0.00080219912342727184 -0.99999970197677612 0
1682 -0.00081989751197397709 -0.99999970197677612 -0
1683 -0.00077062641503289342 -0.99999970197677612 -0
1684 -0.00065241981064900756 -0.99999982118606567 0
1685 -0.00063759158365428448 -0.99999982118606567 -0
1686 -0.00062261422863230109 -0.99999982118606567 0
1687 -0.00069383787922561169 -0.9999997615814209 0
1688 -0.00082949711941182613 -0.99999964237213135 0
1689 -0.00069128070026636124 -0.9999997615814209 -0
1690 -0.00065626431023702025 -0.99999982118606567 0
1691 -0.00070606789086014032 -0.9999997615814209 0
1692 -0.0006222338997758925 -0.99999982118606567 -0
1693 -0.00065768626518547535 -0.99999982118606567 -0
1694 -0.00078838918125256896 -0.99999970197677612 -0
1695 -0.00069396954495459795 -0.9999997615814209 0
1696 -0.00069678417639806867 -0.9999997615814209 0
1697 -0.00082221475895494223 -0.99999970197677612 0
1698 -0.00064907263731583953 -0.99999982118606567 0
1699 -0.00082247518002986908 -0.99999970197677612 0
1700 -0.00082380353705957532 -0.99999970197677612 -0
1701 -0.0008207343053072691 -0.99999970197677612 0
1702 -0.00067989039234817028 -0.9999997615814209 0
1703 -0.00065199262462556362 -0.99999982118606567 -0
1704 -0.00068951642606407404 -0.9999997615814209 0
1705 -0.00065857864683493972 -0.99999982118606567 0
1706 -0.00065851135877892375 -0.99999982118606567 0
1707 -0.00065198383526876569 -0.99999982118606567 -0
1708 -0.00076042109867557883 -0.99999970197677612 0
1709 -0.00082535715773701668 -0.99999970197677612 -0
1710 -0.00065656279912218451 -0.99999982118606567 -0
1711 -0.00062057492323219776 -0.99999982118606567 0
1712 -0.00067482283338904381 -0.9999997615814209 -0
1713 -0.00065636966610327363 -0.99999982118606567 -0
1714 -0.00078054500045254827 -0.99999970197677612 0
1715 -0.0006834423984400928 -0.9999997615814209 0
1716 -0.00064842018764466047 -0.99999982118606567 -0
1717 -0.00062338955467566848 -0.99999982118606567 0
1718 -0.00067962415050715208 -0.9999997615814209 -0
1719 -0.00067123869666829705 -0.9999997615814209 -0
1720 -0.00080217281356453896 -0.99999970197677612 -0
1721 -0.00066889217123389244 -0.9999997615814209 0
1722 -0.00081803667126223445 -0.99999970197677612 0
1723 -0.00077251362381502986 -0.99999970197677612 -0
1724 -0.00076746358536183834 -0.99999970197677612 0
1725 -0.00065399386221542954 -0.99999982118606567 0
1726 -0.00078490452142432332 -0.99999970197677612 -0
1727 -0.00065791158704087138 -0.99999982118606567 -0
1728 -0.00070028053596615791 -0.9999997615814209 0
1729 -0.00069037952926009893 -0.9999997615814209 -0
1730 -0.00075724365888163447 -0.99999970197677612 -0
1731 -0.00064313603797927499 -0.99999982118606567 0
1732 -0.00081581011181697249 -0.99999970197677612 0
1733 -0.00075693352846428752 -0.99999970197677612 0
1734 -0.00063251820392906666 -0.99999982118606567 0
1735 -0.00068350380752235651 -0.9999997615814209 -0
1736 -0.00078240880975499749 -0.99999970197677612 -0
1737 -0.00080455152783542871 -0.99999970197677612 0
1738 -0.00065429526148363948 -0.99999982118606567 -0
1739 -0.00086261465912684798 -0.99999964237213135 -0
1740 -0.00080486456863582134 -0.99999970197677612 0
1741 -0.00061587605159729719 -0.99999982118606567 -0
1742 -0.00083369278581812978 -0.99999964237213135 0
1743 -0.00077379512367770076 -0.99999970197677612 0
1744 -0.000838804233353585 -0.99999964237213135 0
1745 -0.00075358635513111949 -0.99999970197677612 0
1746 -0.00080488214734941721 -0.99999970197677612 0
1747 -0.00062335154507309198 -0.99999982118606567 -0
1748 -0.00064941204618662596 -0.99999982118606567 0
1749 -0.00065745809115469456 -0.99999982118606567 -0
1750 -0.00062368507497012615 -0.99999982118606567 0
1751 -0.000688328524120152 -0.9999997615814209 0
1752 -0.00079945765901356936 -0.99999970197677612 -0
1753 -0.00072593428194522858 -0.9999997615814209 0
1754 -0.00081362162018194795 -0.99999970197677612 -0
1755 -0.00063122791470959783 -0.99999982118606567 0
1756 -0.00079711695434525609 -0.99999970197677612 0
1757 -0.00063588289776816964 -0.99999982118606567 -0
1758 -0.0006276905769482255 -0.99999982118606567 0
1759 -0.00078216590918600559 -0.99999970197677612 0
1760 -0.0006509919767268002 -0.99999982118606567 0
1761 -0.00065371009986847639 -0.99999982118606567 0
1762 -0.00076404621358960867 -0.99999970197677612 0
1763 -0.00064016046235337853 -0.99999982118606567 0
1764 -0.00061194953741505742 -0.99999982118606567 0
1765 -0.00079132674727588892 -0.99999970197677612 0
1766 -0.00081370060797780752 -0.99999970197677612 -0
1767 -0.0006537715089507401 -0.99999982118606567 -0
1768 -0.00084816984599456191 -0.99999964237213135 0
1769 -0.00069293379783630371 -0.9999997615814209 -0
1770 -0.00063453410984948277 -0.99999982118606567 -0
1771 -0.00064945296617224813 -0.99999982118606567 0
1772 -0.00069323222851380706 -0.9999997615814209 0
1773 -0.00080795714166015387 -0.99999970197677612 0
1774 -0.0008428652654401958 -0.99999964237213135 -0
1775 -0.00066112121567130089 -0.99999982118606567 0
1776 -0.00074494059663265944 -0.9999997615814209 -0
1777 -0.00080135063035413623 -0.99999970197677612 -0
1778 -0.0007090785657055676 -0.9999997615814209 -0
1779 -0.00079271942377090454 -0.99999970197677612 -0
1780 -0.00083223864203318954 -0.99999964237213135 0
1781 -0.0006320559186860919 -0.99999982118606567 -0
1782 -0.00070200097979977727 -0.9999997615814209 0
1783 -0.0006426152540370822 -0.99999982118606567 -0
1784 -0.0007530655711889267 -0.99999970197677612 -0
1785 -0.0008233617409132421 -0.99999970197677612 -0
1786 -0.00069759757025167346 -0.9999997615814209 0
1787 -0.00077480159234255552 -0.99999970197677612 -0
1788 -0.00078713987022638321 -0.99999970197677612 0
1789 -0.00084334512939676642 -0.99999964237213135 0
1790 -0.00084104831330478191 -0.99999964237213135 0
1791 -0.00069525692379102111 -0.9999997615814209 -0
1792 -0.00064885610481724143 -0.99999982118606567 0
1793 -0.00077989255078136921 -0.99999970197677612 -0
1794 -0.00063734874129295349 -0.99999982118606567 0
1795 -0.00063422101084142923 -0.99999982118606567 0
1796 -0.00063800119096413255 -0.99999982118606567 -0
1797 -0.00069561967393383384 -0.9999997615814209 0
1798 -0.00067282450618222356 -0.9999997615814209 0
1799 -0.00085549027426168323 -0.99999964237213135 -0
1800 -0.00086289847968146205 -0.99999964237213135 0
1801 -0.00060777144972234964 -0.99999982118606567 0
1802 -0.0006372463540174067 -0.99999982118606567 0
1803 -0.00067461805883795023 -0.9999997615814209 0
1804 -0.00062811776297166944 -0.99999982118606567 0
1805 -0.00078649615170434117 -0.99999970197677612 0
1806 -0.00081727304495871067 -0.99999970197677612 0
1807 -0.00065932766301557422 -0.99999982118606567 0
1808 -0.00084404728841036558 -0.99999964237213135 0
1809 -0.00084156618686392903 -0.99999964237213135 0
1810 -0.00082358991494402289 -0.99999970197677612 -0
1811 -0.00077548623085021973 -0.99999970197677612 -0
1812 -0.00064214714802801609 -0.99999982118606567 0
1813 -0.00081348407547920942 -0.99999970197677612 -0
1814 -0.00063200033036991954 -0.99999982118606567 -0
1815 -0.00068438448943197727 -0.9999997615814209 0
1816 -0.000736391288228333 -0.9999997615814209 -0
1817 -0.00079698528861626983 -0.99999970197677612 -0
1818 -0.00066728598903864622 -0.99999982118606567 -0
1819 -0.00088921934366226196 -0.99999964237213135 -0
1820 -0.00084752903785556555 -0.99999964237213135 0
1821 -0.00080881442409008741 -0.99999970197677612 0
1822 -0.00074709986802190542 -0.9999997615814209 0
1823 -0.00074529752600938082 -0.9999997615814209 -0
1824 -0.00079204648500308394 -0.99999970197677612 0
1825 -0.00083355820970609784 -0.99999964237213135 0
1826 -0.00067344476701691747 -0.9999997615814209 -0
1827 -0.00065070524578914046 -0.99999982118606567 0
1828 -0.00082198658492416143 -0.99999970197677612 0
1829 -0.00083007646026089787 -0.99999964237213135 0
1830 -0.00083555071614682674 -0.99999964237213135 -0
1831 -0.00068984704557806253 -0.9999997615814209 0
1832 -0.00061354704666882753 -0.99999982118606567 0
1833 -0.00070108810905367136 -0.9999997615814209 -0
1834 -0.00066694658016785979 -0.99999982118606567 0
1835 -0.00074696523370221257 -0.9999997615814209 -0
1836 -0.00083268334856256843 -0.99999964237213135 0
1837 -0.00070821837289258838 -0.9999997615814209 0
1838 -0.00068782822927460074 -0.9999997615814209 0
1839 -0.0008087266469374299 -0.99999970197677612 -0
1840 -0.0008381576044484973 -0.99999964237213135 0
1841 -0.00072635855758562684 -0.9999997615814209 -0
1842 -0.00068225152790546417 -0.9999997615814209 0
1843 -0.00079391314648091793 -0.99999970197677612 0
1844 -0.00069386418908834457 -0.9999997615814209 0
1845 -0.00064534798730164766 -0.99999982118606567 -0
1846 -0.00075455481419339776 -0.99999970197677612 0
1847 -0.00063573074294254184 -0.99999982118606567 0
1848 -0.00063460139790549874 -0.99999982118606567 0
1849 -0.00063275813590735197 -0.99999982118606567 0
1850 -0.0007945392862893641 -0.99999970197677612 0
1851 -0.00084176514064893126 -0.99999964237213135 0
1852 -0.00062886968953534961 -0.99999982118606567 -0
1853 -0.00067126797512173653 -0.9999997615814209 0
1854 -0.00079469435149803758 -0.99999970197677612 -0
1855 -0.00067551335087046027 -0.9999997615814209 -0
1856 -0.00068112806184217334 -0.9999997615814209 0
1857 -0.00068381393793970346 -0.9999997615814209 -0
1858 -0.00063146487809717655 -0.99999982118606567 0
1859 -0.00067088467767462134 -0.9999997615814209 0
1860 -0.00071441818727180362 -0.9999997615814209 0
1861 -0.00066941004479303956 -0.9999997615814209 -0
1862 -0.00067891611251980066 -0.9999997615814209 0
1863 -0.00073951022932305932 -0.9999997615814209 0
1864 -0.00082382105756551027 -0.99999970197677612 0
1865 -0.00073352397885173559 -0.9999997615814209 0
1866 -0.00069711479591205716 -0.9999997615814209 -0
1867 -0.00077804928878322244 -0.99999970197677612 -0
1868 -0.00075724365888163447 -0.99999970197677612 0
1869 -0.0006883782334625721 -0.9999997615814209 -0
1870 -0.0006332877092063427 -0.99999982118606567 -0
1871 -0.00063900474924594164 -0.99999982118606567 -0
