0.963487847319687 0.267748864289265 0.00130909857703902
0.972738535600467 -0.231897902989197 0.0017618022226267
0.968460036737137 0.249165622065992 0.00128453243254254
0.61547584898307 0.788152807354464 0.00215211009149098
0.0984925513798974 -0.995136866738428 0.00135417159289748
0.997859474818511 -0.0653721227944309 0.00171874264383254
0.410177476151799 0.912003983920949 0.00178083409068318
0.90225274173262 -0.431204625192864 0.00160039003125459
0.835083730512257 0.550120412996988 0.00164141334100358
0.832308361540908 0.554310555188523 0.00161236338341817
0.86341935938872 -0.50448370900318 0.00178806688012841
0.871358099213623 -0.490644226995269 0.00181808994193394
0.594901429921274 0.803796255543413 0.00196678723089596
0.0839792842564582 -0.996466770628024 0.00120617160054986
0.801195547577961 -0.59840085064141 0.00145481713233932
0.397864281731763 -0.917443732384856 0.00100559923099325
0.896766299422705 -0.442501315213381 0.00167040538045372
0.995923584485318 0.0901857787808448 0.00165504429171997
0.968508778748824 -0.248973309525262 0.00174259303913146
0.291997834150436 0.95641716887885 0.00186116233002562
0.498057837459614 -0.867142991574384 0.00119277344035789
0.893111348558003 0.449833297249238 0.00145731355047956
0.73707086603475 -0.675813672375805 0.0015552082535471
0.744422904552531 0.667705171740647 0.00208394058598547
0.653984766573172 -0.756506657401574 0.00126585833823954
0.0725220593201681 0.997365347869406 0.00170698016988883
0.0725221085581141 -0.997366025018147 0.00124736112882743
0.995266129137862 0.0971722176509782 0.0017006786081301
0.616089818245786 -0.7876748469177 0.00129282135385042
0.914248883380399 -0.405149144676616 0.00177476913995086
0.263071693831534 0.964774560261997 0.00182531528173565
0.90645970065054 0.422289919864812 0.00142642108200859
0.095359457105312 0.995441273858203 0.00180117743129269
0.0950022660632674 -0.995476151274167 0.00134226942719349
0.984062055538883 -0.177816578709723 0.00177064523728658
0.279164576414424 0.960241556031784 0.00181475756341507
0.291377317961308 0.956606243705288 0.00193728720987363
0.584692412631612 -0.811253886576824 0.00138351907218109
0.272939549813065 -0.962030312414434 0.00129620354438851
0.888729668146057 0.458429506642724 0.00140156923073872
0.979957412233979 0.19920007978857 0.00167284784415358
0.0933018393963441 0.995636200044786 0.00182316363412257
0.0905912839462329 -0.995887265982164 0.00133143814828572
0.420529739040801 0.907277021085633 0.00177358175883242
0.260388580877249 0.965502148334267 0.0018407907671663
0.978633554174418 0.205605626280294 0.00164106241022895
0.946863229048163 -0.321631736622031 0.00174684686863331
0.992553013794366 -0.121800938259049 0.00174535009016394
0.753465929897408 -0.65748487076002 0.0016544502152912
0.495636059994868 -0.868529280198061 0.00133621532755237
0.291125924956167 -0.956684056455153 0.00114540077300708
0.603077703788905 -0.797681388823563 0.00129812064702568
0.537074878650312 0.843532799047126 0.0017296399838319
0.293348710779719 0.956004014068379 0.00169084861032333
0.968269110947277 0.249906540385292 0.00128446799234565
0.86959987324921 0.493755361270056 0.00130524405198752
0.340731434561429 -0.94016032248865 0.000810875914167269
0.340777595874753 0.940141211192562 0.00226564940040018
0.299740238727913 -0.954020240379028 0.00108177376334825
0.29930656319982 0.954154837152652 0.00203173908474835
0.255562914360883 0.966790688890155 0.00183321539136369
0.863541294819911 0.504276374276562 0.00133059657154704
0.961657383281792 0.274250745291898 0.00126723575385248
0.952305328483166 0.305142943615595 0.00153143859770533
0.993295770467463 -0.115587556414147 0.00174045214117541
0.944278487529713 0.329145855872967 0.00106936908950341
0.452269168019971 0.891879709638053 0.00178415090889392
0.600700239468958 -0.799473331118132 0.00127087875649071
0.940925818505341 0.338611107105854 0.00105934630875221
0.272546123471785 0.962140894566769 0.00187338804304982
0.742978488911356 -0.669314016351561 0.00130863682551202
0.210751941525841 -0.977539027216445 0.00103412369381121
0.930666191058434 -0.365864846321041 0.00183167881126492
0.714555942664266 0.699576328123337 0.00166310933249184
0.726570645615007 0.687089771784404 0.00165603135492446
0.74745746897529 0.664307300474973 0.00177274045124848
0.462572193273359 0.886579647187449 0.00186954626928897
0.210844216407464 0.977517707434281 0.0019616472543143
0.917164844343774 -0.39850396047469 0.00180049600080676
0.747764335866379 0.663962173900592 0.00165216086184576
0.998486005507975 -0.0549791559750719 0.00172893406365117
0.94213481641069 -0.335229952796157 0.00169306086146233
0.995001670045584 0.0998482403281287 0.00141616025730095
0.582570120273037 0.812778669402928 0.00169986136643834
0.748184800903333 0.663488053043682 0.00176271538949949
0.974263200095227 -0.225406217962577 0.00180384146072471
0.986741574615519 -0.162288371592185 0.00188397750573384
0.484972267257249 0.87452625904118 0.00239212014785416
0.485360772739945 -0.874313651811375 0.000747356367812995
0.920408249859991 0.390956024871063 0.00142835803780489
0.853777727050022 -0.520634791260345 0.00173404803691919
0.854259289117278 0.519844809169818 0.00156247753178116
0.997139505726195 -0.0755629234421419 0.00174663132834903
0.945005090018456 -0.3270511263923 0.00171480749303618
0.913568355354296 -0.406681022240887 0.00184560135312478
0.913522331141357 0.406785057313134 0.00169341454186766
0.999998392611363 5.59805001254683e-05 0.00179210515151676
0.788632265823581 -0.614862519064557 0.00179776292975985
0.987383823892754 -0.158334107808808 0.0018693900908467
0.867334025999158 0.497723498400175 0.00173392167748377
0.985901320922528 0.167321143923916 0.00149003329069093
0.93222572458352 -0.361872731976158 0.00182325994941685
0.978155818511708 -0.207865502347033 0.00176851511339598
0.978137151146281 0.207955969692972 0.00142415465897219
0.300525513210774 -0.95377332597001 0.000926594574358761
0.186130347018812 -0.982524268167915 0.00124754950167323
0.414765196682658 -0.909927697410994 0.00119042224562306
0.600082054232834 0.799936641088846 0.00170247795765489
0.585814197333205 -0.810444205422502 0.0013842326183843
0.306065896544357 -0.952009868899695 0.000936210491534316
0.858012366196369 -0.513626628353732 0.00157038214618058
0.0827702599327757 -0.996567503979345 0.00151462306812785
0.99516378034083 0.0982143822801849 0.00172783421375498
0.0826751072367288 0.996575216177377 0.00163252700136848
0.930377101208002 0.366602642328613 0.000975799914965673
0.463148499386955 -0.886279846813474 0.00122500934567295
0.414201705876464 0.910182840924296 0.00203542035083857
0.412953912272417 -0.910751157884505 0.00118099574048435
0.30893281022174 0.951080179231332 0.00264791272412046
0.309029845119525 -0.951052239440115 0.000438954831967305
0.808981446669452 0.587831375716113 0.00181457110724908
0.347363773037233 0.937727768878352 0.00224514047815295
0.34728701476094 -0.93775852954506 0.000818317738946204
0.476981156156093 0.878910643024499 0.00224905541487919
0.477909234981079 -0.878408627563688 0.00102281057745546
0.819629635391345 -0.572891869200335 0.00147207078552766
0.669087210707904 0.743181656277498 0.00182489444940809
0.669163880296709 -0.743113419398587 0.00146533818314306
0.796056859346849 -0.60521995688387 0.00151012460350339
0.499956258968553 0.86604883216996 0.00177747439262227
0.500026577169929 -0.866009457524817 0.00102058870177489
0.621660250942857 -0.783286247637288 0.00108933923121166
0.620970758362348 0.783830684397204 0.00218528174386655
0.997371141067014 -0.0724429660595666 0.00168036757157385
0.186304267677336 0.982490406329291 0.00182244783611727
0.0837698772527388 0.996483404658061 0.00185254045572614
0.0994456638400135 -0.995042022220358 0.00139066855831704
0.807851617343293 0.589383897973397 0.00154439810606486
0.544267522285911 0.838910212837605 0.00158712996310621
0.58734528107215 -0.809335095681733 0.00149120760351154
0.0918138824816082 -0.995775162972879 0.00142681112639565
0.909832273144468 0.414973826193608 0.00139939951708201
0.0836884000682392 -0.996490993676086 0.00139685950066452
0.0856982930687311 0.996319408231184 0.00185454764536769
0.087381227274943 0.996173255282041 0.00183482443483739
0.0866024602281365 -0.996242024469488 0.00135741053866546
0.0913378540075254 0.995818273586709 0.00183368920130072
0.0851738138924469 -0.996365189608273 0.0013529094149121
0.849769418626879 -0.527152344732 0.00152990525561835
0.976415298183738 -0.21589077969395 0.00208247830721853
0.976375747576263 0.21607603272148 0.00124403707309085
0.789811248929892 0.613348077268538 0.00152550804369065
0.552837716450827 -0.833287994295968 0.00125611768428278
0.508692741854472 -0.8609471640521 0.00129425469932854
0.784161038072304 0.620555861597791 0.00137441114284294
0.430411958239604 0.902630658551445 0.00185484428859348
0.999995913235307 0.00205040435042169 0.00199232394048616
0.545996623200395 -0.837786433658911 0.00125659494209133
0.213153713381466 0.977016776653228 0.00192681338686126
0.213022009087652 -0.97704685010692 0.0010374682675993
0.576992783390472 0.816747547034148 0.00166503123630847
0.693916211094654 -0.72005442746739 0.00138328039415378
0.661277327715581 -0.750140278011531 0.00136350802087852
0.825705536029603 -0.564099537029994 0.00144225261734083
0.683289535989848 0.730145405833761 0.00175964389322435
0.690114339328353 0.723698265069134 0.00173775410132727
0.914380611828399 0.404853690531543 0.00125935511742977
0.58588321811841 0.810393624127625 0.00174031620952656
0.855752564311629 -0.517383471476869 0.00137554229858632
0.755985494381606 0.654586572470294 0.00153343607338673
0.98254889574031 -0.185995830506512 0.00179402165259689
0.665564368283165 -0.746338889033975 0.00152787020508383
0.992823803258786 0.119576174959902 0.00156014894114392
0.0971912038847503 0.995264032111658 0.00183746354439073
0.408972458674671 -0.912546207438511 0.000973311453442037
0.995119365054988 0.0986681315764849 0.00143146909264575
0.89027249013242 -0.455425416776359 0.00160719242763164
0.998836590545616 -0.04819086721478 0.00176230085333682
0.583936625370391 0.811796592576983 0.00207601335244504
0.858247925673018 -0.513232914715627 0.00157268256909134
0.596698191895036 0.802463870389575 0.00173335183320943
0.743800909152469 -0.668399473805152 0.00153328436920543
0.580198200726695 -0.81447408270492 0.00142002657861143
0.835925092325984 0.548841395129393 0.00153720922995758
0.249031101856631 0.968493799803753 0.00180832789061323
0.997449655418343 -0.0713445327632679 0.00203532567913594
0.104554838075344 -0.99451867567595 0.000943168486163998
0.0773943830435711 -0.996999768326768 0.00125356678144604
0.286065042246955 -0.958209212251659 0.00137737442334069
0.986591704590443 0.163201119942173 0.00148421121981137
0.452829907006801 0.89159527775347 0.00171347831146716
0.996780838576108 0.080155212863882 0.0017611638927014
0.229189574981991 -0.973381038280212 0.0012218985678942
0.997458615898929 0.0712289172663354 0.00165858797108618
0.0681782898486701 0.997671658769898 0.00172687018375813
0.0680409921416216 -0.997681606366249 0.00135488259423186
0.0828542451330902 0.996559935145879 0.00186271991135192
0.83340733650022 0.552656920772924 0.00159354617127942
0.182746762933097 -0.983159230705454 0.00124407239908971
0.0928647519947419 0.99567705249514 0.00182892633657367
0.422528775486363 0.906347723957168 0.00179921195401138
0.0871263718803455 0.996195520124224 0.00186574580105569
0.0916484011432187 -0.995790413884732 0.00142203486778437
0.242534342989016 -0.970142498751163 0.000790308633143307
0.585928048196178 0.810361216366798 0.00173820181245474
0.458961999334389 -0.888454772073608 0.00141461889359716
0.182927322255425 0.983124751218503 0.00182162400545486
0.376002556376528 0.926616768775084 0.0018551073116498
0.739526959481755 -0.673125129283454 0.00156093779652325
0.733150585448877 -0.680064757198563 0.00146460657804037
0.967093280622671 -0.254415835575636 0.00178021988238055
0.700647928812218 -0.713505776158727 0.00140969474784578
0.104459543272389 0.994526384591538 0.00233969455457686
0.0756214864680869 0.997134775604809 0.00190527265850504
0.946841495948284 -0.321695295505312 0.00182164765132781
0.952064207630834 0.305894156581925 0.00158414560757862
0.534626250000386 0.845086997235543 0.00165526853928676
0.454298315570171 -0.890848735415455 0.00125342681888598
0.726419703425992 0.687248947262811 0.00181630411872118
0.662856687810658 0.74874437176582 0.00169622336152255
0.39574793066692 -0.918358586923745 0.00103980588300902
0.99997561643262 0.00675620735392446 0.00176640946363793
0.740431783393279 -0.672129791547818 0.0015223189339004
0.94334843015426 -0.331798774103393 0.00182011784767559
0.96138764078889 0.275194091488975 0.00141991124032062
0.889462702425447 -0.457004927772317 0.00161151662728106
0.919301089800934 0.393552115609599 0.00149619184109318
0.262197250097711 -0.965013639759447 0.00113009708512663
0.0711644933684318 0.99746309193976 0.00173063618034826
0.0818827578191561 0.996640225585174 0.00186405940431403
0.0736861995490093 -0.997280564909238 0.00134864759435242
0.416257018485929 0.909245271784458 0.00176926504841261
0.0711015190439933 -0.997468291461996 0.00125758400220063
0.659631613063126 -0.751587485020136 0.0015451242163981
0.0880915216978997 -0.996111616130222 0.00123774609141859
0.999998198035587 -0.00068538097566507 0.00177036112082265
0.352090454530042 -0.935965318503192 0.00111103017372272
0.359241949716955 -0.933243815877812 0.00109621593752242
0.814458934146468 0.580219251912854 0.0015047586806722
0.991710658583128 0.128481241680973 0.00159379695494754
0.252794320232159 -0.967519200452184 0.00127609354144765
0.797481104436701 -0.60334213958948 0.00146651355543859
0.226711403930285 -0.973961204267509 0.00122959739074319
0.49873295207872 -0.866754678745347 0.00133018190298674
0.426161983741276 -0.904646250569434 0.00106063394491483
0.281110278988938 -0.959674745838526 0.00118035864129134
0.438648545610061 0.898656846688929 0.00182354963964048
0.230276918790882 0.973123398601171 0.00184167507562019
0.809048044824439 -0.587740236040177 0.00163588055502813
0.0627640701086011 -0.998027481639957 0.00134810786232504
0.867690963857732 0.497100766237774 0.00179428132089853
0.239385020547259 -0.970923861105609 0.00129146171598976
0.999997880064585 0.000585839459743009 0.00197399555796554
0.0629669292640846 0.998014084932063 0.0017470249764974
0.237823837908268 -0.971307990967265 0.000780260032384348
0.232686810132724 0.972549232605749 0.00219967002676908
0.422353662944492 0.906428709097434 0.00209253944523993
0.666294834685646 0.745686494874858 0.00168660382884798
0.712779814121675 0.70138584405791 0.00168354858649951
0.0837791712252562 0.996482346230884 0.00199602580169642
0.914074595277423 0.405544130920622 0.00126180198627942
0.228189714492918 -0.973615678369411 0.00140179631619625
0.055630342883255 0.998449919140567 0.00173894188709908
0.0555813533340201 -0.998453221266521 0.00137043936974043
0.375629280443306 0.926768136464462 0.00186142628973618
0.236191770168565 0.971703991238024 0.00219114507375089
0.936570450954797 -0.350474228196826 0.00189888603339592
0.240467670712618 0.970655387520215 0.00184878880069705
0.248760141403847 0.968563503809336 0.00176950199780955
0.961188300462606 0.275889468471302 0.00143256428499261
0.404911259011998 -0.91435540164551 0.00103528111959408
0.970740300526457 0.240126403369261 0.00160603198824989
0.866183662565138 -0.499725151881183 0.000797046153707641
0.860760302082637 -0.509009834433673 0.000831148851182828
0.999957156106103 -0.00920611451451246 0.000966130291985016
0.615487658666262 -0.788144817867025 0.00163954227691387
0.99995692834747 -0.00918467061240598 0.00133539343833431
0.999965648373545 0.00818273547014229 0.00132095158948492
0.098492545150492 0.995136803798531 0.00140009836187011
0.41018188018856 -0.912002957525034 0.00119608969935435
0.89407259289791 0.447919330008685 0.0015723973350487
0.863401330956032 0.504515751467314 0.00141358576781071
0.871336560081849 0.490683668924231 0.00146154568374663
0.594966923762907 -0.803748859290498 0.00145973193665642
0.0839777500095443 0.996466806296381 0.00128119195501144
0.990786355296473 0.135425742553147 0.00150546081355452
0.801355173730279 0.598187117414561 0.00143460620845957
0.397976610892306 0.917394977895862 0.00103523626531637
0.889823047801609 0.456303071332184 0.00156546921735724
0.292366833643729 -0.956305397132237 0.00127357798974444
0.891148864568166 -0.453709706225374 0.00109711246133247
0.498070310888331 0.867135845884925 0.00117906447537502
0.989979921795036 0.141200612891853 0.00146333921545869
0.957685247696461 0.287813321135153 0.00156796738548394
0.737275741336867 0.675590299583911 0.00149276397832908
0.744444728231669 -0.66768224520033 0.00157036693917844
0.653965232906903 0.756523742052499 0.00114099075513938
0.0725220734241812 0.99736554183596 0.00158896964080308
0.0725221070219499 -0.997366003891928 0.00126422851725544
0.990908482308517 -0.134531915928798 0.00124229044823875
0.616089865404675 0.787674940814928 0.00121051966042626
0.262818986602441 -0.964844430055334 0.00118577926401745
0.913076812495028 0.407784918063757 0.00148158147104067
0.0950022447656244 0.995475928107957 0.00150001569796866
0.0953595386927503 -0.995442125535696 0.00123817982579834
0.279166645890315 -0.960241847542954 0.00125620446009339
0.993417587863209 -0.11454131211213 0.00133564354352855
0.999898760254275 -0.0141689368577609 0.00130784948882553
0.984546118475378 0.175120060502874 0.00138021901742779
0.291372312501359 -0.956608659137567 0.00143135272991931
0.914730670133195 -0.40406226073345 0.00122088846724701
0.946969183765519 0.321321404112109 0.00138573370077574
0.584691267447294 0.811254801580251 0.00132991874359349
0.272942544539459 0.962029370353978 0.00136306883653238
0.997997140231872 0.0632478738599862 0.00118934486019175
0.0905902420906327 0.995887152243308 0.00147920068760778
0.093300004007552 -0.995637264223131 0.00124392221227164
0.420557847089347 -0.9072648959941 0.00122708939721293
0.260192189412724 -0.965556110032537 0.00119287360972974
0.753466563457029 0.657484664410514 0.00143311452698675
0.752564507056296 -0.658517304459457 0.00127375294490796
0.495649983424559 0.868521437575572 0.0012674395040849
0.291126025033032 0.956683994823458 0.00117115203778397
0.580993868435983 -0.813907039851751 0.0012063662598247
0.886803970829415 -0.462144448221106 0.00110738412112023
0.293702938565482 -0.955896148176007 0.00106666783688911
0.751606160642112 -0.659610934781752 0.00126253759033775
0.603076267687304 0.797682600874129 0.0012180373705014
0.53713647472582 -0.843494617557175 0.0011125067158229
0.869757729307966 -0.493477732565993 0.0011044322420429
0.340771768732629 -0.940144370569019 0.00177879796988805
0.340731326659399 0.940160354223267 0.000819377633786427
0.952260383664059 -0.305285671711212 0.000905732749917898
0.299319980196209 -0.954151591487037 0.00151324753260248
0.299740282030339 0.95402022485878 0.00108346147892737
0.255558255200713 -0.966792913978786 0.00119986631547585
0.978659110394089 -0.205487894251626 0.00103487133624174
0.946727373743189 -0.322034303407816 0.00108960266432566
0.94541516197716 0.325865988065229 0.00123665919810556
0.997440750773559 -0.0714891353483387 0.00111902789291579
0.808997364582781 -0.587811207487718 0.00111734056850337
0.863688322157523 -0.504024993690909 0.00113485840610788
0.952571112364474 -0.304314670222475 0.000925946053743528
0.942582221774034 0.333971973169574 0.00121504433927473
0.817032933396675 -0.576590081461722 0.00103136084367552
0.992994298151158 0.118156030772278 0.0012150026455365
0.452262602436122 -0.89188398345336 0.00122413114998624
0.600700849810559 0.799472983066895 0.00119932605783425
0.999892740095142 -0.0146147566487831 0.000957702002947305
0.939194041271739 -0.343384756165667 0.00120916198410697
0.74129276006224 -0.671180767252506 0.00119228756744602
0.272535620683315 -0.962144822551821 0.0012945638203828
0.705500115596262 -0.708708681164085 0.00126179884430737
0.742976531798341 0.669316531214485 0.0011199285327948
0.210750446488603 0.977539190410546 0.0011749537648164
0.994550906093322 -0.104246108944183 0.00111532907671474
0.930664131506633 0.365871114412991 0.00161306081702952
0.60089446459001 -0.799327492430831 0.00118417453328775
0.462577126561115 -0.886578022044844 0.00134640614752068
0.210840669862817 -0.977519124998858 0.00160380586943245
0.917139413181027 0.398563683984842 0.00151215025426951
0.747805620509822 -0.663916595175829 0.00122824429769608
0.99362448105945 0.112733679464895 0.0012280690717821
0.994564042826842 -0.104120647208207 0.00112050920225396
0.97206266989289 -0.234718553137982 0.00116902246314208
0.972316496225352 0.233662286211879 0.00160223915014355
0.485360642518379 0.874313733215656 0.000736617030169114
0.48497891436101 -0.874523747657576 0.00191504782296855
0.854258425807102 -0.519846771597055 0.00136967065077679
0.85378040829946 0.520631664160503 0.00129795125941077
0.870775015385117 -0.491680355942844 0.0011402460116664
0.913534616847721 -0.406760085052382 0.000858503969919584
0.999999221157735 -3.84212336472485e-05 0.00124748055420948
0.913563248685337 0.406694274433504 0.00139921209901454
0.788572819772897 0.614939606473053 0.00147929246227138
0.917335958796976 -0.398112781094334 0.000975821381143941
0.986711641779804 0.162473967874728 0.00153158063629721
0.988371612978691 0.152050581994505 0.001474846782878
0.93212691701264 0.36212871743749 0.00148411171702701
0.978140484785503 -0.20794260923888 0.00103115784787147
0.978153621918368 0.207879765305826 0.00122274460670271
0.415626472286518 -0.909534095915777 0.00153749840131214
0.300523788255496 0.953773814902301 0.000981172399284279
0.186131209535996 0.98252396480896 0.00135329699226549
0.414763785531438 0.909928421702225 0.00112676090126252
0.585815081162735 0.81044362662366 0.00134860942764408
0.306065733822247 0.952009902595438 0.000954955535657429
0.858679166455617 0.512511083744681 0.00157420898870164
0.0827748199909988 0.996566876933197 0.00167002247658472
0.0826918775150576 -0.996574587224213 0.00107027656444602
0.930427628352789 -0.366473675257985 0.00121397722774413
0.463149568076715 0.886279361060494 0.00117121669827113
0.412955020122831 0.910750714287918 0.00113480368332999
0.309026959949073 0.95105321738241 0.000340192886323334
0.308954841108402 -0.951074680255519 0.00196436568468713
0.603786026553462 -0.797145569064353 0.00117297052430656
0.347369615173638 -0.937726587137361 0.00178835953748794
0.347287035141383 0.937758520504856 0.00082002637289437
0.477908712317034 0.878408835771147 0.00108624612911137
0.476977073851503 -0.878914061959645 0.00171543278923161
0.819588423019918 0.57295082137179 0.00147415776497582
0.669103000552096 -0.743168659145897 0.00123236174536527
0.669159889129979 0.743117345090625 0.00128615901607686
0.796000288644193 0.605294441283516 0.00147642461256389
0.499970583363136 -0.866041507018897 0.00123446019126084
0.500023644078987 0.866011277469659 0.000907004597104431
0.620975219203674 -0.783828417559218 0.00167001843135689
0.621660196154585 0.783286303919633 0.00108009673762121
0.18630743802978 -0.982490408435919 0.0014614602971363
0.0994456560690261 0.995041944464741 0.00144576790270128
0.0837699568081551 -0.996484351008404 0.0012379546519757
0.814096314918985 -0.580729030185772 0.000991733241036313
0.544304840724218 -0.838886979618679 0.000935836756281892
0.587568331173158 0.809173148822968 0.00150712518146385
0.0918147949926823 0.995774980099568 0.00149413123842663
0.0836883866633513 0.996490834061969 0.00150717224158557
0.0856924499024894 -0.996320892171077 0.00121813510724129
0.08736669526824 -0.996175480245285 0.00121371989417764
0.94231968736348 -0.334712015233195 0.00121394634408238
0.0913379368539007 -0.995819176825955 0.00124432992007231
0.0866024463834566 0.996241865205514 0.00147047347473867
0.0851735240821778 0.996365056089831 0.00146485444025166
0.849755163251502 0.527175393609935 0.00150562266969749
0.976197736048948 -0.216878742283019 0.00126145893517642
0.976416350413983 0.215889020425352 0.00174399083141867
0.790624995893684 -0.612299803522138 0.00103270269857778
0.553713222157845 0.832706515490007 0.00123558409956159
0.508761170544236 0.860906703641394 0.00131109563622399
0.785137222499574 -0.61932100285713 0.00101846241637091
0.429516894935639 -0.903057932845807 0.00126763129703586
0.983256515770207 0.182221639760414 0.00137775123253399
0.546995248893841 0.837134762239565 0.00125997526669336
0.917695113499819 -0.397283635982648 0.00117950793189325
0.213155025283891 -0.977017069255225 0.00160672964563866
0.213022560779717 0.977046556704611 0.00118938240913125
0.819405268511606 -0.573213709991247 0.00102401830738687
0.579023640455486 -0.81531009460757 0.00103606209830195
0.6943393473005 0.719646394278775 0.00139211776588157
0.661361178665015 0.750066395005839 0.00133956626053981
0.82566928963505 0.564152476686069 0.00148566568456133
0.683439538708001 -0.730006205802957 0.00115603623021456
0.690490993597305 -0.723340089648716 0.00114125719877303
0.588051080086558 -0.808822997490817 0.00113399250520876
0.870036979780591 -0.492985111032097 0.00115503893365236
0.8557389049419 0.517406043067656 0.00138317240764221
0.756075362167255 -0.654483576368698 0.00113797508437978
0.665627302421763 0.74628271078665 0.00155236969046406
0.983800900350384 -0.179259005060937 0.00141335570075961
0.0972372627547693 -0.995260530189895 0.00117973644878326
0.409139517608873 0.912471311868256 0.000979871523749985
0.890458232326595 0.455062765479206 0.00141984372842621
0.58397740793521 -0.811768381164996 0.0015755513429158
0.858914371488826 0.512116780613299 0.0015828658268144
0.743797540306058 0.668403753055719 0.00128138038373124
0.580500564005464 0.814258561693368 0.00144564808501943
0.24904137764523 -0.968492070420287 0.00122546056299611
0.104552189604219 0.994519039556283 0.000848297714552444
0.0773943845415271 0.996999787623541 0.00123803071554036
0.286060439714911 0.958210267642424 0.00158360814162302
0.701924078801402 -0.712250652953799 0.00126291951063741
0.997429594123858 0.0716362569429945 0.00156571297280892
0.229214484382743 0.973374947012449 0.00139020777779043
0.0681783407282574 -0.997672403304886 0.00122046687530413
0.0680409654115856 0.99768121442509 0.00161907663074898
0.0828554701292704 -0.996560819116001 0.00122673244968313
0.453437912106753 -0.891287017605726 0.00122967953498779
0.18274548790924 0.98315935156574 0.00133269563168827
0.0928912614885132 -0.995675590690564 0.00115396796725836
0.422131420121456 -0.906533814271827 0.0012278957672043
0.0871214814434046 -0.996196888500939 0.0012676009447607
0.091649563192914 0.995790232133103 0.00147348391535282
0.242533145465057 0.970142861289973 0.000708547055553366
0.458969400775689 0.888450898473515 0.00144573621677657
0.182922650752373 -0.983126190733182 0.00148220652691428
0.376016156485596 -0.926612270707366 0.00124492423012206
0.955849421547042 0.293852867383176 0.00154131725198885
0.971279719197419 -0.237937685590686 0.00116826860423773
0.73974302356279 0.672887806178982 0.0015031253504588
0.733226911514381 0.679982501974911 0.00144680303490799
0.701242731706094 0.71292118890331 0.00141761844889553
0.990796554122809 -0.135353596581599 0.00126183627863476
0.104476287307925 -0.994525797348267 0.00177307618183803
0.0756215537438293 -0.997135662693723 0.0013604387960789
0.991712869802038 -0.128467867450156 0.00126130956358653
0.946282890680559 0.323336274457591 0.00153115157020207
0.534699518747307 -0.84504167452927 0.000996473866423437
0.955002571351139 -0.296594567849139 0.00132326682678487
0.454301747244359 0.890847047461489 0.00120850315247039
0.984885361710522 -0.173201504098125 0.00143640749133709
0.585186802442199 -0.810897667902967 0.00117406856884612
0.663307758678885 -0.748345937886464 0.0010837551488783
0.396186177783732 0.918169543917132 0.00109597268353563
0.740532475391791 0.672018934373414 0.00148483457912695
0.943323152674265 0.331871927092869 0.00156640874329877
0.738948652953738 -0.673760623078928 0.00122926244183657
0.889654975612557 0.456631149477688 0.00142045573884265
0.957789210894727 -0.287468429305018 0.0013151602797256
0.262197218786005 0.965013551052367 0.00121026698916832
0.0711628949391542 -0.997463899196303 0.00126971807401185
0.978868878752118 -0.204486187810208 0.00105697938503523
0.0818830416167133 -0.996641117255053 0.00128487049743377
0.0736861926320785 0.997280471294415 0.00141654162612269
0.416066323822347 -0.909333514569142 0.00117194807449053
0.0711003107218143 0.997467927605276 0.00157455203082679
0.659690914158179 0.751535432013245 0.00154667572923342
0.0880897458702053 0.996111684163008 0.00130741977161423
0.352120277242468 0.935953991788368 0.00119816948138532
0.359281925214874 0.933228322294517 0.00118181269831728
0.948003718340632 -0.318257386919161 0.00108889105206069
0.252895040353952 0.967492774821226 0.00135249144111369
0.797619182425267 0.603159705493011 0.00141756722332874
0.226721631542695 0.973958623836949 0.00137871108447743
0.995167871404302 -0.098180115589321 0.00125404445605073
0.915590614497351 -0.402110605006164 0.000942330059260882
0.498755116364116 0.866741906583742 0.00134211482260831
0.426386923048741 0.904540246484282 0.00106505548295287
0.820553411264613 -0.57156908657663 0.000937300359844394
0.281119860741489 0.959671880829738 0.00122680128743913
0.437620421946169 -0.899158876582462 0.00129651788377848
0.23027583281548 -0.973124632741703 0.00122064428207494
0.809049605984308 0.587737849036226 0.00171926347770952
0.0627619729841793 0.998027238868479 0.00160163157246579
0.424787733759081 -0.90529158639851 0.00158897573725204
0.239460247039217 0.970905206704189 0.00136736337974006
0.0629628217330443 -0.998015098253698 0.00124367884697279
0.237824892777745 0.971307772372579 0.000729180273812582
0.232950488380327 -0.972487383253617 0.00153602600864864
0.666717564298405 -0.745309638607465 0.00110997964494537
0.0837846292830068 -0.996482999386035 0.00132959787929289
0.228196503123279 0.973613976559733 0.00147668881305807
0.0556303889521458 -0.99845074598214 0.00116947541228704
0.0555813343542127 0.998452880316747 0.00160033077747826
0.375604837108056 -0.926779061779901 0.0012557815882622
0.236507892330111 -0.971628353892354 0.00153583137187497
0.93658672843431 0.350432375858067 0.00156527032374269
0.240460753299262 -0.970658062360983 0.00124583159940161
0.999919429567789 0.0126268117587299 0.00130307238342017
0.997658784914069 0.0683779439670279 0.00118560643796266
0.248776074420374 -0.968560377807624 0.00112220191686617
0.405324036832139 0.914172453322418 0.00107273135977078
0.99738981818036 0.00221891595879885 0.0721708182170401
0.997361980100152 -0.00728836680454966 -0.0722216059086689
0.999999286283726 -0.0011943039498006 3.27126062230922e-05
-0.00963465934128062 0.999931386857004 0.00666295111839229
0.00933842168715843 0.99994443632854 -0.00489061713805574
0.00758901525263348 -0.99994555621689 0.00716180491149364
-0.444395892673449 0.00114226260992596 0.895829775019283
4.27861092610054e-05 0.999999825965996 0.00058841934643207
-0.000206929556289189 -0.999995929250104 0.00284581506409918
-0.00850345893455987 -0.999957850321482 -0.00346247983216251
-0.00568171995226179 0.99996995935578 0.00527242300886871
3.87112561196851e-05 0.999999916521698 0.000406765333030117
-0.000248499302720604 -0.999996558005701 0.00261193890584344
0.00500995359243133 -0.999982481040602 0.00315245569092397
0.0058187486778617 0.999983007443261 -0.00035635453630546
0.0122086281796215 -0.999866716838421 0.0108396474448952
0.0140093694020611 0.999863927335106 -0.00871001624423045
-0.00583508871633669 0.999982499200145 0.000976234144572672
-0.00608130175347182 -0.99997945066625 0.00202879624631564
0.867440334146542 -0.00723311947085997 -0.497488641758237
0.0111571831808214 0.999595175801767 -0.0261725386102458
-0.0175752024567765 -0.999838257738483 -0.0038171482913809
-0.0166930729992384 0.999839019853514 0.00657842627135282
0.98290475433743 0.00291611290501269 0.184091662457596
0.982894612521804 -0.00746035687224443 -0.184017726730203
-0.0135941440251544 -0.999900497797861 -0.00376745959669085
-0.0125935854189601 0.999900030067502 0.00642895615977931
0.0252604103333744 -0.999637509926674 0.00931452722299579
0.0261966384289581 0.999634870117423 -0.00662288308411316
0.0222810837437812 0.999715960956643 -0.00845876561560022
-0.010877177942566 -0.999940758210111 -0.000408742210487037
-0.415723882941127 0.00126329950922537 0.90948999842038
-0.019210337903934 0.999584769909547 0.0214767474840532
-0.0216458499437429 -0.999577817685157 -0.0193815265650671
0.0151925500653357 0.999543952945628 -0.0260973667702422
0.809118816359615 -0.0068298643986343 -0.587605389666494
-0.0101548662886007 0.999943013454851 0.00329371120358133
0.0143947634337052 0.999879035905961 -0.00589103908098907
0.0130545574560523 -0.999879788900421 0.00836578018333698
0.00799686082967407 -0.999961344871965 0.00365499366928186
-0.0234331110059372 -0.99960330552855 -0.015624368306556
-0.0217693259429126 0.999600645922489 0.0180179110702212
0.0242809087934326 0.999498422075734 -0.020330807565928
0.0223054059007479 -0.999496983283899 0.0225443845333662
0.0220169310431054 -0.999652622050408 0.0144875800321478
0.0289900922072802 -0.999566168688587 0.0052008621432202
0.0119779350244879 -0.999912577984883 0.00560048749434936
0.0128405031577038 0.999913373202998 -0.00289267496600895
0.023478053490692 0.999652317954465 -0.0120010088140157
0.0161909212203013 0.999848943533594 -0.00632014120048666
0.0149527944775634 -0.99984889422466 0.00886581383954591
0.0294017265373818 0.999565255512615 -0.00219964738597237
0.00863878143548374 0.99996240071759 -0.000754059960713436
-0.0198475363267164 0.999394753462628 0.0285692501325046
0.872904038582874 -0.00716880015201862 -0.48783926423576
-0.0102406737038066 0.99991928903782 0.0075195752668179
-0.0116063572818003 -0.999919597570618 -0.00510792177509891
0.00928016050432803 -0.999919487522657 0.00865431068550439
0.0109768744885362 0.999919247987409 -0.00640357171881009
-0.000226282778146394 -0.999996667283975 0.00257181201616956
3.87309471633564e-05 0.999999902363807 0.000440195741489024
0.931234544039569 -0.00765795123390376 -0.364339923382429
-0.0104061557705147 0.999774004940266 0.0185378253250282
0.00395903206612132 0.999992141052918 0.000209517302530625
0.00346849677676348 -0.999990218112248 0.00274466936594242
-0.259566258633298 0.00160782187851121 0.965723962780213
-0.0186590467070738 0.99980560538722 0.00637113900945245
0.0179416167245599 0.999692174812002 -0.0171363359256891
0.0158264028348445 -0.999692655121758 0.0190819356701276
-0.0300531953984153 0.999431676464149 0.0152685797114936
-0.0312171946501121 -0.999432069094992 -0.0126896029362502
0.0301880159536181 -0.999485573008552 0.0108292677754083
0.0310866766008153 0.999483968064461 -0.00808802324652007
3.4343400951981e-05 0.999999873071523 0.000502670338726681
-0.000196331494694167 -0.999995835100642 0.00287945052294825
0.945714349579445 -0.00763608091708877 -0.324909309296849
0.00213417039827672 0.999990759581785 -0.00373176469728229
0.945707709202943 0.0030216037221087 0.325004305610046
-0.000152411686570461 -0.999984627696355 0.00554266557351893
-0.014476823331652 -0.99989503186114 -0.000588936018588948
-0.0140093758504234 0.999895717198224 0.00350601154184501
-0.0395265437726441 0.998265158889332 0.0436385710701787
-0.0413628496081841 -0.99828670775723 -0.0413855504677902
0.0311219480528582 -0.999501624778284 0.00528454491568729
0.031431651804942 0.999503168210253 -0.0023383760347665
3.63780715884244e-05 0.99999987813821 0.000492341549032229
-0.0736867786771664 0.00248517493057535 0.997278337553637
0.913596459085342 0.00369729002039374 0.406605263115507
0.91364245742283 -0.00829458274885625 -0.406434078161999
-0.00354364991779824 0.999993348534172 0.000863384429559366
-0.00392561452416007 -0.999989001647129 0.00256634670031873
0.97817141279702 0.00353964843156938 0.207769483023042
0.978184019430326 -0.00808115900002481 -0.207583041215672
0.947984158177539 -0.00768872289852401 -0.318224636671349
0.948047353463111 0.00312791050008651 0.31811386604091
0.0286313892608694 -0.99888390273646 0.0375658409059426
0.0307472474036915 0.998909582999966 -0.0351319195024959
0.976483021904304 -0.0074489852462633 -0.215465590179592
0.976528388432636 0.00288220054949106 0.215369448866709
-0.0169761086115372 0.999745470573378 0.0148595358078097
-0.0187008327547787 -0.999745317926046 -0.0126324241231073
-0.00836482827383261 -0.999962297588383 0.00233089032594795
-0.00823754890439361 0.999965502763388 0.00106586641429647
-0.0204845257567755 -0.999784922777842 -0.00323919598432971
-0.0198361728489084 0.999784737654308 0.00608314065388175
-0.230074559448431 0.00151285706089834 0.973171828793931
0.0127218961603671 0.999917865342768 -0.00155432507772933
-0.0147334511339051 0.999890046070325 0.00167963899914656
-0.0791888168491207 0.00251296665762451 0.996856467243211
2.63196762196146e-05 0.99999988790384 0.000472757424116096
-0.000160814230013771 -0.999995809695378 0.00289045506270274
-0.00545993051504123 0.999952574305542 0.00806463257008941
-0.00737150379587564 -0.999954858461628 -0.00599516228085644
-0.00477045752438549 0.999937918190242 -0.0100698808519895
0.00540897153545278 0.999935132490008 -0.0100236639567697
0.00130416043895585 0.999624240549282 0.0273802277532499
0.00811223721630872 -0.999919747669791 0.00973086981353524
-0.0113455325384999 -0.999933300034553 -0.00216202993183699
-0.00873814789725873 0.999946143287156 0.00559958002601008
0.00994168226934009 0.999933115649438 -0.00590992227211262
-0.000249499360409496 -0.999994082086107 0.00343125965700217
4.62360699974965e-05 0.999999796768814 0.000635865203904146
0.0027263369866897 -0.999971230352408 0.00707852768066849
0.00604392347078523 0.999969405541054 -0.00496577999407701
6.44805162566114e-05 0.999999768251937 0.000677745036849752
-0.000340186705567811 -0.999993552208134 0.00357488673438279
-0.00668241923733024 -0.9999738147208 0.00277761514018913
-0.00558085109603303 0.99998382461711 0.00109754507055898
-0.0133559306326526 0.999867595855998 0.0092956911568184
-0.0160014236966367 -0.999853788231437 -0.0060296433498195
0.00590493327880369 0.999982560907021 9.82079856970456e-05
0.00553880039689473 -0.999976122145378 0.00413241203853479
-0.0124332415416196 -0.999598989982382 -0.0254415748523879
-0.0103244252871346 0.999591585604438 0.0266471054956525
0.0157501770111879 -0.999828925134132 0.00969806110742346
0.0169853662686209 0.999839062948923 -0.00577455921617985
0.0024942081500372 0.999920321933614 0.0123745185717587
-0.00158956501624182 0.999924295153016 0.0122015263718428
0.0114689658015305 -0.999888548651226 0.00955788154293025
0.0129131183192843 0.999900666121871 -0.00564882857857088
-0.0271375759539985 -0.999625707177719 -0.0034637437530215
-0.02586272042471 0.999638216293411 0.00738621810947256
-0.0236870798818959 -0.999704949393006 -0.00537925699289352
0.00950363467363322 -0.999933585966005 0.00651955406113629
0.0104984113604561 0.999942544594131 -0.00216584152718939
-0.0219075565431694 0.999718026801389 0.00916110553620796
0.0199168767157968 0.999582860555398 -0.0209146576777256
0.0169557640050823 -0.999580637197429 0.0234744926885777
-0.0145746251850222 0.999540955217976 0.0265604808437758
-0.0165237302675334 -0.999547613754005 -0.025130343744578
-0.0140073419473547 0.999879810494018 0.00664521918505259
-0.0160266047477924 -0.999867205431125 -0.00295287040192285
-0.00913907234277592 -0.999955018085101 0.00253755061813293
-0.00836499643033332 0.99996355148605 0.00170954208112355
0.0222197216354114 0.999604580075906 -0.0172327438824276
0.0197516042889422 -0.999590792558801 0.0206910985614687
-0.0236787019225071 0.999498629148765 0.0210192627131516
-0.0263494058423485 -0.999490127777895 -0.0180331163774474
-0.0230530188699103 0.999653662071234 0.0126930779779972
-0.0291499601730382 0.999569698753833 0.0032706505594642
-0.0126764989759743 0.999912755078962 0.00371330097243891
-0.0140430383307059 -0.999901369412739 0.000210999933241929
-0.0251997765400513 -0.999641756996133 -0.00901825548624311
-0.0158577647197933 0.999849136995863 0.00708763336523202
-0.0177114743127721 -0.999837608924925 -0.00332557618430347
-0.0296558612699911 -0.99955966230858 0.00100567285587233
0.0207568122430393 0.999388750626139 -0.0281296972509959
0.0184547812273383 -0.999398846262211 0.0293490568777392
0.0106760898480913 0.999919690871499 -0.00682882954847614
0.00863197785095556 -0.999907665147178 0.0104952436036555
-0.0130444715499228 -0.999907769650003 -0.0037807347883615
-0.0104527233759231 0.999919685159318 0.00716685460418589
5.59719934325623e-05 0.999999796091103 0.000636148479605899
-0.000314785073868913 -0.999993550526763 0.00357768294219519
0.0109566158752848 -0.999772098596563 0.0183222115582567
0.0116963160627645 0.999769299043922 -0.0180151291914848
-0.00480284273247165 -0.999982628606768 0.00341689718695708
-0.00385470852349078 0.999992097064544 0.000973155000501888
0.0178204692318139 -0.999796211288764 0.00948508139088045
0.0188033484023775 0.999807733646114 -0.00556145936598989
-0.0172444049024624 0.99969324541407 0.0177776706304358
-0.0203918301864632 -0.999681295130912 -0.0148822520818965
0.028645809559148 -0.999419923039768 0.0184183339606076
0.0303824272285824 0.999432318499888 -0.014558463299315
-0.0320909221749802 -0.999472468493533 -0.00499574192723962
-0.0308354525157172 0.999485411875281 0.00883664623317249
4.65618712584013e-05 0.999999765747323 0.000682888931056642
-0.000232598094317958 -0.999994155658853 0.00341094506901643
-0.0043288387139401 -0.999696196295262 -0.0242647124065683
-0.00476714689393625 -0.999987350381884 -0.00160417789230651
-0.00368644502843573 0.999693248931199 0.0244911854436683
-0.00159559067020734 0.999990200820199 0.00412944959907125
0.0141153401135734 0.999897157904946 -0.00253589966085722
0.013379902930412 -0.999887510398394 0.00677825544478461
0.037031304569972 -0.998253712582438 0.0460239915394628
0.0397225101993079 0.998287067697738 -0.0429540760687261
-0.0317514038141275 -0.999495547611579 0.000706158948902555
-0.0313293387448646 0.999503628539848 0.0033119585575749
4.20935228098201e-05 0.999999836838097 0.0005696945802648
-0.00026393015626215 -0.999993585429207 0.00357203601775784
-0.0110113595338455 0.999263862118626 0.0367489295760402
-0.0115913116449225 -0.999266913655555 -0.0364866656143264
0.00376543207153728 0.999992859862161 0.000318976505955526
0.00347122307557436 -0.999987146947391 0.00369547701613521
-0.00323918902756647 0.999158686668899 0.0408830834028631
0.00407169488492988 0.999162030679008 0.0407266221305481
0.0116551457960866 -0.999677509703544 0.0225617855985104
0.0122415680319979 0.999674814016367 -0.0223698509932556
-0.0303640047988855 0.998888842350508 0.0360431386013333
-0.0329475893463267 -0.998905556669673 -0.0331985724198554
0.00849332877988883 -0.999735060392277 0.0213932790541249
0.00936047884367711 0.999731405248935 -0.0212013866246305
0.00792802927805119 -0.999960785933289 0.00394625739730931
0.0149219579301152 -0.999734752380358 0.0175430913614348
0.0175372030148131 0.99974603678618 -0.0141530364495557
0.00822647928435212 0.999966153484611 0.000130091414560028
0.0191154639944268 -0.999774920873941 0.00920362036283358
0.0200141104412387 0.9997857708732 -0.00527709605054898
-0.0134517083028515 -0.999908345942777 0.0015333811378867
-0.012526979443279 0.999918725735842 0.00236995966992175
0.0148185281234095 0.999890014026172 -0.000609159253811548
0.0144864042848207 -0.999883608162493 0.00478687986601102
-0.000188470085361098 -0.999994248961736 0.00338622540294423
3.81523619877506e-05 0.999999764148498 0.000685745831398861
0.00314182453072428 -0.999941039416525 0.0103945480526291
0.00596655912373654 0.999954760150446 -0.00740795684965961
-0.997292334922612 -0.0135408909792126 -0.0722816918458142
-0.997385840840757 0.00334706198382729 0.0721822808343772
-0.999999083790547 -0.00135316087101679 3.70637799008028e-05
0.00932382706741887 0.999929963889632 0.00728927736449695
-0.00978078213989956 0.999942967731094 -0.00428924070948452
-0.00718046968500318 -0.999944441301464 0.00771719932397027
0.0111882150001918 -0.999931639237758 -0.00339716004911464
0.000220759924157196 -0.999995366918265 0.00303601829038844
-5.9530916872219e-05 0.999999663090157 0.00081870363544315
0.00433301639788952 0.999972027456923 0.00609666077345136
0.0119115266820066 -0.999928103939807 -0.00137930542155285
0.000326279600177913 -0.999994066100565 0.00342947594845332
-8.35317505604599e-05 0.999999611310944 0.000877724562340823
-0.00595798702968526 0.999982240573479 0.000144665820131003
-0.00478728955401103 -0.999980724100164 0.00395389514765132
-0.0116624877631878 -0.999864998763636 0.0115745680942149
-0.0144611872233472 0.999862605566531 -0.00810210181373023
0.00616074859992847 -0.999976821589685 0.00289852722606901
0.00579446071570778 0.999982202593188 0.00142081733146001
-0.0122205605833292 0.999598500631526 -0.0255635567602397
-0.00359098611468849 -0.999528054081564 0.030508587686858
0.0165334048344045 0.999838047533689 0.00710811005836274
0.0178074283868183 -0.999836794092502 -0.00304641971440647
-0.982841705984461 -0.0135407966744416 -0.183953330502539
-0.982907390132383 0.00352034783134318 0.184067024679308
0.0138704890599777 -0.999899287702577 -0.00300399485959224
0.0123635473078968 0.999898614616641 0.00706421868904427
-0.0263827292341023 0.999633745383236 -0.00602716261969675
-0.0250223754390465 -0.99963610623067 0.0100764997579082
-0.0225532346020785 0.999714719936973 -0.00786322772936285
0.011037060099596 -0.999939034348964 0.000333000930633375
-0.020705279229299 -0.999716086175275 0.0117914568407281
0.0222692739334787 -0.999574689910184 -0.0188286677551696
0.0183690671730396 0.999584288610665 0.0222222261239564
-0.00992160870607994 -0.999502465309594 0.0299396646729387
-0.0162933066206606 0.999547173729914 -0.0252977399762449
0.0100697489232542 0.999942496257782 0.00368840539780406
-0.0126991687774577 -0.999878790520815 0.00900751791526507
-0.014742581565602 0.99987747144953 -0.00526292470749011
-0.00784245268754102 -0.999959252546851 0.00447092627847764
0.0239012445968238 -0.999601728999572 -0.0150037957793736
0.0213376851697657 0.999599480721632 0.0185898179829415
-0.0248711644179274 0.999497029424147 -0.0196751963853628
-0.0214797262083616 -0.999493967474899 0.0234612519550889
-0.0216086536033916 -0.999651033405474 0.0151946536919083
-0.0289245273792506 -0.999563638064242 0.00599209276160964
-0.0117000087796995 -0.999911381662528 0.00635126887233547
-0.0130806513781498 0.999911926416587 -0.00224409656492369
-0.0238310088838212 0.999651119052681 -0.0113896089617563
-0.0164918622943104 0.999847587053287 -0.00572897388586655
-0.0146104892379138 -0.999847764949864 0.00953837140139824
-0.0294431280118325 0.999565013185783 -0.00169900788250542
-0.00874657065153483 0.99996173091319 -0.000184961982937858
0.0274743899878483 -0.999325278775306 -0.0243750917014291
0.0187669469539989 0.999398137473807 0.0291747239217599
0.00988883805262925 0.999917724868484 0.00817033510958602
0.0119749791504709 -0.999918501977153 -0.0044259776448635
-0.0114371456318811 0.999917657904798 -0.005819717345235
-0.00884283172562402 -0.99991849539478 0.0092090658870275
-7.44285696297555e-05 0.999999639442938 0.000845916296803996
0.000304036397163013 -0.999993983456745 0.00345551908979512
-0.93129113956912 0.0034205595720042 0.36425967815868
-0.931132515601174 -0.0134855017358881 -0.364431584296917
-0.00405848849077721 0.999991542912874 0.000665412579123744
-0.00331369224528197 -0.999988542094016 0.00345472493672393
0.0195670227357113 -0.999804846682568 -0.00272032558843516
0.0185337301750964 0.99980485832419 0.00683711321711151
-0.0153993289459284 -0.999691750275184 0.0194747297736055
-0.0185283730189611 0.999690578574682 -0.0165965810421463
0.0297779381224354 0.999430313042219 0.0158847024998593
0.0315796003319518 -0.999430657137109 -0.0118781487345868
-0.0312568541739315 0.999482762618548 -0.00756414539415929
-0.0299492116239444 -0.999484525032254 0.0115641231467918
-5.21392725737133e-05 0.999999707448424 0.000763141246326668
0.000216904937739618 -0.999994916490467 0.0031811861738093
-0.945713719759292 0.00350343894923833 0.324981978230442
-0.0030363036978054 0.999990881986093 -0.00300279944907363
-0.945698564528006 -0.0134793825823745 -0.324765348051277
0.000728112480403375 -0.999981686130396 0.00600809920237815
0.0146363606523994 -0.999892846164471 0.000270436622943892
0.0139107247384272 0.999895091960738 0.00403693077471506
0.0387785250567855 0.998262975898711 0.0443537703501023
0.0419803487141107 -0.998285239871123 -0.0407949773537879
-0.0314770528611394 0.999502656983536 -0.00190625969605192
-0.0310283467459319 -0.999499433704097 0.00617444114100719
0.000251599210530361 -0.999994170812919 0.00340514875140386
-6.57784729164197e-05 0.999999601566506 0.00089024716909265
-0.00259774150739302 -0.999176515216694 0.0404912728681597
-0.0116573491505996 0.99926721811542 -0.0364572765116985
0.00352982684182629 0.999993211349078 0.00105715572376119
0.0039399693341507 -0.999988408009718 0.00276775863032677
-0.978169407118992 -0.0141188087761107 -0.207328893826268
-0.978174237497608 0.00413690087359185 0.207745149515303
-0.948049541026 0.00352864219583259 0.318103153779783
-0.94787080947566 -0.0135905776027936 -0.318364923859994
-0.0281265349109645 -0.998881463650554 0.03800946736315
-0.0315996976411277 0.998909040112913 -0.0343829709258648
-0.976524559907649 0.00336756783734022 0.215379765493497
-0.976392193075346 -0.0134592120745863 -0.215585562855791
0.0165317390728229 0.99974411973778 0.0154400988649623
0.019136185960562 -0.999744106717341 -0.0120634767305931
0.00838422321955251 -0.999961368258704 0.00263946797410137
0.00822401318925424 0.999965362321482 0.00128053283061581
0.019735716507846 0.999783983901284 0.00651820745294973
0.0206750461613966 -0.999783334733226 -0.00241372242267802
-0.0128275283790494 0.999917110585173 -0.00110746317505689
-0.0118527169932229 -0.999916118059414 0.00522206327708068
0.0150446513370549 -0.999884320275514 0.00223708142908282
0.0147029692610832 0.999889777032263 0.0020631241551998
-3.68336885710795e-05 0.999999780456746 0.000661611472126728
0.000187799012325957 -0.999994285429651 0.00337547619947346
0.00488736596100352 0.999950729710335 0.00864012764551642
0.00798549594826883 -0.999953654901853 -0.0053777228345929
0.997383399916396 0.00390600891528791 -0.0721879260372862
0.997322379994623 -0.0112499857167038 0.0722600040356691
0.999999378456526 0.00111451991798331 3.05272801039202e-05
-0.00848615739241163 -0.999923695347785 0.0089771161706417
0.0107999018272783 -0.999937463254062 -0.00290373923634548
0.00913514666985884 0.999945472009112 0.0050598521514555
-0.00971730789447872 0.999932545927707 -0.00636219473284106
-2.91850749613299e-05 0.999999919025155 0.000401370048151771
0.000212144494872137 -0.99999572148612 0.002917533918785
-0.00509176363908253 0.999971647897858 -0.00554773318442369
-0.00746814600133696 -0.999963373831521 0.00418064478089345
0.000257977766480047 -0.999996292642866 0.00271074675986195
-2.11030550776602e-05 0.99999997517726 0.000221811047298876
0.00568085006097474 0.999983591813487 0.000737594998867389
0.00648906119123459 -0.999976832865975 0.00205567900960078
0.0137138444936726 0.99986711296577 0.00881401603695927
0.0154047979317982 -0.99985799492624 -0.00683243607794463
-0.00562556149215968 -0.999978833433249 0.00326890553187978
-0.00586710508174285 0.999982738512386 -0.000315840511733214
0.86740253334675 0.00325911756868036 -0.497596446225567
0.867501261229184 -0.00711581609984649 0.497384083910019
-0.0168619481556859 0.999838702811981 -0.00618409764233383
-0.0159541417715415 -0.999831951718212 0.00902960041671348
0.98286236812999 -0.0115065355257454 0.18398142556819
0.982906553546889 0.00405370212012634 -0.184060518563049
-0.011697387108174 -0.99989194135097 0.00890374956019633
-0.0127302460574208 0.999900029596136 -0.00615399455344623
0.0260067009211292 0.999637780907363 0.0069252068418163
0.0269754792378087 -0.999627566453493 -0.00412939537447088
0.023344264818164 -0.999708678856414 -0.00613210561415209
-0.0103786386143493 0.999942437173483 -0.00272143345839999
0.0221105983445461 0.99971752915807 0.00871684202738081
0.748453886525183 0.00161203190018126 0.663184877012813
0.748251352598995 8.29556284944691e-05 -0.663415334803273
0.809065989306931 -0.00297632215415712 0.587710274245084
0.809060401027779 0.00261239536048974 -0.587719697542331
-0.00962714572358159 -0.999937179528787 0.0057406498962185
0.0156610730327786 -0.999870862038948 -0.00360416938452978
0.0143126157343818 0.999878999250016 0.00609392235157592
0.0084633735784716 0.999963477380521 0.00118962713776331
0.602292110782487 -0.00101487039552748 -0.798275130094416
0.602459490372912 0.00362519156568875 0.798141228383626
0.669044301981394 0.00349405250498028 0.743214312014591
0.669106441037477 -0.00101207680182709 -0.743165894173507
0.499975481661883 -0.0010628502726033 -0.866038906797071
0.0291910001184222 0.999570000193452 0.00277492798983288
0.0128662508026512 0.999912103834409 0.00320065551558573
0.0137502047228848 -0.999905366535355 -0.000435710770084198
0.49990991884365 0.00379068483023929 0.866069110262139
0.016108213000647 0.999848500954764 0.00659549940768714
0.0173621356338639 -0.999841188052417 -0.00401931837043896
0.0296007198991435 -0.999561781151221 0.000207468677181797
0.00910444920073991 -0.999957100663378 0.00170465176547783
0.872965895359078 -0.00717195862006641 0.48772851931118
0.872987816985776 0.00326932884233599 -0.48773105589385
-0.0103975242884206 0.999918974339031 -0.00734412999972658
-0.00898102058350147 -0.999911161551796 0.00984937934166442
0.0109173667303708 0.999918771088792 0.00657741042928135
0.0125639458647335 -0.999911432242992 -0.00439032277593562
-1.95609456244508e-05 0.999999975095703 0.000222319504014821
0.000237444092676428 -0.999996330405152 0.00269866569482653
0.931284834456113 0.00378830193503806 -0.36427215907958
0.931189320515012 -0.0105942054236046 0.364381959172284
0.00449941935331311 -0.999986268530296 0.0026866291774335
0.00398546844565358 0.99999198829025 0.000373358517052537
-0.0180254344157568 -0.999799441759659 0.00872696804150468
-0.0187181257324729 0.999807519115549 -0.00587847676479404
0.0195334899686068 -0.999686367537075 -0.0156719280937428
0.017777174437863 0.999692508168753 0.0172876019237663
0.407965126468489 0.0042240492028855 0.912987739782896
0.407880158789687 -0.00132209481119036 -0.913034516396292
0.308972442133044 -0.00145003407208939 -0.951069885656954
0.308880639552037 0.00437228230919164 0.951090759947406
0.000199939790282917 -0.999995697985786 0.00292643708312349
-3.10152740672509e-05 0.999999896061863 0.000454878353936262
0.94570545787984 0.00397658306250104 -0.325000574958612
0.00344223447403728 -0.99999049822491 -0.0026747862947891
0.945717287103808 -0.0112508269256696 0.324795676951683
0.00206891228405366 0.999990840592867 0.00374677625860548
-0.0140277498720912 0.999897082937842 -0.00300761798120032
-0.0135586615297762 -0.999890484170128 0.00593147229175893
-0.0381848512769281 -0.998260482457978 0.0449213345274079
-0.0393045905594208 0.998286337530404 -0.0433536326169958
0.10451897012318 -0.000302780709713979 -0.994522847001632
0.104426782896013 0.00322643377559721 0.994527343585424
0.0736867275571991 0.0027501961740343 0.997277645694977
-1.14941825388525e-05 0.999999987834097 0.000155562496551867
0.913662661087775 -0.0114232972469092 0.406312749017324
0.913606915801433 0.00459024404085689 -0.406572666394875
-0.00337836643476215 -0.999989236437685 0.00318019637902292
-0.00375418973125115 0.9999929400031 0.000161255752994542
0.978178354036616 -0.0120713580432417 0.207415983012904
0.97817656940134 0.00470068458668776 -0.207722176569189
0.948033584123911 0.00404241638245607 -0.31814459329519
0.947925258619723 -0.0113507531195004 0.318290534691738
0.0310726529902653 0.998889331278786 0.0354202497671398
0.0320897859287514 -0.998908145667418 -0.0339523512930572
0.976520360825022 0.00386586658059987 -0.215390436114861
0.976428454780493 -0.011326464278616 0.215543925690157
-0.0154703810826876 -0.999738731124881 0.0168266692476135
-0.0171290673513409 0.999745420693072 -0.0146863492708484
-0.00821539190778447 0.999966252028698 -4.62545087644929e-05
-0.00808564838751466 -0.999961274157846 0.00347454670001265
0.224946055980978 -0.000949814251822653 -0.974370755796524
0.225021675683748 0.00387576582743177 0.974346049364254
0.0132786437150487 -0.999911514057709 0.000801046758160504
0.0126038208588862 0.999918477732586 0.00204489332387747
-0.0145553731242081 -0.999886382452332 0.00391960452134124
-0.0147853978197659 0.999890163588059 -0.00102604637089146
0.000161384037562411 -0.9999957854453 0.0028988009295723
-2.71725620086544e-05 0.999999880365363 0.000488396265789374
-0.00395941657245345 -0.999946340748521 0.00957280753222181
-0.00552247471038935 0.999953903399105 -0.00785451144037731
-0.999999034646877 -0 0.00138949822408673
-0.999999011635109 0 0.00140596187918416
-0.999999010598117 0 0.00140669925234829
-0.00141667925276759 0 -0.999998996509444
-0.00142854055308875 -0 -0.999998979635424
-0.999999075271198 0 0.00135994733332703
-0.999999074132854 0 0.00136078412508563
-0.99999902354502 0 0.00139746520744376
-0.999999050876569 0 0.00137776847158786
-0.999999048375516 0 0.00137958256810573
-0.999998996907364 0 0.00141639834315688
-0.99999897811767 0 0.00142960260789246
-0.999999085469039 0 0.00135242784888199
-0.999999086912852 0 0.00135135985669251
-0.99999908008761 0 0.00135640109643526
-0.999999002618058 0 0.00141236075080637
-0.999999003704579 -0 0.00141159124709646
-0.999999013456466 0 0.00140466583000962
-0.999999080670979 0 0.00135597094262326
0.00134361534157677 -0 0.9999990973485
-0.999999037173995 0 0.00138767830688869
0.0013518075891937 -0 0.999999086307703
-0.999999035016945 0 0.00138923186634761
-0.999999066692693 -0 0.00136624073371173
-0.999999026988811 0 0.00139499872088049
-0.999998998829393 0 0.00141504071037966
-0.999999034874619 0 0.00138933431163192
-0.999999043554023 0 0.00138307304203874
-0.999998992310409 0 0.00141964015413079
-0.00136005268899518 0 -0.999999075127914
-0.999999073782563 0 0.00136104151887724
-0.999999075764611 -0 0.00135958446745086
-0.999999063159533 0 0.00136882433401138
-0.999999096467656 0 0.00134427075864893
-0.999999028241479 0 0.00139410046202099
-0.999999054448687 0 0.00137517334613417
-0.999999028282214 0 0.00139407124183252
-0.999999045454936 0 0.00138169794688762
-0.00136632268994209 0 -0.999999066580718
-0.00135960204613143 0 -0.999999075740711
-0.999999054915455 0 0.00137483387969469
-0.999999005413706 0 0.001410379948135
-0.999999032470644 0 0.00139106354145845
-0.999999035541195 0 0.00138885444860662
-0.999999033650671 -0 0.0013902149918299
-0.999999049525578 0 0.00137874868673942
-0.999999008452667 0 0.00140822359149656
0.00137699023663394 -0 0.999999051948495
0.00135329968161313 -0 0.999999084289567
-0.999999072463982 -0 0.00136200997611247
-0.999999010956231 0 0.00140644465255222
-0.999998994294792 0 0.0014182416596762
0.00132703759643652 0 0.999999119485221
-0.00143241438137278 0 -0.999998974093994
-0.999998998907969 0 0.00141498518038166
-0.999998987494718 0 0.00142302829882331
-0.99999898593275 0 0.00142412551100794
-0.999999031831681 0 0.00139152279900756
-0.999999078078427 0 0.00135788154731644
0.0013170663300152 -0 0.999999132667765
-0.999999007463542 0 0.00140892580729762
-0.999999086730982 0 0.00135149443255619
-0.99999904304806 -0 0.00138343881827894
-0.999999052133795 0 0.00137685566077628
-0.999999021925133 0 0.00139862388684989
-0.00140875607410186 0 -0.999999007702669
-0.999999050497522 0 0.00137804356047224
-0.00136658893127546 0 -0.99999906621691
-0.999999031847881 0 0.00139151115749809
-0.00138733301971197 0 -0.999999037653083
-0.999999055691546 -0 0.00137426926644554
-0.999999049965317 0 0.00137842970936275
-0.00138732428857971 -0 -0.999999037665196
-0.999999031790858 -0 0.00139155213561143
-0.999999055956944 0 0.0013740761337895
-0.999999047394452 -0 0.00138029351512343
-0.999999056133855 0 0.00137394737868538
-0.999999040982727 0 0.00138493091059355
-0.999999051831631 -0 0.00137707510324309
-0.999999050985312 0 0.00137768954214912
-0.999999058138702 0 0.00137248741687166
-0.999999039742329 0 0.00138582625910996
-0.999999052024958 -0 0.0013769347066304
-0.999999048121262 0 0.00137976685320975
-0.999999038586365 0 0.00138666014045179
-0.999999047774118 -0 0.0013800184262416
-0.999999080377344 0 0.00135618747471816
-0.999999060578693 0 0.00137070847766233
-0.99999907553383 -0 0.00135975420067116
-0.999999022841601 0 0.00139796846988519
-0.999999014791845 -0 0.00140371483515137
-0.999998990190894 0 0.00142113236272219
-0.99999907737105 0 0.00135840238849088
-0.999999016298434 0 0.00140264113878522
-0.999999088015639 0 0.00135054355396075
-0.999999045976504 0 0.00138132041271972
-0.00141402836475368 0 -0.999999000261392
-0.999998980905756 0 0.00142765102543456
-0.999999074025445 0 0.00136086305452515
-0.999999045883394 0 0.00138138781706241
-0.99999907770485 0 0.00135815663620688
-0.999999056543918 0 0.00137364889036058
0.00134264106351371 -0 0.999999098657081
-0.999999073455977 0 0.00136128145040324
-0.999998999305412 0 0.00141470427076893
-0.00142575811616311 0 -0.999998983606381
-0.999999037178034 0 0.00138767539651128
-0.999999078229385 0 0.00135777037089216
-0.999999002882592 0 0.00141217343893531
0.00134839313408743 -0 0.999999090917565
-0.999999054046335 0 0.00137546589728687
-0.999999055816331 0 0.00137417846266514
-0.999998997769225 0 0.00141578972506839
-0.999999053394353 0 0.0013759398231686
-0.999998985065982 -0 0.00142473401265973
-0.999999078586894 -0 0.0013575070399268
-0.9999991015971 0 0.00134044954903721
-0.999999035480239 0 0.00138889833709782
-0.99999906906963 0 0.00136449986230077
-0.00135938551403954 0 -0.999999076035085
-0.999999030275748 0 0.00139264050032937
-0.999999032946854 -0 0.00139072116466398
-0.999998969798071 0 0.00143541032347575
0.00132067391802103 -0 0.999999127909821
-0.00136984832121759 -0 -0.999999061757348
-0.999999041760489 0 0.00138436920774545
0.00134372942838519 -0 0.999999097195204
-0.999999079508162 0 0.00135682822345379
-0.999998995286332 0 0.00141754235423825
-0.999999049340022 0 0.00137888326259603
-0.999998991512834 0 0.00142020185692903
-0.999999008786418 0 0.00140798657038021
-0.999999046481531 -0 0.00138095475289141
-0.999998977569717 0 0.00142998584634505
-0.999998969104976 0 0.00143589309681198
0.00132875506867232 -0 0.999999117204594
-0.00143914084468418 0 -0.999998964436278
0.00132135273455217 -0 0.999999127013094
0.00133306766666661 -0 0.999999111464903
-0.99999908102391 0 0.0013557106384487
-0.999998996389211 0 0.00141676411936769
-0.999998973628862 0 0.00143273906303484
0.00132804400513302 -0 0.999999118149171
-0.999999072129076 0 0.00136225584480771
-0.00143529623669732 0 -0.999998969961826
-0.999999005826272 0 0.00141008739702497
-0.0014318583829429 0 -0.99999897489026
-0.999998998241377 0 0.00141545619583598
-0.999998990294954 0 0.00142105913763239
-0.999999005153777 0 0.00141056423321526
-0.999999052697761 0 0.00137644599603266
-0.999999028119105 0 0.00139418823900144
-0.999999056041402 0 0.00137401466661503
-0.99999899973999 0 0.00141439705134543
-0.999999038034524 -0 0.00138705804725328
-0.999999078932325 0 0.00135725255650908
-0.999999035866152 0 0.00138862045426352
0.00138433696076325 -0 0.99999904180513
-0.999999081170682 -0 0.00135560237240106
-0.999999013382552 0 0.00140471844962953
-0.999998987153259 -0 0.00142326823031579
-0.999998988493745 0 0.00142232608302245
-0.999999057938009 0 0.00137263363424213
-0.999999054179235 0 0.0013753692727518
-0.999998976937858 0 0.00143042764158351
-0.999999056105704 0 0.00137396786774355
-0.999999031640194 0 0.00139166040164948
0.00138340366091914 -0 0.999999043096698
-0.999999048161579 0 0.00137973763301954
-0.00136861653306007 0 -0.999999063443954
-0.99999899971101 0 0.00141441754040135
-0.999999087734972 0 0.00135075135492738
-0.999999045701504 0 0.00138151948254005
-0.999999031070158 0 0.00139206994995212
-0.999999028751179 0 0.00139373480221213
-0.999998992194057 0 0.00141972211035263
-0.999999088236839 0 0.00135037975790458
-0.999999070426496 0 0.00136350509526253
-0.999999029199754 0 0.00139341291447798
-0.999998990718914 -0 0.00142076076576382
-0.999999050183062 -0 0.00137827173407056
-0.00136353140507541 -0 -0.999999070390622
-0.999998989026347 0 0.0014219515756888
-0.999999042477363 0 0.00138385127697306
0.999999035281029 0 0.00138904176049604
0.999998976515011 0 0.00143072321947776
0.999999010273025 -0 0.00140693033629648
0.99999905933107 0 0.00137161837811943
0.999999060606778 -0 0.00137068798860389
0.999998983272734 -0 0.00142599211048347
0.99999898612456 0 0.00142399081875382
0.999998965564506 -0 0.00143835667271662
0.999999011046772 0 0.00140638027500886
0.999999014212622 -0 0.00140412741022561
0.00140120737054114 -0 -0.999999018308471
0.0014225484358376 -0 -0.999998988177462
0.999998940726379 -0 0.00145552262782162
0.99999895668661 -0 0.00144451572877862
0.999998953789498 -0 0.00144651993070826
0.00137494796649539 -0 -0.999999054758598
0.00136951770233839 -0 -0.999999062210192
0.00140032086962915 -0 -0.99999901955025
0.999998948161534 0 0.00145040540019876
0.999998917794609 -0 0.00147119326076892
0.99999904748331 0 0.00138022913757303
0.999998924507683 0 0.00146662315436813
0.999999031021216 -0 0.00139210510731065
0.999998952553436 0 0.00144737418452265
0.0013761621760138 -0 -0.999999053088384
0.00137158624755064 -0 -0.99999905937514
0.999999050513725 0 0.00137803180254702
0.999998958744086 0 0.00144309069183606
0.999999060057302 0 0.00137108880580929
0.999998979016846 0 0.00142897350078362
0.999998966868671 -0 0.00143744968283813
0.999998977222427 0 0.00143022868820746
0.999998960039952 0 0.00144219243310687
0.999998947575884 0 0.00145080912766962
0.99999897991546 -0 0.00142834451008817
0.999999000960387 -0 0.00141353394986324
0.999998994639171 0 0.00141799881780136
0.999998986911835 0 0.00142343784709611
0.999998985899426 -0 0.00142414891044015
0.999998991533501 0 0.00142018730504308
0.999998980604911 0 0.00142786173673628
0.999999037734158 0 0.00138727457933339
0.999999028812347 0 0.00139369091372182
0.999999019374182 0 0.00140044659792678
0.999999032747543 0 0.00139086447164601
0.999999021786079 -0 0.00139872330533781
0.999999025310506 -0 0.00139620128878845
0.999999071232207 0 0.00136291405579271
0.999999024542357 0 0.00139675135009961
0.00136047690562979 -0 -0.999999074550866
0.9999988835832 0 0.00149426649338827
0.999998910585567 0 0.00147608525473596
0.999998922988098 -0 0.00146765889925348
0.999999057323336 -0 0.00137308136673108
0.00133447209861718 -0 -0.999999109591713
0.00143998345701809 -0 -0.999998963223284
0.00138729506839042 -0 -0.999999037705734
0.999999009684283 0 0.00140734873211948
0.999999007888146 0 0.00140862440863923
0.999999100961557 0 0.00134092359137342
0.999998919507137 0 0.00147002876083301
0.99999899085619 -0 0.00142066414124134
0.999999019402876 0 0.00140042610887088
0.999999002039543 0 0.00141277029907335
0.999999021916992 -0 0.00139862970760445
0.999999003084956 -0 0.00141203013196611
0.99999903035308 0 0.00139258497032944
0.999999033512291 0 0.00139031452673641
0.999998998920488 0 0.00141497633283481
0.999999017923139 0 0.00140148234298355
0.999999023908915 0 0.0013972047868832
0.999999020545715 0 0.00139960980625574
0.999999009206477 -0 0.00140768819851288
0.999999000273738 0 0.00141401963362189
0.999999002758632 0 0.00141226121590909
0.999999011355368 0 0.0014061608325689
0.999998982955635 -0 0.00142621446329514
0.999998995157775 0 0.00141763304159248
0.999998985224372 0 0.00142462283625322
0.999998974563355 -0 0.00143208667291814
0.999998985395188 0 0.00142450292871524
0.999998980103515 0 0.00142821284462866
0.99999897786252 0 0.00142978107221448
0.999998965922141 -0 0.00143810801010878
0.999998967797874 0 0.00143680311348862
0.999998969533362 0 0.00143559472496238
0.999998960503957 -0 0.00144187066183496
0.999998948831928 0 0.00144994311594565
0.999998935332366 0 0.00145922381232776
0.999999041501324 0 0.00138455640322327
0.999999033121861 0 0.00139059531994613
0.999999063299757 0 0.00136872188872449
0.999998964760439 0 0.0014389155815079
0.999999045277188 0 0.00138182658557251
0.999998919485575 0 0.00147004342913175
0.999998991375603 0 0.0014202984814517
0.999999045155892 0 0.00138191436255745
0.999999065525052 -0 0.00136709510412882
0.999998986045319 0 0.00142404646516478
0.999998990689804 0 0.00142078125481919
0.999998943246007 -0 0.00145379051765016
0.999999004621334 0 0.00141094165092184
0.999998916330619 0 0.00147218802752939
0.999998941812073 0 0.00145477652359332
0.999999052029125 0 0.00137693167983775
0.999999051718767 0 0.00137715705947468
0.999999023332378 0 0.00139761736196873
0.999998984311341 -0 0.00142526358488228
0.999999043278836 0 0.00138327199544253
0.999998941692842 0 0.00145485847980763
0.999999036808541 0 0.00138794163783703
0.999998999437821 -0 0.00141461067303631
0.00137461152684828 -0 -0.999999055221129
0.999999009507167 -0 0.00140747457682848
0.999999049089911 0 0.00137906463732306
0.999998916899028 0 0.00147180187874764
0.999998922807835 -0 0.00146778171715292
0.999999069225295 -0 0.00136438577550198
0.999998996936384 -0 0.00141637785410114
0.999998897812343 0 0.00148471347362125
0.999998994070732 0 0.00141839963495131
0.999999014902637 0 0.00140363590572117
0.999999063519952 -0 0.00136856100305793
0.999998917691331 0 0.00147126345905538
0.999998902810992 -0 0.00148134290831189
0.99999889276734 0 0.00148810755472214
0.999998940543201 0 0.00145564847251959
0.999999020336821 0 0.00139975905040207
0.999999067975318 -0 0.00136530161309858
0.0013425239499119 -0 -0.999999098814316
0.00141234608250572 -0 -0.999999002638774
0.00143967332725089 -0 -0.999998963669818
0.999999014167343 0 0.00140415965720514
0.999999060121466 0 0.00137104200693724
0.999998926669324 0 0.00146514852465752
0.999999011672099 0 0.00140593556937434
0.99999891263172 0 0.00147469840204742
0.00135075135492738 -0 -0.999999087734972
0.999998898342217 0 0.00148435654504151
0.999998990939212 0 0.00142060570086749
0.00136278832748301 -0 -0.999999071403556
0.00134830826747338 -0 -0.999999091031995
0.00140130096827347 -0 -0.999999018177316
0.999998975510087 0 0.00143142543525338
0.00137201046419048 -0 -0.9999990587932
0.999999061468683 0 0.00137005903254531
0.999998916309024 -0 0.00147220269582799
0.00134263221596527 -0 -0.99999909866896
0.999999060891427 -0 0.00137048030405689
0.999999077522066 0 0.00135829121206684
0.999999073718708 0 0.00136108843416352
0.999999098688498 0 0.00134261766407638
0.999999092006164 0 0.00134758556247902
0.99999899999651 -0 0.00141421567663444
0.999999060626883 0 0.00137067332030069
0.999998910071537 0 0.00147643345219886
0.999999040938066 0 0.00138496315757568
0.999999058809172 -0 0.00137199882268007
0.999998921918604 0 0.00146838742476403
0.00145163427770013 -0 -0.999998946378407
0.999999048189848 0 0.00137971714396187
0.999999048904313 -0 0.00137919921317949
0.999998950227234 -0 0.00144898047970771
0.999999016117828 -0 0.00140276989387395
0.999998984152879 0 0.00142537476128849
0.999998990619176 0 0.00142083096406146
0.00138455349284581 -0 -0.999999041505353
0.99999905646348 0 0.00137370744715755
0.00145929110024104 -0 -0.999998935234175
0.999998903950596 0 0.00148057340474059
0.999999007768597 -0 0.00140870927523717
0.999998922056209 -0 0.00146829371063249
0.999999034894999 0 0.00138931964332985
0.99999903441118 0 0.00138966784088111
0.999999042052169 -0 0.00138415849641764
0.999999054054342 0 0.00137546007653175
0.999998917872022 0 0.00147114064115783
0.999998939542136 0 0.00145633601996164
0.999998944279323 0 0.00145307957081217
0.999998982254357 0 0.00142670608419685
0.999999015227132 0 0.00140340470535469
0.999998909380301 -0 0.00147690155717905
0.999999055233131 -0 0.00137460279571556
0.999999016224626 0 0.00140269375840558
-0.970719782975556 -0.240207140414991 0.00190594688879842
-0.999756239704026 0.0220595433425186 0.000915270662546115
-0.615488914803196 0.788142977823862 0.00201053756951003
-0.99995719214806 0.00918797992309897 0.00109311312371496
-0.999961025460505 -0.00867344687270398 0.0016489024598356
-0.0984925719402063 -0.995137074473135 0.00119007632291366
-0.996856389062236 0.0792194248595989 0.00127369961731041
-0.862323972827667 0.506355898353785 0.00103445108133517
-0.410235286505207 0.911978347684652 0.00158210630541073
-0.894069762638157 -0.447924363331734 0.00173904284323489
-0.85864081771701 0.51257647676166 0.00114088600154799
-0.863402683364761 -0.504512993294686 0.00156395503986475
-0.871334799396361 -0.490686393058914 0.00159092040540051
-0.59496989873282 0.803745959130084 0.00180354759265195
-0.0839824666989187 -0.996466678704183 0.00105048532614011
-0.99067802170328 -0.136212094838106 0.0018227819095424
-0.801206168365328 -0.598386531381273 0.00149493639947642
-0.397976926455073 -0.917394877443747 0.00100242174053676
-0.889823173830172 -0.45630218785371 0.00174145764150727
-0.292881522811683 0.956147397140108 0.00160266581248111
-0.890241449627242 0.455487109708957 0.00128617828024876
-0.498070363176452 -0.86713581098742 0.00118263623636805
-0.9899222867763 -0.141600717739772 0.00176149912373222
-0.957680261868131 -0.287828343864381 0.00183316569773146
-0.737072597571932 -0.675811779212226 0.00155723683837323
-0.744442619119049 0.667683527384638 0.00197334699884946
-0.653963434701087 -0.756525450396397 0.00103391319105123
-0.0725221180526977 -0.997366155593158 0.00113757218459682
-0.0725220539907429 0.997365274576065 0.00174950129294653
-0.977718666758411 0.209915959394941 0.00122419910795977
-0.616090683739335 -0.787674464321161 0.00109893856565972
-0.264076089379835 0.964500625204263 0.00153720474875297
-0.913078509621041 -0.407780176597753 0.00172129083079599
-0.0950022800580998 -0.995476297918268 0.00122762645064867
-0.0953594973287858 0.995441693744254 0.00154939496976351
-0.279165428740972 0.960241710758238 0.00158755030221598
-0.984675922821673 -0.1743843538923 0.00185044125885887
-0.999899123980195 0.0141632593424401 0.00106955525179835
-0.291375331721088 0.956607235851279 0.00173562133004776
-0.910812604985724 0.412817711833388 0.00139118502204292
-0.584693355211119 -0.811253131307679 0.00142734559546389
-0.272944143355294 -0.962029183752064 0.00115940389069891
-0.997014182034773 -0.0772043950808691 0.00148398171477836
-0.0905921528789204 -0.995887344335588 0.00120798550151823
-0.093300925513777 0.995636773950322 0.00153351102656814
-0.420580868179443 0.907253642215685 0.00160062731439794
-0.261183922628826 0.965287831527779 0.00153651053251571
-0.946901379906499 -0.321519804963571 0.00167085228401312
-0.753466689608276 -0.657484533583873 0.00142679667166574
-0.495648472780158 -0.868522210598677 0.00132707478483938
-0.291128760584104 -0.956683367426443 0.000989570798230662
-0.886217141577522 0.463268445188386 0.00123517889442837
-0.294218687531938 0.95573716246259 0.00135653785099753
-0.99308209740632 -0.117412841554182 0.00147392307707756
-0.603076270229485 -0.797682734316549 0.0011259037999731
-0.53721546216589 0.843443645925159 0.00153732181558024
-0.752147783114478 0.658993103298618 0.00134244583975835
-0.869759275786521 0.493474591088276 0.00127676684060137
-0.340734187931464 -0.940159487108596 0.000593274293169666
-0.340775864982807 0.940142177573012 0.00212032862887975
-0.583478280823359 0.812127189333472 0.00158875823611686
-0.751164308052585 0.660113906844085 0.00134621652053715
-0.994391153585786 0.105756621682261 0.00133065423160293
-0.299312100990172 0.954153530974527 0.00181811157288237
-0.299735981883774 -0.954021751356924 0.000916025129440415
-0.255577853344216 0.966787260390096 0.00153428399446258
-0.974692728791276 0.223544923743435 0.00132344624303971
-0.999754599776857 0.0221339200959324 0.000910936991656676
-0.997440770195774 0.0714811994008785 0.00153234574227425
-0.740936298617261 0.671573902753002 0.00137642015923829
-0.863686804208156 0.504027203678683 0.00129699211659687
-0.994400193960856 0.105671601511751 0.00132924209773522
-0.993680778651122 -0.112232979062552 0.00150617065565454
-0.704518759397024 0.709683877088013 0.00145336127784239
-0.452272280056719 0.89187840975281 0.00163917939688522
-0.600703264104475 -0.799471301294643 0.00110765539766668
-0.939193432767177 0.343386113226147 0.0012934799750885
-0.272547115916893 0.962141047999801 0.00163504104811568
-0.814668977844352 0.579925041484781 0.00118439727873206
-0.74297643231231 -0.669316672616278 0.00110126579228982
-0.210753525098388 -0.977538832619326 0.000884522384760624
-0.951428547408185 0.307867334960601 0.00119299665010244
-0.930661590085278 -0.36587595498919 0.00194686945885359
-0.808995183376802 0.587813996343643 0.0012243266108027
-0.462573696543579 0.886579181946895 0.00171155028625062
-0.210842954025927 0.977518227615496 0.00183396212599746
-0.917137618745156 -0.398567041398815 0.00170346501585154
-0.747802978273374 0.663919011908455 0.00150043726055472
-0.942331706570939 -0.334677476548 0.00139337093583701
-0.95162572945592 0.307257311516708 0.00118977183254404
-0.972285485768185 -0.233789204714259 0.00188199989359723
-0.48535879999076 -0.874314870549469 0.000585156042059174
-0.484974426116601 0.874525469715288 0.00223804203017186
-0.854259617862562 0.519844037012669 0.00163782528975456
-0.853780607514165 -0.520631419893289 0.00126445744964835
-0.945228010000303 -0.326407727472356 0.0014158238584332
-0.600595496707076 0.799551702521608 0.00145750814022456
-0.913564521818069 -0.406690987406701 0.00151830085503662
-0.913530385235597 0.406768816595036 0.00116837373130691
-0.999999288651889 3.66809702923212e-05 0.00119220393473023
-0.788573909070876 -0.614938015021813 0.00155808013590925
-0.986712791886968 -0.162462377950455 0.00196012175842366
-0.988369771397558 -0.152058059568983 0.00188188938441818
-0.931995939442718 -0.362464457488263 0.00175667869134819
-0.978138758607244 0.207949464863491 0.00126054482942078
-0.978155062719508 -0.207870706001141 0.00156296602099686
-0.415757985766163 0.909473451577579 0.00182705972180414
-0.913443986291991 0.406962774450931 0.00117648552778188
-0.300527047040364 -0.953772888607493 0.000878040157309915
-0.869748443644382 0.49349380327669 0.00122918903440999
-0.186128789991531 -0.982524786284231 0.00105729532980772
-0.41476557035679 -0.909927504854819 0.00120729254536068
-0.585813233859608 -0.810444834652857 0.00142303178161616
-0.976343624101045 0.21622070525556 0.00131692673494332
-0.306064205586475 -0.952010439628786 0.000908238143938077
-0.858015074580467 -0.513621833323059 0.00165654053256159
-0.0827673936970283 -0.99656788564791 0.00141698124756287
-0.0826778195127646 0.996575135886132 0.00154165305825138
-0.930428030007709 0.366472318736128 0.00131170733735783
-0.463149577485767 -0.886279517303279 0.00104215326283104
-0.41295389303981 -0.910751165565189 0.00118179732355636
-0.309020914861187 -0.951055233059518 0.000133598134145104
-0.30894672015545 0.951076760010272 0.00221825912684099
-0.60372819890731 0.797188883445756 0.00146490772551991
-0.347365360603964 0.937727468502416 0.00212157218317677
-0.34728423372423 -0.937759733440348 0.000585956023449341
-0.476979719464508 0.878911887974976 0.00205922213995847
-0.477910884511188 -0.878407941865874 0.000821055841353563
-0.819589248600216 -0.572949439756373 0.00155018121225118
-0.669095991529261 0.743174437995095 0.00151948351418196
-0.669162480258492 -0.743114801601209 0.00140237494951797
-0.795999643158667 -0.605295178266196 0.00152159750567167
-0.499964055115397 0.86604485764827 0.00149937772296276
-0.500026702829013 -0.866009379215268 0.00102546044867862
-0.620971894326073 0.78383013459382 0.00205585985005745
-0.621659490906323 -0.783287017692816 0.000961914749686746
-0.18630479654461 0.982490415555003 0.0017624207866611
-0.0994470735265276 -0.995042053339846 0.00126160700406303
-0.0837699266538549 0.996483992308347 0.00150082031794968
-0.811641140243695 0.584155001242439 0.00126253212241439
-0.544534705958765 0.838737135894762 0.00140387943015925
-0.0918229423278162 -0.995774482712958 0.001314092844514
-0.587567843414123 -0.80917348970861 0.00151424518007688
-0.0837038400012964 -0.996489850787018 0.00128236013079789
-0.0857407402991371 0.996316383254898 0.00147983473259952
-0.0874570759275096 0.996167231852939 0.00145122453892594
-0.942237650864414 0.334942538769282 0.00130576272637525
-0.091337901558144 0.99581879201114 0.00152355388132923
-0.0866024752662729 -0.996242197462534 0.00122281346778148
-0.0851810667878674 -0.996364732318894 0.00122721309447552
-0.849756265482386 -0.527173263838867 0.00162455129353502
-0.976197964366376 0.21687703375173 0.001373534853655
-0.976414151702591 -0.215895825460049 0.00209687954696597
-0.790626637952052 0.612297359796899 0.00120935783797338
-0.55371359151372 -0.832706344504609 0.00118422749036629
-0.508768772768623 -0.860902371822291 0.00120085230677544
-0.785134698468593 0.619323874928207 0.00120133448381724
-0.433028903094559 0.901378556618632 0.00163301954494838
-0.983634418524911 -0.180166348526836 0.00184866212907518
-0.54699437968044 -0.837135376598355 0.00122875772256569
-0.213154123285446 0.977016878273624 0.00182737376464194
-0.21302145923112 -0.977047117823958 0.000887388832745857
-0.579368643081552 0.815064307779852 0.0014661504668936
-0.694339388777556 -0.719646348390419 0.00139514886168537
-0.66136199448302 -0.750065755437597 0.00129413031366648
-0.816526044351472 0.577307374907384 0.00118902198615543
-0.825668565344069 -0.564153403978756 0.00153524651126798
-0.683436344698663 0.730008739475765 0.00141528581440974
-0.690410618218409 0.723416376177804 0.00138741812325627
-0.588842065581885 0.808246611108135 0.00156122819380829
-0.855739530301856 -0.517404735623511 0.00148183437787701
-0.756079485594509 0.654478349536273 0.00137893125969079
-0.913277850342288 0.407334832715687 0.0013791775274566
-0.869095510499367 0.494642768734176 0.00123489628451785
-0.665590903119744 -0.746315151241592 0.00156355731705797
-0.983800297032754 0.179261477463146 0.00151599999864909
-0.097349052629031 0.995249233573302 0.00145774620079512
-0.409137572640778 -0.912472210439122 0.000954897876360945
-0.890298338662932 -0.455374861839269 0.00161349895902308
-0.583999202275585 0.811751943649711 0.00192710207211166
-0.85824796050739 -0.513232616895273 0.00164901174498924
-0.74379771414667 -0.668403508369104 0.0013078341105436
-0.580500742278476 -0.81425837452703 0.00147909659510932
-0.249064689480908 0.968485593242027 0.00156081274294829
-0.104550372088665 -0.994519284013623 0.000783212073363197
-0.0773943921188805 -0.996999885235529 0.00115624776392263
-0.286065066353546 -0.958209250754325 0.00134520666683583
-0.99742908165285 -0.0716393483607731 0.0017409306696501
-0.229210752278481 -0.973376110687573 0.00117396024906192
-0.0681782955089635 0.997671741598527 0.00167810525711696
-0.0680410061931916 -0.997681812403706 0.00119275943713006
-0.0828580720988119 0.996560215049063 0.00150919496197385
-0.455328356866643 0.890322126323234 0.00161208324792721
-0.182749751378082 -0.983158916530909 0.00103596188085781
-0.0929922319641963 0.995665797183562 0.00143705015216556
-0.423420656974868 0.905931764609747 0.00160783022741708
-0.0871265440906226 0.996196049522097 0.00154797654754065
-0.0916450946917608 -0.99579091640875 0.00127570245730997
-0.242529744661519 -0.970143852975962 0.000476956363564294
-0.458977350951749 -0.888447039042231 0.00128457401836933
-0.182926664677176 0.983124961105317 0.0017737535770977
-0.376115583756472 0.92657136730077 0.00160279565463757
-0.955847292444818 -0.293858173210949 0.00182416091262728
-0.968781918778147 0.247911502123018 0.00121694849539307
-0.739529591636636 -0.673122305290649 0.00153140913940636
-0.733227151345657 -0.679982199729208 0.00146716766601967
-0.701243446169598 -0.712920576114838 0.0013716254130277
-0.990796255642717 0.135354814687744 0.00136159656952473
-0.104476260371878 0.994525798550803 0.00177398861169924
-0.0756215305977408 0.997135357492506 0.0015693783317266
-0.991597286804298 0.129356001225475 0.00135858356748723
-0.94628085877321 -0.32334088177709 0.00179178432016371
-0.534795114684046 0.844980507171948 0.00145870131164855
-0.954594961173876 0.297903589287644 0.00138260297430658
-0.45430634229868 -0.890844889984494 0.00106270207959848
-0.588080695235897 0.808800747947652 0.001563972564535
-0.984885600015023 0.173199259536307 0.00153992828498397
-0.663311687085311 0.748341716437297 0.00151036939820971
-0.738113466621283 0.674675218156781 0.00136396386062901
-0.396190642495223 -0.918167773449556 0.000956346122761651
-0.740532403202738 -0.672018986077118 0.00149738393853463
-0.94332505837059 -0.331865109156017 0.00183944964236706
-0.889471261827898 -0.456988225794197 0.00162353557384455
-0.957240030394936 0.289291533377908 0.00139029686036196
-0.701473326175629 0.71269420859228 0.0014620886163949
-0.262203859032386 -0.965012003103442 0.000984974521101824
-0.0711645611157559 0.997463052850478 0.00175026838100872
-0.081889487948632 0.99664023055773 0.00153707428125586
-0.0736862110061918 -0.997280719972541 0.00122795708444285
-0.416810834679516 0.90899192900371 0.00154954828260986
-0.0711018984460084 -0.997468385381908 0.00115767049854832
-0.659663253545929 -0.751559710943211 0.00154687043914933
-0.0880946387644547 -0.996111475458421 0.0011238687682546
-0.352130291508409 -0.935950440734998 0.00101503210071624
-0.359305251062191 -0.933219546040655 0.00100769380755503
-0.252917454991622 -0.967487141959661 0.00117945041751992
-0.797492484686439 -0.603327018454877 0.00149855630486079
-0.912139814869056 0.409877517664371 0.00117415669202638
-0.226724510022524 -0.973958218977152 0.00117653809959002
-0.996324975145857 0.0856438308823735 0.00129542749660441
-0.818455836392819 0.574568173660773 0.00120734860496769
-0.498758547539372 -0.866740079538673 0.00124329309079694
-0.426383136786241 -0.904542143659876 0.000964887310896051
-0.281116795614319 -0.959672914807203 0.00111526184541563
-0.441466952255755 0.897275938844162 0.00167917757924382
-0.230294511826069 0.973119742525499 0.0015506546677166
-0.809050868488173 -0.587735898391956 0.00179051387417643
-0.0627655295345112 -0.998027612921146 0.00117138771153629
-0.424704306832681 0.905330215481302 0.00185814271558191
-0.239478202596846 -0.970900982603271 0.00121345003479124
-0.0629664507656074 0.998014216212256 0.0016882879550311
-0.237831009377237 -0.971306452159499 0.00043240251101636
-0.232956113254074 0.972485559625589 0.00181262717090898
-0.666728073211162 0.745299510096889 0.00152205173009032
-0.0838373471177019 0.996478142527338 0.00161576407044056
-0.228216484101506 -0.973609570167705 0.00128111756058843
-0.0556303561643889 0.998450157509529 0.00159575756953755
-0.0555813678716178 -0.998453482417256 0.00116404225644739
-0.971152383692679 0.238456726534224 0.00119884052725404
-0.375735659099267 0.926725454818773 0.00162661371520382
-0.236508592768297 0.971627744854621 0.00179191949706019
-0.936393048191946 -0.350948398619589 0.00181129902031184
-0.240494338678258 0.970649225862963 0.00159793471000303
-0.999886039596676 -0.015064343966564 0.000986590356257113
-0.996965103467867 -0.0778355271659995 0.00148767540009805
-0.248770167029262 0.968561447326349 0.00145833786238079
-0.936174210060752 0.351533794888879 0.00135626994008084
-0.936823877513118 0.349798802505201 0.00134918020097877
-0.405332349999379 -0.914168890446948 0.000962176167645362
-0.97074151967722 0.240117554333379 0.00211236259154843
-0.866188697150803 -0.499715883811864 0.00108461713098409
-0.860755147269256 -0.509018031645853 0.00110449484531127
-0.999956917107496 -0.00921070083923695 0.00115191966829525
-0.615488409126091 -0.788143746706998 0.00185815986625046
-0.999956933887407 -0.00918473327442672 0.00133080621165517
-0.99996502436587 0.00818179879031202 0.00173442022579133
-0.0984924768190581 0.995136113399835 0.00182970421603458
-0.410184852097684 -0.912001352467426 0.00138571540597028
-0.894066988002204 0.447928149226149 0.00214338412390868
-0.863406517541905 0.504504880816134 0.00200267292833114
-0.871328813235499 0.490695431662163 0.00202301050451789
-0.594963717767351 -0.803750896372455 0.00163435642567683
-0.083969831385543 0.996466901163993 0.00166802329486439
-0.990784996375667 0.135430859310977 0.00189031826961403
-0.801345433811229 0.598198690840345 0.00195499022777806
-0.397966134530706 0.917399003733119 0.00142257378348257
-0.889826701433361 0.456293586067177 0.00214586350473582
-0.292362842507618 -0.95630637869254 0.00144166321514208
-0.891151705449128 -0.453703256200841 0.00141180305450463
-0.498079338295134 0.867129968591458 0.00160945147742436
-0.989979177888174 0.141201410473801 0.00184093130381563
-0.957681124567895 0.287823478517645 0.00212340772706389
-0.737285910244896 0.675577841401108 0.00201662147520468
-0.744443865959929 -0.667682791493631 0.00173792344691995
-0.653973470064406 0.756515710099983 0.00163732215447325
-0.0725220870435553 -0.997365729137478 0.00146602623212015
-0.0725220641922171 0.997365414872645 0.00166715962524722
-0.990909564465828 -0.134519387562433 0.00166415743558191
-0.616086510440478 0.78767675120605 0.00165748687987636
-0.262820589425908 -0.964843711745484 0.00139630906886078
-0.913081523066595 0.407771564784546 0.00211735390305706
-0.0953595247920563 -0.995441980428699 0.00135078925927125
-0.0950021956383955 0.995475413330923 0.0018122575731316
-0.279166210000955 -0.960241810320121 0.00137582950943559
-0.993415008549745 -0.114557948693881 0.00175988043921905
-0.999898771594768 -0.0141687723291042 0.00130094348826625
-0.984544081901698 0.175127166248463 0.00185106297214444
-0.291373113476516 -0.956608291401651 0.00151180839214278
-0.914726659886286 -0.404070237260871 0.00154306617568206
-0.946970664194516 0.321314762242511 0.00183976086387088
-0.584701793012669 0.811246255351894 0.00182384903417154
-0.272947687134638 0.96202737424078 0.00170038208685366
-0.997995881983351 0.0632576550610726 0.00163970132891407
-0.0933003485469147 -0.995637091165774 0.00135190827383609
-0.0905879376054458 0.995886824579028 0.00180504578691573
-0.420555150846894 -0.907265929475066 0.00137779167178082
-0.260191679628234 -0.965555968437382 0.0014005952974399
-0.753456342712645 0.657495076595146 0.00194007196434652
-0.752559803940289 -0.658522158522605 0.00151928538552704
-0.495638943655843 0.868526977731093 0.00171069723032774
-0.291122538951661 0.956684656195482 0.00146147681135473
-0.580993957030812 -0.813906499544445 0.00149395213660479
-0.886800603077479 -0.46215002440391 0.00143014855325873
-0.293710384233979 -0.955893581593117 0.00129261835474561
-0.751610453285962 -0.659605521812967 0.00151066379925448
-0.603079660843953 0.79767921522729 0.00167100889228314
-0.537133316292189 -0.843496318974635 0.00132680262127029
-0.869760553109619 -0.493471944571826 0.00142132858638347
-0.340773061784751 -0.940143692432329 0.00188625066002517
-0.340727941530582 0.940161311893325 0.00108511720818641
0.952255668229266 0.30529877155691 -0.00134253904100553
-0.299747461691935 0.954017609581468 0.00136375133534068
-0.299318486140221 -0.95415196660582 0.00157113875027871
-0.255558758466628 -0.966792529037024 0.00138808111809102
0.978661178083216 0.205475455119119 -0.00146145693168125
-0.946721777710623 -0.322048864509612 0.00155063745173483
-0.945416906229804 0.325859649483414 0.0015369623975492
-0.997440767121664 -0.0714808484627504 0.00155060852306133
0.808990950940874 0.587819257112263 -0.00147046379353691
-0.863685567655296 -0.504028970404374 0.0014273111280425
0.952574368343 0.304302899281472 -0.00134843050446711
-0.942579224270507 0.333979282888662 0.00149819050306508
-0.817027297639314 -0.576597376251586 0.00136404251632586
-0.992995842186067 0.118135370026714 0.00181431800819365
-0.45226562239545 -0.891882179854936 0.00140856539192996
-0.600693357370657 0.799477802612428 0.00165334230326364
-0.999892606076692 -0.0146098931008537 0.00115210101269967
-0.939191427745135 -0.3433904669157 0.00156501804218942
-0.741297923508807 -0.67117457664893 0.00144092389117657
-0.27253831105598 -0.962143860963203 0.00143520645687327
-0.705498009032847 -0.708710304251746 0.00150462556367261
-0.742979715419845 0.669311658880306 0.0017452110301246
-0.210748407187329 0.977539381182027 0.00136642096818175
0.994548923784489 0.104259556241493 -0.00154373943450032
-0.93066009211596 0.365878701197105 0.00213751094305119
-0.600889007631323 -0.799331164807974 0.0014455014949538
-0.462576272417748 -0.886578323946943 0.00143795115756512
-0.210840145595844 -0.97751932307033 0.00155113804881798
-0.917133833846056 0.398573880805551 0.0020957944645258
-0.7478036096542 -0.663918443445796 0.00143591109068725
-0.993620951776313 0.112756204544526 0.00185540503592277
0.994564796434403 0.104108085310104 -0.00154021636757086
-0.972064309822312 -0.234709189182741 0.00160439485588288
-0.972313709328221 0.233669946441194 0.00209923380430806
-0.48497785904329 -0.874524162545358 0.00199132170366279
-0.485364639672492 0.874311171775355 0.00106839337255474
-0.854259613640568 -0.51984404702088 0.00163685051901114
-0.853776575282196 0.520636050671487 0.00191369814794771
0.87077965249213 0.491671179278973 -0.00149942392551638
0.913528286412911 0.406773011841596 -0.00133669772451065
0.999998819091915 4.73101749334369e-05 -0.00153609131314132
-0.913567304358213 0.406683851047213 0.0017394553964931
-0.788580455469553 0.614928212607757 0.00203926223434654
0.91734135120171 0.398099025775579 -0.00141811563561189
-0.986713002644207 0.162460028043574 0.00204687589615844
-0.988369562937615 0.152058078897501 0.0019868821074311
-0.932130138078031 0.362117335208473 0.00210742215647414
0.978137495727779 0.207954346019443 -0.00142457818830522
-0.978154747447317 0.20787271792106 0.00149103668172849
-0.415633966970691 -0.909530211566985 0.00178878369922104
-0.300512317717537 0.953776987676642 0.00134338323103706
-0.186132169797393 0.982523613230552 0.00147132963551857
-0.414774261228342 0.909922935450439 0.00160117573647263
-0.585803227692795 0.810451264304748 0.00182390008977421
-0.306079150794074 0.952005080934647 0.00137088431162759
-0.858685046783253 0.512499790264318 0.00198882122699136
-0.082784230943235 0.99656550574085 0.00199094817154374
-0.0826885828920786 -0.996574735763803 0.00118080337325816
-0.930428971882201 -0.3664689972603 0.0015499449219818
-0.46315502892209 0.886275915792015 0.00155572208411787
-0.412944652993997 0.910754776187767 0.00156563560196563
-0.308946220780112 -0.951076885732254 0.0022338512760409
-0.309033895855543 0.951050848993547 0.000577789753241695
-0.603791758507939 -0.797140776921759 0.00144710969354066
-0.347368677787311 -0.937726790978737 0.00186203464389108
-0.347290401777391 0.937756983033529 0.00110345147252419
-0.477905884917074 0.878409889099061 0.00142544540574013
-0.476978083977851 -0.878913249589828 0.00184583321751972
-0.819594353528723 0.572940636839558 0.00203035014629114
-0.669096585919904 -0.7431739173792 0.00151236159114916
-0.669171392276484 0.743105906915256 0.00180523306133711
-0.795992311557813 0.60530333841025 0.00202693124112999
-0.499964865219582 -0.866044438908263 0.00147084398808962
-0.500036119958383 0.866003430369653 0.00139187821309275
-0.621662804807511 0.783283482797984 0.00153058639696425
-0.620973238630346 -0.783829460117461 0.00190114620916305
-0.186306814202608 -0.982490418162088 0.00153271046196536
-0.0837699440943775 -0.99648419977184 0.00135501715842883
-0.0994469791546918 0.995041109079327 0.00186804153836377
-0.814092080425428 -0.580734495668939 0.00123698372688357
-0.544309337841916 -0.838883686699492 0.00122675489147139
-0.0918308344587307 0.995772814003617 0.0018975599938853
-0.587556254253978 0.809180950175814 0.00195907110699337
-0.083703763955865 0.996488945470121 0.00186049871446952
-0.0856920101816675 -0.996320749686995 0.00135762077526409
-0.0873666829640597 -0.996175339950146 0.00132468225176651
-0.942321358194607 -0.334705892767064 0.00155667507031839
-0.0866023999937858 0.996241331556245 0.00179822533515594
-0.0913379268915355 -0.995819068210471 0.00132909728264062
-0.0851795733423973 0.996363981317681 0.00180472102718288
-0.849760524926967 0.527164730500752 0.00209694823844507
-0.976412901354746 0.215899525318404 0.00228933075269958
-0.976198537982322 -0.216872239239022 0.0016870947305914
-0.790627385557265 -0.612296228434551 0.00129067877776892
-0.553707855402487 0.832709084574459 0.00178643016763313
-0.508758165544481 0.860907621984824 0.00178756825022628
-0.78513409144163 -0.61932455816656 0.00124503330150956
-0.429515090466244 -0.903058425609078 0.00150565541447939
-0.983257951818485 0.182209461744156 0.00187409621490933
-0.547003834611583 0.837128198930385 0.00178422974807952
-0.917698817226548 -0.39727387841424 0.00153179329651801
-0.21315528946419 -0.977017116521647 0.00154162160171501
-0.213023272441614 0.977046140456546 0.00138737782643164
-0.819410015330863 -0.573206198142079 0.00137156369828025
-0.579017041290248 -0.815314322487088 0.00134960842710802
-0.694345310168585 0.719639653711912 0.00183277175104965
-0.661353211776365 0.750072505310208 0.00177933997735369
-0.825661334694561 0.564162448794786 0.00202280999255508
-0.683435826736644 -0.730009142370121 0.00145697935498108
-0.690495143167726 -0.723335596455072 0.00143950087434097
-0.588053015658494 -0.808821095761253 0.00144423907859239
0.870031374347486 0.49299408449991 -0.00149676288071187
-0.855730414494295 0.51741845459383 0.00189751288686754
-0.756078935143196 -0.654479052726546 0.00134661608965325
-0.665616447866239 0.746291275171053 0.00201914177173492
-0.983798268421568 -0.179269485132036 0.00184898653859558
-0.0972372413418339 -0.995260311020322 0.00135358928874082
-0.409151334534184 0.912465477515054 0.00139204601949051
-0.890453846667284 0.455069135334645 0.00200724219162812
-0.583982799124644 -0.811764146382166 0.00174956422518662
-0.858908246067305 0.512125793071715 0.00194856569114413
-0.743801028373535 0.668398599334216 0.00182827747641144
-0.580508827097646 0.81425166312958 0.00193151557824846
-0.249040163792888 -0.968492171236494 0.00138241514500385
-0.104567431959562 0.994516820787623 0.00139475584306994
-0.0773943245371834 0.996999014643456 0.00175594117522063
-0.286051181262791 0.95821239479437 0.00193084453010432
-0.701926881183331 -0.712247400933482 0.00151437635403327
-0.997428636460841 0.0716418934561768 0.00188527713639786
-0.229221195815163 0.973372684345486 0.00180575721791167
-0.0681783216457001 -0.997672124064579 0.00143154533505441
-0.0680409580853695 0.997681107001156 0.00168426713230294
-0.0828552343332558 -0.996560662159124 0.00136263735037382
-0.453437437392354 -0.891286830873532 0.0015084702423372
-0.182743925948186 0.9831594889341 0.00144112729620828
-0.0928896428995729 -0.995675527467571 0.00132598799538847
-0.422131730120476 -0.906533342024489 0.00144990461908199
-0.087122268267086 -0.996196694236141 0.0013626316383831
-0.091659221549966 0.995788617796482 0.00190151829482695
-0.242536471706807 0.970141837022693 0.00093592213772036
-0.458965521887772 0.888452121664589 0.00186473268196363
-0.18292361194862 -0.983125904316632 0.00155191922332079
-0.376013324363049 -0.926613141889976 0.00143707280127944
-0.955850871317856 0.29384472635809 0.00209489675990649
-0.97127703500222 -0.237946060819904 0.0016104091367142
-0.739731810866485 0.672898826442628 0.00200433638016378
-0.733234644440468 0.679972844470303 0.00197154133246146
-0.701236081625768 0.712926767459297 0.00183903947097677
-0.990795164124002 -0.135358956673418 0.00170164531396131
-0.104476362852461 -0.994525793971203 0.00177051717549265
-0.0756215422206828 -0.99713551075106 0.00146817961719044
-0.991713278011438 -0.128460153180248 0.00166230584277068
-0.946278528161091 0.323345759970343 0.00211344516855898
-0.534696801456202 -0.845043028344833 0.0012691565315351
-0.954999180252406 -0.296603442521707 0.00172151140124714
-0.454301113891769 0.890846777192401 0.00158665768547044
-0.984886251012543 -0.173192520951367 0.0018502034936882
-0.585190114570498 -0.810894762879887 0.00148773080207745
-0.663303667970336 -0.748349084904832 0.00137520151199425
-0.396198637407274 0.918163600698605 0.0014973539302023
-0.740522036354163 0.672029115485667 0.00199539806465498
-0.943327078744349 0.33185756021898 0.00214061513547395
-0.738943731058051 -0.673765601564598 0.00144099906410696
-0.889659110463838 0.456620850470902 0.00201645330274579
-0.957791554435797 -0.287458556025794 0.00170786973315756
-0.262183829419567 0.965016726730354 0.00153516172606132
-0.0711636073647482 -0.997463566504662 0.00147461270715872
0.978865353108348 0.204500481515421 -0.00147429441764042
-0.0818830318328832 -0.996640998170965 0.00137472274930292
-0.073686141858652 0.997279784118909 0.00183975154006456
-0.416062837452573 -0.909334794442927 0.00139531586144151
-0.0711000485432989 0.997467835763907 0.00164308052381424
-0.659701286052248 0.751525150214948 0.00204004299236792
-0.0880783413347326 0.996111990672375 0.001762902844958
-0.352137482061951 0.935947000818351 0.00155093075373282
-0.359298440684536 0.933221443687519 0.00153868887165877
0.948008047488726 0.318242570611948 -0.00155182051536851
-0.252911708573257 0.967487855227011 0.00170811439755245
-0.797628942230059 0.603145164372672 0.0019952971759098
-0.226714684571994 0.973959560966788 0.00179594008865095
-0.995166980412729 -0.0981838561229044 0.00161601146305993
0.915583873287292 0.402124830525469 -0.00133852571955082
-0.498770686200053 0.866732113184077 0.00180182213110433
-0.426386878254619 0.904539621371123 0.00151770289148052
-0.820558857038148 -0.571560770540148 0.0012032106220691
-0.281126264226599 0.959669423847669 0.00161879395860026
-0.437625283897583 -0.899156138452963 0.00153283264463072
-0.230275981424574 -0.973124394976446 0.00137269103445882
-0.809056761728879 0.587726710224502 0.00211432955443599
-0.0627615057352668 0.998027176114564 0.00165805145590669
-0.424778890034151 -0.905295313740282 0.00181369822133284
-0.239486114333398 0.970898266454872 0.00171966171523609
-0.0629644480439877 -0.998014727743247 0.00144273701274874
-0.237821178725379 0.971308530213239 0.000908892000964852
-0.232955507125098 -0.972485759998496 0.00178277879591702
-0.666719344715814 -0.745307539029868 0.00140983933726455
-0.0837892101943501 -0.996482339960246 0.00152131599609209
-0.228217199004398 0.973608546851885 0.00181867411831022
-0.0556303739098452 -0.99845047600387 0.00138147251023063
-0.055581320058796 0.998452623516508 0.00175369710156896
-0.375609251492627 -0.926776924761707 0.00149061141220698
-0.236503759078139 -0.971628961448892 0.00177008916669055
-0.936580212720848 0.350446932834233 0.00211007271179488
-0.240463570078012 -0.97065711493435 0.00142712741613495
-0.999918817833427 0.0126306308611087 0.00168074586205878
-0.997659186781585 0.0683620304992736 0.00166727811774598
-0.248771272430423 -0.968561355815005 0.00132439991999241
-0.405322891925604 0.914172342022718 0.00151074874291232
0.999999458023245 -0.00104113073908951 -0
0.999999460460447 -0.00103878718479052 -0
0.999999458988443 -0.00104020325922966 0
-0.00100164962775284 -0.999999498348886 0
-0.001018388387169 -0.999999481442412 0
0.00102773926610012 0.999999471875861 -0
0.99999945439223 -0.00104461248472244 -0
0.00102459104983581 0.999999475106452 -0
-0.00102070563164183 -0.999999479079871 0
0.00102017896929738 0.9999994796173 -0
0.00101892669103594 0.999999480894064 -0
0.00105299507705145 0.99999944560053 -0
-0.999999438873146 0.00105936461772875 0
-0.999999438606606 0.00105961619095058 0
-0.00102427218860022 -0.999999475433104 0
0.0010474799073462 0.999999451392771 -0
0.999999465735907 -0.00103369623182071 -0
-0.00102452376184965 -0.999999475175393 0
0.999999461299017 -0.00103797961257593 -0
-0.00102332712999653 -0.999999476400655 0
-0.00102662738452463 -0.999999473017968 0
-0.999999421412927 0.00107572013635212 -0
0.99999945624276 -0.00104283948131707 -0
0.999999457032682 -0.00104208173481601 -0
0.00102684682717699 0.999999472792658 -0
0.0010601691630941 0.999999438020515 -0
0.00103504210791836 0.999999464343774 -0
0.00105526261212691 0.999999443210255 -0
0.00105427075470808 0.999999444256433 -0
-0.999999444839263 0.00105371778255421 0
0.00104174226810823 0.999999457386376 -0
-0.999999445843957 0.00105276387648272 -0
0.00105754469908471 0.999999440799448 -0
0.00104335147534151 0.999999455708701 -0
0.00102714822613004 0.999999472483122 -0
0.00104379618138299 0.999999455244618 -0
0.999999454172095 -0.00104482319622301 -0
0.99999945434322 -0.0010446594000455 -0
0.999999461113638 -0.00103815819348676 -0
0.999999459691175 -0.00103952746902005 -0
0.999999459146704 -0.00104005110456932 -0
0.999999474902587 -0.00102479000341419 -0
0.999999461383962 -0.00103789777269303 0
-0.999999446081081 0.00105253861308856 0
-0.00103289750714838 -0.999999466561228 0
0.00104305892395839 0.999999456013893 -0
0.00100950858512576 0.999999490446078 -0
0.999999452768031 -0.00104616616189412 -0
-0.00104793625490117 -0.999999450914652 0
0.00102223864786151 0.999999477513937 -0
0.999999478446632 -0.00102132583626291 -0
-0.999999417743699 0.00107912569397938 0
-0.00100772673407927 -0.999999492243286 0
0.999999466739536 -0.00103272486340974 -0
-0.999999417977341 0.00107890916172987 0
0.999999471662394 -0.00102794695081656 -0
-0.00100238106446707 -0.999999497615975 0
0.00102972880185914 0.999999469829157 -0
0.999999468496616 -0.00103102205830355 -0
0.999999468188943 -0.00103132043045756 0
0.999999466573372 -0.00103288574921339 -0
0.999999464937166 -0.00103446864665644 -0
-0.00105395759784632 -0.999999444586537 0
-0.00104122736370134 -0.999999457922642 0
0.999999450356502 -0.00104846873799127 0
0.999999466328528 -0.00103312277055639 -0
-0.00102790597266624 -0.999999471704516 0
-0.00103824003336958 -0.999999461028671 0
0.999999461954719 -0.00103734771089067 -0
0.999999462112544 -0.00103719555622898 -0
0.999999461383962 -0.00103789777269303 -0
0.999999462054947 -0.00103725108627767 -0
0.999999465859848 -0.00103357632416707 -0
0.999999458796611 -0.00104038766089901 -0
0.999999454792492 -0.00104422924590446 -0
0.00103812594647744 0.999999461147115 -0
0.00104587652089341 0.999999453071002 -0
0.00103969417558007 0.999999459517865 -0
-0.999999439316293 0.0010589462215417 0
0.00105849557834685 0.999999439793398 -0
0.00105315305246513 0.99999944543417 -0
0.00106261225222014 0.999999435427441 -0
0.00106733172386971 0.999999430401333 -0
0.00105636273566879 0.99999944204873 -0
0.00105874726798456 0.999999439526954 -0
0.999999457185163 -0.0010419354009163 -0
-0.00102124684588484 -0.999999478527304 0
0.00105681326245151 0.999999441572708 -0
0.00106408397301203 0.999999433862489 -0
0.999999464228695 -0.00103515328443167 -0
0.999999474785665 -0.00102490409031104 -0
0.99999947951587 -0.0010202783878744 -0
-0.999999411119766 0.0010852465716662 0
-0.999999400764598 0.001094746749151 0
0.999999479500904 -0.00102029305618904 -0
-0.99999942641279 0.00107106213204667 0
0.00102133165702302 0.999999478440687 -0
0.00103707855895656 0.999999462233887 -0
-0.0010166065361706 -0.999999483255442 0
0.00102709560645962 0.999999472537168 -0
0.999999484203925 -0.00101567311912079 -0
-0.999999417007796 0.00107980742131877 0
-0.00102057687643568 -0.999999479211284 0
-0.00101265377455237 -0.999999487266035 0
0.00103071774897413 0.99999946881032 -0
-0.0010228209567004 -0.999999476918508 0
-0.999999429007722 0.00106863662167954 0
0.999999465076372 -0.0010343340706882 -0
0.999999468131553 -0.00103137607692246 0
-0.999999447072285 0.00105159646494783 0
-0.9999994180846 0.00107880974315935 0
-0.0010400365526699 -0.999999459161838 0
0.00102561515435704 0.999999474056639 -0
0.00105953132427836 0.999999438696529 -0
-0.00101859898225892 -0.999999481227922 0
-0.999999447579851 0.00105111369114968 0
0.00105536785145849 0.999999443099194 -0
0.00102072612071622 0.999999479058958 -0
0.00105731652531423 0.999999441040726 -0
0.999999455076551 -0.00104395718359628 -0
-0.999999438842191 0.00105939383794101 -0
0.00106032713850419 0.999999437853022 -0
0.00101986592883627 0.999999479936608 -0
0.999999475681811 -0.00102402934649069 -0
0.00100646269783519 0.999999493516291 -0
0.00101692248701474 0.999999482934194 -0
-0.0010200268146367 -0.999999479772513 0
0.00102104207155639 0.999999478736408 -0
0.99999948205007 -0.00101779152645737 -0
0.999999463413634 -0.00103594036757871 -0
-0.999999446056452 0.00105256201254192 0
0.00101813378713474 0.999999481701662 -0
-0.00102561515435704 -0.999999474056639 0
0.0010341438482555 0.999999465273108 -0
-0.00102091622673026 -0.999999478864893 0
-0.999999438401941 0.00105980932374776 0
0.999999476730001 -0.00102300524196447 -0
0.99999946956096 -0.00102998922265946 -0
0.999999453588099 -0.00104538198915204 -0
0.00101621736016724 0.999999483651005 -0
0.999999465118756 -0.0010342930925387 -0
0.999999465451511 -0.00103397132093272 0
0.999999464991599 -0.0010344160269872 -0
-0.00101200720454056 -0.999999487920578 0
0.00101091592846805 0.999999489024362 -0
-0.00101822738495257 -0.999999481606362 0
-0.00100626665463757 -0.999999493713582 0
-0.99999940810576 0.00108802027986462 0
-0.999999406503414 0.00108949200062353 0
0.999999464585941 -0.0010348081133719 -0
-0.0010041717630976 -0.999999495819408 0
-0.000994662736492916 -0.999999505322898 0
-0.999999438600439 0.00105962201170999 -0
-0.999999440688024 0.00105765005483071 0
-0.999999441504671 0.00105687764005115 0
-0.999999444546414 0.00105399566561355 0
-0.00103052170577936 -0.999999469012366 0
-0.00104425846611812 -0.999999454761979 0
0.00104729841606076 0.999999451582864 -0
0.00102687616380742 0.999999472762533 -0
-0.999999408713709 0.00108746137056333 -0
-0.000990344198036248 -0.999999509609064 0
0.999999478811053 -0.00102096896281374 -0
-0.99999943549894 0.00106254496424199 0
-0.00101186098705122 -0.99999948806854 0
-0.00103587890035476 -0.999999463477308 0
-0.999999438107399 0.00106008720680173 0
-0.00102206309373715 -0.99999947769338 0
-0.999999402614565 0.00109305558579833 0
-0.00100305115036843 -0.999999496944068 0
-0.00100496757741243 -0.999999495019957 0
0.00104323156769148 0.9999994558338 -0
-0.999999417143677 0.00107968157650094 0
-0.999999444845519 0.0010537118453795 0
0.00104781634725286 0.999999451040301 -0
-0.00102730911193646 -0.999999472317855 0
-0.00103605154409171 -0.999999463298455 0
-0.999999445095244 0.00105347482405178 0
-0.999999436142226 0.00106193937243797 0
0.00105104058240951 0.999999447656695 -0
0.999999475732833 -0.00102397952078459 0
0.0010243248082711 0.999999475379206 -0
0.00105085338678173 0.999999447853427 -0
0.999999463640939 -0.00103572092493253 -0
0.999999476768943 -0.00102296717419357 -0
0.00102737942671724 0.999999472245618 -0
0.999999089299391 0.00134959267536164 -0
0.999999061067875 0.00137035154895087 -0
0.999999047584214 0.0013801560288901 -0
0.99999902206434 0.00139852435194684 -0
0.999999031175979 0.00139199393089543 -0
-0.00128713798097718 0.999999171637566 0
0.999999022424442 0.00139826684176473 -0
-0.00128596463288259 0.99999917314714 -0
0.999998973146608 0.00143307561903473 -0
-0.00128309441783172 0.999999176834019 0
-0.00128487917820637 0.999999174542408 0
-0.001318801380899 0.999999130381081 -0
0.999998885580357 0.0014929293500416 -0
0.99999889039305 0.00148970220820876 -0
0.00147150921126535 -0.999998917329734 -0
-0.00130542726285987 0.999999147929468 -0
0.999999105452041 0.00133757060329717 -0
0.0014413761305884 -0.999998961216885 -0
0.999999016667922 0.001402377691438 -0
0.999998984044354 0.00142545089675407 -0
0.999998935712344 0.00145896339180507 -0
0.999998904916296 0.00147992101472134 -0
0.99999902857172 0.00139386355730566 -0
0.999999039324597 0.00138612765779716 -0
0.999999147348837 0.00130587196862319 -0
0.999999111655931 0.00133292435965928 -0
0.999999098865266 0.00134248599858565 -0
0.999999090712389 0.00134854528863408 -0
0.99999911871246 0.00132761978844294 -0
0.999998961060828 0.00144148439660998 -0
0.999998995303 0.00141753059631427 -0
0.999998971468763 0.00143424593984272 -0
0.99999902175335 0.00139874670477114 -0
0.999999129122767 0.00131975516993653 -0
0.999999179617146 0.00128092350845073 -0
0.999999091856338 0.00134769673890789 -0
0.99999903939366 0.00138607783213549 -0
0.999999061677133 0.001369906878012 -0
0.999999106922929 0.00133647048047223 -0
0.999999115189726 0.00133027056066862 -0
0.999999057363617 0.00137305203012496 -0
0.999999044322695 0.00138251715994126 -0
0.999999122809532 0.00132453016865596 -0
0.999998884077179 0.00149393587462665 -0
0.00151237436280835 -0.999998856361239 -0
-0.00132753783219976 0.999999118821264 0
-0.00129865690855563 0.999999156744761 0
0.00143266595436375 -0.999998973733605 -0
0.999998995149523 0.00141763886234692 -0
0.00150562450144439 -0.999998866546788 -0
-0.00130695462924793 0.999999145934434 0
-0.999999137474162 -0.00131341194308063 0
0.999998981749214 0.00142706010246807 -0
0.99999885999564 0.00150996934418938 -0
0.999998987507308 0.00142301945127676 -0
-0.0013451806591498 0.999999095244088 -0
0.999999024186874 0.00139700583349097 -0
0.999999170552651 0.00128798059368436 -0
0.999999122472274 0.00132478476850712 -0
0.999999143849172 0.00130854916715107 -0
0.999998958456958 0.00144328964520109 -0
0.999999139943427 0.0013115305583559 -0
0.99999912053712 0.00132624469306389 -0
0.999999149376382 0.00130431840882623 -0
0.999999125458303 0.00132252887644702 -0
0.999998956048332 0.0014449575239894 -0
0.999999018890566 0.00140079188508457 -0
0.999999130589407 0.00131864340558754 -0
0.999999015699236 0.00140306826574746 -0
0.999999041659277 0.0013844423164271 -0
0.999999109337848 0.00133466232091492 -0
0.999999089311174 0.00134958394422856 -0
0.999999081297717 0.00135550865824151 -0
0.999999062518669 0.0013692924391229 -0
0.999999053716289 0.00137570582881296 -0
0.999999048920369 0.00137918757166942 -0
0.9999990886636 0.00135006369088756 -0
0.99999908146419 0.00135538584030564 -0
0.999998974567523 0.0014320837625411 -0
0.999999081313497 0.001355497016731 -0
0.999999005884054 0.00141004641891482 -0
0.999999050122571 0.00137831562256369 -0
0.999999048658159 0.00137937767752877 -0
0.999999102526286 0.0013397561806283 -0
0.999999068458598 0.00136494759477799 -0
0.999999057427873 0.00137300523125329 -0
0.999999000377113 0.00141394652494495 -0
-0.00131872233503572 0.999999130485324 0
0.99999903277183 0.00139084700938176 -0
0.999999088936109 0.00134986182709085 -0
-0.00132881350906134 0.999999117126939 -0
-0.00131303743564659 0.999999137965975 0
0.999998962211858 0.0014406856727657 -0
0.999998903850797 0.0014806408090626 -0
-0.00132120640075372 0.999999127206442 -0
0.999998935276816 0.00145926188005725 -0
-0.00128269942129029 0.999999177340759 0
-0.00128939666731317 0.999999168727772 0
0.999999017246423 0.00140196511636072 -0
-0.00128609629839481 0.999999172977814 0
-0.00131087223085936 0.999999140806628 -0
0.999998961022902 0.00144151070641737 -0
0.999999048113231 0.00137977267396477 -0
0.999999017439165 0.00140182763013983 -0
-0.00130091571120574 0.999999153808798 0
0.00147678747041451 -0.999998909548789 -0
0.999998986803457 0.00142351398256233 -0
0.999999074200496 0.00136073441583683 -0
0.999999111070834 0.00133336324464493 -0
0.999998895452117 0.00148630230637898 -0
0.999998963025297 0.00144012094322481 -0
0.999998907499739 0.00147817432309021 -0
-0.00129770602981721 0.999999157979175 0
0.999999043918194 0.00138280971108508 -0
0.999999029851908 0.00139294480938535 -0
0.999998915611196 0.00147267662157035 -0
0.999999058688739 0.00137208659966858 -0
-0.00127520640164008 0.999999186923986 0
-0.00139593202067948 0.999999025686422 0
0.999998998605674 0.00141519880207201 -0
0.999998876331483 0.00149911166093943 -0
0.999999029244524 0.00139338078391209 -0
-0.999999130018255 -0.00131907646981621 0
-0.00130208603243903 0.999999152285623 -0
0.00149849722224542 -0.999998877252407 -0
-0.00130859014527329 0.999999143795549 0
-0.00130502644559661 0.999999148452625 -0
0.999999028017013 0.0013942614640952 -0
-0.0012800486888472 0.999999180737341 -0
0.00148646912916128 -0.999998895204154 -0
0.999998860273888 0.00150978505915641 -0
-0.00128870911956243 0.999999169614058 0
-0.00130167927799926 0.99999915281517 -0
-0.00129816540389965 0.999999157382937 0
0.999998868110075 0.00150458584629616 -0
-0.00131658658332147 0.999999133299509 0
-0.00128805079200731 0.999999170462235 0
-0.999999141952923 -0.00130999748765443 0
-0.00133069780414726 0.999999114621285 0
0.999999016150652 0.00140274649444101 -0
0.99999900052196 0.00141384407966514 -0
0.00144565962330681 -0.999998955033581 0
0.999999028575939 0.00139386053051323 -0
0.999999009585323 0.00140741904683201 -0
0.999999077398882 0.00135838189943263 -0
0.999998999317764 0.00141469553963716 -0
0.99999901555141 0.00140317362140306 -0
0.999998914611288 0.00147335543783089 -0
0.999998856246091 0.00151245049825381 -0
0.999999085841039 0.00135215275998514 -0
0.00140196220598348 -0.999999017250503 -0
0.999999025224846 0.00139626263954216 -0
0.999998904002476 0.00148053836380634 -0
0.999998941037288 0.00145530900615563 -0
0.999998856870006 0.00151203792330129 -0
0.999998885191533 0.00149318977052512 -0
0.00149811677782394 -0.99999887782243 -0
0.00149453564499949 -0.999998883180979 -0
-0.00134987358501673 0.999999088920237 -0
-0.00130179639161307 0.999999152662718 0
0.999998872200484 0.00150186476070539 -0
0.00139496950069213 -0.999999027029573 -0
0.999999132710083 0.00131703419944317 -0
0.999998846481149 0.00151889314008986 -0
0.99999901981253 0.00140013355774857 -0
0.00150496035353858 -0.999998867546526 -0
0.999998921441793 0.00146871210639462 -0
0.99999901022356 0.00140696549365281 -0
0.999998888718704 0.00149082572994229 -0
0.999999015961867 0.00140288107028414 -0
0.999999012601539 0.0014052743316754 -0
-0.00137533423180593 0.999999054227428 0
0.999998885169631 0.00149320443882235 -0
0.999998890615368 0.00148955296410282 -0
-0.00135727886632264 0.999999078896615 -0
0.00148246945687893 -0.999998901141551 0
0.00148486562810697 -0.999998897586425 -0
0.999998890026922 0.0014899479603986 -0
0.999998883438987 0.00149436300147036 -0
-0.0013722767055335 0.999999058427878 0
-0.00131026372903213 0.999999141604112 0
-0.00130026029405992 0.999999154661226 0
-0.0013783068914311 0.999999050134605 0
-0.00133803870846808 0.999999104825807 -0
0.99999911903097 0.00132737985688437 -0
-0.00130461689719859 0.999999148987014 0
