0.00312942772452142 -0.0161497865968356 0.999864686382609
0.00011783687615599 0.00809135823546062 0.999967257482152
-0.00191302357092071 0.00228025090499641 0.999995570388503
0.00321412064203695 -0.00524045973841662 0.999981103326572
-0.000133375937481819 0.00134758731157256 0.999999083109228
-0.00225199684606629 -0.0080843982021646 0.999964784887905
0.0154514337500684 -0.00890169469520981 0.999840993871836
-0.0114298255977831 -0.0202053322787793 0.999730515506208
-0.00620270421872207 0.00643210010869574 0.99996007647734
-0.000581089470981273 -0.00203624869209217 0.999997758010632
0.00875625784241744 0.0185298626929824 0.99978996401103
-0.0138851467712013 -0.0209549386554884 0.999683996693499
-0.0186042545523458 0.0113229899355474 0.999762807675636
-0.0204436467570161 -0.000512735072542304 0.999790875338448
-0.0184632991772885 -0.0222902515280362 0.999581037870521
-0.0255495229111786 -0.0099842872507352 0.999623697141632
0.0135681321165723 0.0312696885619902 0.999418887338089
-0.000325636275593324 -0.0147534926488231 0.999891108279135
-0.00427709246454325 -0.00963920776318806 0.99994439453089
-0.0234220140667418 0.00520541768970115 0.999712115002981
0.0211341829552199 0.0135138537257544 0.999685311519727
0.00654717498278666 -0.0162381186369378 0.999846717253639
0.0194272890263381 0.0234883888728691 0.999535330055543
-0.00549477115384418 0.00300511943144731 0.999980388181273
0.0166828842079935 0.0160948620809747 0.999731282289945
-0.000123793897493332 -0.00170248535128415 0.999998543108289
-9.04613295708557e-05 0.0012440765786566 0.999999222044805
-0.00145075348257767 -0.00264257710262872 0.999995456039971
-0.00741747131558494 -0.00416041462797408 0.999963835380763
0.00265224543567426 0.0103652692803992 0.999942761755339
0.00745260478255202 -0.00392404615201034 0.999964529642803
-0.008206046522856 0.0142371904132533 0.999864972488586
-0.0001717595806133 -0.00179296926506443 0.999998377878615
-0.00012751875212533 0.00133619840706189 0.999999099155987
-0.00433754739593947 -0.0140479699292773 0.999891914270465
-0.00378300448195386 -0.000790075333449184 0.999992532301145
0.00981918446983519 -0.00501591653789873 0.999939210251119
0.0214142833623694 0.0171386144276507 0.99962377741007
0.00658660205949462 0.00321602436524691 0.999973136569474
-0.0134664052100353 0.0230502704539736 0.999643606973364
-0.00987095533972681 0.040169159304254 0.999144135188447
0.00314156418730568 -0.00212553966599039 0.999992806301918
-0.00704400724932412 0.000696142180360354 0.999974948360176
-0.0180854578142253 0.00642826577791629 0.999815779838835
-0.00279873424309891 -0.00115175704262273 0.999995420260689
0.0062101716983565 -0.0375347545900556 0.999276025913432
0.00298762807619119 0.0142260136244012 0.999894341725583
0.00254417446428605 0.0350530950645857 0.999382213020969
-0.0201337535804437 -0.0205576323058503 0.999585922130129
-0.0247328352735676 -0.0125761841384362 0.99961498910923
-0.0131630813543806 -0.00280846868432116 0.999909418793976
0.0062823526944339 0.00637700157323374 0.999959932145062
-0.0149851535938438 0.00749081993601818 0.999859656546085
0.0325885755925154 -0.0117673669315267 0.999399576654078
0.00374639307552177 -0.0196542577437491 0.999799817309178
0.00842229360013452 -0.0174763142525116 0.999811803996463
-0.0126892298295902 -0.00373639945298499 0.999912507555266
0.0118849650778826 -0.00671768028699163 0.999906805845755
0.0256481475151365 0.00919179034943131 0.99962877285481
-0.0259454380209818 0.00601015815082948 0.999645293213999
0.00254772483330273 -0.00256964346184558 0.999993452993895
-0.00924714503680054 0.013196866110712 0.999870158087301
-0.0101739207953023 0.0310564960570702 0.999465850036062
0.00866433385004768 -0.0320560757918517 0.999448516594908
-0.0057641042679947 -0.0344853072029318 0.99938858242883
0.00675050356173386 -0.0226143711076501 0.999721471671519
0.016165978645501 -0.0101977863021534 0.999817316457846
-0.0180866712924049 -0.0120005109148255 0.999764402276528
-0.00915630680375284 0.0223157694235623 0.999709041912071
0.0189884203632561 -0.00732555949179866 0.999792866582994
0.00518188951469513 0.00770731331122852 0.999956871741267
-0.0106004487414565 -0.0012275728220858 0.99994306015465
-0.00767041241830296 -0.0145057973203759 0.999865364245323
-0.00709813177993937 0.0048728986656278 0.999962935005008
0.00418549097485277 -0.00683612713499793 0.999967873999507
-0.0171854729208964 0.0166687582132755 0.999713364930225
-0.0095506826144161 0.00287444781150539 0.999950259768643
0.00987264956484638 -0.00413611528693263 0.999942710029381
-0.00954062039285548 -0.0174406834562643 0.999802380034724
-0.00992708941694348 0.00869192043462306 0.999912947918401
-0.00141293750995391 0.00578592126256855 0.999982263204071
-0.0109932830542604 -0.0258472184964232 0.999605456679628
0.00170392233541573 -0.0311560450137839 0.999513080208445
-0.00151597242308974 -0.00100482252905414 0.999998346078281
0.0186398817224874 -0.0236748666494395 0.999545924657043
-0.00596465048163448 -0.0177795238492086 0.999824140274842
0.00256360194484535 0.0271916420601255 0.999626951691051
-0.0140472668376871 0.0050549440271383 0.99988855470761
0.0121218147927226 0.0075839298000588 0.999897767581726
-0.00181729998993171 0.000624884865217137 0.999998153468121
-0.00633418901495027 -0.00705680736211542 0.999955038748931
0.004394954679536 -0.0102276900396783 0.999938037445229
-0.000512681398311116 0.0163464143030788 0.999866257005014
0.00579849531556253 0.0219964732247317 0.99974123282865
0.0115567768191559 0.0304969361595445 0.999468047410438
-0.0144235342908194 0.0282302829570853 0.999497380077969
-0.00179297927776291 0.0312220062090707 0.999510866150834
0.0136330893664455 0.0204089778468802 0.999698760876281
-0.00534573377670246 -0.0215327017008926 0.999753852649665
0.0139182766193907 -0.0277360452680821 0.999518380705844
-0.00629297703347906 0.028178400898437 0.999583101179118
0.00521256178502574 0.0184656314172223 0.999815907883047
0.00378023708731791 0.0262936940898172 0.999647113464884
-0.00803001940173785 0.0309249729689188 0.999489452088055
-0.0315801784052085 -0.00897965382040315 0.999460883751416
0.00816592134247932 0.00281665178176018 0.999962691404719
0.0221464483083072 0.0114026959347437 0.999689708535977
0.0209071531131598 -0.0178112144915009 0.999622754636488
-0.0248100449803672 -0.01622622786991 0.999560489013639
0.0323560690542263 0.0113851223863173 0.999411558760257
0.0141961228378906 0.0267706330020021 0.999540796218465
0.0293376856490167 0.00395582547614663 0.999561729782389
-0.00125822313714521 -0.00484322638341056 0.999987479937992
-0.0298370373651965 0.000837850130669119 0.999554425335823
0.00424544736673826 -0.0134357189147781 0.999900723889077
0.0106521108269336 0.00694861722910441 0.99991912135609
0.029204563860812 -0.0155253277309755 0.999452879153663
-0.02398511057837 -0.00957906381713407 0.999666422366447
-0.0321862076990643 0.00767223722516564 0.999452442495346
0.0291842267112726 0.00994429413408695 0.999524582952035
-0.0203137989284762 0.024870824836832 0.999484262830101
-0.0128680519024999 0.00237270012355102 0.999914388102481
0.0119271975899005 0.00528964415744235 0.999914877188223
0.00752252058387105 -0.0066412243272576 0.999949651644272
-0.00822380934809342 -0.00330992200656181 0.999960705916046
0.0108851233807638 0.0181421862439822 0.999776162532031
-0.024380588763264 0.0194955499052925 0.999512636451109
0.0222038819144426 0.021965232567931 0.999512139088949
-0.0142985198116467 -0.0163125247147284 0.999764699251092
-0.0250382878020991 0.0124026127830826 0.99960955344579
0.025782748788356 0.0160646944288213 0.999538481229125
0.00592477991755974 0.00609291951128671 0.999963886005268
-0.00881698277672821 0.00419722140908822 0.999952320936933
0.00026344872122484 0.0268144660100686 0.99964039284503
-0.0088157324055838 -0.000183175749533633 0.999961123898723
-0.000155187352876355 -0.00184602898829061 0.999998284045458
-0.000138296091692825 0.00138377499258878 0.999999033020013
-0.0114368523949359 0.0130562003471313 0.999849355673039
0.0152543922045124 -0.0117882761434789 0.99981415276242
-0.0259280573981769 -0.0169747128026908 0.999519682129783
0.0135566019382962 0.00268269307315017 0.999904506291357
0.00571406135139008 -0.0158998876084049 0.999857261351295
-0.000116901050780417 0.00139195926985066 0.999999024391292
-0.00321345411583184 -0.0015849818792433 0.999993580751941
-0.000160329480831441 -0.00182780610685397 0.99999831670823
-0.000117555200489532 0.00135231066893593 0.99999907871789
-0.000167485518141818 -0.00182602428466317 0.999998318790543
-0.00258408449469703 0.00113694025388815 0.999996014929151
0.00928185323989161 0.0178639634905303 0.999797342469384
-0.00639231938724898 -0.0192667294334906 0.999793944465452
0.00289841465863538 -0.0188533288935075 0.999818059039793
0.00919699469562794 -0.0143298350087519 0.999855025049727
-0.00952894715650281 -0.00481456029375924 0.999943007963587
-0.0177985421460423 -0.00901331978363792 0.999800966174745
-0.0133968887408735 0.014714516065629 0.99980198358926
-0.00826453973508879 0.00188601957186927 0.999964069511071
-0.0020500330756258 0.028538984656714 0.999590578046408
0.0166216675781629 0.0123321406618074 0.999785796295196
-0.00413270023840547 -0.00107049894270568 0.999990887368857
0.00364775435312576 0.00185713872051842 0.999991622426884
-0.0187852748139955 0.0112327679131088 0.999760440493208
0.0138171323651144 0.0152362369858646 0.99978844959107
-0.0175128098701372 -0.0136209879822525 0.999753854794689
-0.014550260076069 -0.0187420535155573 0.999718473052158
-0.0129404175828522 0.00970031189509688 0.999869216218761
0.0124847124920771 -0.0143061278806939 0.99981971707856
-0.00981317693021297 0.0190535817162896 0.999770304911242
0.00615204607629056 -0.00659509875310404 0.999959327673637
-0.0162818583455274 -0.0242726876430531 0.999572777602211
0.0167208587774445 -0.0216527338295283 0.999625715955453
0.00189850517607579 0.0196727280490952 0.999804670647824
-0.0229739015230749 -0.0184412247551818 0.999565966346562
-0.00433215727757019 0.0229255084722162 0.999727789688079
-0.000178585595450727 -0.00182876446325448 0.999998311862437
0.031488211452096 0.0151778921250567 0.999388875328412
-0.00481350239972089 0.0340473345712173 0.999408629742231
-0.00751008942528798 -0.0111521638307089 0.999909609814166
-0.00267396903745466 -0.0188599431403353 0.999818559756884
0.0306950038525631 -0.024634670745132 0.999225174690755
-0.0163277448102179 -0.0242409285117092 0.999572799817153
-0.0177065303227962 0.0110067005866155 0.999782642040821
0.00639331856868186 0.00940835769503921 0.999935302048668
0.0185239382509726 0.0149386952175106 0.999716809449993
0.0117497403340485 -0.0206957360143394 0.999716774948239
-0.00785872005372859 0.000153634113589464 0.99996910798068
-0.0036025304490392 -0.0218449250924258 0.999754880469243
0.0279005798474107 0.00388120898025354 0.999603168192773
-9.70191038833106e-05 0.00124980677267594 0.999999214284854
-0.0236286911689474 -0.00561711820253051 0.999705022962644
0.0024585476366665 -0.0239542691339923 0.999710032226232
-0.000273029372362746 -0.00178314050992806 0.999998372931118
-0.00430092424343171 0.0315239207865909 0.999493744086922
0.0165827740238137 0.00515965795338916 0.999849183394915
-5.06856646838565e-05 -0.0225696064493858 0.999745272704844
-0.000117735231467396 -0.00172285200955397 0.999998508958573
-9.21876405617301e-05 0.00135174268375313 0.999999082146157
-0.00178226074919845 -0.00172096656206887 0.999996930905647
-0.00992907862027049 0.0120899885083659 0.999877615298803
-0.0143774151583994 -0.00140718151942595 0.999895649442248
-0.0094074633414765 -0.000959370119313992 0.999955288621673
0.00139256720650313 -0.00263431310077096 0.999995560565677
0.00823150104943777 -0.00259272109636486 0.999962759400464
0.0225828764487222 0.00350610724987951 0.999738826345788
0.0146349060274869 0.00447324327101843 0.999882897953658
0.00608687628046639 -0.00654597456236531 0.999960049279058
-0.0203001862583024 -0.00889492961500857 0.999754361163292
0.0137308209656938 -0.00440755548833664 0.999896013598527
-0.0149261200713451 0.00405493838658973 0.999880377052324
-0.0220909859290579 -0.0219523806075696 0.99951492301333
0.0150681404532653 0.0183973779782104 0.999717203826566
0.00553914607472516 0.0280499954562152 0.999591174238583
-0.0161263499052508 -0.0138604591454521 0.999773888692344
-0.0295675148890355 0.000754065625636502 0.999562501021481
-0.000144079812072855 -0.00189981707303622 0.999998184966401
-0.0100762848872646 -0.0239966644938063 0.999661256914582
-0.0139550800832436 0.0382593149158269 0.999170396159755
-0.0101981346782721 0.00449305782702999 0.999937903312224
-0.00994855952854844 -0.00366645575448338 0.999943790052975
-0.0165089515171716 0.014807691278232 0.999754063156941
-0.0141510950735224 0.0102627600572581 0.999847199458111
0.0146403500971309 0.00744105189789273 0.999865136353742
-0.00159183534442519 -0.0257577390337063 0.999666947007906
-0.0202935643691984 -0.020091806898848 0.999592162104492
0.00687241049532906 0.0250229453245092 0.999663254391833
-0.002533784661194 0.00369212960894118 0.999989974006861
0.00700520425880089 0.0171597880785987 0.999828219638949
0.0107487562698163 -0.0289080479467137 0.999524281347163
-0.0363328295068672 -0.00870149344906742 0.999301861056898
0.00345149797669914 -0.0019812728871743 0.999992080828375
-0.000152634589945234 -0.00185779981288723 0.999998262639759
-9.9376806134553e-05 0.00134498125791962 0.99999909057442
-0.0159862676566742 0.0053730086353775 0.999857774898317
-0.0038008276590099 0.000989835657582101 0.999992286937493
0.021277297688817 0.0207289515243975 0.999558696211363
-0.025476427058672 -0.00101084406164169 0.999674912088228
-0.00175223080080486 0.0256065672155909 0.999670562436773
0.0134667838077943 0.00625283182903452 0.999889767838431
-0.0127201781060913 -0.00372196618892267 0.999912168161103
0.0141200914201213 -0.0224130192048766 0.999649078221157
0.00152496654728131 -0.0241720499680508 0.999706650211637
-0.0108233210569135 -0.0015090726322895 0.999940287427749
0.017071322307093 0.0249939422811651 0.999541831442753
-0.0157991370836386 -0.00241529560541362 0.999872268649627
0.0218341877207054 0.0140976008243291 0.999662205896359
0.0069664798442714 0.00445416819374823 0.999965813687789
0.0189373327017147 0.00677687807059765 0.999797705215291
0.0202108754553295 -0.0118938828642068 0.99972499021668
0.000852047612079772 -0.00209416120345966 0.999997444248594
0.0183088596968557 0.0279846634330416 0.999440665707145
-0.00826366340711349 0.000831039457268645 0.999965510025478
-0.0213120988019041 0.0335937014572351 0.999208315451318
0.0155892670676085 0.00517355140856934 0.999865095459441
-0.0019540285701368 -0.0323227066724959 0.999475574691904
0.0081443146162756 -0.00226428171046131 0.999964270945601
-0.0206529026802886 -0.00425371362197145 0.999777657047456
0.0201028672600036 -0.00707094544500049 0.999772912444841
-0.0384405776036986 0.0156049568783239 0.999139033025094
0.00559264383400175 -0.00725892550236258 0.999958014286349
0.0111919785527406 -0.013773730823343 0.999842499574449
0.0237765935834494 -0.00400150474732333 0.999709288522081
0.00105534684204664 -0.00549002644994412 0.999984372804206
0.00137177998378886 0.001761289329986 0.999997508036681
-9.67380796975403e-05 -0.0017362490117043 0.999998488039414
-7.61709463609101e-05 0.00136832088819291 0.999999060947526
0.0186162511127821 -0.00955344428642192 0.999781059480911
-0.0176589593855943 0.00203776256914674 0.999841991855278
-0.0119564124106257 -0.026535306178178 0.99957637113344
0.0154059290721784 -0.0057210489740949 0.999864954355366
-0.0238799324632743 0.00430678461430149 0.999705556867539
0.00181328610098095 -0.0115095963732363 0.999932118288457
-0.0171662431764303 -0.00646980181594226 0.999831716720204
0.00265323715060688 -0.0174132748169567 0.99984485706172
0.0176201451875577 0.0321352498129957 0.999328202445536
-0.0187286617287693 -0.0300392243305709 0.999373244704633
-0.0011930835260727 -0.0246789305809087 0.999694716869647
0.00349996938107675 0.00481345701299669 0.99998229026614
-0.00120986798955395 0.0136588467448437 0.999905981642799
-0.00130246841016351 -0.002263719300707 0.999996589569669
-0.000137899386282077 -0.00139329077445248 0.999999019861808
0.0157089123724595 0.00837652037419139 0.999841519431202
-0.009559218961925 0.0155708860068682 0.999833070488169
0.00905696873443661 -0.0183008952082382 0.999791502540365
-0.0135485351602914 0.0210812952981228 0.999685958780838
-0.0183030677722753 -0.011732934864433 0.99976364004178
-0.0204499481732141 0.000437964140928062 0.99979078201748
-0.00333996398130468 0.0133200073143321 0.99990570657725
-0.0184845195791363 0.0223653482589386 0.999578968232718
-0.0256057251007551 0.00998003548903872 0.999622301538787
0.00655238445618457 -0.0162078520726939 0.999847174216704
-0.0237130430188898 -0.00591830785829558 0.999701287997009
0.00916552706977317 0.0204198555307813 0.999749479926664
0.021129684729677 -0.0134958813357392 0.999685649396947
-0.0017832203462376 0.0021389340408166 0.999996122535665
-0.00715570552731615 0.0183634682349502 0.999805770593864
0.0195922975045045 -0.0235897224138533 0.999529722857171
-0.00508368996511009 -0.0033162304354587 0.999981579186356
0.016753962857029 -0.0159905013613533 0.999731768323283
-0.000115235518433939 -0.00158478556741445 0.999998737586943
-9.16845890971655e-05 0.00126089955189301 0.999999200862809
0.00277313219573967 0.029655858674217 0.999556321466739
-0.00736809938394578 0.00422628065882272 0.999963924180898
0.00764068696868193 0.00331022873766994 0.99996533054319
0.00769770014645826 -0.0208683697229821 0.999752597674825
-0.000142505018812289 -0.00149323119903306 0.99999887497582
-0.00011807234751456 0.00123253730238335 0.999999233455066
-0.00362707456593329 0.00025372557567967 0.999993389954866
-0.00586421994034651 -0.0392087853866914 0.999213832006439
-0.00164510732333123 -0.0238171751678256 0.999714977275483
-0.00409302348641751 0.0151308818030317 0.999877144240532
0.00996660993458952 0.00453190662784083 0.99994006245811
-0.0122951276749974 -0.0248137753019731 0.999616479651431
0.00347529466828446 -0.0145541985472607 0.999888042548572
0.0214454744834494 -0.0170949991689293 0.999623855571482
0.00656853692723627 -0.00328042508547601 0.999973046203694
-0.00256844397936593 0.0217278384790419 0.999760623414702
-0.00705739350724445 -0.000843300705098955 0.999974740701386
0.0031956083106258 0.00154882173703601 0.999993694599497
-0.0178562076750643 -0.00692488374150077 0.999816584095619
-0.00242713893314327 0.000581372015219985 0.999996885496739
-0.0199615410273274 0.020696804831764 0.999586504085349
-0.019055086821967 -0.0198429275758018 0.999621509318116
-0.0247056186216675 0.0126403190888994 0.999614853201898
-0.0131685990799622 0.00278323455691112 0.999909416699169
0.000391606323446961 0.00176173088298803 0.999998371473066
-0.010288818417477 -0.017347403388738 0.999796583216426
0.0329658533025794 0.0112440965682097 0.999393227317655
0.0173868246693142 0.0217250692741985 0.9996127848787
0.00632929571512912 -0.00631208044272335 0.999960048030038
-0.0146790300109611 -0.00802884962408561 0.999860022028909
0.00904680597343649 0.0181826519898933 0.999793751965021
0.0120508871007225 0.00625992798988207 0.999907790459524
-0.0126921268857342 0.00372840577397702 0.99991250062468
-0.0105816923181553 -0.0300415447596142 0.99949263797996
-0.025790191622573 -0.00650505384727824 0.999646212562482
0.0256476414509642 -0.00919340106218246 0.999628771026981
0.00269792617451899 0.00195423128987238 0.999994451071816
0.00505378335537156 0.0291031785647524 0.999563636929248
-0.0119126795145126 -0.0316397349491247 0.999428344224404
0.00594890358514841 -0.0210532768360117 0.99976065639762
0.00025315036000612 0.0191822776698145 0.999815971135835
-0.0180120089856261 -0.022889664435705 0.99957572539269
-0.00929102457541379 -0.0136696515631596 0.999863399414381
0.00790483113117032 0.0277852966976823 0.99958265837909
-0.0104488029051734 0.0258533191269452 0.999611138597389
-0.0167979328599219 -0.0220147717316904 0.99961651610867
0.00287252942489237 -0.0344179056187007 0.999403400208107
0.0164129160142659 0.00969504665334188 0.999818294620727
-0.0180419869257102 0.0120564339533368 0.999764536832599
-0.000591963502658066 0.0250091252237245 0.99968704764779
-0.00717605803443081 -0.0161065302140978 0.999844529852291
0.0208483627217643 0.0248016670651509 0.999474973715006
0.0191443631462694 0.0067680224954652 0.999793822361003
-0.00858898901822047 -0.00676979058779351 0.99994019781337
0.00532356795336584 -0.00758261044598174 0.999957080900511
-0.0106301305394586 0.00108989807009374 0.999942904593513
-0.00441165400849137 -0.0313953788359447 0.999497307398403
-0.00745703439813256 0.0145601805167509 0.999866187937818
-0.0207965775019586 -0.0141528329870845 0.999683549770949
-0.00930867931499119 -0.00333827564681262 0.999951101007003
0.00994810201529022 0.00378629881373686 0.999943347999069
-0.00928989028984428 0.0175838231334065 0.999802233995512
-0.00960459577409692 -0.00896834406463075 0.999913656544781
-0.00531024069932487 0.035917623193983 0.999340645469707
0.00200355570273582 0.0298948449036418 0.999551041224376
0.00397748562142277 0.0214516893986081 0.999761973986847
-0.00536509474997295 0.0154691020706949 0.999865952335337
0.0121270277781562 -0.00757453929013111 0.999897775550986
-0.0138158727361658 -0.00547220199072015 0.999889582236914
0.00455967184842857 0.0101274539975176 0.999938320131878
-0.00596184209673887 0.00728386396867336 0.999955699901
0.0130614940252278 0.025450278586571 0.99959075660677
-0.0130137067052648 -0.0271175969451988 0.999547537325618
-0.0012480720829847 -0.0307844428594905 0.999525267511486
0.0120689858981259 -0.0305493335443276 0.999460393312005
0.0138526752892342 -0.0201689607655587 0.999700613388313
0.0123880773575348 0.0309944996576288 0.999442783019797
0.00289428393814074 -0.0270002607744723 0.999631236526048
-0.00375017948471051 0.0146786247153215 0.999885230479128
0.00545729881659826 -0.018144764800353 0.999820476585655
-0.0074015198587329 -0.0298594715235287 0.999526702726904
0.00432494131825359 -0.0262304003310952 0.999646568033455
0.0298608339273064 0.0153348676390749 0.999436427408796
-0.0315965892347543 0.008927570853327 0.999460831662446
0.00814623774403363 -0.00292055512515748 0.999962553883084
0.0221728609680526 -0.011344750713431 0.999689782316365
-0.0247891672182374 0.0162551111619356 0.999560537711318
0.0323414687954226 -0.0114001012372289 0.999411860589985
0.0143635751687034 -0.0271353538529957 0.999528569016237
0.0293248172038211 -0.00411075935011101 0.999561482227846
-0.0297905278296887 -0.00139842436919006 0.999555185500487
0.00415487764199455 0.013860922129853 0.999895300433746
0.0106749069581948 -0.00689985674744946 0.999919215906114
-0.0239660289973871 0.00962114731341444 0.999666475870062
0.0292147614737251 -0.00985032164190288 0.999524621445407
-0.0319290115183629 -0.00830778753582608 0.999455611265313
0.0209839527117813 0.0173648996074578 0.999628998173929
-0.0127093679050697 -0.0028010725024529 0.999915309393895
0.0119266041529844 -0.00529124657989721 0.999914875788439
-0.00825412695979502 0.0032541974725807 0.999960639018827
0.00777706011261628 0.00617219344314872 0.999950709467274
0.0108882764256577 -0.0181476882704029 0.999776028341808
-0.0228056530836352 -0.0188752702537323 0.999561717134203
0.0223238402917889 -0.0218320167983668 0.999512385714726
-0.0142678803069315 0.0163245498446497 0.999764940705522
-0.0241220351484086 -0.0125009060138697 0.99963085925212
0.0258395699137634 -0.0159662840037244 0.999538590751645
-0.00849700308013371 -0.00460111907683598 0.999953314231168
0.00593052581566986 -0.00608567973148226 0.99996389603113
-0.00874847571951983 -0.000171504728175955 0.999961716646549
-0.000143775487870733 -0.00143860120866375 0.99999895487704
-0.000103703487190931 0.00123360338322036 0.999999233733846
-0.017159269292851 -0.0223477004064592 0.999602991073896
0.0155347137983777 0.0111949348652974 0.999816656242815
-0.0259057072333294 0.0169493641538318 0.999520691825598
0.0135504203961241 -0.00274973516791798 0.999904407962879
-0.000126132956581969 -0.00150188502991074 0.999998864215272
-0.00314645069493101 0.000952003982114923 0.999994596753624
-0.000106038774239354 0.00120907888902271 0.999999263441738
0.00503575559501365 0.0178034546501408 0.999828824433517
-0.000113654615653975 0.00123912855601334 0.999999225821225
-0.000127346737934857 -0.00146494882103348 0.999998918853296
-0.00259361930197887 -0.00124847882609787 0.999995857211187
0.00931666016913094 -0.0178729830924801 0.999796857525902
0.00209163729514145 0.0152304528148421 0.999881822197244
-0.00605701094014623 0.0193179399235371 0.99979504390429
0.00936382956441361 0.0137772984181516 0.999861242745305
-0.00938652237397489 0.00475788983770694 0.999944626307885
-0.017987239679278 0.00910711920250286 0.999796739136787
-0.0137273465690689 -0.0157585658141449 0.999781589928347
-0.00752968266968535 -0.00217763832494171 0.999969280413263
0.00313645551033954 -0.0244826673822864 0.99969533441178
0.0171523184310997 -0.0127123197503392 0.999772071473795
0.0106705333013882 0.0276157540368293 0.99956165885254
-0.00406447238796839 0.000757768949403123 0.999991452888687
0.00361539298173623 -0.00200556718772634 0.999991453280398
0.0137961024551598 0.0215073065865797 0.999673498358558
-0.0209494832490987 -0.0136077148556702 0.999687925928888
0.0136820528504883 -0.0151349547819656 0.99979184562265
-0.0179657001946525 0.0140555543031657 0.999739803653804
-0.0145837013777439 0.0187113718958748 0.999718560503855
-0.0122300853959032 -0.00986653314576437 0.999876530645105
0.0140134203340311 0.0149544566765198 0.999789972082163
0.00632980346741559 0.00600402947048493 0.999961941884881
-0.0162468116854482 -0.0263311015470615 0.999521242496314
-0.0162802310121988 0.0242537656243971 0.999573263413556
0.0171973657949561 0.0216048900525202 0.999618666960323
-0.0230105133636735 0.0184443927575235 0.999565065741369
-0.00582543897253439 -0.024088890370823 0.999692847639454
-0.000114714422880254 0.00117414594057596 0.999999304110714
0.031543641400858 -0.0152169393724731 0.999386533551112
-0.00720404612645278 0.0109769052075625 0.999913800920595
0.0310083876315445 0.0242464828276733 0.999224993666081
-0.0165763750726381 0.0247121796689694 0.99955716793261
0.00658091377182451 -0.00924017164683081 0.999935653330686
0.0180160779598913 -0.0146189465099318 0.999730817439316
-0.00771400332911019 -0.000718314844523417 0.99996998863787
0.0279105028572875 -0.00378682075661198 0.999603253205396
-9.58166987028682e-05 -0.00123431730639696 0.99999923363968
-0.0236900924512379 0.00542016507727626 0.999704657051365
0.0112312250872979 0.0128412701390449 0.99985447009265
-0.00283690216587977 0.0176467527075759 0.999840259293943
0.0165506834223524 -0.00532544424411593 0.999848845837138
-8.32094684439506e-05 0.00121762702749073 0.999999255230026
-0.000110163681423633 -0.00161532445642746 0.999998689294573
-0.00172937343708177 0.00108718085273818 0.999997913650478
-0.00163955255447614 0.000545550874777359 0.999998507119718
-0.0143936124018953 0.00132004166681862 0.999895535249569
-0.00940089813947033 0.000281874582004837 0.999955770852337
0.00144319039772022 0.00202651897843572 0.999996905206364
0.0082835181382029 0.00199682143381591 0.999963697356767
0.0225781599638818 -0.00355735309955106 0.999738751840485
0.0146547382908246 -0.0043939135877751 0.999882959235235
-0.0203239520444708 0.00887239961782414 0.999754078510468
0.0137929153429362 0.00407383091063863 0.999896574345594
-0.01470135102514 -0.00462239628602755 0.999881244813908
0.00288320942617863 -0.0146231688707734 0.99988891884828
-0.00585494550152947 -0.0189913251206486 0.999802505089548
-0.0221757003253208 0.0221462367133614 0.999508770604099
0.0150519199426496 -0.0183576313079186 0.999718178827815
-0.0156209481842129 0.0133770154467576 0.999788498351308
-0.00294231156625285 -0.0122161179620289 0.999921051515861
-0.0295082955749968 -0.00131782869812861 0.999563666716524
-0.00010287859073644 0.00135654329582387 0.999999074602713
0.0012166726542057 0.0192084285210404 0.999814760833928
-0.00721520327058157 0.0163814504420548 0.999839781626626
-0.00989150701041575 -0.00507971607523982 0.999938175375687
-0.00832247776324292 -0.0223372157100335 0.999715852209118
-0.00992645642092012 0.00370565428932518 0.999943865219049
0.0023524396314654 0.021668112245446 0.999762451255046
0.0106502813257963 0.00913352864716071 0.999901570236857
-0.0139370134873378 -0.0109053090661711 0.999843404683566
0.0148321533394903 -0.00759349371636461 0.999861163402446
-0.0201899882497576 0.0200397750946727 0.999595304004891
0.0071060084844621 -0.0249166757206462 0.99966427560179
-0.0231543986502598 -0.0235711614759738 0.999453988020368
0.00720165819504812 -0.0171411899031765 0.999827142924188
0.00615375874387038 0.0250765816068139 0.999666592573864
-0.0363539961261896 0.00862422577726158 0.999301761078904
0.00348429886026393 0.00152152041974984 0.999992772292412
-0.00823877113582033 -0.034272995231593 0.999378549123417
-0.000105209191258009 0.00128055582512069 0.999999174553562
-0.000104379663857491 -0.00141269071785416 0.999998996704407
-0.0155595718434254 -0.00583067432858307 0.999861941950449
-0.0038233645547202 -0.00130600366745837 0.999991838085643
0.0212647152937302 -0.0207230858129204 0.999559085596178
-0.0254825666534989 0.000941418724673582 0.999674823393855
0.0134455009045617 -0.00633842118339756 0.999889515357736
-0.012796456382015 0.00366022696332711 0.99991142279836
0.00956599391234838 0.0319140568527499 0.999444838265558
-0.0108577270648782 0.00144027433317763 0.999940015887368
0.0171454247598024 -0.0250222859338206 0.999539853941028
-0.0158364759533964 0.0022710790586899 0.999872015924682
-0.00228126906417241 -0.0103510946596475 0.999943823747516
-0.0168199167834601 -0.0359567006092513 0.99921179240474
0.0218186268203419 -0.0141031759055557 0.999662467012267
0.00684279849217955 -0.00440301029512181 0.999966894256573
0.0205746200923618 0.0311759704387689 0.999302128425261
0.0188496209793407 -0.00679978012246369 0.999799207230743
0.0206200383238039 0.0114772894418315 0.999721504143326
0.000994895494140054 0.0014897811267822 0.999998395366288
0.0182625409032617 -0.0280628533136956 0.999439320751215
-0.00827957587299117 -0.00108407183085026 0.999965136098069
-0.0392703717873533 -0.0166731288293252 0.999089507839375
0.0156580671378547 -0.00526999067179909 0.999863516752074
0.00817600886313104 0.00176191716863036 0.999965023651808
-0.0206407519677333 0.00430333882692383 0.999777695606952
0.0203632632562172 0.00645695534044374 0.999771796580244
0.00603721657257396 0.00688982287755344 0.999958040298078
0.0238950678663525 0.00334300757283098 0.999708882641357
0.00135487194650837 -0.0018342608640486 0.999997399901165
-6.5058416544826e-05 0.00116766439629743 0.999999316163396
-8.89486339217609e-05 -0.00159785692033662 0.999998719469881
0.0188382409065154 0.00898945902381958 0.999782131419644
-0.0176135204980673 -0.00270694973916244 0.999841205551549
-0.0116994164876556 0.0268037946337995 0.999572248637925
0.0155566340678357 0.00513715853002363 0.999865791363379
-0.00143082769759704 0.0101140349522365 0.999947828153592
0.00107426629008764 -0.0330034942385484 0.999454658961568
-0.0237168180709929 -0.00493340880651592 0.999706543950841
-0.0171813224053081 0.00644457421581206 0.999831620635986
0.00296271726473855 -0.999943582365542 -0.010200705484231
-0.0080192115663736 -0.999919482364149 -0.00983468527539088
-0.00119475187345123 -0.999624377199345 0.0273802314961662
0.444540526663111 -0.00168550524212803 0.895757154158516
0.592542278108868 -0.00159392137341881 0.805537775692865
-0.592544602449173 0.00127233549581258 0.805536638068522
0.0108386853644991 0.999932846965491 0.00410176292070517
0.0725221523557864 -0.000589972862427789 0.997366627349094
-0.0725218697575137 0.00285332844592414 0.997362740894031
-0.853224907096053 0.00544985862249741 0.521514675682215
0.853268423946733 0.00209869682353445 0.521467728787795
0.0947404481532546 -0.000408603227478033 0.995501923919348
-0.0947117763758822 0.00262373336132147 0.995501278471793
-0.267688045292414 0.00169632915143662 0.963504142635068
0.26776297644965 -0.00121472419490848 0.96348404910925
-0.596457721954616 0.00141862829089416 0.80264324167994
0.596519204767047 -0.00136640534589931 0.802597639717761
0.0910039455788886 -0.000441174821655505 0.995850434178673
-0.090969975499488 0.00257364612902754 0.995850309988015
0.00778379434097423 -0.999574664550947 0.028105204740733
0.867465331715099 0.00334336593093855 0.497486402001768
-0.288502414944235 0.00141588138684429 0.957478120821172
0.288607936257424 -0.00148097443210592 0.957446220862541
0.000711481361650777 -0.99992725568485 0.0120406450340904
-0.00517924867889825 -0.999903717404658 0.0128736670559794
-0.340357123553021 0.00108444590616409 0.94029561969829
0.340474395174525 -0.00175722211772362 0.940252146182592
-0.298171435387709 0.00135938205513774 0.954511365673171
0.298177829406678 -0.00149019824485219 0.954509173009622
0.41564627733418 -0.00156803615687845 0.909524993279925
-0.210713448632865 0.00189251546230047 0.977546040322639
-0.0210601455421998 0.999717528724745 -0.0110151273361007
0.748421479609969 0.000133603624980341 0.663223394497281
-0.748184847092223 0.00333721280880374 0.663481949710959
0.809067069258121 0.0030472400268891 0.587708424110369
0.0121374113129514 -0.999524916635193 0.0283306242788687
0.210805467775545 -0.00107905322492988 0.977527437159731
0.484439287634133 -0.00181999267289777 0.874822990223282
-0.484457802564273 0.000994239472443662 0.874814065400452
-0.185937199592294 0.00210441574072499 0.982559376954984
-0.602232007510817 0.00163958301226918 0.798319435374736
0.602409832174949 -0.0012680936158908 0.798185934502438
0.669103402137655 -0.00113779466023164 0.743168448382415
-0.669172513531756 0.00182759609856534 0.743104842553251
-0.500034447591197 0.0015376146057723 0.866004149507086
-0.0825694128829066 0.00279059827825579 0.996581408926246
-0.347154392425476 0.00109408124183703 0.937807352714797
0.347234134953466 -0.00174612867151139 0.937776842621836
0.49996884570546 -0.00134538125281727 0.866042344965438
0.453667336435072 -0.00171323405662336 0.89116946350342
-0.453584627458098 0.00111913557698663 0.891212507356836
0.0824232230795369 -0.000231322786701051 0.99659739051783
0.18609745227371 -0.00086680058841966 0.982530908884791
0.873047050598074 0.0033988343497843 0.487624133290249
-0.0231743600272304 -0.999372674117468 -0.026780725618044
0.475589179640809 -0.00174450025579616 0.879665782514837
-0.475524507879992 0.00102574143989259 0.879701875785195
-0.619085770183981 0.00105129574734511 0.785322675040623
0.619094556362359 -0.00176704844054682 0.785314464289499
-0.0876468402223134 0.0025817476526957 0.996148265058019
0.0876471237677835 -0.000441896342022926 0.996151487687921
-0.0147952599052962 -0.999749356555928 -0.0168025102393122
0.931296293906543 0.00293946275420327 0.364250700088077
0.213144026383624 -0.00104855491823394 0.977020227298064
-0.213011996459832 0.00194286034175185 0.977047652194042
0.0193478655965566 0.999806560634603 0.0035357331438071
0.259701874618458 -0.00130699687122136 0.965687955852633
0.735974811656258 -0.00160365191814991 0.677007019836619
-0.736023335211911 0.00126939963572595 0.67695497534777
0.407890041021417 -0.00168322132157339 0.913029507300574
-0.407804351508322 0.00114467970722019 0.913068617683931
-0.30904644581372 0.000970136719471252 0.95104645163349
0.308958060288584 -0.0019131600458114 0.951073738887451
0.0681630046230637 -0.000503842176305781 0.997674070497884
-0.068025440505069 0.0028861360622666 0.997679412267649
0.000698035236096703 -0.999673907187036 0.025526300872142
0.777808034414301 0.000685451328165163 0.628501544753104
-0.0050560298556396 -0.999699016608439 0.0240065148286759
-0.777641556396123 0.00360323739300355 0.628697563575766
-0.182531106296557 0.00206364653101404 0.98319791323881
0.182681067612571 -0.00088785662046244 0.983171825901532
0.722763169572362 -0.00159278613038958 0.691093961587031
-0.722704244429312 0.00129143935711577 0.691156210467825
-0.104590996496778 0.002001472163819 0.994513306879797
0.104498341917978 -0.000959459701554385 0.994524597973059
0.0736869972468418 -0.000493683668958117 0.99728129568
0.000183125100583178 0.999996911948014 -0.00247841877678018
-0.0120942474060072 -0.999269173173884 0.0362608428482265
0.00789397571950207 -0.999241303288956 0.03813794630978
0.0711558798102916 -0.000609048292324909 0.997465021857208
-0.0710906667360281 0.00283894888755806 0.997465817696146
-0.00498924790606108 -0.999166618584881 0.0405114269186652
0.000547205528600613 -0.999139399063419 0.0414748333968997
-0.0152794836042224 -0.99965499308484 -0.0213642734801906
0.0109441326097643 -0.999680453691753 -0.0227863219513685
-0.751175033844727 0.00329350949166382 0.660094857822421
0.751258565298934 8.83112570897775e-05 0.660008000153111
-0.0121678579058359 -0.999714108182705 -0.0205826415807836
0.00770701643691326 -0.999737718552108 -0.0215660845279846
0.607796322804814 -0.0014821930992316 0.794091577268367
-0.607698860995657 0.00133256697701291 0.794166430044631
-0.0627299523284886 0.00285112300460218 0.998026464668387
0.0629287716190986 -0.000545393711191173 0.998017871707822
-0.224897513991312 0.00145101886371962 0.974381343594378
0.224974496519268 -0.00146487286286955 0.974363551280218
-0.0120464960576653 0.999917746870336 -0.00440243415424859
0.230049344244633 -0.00141414514512483 0.973177938203555
0.0792336780566765 -0.000507028341050255 0.99685594103856
0.0149726953732671 0.999887016770812 -0.00133119736540928
0.0555866037623815 -0.000473489500847898 0.998453757211548
-0.055550160099488 0.0028949251607043 0.998451700945637
0.705295553466486 -0.00186632992963702 0.708910924639335
-0.705127132266913 0.000946838778550742 0.709080271081749
0.99738281007768 0.0040312860765074 -0.0721891882079291
0.997379551690514 -0.0046714359949585 0.0721956200567238
0.999999149582413 -0.00130367149701083 -3.5708240212305e-05
-0.444570303990641 0.00511017637052326 0.895729384863046
-0.592507218467674 0.0049810195082446 0.805549741175775
0.592528770453789 0.000666903786887378 0.805549012428083
0.444416864530496 0.000876031956425773 0.895819671077217
-0.0725217357971815 0.00344031870102399 0.997360898593984
0.0725221502383435 -0.000637543984133546 0.997366598228793
-0.853282984907582 0.00136477465089222 0.521446339576144
0.853245874230869 -0.00256736449216219 0.521502528035641
0.0947120804250524 -0.000680805458226644 0.995504474287025
-0.0947315698741465 0.00359103636271079 0.995496375747808
-0.267739704418772 0.004465445110321 0.963480934153715
0.267676751565234 0.00043637695454797 0.963508674712707
0.596433134389978 0.000504682689454367 0.802662607511481
-0.596469020610182 0.00470551527453935 0.802622305682026
0.0909815939427701 -0.000635051972040507 0.995852371726164
-0.0910175119782626 0.00361119094196502 0.995842744520071
-0.867448283678318 -0.00187334706674829 0.497523834317822
0.867413515286309 -0.00430499521699749 0.497569352467403
-0.288650605394999 0.00473965725187135 0.957422771639695
0.288537741903504 0.000628139353096592 0.957468316414794
0.982901847200704 -0.0047297103598796 0.184069521130891
0.982906972823127 0.0038085387038603 -0.184063515691234
-0.340492475835698 0.00508211032131897 0.940233506132364
0.340383641910617 0.000916192322590408 0.940286199468701
-0.298069961815017 0.00478443263163726 0.95453203564259
0.298119796228983 0.000660074011656704 0.954528234992915
-0.415568102076664 0.00495236044633738 0.9095485840033
-0.210788292425029 0.00437004262573621 0.977521968297383
0.210732659532536 -9.51588168225074e-05 0.977543726465033
0.415680087981387 0.000774631201645035 0.909510563106492
0.748232869005424 -0.00102736626404734 0.663435391171191
-0.748475951711852 0.00287746851131858 0.663155690531269
0.809078584589458 -0.00381901351529565 0.587688062746292
-0.809040977005157 -0.00140263346176117 0.587750567967325
0.484431190477396 0.000972280888836049 0.874828826892739
-0.484384874430934 0.00518044468140549 0.87483967469213
-0.186005206972898 0.00419334817043741 0.982539810292739
0.185921001530419 -0.000124511705339273 0.982564687787405
0.602277996885467 0.000374362566439119 0.798286336047598
-0.602479368399056 0.00461595732404294 0.798121108348512
0.669125326881348 0.000223675777671446 0.743149545444977
-0.669025137118012 0.00422785797992506 0.743227751850755
0.499987752201365 0.000533796312367981 0.866032310430808
0.0825131093337586 -0.000854610263834688 0.99658961284441
0.347129586007105 0.000918072185787261 0.93781672391891
-0.347145182199942 0.0050733487346301 0.937797677331302
-0.499885022035433 0.00478818863837908 0.866078540315021
0.45355389054343 0.000875782702624287 0.891228422671526
-0.453608117407292 0.00507118234978845 0.891186826053768
-0.0823274415842705 0.00344526120850137 0.99659937915764
0.872963324815466 -0.00440191699456883 0.487765985544194
-0.873079150902809 -0.00180369773154379 0.487575166444439
0.475546302928975 0.000930354091109012 0.879690200134029
-0.475620209803056 0.00512692222128247 0.879635794346407
-0.619054442882874 0.00510657903619337 0.785331471162032
0.619067082631038 0.000842603828718544 0.785337658094582
0.0876471144532858 -0.000638606100936807 0.996151381824199
-0.0876465670474817 0.00359150454233391 0.996145160295383
-0.931289940232083 -0.00353051090685599 0.364261695371967
0.931278660762658 -0.0043309433131501 0.364281894881051
-0.212994257182594 0.00436151161156955 0.977043716331924
0.213005357509835 -0.000129749546685186 0.977051022637591
-0.259759574428746 0.00453127513061438 0.96566269009333
0.259606272291117 0.000489408425687393 0.96571442148624
0.735991477873702 0.000656622654078971 0.676990482461884
-0.735910998874729 0.00493196159840919 0.677060320422036
-0.407991101775563 0.0051311547655811 0.912971484835498
0.407867393237858 0.000900980059184312 0.913040731713699
-0.308855356357634 0.00516275150844038 0.951095008317288
0.308982518672917 0.00112395106048258 0.951067053308311
0.0680257078901546 -0.000684474469951047 0.997683333809252
-0.0680332896911628 0.00341886649890396 0.997677193708296
-0.945715012024524 -0.00379272867926129 0.32497497017558
-0.777796353419852 0.00269966084852364 0.628510576234071
0.945703725119984 -0.00447470204319036 0.324999140515494
0.777639934387323 -0.00135543804963055 0.628708434199648
0.182559415952996 -8.36134373285071e-05 0.983194819278303
-0.182656901399475 0.00422070470016084 0.983167657128212
-0.722895310148532 0.0050388228166842 0.690939201977916
0.722796259278725 0.000974252448737199 0.691060502709313
-0.104401630996005 0.00401922005875864 0.994527096320404
0.104529061665181 -1.89981417003081e-05 0.994521832292518
0.0736869942035601 -0.000571247564061001 0.997281254492164
-0.0736865335559543 0.00358177336518433 0.997275020078247
0.913610191357798 -0.00488421908154748 0.406561880469789
-0.913602991065211 -0.00424819566194881 0.406585203309611
0.0710993309931953 -0.000585893082692493 0.997469068122724
-0.0711169281829443 0.0034392795868213 0.997462056361918
0.978178773569755 -0.00532725627752184 0.207696671321721
0.978175698227841 0.00448110934847328 -0.207731131647338
-0.94804557442498 -0.00387370733643555 0.318110960522708
0.948021555498486 -0.00448921527965255 0.318174444694109
0.751106993134272 -0.000989433401155507 0.660179752708562
-0.751165282420708 0.00283754515294977 0.660108072078597
-0.976521895402051 -0.00368707244170538 0.215386613551528
0.976513938944559 -0.00457496828081303 0.215405656175067
-0.0628211460503403 0.00344052638324248 0.998018870757025
-0.607850222875814 0.00486083442969394 0.794036824611095
0.607733554538137 0.000581704499879868 0.794140786201236
0.0627482454716407 -0.000646054035728716 0.998029178082692
-0.225036644467601 0.00466681793475791 0.974339124461872
0.224939865248911 0.000640022748653068 0.97437243772219
-0.230007698095773 0.00458666963933858 0.973178000819122
0.230048898625237 0.000575469848262831 0.9731789008583
0.0792178107811618 -0.000566708917159595 0.996857169957684
-0.0792792180309629 0.00362373235917033 0.99684586278531
-0.0555715394236753 0.00339146626883134 0.998448948100317
0.0555503797709124 -0.000686806339520945 0.998455649292626
-0.705309689086605 0.00515283788672899 0.708880589903736
0.705140419986967 0.00104552242903588 0.709066918551031
0.0142557289552546 -0.999854357280876 -0.00938287900379329
-0.00408798163131887 -0.999940442565527 -0.0101192750748347
0.00135366837394964 -0.999624174782082 0.0273802259518521
-0.444547154703925 -0.00238467301161618 0.895752276346129
-0.592535141377106 -0.00234043048999183 0.805541202309562
0.592549694033552 0.0019617710931817 0.805531508728816
0.444387230206463 0.00192874458432742 0.895832724102975
0.0725218289759913 0.00304403383747406 0.997362180042924
-0.0725221405436779 -0.00082086513676211 0.997366464902139
-0.853276338717448 0.000518117793224285 0.521458743659457
0.853184133956454 0.00944406320962599 0.521524345774067
0.0947115403623079 0.00344496206924141 0.995498797768506
-0.0947404192374486 -0.000881690399566699 0.99550162008143
-0.267759914445583 -0.00173472412315196 0.963484104149265
0.267692119955366 0.00252811171055057 0.96350118711135
0.596468650526154 0.00233413685630825 0.802632980100272
-0.596508422531522 -0.00212373238895318 0.802604006724172
0.0909646296649566 0.00344698311040225 0.995848158334067
-0.0910065415026137 -0.000887602763611806 0.995849899113851
-0.867451305982486 0.00211842824646001 0.49751758160998
0.867467523932501 0.0120640001216389 0.497347519168921
-0.288617127145132 -0.00203411182660494 0.957442434983727
0.288488174219153 0.00222070629632181 0.957480883255245
0.0111554149365544 -0.999839820771973 0.0139960535959972
-0.00130627884146661 -0.999925351291516 0.0121484764529061
0.340345973735991 0.00189630462043273 0.94029836870564
-0.340482826088378 -0.00243278570434219 0.940247587974884
-0.298161421737983 -0.00211408054950315 0.954513120523031
0.298191505477209 0.00215738080949419 0.954503625854443
-0.415631599091724 -0.00222262686756937 0.909530336913654
0.210705134581735 0.00265125061962552 0.977546069058152
0.415741708263608 0.00211665007756495 0.909480264658066
0.748166550760374 0.00417011852477661 0.663497869201412
-0.748442600067067 -0.000989973617520965 0.663198834707273
0.809149020527892 0.00956701951174587 0.587525603456066
-0.809045650315715 0.00168731458055833 0.587743386755417
-0.21080955080363 -0.00148279829585981 0.977526027581458
0.484467248684717 0.0017277240264168 0.874807693108348
-0.484428827493328 -0.00253789386272633 0.874826994432717
0.1859437762099 0.00293479977205368 0.982556003003951
0.602213609999515 0.00241661687592071 0.798331339666825
-0.602425275569224 -0.00198432132439076 0.79817281952233
-0.6690817218132 -0.00201952491374365 0.743186094497608
0.669199525822321 0.00306083034492786 0.74307646037052
0.500052257389004 0.00235381441484409 0.865992031971347
0.0825924034394295 0.00358419939567635 0.99657696562222
0.347163870387324 0.00189458382561043 0.937802568587771
-0.347225171261745 -0.00243768033279428 0.937778618948442
-0.499952146397374 -0.00205110194091824 0.866050601462459
-0.453656496212851 -0.00237649319294596 0.891173459952653
0.453595782534647 0.0018736785946767 0.891205562928837
-0.0824084427657563 -0.00073345288602835 0.996598369759748
-0.18609241733422 -0.00144599489732773 0.98253118083319
0.87277773208427 0.0120929298335456 0.487968022954249
-0.873072496642372 0.00216102976152644 0.487585628948418
-0.475596625378371 -0.00248422319354762 0.879659978948588
0.475515367783426 0.00180087619097727 0.879705571112709
-0.619086224358803 -0.00251045136967493 0.785319008074478
0.61909217128821 0.00175764551613141 0.785316365633551
-0.0876471007235234 -0.000849184310486079 0.996151225778881
0.087646604992553 0.00346886873645261 0.99614559155927
-0.0108541959152091 -0.999772480823339 -0.0183622716290909
0.0202234070215436 -0.999687726054335 -0.0146786983330903
-0.213142155823511 -0.00151516921369964 0.977020023169003
0.213014460892676 0.00266958932677945 0.977045399530354
0.259549829792452 0.0024520051454519 0.965726603923427
-0.259710847963951 -0.00178943451227897 0.965684769152942
0.736032394444138 0.00184946250715723 0.676943789259687
-0.735960273653698 -0.00240066425053817 0.677020466762069
-0.407910228505347 -0.00235765270734689 0.913018995943911
0.40777644757124 0.00203288012834546 0.913079534435289
-0.30894089005264 -0.00246370201837772 0.951078049702466
0.309069679361164 0.00174242317966592 0.951037800122083
-0.0681629933336942 -0.00076492030015521 0.997673905259993
0.068025378015947 0.00318857228622017 0.997678495785372
0.00460250716456473 -0.999697251968604 0.0241706709509987
-0.777805035945758 -0.000474380812411296 0.628505450270929
0.00483224921040678 -0.999612385458578 0.0274176622887335
0.777641230462816 0.004343541474189 0.6286932879646
0.182518382982301 0.00293761241644426 0.983198052432376
-0.182688606139077 -0.00142780725472753 0.983169789280267
-0.722803689079765 -0.00262590362517791 0.691048429332441
0.722668638150082 0.00214442436011265 0.691191320025411
-0.104484675153684 -0.00139373889361636 0.994525520109929
0.104618802789021 0.00289583328963572 0.994508180083276
0.0736865766911276 0.00341443116520553 0.997275603870545
-0.0736869768671009 -0.000892673977203712 0.997281019860178
0.913672853668466 0.0140859210451846 0.406206232470197
-0.913602150829195 0.00417596610980563 0.406587839595971
-0.0711565668704112 -0.000803310753584997 0.997464835311526
0.0710898726121468 0.00304087030263213 0.997465279155015
0.00536808946157154 -0.999073130478499 0.042709057252816
0.00440867312610124 -0.999163515117898 0.0406550569857251
-0.0113279023084686 -0.999678787261119 -0.0226715885951742
0.0208723314847108 -0.999592508491789 -0.0194721017223445
0.751194106710467 0.00396483620364431 0.660069461585175
-0.751223192045417 -0.00104517402571142 0.660047440222557
-0.00818124260430093 -0.999736187685332 -0.0214621131729665
0.018038204420565 -0.999651270486919 -0.0192862799723052
-0.607808571741032 -0.00221311502205151 0.794080501108059
0.607685307694718 0.00204878836064855 0.794175276169077
0.0627273630259544 0.00316029916410693 0.998025696280914
-0.0629305420007163 -0.000760479060933279 0.998017619361048
-0.22498333122992 -0.001911291049381 0.974360737938066
0.224880079289333 0.00229801204252581 0.974383738102949
-0.2300434783796 -0.00187328511670875 0.973178549320671
0.230084623720351 0.00235501331803883 0.973167775791891
0.0791751778453997 0.00342160421876949 0.996854845921772
-0.0792393400755702 -0.000891680788248936 0.996855221127802
-0.0555865977897618 -0.000662635994089853 0.998453649930581
0.055550075425928 0.00338069638421471 0.998450179033552
-0.705299753462873 -0.00267809623692401 0.708904144130754
0.705120446152027 0.0018175569074102 0.709085222596872
-0.00464550047384839 0.999938415401878 -0.0100789249887263
0.0119706919308145 0.999882757788852 -0.00954846643488684
-0.00111493791863586 0.999624469337588 0.0273802340198806
0.444563934253837 0.00426882088200119 0.895736951079404
0.592517442432352 0.004060284568592 0.805547388117326
-0.59252278280204 0.001336878451217 0.80555258339635
-0.444421827156077 0.00138086889907918 0.895816573160118
-0.0725221591046381 -0.000402429725733392 0.997366720163209
0.0725218546900197 0.00292523664922439 0.997362533677131
-0.853252087513394 -0.00145147476973245 0.521496661902096
0.853254658376654 -0.00419227120282461 0.521477624467916
0.0947401048253213 0.00272299477122158 0.995498316340697
-0.0947121000233848 -0.000222812655918453 0.995504680282158
-0.267674647977833 0.000809953397480423 0.963509017500842
0.267747570443147 0.00371812606996233 0.963481922020502
-0.596425012177157 0.00110469768093491 0.80266804128015
0.596484799712142 0.00370543271830312 0.802615819356145
0.0910171381067916 0.0027433605794969 0.995845547534144
-0.0909840411904968 -0.000219286207225217 0.995852326483302
0.0112323596028169 0.999595521289533 0.0261271490151692
-0.00788328801282596 0.999575439245656 0.0280498667904274
-0.288544980677965 0.00105580153508737 0.957465758870087
0.288649727034794 0.00404069675365314 0.957426241468492
0.00915574239263995 0.999865300936133 0.0136217607208105
-0.00183055615651115 0.999923331312674 0.0122466550829772
0.340506363080053 0.00438902949992123 0.940231967719692
-0.340390530332999 0.0014533867277438 0.940283028947476
-0.298107270489292 0.00114287119854124 0.954531691001848
0.298108378504439 0.00410154016848679 0.954523217126593
0.415587920727563 0.0041253785300156 0.909543655575325
-0.210738592325331 0.000473163969389385 0.977542337610293
-0.415669337356934 0.00126295654914084 0.909514929466253
0.0179032949287748 0.99958347897422 -0.0226349418485891
-0.0192099342001806 0.999583385073959 -0.0215414649480768
-0.0152499535150321 0.999544166632164 0.0260556686615693
0.0155513095697187 0.999544837119763 0.0258510223761602
0.210830227004153 0.00358210958016411 0.977516129724893
0.484400003519035 0.00443374142837978 0.874835400819894
-0.484422267207668 0.00160238025025032 0.874832840839275
-0.185916549244614 0.000404609458390616 0.982565454821286
-0.0218338006563601 0.999604134992517 -0.0177442513158322
0.020348757030107 0.99959487662562 -0.0199000178678844
-0.0258582147536958 0.999492962409273 0.0185787734818056
0.0242064983210475 0.999498141769989 0.0204330623591235
0.0233176278244091 0.999653239568716 0.0122347395727567
-0.0824985993947824 -0.000357405643071611 0.996591116435976
-0.347122604706227 0.00146466091116491 0.937818613629725
0.347199301364942 0.00436587326109084 0.93778120277726
-0.0247009860834913 0.999646036130273 0.00988249642225181
-0.453545064798324 0.00142789538305736 0.891232200558227
0.453624023089923 0.0042946164099157 0.891182810620585
0.0823519678432188 0.00264560012655175 0.996599796403912
0.186075251691908 0.00336912823087447 0.982529719490844
0.0231435260096674 0.999374798728243 -0.0267280540018247
-0.0197682303551132 0.999393038277353 -0.0286840044517425
-0.475552475140791 0.00151608313405455 0.879686049042156
0.475614634403321 0.00439282086802779 0.879642781284663
-0.619059062874418 0.00159310219436382 0.785342816035421
0.619064381753102 0.00433043019399558 0.785328299896918
-0.0876471301425257 -0.000223178387078854 0.996151560139915
0.0876468106958506 0.00270909140295791 0.996147929475646
-0.0111907479776657 0.999771508355555 -0.0182125846644016
0.0175363759304085 0.999722193515291 -0.015748374906734
0.213133303693737 0.00358390650965138 0.977016555883637
-0.213002951028765 0.000484129943658442 0.977051435939396
0.259746621572796 0.00374607282377796 0.965669539500919
-0.259612430929441 0.000817618002047579 0.965712543776723
0.735934282237757 0.00376598464609501 0.677042502053485
-0.735978802053538 0.00138028659862236 0.677003174096506
0.0290161283368054 0.999424167489604 -0.0175897053430296
-0.0302105679629756 0.999431850149093 -0.0149431753959713
0.0309362567168535 0.999484991992715 0.00852635922724876
-0.0318467422084688 0.999476235708809 0.00574797912814958
0.0681627200366392 0.00293325926593928 0.997669905122574
-0.0680257167548955 -0.000455934495410503 0.997683463821927
0.00415995071416861 0.9996951621517 0.0243367536976952
0.777803345393007 0.000996269228453171 0.628506931817837
0.00272902121521996 0.999640271692983 0.0266810729316747
-0.777638819160584 -0.000746779150366208 0.628710831189851
-0.182566167219304 0.000396118656347908 0.983193489439827
0.182715072649489 0.00335458294806662 0.983160184812188
0.72283529526847 0.00344580654764299 0.691011767143932
-0.722819105589226 0.00155145109977485 0.691035551614153
0.0313629890664721 0.999503582859558 0.00299178336827836
-0.0316685840034366 0.999498421184518 8.26853903169215e-05
-0.000202653722600085 0.999996218203351 -0.00274271953804781
-0.0736870053300033 -0.000155986558926358 0.997281405077669
-0.00503016973852548 0.999210717861414 0.0394035366849152
0.0112808801997543 0.999265186004814 0.0366309948088164
0.0711639187127089 0.00293173347798617 0.997460325833697
-0.0710999254980417 -0.000427773262066728 0.997469106090113
0.0033634955335874 0.999099966530055 0.042284084209535
0.00385673138607704 0.999161021785783 0.0407722720363559
-0.0118215966755826 0.999676387902132 -0.0225248601102602
0.0187419987653929 0.999620905004025 -0.0201688810104287
-0.751078010701139 -4.69916340590444e-05 0.660213465201223
0.751202416660758 0.00169685807441944 0.660069731070674
-0.00866797136281547 0.999734385002497 -0.0213547586297053
0.0159550685419961 0.999677710155991 -0.0197461795062871
0.607836512220022 0.00395882775342431 0.794052329569669
-0.607745194841403 0.00125309737533896 0.794131102459886
-0.0627496980629124 -0.000469365852119836 0.998029185489438
0.0629484693983454 0.00295877605639436 0.9980123926308
-0.0199444100829114 0.999785524561406 -0.00557901280870111
0.0192936080054471 0.999778298393323 -0.00843271912751418
0.230017879849349 0.00383422651248191 0.973178849778735
-0.230044701465637 0.000909467803609401 0.973179638194255
0.0792665845985514 0.0027538145625014 0.996849650183736
-0.0792240009846479 -0.000148553357295672 0.996856828034941
0.0555863757206186 0.00290328979553699 0.998449661095946
-0.0555503862268049 -0.000489151572176886 0.998455765330038
0.705305573210103 0.00399370396121385 0.708892162975046
-0.705144037768346 0.00167527358364618 0.709062112553036
0.00138949822408673 -0 0.999999034646877
0.00140596187918416 -0 0.999999011635109
0.00140669925234829 -0 0.999999010598117
-0.999998996509444 -0 0.00141667925276759
-0.999998979635424 0 0.00142854055308875
0.00135994733332703 -0 0.999999075271198
0.00136078412508563 -0 0.999999074132854
0.00139746520744376 -0 0.99999902354502
0.00137776847158786 -0 0.999999050876569
0.00137958256810573 0 0.999999048375516
0.00141639834315688 -0 0.999998996907364
0.00142960260789246 -0 0.99999897811767
0.00135242784888199 -0 0.999999085469039
0.00135135985669251 -0 0.999999086912852
0.00135640109643526 -0 0.99999908008761
0.00141236075080637 -0 0.999999002618058
0.00141159124709646 -0 0.999999003704579
0.00140466583000962 -0 0.999999013456466
0.00135597094262326 -0 0.999999080670979
0.9999990973485 -0 -0.00134361534157677
0.00138767830688869 -0 0.999999037173995
0.999999086307704 0 -0.0013518075891937
0.00138923186634761 0 0.999999035016945
0.00136624073371173 -0 0.999999066692693
0.00139499872088049 -0 0.999999026988811
0.00141504071037966 -0 0.999998998829393
0.00138933431163192 -0 0.999999034874619
0.00138307304203874 -0 0.999999043554023
0.00141964015413079 -0 0.999998992310409
-0.999999075127914 0 0.00136005268899518
0.00136104151887724 0 0.999999073782563
0.00135958446745086 -0 0.999999075764611
0.00136882433401138 -0 0.999999063159532
0.00134427075864893 -0 0.999999096467656
0.00139410046202099 -0 0.999999028241479
0.00137517334613417 -0 0.999999054448687
0.00139407124183252 -0 0.999999028282214
0.00138169794688762 -0 0.999999045454936
-0.999999066580718 0 0.00136632268994209
-0.999999075740711 0 0.00135960204613143
0.00137483387969469 -0 0.999999054915455
0.001410379948135 -0 0.999999005413706
0.00139106354145845 -0 0.999999032470644
0.00138885444860662 -0 0.999999035541195
0.0013902149918299 -0 0.999999033650671
0.00137874868673942 0 0.999999049525578
0.00140822359149656 0 0.999999008452667
0.999999051948495 -0 -0.00137699023663394
0.999999084289567 0 -0.00135329968161313
0.00136200997611247 -0 0.999999072463982
0.00140644465255222 -0 0.999999010956231
0.0014182416596762 -0 0.999998994294792
0.999999119485221 -0 -0.00132703759643652
-0.999998974093994 0 0.00143241438137278
0.00141498518038166 -0 0.999998998907969
0.00142302829882331 -0 0.999998987494718
0.00142412551100794 -0 0.99999898593275
0.00139152279900756 -0 0.999999031831681
0.00135788154731644 -0 0.999999078078427
0.999999132667765 -0 -0.0013170663300152
0.00140892580729762 -0 0.999999007463542
0.00135149443255619 -0 0.999999086730982
0.00138343881827894 -0 0.99999904304806
0.00137685566077628 -0 0.999999052133795
0.00139862388684989 -0 0.999999021925133
-0.99999900770267 0 0.00140875607410186
0.00137804356047224 0 0.999999050497522
-0.99999906621691 0 0.00136658893127546
0.00139151115749809 -0 0.999999031847881
-0.999999037653083 -0 0.00138733301971197
0.00137426926644554 -0 0.999999055691546
0.00137842970936275 -0 0.999999049965317
-0.999999037665196 0 0.00138732428857971
0.00139155213561143 -0 0.999999031790858
0.0013740761337895 -0 0.999999055956944
0.00138029351512343 -0 0.999999047394452
0.00137394737868538 -0 0.999999056133855
0.00138493091059355 0 0.999999040982727
0.00137707510324309 -0 0.999999051831631
0.00137768954214911 -0 0.999999050985312
0.00137248741687166 0 0.999999058138702
0.00138582625910996 -0 0.999999039742329
0.0013769347066304 -0 0.999999052024958
0.00137976685320975 0 0.999999048121262
0.00138666014045179 -0 0.999999038586365
0.0013800184262416 -0 0.999999047774118
0.00135618747471816 0 0.999999080377344
0.00137070847766233 -0 0.999999060578693
0.00135975420067116 -0 0.99999907553383
0.00139796846988519 -0 0.999999022841601
0.00140371483515137 -0 0.999999014791845
0.00142113236272219 -0 0.999998990190894
0.00135840238849088 -0 0.99999907737105
0.00140264113878522 -0 0.999999016298434
0.00135054355396075 -0 0.999999088015639
0.00138132041271972 -0 0.999999045976504
-0.999999000261392 -0 0.00141402836475368
0.00142765102543456 -0 0.999998980905756
0.00136086305452515 -0 0.999999074025445
0.00138138781706241 -0 0.999999045883394
0.00135815663620688 -0 0.99999907770485
0.00137364889036058 -0 0.999999056543918
0.999999098657081 -0 -0.00134264106351371
0.00136128145040324 -0 0.999999073455977
0.00141470427076893 -0 0.999998999305412
-0.999998983606381 0 0.00142575811616311
0.00138767539651128 -0 0.999999037178034
0.00135777037089216 -0 0.999999078229385
0.00141217343893531 -0 0.999999002882592
0.999999090917565 -0 -0.00134839313408743
0.00137546589728687 -0 0.999999054046335
0.00137417846266514 -0 0.999999055816331
0.00141578972506839 -0 0.999998997769225
0.0013759398231686 -0 0.999999053394353
0.00142473401265973 -0 0.999998985065982
0.0013575070399268 -0 0.999999078586894
0.00134044954903721 0 0.9999991015971
0.00138889833709782 0 0.999999035480239
0.00136449986230077 0 0.99999906906963
-0.999999076035085 -0 0.00135938551403954
0.00139264050032937 -0 0.999999030275748
0.00139072116466398 -0 0.999999032946853
0.00143541032347575 -0 0.999998969798071
0.999999127909821 -0 -0.00132067391802103
-0.999999061757348 0 0.00136984832121759
0.00138436920774545 -0 0.999999041760489
0.999999097195204 -0 -0.00134372942838519
0.00135682822345379 -0 0.999999079508162
0.00141754235423825 -0 0.999998995286332
0.00137888326259603 -0 0.999999049340022
0.00142020185692903 -0 0.999998991512834
0.00140798657038021 -0 0.999999008786418
0.00138095475289141 -0 0.999999046481531
0.00142998584634505 -0 0.999998977569717
0.00143589309681198 -0 0.999998969104976
0.999999117204594 -0 -0.00132875506867232
-0.999998964436278 0 0.00143914084468418
0.999999127013094 0 -0.00132135273455217
0.999999111464903 -0 -0.00133306766666661
0.0013557106384487 -0 0.99999908102391
0.00141676411936769 -0 0.999998996389211
0.00143273906303484 -0 0.999998973628862
0.999999118149171 -0 -0.00132804400513302
0.00136225584480771 -0 0.999999072129076
-0.999998969961826 0 0.00143529623669732
0.00141008739702497 0 0.999999005826272
-0.99999897489026 0 0.0014318583829429
0.00141545619583598 -0 0.999998998241377
0.00142105913763239 -0 0.999998990294954
0.00141056423321526 -0 0.999999005153777
0.00137644599603266 -0 0.999999052697761
0.00139418823900144 -0 0.999999028119105
0.00137401466661503 -0 0.999999056041402
0.00141439705134543 -0 0.99999899973999
0.00138705804725328 -0 0.999999038034524
0.00135725255650908 -0 0.999999078932325
0.00138862045426352 -0 0.999999035866152
0.99999904180513 -0 -0.00138433696076325
0.00135560237240106 -0 0.999999081170682
0.00140471844962953 -0 0.999999013382552
0.00142326823031579 -0 0.999998987153259
0.00142232608302245 -0 0.999998988493745
0.00137263363424213 -0 0.999999057938009
0.0013753692727518 0 0.999999054179235
0.00143042764158351 -0 0.999998976937858
0.00137396786774355 -0 0.999999056105704
0.00139166040164948 -0 0.999999031640194
0.999999043096698 -0 -0.00138340366091914
0.00137973763301954 -0 0.999999048161579
-0.999999063443954 -0 0.00136861653306007
0.00141441754040135 -0 0.99999899971101
0.00135075135492738 -0 0.999999087734972
0.00138151948254005 -0 0.999999045701504
0.00139206994995212 -0 0.999999031070158
0.00139373480221213 -0 0.999999028751179
0.00141972211035263 -0 0.999998992194057
0.00135037975790458 -0 0.999999088236839
0.00136350509526253 -0 0.999999070426495
0.00139341291447798 -0 0.999999029199754
0.00142076076576382 -0 0.999998990718914
0.00137827173407056 -0 0.999999050183062
-0.999999070390622 0 0.00136353140507541
0.0014219515756888 -0 0.999998989026347
0.00138385127697306 -0 0.999999042477363
-0.00138904176049604 0 0.999999035281028
-0.00143072321947776 0 0.999998976515011
-0.00140693033629648 0 0.999999010273025
-0.00137161837811943 0 0.99999905933107
-0.00137068798860389 0 0.999999060606778
-0.00142599211048347 0 0.999998983272734
-0.00142399081875382 0 0.99999898612456
-0.00143835667271662 0 0.999998965564506
-0.00140638027500886 0 0.999999011046772
-0.00140412741022561 0 0.999999014212622
0.999999018308471 0 0.00140120737054114
0.999998988177462 0 0.0014225484358376
-0.00145552262782162 0 0.999998940726379
-0.00144451572877862 0 0.99999895668661
-0.00144651993070826 0 0.999998953789498
0.999999054758598 -0 0.00137494796649539
0.999999062210192 0 0.00136951770233839
0.999999019550251 0 0.00140032086962915
-0.00145040540019876 0 0.999998948161534
-0.00147119326076892 0 0.999998917794609
-0.00138022913757303 0 0.99999904748331
-0.00146662315436812 0 0.999998924507683
-0.00139210510731065 0 0.999999031021216
-0.00144737418452265 0 0.999998952553436
0.999999053088384 -0 0.0013761621760138
0.99999905937514 0 0.00137158624755064
-0.00137803180254702 0 0.999999050513725
-0.00144309069183606 0 0.999998958744085
-0.00137108880580929 0 0.999999060057302
-0.00142897350078362 0 0.999998979016846
-0.00143744968283813 0 0.999998966868671
-0.00143022868820746 0 0.999998977222427
-0.00144219243310687 0 0.999998960039952
-0.00145080912766962 0 0.999998947575884
-0.00142834451008817 0 0.99999897991546
-0.00141353394986324 0 0.999999000960387
-0.00141799881780136 0 0.999998994639171
-0.00142343784709611 0 0.999998986911835
-0.00142414891044015 0 0.999998985899426
-0.00142018730504308 0 0.999998991533501
-0.00142786173673628 0 0.999998980604911
-0.00138727457933339 0 0.999999037734158
-0.00139369091372182 0 0.999999028812347
-0.00140044659792678 0 0.999999019374182
-0.00139086447164601 0 0.999999032747543
-0.00139872330533781 0 0.999999021786079
-0.00139620128878845 0 0.999999025310506
-0.00136291405579271 0 0.999999071232207
-0.00139675135009961 0 0.999999024542357
0.999999074550866 -0 0.00136047690562979
-0.00149426649338827 0 0.9999988835832
-0.00147608525473596 0 0.999998910585567
-0.00146765889925348 0 0.999998922988098
-0.00137308136673108 0 0.999999057323336
0.999999109591713 0 0.00133447209861718
0.999998963223284 -0 0.00143998345701809
0.999999037705734 -0 0.00138729506839042
-0.00140734873211948 0 0.999999009684283
-0.00140862440863923 0 0.999999007888145
-0.00134092359137342 0 0.999999100961557
-0.00147002876083301 0 0.999998919507137
-0.00142066414124134 0 0.99999899085619
-0.00140042610887088 0 0.999999019402876
-0.00141277029907335 0 0.999999002039543
-0.00139862970760445 0 0.999999021916992
-0.00141203013196611 0 0.999999003084956
-0.00139258497032944 0 0.99999903035308
-0.00139031452673641 0 0.999999033512291
-0.00141497633283481 0 0.999998998920488
-0.00140148234298355 0 0.999999017923139
-0.0013972047868832 0 0.999999023908915
-0.00139960980625574 0 0.999999020545715
-0.00140768819851288 0 0.999999009206477
-0.00141401963362189 0 0.999999000273738
-0.00141226121590909 0 0.999999002758632
-0.0014061608325689 0 0.999999011355368
-0.00142621446329514 0 0.999998982955635
-0.00141763304159248 0 0.999998995157775
-0.00142462283625322 0 0.999998985224372
-0.00143208667291814 0 0.999998974563355
-0.00142450292871524 0 0.999998985395188
-0.00142821284462866 0 0.999998980103515
-0.00142978107221448 0 0.99999897786252
-0.00143810801010878 0 0.999998965922141
-0.00143680311348862 0 0.999998967797874
-0.00143559472496238 0 0.999998969533362
-0.00144187066183496 0 0.999998960503957
-0.00144994311594565 0 0.999998948831928
-0.00145922381232776 0 0.999998935332366
-0.00138455640322327 0 0.999999041501324
-0.00139059531994613 0 0.999999033121861
-0.00136872188872449 0 0.999999063299757
-0.0014389155815079 0 0.999998964760439
-0.00138182658557251 0 0.999999045277188
-0.00147004342913175 0 0.999998919485575
-0.0014202984814517 0 0.999998991375603
-0.00138191436255745 0 0.999999045155892
-0.00136709510412882 0 0.999999065525051
-0.00142404646516478 0 0.999998986045318
-0.00142078125481919 0 0.999998990689804
-0.00145379051765016 0 0.999998943246007
-0.00141094165092184 0 0.999999004621333
-0.00147218802752939 0 0.999998916330619
-0.00145477652359332 0 0.999998941812073
-0.00137693167983775 0 0.999999052029125
-0.00137715705947468 0 0.999999051718767
-0.00139761736196873 0 0.999999023332378
-0.00142526358488228 0 0.999998984311341
-0.00138327199544253 0 0.999999043278836
-0.00145485847980763 0 0.999998941692842
-0.00138794163783702 0 0.999999036808541
-0.00141461067303631 0 0.999998999437821
0.999999055221129 0 0.00137461152684828
-0.00140747457682847 0 0.999999009507167
-0.00137906463732306 0 0.999999049089911
-0.00147180187874764 0 0.999998916899028
-0.00146778171715292 0 0.999998922807835
-0.00136438577550198 0 0.999999069225295
-0.00141637785410114 0 0.999998996936384
-0.00148471347362125 0 0.999998897812343
-0.00141839963495131 0 0.999998994070732
-0.00140363590572117 0 0.999999014902637
-0.00136856100305793 0 0.999999063519952
-0.00147126345905538 0 0.999998917691331
-0.00148134290831189 0 0.999998902810992
-0.00148810755472214 0 0.99999889276734
-0.00145564847251959 0 0.999998940543201
-0.00139975905040207 0 0.999999020336821
-0.00136530161309858 0 0.999999067975318
0.999999098814316 0 0.0013425239499119
0.999999002638774 -0 0.00141234608250573
0.999998963669818 0 0.00143967332725089
-0.00140415965720514 0 0.999999014167343
-0.00137104200693724 0 0.999999060121466
-0.00146514852465752 0 0.999998926669324
-0.00140593556937434 0 0.999999011672099
-0.00147469840204742 0 0.99999891263172
0.999999087734972 0 0.00135075135492738
-0.00148435654504151 0 0.999998898342217
-0.00142060570086749 0 0.999998990939212
0.999999071403556 0 0.00136278832748301
0.999999091031995 -0 0.00134830826747338
0.999999018177316 -0 0.00140130096827347
-0.00143142543525338 0 0.999998975510087
0.9999990587932 0 0.00137201046419048
-0.0013700590325453 0 0.999999061468683
-0.00147220269582799 0 0.999998916309024
0.99999909866896 -0 0.00134263221596527
-0.00137048030405689 0 0.999999060891427
-0.00135829121206684 0 0.999999077522066
-0.00136108843416352 0 0.999999073718708
-0.00134261766407638 0 0.999999098688498
-0.00134758556247902 0 0.999999092006164
-0.00141421567663444 0 0.99999899999651
-0.00137067332030069 0 0.999999060626883
-0.00147643345219886 0 0.999998910071537
-0.00138496315757568 0 0.999999040938066
-0.00137199882268007 0 0.999999058809172
-0.00146838742476403 0 0.999998921918604
0.999998946378407 -0 0.00145163427770013
-0.00137971714396187 0 0.999999048189848
-0.00137919921317949 0 0.999999048904313
-0.00144898047970771 0 0.999998950227234
-0.00140276989387395 0 0.999999016117828
-0.00142537476128849 0 0.999998984152879
-0.00142083096406146 0 0.999998990619176
0.999999041505353 -0 0.00138455349284581
-0.00137370744715755 0 0.99999905646348
0.999998935234175 -0 0.00145929110024104
-0.00148057340474059 0 0.999998903950596
-0.00140870927523717 0 0.999999007768597
-0.00146829371063249 0 0.999998922056209
-0.00138931964332985 0 0.999999034894999
-0.00138966784088111 0 0.99999903441118
-0.00138415849641764 0 0.99999904205217
-0.00137546007653175 0 0.999999054054342
-0.00147114064115783 0 0.999998917872021
-0.00145633601996164 0 0.999998939542136
-0.00145307957081217 0 0.999998944279323
-0.00142670608419685 0 0.999998982254357
-0.00140340470535469 0 0.999999015227132
-0.00147690155717905 0 0.999998909380301
-0.00137460279571556 0 0.999999055233131
-0.00140269375840558 0 0.999999016224626
-0.00234852680389234 0.0174241852557818 0.999845429148938
0.00153907965774875 0.028278052902529 0.999598911042749
-0.00327162200277254 -0.00510585996635629 0.9999816131727
0.000967575334077199 -0.013656620870122 0.999906275860084
0.00162538912788584 0.00271730667311982 0.999994987164749
0.000117213760852788 0.00118428990902837 0.999999291858922
0.00033985794278831 -0.0118004050094991 0.999930315041099
-0.0152944230368048 -0.0280882864647277 0.999488433543604
-0.0154971597257269 -0.00870562128238739 0.999842012619255
0.0097079493091623 -0.0154955443679076 0.999832807935883
0.0182316708451766 0.0283161998255915 0.999432738610073
-0.00892711251389962 0.0183767744962879 0.999791278628333
0.013661299395079 -0.0210177931102426 0.999685761262815
0.0184976577955076 0.0114494246665399 0.999763345662805
0.0204305693537326 -0.000667903700433922 0.999791051040431
0.0036313057219394 -0.0130299708189509 0.999908512554629
0.018486224677421 -0.0222547900352516 0.99958140429765
0.0255924167429999 -0.0100100277572012 0.999622342462168
-0.00639469698499032 0.0162860070210107 0.999846925196943
0.0233629489705655 0.00548071542274098 0.999712025722335
-0.00760897477772453 -0.0176948243636722 0.999814481138161
-0.0211278218973362 0.0134989309045221 0.999685647594437
0.00214413260993953 -0.00254967145020947 0.999994450920027
0.00740969979111157 -0.0182862963434536 0.999805334910274
-0.0194262207311475 0.0234903395616786 0.999535304976959
0.0053836915545289 0.00304716249358667 0.99998086514992
-0.0168240065487511 0.0159094728207144 0.999731884796226
8.24991976447008e-05 0.0011345767305724 0.999999352964553
0.000126877621394734 -0.00174489450775994 0.999998469621442
0.00381401241759973 0.0119330045408752 0.999921525276812
0.00729935288097663 -0.00431417342959635 0.999964053031477
-0.00767108863937518 -0.00369403609149464 0.99996375359132
-0.00747928922672387 0.0209672834079289 0.999752185923669
0.000116627399753924 0.00122207395519211 0.999999246466365
0.000147749702826303 -0.00154233420426418 0.999998799686894
0.0037195757048867 -0.000571899874731844 0.999992918818483
0.00467109465953746 -0.015765883259276 0.999864799760316
0.0014067692698193 0.0238205518293109 0.999715260617126
-0.00987794869412483 -0.00482298990583984 0.999939580623732
0.0113778562275968 0.0217343594704982 0.999699035713285
-0.0213884722398325 0.017174055267617 0.999623721747794
-0.00662434140333739 0.0030845718362663 0.999973301402372
0.00281666181582257 -0.0171556858225031 0.999848863008892
0.00703282318260823 0.000573194186243724 0.999975105113376
-0.0031685893638642 -0.00183714895685839 0.999993292440081
0.0179962706502435 0.006578704565262 0.999816410591928
0.00351418032590981 -0.000640900368603506 0.999993619871324
-0.00337416003219441 0.0151332768620658 0.999879792262797
0.0199567787650373 -0.0207009604426456 0.999586513123339
0.0247351679886544 -0.0125884917388497 0.999614776471574
0.0131141565469216 -0.00295649204564966 0.999909634943502
0.00976006919557895 0.0160049294464421 0.999824276201929
-0.033156974739092 -0.0116256877600533 0.999382538575823
-0.00235811542439017 0.0324917012003865 0.999469223460508
-0.00638423841027947 0.0062381212753672 0.999960162877939
0.0148439871273956 0.00763217765626755 0.999860693252007
0.0195865379678984 0.0203189683404539 0.999601674196283
-0.00889688555488185 -0.0182677125584433 0.999793546741179
0.0126150793355925 -0.00394099765743335 0.999912660341302
-0.0119344916229567 -0.00658104545883204 0.999907124562262
0.00175905420640179 -0.000692484478191468 0.999998213095177
-0.0175416809545501 -0.0219997912481676 0.999604070927248
0.00416142327406438 0.0265506673404946 0.999638807079892
0.0258814746379982 0.00621406401996334 0.999645704576836
-0.025697847143185 0.00903360396266605 0.999628938482501
-0.0026852178173735 -0.00229684100370215 0.999993757043851
-0.00441578668570182 -0.0251718941579757 0.999673384947527
0.000347341685093815 -0.0254534827196742 0.999675947280514
0.000159185704703991 -0.0192118292118892 0.999815423104807
-0.0209280826509882 -0.0251380520732788 0.999464903683223
0.00943107658972997 0.0135879207690648 0.999863202244953
-0.00190242614529241 -0.0304755029605115 0.999533703530834
0.0055692526323185 -0.0358974947010912 0.999339958822473
0.00769622090052351 0.00559240053518362 0.999954745596072
-0.0162179197283183 -0.0100616813485724 0.999817854235523
0.0179863969246649 -0.0121293817660193 0.99976465611845
0.0072552612813982 0.016077572140468 0.999844424327008
-0.0190343704358452 -0.00709092132965299 0.999793684505362
0.0168918686952061 0.0216878576255529 0.999622079389805
-0.00533743452564882 0.00757011862791641 0.999957101628187
0.0105689180635778 -0.00137382224257365 0.999943203678795
0.0109384447239557 0.0299309370703831 0.999492115743346
0.00776773937208208 -0.0144380323878668 0.999865593690379
0.0183014846005806 0.0231059796908632 0.999565490282623
0.0094775943221686 0.00301453074559337 0.999950542682111
-0.00989957269424264 -0.00401129364391328 0.999942952364671
0.00946538716067492 -0.0175075566014089 0.999801926337286
0.00980816045626634 0.00878761467222872 0.999913285148686
0.0108479129282627 -0.0263822007516261 0.999593068337612
-0.00785465994364285 -0.0281977293762631 0.99957150438335
0.00559105924977301 -0.0152032374738013 0.999868792205648
-0.0122005483530464 0.00744210125027278 0.999897875659742
0.0139725347420933 0.00518970432054909 0.99988891145064
-0.00433058415254491 -0.0102668615809835 0.99993791686993
0.00593324446856404 -0.00730130267466054 0.999955742815315
-0.00614460708002283 0.0221303127813163 0.999736211737893
0.0204043999375275 0.0135047163603261 0.999700596728449
-0.0118559466313073 0.0303637568191825 0.999468598206718
0.0134279680479419 0.0272858268289463 0.999537479701669
0.00119276808959992 0.03075278800566 0.999526309475725
-0.0137905268182191 0.0202174248762934 0.999700493698712
-0.00247128103120436 0.027069910778044 0.999630488080738
0.00415162461457747 -0.0146106558797617 0.999884639719914
-0.00507973127307672 0.0179070337423591 0.999826752228977
0.0076274272011167 0.0298184684381655 0.999526228417391
-0.00400832846590294 0.0263778216079782 0.999644008550107
-0.0298094508853785 -0.0156349166454806 0.999433312442306
-0.0115300252153973 -0.0287690994221881 0.99951958331839
0.0315655786562273 -0.00902598869649345 0.999460927586541
-0.012857891966187 -0.0251509340106578 0.999600972954998
-0.00820133458673097 0.00262971543765679 0.999962910666047
-0.0221394489200452 0.0114180514509553 0.999689688304616
0.0248327840570355 -0.0161947694735189 0.999560434529937
0.00592902500675089 0.0206832361076847 0.999768498406798
-0.0323555902715267 0.0113555393949996 0.999411910827177
-0.0141211548215114 0.0268133917159769 0.999540712032878
-0.0293457708908948 0.00385847613376086 0.999561872968724
0.0298295208803537 0.000928453210428041 0.999554569625233
-0.00406393730123449 -0.0138967413284851 0.9998951770031
-0.0107328923379351 0.00678454560098189 0.999919384232074
0.0239854417056847 -0.00957833353081249 0.999666421419143
-0.029278634559822 0.00965374538661183 0.999524670410052
0.0320074948417983 0.00806618405710338 0.999455080005454
-0.0208280809448925 -0.0176104594676605 0.999627962174674
0.0128251249859791 0.00248858343190096 0.999914657919163
-0.0120079003363777 0.00507172630492364 0.999915040351829
-0.00761307188304734 -0.00647436935660713 0.999950060591997
0.00812738495016855 -0.00348715198584043 0.999960891927729
-0.0108259544950818 0.0181912556748138 0.99977591335571
0.0232808243443674 0.0189165636088664 0.999549982161512
-0.0222460351551104 0.0219184208650956 0.999512229413256
0.0143038463836836 -0.0162972004972646 0.999764872974933
0.0243331326213311 0.0123167657739738 0.99962802878756
-0.0257803116603344 0.0160689153555713 0.999538476242907
0.00873661167068194 0.00429867104821203 0.999952595398269
-0.0060039974599824 0.00599310602009263 0.999964016699967
0.00880454866004212 -0.000124197459372804 0.999961231497444
0.000125463224341589 0.00125535302287393 0.999999204173567
0.0001257237495493 -0.00149554510649791 0.999998873768552
0.0146771454812694 0.0182321281546263 0.999726047926868
-0.0156368264991939 -0.0118254026306381 0.999807806285617
-0.0135517628279845 0.00256918671430076 0.99990486997708
0.0259100057730123 -0.0169436678558537 0.99952067698494
0.000107338555468694 0.00127785990608121 0.99999917777591
0.00324669400824151 -0.00120589396050881 0.999994002380901
0.000126919988338871 -0.00144566385406182 0.999998946973114
-0.00463108082794345 -0.0169257103397094 0.999846024855758
0.000139158375939826 -0.00151718534652796 0.999998839391112
0.000105898752272602 0.00121821928701481 0.999999252363332
0.00256141003913092 0.00101270625812111 0.999996206795129
-0.00921557934820597 0.0179356919545885 0.999796671354425
-0.00198221608522495 -0.0152547624779969 0.999881674520106
0.00640164761612463 -0.0192417382798909 0.999794366065226
-0.0092241420540264 -0.0138854791310184 0.999861044682044
0.00935795365325974 -0.00480056884650182 0.999944690091494
0.017926018938865 -0.00919917331686449 0.999796995922317
0.0138709573860154 0.0156452842860031 0.999781386914562
0.00949871713080314 0.00275165118043674 0.99995110019873
-0.00302717676976331 0.0267842786677065 0.999636653298115
-0.0171695051670929 0.0126862402705168 0.999772107732615
0.00411150410211748 -0.000973343882210001 0.999991074028016
-0.00367972480012573 0.00171050284347702 0.999991766868817
0.0202593169326803 0.0126025391724212 0.999715327522705
-0.0136799478031642 0.0151371365532118 0.999791841397534
0.0179356427848121 -0.0140896431342802 0.999739863501623
-0.013752410126764 -0.0215099200154627 0.99967404415471
0.0146246502519191 -0.018683392851248 0.999718485593107
0.0124072883067772 0.00967725561050039 0.999876197296806
-0.0135334945025391 -0.0148335136706773 0.999798385375137
-0.00756281486322509 -0.0074413474312938 0.999943713505791
0.0163742030879747 -0.0242186647807511 0.999572579530607
-0.017015114744669 -0.0217626514657347 0.999618363612537
-0.0110173629287614 -0.0280861402577957 0.999544789611509
0.0160263751411003 0.0256632070086582 0.999542172750038
0.0229991364159673 -0.0184173368226104 0.99956582646091
0.00592645152809072 0.0240704846744821 0.999692697252421
0.000141910362402517 -0.00145082233060268 0.999998937487443
-0.0315512413976563 0.0151929125722044 0.999386659193448
0.00753337127983495 -0.0111855004099996 0.999909062314038
-0.0307935294971157 -0.0245259713056548 0.999224817182112
0.0163925627373853 -0.024200676227767 0.999572714291972
-0.00656123628607255 0.00925785455201693 0.999935619081295
-0.0179967361749163 0.0146462320239927 0.999730766443921
0.00779429222085395 0.000392899763376179 0.999969546855579
-0.0279173103451068 0.00372206614982926 0.999603306320398
8.94871526457118e-05 0.00115277965851564 0.999999331545331
0.0236185545676098 -0.00564765308072253 0.99970509046159
0.00301169738446039 -0.0176341984895501 0.999839969556376
-0.0165998119265477 0.00511481477677836 0.999849131076185
0.000114410517207118 -0.00167420055176075 0.999998591980382
8.1156609978518e-05 0.00118999524348613 0.99999928866221
0.00174727752508177 -0.0013691246910628 0.99999753625638
-0.000106165386858849 -0.00186496605825052 0.999998255313734
0.0143393793593524 -0.00161180859241385 0.999895886716537
0.00946055376232685 -0.000559653256925247 0.999955091346978
-0.00220456799692692 -0.00280515566758337 0.99999363547056
-0.00825362066965566 -0.00227568585385965 0.999963348828214
-0.0225962908404186 0.00336035274867349 0.999739023780536
-0.0147109128868775 0.00416921113244576 0.999883096527073
0.0202511696598495 -0.00901637294684036 0.999754267380886
-0.0137395786695343 -0.00436048798798905 0.999896099663605
0.0148578503756447 0.00430151988974238 0.999880363447974
-0.00261090712421141 0.0146995608881876 0.999888546825937
0.00561022300065643 0.0170154648256948 0.99983948679508
0.0220703135732148 -0.0219736942270597 0.999514911354901
-0.015037006863597 0.0183715042170417 0.999718148408534
0.0155886747120751 -0.0134097975231019 0.999788562922736
0.00304116151433837 0.0122026139200943 0.999920920648309
0.0295083909438815 0.00131692086697514 0.999563665097593
0.000118678937682231 -0.00156488455096329 0.999998768525068
-0.000607810821390894 -0.01516072479641 0.99988488486908
0.00746130513539465 -0.0162954763958378 0.999839380288009
0.0101153328508534 0.00467587100903707 0.999937906207992
0.00855566765312467 0.0227758367779133 0.999703987093217
0.00985913516627542 -0.00383503914051348 0.999944043398711
-0.00868003690142987 -0.00824482746666593 0.999928337321948
-0.00225045927167149 -0.021686046348037 0.999762297162109
0.0142164909487561 0.0105831764485009 0.999842931545432
0.0231480937144532 0.023304089749398 0.999460396993467
-0.0148829465060325 0.00746344829141323 0.999861387814781
0.0202003169833273 -0.0200324867310192 0.999595241419818
-0.00684835586238556 0.0250073198517341 0.99966381047621
-0.00700291793663058 0.0171823908986263 0.999827847473444
-0.005689078386364 -0.0236291040497237 0.999704606285737
-0.0103723238115823 -0.012260249133104 0.999871042279924
0.0363074674763826 -0.00884514546845962 0.999301521667556
-0.00345010084933246 -0.0020008554377751 0.999992046659195
0.000125870374521648 -0.00153191187570173 0.999998818700629
9.04835730499518e-05 0.00122461884855718 0.999999246060415
0.016305902486515 0.00577250491302104 0.999850386673491
0.00379372358380793 0.000890174338426664 0.999992407596686
-0.0212472618981439 0.0207065748618358 0.999559798921167
0.0254667711450804 -0.00112435453234343 0.999675036896656
-0.0135106288408523 0.00616744388423395 0.999889706689823
0.0127291498753271 -0.00382122899084312 0.999911679575977
0.0108021892874542 -0.00160486074954409 0.999940366786226
-0.0170379433192115 0.0250038560938378 0.999542153022017
0.01540125926431 0.031411002660414 0.99938788772175
0.0157905434078057 -0.0024679861447472 0.999872275734894
0.0029656470217555 0.0193775735205335 0.999807838828141
-0.0188850780188147 -0.0290013064480125 0.999400959601566
-0.0218652606973587 0.014016150455099 0.999662672055457
-0.00688565702903091 0.00431243976277231 0.999966994750612
-0.0188714011495191 0.00668988985550353 0.999799537703622
-0.0204324906220549 -0.0119238425149045 0.999720128489299
-0.00091474701444695 -0.00180996502194317 0.999997943630145
-0.0181840197468611 0.0280760608353074 0.999440381530493
0.00825257122089031 0.000654661814995034 0.999965732655951
0.0395324481262864 0.0164947148945956 0.999082133723594
-0.0156877932491232 0.00511913101736225 0.999863834549785
-0.00814801322405984 -0.00220565924030737 0.999964371839225
0.0205701542323811 -0.00459166525006635 0.999777868011233
-0.0202988133798492 -0.00672600768970868 0.999771333353746
-0.00575356268807287 -0.00718912181772108 0.999957605623301
-0.0240056966538495 -0.0036406836231009 0.999705192519735
-0.00139124821812949 0.00164195219482619 0.999997684208011
8.87726749727091e-05 -0.00159328642525899 0.999998726778079
6.46991047071869e-05 0.00116224283204726 0.999999322502583
-0.00434770717748076 -0.0227328691920434 0.999732121170765
-0.0187243649619668 -0.0093465319700557 0.999780996267134
0.017729930301549 0.00247177843935565 0.999839757102531
0.0118178172470746 -0.0263730493890444 0.999582313499713
-0.0154816338300392 -0.00548186135259895 0.9998651250094
0.00122174176395316 -0.0156085855615494 0.999877432190481
-0.000569013053569619 0.026394669448881 0.999651438076707
0.0237923614758789 0.004605717256415 0.999706312325753
0.00802705096625626 0.0175195105196492 0.999814299359605
-0.00403339520651229 -0.014658727139635 0.999884420041514
0.0171271459813301 -0.00654164886497157 0.999831919724841
-0.00216164482144928 -0.0175348748460037 0.999843915546722
-0.0173708876969983 0.0322790515558033 0.999327931707743
0.018964093994305 -0.0299000001330884 0.999372979988461
0.0013789216717797 -0.0246772192339758 0.999694520053952
-0.00336541046211482 0.00498576230045977 0.999981907929691
0.00120528052915007 0.0136588046085724 0.999905987758605
0.00171592425478855 -0.00226710242414561 0.999995957917106
0.000180212401742889 -0.0018208077900846 0.99999832608984
-0.0156311187235078 0.00854948686026834 0.999841274604063
0.0100698065035888 0.0153150846326276 0.99983200947943
-0.00854824224413448 -0.0185981578859302 0.999790496092949
0.0140379117348907 0.0208057036957522 0.999684980245201
0.0184069878639877 -0.0115925472517387 0.999763369826076
0.0204824386740478 5.24187597684448e-05 0.999790211473506
0.00372131131915954 0.0132678817908307 0.999905053069965
0.0189017077241202 0.0220539295526724 0.999578085812408
0.025759688508637 0.00962443583847226 0.999621832836163
-0.00603585596512003 -0.0164727256381804 0.999846097033347
0.0237621999179623 -0.00575751891963964 0.999701059732833
-0.00888502012997794 0.0205626684981913 0.999749085061609
-0.0209151690485459 -0.0138691529284228 0.999685051554098
0.00215703035792598 0.00208561743257352 0.999995498699849
0.00768774501382868 0.0182035711459442 0.999804745224855
-0.0192058760749471 -0.0239437886845547 0.999528803640807
0.00520842876681655 -0.00320435380804162 0.99998130201842
-0.0164292901342178 -0.0163660867290278 0.999731078656087
0.000106319396266587 0.00146216589320155 0.999998925382966
0.000120906025385354 -0.00166276966206386 0.999998610288426
-0.00235491470893639 0.0297126358138491 0.999555708127219
0.007643480631098 0.0038742025617609 0.999963283205115
-0.00758535364410589 0.00351336424182584 0.999965058730453
-0.00711704559581693 -0.0211276881916215 0.999751453339111
0.000128810739374448 0.00134463356212181 0.999999087683772
0.00017216873123499 -0.0018040608191959 0.999998357859896
0.0036604700870256 0.000368595320182196 0.999993232525217
0.00628599551186242 -0.0391601509562745 0.999213174871862
0.00163820005319669 -0.0238172730458403 0.999714986286214
0.00455664773026041 0.0150484157455451 0.999876383431978
-0.00994316594344901 0.00460887581410779 0.999939944054017
0.0125899459946128 -0.0246835441885299 0.99961603423822
-0.00304529630119533 -0.0147001020734274 0.999887310235243
-0.0211565502991392 -0.0174958397449165 0.999623076950037
-0.00647667961498492 -0.00360502225588428 0.99997252784049
0.00301800592173691 0.0216993453577386 0.999759986222344
-0.00318553312781223 0.00165633736006601 0.999993554441848
0.0070869122717431 -0.00116781388353468 0.999974205609918
0.0179195981290829 -0.00678813168423928 0.999816387778841
0.00248118661652128 0.000781939596949509 0.999996616135995
0.0203436720877996 0.0203633474260316 0.999585648700296
0.0192399352398311 -0.0196811783706243 0.999621166297468
0.0249253813701999 0.0122551777125191 0.999614193568091
0.0132515529471891 0.00250498617689108 0.999909056559016
-0.000224520375106978 0.00199579940159872 0.999997983185641
0.0105751049481608 -0.0171982083191091 0.999796173620378
-0.0328994498296699 0.011460212670113 0.999392960614823
-0.0172002586762366 0.0218887987899771 0.999612440693393
-0.00605548431827793 -0.00667295872517297 0.999959400541604
0.0147941519493236 -0.00784806666971298 0.999859760625283
-0.00877112556741326 0.0183390646533691 0.999793351680196
-0.0120142668076322 0.00636095832109143 0.999907593531678
0.012782680168498 0.00347854594013693 0.99991224755268
-0.0109978558624302 0.0299081234709162 -0.999492146700952
-0.0255635950692897 -0.00946090223758104 0.999628427935093
0.0258075257108118 -0.00644979728739706 0.999646123251442
-0.00264982600783698 0.00213619702299411 0.999994207525427
0.00463611867032298 -0.0291908723769976 -0.999563104247823
0.0123494022660766 -0.0314911776070314 0.999427735254827
-0.00566492409748048 -0.02115115793067 0.999760239834112
0.000177405109947853 0.019213134895177 0.999815394947951
-0.0182978049329303 0.0226820050730962 -0.999575268291738
0.00954364672901495 -0.0135222273344748 0.999863024706398
0.00750221583531 -0.0279139161366139 -0.999582177734016
0.0107157948951381 0.0257587184043234 0.999610754326869
0.0170698481346794 -0.0218228759383436 0.999616117502333
-0.00227705669495636 -0.0344887544525576 0.999402491906599
-0.0163294878560598 0.00985957034822471 0.999818051796879
0.0183142674128868 0.011693016111273 0.999763902620689
0.000786402518255128 0.0250119667347593 0.999686842511763
0.00751032751014871 -0.0159843146212165 0.999844036171032
-0.0206639529229929 0.0249686339033968 0.999474646186983
-0.0191060249206831 0.00690336893077615 0.999793630360354
0.00876031331537917 -0.00659768666560043 0.999939861912345
-0.00485897658884075 -0.00800113898515789 0.999956185100852
0.0106704844517584 0.000902720647120547 0.999942661284635
-0.00483794390762992 0.0313506933668462 -0.999496737525523
0.00794518582058331 0.0143682716011333 0.999865204311797
0.0209536564483101 -0.0139438805233011 0.999683206059499
0.00935102797709795 -0.00325710986496311 0.999950973553753
-0.00995920714872947 0.00373481209191133 0.999943431085782
0.00982527793355195 0.0173511546347432 0.999801180908669
0.00975990339157442 -0.00883045851799713 0.999913379892553
0.00593398753626276 0.0358468475365889 0.999339677643997
0.00158594228159506 -0.0299385620885976 -0.999550482610632
-0.00355417512722416 0.0215539016983528 0.999761370108259
0.00584839516580974 0.0153529556374398 0.999865032405464
0.0138528680074635 -0.00540549128388773 0.99988943324347
-0.0119659794491724 -0.00786464517707436 0.999897476090454
-0.00433141691152524 0.0102663548207594 0.999937918466058
0.00648757709660156 0.00696327093009379 0.999954711075142
0.0127486019157727 -0.0256269500065767 -0.999590282357003
-0.0134507496004005 0.0269229956212265 -0.99954701222202
-0.00153681969500669 0.0307844304821086 -0.999524865636227
-0.011757983533949 -0.0306877815165171 0.999459859068292
-0.0134109637490407 -0.0205134084594692 0.999699627950664
0.0119821174257399 -0.0311706778275171 -0.999442253312201
-0.00238564795472309 -0.0270840101707448 0.99963031420466
0.00425631845313346 0.0146007585557111 0.99988434411327
-0.00487618872632252 -0.0183705205178308 0.999819357063769
-0.00778652194674479 0.0297776216035443 -0.99952621942979
-0.00406241747022813 -0.0262861916078857 0.999646203861672
-0.0297563332481796 0.0155635486234329 0.999436009250152
0.0317054988722488 0.00858191663331175 0.999460410445637
-0.00812426730417015 -0.00303652935748594 0.999962387177754
-0.0219760272651761 -0.011776567051105 0.99968913502855
0.0250677193573387 0.0158697435590961 0.999559783447489
-0.0322139040210524 -0.0117962414252375 0.999411383303172
-0.0140073898249244 -0.0273479494399775 0.999527829873546
-0.0292982394644611 -0.00443072345160615 0.999560894520178
0.0297996713847078 -0.00128822712792392 0.999555061042777
-0.00384225098689242 0.013984057580517 0.999894836090745
-0.010495012499286 -0.00723974705145989 0.999918717084179
0.0241440003773033 0.00922863493422736 0.999665893958092
0.0320123146077311 -0.00805134663991767 0.999455045277545
-0.0291413018871535 -0.010076396108551 0.999524512338635
-0.0208183690648104 0.0175835089183858 0.999628638907269
0.0127349625332434 -0.00273197953268808 0.999915174910907
-0.0118281654204179 -0.00555705332694082 0.999914603184246
0.0084162391852076 0.00295622986049428 0.999960213019993
-0.00771485895889222 0.00628680982309979 0.999950477260495
-0.0104323235969633 -0.018466427863829 0.999775053532703
0.0229930831059494 -0.018667091126268 0.999561332704585
-0.0219763241824211 -0.0222179350903208 0.999511582992289
0.0147061847853732 0.0159912502876267 0.999763976168024
0.0242402630790235 -0.0122961118570824 0.999630539388957
-0.0255970066281979 -0.0163863820751488 0.999538033160401
-0.00565046354438463 -0.00643855432018966 0.999963307966847
0.00864053420421794 -0.00441994594042833 0.999952901514141
0.00876175064188101 -0.000101499440514473 0.99996160997488
0.000113509815814622 0.00135025442837647 0.999999081963829
0.00018577141205807 -0.00185878136732496 0.999998255208883
0.0173590056147628 -0.0222052190736158 0.999602717668354
-0.0153763359324852 0.0114390266131549 0.999816341616517
-0.0134981797327123 -0.00315024347450605 0.999903932940537
0.0261714940444022 0.016583552098019 0.999519904103613
0.000155731014764366 -0.00185396961074964 0.999998269270769
0.00315840359854089 0.00109097722077656 0.999994417112122
0.000115733195861572 0.00131961695030067 0.999999122608081
-0.00471273991344849 0.0179181886905111 0.999828349566344
0.000155730881541145 -0.00179146929879669 0.999998383191515
0.000121397097657576 0.0013235415865786 0.999999116749817
0.00261060255781009 -0.00158811701258364 0.999995331308421
-0.00881407426441478 -0.0181847757336665 0.999795792162768
0.00658959826530315 0.0192001799573738 0.999793943912598
-0.00167608318494192 0.01532277372611 0.999881194617888
-0.00915983858382487 0.0139352786041828 0.999860943015249
0.00969141832640335 0.00429908206994294 0.99994379557262
0.018224579317536 0.00869396384830465 0.999796119066934
0.0139052743338557 -0.0156182146314674 0.999781333451183
0.00763192099236753 -0.00196268205998857 0.999968950348508
-0.00264827178613307 -0.0245731367560344 0.999694527146426
-0.0168655930786892 -0.0131513497497919 0.999771270726391
-0.0103471002400452 0.0277557709372845 0.999561181067122
0.00405059415471193 0.000694156737164409 0.999991555381053
-0.00357321505460474 -0.00219901956529302 0.999991198184827
-0.0135112280346673 0.021706588171387 0.999673081935766
0.0211310896599072 -0.0133519968550566 0.999687551802946
-0.0133760243263397 -0.0154521344834372 0.999791134944258
0.0182566235035028 0.0137256075090816 0.999739117668584
0.0150273278635646 0.0184082524733223 0.999717617959271
0.0124357867059772 -0.00964681518358598 0.999876137411938
-0.0138074418424853 0.0151702329740846 0.999789587153856
-0.00614735535447474 0.00625497333956208 0.999961541925822
-0.0165442656742596 0.0261625544644711 -0.999520789187095
0.0167205580766665 0.0239875258337565 0.999572419358387
-0.0170395569003916 0.021741493801153 0.999618407667612
0.0233213521198983 0.0180959018461768 0.999564231488739
0.00625414423994136 -0.0240107733159367 0.999692136832433
0.000131619408923869 0.00134717493065615 0.999999083897599
-0.0313722748460783 -0.0155920415375297 0.999386145897407
0.00772714398943669 0.0107095769896427 0.999912794300818
-0.0309066887385317 0.0243878501960337 0.999224704135179
0.0168906199551533 0.0245248167262776 0.999556521824591
-0.00617410575596857 -0.0096057419855076 0.999934802944183
-0.0177340339609027 -0.0150147158020082 0.999729994723005
0.00775309259630354 -0.000566300990822227 0.999969783972686
-0.0278533426030991 -0.00433049903279174 0.999602640094533
0.000135900090695763 -0.00175067432042173 0.999998458334106
0.0237861305361597 0.00508632273091907 0.999704130888331
-0.0110546954006257 0.0130203961305395 0.99985412085674
0.00315569577907076 0.0176238557625415 0.999839707799311
-0.0164549720489181 -0.00572988285486626 0.999848189645478
9.76004583111779e-05 0.00142821433855479 0.999998975338452
0.000114599311898834 -0.00168036388043431 0.999998581621108
0.0017406339099824 0.00122261863571275 0.999997737696073
0.00176596697740535 0.000794033805213898 0.999998125433719
0.0144134297863582 0.00121342490868173 0.999895384848727
0.00941687786614378 0.000453158313687847 0.999955557541833
-0.00134947314742208 0.00222777811007645 0.999996607957705
-0.00827523858491866 0.00209149414867 0.999963572375809
-0.0225389184669722 -0.00398369674366122 0.999738029342984
-0.0145995854585082 -0.00461452562535455 0.999882772257675
0.0205175114855932 0.00850080429804066 0.999753353607141
-0.0137801619585131 0.00414237437109622 0.999896468576106
0.0147736103107222 -0.00444432780899659 0.999880987112323
-0.0023540113221988 -0.0147858556964658 0.999887912269179
0.00628447200161245 -0.0188861005604908 0.99980189068499
0.0225466475483819 0.0218088096081033 0.999507891168352
-0.0146670800823813 -0.0187145638136465 0.999717280966535
0.0159165134760076 0.0130764963793707 0.999787812408817
0.00337810708466655 -0.0121565823289312 0.999920399781205
0.0295080281027115 -0.00132037480689658 0.999563671252542
0.000111026126570238 0.00146397561029966 0.999998922223725
-0.000818925606622211 0.0192599516703948 0.999814174545703
0.00776630505899562 0.0161931407670501 0.999838720343351
0.010037318967034 -0.00484927339209146 0.999937866457473
0.00870290989494511 -0.0222190631568134 0.999715245753407
0.0100971835543744 0.00336824919005561 0.99994334928618
-0.00194480084931076 0.0217397975299758 0.999761771100002
-0.0104667117000056 0.00938790125593438 0.999901152742709
0.0141303618372127 -0.0106871717072509 0.999843046300393
-0.0146685723265255 -0.00796025212460543 0.999860723987103
0.0205682476595584 0.0196965452480425 0.999594414396913
-0.00656416297392483 -0.0251072986760419 0.999663210945388
0.0233109461199283 -0.0234284231933613 0.999453705169813
-0.00667133282256965 -0.0174133850770524 0.999826118551886
-0.00577749984697281 0.025189508922233 0.999665998789483
0.0364518240547112 0.00831383561956268 0.999300827909381
-0.00346971778458811 0.00172589689127328 0.999992491141017
-0.00864752122433348 0.0341876039999504 -0.999378020625537
0.00011256657301029 0.0013701063477306 0.999999055068235
0.000135564422387548 -0.00183475012373692 0.999998307655703
0.015652520113615 -0.00562753029609625 0.999861655188786
0.00382823698291849 -0.00137435919987371 0.999991727834982
-0.0209391013380625 -0.0210940296264411 0.999558200381185
0.0255230797381116 0.000487597974564431 0.999674114223679
-0.013321899884814 -0.00666907304179718 0.999889019065727
0.01291995429844 0.00332564957703073 0.999911003457716
0.00912689014988003 -0.0320614660256252 -0.999444226694256
0.0109359041417478 0.0010933542599082 0.999939603464662
-0.016684411504262 -0.0253709181182129 0.999538867141541
0.0159309919806768 0.00186463673092336 0.999871355037424
0.00264150716919333 -0.0103155540143137 0.999943304285425
-0.017182954707437 0.0357972576043101 -0.999211340215639
-0.0215865920533094 -0.014500411295889 0.999661821375496
-0.00664993689266497 -0.00481250073211796 0.999966308520456
-0.0203562733865085 0.031328061580542 0.999301843634555
-0.0187298190008756 -0.00717321216163576 0.999798849222922
-0.0205165927575144 0.0116898328611881 0.999721169741493
-0.00095988273067608 0.00163774180078785 0.999998198211845
-0.0179427283289905 -0.0282951716866078 0.99943856327407
0.00828311700663095 -0.00114038237536221 0.99996504413939
0.0393659171599931 -0.0164695035982656 0.999089125162205
-0.0155665480288284 -0.00561067886215643 0.999863092060694
-0.00816347499739501 0.00196058716194052 0.999964756265913
0.0206835010627033 0.00412874453552777 0.999777548383814
-0.020305768322405 0.00669697393478807 0.999771387024531
-0.00583728615515316 0.00711332030178476 0.999957662486081
-0.023878999715974 0.00353410701216777 0.999708609275819
-0.00126856842316338 -0.00216532355893045 0.999996851049063
7.68519056249732e-05 0.00137933320163212 0.999999045766396
9.74729497753657e-05 -0.00175098616445518 0.999998462272056
-0.0187500179351888 0.00920714159811412 0.999781808881829
0.0176689326411285 -0.00247930195915147 0.999840818271148
0.0122098880095686 0.0266127924761569 0.999571247041158
-0.0155130334269734 0.00531315833234452 0.999865549032683
0.00180849044116844 0.0101092651689364 0.999947264669527
-0.000593459841769909 -0.033036444105386 0.999453971509588
0.0237671343828407 -0.00473751022148087 0.9997062965292
0.0173495350528394 0.00604007546105989 0.999831241321192
-0.00104113073908951 -0.999999458023245 0
-0.00103878718479052 -0.999999460460447 0
-0.00104020325922966 -0.999999458988443 0
-0.999999498348886 0.00100164962775284 0
-0.999999481442412 0.001018388387169 0
0.999999471875861 -0.00102773926610012 -0
-0.00104461248472244 -0.99999945439223 0
0.999999475106453 -0.00102459104983581 -0
-0.999999479079871 0.00102070563164183 0
0.9999994796173 -0.00102017896929738 0
0.999999480894064 -0.00101892669103594 -0
0.99999944560053 -0.00105299507705145 -0
0.00105936461772875 0.999999438873146 -0
0.00105961619095058 0.999999438606606 -0
-0.999999475433104 0.00102427218860022 0
0.999999451392771 -0.0010474799073462 -0
-0.00103369623182071 -0.999999465735907 0
-0.999999475175393 0.00102452376184965 0
-0.00103797961257593 -0.999999461299017 0
-0.999999476400655 0.00102332712999653 -0
-0.999999473017968 0.00102662738452463 0
0.00107572013635212 0.999999421412927 -0
-0.00104283948131707 -0.99999945624276 0
-0.00104208173481601 -0.999999457032682 0
0.999999472792658 -0.00102684682717699 -0
0.999999438020515 -0.0010601691630941 -0
0.999999464343774 -0.00103504210791836 -0
0.999999443210255 -0.00105526261212691 0
0.999999444256434 -0.00105427075470808 0
0.00105371778255421 0.999999444839263 -0
0.999999457386376 -0.00104174226810823 -0
0.00105276387648272 0.999999445843957 -0
0.999999440799448 -0.00105754469908471 -0
0.999999455708701 -0.00104335147534151 -0
0.999999472483122 -0.00102714822613004 -0
0.999999455244618 -0.00104379618138299 0
-0.00104482319622301 -0.999999454172095 0
-0.0010446594000455 -0.99999945434322 0
-0.00103815819348676 -0.999999461113638 0
-0.00103952746902005 -0.999999459691175 0
-0.00104005110456932 -0.999999459146704 0
-0.00102479000341419 -0.999999474902587 0
-0.00103789777269303 -0.999999461383962 0
0.00105253861308856 0.99999944608108 -0
-0.999999466561228 0.00103289750714838 -0
0.999999456013893 -0.00104305892395839 -0
0.999999490446078 -0.00100950858512576 -0
-0.00104616616189412 -0.999999452768031 0
-0.999999450914652 0.00104793625490117 -0
0.999999477513937 -0.00102223864786151 -0
-0.00102132583626291 -0.999999478446632 0
0.00107912569397938 0.999999417743699 -0
-0.999999492243286 0.00100772673407927 0
-0.00103272486340974 -0.999999466739536 0
0.00107890916172987 0.999999417977341 -0
-0.00102794695081656 -0.999999471662394 0
-0.999999497615975 0.00100238106446707 0
0.999999469829157 -0.00102972880185914 -0
-0.00103102205830355 -0.999999468496616 0
-0.00103132043045756 -0.999999468188943 0
-0.00103288574921339 -0.999999466573372 0
-0.00103446864665644 -0.999999464937166 0
-0.999999444586537 0.00105395759784632 0
-0.999999457922642 0.00104122736370134 0
-0.00104846873799127 -0.999999450356502 0
-0.00103312277055639 -0.999999466328528 0
-0.999999471704516 0.00102790597266624 0
-0.999999461028671 0.00103824003336958 0
-0.00103734771089067 -0.999999461954719 0
-0.00103719555622898 -0.999999462112544 0
-0.00103789777269303 -0.999999461383962 0
-0.00103725108627767 -0.999999462054947 0
-0.00103357632416707 -0.999999465859848 0
-0.00104038766089901 -0.999999458796611 0
-0.00104422924590446 -0.999999454792492 0
0.999999461147115 -0.00103812594647744 -0
0.999999453071002 -0.00104587652089341 -0
0.999999459517865 -0.00103969417558007 -0
0.0010589462215417 0.999999439316293 -0
0.999999439793398 -0.00105849557834685 -0
0.99999944543417 -0.00105315305246513 -0
0.999999435427441 -0.00106261225222014 -0
0.999999430401333 -0.00106733172386971 -0
0.99999944204873 -0.00105636273566879 -0
0.999999439526954 -0.00105874726798456 -0
-0.0010419354009163 -0.999999457185163 0
-0.999999478527304 0.00102124684588484 0
0.999999441572708 -0.00105681326245151 0
0.999999433862489 -0.00106408397301203 -0
-0.00103515328443167 -0.999999464228695 0
-0.00102490409031104 -0.999999474785665 0
-0.0010202783878744 -0.99999947951587 0
0.0010852465716662 0.999999411119766 -0
0.001094746749151 0.999999400764598 -0
-0.00102029305618904 -0.999999479500904 0
0.00107106213204667 0.99999942641279 -0
0.999999478440687 -0.00102133165702302 0
0.999999462233887 -0.00103707855895656 0
-0.999999483255442 0.0010166065361706 0
0.999999472537168 -0.00102709560645962 0
-0.00101567311912079 -0.999999484203924 0
0.00107980742131877 0.999999417007796 -0
-0.999999479211284 0.00102057687643568 0
-0.999999487266035 0.00101265377455237 0
0.99999946881032 -0.00103071774897413 -0
-0.999999476918509 0.0010228209567004 0
0.00106863662167954 0.999999429007723 -0
-0.0010343340706882 -0.999999465076372 0
-0.00103137607692246 -0.999999468131552 0
0.00105159646494783 0.999999447072285 -0
0.00107880974315935 0.9999994180846 -0
-0.999999459161838 0.0010400365526699 0
0.999999474056639 -0.00102561515435704 -0
0.999999438696529 -0.00105953132427836 -0
-0.999999481227922 0.00101859898225892 0
0.00105111369114968 0.999999447579852 -0
0.999999443099194 -0.00105536785145849 -0
0.999999479058958 -0.00102072612071622 -0
0.999999441040726 -0.00105731652531423 -0
-0.00104395718359628 -0.999999455076551 0
0.00105939383794101 0.999999438842191 -0
0.999999437853022 -0.00106032713850419 -0
0.999999479936608 -0.00101986592883627 -0
-0.00102402934649069 -0.999999475681811 0
0.999999493516291 -0.00100646269783519 -0
0.999999482934194 -0.00101692248701474 -0
-0.999999479772513 0.0010200268146367 0
0.999999478736408 -0.00102104207155639 -0
-0.00101779152645737 -0.99999948205007 0
-0.00103594036757871 -0.999999463413633 0
0.00105256201254192 0.999999446056452 -0
0.999999481701662 -0.00101813378713474 -0
-0.999999474056639 0.00102561515435704 0
0.999999465273108 -0.0010341438482555 -0
-0.999999478864893 0.00102091622673026 -0
0.00105980932374776 0.999999438401941 -0
-0.00102300524196447 -0.999999476730001 0
-0.00102998922265946 -0.99999946956096 0
-0.00104538198915204 -0.999999453588099 0
0.999999483651005 -0.00101621736016724 -0
-0.0010342930925387 -0.999999465118756 0
-0.00103397132093272 -0.999999465451511 0
-0.0010344160269872 -0.999999464991598 0
-0.999999487920578 0.00101200720454056 0
0.999999489024362 -0.00101091592846805 -0
-0.999999481606362 0.00101822738495257 0
-0.999999493713582 0.00100626665463757 -0
0.00108802027986462 0.99999940810576 -0
0.00108949200062353 0.999999406503414 -0
-0.0010348081133719 -0.999999464585941 0
-0.999999495819408 0.0010041717630976 0
-0.999999505322898 0.000994662736492916 0
0.00105962201170999 0.999999438600438 -0
0.00105765005483071 0.999999440688024 -0
0.00105687764005115 0.999999441504671 -0
0.00105399566561355 0.999999444546414 -0
-0.999999469012366 0.00103052170577936 0
-0.999999454761979 0.00104425846611812 0
0.999999451582864 -0.00104729841606076 -0
0.999999472762533 -0.00102687616380742 -0
0.00108746137056333 0.999999408713709 -0
-0.999999509609064 0.000990344198036249 0
-0.00102096896281374 -0.999999478811053 0
0.00106254496424199 0.99999943549894 -0
-0.99999948806854 0.00101186098705122 0
-0.999999463477308 0.00103587890035476 -0
0.00106008720680173 0.999999438107399 -0
-0.99999947769338 0.00102206309373715 0
0.00109305558579833 0.999999402614565 -0
-0.999999496944068 0.00100305115036843 0
-0.999999495019957 0.00100496757741243 0
0.9999994558338 -0.00104323156769148 -0
0.00107968157650094 0.999999417143677 -0
0.0010537118453795 0.999999444845519 -0
0.999999451040301 -0.00104781634725286 -0
-0.999999472317855 0.00102730911193646 0
-0.999999463298455 0.00103605154409171 0
0.00105347482405178 0.999999445095244 -0
0.00106193937243797 0.999999436142226 -0
0.999999447656695 -0.00105104058240951 0
-0.00102397952078459 -0.999999475732833 0
0.999999475379206 -0.0010243248082711 -0
0.999999447853427 -0.00105085338678173 -0
-0.00103572092493253 -0.999999463640939 0
-0.00102296717419357 -0.999999476768943 0
0.999999472245618 -0.00102737942671724 -0
-0.00134959267536164 0.999999089299391 0
-0.00137035154895087 0.999999061067875 0
-0.0013801560288901 0.999999047584214 0
-0.00139852435194684 0.99999902206434 -0
-0.00139199393089543 0.999999031175979 0
-0.999999171637566 -0.00128713798097718 0
-0.00139826684176473 0.999999022424442 0
-0.99999917314714 -0.00128596463288259 0
-0.00143307561903473 0.999998973146608 -0
-0.999999176834019 -0.00128309441783172 0
-0.999999174542408 -0.00128487917820637 0
-0.999999130381081 -0.001318801380899 0
-0.0014929293500416 0.999998885580357 0
-0.00148970220820876 0.99999889039305 0
0.999998917329735 0.00147150921126535 -0
-0.999999147929468 -0.00130542726285987 0
-0.00133757060329717 0.999999105452041 0
0.999998961216886 0.0014413761305884 -0
-0.001402377691438 0.999999016667922 -0
-0.00142545089675407 0.999998984044354 0
-0.00145896339180507 0.999998935712344 0
-0.00147992101472134 0.999998904916296 0
-0.00139386355730566 0.99999902857172 0
-0.00138612765779716 0.999999039324597 0
-0.00130587196862319 0.999999147348837 0
-0.00133292435965928 0.999999111655931 0
-0.00134248599858565 0.999999098865266 0
-0.00134854528863408 0.999999090712389 0
-0.00132761978844294 0.99999911871246 0
-0.00144148439660998 0.999998961060827 0
-0.00141753059631427 0.999998995303 0
-0.00143424593984272 0.999998971468763 0
-0.00139874670477114 0.99999902175335 -0
-0.00131975516993653 0.999999129122767 0
-0.00128092350845073 0.999999179617146 -0
-0.00134769673890789 0.999999091856338 0
-0.00138607783213549 0.99999903939366 0
-0.001369906878012 0.999999061677133 0
-0.00133647048047223 0.999999106922929 -0
-0.00133027056066862 0.999999115189726 0
-0.00137305203012496 0.999999057363617 0
-0.00138251715994126 0.999999044322695 0
-0.00132453016865596 0.999999122809532 0
-0.00149393587462665 0.999998884077179 0
0.999998856361239 0.00151237436280835 -0
-0.999999118821264 -0.00132753783219976 0
-0.999999156744761 -0.00129865690855563 0
0.999998973733605 0.00143266595436375 -0
-0.00141763886234692 0.999998995149523 -0
0.999998866546788 0.00150562450144439 -0
-0.999999145934434 -0.00130695462924793 0
0.00131341194308063 -0.999999137474162 0
-0.00142706010246807 0.999998981749214 0
-0.00150996934418938 0.99999885999564 0
-0.00142301945127676 0.999998987507308 0
-0.999999095244088 -0.0013451806591498 0
-0.00139700583349097 0.999999024186874 0
-0.00128798059368436 0.999999170552651 0
-0.00132478476850712 0.999999122472274 0
-0.00130854916715107 0.999999143849172 0
-0.00144328964520109 0.999998958456958 0
-0.0013115305583559 0.999999139943427 0
-0.00132624469306389 0.99999912053712 0
-0.00130431840882623 0.999999149376382 0
-0.00132252887644702 0.999999125458303 0
-0.0014449575239894 0.999998956048332 -0
-0.00140079188508457 0.999999018890566 0
-0.00131864340558754 0.999999130589406 0
-0.00140306826574746 0.999999015699236 0
-0.0013844423164271 0.999999041659277 -0
-0.00133466232091492 0.999999109337848 0
-0.00134958394422856 0.999999089311174 0
-0.00135550865824151 0.999999081297717 0
-0.0013692924391229 0.999999062518669 0
-0.00137570582881296 0.999999053716289 0
-0.00137918757166942 0.999999048920369 0
-0.00135006369088756 0.9999990886636 0
-0.00135538584030564 0.99999908146419 0
-0.0014320837625411 0.999998974567523 -0
-0.001355497016731 0.999999081313497 0
-0.00141004641891482 0.999999005884054 0
-0.00137831562256369 0.999999050122571 0
-0.00137937767752877 0.999999048658159 0
-0.0013397561806283 0.999999102526286 0
-0.00136494759477799 0.999999068458598 0
-0.00137300523125329 0.999999057427873 0
-0.00141394652494495 0.999999000377113 0
-0.999999130485324 -0.00131872233503572 0
-0.00139084700938176 0.99999903277183 0
-0.00134986182709085 0.999999088936109 0
-0.999999117126939 -0.00132881350906134 0
-0.999999137965975 -0.00131303743564659 0
-0.0014406856727657 0.999998962211858 0
-0.0014806408090626 0.999998903850797 0
-0.999999127206442 -0.00132120640075372 0
-0.00145926188005725 0.999998935276816 0
-0.999999177340759 -0.00128269942129029 0
-0.999999168727772 -0.00128939666731317 0
-0.00140196511636072 0.999999017246423 0
-0.999999172977814 -0.00128609629839481 0
-0.999999140806628 -0.00131087223085936 0
-0.00144151070641737 0.999998961022902 0
-0.00137977267396477 0.999999048113231 0
-0.00140182763013983 0.999999017439165 0
-0.999999153808798 -0.00130091571120574 0
0.999998909548789 0.00147678747041451 -0
-0.00142351398256233 0.999998986803457 -0
-0.00136073441583683 0.999999074200496 0
-0.00133336324464493 0.999999111070834 0
-0.00148630230637898 0.999998895452117 0
-0.00144012094322481 0.999998963025297 -0
-0.00147817432309021 0.999998907499739 0
-0.999999157979176 -0.00129770602981721 0
-0.00138280971108508 0.999999043918195 0
-0.00139294480938535 0.999999029851908 -0
-0.00147267662157035 0.999998915611196 -0
-0.00137208659966858 0.999999058688739 0
-0.999999186923986 -0.00127520640164008 0
-0.999999025686422 -0.00139593202067948 0
-0.00141519880207201 0.999998998605674 -0
-0.00149911166093943 0.999998876331483 0
-0.00139338078391209 0.999999029244524 0
0.00131907646981621 -0.999999130018255 0
-0.999999152285623 -0.00130208603243903 0
0.999998877252407 0.00149849722224542 -0
-0.999999143795549 -0.00130859014527329 0
-0.999999148452626 -0.00130502644559661 0
-0.0013942614640952 0.999999028017013 0
-0.999999180737342 -0.0012800486888472 0
0.999998895204154 0.00148646912916128 -0
-0.00150978505915641 0.999998860273888 0
-0.999999169614058 -0.00128870911956243 0
-0.99999915281517 -0.00130167927799926 0
-0.999999157382937 -0.00129816540389966 0
-0.00150458584629616 0.999998868110075 0
-0.999999133299509 -0.00131658658332147 0
-0.999999170462235 -0.00128805079200731 0
0.00130999748765443 -0.999999141952923 -0
-0.999999114621285 -0.00133069780414726 0
-0.00140274649444101 0.999999016150652 -0
-0.00141384407966514 0.99999900052196 0
0.999998955033581 0.00144565962330681 -0
-0.00139386053051323 0.999999028575939 -0
-0.00140741904683201 0.999999009585323 0
-0.00135838189943263 0.999999077398882 0
-0.00141469553963716 0.999998999317764 -0
-0.00140317362140306 0.999999015551409 0
-0.00147335543783089 0.999998914611288 -0
-0.00151245049825381 0.999998856246091 0
-0.00135215275998514 0.999999085841039 0
0.999999017250504 0.00140196220598348 -0
-0.00139626263954216 0.999999025224846 -0
-0.00148053836380634 0.999998904002476 0
-0.00145530900615563 0.999998941037288 0
-0.00151203792330129 0.999998856870006 0
-0.00149318977052512 0.999998885191533 0
0.99999887782243 0.00149811677782394 -0
0.999998883180979 0.00149453564499949 -0
-0.999999088920237 -0.00134987358501673 0
-0.999999152662718 -0.00130179639161307 0
-0.00150186476070539 0.999998872200484 0
0.999999027029573 0.00139496950069213 -0
-0.00131703419944317 0.999999132710083 0
-0.00151889314008986 0.999998846481149 0
-0.00140013355774857 0.99999901981253 0
0.999998867546526 0.00150496035353858 -0
-0.00146871210639462 0.999998921441793 -0
-0.00140696549365281 0.99999901022356 0
-0.00149082572994229 0.999998888718704 0
-0.00140288107028414 0.999999015961867 0
-0.0014052743316754 0.999999012601539 0
-0.999999054227428 -0.00137533423180593 0
-0.00149320443882235 0.999998885169631 0
-0.00148955296410282 0.999998890615368 -0
-0.999999078896615 -0.00135727886632264 0
0.999998901141551 0.00148246945687893 -0
0.999998897586426 0.00148486562810697 -0
-0.0014899479603986 0.999998890026922 0
-0.00149436300147036 0.999998883438986 0
-0.999999058427879 -0.0013722767055335 0
-0.999999141604112 -0.00131026372903213 0
-0.999999154661227 -0.00130026029405992 0
-0.999999050134605 -0.0013783068914311 0
-0.999999104825807 -0.00133803870846808 0
-0.00132737985688437 0.99999911903097 0
-0.999999148987014 -0.00130461689719859 0
